Workbook
Name BANQUE: #REF!
Name BANQUE: #REF!
Name BANQUE: #REF!
Name BANQUE: #REF!
Name BANQUE: #REF!
Name BANQUE: #REF!
Name BANQUE: #REF!
Name BANQUE: #REF!
Name BANQUE: #REF!
Name BANQUE: #REF!
Name BANQUE: #REF!
Name BANQUE: #REF!
Name BANQUE: #REF!
Name BANQUE: #REF!
Name BANQUE: #REF!
Name BANQUE: #REF!
Name BANQUE: #REF!
Name MODEPAID: [1]Feuil2!$A$1:$A$3
Name MODET25000: [2]MODEVERSEMENT!$A$1:$A$3
Name MODEVERSEMENT: #REF!
Name MODEVERSEMENT: #REF!
Name MODEVERSEMENT: #REF!
Name MODEVERSEMENT: #REF!
Name MODEVERSEMENT: #REF!
Name MODEVERSEMENT: #REF!
Name MODEVERSEMENT: #REF!
Name MODEVERSEMENT: #REF!
Name MODEVERSEMENT: #REF!
Name MODEVERSEMENT: #REF!
Name MODEVERSEMENT: #REF!
Name MODEVERSEMENT: #REF!
Name MODEVERSEMENT: #REF!
Name MODEVERSEMENT: #REF!
Name MODEVERSEMENT: #REF!
Name MODEVERSEMENT: #REF!
Name MODEVERSEMENT: #REF!
Name MODEVERSEMENTS: MODEVERSEMENT!$A$1:$A$3
Name MODPAID: TONTAOUT!#REF!
Name MODPAID: TONTAVRIL!#REF!
Name MODPAID: TONTDEC!#REF!
Name MODPAID: TONTDEC20!#REF!
Name MODPAID: TONTFEV!#REF!
Name MODPAID: TONTJANV!#REF!
Name MODPAID: TONTJUIL!#REF!
Name MODPAID: TONTJUIN!#REF!
Name MODPAID: TONTMAI!#REF!
Name MODPAID: TONTMARS!#REF!
Name MODPAID: TONTNOV!#REF!
Name MODPAID: TONTNOV20!#REF!
Name MODPAID: TONTOCT!#REF!
Name MODPAID: TONTRESUME!#REF!
Name MODPAID: TONTSEPT!#REF!
Name VALMODEPAID: [3]MODEPAID!$A$1:$A$3

Sheet MODEVERSEMENT
A1: BANQUE
A2: ESPECES
A3: ECHEC

Sheet TONTNOV
A1: ASSOCIATION | B1: ASELBY
A2: ANNEE | B2: 2019/2020
A3: TONTINE | B3: 30000
C4: 43793
A5: MATRICULE | B5: NOM ET PRENOM | C5: RESTE | D5: MONTANT TONTINE | E5: PENALITE VERSEMENT ESPECES | F5: MODE VERSEMENT | G5: MONTANT VERSE | H5: VENTE PETIT LOT | I5: INTERET PETIT LOT | J5: MODE VERSEMENT VENTE PETIT LOT | K5: NUMERO CHEQUE | L5: REMBOURSEMENT PETIT LOT | M5: MODE VERSEMENT REMBOURSEMENT | N5: MODE VERSEMENTLOT PRINCIPAL | O5: NUMERO CHEQUE | P5: MONTANT TONTINE LOT PRINCIPAL | Q5: INTERET LOT PRINCIPAL | R5: DEPOT
A6: AS201648 | B6: =VLOOKUP(A6,[4]LISTADHERENT!A$5:H$60,3,0) -> ASELBY | C6: =IF(G6=0,0,G6-D6) -> 0 | D6: =IF(F6="ECHEC",0,IF(F6="",0,20000)) -> 0 | E6: =IF(F6="ESPECES",3000,0) -> 0 | F6: ECHEC | G6: =IF(F6="BANQUE",30000,IF(F6="ESPECES",30000,0)) -> 0 | P6: =IF(Q6=0,0,($E$75-Q6)) -> 0
A7: AS201602 | B7: =VLOOKUP(A7,[4]LISTADHERENT!A$5:H$60,3,0) -> BOUTCHOUANG WILLIAM | C7: =IF(G7=0,0,G7-D7) -> 10000 | D7: =IF(F7="ECHEC",0,IF(F7="",0,20000)) -> 20000 | E7: =IF(F7="ESPECES",3000,0) -> 0 | F7: BANQUE | G7: =IF(F7="BANQUE",30000,IF(F7="ESPECES",30000,0)) -> 30000 | P7: =IF(Q7=0,0,($E$75-Q7)) -> 0
A8: AS201604 | B8: =VLOOKUP(A8,[4]LISTADHERENT!A$5:H$60,3,0) -> DJOMO JEAN PAUL | C8: =IF(G8=0,0,G8-D8) -> 10000 | D8: =IF(F8="ECHEC",0,IF(F8="",0,20000)) -> 20000 | E8: =IF(F8="ESPECES",3000,0) -> 0 | F8: BANQUE | G8: =IF(F8="BANQUE",30000,IF(F8="ESPECES",30000,0)) -> 30000 | P8: =IF(Q8=0,0,($E$75-Q8)) -> 268000 | Q8: 32000
A9: AS201654 | B9: =VLOOKUP(A9,[4]LISTADHERENT!A$5:H$60,3,0) -> DJOMOU TCHANDA | C9: =IF(G9=0,0,G9-D9) -> 0 | D9: =IF(F9="ECHEC",0,IF(F9="",0,20000)) -> 0 | E9: =IF(F9="ESPECES",3000,0) -> 0 | F9: ECHEC | P9: =IF(Q9=0,0,($E$75-Q9)) -> 0
A10: AS201605 | B10: =VLOOKUP(A10,[4]LISTADHERENT!A$5:H$60,3,0) -> DJOUKWE NANGUEN GUY BLAISE | C10: =IF(G10=0,0,G10-D10) -> 10000 | D10: =IF(F10="ECHEC",0,IF(F10="",0,20000)) -> 20000 | E10: =IF(F10="ESPECES",3000,0) -> 3000 | F10: ESPECES | G10: =IF(F10="BANQUE",30000,IF(F10="ESPECES",30000,0)) -> 30000 | P10: =IF(Q10=0,0,($E$75-Q10)) -> 0
A11: AS201608 | B11: =VLOOKUP(A11,[4]LISTADHERENT!A$5:H$60,3,0) -> DJUOMBESSY ANTOINE | C11: =IF(G11=0,0,G11-D11) -> 10000 | D11: =IF(F11="ECHEC",0,IF(F11="",0,20000)) -> 20000 | E11: =IF(F11="ESPECES",3000,0) -> 0 | F11: BANQUE | G11: =IF(F11="BANQUE",30000,IF(F11="ESPECES",30000,0)) -> 30000 | H11: 25000 | I11: 500 | J11: ESPECES | P11: =IF(Q11=0,0,($E$75-Q11)) -> 0
A12: AS201651 | B12: =VLOOKUP(A12,[4]LISTADHERENT!A$5:H$60,3,0) -> DOMOU FABIEN | C12: =IF(G12=0,0,G12-D12) -> 10000 | D12: =IF(F12="ECHEC",0,IF(F12="",0,20000)) -> 20000 | E12: =IF(F12="ESPECES",3000,0) -> 0 | F12: BANQUE | G12: =IF(F12="BANQUE",30000,IF(F12="ESPECES",30000,0)) -> 30000 | P12: =IF(Q12=0,0,($E$75-Q12)) -> 0
A13: AS201609 | B13: =VLOOKUP(A13,[4]LISTADHERENT!A$5:H$60,3,0) -> DONHOU DAVID | C13: =IF(G13=0,0,G13-D13) -> 10000 | D13: =IF(F13="ECHEC",0,IF(F13="",0,20000)) -> 20000 | E13: =IF(F13="ESPECES",3000,0) -> 0 | F13: BANQUE | G13: =IF(F13="BANQUE",30000,IF(F13="ESPECES",30000,0)) -> 30000 | P13: =IF(Q13=0,0,($E$75-Q13)) -> 0
A14: AS201610 | B14: =VLOOKUP(A14,[4]LISTADHERENT!A$5:H$60,3,0) -> FOTSO THOMAS | C14: =IF(G14=0,0,G14-D14) -> 10000 | D14: =IF(F14="ECHEC",0,IF(F14="",0,20000)) -> 20000 | E14: =IF(F14="ESPECES",3000,0) -> 0 | F14: BANQUE | G14: =IF(F14="BANQUE",30000,IF(F14="ESPECES",30000,0)) -> 30000 | H14: =25000+25000 -> 50000 | I14: 1000 | J14: ESPECES | P14: =IF(Q14=0,0,($E$75-Q14)) -> 0
A15: AS201611 | B15: =VLOOKUP(A15,[4]LISTADHERENT!A$5:H$60,3,0) -> HENGUE PAUL OMER | C15: =IF(G15=0,0,G15-D15) -> 10000 | D15: =IF(F15="ECHEC",0,IF(F15="",0,20000)) -> 20000 | E15: =IF(F15="ESPECES",3000,0) -> 0 | F15: BANQUE | G15: =IF(F15="BANQUE",30000,IF(F15="ESPECES",30000,0)) -> 30000 | P15: =IF(Q15=0,0,($E$75-Q15)) -> 0
A16: AS201613 | B16: =VLOOKUP(A16,[4]LISTADHERENT!A$5:H$60,3,0) -> HOTCHO BENJAMIN | C16: =IF(G16=0,0,G16-D16) -> 5000 | D16: =IF(F16="ECHEC",0,IF(F16="",0,20000)) -> 20000 | E16: =IF(F16="ESPECES",3000,0) -> 0 | F16: BANQUE | G16: =IF(F16="BANQUE",30000,IF(F16="ESPECES",30000,0))-5000 -> 25000 | P16: =IF(Q16=0,0,($E$75-Q16)) -> 0
A17: AS201615 | B17: =VLOOKUP(A17,[4]LISTADHERENT!A$5:H$60,3,0) -> KEPSEU FRANCIS | C17: =IF(G17=0,0,G17-D17) -> 18000 | D17: =IF(F17="ECHEC",0,IF(F17="",0,20000)) -> 20000 | E17: =IF(F17="ESPECES",3000,0) -> 0 | F17: BANQUE | G17: =IF(F17="BANQUE",30000,IF(F17="ESPECES",30000,0))+8000 -> 38000 | P17: =IF(Q17=0,0,($E$75-Q17)) -> 0
A18: AS201618 | B18: =VLOOKUP(A18,[4]LISTADHERENT!A$5:H$60,3,0) -> KOUAMO VICTOR PEGUY | C18: =IF(G18=0,0,G18-D18) -> 10000 | D18: =IF(F18="ECHEC",0,IF(F18="",0,20000)) -> 20000 | E18: =IF(F18="ESPECES",3000,0) -> 0 | F18: BANQUE | G18: =IF(F18="BANQUE",30000,IF(F18="ESPECES",30000,0)) -> 30000 | P18: =IF(Q18=0,0,($E$75-Q18)) -> 265000 | Q18: 35000
A19: AS201617 | B19: =VLOOKUP(A19,[4]LISTADHERENT!A$5:H$60,3,0) -> KOUAMOU MOISE | C19: =IF(G19=0,0,G19-D19) -> 10000 | D19: =IF(F19="ECHEC",0,IF(F19="",0,20000)) -> 20000 | E19: =IF(F19="ESPECES",3000,0) -> 0 | F19: BANQUE | G19: =IF(F19="BANQUE",30000,IF(F19="ESPECES",30000,0)) -> 30000 | P19: =IF(Q19=0,0,($E$75-Q19)) -> 0
A20: AS201619 | B20: =VLOOKUP(A20,[4]LISTADHERENT!A$5:H$60,3,0) -> KOUATCHO MESSACK | C20: =IF(G20=0,0,G20-D20) -> 10000 | D20: =IF(F20="ECHEC",0,IF(F20="",0,20000)) -> 20000 | E20: =IF(F20="ESPECES",3000,0) -> 0 | F20: BANQUE | G20: =IF(F20="BANQUE",30000,IF(F20="ESPECES",30000,0)) -> 30000 | P20: =IF(Q20=0,0,($E$75-Q20)) -> 0
A21: AS201620 | B21: =VLOOKUP(A21,[4]LISTADHERENT!A$5:H$60,3,0) -> LOWE JEAN | C21: =IF(G21=0,0,G21-D21) -> 10000 | D21: =IF(F21="ECHEC",0,IF(F21="",0,20000)) -> 20000 | E21: =IF(F21="ESPECES",3000,0) -> 0 | F21: BANQUE | G21: =IF(F21="BANQUE",30000,IF(F21="ESPECES",30000,0)) -> 30000 | P21: =IF(Q21=0,0,($E$75-Q21)) -> 0
A22: AS201649 | B22: =VLOOKUP(A22,[4]LISTADHERENT!A$5:H$60,3,0) -> MBOGNING TUGMA GUY | C22: =IF(G22=0,0,G22-D22) -> 10000 | D22: =IF(F22="ECHEC",0,IF(F22="",0,20000)) -> 20000 | E22: =IF(F22="ESPECES",3000,0) -> 0 | F22: BANQUE | G22: =IF(F22="BANQUE",30000,IF(F22="ESPECES",30000,0)) -> 30000 | P22: =IF(Q22=0,0,($E$75-Q22)) -> 0
A23: AS201639 | B23: =VLOOKUP(A23,[4]LISTADHERENT!A$5:H$60,3,0) -> NANGUEN MARTIN | C23: =IF(G23=0,0,G23-D23) -> 10000 | D23: =IF(F23="ECHEC",0,IF(F23="",0,20000)) -> 20000 | E23: =IF(F23="ESPECES",3000,0) -> 0 | F23: BANQUE | G23: =IF(F23="BANQUE",30000,IF(F23="ESPECES",30000,0)) -> 30000 | P23: =IF(Q23=0,0,($E$75-Q23)) -> 0
A24: AS201621 | B24: =VLOOKUP(A24,[4]LISTADHERENT!A$5:H$60,3,0) -> NANKAM APPOLINAIRE | C24: =IF(G24=0,0,G24-D24) -> 10000 | D24: =IF(F24="ECHEC",0,IF(F24="",0,20000)) -> 20000 | E24: =IF(F24="ESPECES",3000,0) -> 0 | F24: BANQUE | G24: =IF(F24="BANQUE",30000,IF(F24="ESPECES",30000,0)) -> 30000 | P24: =IF(Q24=0,0,($E$75-Q24)) -> 0
A25: AS201622 | B25: =VLOOKUP(A25,[4]LISTADHERENT!A$5:H$60,3,0) -> NDJOMO ETIENNE | C25: =IF(G25=0,0,G25-D25) -> 14000 | D25: =IF(F25="ECHEC",0,IF(F25="",0,20000)) -> 20000 | E25: =IF(F25="ESPECES",3000,0) -> 0 | F25: BANQUE | G25: =IF(F25="BANQUE",30000,IF(F25="ESPECES",30000,0))+4000 -> 34000 | P25: =IF(Q25=0,0,($E$75-Q25)) -> 0
A26: AS201624 | B26: =VLOOKUP(A26,[4]LISTADHERENT!A$5:H$60,3,0) -> NGONDIEP CLAUDE | C26: =IF(G26=0,0,G26-D26) -> 20000 | D26: =IF(F26="ECHEC",0,IF(F26="",0,20000)) -> 20000 | E26: =IF(F26="ESPECES",3000,0) -> 0 | F26: BANQUE | G26: =IF(F26="BANQUE",30000,IF(F26="ESPECES",30000,0))+10000 -> 40000 | P26: =IF(Q26=0,0,($E$75-Q26)) -> 0
A27: AS201626 | B27: =VLOOKUP(A27,[4]LISTADHERENT!A$5:H$60,3,0) -> NGUIEMEGNI MATHIEU BLAISE | C27: =IF(G27=0,0,G27-D27) -> 10000 | D27: =IF(F27="ECHEC",0,IF(F27="",0,20000)) -> 20000 | E27: =IF(F27="ESPECES",3000,0) -> 0 | F27: BANQUE | G27: =IF(F27="BANQUE",30000,IF(F27="ESPECES",30000,0)) -> 30000 | P27: =IF(Q27=0,0,($E$75-Q27)) -> 0
A28: AS201628 | B28: =VLOOKUP(A28,[4]LISTADHERENT!A$5:H$60,3,0) -> NKAMGANG JUSTIN DEJOLIE | C28: =IF(G28=0,0,G28-D28) -> 10000 | D28: =IF(F28="ECHEC",0,IF(F28="",0,20000)) -> 20000 | E28: =IF(F28="ESPECES",3000,0) -> 3000 | F28: ESPECES | G28: =IF(F28="BANQUE",30000,IF(F28="ESPECES",30000,0)) -> 30000 | P28: =IF(Q28=0,0,($E$75-Q28)) -> 0
A29: AS201614 | B29: =VLOOKUP(A29,[4]LISTADHERENT!A$5:H$60,3,0) -> NKEHE DAVID | C29: =IF(G29=0,0,G29-D29) -> 10000 | D29: =IF(F29="ECHEC",0,IF(F29="",0,20000)) -> 20000 | E29: =IF(F29="ESPECES",3000,0) -> 3000 | F29: ESPECES | G29: =IF(F29="BANQUE",30000,IF(F29="ESPECES",30000,0)) -> 30000 | H29: 32000 | I29: 500 | J29: ESPECES | P29: =IF(Q29=0,0,($E$75-Q29)) -> 0
A30: AS201629 | B30: =VLOOKUP(A30,[4]LISTADHERENT!A$5:H$60,3,0) -> NKEPSEU DIEUDONNE | C30: =IF(G30=0,0,G30-D30) -> 10000 | D30: =IF(F30="ECHEC",0,IF(F30="",0,20000)) -> 20000 | E30: =IF(F30="ESPECES",3000,0) -> 0 | F30: BANQUE | G30: =IF(F30="BANQUE",30000,IF(F30="ESPECES",30000,0)) -> 30000 | P30: =IF(Q30=0,0,($E$75-Q30)) -> 0
A31: AS201633 | B31: =VLOOKUP(A31,[4]LISTADHERENT!A$5:H$60,3,0) -> PATEGO NJOSSU GUSTAVE | C31: =IF(G31=0,0,G31-D31) -> 10000 | D31: =IF(F31="ECHEC",0,IF(F31="",0,20000)) -> 20000 | E31: =IF(F31="ESPECES",3000,0) -> 0 | F31: BANQUE | G31: =IF(F31="BANQUE",30000,IF(F31="ESPECES",30000,0)) -> 30000 | P31: =IF(Q31=0,0,($E$75-Q31)) -> 0
A32: AS201653 | B32: =VLOOKUP(A32,[4]LISTADHERENT!A$5:H$60,3,0) -> SIME BRICE | C32: =IF(G32=0,0,G32-D32) -> 30000 | D32: =IF(F32="ECHEC",0,IF(F32="",0,20000)) -> 20000 | E32: =IF(F32="ESPECES",3000,0) -> 0 | F32: BANQUE | G32: =IF(F32="BANQUE",30000,IF(F32="ESPECES",30000,0))+20000 -> 50000 | P32: =IF(Q32=0,0,($E$75-Q32)) -> 0
A33: AS201636 | B33: =VLOOKUP(A33,[4]LISTADHERENT!A$5:H$60,3,0) -> SIMO FONGANG ERIC | C33: =IF(G33=0,0,G33-D33) -> 10000 | D33: =IF(F33="ECHEC",0,IF(F33="",0,20000)) -> 20000 | E33: =IF(F33="ESPECES",3000,0) -> 0 | F33: BANQUE | G33: =IF(F33="BANQUE",30000,IF(F33="ESPECES",30000,0)) -> 30000 | P33: =IF(Q33=0,0,($E$75-Q33)) -> 0
A34: AS201637 | B34: =VLOOKUP(A34,[4]LISTADHERENT!A$5:H$60,3,0) -> SIME MATHIEU | C34: =IF(G34=0,0,G34-D34) -> 10000 | D34: =IF(F34="ECHEC",0,IF(F34="",0,20000)) -> 20000 | E34: =IF(F34="ESPECES",3000,0) -> 0 | F34: BANQUE | G34: =IF(F34="BANQUE",30000,IF(F34="ESPECES",30000,0)) -> 30000 | P34: =IF(Q34=0,0,($E$75-Q34)) -> 0
A35: AS201638 | B35: =VLOOKUP(A35,[4]LISTADHERENT!A$5:H$60,3,0) -> SIMO PIERRE | C35: =IF(G35=0,0,G35-D35) -> 10000 | D35: =IF(F35="ECHEC",0,IF(F35="",0,20000)) -> 20000 | E35: =IF(F35="ESPECES",3000,0) -> 0 | F35: BANQUE | G35: =IF(F35="BANQUE",30000,IF(F35="ESPECES",30000,0)) -> 30000 | P35: =IF(Q35=0,0,($E$75-Q35)) -> 0
A36: AS201641 | B36: =VLOOKUP(A36,[4]LISTADHERENT!A$5:H$60,3,0) -> TCHOUAMOU MATHIEU | C36: =IF(G36=0,0,G36-D36) -> 10000 | D36: =IF(F36="ECHEC",0,IF(F36="",0,20000)) -> 20000 | E36: =IF(F36="ESPECES",3000,0) -> 0 | F36: BANQUE | G36: =IF(F36="BANQUE",30000,IF(F36="ESPECES",30000,0)) -> 30000 | P36: =IF(Q36=0,0,($E$75-Q36)) -> 0
A37: AS201644 | B37: =VLOOKUP(A37,[4]LISTADHERENT!A$5:H$60,3,0) -> TIEYAM ERNEST | C37: =IF(G37=0,0,G37-D37) -> 10000 | D37: =IF(F37="ECHEC",0,IF(F37="",0,20000)) -> 20000 | E37: =IF(F37="ESPECES",3000,0) -> 0 | F37: BANQUE | G37: =IF(F37="BANQUE",30000,IF(F37="ESPECES",30000,0)) -> 30000 | P37: =IF(Q37=0,0,($E$75-Q37)) -> 0
A38: AS201646 | B38: =VLOOKUP(A38,[4]LISTADHERENT!A$5:H$60,3,0) -> YEPMOU JEAN JACQUES | C38: =IF(G38=0,0,G38-D38) -> 10000 | D38: =IF(F38="ECHEC",0,IF(F38="",0,20000)) -> 20000 | E38: =IF(F38="ESPECES",3000,0) -> 3000 | F38: ESPECES | G38: =IF(F38="BANQUE",30000,IF(F38="ESPECES",30000,0)) -> 30000 | P38: =IF(Q38=0,0,($E$75-Q38)) -> 0
A39: AS201647 | B39: =VLOOKUP(A39,[4]LISTADHERENT!A$5:H$60,3,0) -> YOUMBI EMMANUEL | C39: =IF(G39=0,0,G39-D39) -> 10000 | D39: =IF(F39="ECHEC",0,IF(F39="",0,20000)) -> 20000 | E39: =IF(F39="ESPECES",3000,0) -> 0 | F39: BANQUE | G39: =IF(F39="BANQUE",30000,IF(F39="ESPECES",30000,0)) -> 30000 | P39: =IF(Q39=0,0,($E$75-Q39)) -> 0
A40: AS201655 | B40: =VLOOKUP(A40,[4]LISTADHERENT!A$5:H$60,3,0) -> TCHEMHOU EMMANUEL
A46: TOTAL | C46: =SUM(C7:C45) -> 357000 | D46: =SUM(D7:D45) -> 640000 | E46: =SUM(E7:E45) -> 12000 | F46: =SUM(F7:F45) -> 0 | G46: =SUM(G7:G45) -> 997000 | H46: =SUM(H7:H45) -> 107000 | I46: =SUM(I7:I45) -> 2000 | J46: =SUM(J7:J45) -> 0 | ... R46: =SUM(R7:R45) -> 0
G49: TONTINE + REMB + INTERET VENTE | H49: =D73+H73+Q46 -> 707000
G50: VENDUE | H50: =IF(H49>=900000,300000*3,300000*2) -> 600000
D51: TONTINE | E51: =+D46 -> 640000
D52: PENALITE VERSEMENT ESPECES | E52: =E46 -> 12000 | G52: PETIT LOT | H52: =H49-H50 -> 107000
D53: VENTE PETIT LOT | E53: =+H46 -> 107000
D54: INTERET VENTE PETIT LOT | E54: =+I46 -> 2000 | G54: RELIQUAT | H54: =H52-H46 -> 0 | J54: CUMUL
D55: REMBOURSEMENT VENTE PETIT LOT | E55: =+L46 -> 0
D56: INTERET VENTE LOT PRINCIPAL | E56: =+Q46 -> 67000
D57: SANCTION | E57: =[5]MVTNOV!$G$49 -> 0
D58: EPARGNE | E58: =[5]MVTNOV!$G$50 -> 221000
D59: FONDS DE ROULEMENT | E59: =[5]MVTNOV!$G$51 -> 16000
D60: FRAIS EXCEPTIONNELS | E60: =[5]MVTNOV!$G$52 -> 32000
D61: COLLATION | E61: =[5]MVTNOV!$G$53 -> 80000
D62: MUTUELLE | E62: =[5]MVTNOV!$G$55 -> 214500
D63: PRÊT FONDS | E63: =[5]MVTNOV!$G$56 -> 17780000
D64: INTERET FONDS | E64: =[5]MVTNOV!$G$57 -> 1462300
D65: REMBOURSEMENT PRÊT FONDS | E65: =[5]MVTNOV!$G$58 -> 0
D66: PENALITE PRET FONDS | E66: =[5]MVTNOV!$G$59 -> 0
D67: PENALITE FONDS | E67: =[5]MVTNOV!$G$60 -> 0
D69: MONTANT TONTINE | F69: MONTANT VERSE | G69: PENALITE VST ESPECES | H69: REMBOURSEMENT PETIT LOT | I69: VENTE PETIT LOT | J69: VENTE LOT PRINCIPAL | L69: SOLDE EN CAISSE
D70: =SUMIFS(D7:D45,F7:F45,"ESPECES")+10000 -> 90000 | E70: ESPECES | F70: =SUMIFS(G7:G45,F7:F45,"ESPECES") -> 120000 | G70: =+E46 -> 12000 | H70: =SUMIFS(L7:L45,M7:M45,"ESPECES") -> 0 | I70: =SUMIFS(H7:H45,J7:J45,"ESPECES") -> 107000 | J70: =SUMIFS(P7:P45,N7:N45,"ESPECES") -> 0 | L70: =F70+H70+G70-I70-J70 -> 25000
D71: =SUMIFS(D7:D45,F7:F45,"BANQUE")-10000 -> 550000 | E71: BANQUE | F71: =SUMIFS(G7:G45,F7:F45,"BANQUE") -> 877000 | H71: =SUMIFS(L7:L45,M7:M45,"BANQUE") -> 0 | I71: =SUMIFS(H7:H45,J7:J45,"BANQUE") -> 0 | J71: =SUMIFS(P7:P45,M7:M45,"BANQUE") -> 0 | L71: =F71+H71-I71-J71 -> 877000
D73: =D70+D71 -> 640000 | E73: TOTAL | F73: =F70+F71 -> 997000 | H73: =H70+H71 -> 0 | I73: =I70+I71 -> 107000 | J73: 0 | L73: =F73+H73-I73-J73 -> 890000
D74: =D73+R46 -> 640000 | E74: TOTAL+DEPOT
D75: MONTANT TONTINE | E75: 300000
D76: MONTANT PETIT LOT A VENDRE | E76: =L46+Q46 -> 67000

Sheet TONTDEC
A1: ASSOCIATION | B1: ASELBY
A2: ANNEE | B2: 2019/2020
A3: TONTINE | B3: 30000
C4: 43814
A5: MATRICULE | B5: NOM ET PRENOM | C5: RESTE | D5: MONTANT TONTINE | E5: PENALITE VERSEMENT ESPECES | F5: MODE VERSEMENT | G5: MONTANT VERSE | H5: VENTE PETIT LOT | I5: INTERET PETIT LOT | J5: MODE VERSEMENT VENTE PETIT LOT | K5: NUMERO CHEQUE | L5: REMBOURSEMENT PETIT LOT | M5: MODE VERSEMENT REMBOURSEMENT | N5: MODE VERSEMENTLOT PRINCIPAL | O5: NUMERO CHEQUE | P5: MONTANT TONTINE LOT PRINCIPAL | Q5: INTERET LOT PRINCIPAL | R5: DEPOT
A6: AS201648 | B6: =VLOOKUP(A6,[4]LISTADHERENT!A$5:H$60,3,0) -> ASELBY | C6: =IF(G6=0,0,G6-D6) -> 0 | D6: =IF(F6="ECHEC",0,IF(F6="",0,20000)) -> 0 | E6: =IF(F6="ESPECES",3000,0) -> 0 | F6: ECHEC | G6: =IF(F6="BANQUE",30000,IF(F6="ESPECES",30000,0)) -> 0 | L6: =TONTNOV!H6+TONTNOV!I6 -> 0 | P6: =IF(Q6=0,0,($E$76-Q6)) -> 0
A7: AS201602 | B7: =VLOOKUP(A7,[4]LISTADHERENT!A$5:H$60,3,0) -> BOUTCHOUANG WILLIAM | C7: =IF(G7=0,0,G7-D7) -> 10000 | D7: =IF(F7="ECHEC",0,IF(F7="",0,20000)) -> 20000 | E7: =IF(F7="ESPECES",3000,0) -> 0 | F7: BANQUE | G7: =IF(F7="BANQUE",30000,IF(F7="ESPECES",30000,0)) -> 30000 | L7: =TONTNOV!H7+TONTNOV!I7 -> 0 | P7: =IF(Q7=0,0,($E$75-Q7)) -> 0
A8: AS201604 | B8: =VLOOKUP(A8,[4]LISTADHERENT!A$5:H$60,3,0) -> DJOMO JEAN PAUL | C8: =IF(G8=0,0,G8-D8) -> 15000 | D8: =IF(F8="ECHEC",0,IF(F8="",0,20000)) -> 20000 | E8: =IF(F8="ESPECES",3000,0) -> 0 | F8: BANQUE | G8: 35000 | L8: =TONTNOV!H8+TONTNOV!I8 -> 0 | P8: =IF(Q8=0,0,($E$75-Q8)) -> 0
A9: AS201654 | B9: =VLOOKUP(A9,[4]LISTADHERENT!A$5:H$60,3,0) -> DJOMOU TCHANDA | C9: =IF(G9=0,0,G9-D9) -> 22000 | D9: 40000 | E9: =IF(F9="ESPECES",3000,0) -> 3000 | F9: ESPECES | G9: 62000 | L9: =TONTNOV!H9+TONTNOV!I9 -> 0 | P9: =IF(Q9=0,0,($E$75-Q9)) -> 0
A10: AS201605 | B10: =VLOOKUP(A10,[4]LISTADHERENT!A$5:H$60,3,0) -> DJOUKWE NANGUEN GUY BLAISE | C10: =IF(G10=0,0,G10-D10) -> 10000 | D10: =IF(F10="ECHEC",0,IF(F10="",0,20000)) -> 20000 | E10: =IF(F10="ESPECES",3000,0) -> 0 | F10: BANQUE | G10: =IF(F10="BANQUE",30000,IF(F10="ESPECES",30000,0)) -> 30000 | L10: =TONTNOV!H10+TONTNOV!I10 -> 0 | P10: =IF(Q10=0,0,($E$75-Q10)) -> 0
A11: AS201608 | B11: =VLOOKUP(A11,[4]LISTADHERENT!A$5:H$60,3,0) -> DJUOMBESSY ANTOINE | C11: =IF(G11=0,0,G11-D11) -> 14500 | D11: =IF(F11="ECHEC",0,IF(F11="",0,20000)) -> 20000 | E11: =IF(F11="ESPECES",3000,0) -> 0 | F11: BANQUE | G11: 34500 | L11: =TONTNOV!H11+TONTNOV!I11 -> 25500 | M11: BANQUE | P11: =IF(Q11=0,0,($E$75-Q11)) -> 0
A12: AS201651 | B12: =VLOOKUP(A12,[4]LISTADHERENT!A$5:H$60,3,0) -> DOMOU FABIEN | C12: =IF(G12=0,0,G12-D12) -> 10000 | D12: =IF(F12="ECHEC",0,IF(F12="",0,20000)) -> 20000 | E12: =IF(F12="ESPECES",3000,0) -> 0 | F12: BANQUE | G12: =IF(F12="BANQUE",30000,IF(F12="ESPECES",30000,0)) -> 30000 | L12: =TONTNOV!H12+TONTNOV!I12 -> 0 | P12: =IF(Q12=0,0,($E$75-Q12)) -> 0
A13: AS201609 | B13: =VLOOKUP(A13,[4]LISTADHERENT!A$5:H$60,3,0) -> DONHOU DAVID | C13: =IF(G13=0,0,G13-D13) -> 10000 | D13: =IF(F13="ECHEC",0,IF(F13="",0,20000)) -> 20000 | E13: =IF(F13="ESPECES",3000,0) -> 0 | F13: BANQUE | G13: =IF(F13="BANQUE",30000,IF(F13="ESPECES",30000,0)) -> 30000 | L13: =TONTNOV!H13+TONTNOV!I13 -> 0 | P13: =IF(Q13=0,0,($E$75-Q13)) -> 0
A14: AS201610 | B14: =VLOOKUP(A14,[4]LISTADHERENT!A$5:H$60,3,0) -> FOTSO THOMAS | C14: =IF(G14=0,0,G14-D14) -> 10000 | D14: =IF(F14="ECHEC",0,IF(F14="",0,20000)) -> 20000 | E14: =IF(F14="ESPECES",3000,0) -> 3000 | F14: ESPECES | G14: =IF(F14="BANQUE",30000,IF(F14="ESPECES",30000,0)) -> 30000 | H14: 50000 | I14: 1500 | L14: =TONTNOV!H14+TONTNOV!I14 -> 51000 | M14: ESPECES | P14: =IF(Q14=0,0,($E$75-Q14)) -> 0
A15: AS201611 | B15: =VLOOKUP(A15,[4]LISTADHERENT!A$5:H$60,3,0) -> HENGUE PAUL OMER | C15: 5000 | D15: =IF(F15="ECHEC",0,IF(F15="",0,20000)) -> 0 | E15: =IF(F15="ESPECES",3000,0) -> 0 | F15: ECHEC | G15: =IF(F15="BANQUE",30000,IF(F15="ESPECES",30000,0)) -> 0 | L15: =TONTNOV!H15+TONTNOV!I15 -> 0 | P15: =IF(Q15=0,0,($E$75-Q15)) -> 0
A16: AS201613 | B16: =VLOOKUP(A16,[4]LISTADHERENT!A$5:H$60,3,0) -> HOTCHO BENJAMIN | C16: =IF(G16=0,0,G16-D16) -> 10000 | D16: =IF(F16="ECHEC",0,IF(F16="",0,20000)) -> 20000 | E16: =IF(F16="ESPECES",3000,0) -> 0 | F16: BANQUE | G16: =IF(F16="BANQUE",30000,IF(F16="ESPECES",30000,0)) -> 30000 | L16: =TONTNOV!H16+TONTNOV!I16 -> 0 | P16: =IF(Q16=0,0,($E$75-Q16)) -> 0
A17: AS201615 | B17: =VLOOKUP(A17,[4]LISTADHERENT!A$5:H$60,3,0) -> KEPSEU FRANCIS | C17: =IF(G17=0,0,G17-D17) -> 40000 | D17: =IF(F17="ECHEC",0,IF(F17="",0,20000)) -> 20000 | E17: =IF(F17="ESPECES",3000,0) -> 0 | F17: BANQUE | G17: 60000 | L17: =TONTNOV!H17+TONTNOV!I17 -> 0 | P17: =IF(Q17=0,0,($E$75-Q17)) -> 0
A18: AS201618 | B18: =VLOOKUP(A18,[4]LISTADHERENT!A$5:H$60,3,0) -> KOUAMO VICTOR PEGUY | C18: =IF(G18=0,0,G18-D18) -> 7000 | D18: =IF(F18="ECHEC",0,IF(F18="",0,20000)) -> 20000 | E18: =IF(F18="ESPECES",3000,0) -> 3000 | F18: ESPECES | G18: 27000 | L18: =TONTNOV!H18+TONTNOV!I18 -> 0 | P18: =IF(Q18=0,0,($E$75-Q18)) -> 0
A19: AS201617 | B19: =VLOOKUP(A19,[4]LISTADHERENT!A$5:H$60,3,0) -> KOUAMOU MOISE | C19: =IF(G19=0,0,G19-D19) -> 10000 | D19: =IF(F19="ECHEC",0,IF(F19="",0,20000)) -> 20000 | E19: =IF(F19="ESPECES",3000,0) -> 0 | F19: BANQUE | G19: =IF(F19="BANQUE",30000,IF(F19="ESPECES",30000,0)) -> 30000 | L19: =TONTNOV!H19+TONTNOV!I19 -> 0 | P19: =IF(Q19=0,0,($E$75-Q19)) -> 0
A20: AS201619 | B20: =VLOOKUP(A20,[4]LISTADHERENT!A$5:H$60,3,0) -> KOUATCHO MESSACK | C20: =IF(G20=0,0,G20-D20) -> 10000 | D20: =IF(F20="ECHEC",0,IF(F20="",0,20000)) -> 20000 | E20: =IF(F20="ESPECES",3000,0) -> 0 | F20: BANQUE | G20: =IF(F20="BANQUE",30000,IF(F20="ESPECES",30000,0)) -> 30000 | L20: =TONTNOV!H20+TONTNOV!I20 -> 0 | P20: =IF(Q20=0,0,($E$75-Q20)) -> 0
A21: AS201620 | B21: =VLOOKUP(A21,[4]LISTADHERENT!A$5:H$60,3,0) -> LOWE JEAN | C21: =IF(G21=0,0,G21-D21) -> 10000 | D21: =IF(F21="ECHEC",0,IF(F21="",0,20000)) -> 20000 | E21: =IF(F21="ESPECES",3000,0) -> 0 | F21: BANQUE | G21: =IF(F21="BANQUE",30000,IF(F21="ESPECES",30000,0)) -> 30000 | L21: =TONTNOV!H21+TONTNOV!I21 -> 0 | P21: =IF(Q21=0,0,($E$75-Q21)) -> 0
A22: AS201649 | B22: =VLOOKUP(A22,[4]LISTADHERENT!A$5:H$60,3,0) -> MBOGNING TUGMA GUY | C22: =IF(G22=0,0,G22-D22) -> 10000 | D22: =IF(F22="ECHEC",0,IF(F22="",0,20000)) -> 20000 | E22: =IF(F22="ESPECES",3000,0) -> 0 | F22: BANQUE | G22: =IF(F22="BANQUE",30000,IF(F22="ESPECES",30000,0)) -> 30000 | L22: =TONTNOV!H22+TONTNOV!I22 -> 0 | P22: =IF(Q22=0,0,($E$75-Q22)) -> 0
A23: AS201639 | B23: =VLOOKUP(A23,[4]LISTADHERENT!A$5:H$60,3,0) -> NANGUEN MARTIN | C23: =IF(G23=0,0,G23-D23) -> 10000 | D23: =IF(F23="ECHEC",0,IF(F23="",0,20000)) -> 20000 | E23: =IF(F23="ESPECES",3000,0) -> 0 | F23: BANQUE | G23: =IF(F23="BANQUE",30000,IF(F23="ESPECES",30000,0)) -> 30000 | L23: =TONTNOV!H23+TONTNOV!I23 -> 0 | P23: =IF(Q23=0,0,($E$75-Q23)) -> 0
A24: AS201621 | B24: =VLOOKUP(A24,[4]LISTADHERENT!A$5:H$60,3,0) -> NANKAM APPOLINAIRE | C24: =IF(G24=0,0,G24-D24) -> 10000 | D24: =IF(F24="ECHEC",0,IF(F24="",0,20000)) -> 20000 | E24: =IF(F24="ESPECES",3000,0) -> 0 | F24: BANQUE | G24: =IF(F24="BANQUE",30000,IF(F24="ESPECES",30000,0)) -> 30000 | L24: =TONTNOV!H24+TONTNOV!I24 -> 0 | P24: =IF(Q24=0,0,($E$75-Q24)) -> 0
A25: AS201622 | B25: =VLOOKUP(A25,[4]LISTADHERENT!A$5:H$60,3,0) -> NDJOMO ETIENNE | C25: =IF(G25=0,0,G25-D25) -> 14000 | D25: =IF(F25="ECHEC",0,IF(F25="",0,20000)) -> 20000 | E25: =IF(F25="ESPECES",3000,0) -> 0 | F25: BANQUE | G25: 34000 | L25: =TONTNOV!H25+TONTNOV!I25 -> 0 | P25: =IF(Q25=0,0,($E$75-Q25)) -> 0
A26: AS201624 | B26: =VLOOKUP(A26,[4]LISTADHERENT!A$5:H$60,3,0) -> NGONDIEP CLAUDE | C26: =IF(G26=0,0,G26-D26) -> 20000 | D26: =IF(F26="ECHEC",0,IF(F26="",0,20000)) -> 20000 | E26: =IF(F26="ESPECES",3000,0) -> 0 | F26: BANQUE | G26: 40000 | L26: =TONTNOV!H26+TONTNOV!I26 -> 0 | P26: =IF(Q26=0,0,($E$75-Q26)) -> 0
A27: AS201626 | B27: =VLOOKUP(A27,[4]LISTADHERENT!A$5:H$60,3,0) -> NGUIEMEGNI MATHIEU BLAISE | C27: =IF(G27=0,0,G27-D27) -> 10000 | D27: =IF(F27="ECHEC",0,IF(F27="",0,20000)) -> 20000 | E27: =IF(F27="ESPECES",3000,0) -> 0 | F27: BANQUE | G27: =IF(F27="BANQUE",30000,IF(F27="ESPECES",30000,0)) -> 30000 | L27: =TONTNOV!H27+TONTNOV!I27 -> 0 | P27: =IF(Q27=0,0,($E$75-Q27)) -> 255000 | Q27: 45000
A28: AS201628 | B28: =VLOOKUP(A28,[4]LISTADHERENT!A$5:H$60,3,0) -> NKAMGANG JUSTIN DEJOLIE | C28: =IF(G28=0,0,G28-D28) -> 10000 | D28: =IF(F28="ECHEC",0,IF(F28="",0,20000)) -> 20000 | E28: =IF(F28="ESPECES",3000,0) -> 3000 | F28: ESPECES | G28: =IF(F28="BANQUE",30000,IF(F28="ESPECES",30000,0)) -> 30000 | H28: 50000 | I28: 2000 | L28: =TONTNOV!H28+TONTNOV!I28 -> 0 | P28: =IF(Q28=0,0,($E$75-Q28)) -> 0
A29: AS201614 | B29: =VLOOKUP(A29,[4]LISTADHERENT!A$5:H$60,3,0) -> NKEHE DAVID | C29: =IF(G29=0,0,G29-D29) -> 10000 | D29: =IF(F29="ECHEC",0,IF(F29="",0,20000)) -> 20000 | E29: =IF(F29="ESPECES",3000,0) -> 0 | F29: BANQUE | G29: =IF(F29="BANQUE",30000,IF(F29="ESPECES",30000,0)) -> 30000 | H29: 50000 | I29: 3000 | L29: =TONTNOV!H29+TONTNOV!I29 -> 32500 | M29: ESPECES | P29: =IF(Q29=0,0,($E$75-Q29)) -> 0
A30: AS201629 | B30: =VLOOKUP(A30,[4]LISTADHERENT!A$5:H$60,3,0) -> NKEPSEU DIEUDONNE | C30: =IF(G30=0,0,G30-D30) -> 10000 | D30: =IF(F30="ECHEC",0,IF(F30="",0,20000)) -> 20000 | E30: =IF(F30="ESPECES",3000,0) -> 3000 | F30: ESPECES | G30: =IF(F30="BANQUE",30000,IF(F30="ESPECES",30000,0)) -> 30000 | H30: 39000 | I30: 1000 | L30: =TONTNOV!H30+TONTNOV!I30 -> 0 | P30: =IF(Q30=0,0,($E$75-Q30)) -> 0
A31: AS201633 | B31: =VLOOKUP(A31,[4]LISTADHERENT!A$5:H$60,3,0) -> PATEGO NJOSSU GUSTAVE | C31: =IF(G31=0,0,G31-D31) -> 10000 | D31: =IF(F31="ECHEC",0,IF(F31="",0,20000)) -> 20000 | E31: =IF(F31="ESPECES",3000,0) -> 0 | F31: BANQUE | G31: =IF(F31="BANQUE",30000,IF(F31="ESPECES",30000,0)) -> 30000 | L31: =TONTNOV!H31+TONTNOV!I31 -> 0 | P31: =IF(Q31=0,0,($E$75-Q31)) -> 0
A32: AS201653 | B32: =VLOOKUP(A32,[4]LISTADHERENT!A$5:H$60,3,0) -> SIME BRICE | C32: =IF(G32=0,0,G32-D32) -> 50000 | D32: =IF(F32="ECHEC",0,IF(F32="",0,20000)) -> 20000 | E32: =IF(F32="ESPECES",3000,0) -> 3000 | F32: ESPECES | G32: 70000 | L32: =TONTNOV!H32+TONTNOV!I32 -> 0 | P32: =IF(Q32=0,0,($E$75-Q32)) -> 0
A33: AS201636 | B33: =VLOOKUP(A33,[4]LISTADHERENT!A$5:H$60,3,0) -> SIMO FONGANG ERIC | C33: =IF(G33=0,0,G33-D33) -> 10000 | D33: =IF(F33="ECHEC",0,IF(F33="",0,20000)) -> 20000 | E33: =IF(F33="ESPECES",3000,0) -> 3000 | F33: ESPECES | G33: =IF(F33="BANQUE",30000,IF(F33="ESPECES",30000,0)) -> 30000 | L33: =TONTNOV!H33+TONTNOV!I33 -> 0 | P33: =IF(Q33=0,0,($E$75-Q33)) -> 255000 | Q33: 45000
A34: AS201637 | B34: =VLOOKUP(A34,[4]LISTADHERENT!A$5:H$60,3,0) -> SIME MATHIEU | C34: =IF(G34=0,0,G34-D34) -> 10000 | D34: =IF(F34="ECHEC",0,IF(F34="",0,20000)) -> 20000 | E34: =IF(F34="ESPECES",3000,0) -> 0 | F34: BANQUE | G34: =IF(F34="BANQUE",30000,IF(F34="ESPECES",30000,0)) -> 30000 | L34: =TONTNOV!H34+TONTNOV!I34 -> 0 | P34: =IF(Q34=0,0,($E$75-Q34)) -> 0
A35: AS201638 | B35: =VLOOKUP(A35,[4]LISTADHERENT!A$5:H$60,3,0) -> SIMO PIERRE | C35: =IF(G35=0,0,G35-D35) -> 10000 | D35: =IF(F35="ECHEC",0,IF(F35="",0,20000)) -> 20000 | E35: =IF(F35="ESPECES",3000,0) -> 0 | F35: BANQUE | G35: =IF(F35="BANQUE",30000,IF(F35="ESPECES",30000,0)) -> 30000 | L35: =TONTNOV!H35+TONTNOV!I35 -> 0 | P35: =IF(Q35=0,0,($E$75-Q35)) -> 0
A36: AS201641 | B36: =VLOOKUP(A36,[4]LISTADHERENT!A$5:H$60,3,0) -> TCHOUAMOU MATHIEU | C36: =IF(G36=0,0,G36-D36) -> 10000 | D36: =IF(F36="ECHEC",0,IF(F36="",0,20000)) -> 20000 | E36: =IF(F36="ESPECES",3000,0) -> 0 | F36: BANQUE | G36: =IF(F36="BANQUE",30000,IF(F36="ESPECES",30000,0)) -> 30000 | L36: =TONTNOV!H36+TONTNOV!I36 -> 0 | P36: =IF(Q36=0,0,($E$75-Q36)) -> 0
A37: AS201644 | B37: =VLOOKUP(A37,[4]LISTADHERENT!A$5:H$60,3,0) -> TIEYAM ERNEST | C37: =IF(G37=0,0,G37-D37) -> 0 | D37: =IF(F37="ECHEC",0,IF(F37="",0,20000)) -> 0 | E37: =IF(F37="ESPECES",3000,0) -> 0 | F37: ECHEC | G37: =IF(F37="BANQUE",30000,IF(F37="ESPECES",30000,0)) -> 0 | H37: 50000 | I37: 3000 | L37: =TONTNOV!H37+TONTNOV!I37 -> 0 | P37: =IF(Q37=0,0,($E$75-Q37)) -> 0
A38: AS201646 | B38: =VLOOKUP(A38,[4]LISTADHERENT!A$5:H$60,3,0) -> YEPMOU JEAN JACQUES | C38: =IF(G38=0,0,G38-D38) -> 10000 | D38: =IF(F38="ECHEC",0,IF(F38="",0,20000)) -> 20000 | E38: =IF(F38="ESPECES",3000,0) -> 3000 | F38: ESPECES | G38: =IF(F38="BANQUE",30000,IF(F38="ESPECES",30000,0)) -> 30000 | L38: =TONTNOV!H38+TONTNOV!I38 -> 0 | P38: =IF(Q38=0,0,($E$75-Q38)) -> 0
A39: AS201647 | B39: =VLOOKUP(A39,[4]LISTADHERENT!A$5:H$60,3,0) -> YOUMBI EMMANUEL | C39: =IF(G39=0,0,G39-D39) -> 10000 | D39: =IF(F39="ECHEC",0,IF(F39="",0,20000)) -> 20000 | E39: =IF(F39="ESPECES",3000,0) -> 0 | F39: BANQUE | G39: =IF(F39="BANQUE",30000,IF(F39="ESPECES",30000,0)) -> 30000 | L39: =TONTNOV!H39+TONTNOV!I39 -> 0 | P39: =IF(Q39=0,0,($E$75-Q39)) -> 0
A40: AS201655 | B40: =VLOOKUP(A40,[4]LISTADHERENT!A$5:H$60,3,0) -> TCHEMHOU EMMANUEL
A46: TOTAL | C46: =SUM(C7:C45) -> 417500 | D46: =SUM(D7:D45) -> 640000 | E46: =SUM(E7:E45) -> 24000 | F46: =SUM(F7:F45) -> 0 | G46: =SUM(G7:G45) -> 1052500 | H46: =SUM(H7:H45) -> 239000 | I46: =SUM(I7:I45) -> 10500 | J46: =SUM(J7:J45) -> 0 | ... R46: =SUM(R7:R45) -> 0
G49: TONTINE + REMB + INTERET VENTE | H49: =D73+H73+Q46 -> 839000
G50: VENDUE | H50: =IF(H49>=900000,300000*3,300000*2) -> 600000
D51: TONTINE | E51: =+D46 -> 640000
D52: PENALITE VERSEMENT ESPECES | E52: =E46 -> 24000 | G52: PETIT LOT | H52: =H49-H50 -> 239000
D53: VENTE PETIT LOT | E53: =+H46 -> 239000
D54: INTERET VENTE PETIT LOT | E54: =+I46 -> 10500 | G54: RELIQUAT | H54: =H52-H46 -> 0 | I54: CUMUL
D55: REMBOURSEMENT VENTE PETIT LOT | E55: =+L46 -> 109000
D56: INTERET VENTE LOT PRINCIPAL | E56: =+Q46 -> 90000
D57: SANCTION | E57: =[5]MVTDEC!$E$49 -> 0
D58: EPARGNE | E58: =[5]MVTDEC!$E$50 -> 265500
D59: FONDS DE ROULEMENT | E59: =[5]MVTDEC!$E$51 -> 16500
D60: FRAIS EXCEPTIONNELS | E60: =[5]MVTDEC!$E$52 -> 33000
D61: COLLATION | E61: =[5]MVTDEC!$E$53 -> 82500
D62: MUTUELLE | E62: =[5]MVTDEC!$E$55 -> 0
D63: PRÊT FONDS | E63: =[5]MVTDEC!$E$56 -> 2000000
D64: INTERET FONDS | E64: =[5]MVTDEC!$E$57 -> 120000
D65: REMBOURSEMENT PRÊT FONDS | E65: =[5]MVTDEC!$E$58 -> 1000000
D66: PENALITE PRET FONDS | E66: =[5]MVTDEC!$E$59 -> 0
D67: PENALITE FONDS | E67: =[5]MVTDEC!$E$60 -> 0
D69: MONTANT TONTINE | F69: MONTANT VERSE | G69: PENALITE VST ESPECES | H69: REMBOURSEMENT PETIT LOT | I69: VENTE PETIT LOT | J69: VENTE LOT PRINCIPAL | L69: SOLDE EN CAISSE
D70: =SUMIFS(D7:D45,F7:F45,"ESPECES") -> 180000 | E70: ESPECES | F70: =SUMIFS(G7:G45,F7:F45,"ESPECES") -> 309000 | G70: =+E46 -> 24000 | H70: =SUMIFS(L7:L45,M7:M45,"ESPECES") -> 83500 | I70: =SUMIFS(H7:H45,J7:J45,"ESPECES") -> 0 | J70: =SUMIFS(P7:P45,N7:N45,"ESPECES") -> 0 | L70: =F70+H70+G70-I70-J70 -> 416500
D71: =SUMIFS(D7:D45,F7:F45,"BANQUE") -> 460000 | E71: BANQUE | F71: =SUMIFS(G7:G45,F7:F45,"BANQUE") -> 743500 | H71: =SUMIFS(L7:L45,M7:M45,"BANQUE") -> 25500 | I71: =SUMIFS(H7:H45,J7:J45,"BANQUE") -> 0 | J71: =SUMIFS(P7:P45,M7:M45,"BANQUE") -> 0 | L71: =F71+H71-I71-J71 -> 769000
D73: =D70+D71 -> 640000 | E73: TOTAL | F73: =F70+F71 -> 1052500 | H73: =H70+H71 -> 109000 | I73: =I70+I71 -> 0 | J73: 0 | L73: =F73+H73-I73-J73 -> 1161500
D74: =D73+R46 -> 640000 | E74: TOTAL+DEPOT
D75: MONTANT TONTINE | E75: 300000
D76: MONTANT PETIT LOT A VENDRE | E76: =L46+Q46 -> 199000

Sheet TONTJANV
A1: ASSOCIATION | B1: ASELBY
A2: ANNEE | B2: 2019/2020
A3: TONTINE | B3: 30000
C4: 43849
A5: MATRICULE | B5: NOM ET PRENOM | C5: RESTE | D5: MONTANT TONTINE | E5: PENALITE VERSEMENT ESPECES | F5: MODE VERSEMENT | G5: MONTANT VERSE | H5: VENTE PETIT LOT | I5: INTERET PETIT LOT | J5: MODE VERSEMENT VENTE PETIT LOT | K5: NUMERO CHEQUE | L5: REMBOURSEMENT PETIT LOT | M5: MODE VERSEMENT REMBOURSEMENT | N5: MODE VERSEMENTLOT PRINCIPAL | O5: NUMERO CHEQUE | P5: MONTANT TONTINE LOT PRINCIPAL | Q5: INTERET LOT PRINCIPAL | R5: DEPOT
A6: AS201648 | B6: =VLOOKUP(A6,[4]LISTADHERENT!A$5:H$60,3,0) -> ASELBY | C6: =IF(G6=0,0,G6-D6) -> 0 | D6: =IF(F6="ECHEC",0,IF(F6="",0,20000)) -> 0 | E6: =IF(F6="ESPECES",3000,0) -> 0 | G6: =IF(F6="BANQUE",30000,IF(F6="ESPECES",30000,0)) -> 0 | L6: =TONTDEC!H6+TONTDEC!I6 -> 0 | P6: =IF(Q6=0,0,($E$76-Q6)) -> 0
A7: AS201602 | B7: =VLOOKUP(A7,[4]LISTADHERENT!A$5:H$60,3,0) -> BOUTCHOUANG WILLIAM | C7: =IF(G7=0,0,G7-D7) -> 10000 | D7: =IF(F7="ECHEC",0,IF(F7="",0,20000)) -> 20000 | E7: =IF(F7="ESPECES",3000,0) -> 0 | F7: BANQUE | G7: =IF(F7="BANQUE",30000,IF(F7="ESPECES",30000,0)) -> 30000 | L7: =TONTDEC!H7+TONTDEC!I7 -> 0 | P7: =IF(Q7=0,0,($E$75-Q7)) -> 0
A8: AS201604 | B8: =VLOOKUP(A8,[4]LISTADHERENT!A$5:H$60,3,0) -> DJOMO JEAN PAUL | C8: =IF(G8=0,0,G8-D8) -> 10000 | D8: =IF(F8="ECHEC",0,IF(F8="",0,20000)) -> 20000 | E8: =IF(F8="ESPECES",3000,0) -> 0 | F8: BANQUE | G8: =IF(F8="BANQUE",30000,IF(F8="ESPECES",30000,0)) -> 30000 | L8: =TONTDEC!H8+TONTDEC!I8 -> 0 | P8: =IF(Q8=0,0,($E$75-Q8)) -> 0
A9: AS201654 | B9: =VLOOKUP(A9,[4]LISTADHERENT!A$5:H$60,3,0) -> DJOMOU TCHANDA | C9: =IF(G9=0,0,G9-D9) -> 110000 | D9: =IF(F9="ECHEC",0,IF(F9="",0,20000)) -> 20000 | E9: =IF(F9="ESPECES",3000,0) -> 0 | F9: BANQUE | G9: =IF(F9="BANQUE",30000,IF(F9="ESPECES",30000,0))+100000 -> 130000 | L9: =TONTDEC!H9+TONTDEC!I9 -> 0 | P9: =IF(Q9=0,0,($E$75-Q9)) -> 0
A10: AS201605 | B10: =VLOOKUP(A10,[4]LISTADHERENT!A$5:H$60,3,0) -> DJOUKWE NANGUEN GUY BLAISE | C10: =IF(G10=0,0,G10-D10) -> 10000 | D10: =IF(F10="ECHEC",0,IF(F10="",0,20000)) -> 20000 | E10: =IF(F10="ESPECES",3000,0) -> 0 | F10: BANQUE | G10: =IF(F10="BANQUE",30000,IF(F10="ESPECES",30000,0)) -> 30000 | L10: =TONTDEC!H10+TONTDEC!I10 -> 0 | P10: =IF(Q10=0,0,($E$75-Q10)) -> 0
A11: AS201608 | B11: =VLOOKUP(A11,[4]LISTADHERENT!A$5:H$60,3,0) -> DJUOMBESSY ANTOINE | C11: =IF(G11=0,0,G11-D11) -> 10000 | D11: =IF(F11="ECHEC",0,IF(F11="",0,20000)) -> 20000 | E11: =IF(F11="ESPECES",3000,0) -> 0 | F11: BANQUE | G11: =IF(F11="BANQUE",30000,IF(F11="ESPECES",30000,0)) -> 30000 | L11: =TONTDEC!H11+TONTDEC!I11 -> 0 | P11: =IF(Q11=0,0,($E$75-Q11)) -> 0
A12: AS201651 | B12: =VLOOKUP(A12,[4]LISTADHERENT!A$5:H$60,3,0) -> DOMOU FABIEN | C12: =IF(G12=0,0,G12-D12) -> 10000 | D12: =IF(F12="ECHEC",0,IF(F12="",0,20000)) -> 20000 | E12: =IF(F12="ESPECES",3000,0) -> 0 | F12: BANQUE | G12: =IF(F12="BANQUE",30000,IF(F12="ESPECES",30000,0)) -> 30000 | L12: =TONTDEC!H12+TONTDEC!I12 -> 0 | P12: =IF(Q12=0,0,($E$75-Q12)) -> 0
A13: AS201609 | B13: =VLOOKUP(A13,[4]LISTADHERENT!A$5:H$60,3,0) -> DONHOU DAVID | C13: =IF(G13=0,0,G13-D13) -> 10000 | D13: =IF(F13="ECHEC",0,IF(F13="",0,20000)) -> 20000 | E13: =IF(F13="ESPECES",3000,0) -> 0 | F13: BANQUE | G13: =IF(F13="BANQUE",30000,IF(F13="ESPECES",30000,0)) -> 30000 | L13: =TONTDEC!H13+TONTDEC!I13 -> 0 | P13: =IF(Q13=0,0,($E$75-Q13)) -> 0
A14: AS201610 | B14: =VLOOKUP(A14,[4]LISTADHERENT!A$5:H$60,3,0) -> FOTSO THOMAS | C14: =IF(G14=0,0,G14-D14) -> 10000 | D14: =IF(F14="ECHEC",0,IF(F14="",0,20000)) -> 20000 | E14: =IF(F14="ESPECES",3000,0) -> 0 | F14: BANQUE | G14: =IF(F14="BANQUE",30000,IF(F14="ESPECES",30000,0)) -> 30000 | H14: 51500 | I14: 3000 | L14: =TONTDEC!H14+TONTDEC!I14 -> 51500 | M14: ECHEC | P14: =IF(Q14=0,0,($E$75-Q14)) -> 0
A15: AS201611 | B15: =VLOOKUP(A15,[4]LISTADHERENT!A$5:H$60,3,0) -> HENGUE PAUL OMER | C15: =IF(G15=0,0,G15-D15) -> 15000 | D15: 40000 | E15: 3000 | F15: BANQUE | G15: =IF(F15="BANQUE",30000,IF(F15="ESPECES",30000,0))+25000 -> 55000 | L15: =TONTDEC!H15+TONTDEC!I15 -> 0 | P15: =IF(Q15=0,0,($E$75-Q15)) -> 0
A16: AS201613 | B16: =VLOOKUP(A16,[4]LISTADHERENT!A$5:H$60,3,0) -> HOTCHO BENJAMIN | C16: =IF(G16=0,0,G16-D16) -> 5000 | D16: =IF(F16="ECHEC",0,IF(F16="",0,20000)) -> 20000 | E16: =IF(F16="ESPECES",3000,0) -> 0 | F16: BANQUE | G16: =IF(F16="BANQUE",30000,IF(F16="ESPECES",30000,0))-5000 -> 25000 | L16: =TONTDEC!H16+TONTDEC!I16 -> 0 | P16: =IF(Q16=0,0,($E$75-Q16)) -> 0
A17: AS201615 | B17: =VLOOKUP(A17,[4]LISTADHERENT!A$5:H$60,3,0) -> KEPSEU FRANCIS | C17: =IF(G17=0,0,G17-D17) -> 10000 | D17: =IF(F17="ECHEC",0,IF(F17="",0,20000)) -> 20000 | E17: =IF(F17="ESPECES",3000,0) -> 0 | F17: BANQUE | G17: =IF(F17="BANQUE",30000,IF(F17="ESPECES",30000,0)) -> 30000 | L17: =TONTDEC!H17+TONTDEC!I17 -> 0 | P17: =IF(Q17=0,0,($E$75-Q17)) -> 0
A18: AS201618 | B18: =VLOOKUP(A18,[4]LISTADHERENT!A$5:H$60,3,0) -> KOUAMO VICTOR PEGUY | C18: =IF(G18=0,0,G18-D18) -> 10000 | D18: =IF(F18="ECHEC",0,IF(F18="",0,20000)) -> 20000 | E18: 0 | F18: ESPECES | G18: =IF(F18="BANQUE",30000,IF(F18="ESPECES",30000,0)) -> 30000 | L18: =TONTDEC!H18+TONTDEC!I18 -> 0 | P18: =IF(Q18=0,0,($E$75-Q18)) -> 0
A19: AS201617 | B19: =VLOOKUP(A19,[4]LISTADHERENT!A$5:H$60,3,0) -> KOUAMOU MOISE | C19: =IF(G19=0,0,G19-D19) -> 10000 | D19: =IF(F19="ECHEC",0,IF(F19="",0,20000)) -> 20000 | E19: =IF(F19="ESPECES",3000,0) -> 0 | F19: BANQUE | G19: =IF(F19="BANQUE",30000,IF(F19="ESPECES",30000,0)) -> 30000 | H19: 30000 | I19: 2500 | L19: =TONTDEC!H19+TONTDEC!I19 -> 0 | P19: =IF(Q19=0,0,($E$75-Q19)) -> 0
A20: AS201619 | B20: =VLOOKUP(A20,[4]LISTADHERENT!A$5:H$60,3,0) -> KOUATCHO MESSACK | C20: =IF(G20=0,0,G20-D20) -> 10000 | D20: =IF(F20="ECHEC",0,IF(F20="",0,20000)) -> 20000 | E20: =IF(F20="ESPECES",3000,0) -> 3000 | F20: ESPECES | G20: =IF(F20="BANQUE",30000,IF(F20="ESPECES",30000,0)) -> 30000 | L20: =TONTDEC!H20+TONTDEC!I20 -> 0 | P20: =IF(Q20=0,0,($E$75-Q20)) -> 277000 | Q20: 23000
A21: AS201620 | B21: =VLOOKUP(A21,[4]LISTADHERENT!A$5:H$60,3,0) -> LOWE JEAN | C21: =IF(G21=0,0,G21-D21) -> 10000 | D21: =IF(F21="ECHEC",0,IF(F21="",0,20000)) -> 20000 | E21: =IF(F21="ESPECES",3000,0) -> 0 | F21: BANQUE | G21: =IF(F21="BANQUE",30000,IF(F21="ESPECES",30000,0)) -> 30000 | L21: =TONTDEC!H21+TONTDEC!I21 -> 0 | P21: =IF(Q21=0,0,($E$75-Q21)) -> 0
A22: AS201649 | B22: =VLOOKUP(A22,[4]LISTADHERENT!A$5:H$60,3,0) -> MBOGNING TUGMA GUY | C22: =IF(G22=0,0,G22-D22) -> 10000 | D22: =IF(F22="ECHEC",0,IF(F22="",0,20000)) -> 20000 | E22: =IF(F22="ESPECES",3000,0) -> 0 | F22: BANQUE | G22: =IF(F22="BANQUE",30000,IF(F22="ESPECES",30000,0)) -> 30000 | L22: =TONTDEC!H22+TONTDEC!I22 -> 0 | P22: =IF(Q22=0,0,($E$75-Q22)) -> 0
A23: AS201639 | B23: =VLOOKUP(A23,[4]LISTADHERENT!A$5:H$60,3,0) -> NANGUEN MARTIN | C23: =IF(G23=0,0,G23-D23) -> 10000 | D23: =IF(F23="ECHEC",0,IF(F23="",0,20000)) -> 20000 | E23: =IF(F23="ESPECES",3000,0) -> 0 | F23: BANQUE | G23: =IF(F23="BANQUE",30000,IF(F23="ESPECES",30000,0)) -> 30000 | L23: =TONTDEC!H23+TONTDEC!I23 -> 0 | P23: =IF(Q23=0,0,($E$75-Q23)) -> 0
A24: AS201621 | B24: =VLOOKUP(A24,[4]LISTADHERENT!A$5:H$60,3,0) -> NANKAM APPOLINAIRE | C24: =IF(G24=0,0,G24-D24) -> 10000 | D24: =IF(F24="ECHEC",0,IF(F24="",0,20000)) -> 20000 | E24: =IF(F24="ESPECES",3000,0) -> 0 | F24: BANQUE | G24: =IF(F24="BANQUE",30000,IF(F24="ESPECES",30000,0)) -> 30000 | L24: =TONTDEC!H24+TONTDEC!I24 -> 0 | P24: =IF(Q24=0,0,($E$75-Q24)) -> 0
A25: AS201622 | B25: =VLOOKUP(A25,[4]LISTADHERENT!A$5:H$60,3,0) -> NDJOMO ETIENNE | C25: =IF(G25=0,0,G25-D25) -> 14000 | D25: =IF(F25="ECHEC",0,IF(F25="",0,20000)) -> 20000 | E25: =IF(F25="ESPECES",3000,0) -> 0 | F25: BANQUE | G25: =IF(F25="BANQUE",30000,IF(F25="ESPECES",30000,0))+4000 -> 34000 | L25: =TONTDEC!H25+TONTDEC!I25 -> 0 | P25: =IF(Q25=0,0,($E$75-Q25)) -> 0
A26: AS201624 | B26: =VLOOKUP(A26,[4]LISTADHERENT!A$5:H$60,3,0) -> NGONDIEP CLAUDE | C26: =IF(G26=0,0,G26-D26) -> 20000 | D26: =IF(F26="ECHEC",0,IF(F26="",0,20000)) -> 20000 | E26: =IF(F26="ESPECES",3000,0) -> 0 | F26: BANQUE | G26: =IF(F26="BANQUE",30000,IF(F26="ESPECES",30000,0))+10000 -> 40000 | L26: =TONTDEC!H26+TONTDEC!I26 -> 0 | P26: =IF(Q26=0,0,($E$75-Q26)) -> 0
A27: AS201626 | B27: =VLOOKUP(A27,[4]LISTADHERENT!A$5:H$60,3,0) -> NGUIEMEGNI MATHIEU BLAISE | C27: =IF(G27=0,0,G27-D27) -> 10000 | D27: =IF(F27="ECHEC",0,IF(F27="",0,20000)) -> 20000 | E27: =IF(F27="ESPECES",3000,0) -> 0 | F27: BANQUE | G27: =IF(F27="BANQUE",30000,IF(F27="ESPECES",30000,0)) -> 30000 | L27: =TONTDEC!H27+TONTDEC!I27 -> 0 | P27: =IF(Q27=0,0,($E$75-Q27)) -> 0
A28: AS201628 | B28: =VLOOKUP(A28,[4]LISTADHERENT!A$5:H$60,3,0) -> NKAMGANG JUSTIN DEJOLIE | C28: =IF(G28=0,0,G28-D28) -> 10000 | D28: =IF(F28="ECHEC",0,IF(F28="",0,20000)) -> 20000 | E28: =IF(F28="ESPECES",3000,0) -> 3000 | F28: ESPECES | G28: =IF(F28="BANQUE",30000,IF(F28="ESPECES",30000,0)) -> 30000 | L28: =TONTDEC!H28+TONTDEC!I28 -> 52000 | M28: ESPECES | P28: =IF(Q28=0,0,($E$75-Q28)) -> 263000 | Q28: 37000
A29: AS201614 | B29: =VLOOKUP(A29,[4]LISTADHERENT!A$5:H$60,3,0) -> NKEHE DAVID | C29: =IF(G29=0,0,G29-D29) -> 10000 | D29: =IF(F29="ECHEC",0,IF(F29="",0,20000)) -> 20000 | E29: =IF(F29="ESPECES",3000,0) -> 0 | F29: BANQUE | G29: =IF(F29="BANQUE",30000,IF(F29="ESPECES",30000,0)) -> 30000 | L29: =TONTDEC!H29+TONTDEC!I29 -> 53000 | M29: BANQUE | P29: =IF(Q29=0,0,($E$75-Q29)) -> 275000 | Q29: 25000
A30: AS201629 | B30: =VLOOKUP(A30,[4]LISTADHERENT!A$5:H$60,3,0) -> NKEPSEU DIEUDONNE | C30: =IF(G30=0,0,G30-D30) -> 20000 | D30: =IF(F30="ECHEC",0,IF(F30="",0,20000)) -> 20000 | E30: =IF(F30="ESPECES",3000,0) -> 0 | F30: BANQUE | G30: =IF(F30="BANQUE",30000,IF(F30="ESPECES",30000,0))+10000 -> 40000 | L30: =TONTDEC!H30+TONTDEC!I30 -> 40000 | M30: BANQUE | P30: =IF(Q30=0,0,($E$75-Q30)) -> 0
A31: AS201633 | B31: =VLOOKUP(A31,[4]LISTADHERENT!A$5:H$60,3,0) -> PATEGO NJOSSU GUSTAVE | C31: =IF(G31=0,0,G31-D31) -> 10000 | D31: =IF(F31="ECHEC",0,IF(F31="",0,20000)) -> 20000 | E31: =IF(F31="ESPECES",3000,0) -> 0 | F31: BANQUE | G31: =IF(F31="BANQUE",30000,IF(F31="ESPECES",30000,0)) -> 30000 | L31: =TONTDEC!H31+TONTDEC!I31 -> 0 | P31: =IF(Q31=0,0,($E$75-Q31)) -> 0
A32: AS201653 | B32: =VLOOKUP(A32,[4]LISTADHERENT!A$5:H$60,3,0) -> SIME BRICE | C32: =IF(G32=0,0,G32-D32) -> 50000 | D32: =IF(F32="ECHEC",0,IF(F32="",0,20000)) -> 20000 | E32: =IF(F32="ESPECES",3000,0) -> 0 | F32: BANQUE | G32: 70000 | L32: =TONTDEC!H32+TONTDEC!I32 -> 0 | P32: =IF(Q32=0,0,($E$75-Q32)) -> 0
A33: AS201636 | B33: =VLOOKUP(A33,[4]LISTADHERENT!A$5:H$60,3,0) -> SIMO FONGANG ERIC | C33: =IF(G33=0,0,G33-D33) -> 10000 | D33: =IF(F33="ECHEC",0,IF(F33="",0,20000)) -> 20000 | E33: =IF(F33="ESPECES",3000,0) -> 0 | F33: BANQUE | G33: =IF(F33="BANQUE",30000,IF(F33="ESPECES",30000,0)) -> 30000 | L33: =TONTDEC!H33+TONTDEC!I33 -> 0 | P33: =IF(Q33=0,0,($E$75-Q33)) -> 0
A34: AS201637 | B34: =VLOOKUP(A34,[4]LISTADHERENT!A$5:H$60,3,0) -> SIME MATHIEU | C34: =IF(G34=0,0,G34-D34) -> 10000 | D34: =IF(F34="ECHEC",0,IF(F34="",0,20000)) -> 20000 | E34: =IF(F34="ESPECES",3000,0) -> 0 | F34: BANQUE | G34: =IF(F34="BANQUE",30000,IF(F34="ESPECES",30000,0)) -> 30000 | L34: =TONTDEC!H34+TONTDEC!I34 -> 0 | P34: =IF(Q34=0,0,($E$75-Q34)) -> 0
A35: AS201638 | B35: =VLOOKUP(A35,[4]LISTADHERENT!A$5:H$60,3,0) -> SIMO PIERRE | C35: =IF(G35=0,0,G35-D35) -> 10000 | D35: =IF(F35="ECHEC",0,IF(F35="",0,20000)) -> 20000 | E35: =IF(F35="ESPECES",3000,0) -> 0 | F35: BANQUE | G35: =IF(F35="BANQUE",30000,IF(F35="ESPECES",30000,0)) -> 30000 | L35: =TONTDEC!H35+TONTDEC!I35 -> 0 | P35: =IF(Q35=0,0,($E$75-Q35)) -> 0
A36: AS201641 | B36: =VLOOKUP(A36,[4]LISTADHERENT!A$5:H$60,3,0) -> TCHOUAMOU MATHIEU | C36: =IF(G36=0,0,G36-D36) -> 10000 | D36: =IF(F36="ECHEC",0,IF(F36="",0,20000)) -> 20000 | E36: =IF(F36="ESPECES",3000,0) -> 0 | F36: BANQUE | G36: =IF(F36="BANQUE",30000,IF(F36="ESPECES",30000,0)) -> 30000 | L36: =TONTDEC!H36+TONTDEC!I36 -> 0 | P36: =IF(Q36=0,0,($E$75-Q36)) -> 0
A37: AS201644 | B37: =VLOOKUP(A37,[4]LISTADHERENT!A$5:H$60,3,0) -> TIEYAM ERNEST | C37: =IF(G37=0,0,G37-D37) -> 10000 | D37: =IF(F37="ECHEC",0,IF(F37="",0,20000)) -> 20000 | E37: =IF(F37="ESPECES",3000,0) -> 0 | F37: BANQUE | G37: =IF(F37="BANQUE",30000,IF(F37="ESPECES",30000,0)) -> 30000 | H37: 33000 | I37: 3000 | L37: =TONTDEC!H37+TONTDEC!I37 -> 53000 | M37: ESPECES | P37: =IF(Q37=0,0,($E$75-Q37)) -> 0
A38: AS201646 | B38: =VLOOKUP(A38,[4]LISTADHERENT!A$5:H$60,3,0) -> YEPMOU JEAN JACQUES | C38: =IF(G38=0,0,G38-D38) -> 10000 | D38: =IF(F38="ECHEC",0,IF(F38="",0,20000)) -> 20000 | E38: =IF(F38="ESPECES",3000,0) -> 3000 | F38: ESPECES | G38: =IF(F38="BANQUE",30000,IF(F38="ESPECES",30000,0)) -> 30000 | L38: =TONTDEC!H38+TONTDEC!I38 -> 0 | P38: =IF(Q38=0,0,($E$75-Q38)) -> 0
A39: AS201647 | B39: =VLOOKUP(A39,[4]LISTADHERENT!A$5:H$60,3,0) -> YOUMBI EMMANUEL | C39: =IF(G39=0,0,G39-D39) -> 10000 | D39: =IF(F39="ECHEC",0,IF(F39="",0,20000)) -> 20000 | E39: =IF(F39="ESPECES",3000,0) -> 0 | F39: BANQUE | G39: =IF(F39="BANQUE",30000,IF(F39="ESPECES",30000,0)) -> 30000 | L39: =TONTDEC!H39+TONTDEC!I39 -> 0 | P39: =IF(Q39=0,0,($E$75-Q39)) -> 0
A40: AS201655 | B40: =VLOOKUP(A40,[4]LISTADHERENT!A$5:H$60,3,0) -> TCHEMHOU EMMANUEL
A46: TOTAL | C46: =SUM(C7:C45) -> 494000 | D46: =SUM(D7:D45) -> 680000 | E46: =SUM(E7:E45) -> 12000 | F46: =SUM(F7:F45) -> 0 | G46: =SUM(G7:G45) -> 1174000 | H46: =SUM(H7:H45) -> 114500 | I46: =SUM(I7:I45) -> 8500 | J46: =SUM(J7:J45) -> 0 | ... R46: =SUM(R7:R45) -> 0
G49: TONTINE + REMB + INTERET VENTE | H49: =D73+H73+Q46 -> 963000
G50: VENDUE | H50: =IF(H49>=900000,300000*3,300000*2) -> 900000
D51: TONTINE | E51: =+D46 -> 680000
D52: PENALITE VERSEMENT ESPECES | E52: =E46 -> 12000 | G52: PETIT LOT | H52: =H49-H50 -> 63000
D53: VENTE PETIT LOT | E53: =+H46 -> 114500
D54: INTERET VENTE PETIT LOT | E54: =+I46 -> 8500 | G54: RELIQUAT | H54: =H52-H46 -> -51500
D55: REMBOURSEMENT VENTE PETIT LOT | E55: =H73 -> 198000 | G55: RAPPEL DECEMBRE 20119 | H55: 20000
D56: INTERET VENTE LOT PRINCIPAL | E56: =+Q46 -> 85000
D57: SANCTION | E57: =[5]MVTJANV!$E$49 -> 0 | H57: =H54+H55 -> -31500
D58: EPARGNE | E58: =[5]MVTJANV!$E$50 -> 362000
D59: FONDS DE ROULEMENT | E59: =[5]MVTJANV!$E$51 -> 16500
D60: FRAIS EXCEPTIONNELS | E60: =[5]MVTJANV!$E$52 -> 33000
D61: COLLATION | E61: =[5]MVTJANV!$E$53 -> 82500
D62: MUTUELLE | E62: =[5]MVTJANV!$E$55 -> 0
D63: PRÊT FONDS | E63: =[5]MVTJANV!$E$56 -> 4200000
D64: INTERET FONDS | E64: =[5]MVTJANV!$E$57 -> 244000
D65: REMBOURSEMENT PRÊT FONDS | E65: =[5]MVTJANV!$E$58 -> 3500000
D66: PENALITE PRET FONDS | E66: =[5]MVTJANV!$E$59 -> 0
D67: PENALITE FONDS | E67: =[5]MVTJANV!$E$60 -> 0
D69: MONTANT TONTINE | F69: MONTANT VERSE | G69: PENALITE VST ESPECES | H69: REMBOURSEMENT PETIT LOT | I69: VENTE PETIT LOT | J69: VENTE LOT PRINCIPAL | L69: SOLDE EN CAISSE
D70: =SUMIFS(D7:D45,F7:F45,"ESPECES") -> 80000 | E70: ESPECES | F70: =SUMIFS(G7:G45,F7:F45,"ESPECES") -> 120000 | G70: =+E46 -> 12000 | H70: =SUMIFS(L7:L45,M7:M45,"ESPECES") -> 105000 | I70: =SUMIFS(H7:H45,J7:J45,"ESPECES") -> 0 | J70: =SUMIFS(P7:P45,N7:N45,"ESPECES") -> 0 | L70: =F70+H70+G70-I70-J70 -> 237000
D71: =SUMIFS(D7:D45,F7:F45,"BANQUE") -> 600000 | E71: BANQUE | F71: =SUMIFS(G7:G45,F7:F45,"BANQUE") -> 1054000 | H71: =SUMIFS(L7:L45,M7:M45,"BANQUE") -> 93000 | I71: =SUMIFS(H7:H45,J7:J45,"BANQUE") -> 0 | J71: =SUMIFS(P7:P45,M7:M45,"BANQUE") -> 275000 | L71: =F71+H71-I71-J71 -> 872000
D73: =D70+D71 -> 680000 | E73: TOTAL | F73: =F70+F71 -> 1174000 | H73: =H70+H71 -> 198000 | I73: =I70+I71 -> 0 | J73: 0 | L73: =F73+H73-I73-J73 -> 1372000
D74: =D73+R46 -> 680000 | E74: TOTAL+DEPOT
D75: MONTANT TONTINE | E75: 300000
D76: MONTANT PETIT LOT A VENDRE | E76: =L46+Q46 -> 334500

Sheet TONTFEV
A1: ASSOCIATION | B1: ASELBY
A2: ANNEE | B2: 2019/2020
A3: TONTINE | B3: 30000
C4: 43877
A5: MATRICULE | B5: NOM ET PRENOM | C5: RESTE | D5: MONTANT TONTINE | E5: PENALITE VERSEMENT ESPECES | F5: MODE VERSEMENT | G5: MONTANT VERSE | H5: VENTE PETIT LOT | I5: INTERET PETIT LOT | J5: MODE VERSEMENT VENTE PETIT LOT | K5: NUMERO CHEQUE | L5: REMBOURSEMENT PETIT LOT | M5: MODE VERSEMENT REMBOURSEMENT | N5: MODE VERSEMENTLOT PRINCIPAL | O5: NUMERO CHEQUE | P5: MONTANT TONTINE LOT PRINCIPAL | Q5: INTERET LOT PRINCIPAL | R5: DEPOT
A6: AS201648 | B6: =VLOOKUP(A6,[4]LISTADHERENT!A$5:H$60,3,0) -> ASELBY | C6: =IF(G6=0,0,G6-D6) -> 0 | D6: =IF(F6="ECHEC",0,IF(F6="",0,20000)) -> 0 | E6: =IF(F6="ESPECES",3000,0) -> 0 | F6: ECHEC | G6: =IF(F6="BANQUE",30000,IF(F6="ESPECES",30000,0)) -> 0 | L6: =TONTJANV!H6+TONTJANV!I6 -> 0 | P6: =IF(Q6=0,0,($E$76-Q6)) -> 0
A7: AS201602 | B7: =VLOOKUP(A7,[4]LISTADHERENT!A$5:H$60,3,0) -> BOUTCHOUANG WILLIAM | C7: =IF(G7=0,0,G7-D7) -> 10000 | D7: =IF(F7="ECHEC",0,IF(F7="",0,20000)) -> 20000 | E7: =IF(F7="ESPECES",3000,0) -> 0 | F7: BANQUE | G7: =IF(F7="BANQUE",30000,IF(F7="ESPECES",30000,0)) -> 30000 | L7: =TONTJANV!H7+TONTJANV!I7 -> 0 | P7: =IF(Q7=0,0,($E$75-Q7)) -> 0
A8: AS201604 | B8: =VLOOKUP(A8,[4]LISTADHERENT!A$5:H$60,3,0) -> DJOMO JEAN PAUL | C8: =IF(G8=0,0,G8-D8) -> 10000 | D8: =IF(F8="ECHEC",0,IF(F8="",0,20000)) -> 20000 | E8: =IF(F8="ESPECES",3000,0) -> 0 | F8: BANQUE | G8: =IF(F8="BANQUE",30000,IF(F8="ESPECES",30000,0)) -> 30000 | H8: =30000+24500 -> 54500 | I8: =500+2500 -> 3000 | L8: =TONTJANV!H8+TONTJANV!I8 -> 0 | P8: =IF(Q8=0,0,($E$75-Q8)) -> 0
A9: AS201654 | B9: =VLOOKUP(A9,[4]LISTADHERENT!A$5:H$60,3,0) -> DJOMOU TCHANDA | C9: =IF(G9=0,0,G9-D9) -> 110000 | D9: =IF(F9="ECHEC",0,IF(F9="",0,20000)) -> 20000 | E9: =IF(F9="ESPECES",3000,0) -> 0 | F9: BANQUE | G9: =IF(F9="BANQUE",30000,IF(F9="ESPECES",30000,0))+100000 -> 130000 | L9: =TONTJANV!H9+TONTJANV!I9 -> 0 | P9: =IF(Q9=0,0,($E$75-Q9)) -> 0
A10: AS201605 | B10: =VLOOKUP(A10,[4]LISTADHERENT!A$5:H$60,3,0) -> DJOUKWE NANGUEN GUY BLAISE | C10: =IF(G10=0,0,G10-D10) -> 20000 | D10: =IF(F10="ECHEC",0,IF(F10="",0,20000)) -> 20000 | E10: =IF(F10="ESPECES",3000,0) -> 0 | F10: BANQUE | G10: =IF(F10="BANQUE",30000,IF(F10="ESPECES",30000,0))+10000 -> 40000 | L10: =TONTJANV!H10+TONTJANV!I10 -> 0 | P10: =IF(Q10=0,0,($E$75-Q10)) -> 0
A11: AS201608 | B11: =VLOOKUP(A11,[4]LISTADHERENT!A$5:H$60,3,0) -> DJUOMBESSY ANTOINE | C11: =IF(G11=0,0,G11-D11) -> 10000 | D11: =IF(F11="ECHEC",0,IF(F11="",0,20000)) -> 20000 | E11: =IF(F11="ESPECES",3000,0) -> 0 | F11: BANQUE | G11: =IF(F11="BANQUE",30000,IF(F11="ESPECES",30000,0)) -> 30000 | L11: =TONTJANV!H11+TONTJANV!I11 -> 0 | P11: =IF(Q11=0,0,($E$75-Q11)) -> 0
A12: AS201651 | B12: =VLOOKUP(A12,[4]LISTADHERENT!A$5:H$60,3,0) -> DOMOU FABIEN | C12: =IF(G12=0,0,G12-D12) -> 10000 | D12: =IF(F12="ECHEC",0,IF(F12="",0,20000)) -> 20000 | E12: =IF(F12="ESPECES",3000,0) -> 0 | F12: BANQUE | G12: =IF(F12="BANQUE",30000,IF(F12="ESPECES",30000,0)) -> 30000 | L12: =TONTJANV!H12+TONTJANV!I12 -> 0 | P12: =IF(Q12=0,0,($E$75-Q12)) -> 0
A13: AS201609 | B13: =VLOOKUP(A13,[4]LISTADHERENT!A$5:H$60,3,0) -> DONHOU DAVID | C13: =IF(G13=0,0,G13-D13) -> 10000 | D13: =IF(F13="ECHEC",0,IF(F13="",0,20000)) -> 20000 | E13: =IF(F13="ESPECES",3000,0) -> 0 | F13: BANQUE | G13: =IF(F13="BANQUE",30000,IF(F13="ESPECES",30000,0)) -> 30000 | L13: =TONTJANV!H13+TONTJANV!I13 -> 0 | P13: =IF(Q13=0,0,($E$75-Q13)) -> 0
A14: AS201610 | B14: =VLOOKUP(A14,[4]LISTADHERENT!A$5:H$60,3,0) -> FOTSO THOMAS | C14: =IF(G14=0,0,G14-D14) -> 7000 | D14: =IF(F14="ECHEC",0,IF(F14="",0,20000)) -> 20000 | E14: =IF(F14="ESPECES",3000,0) -> 3000 | F14: ESPECES | G14: =IF(F14="BANQUE",30000,IF(F14="ESPECES",30000,0))-3000 -> 27000 | H14: 54500 | I14: 0 | L14: =TONTJANV!H14+TONTJANV!I14 -> 54500 | M14: ECHEC | P14: =IF(Q14=0,0,($E$75-Q14)) -> 0
A15: AS201611 | B15: =VLOOKUP(A15,[4]LISTADHERENT!A$5:H$60,3,0) -> HENGUE PAUL OMER | C15: =IF(G15=0,0,G15-D15) -> 10000 | D15: =IF(F15="ECHEC",0,IF(F15="",0,20000)) -> 20000 | E15: =IF(F15="ESPECES",3000,0) -> 0 | F15: BANQUE | G15: =IF(F15="BANQUE",30000,IF(F15="ESPECES",30000,0)) -> 30000 | L15: =TONTJANV!H15+TONTJANV!I15 -> 0 | P15: =IF(Q15=0,0,($E$75-Q15)) -> 0
A16: AS201613 | B16: =VLOOKUP(A16,[4]LISTADHERENT!A$5:H$60,3,0) -> HOTCHO BENJAMIN | C16: =IF(G16=0,0,G16-D16) -> 25000 | D16: =IF(F16="ECHEC",0,IF(F16="",0,20000)) -> 20000 | E16: =IF(F16="ESPECES",3000,0) -> 0 | F16: BANQUE | G16: =IF(F16="BANQUE",30000,IF(F16="ESPECES",30000,0))+15000 -> 45000 | L16: =TONTJANV!H16+TONTJANV!I16 -> 0 | P16: =IF(Q16=0,0,($E$75-Q16)) -> 0
A17: AS201615 | B17: =VLOOKUP(A17,[4]LISTADHERENT!A$5:H$60,3,0) -> KEPSEU FRANCIS | C17: =IF(G17=0,0,G17-D17) -> 10000 | D17: =IF(F17="ECHEC",0,IF(F17="",0,20000)) -> 20000 | E17: =IF(F17="ESPECES",3000,0) -> 0 | F17: BANQUE | G17: =IF(F17="BANQUE",30000,IF(F17="ESPECES",30000,0)) -> 30000 | L17: =TONTJANV!H17+TONTJANV!I17 -> 0 | P17: =IF(Q17=0,0,($E$75-Q17)) -> 0
A18: AS201618 | B18: =VLOOKUP(A18,[4]LISTADHERENT!A$5:H$60,3,0) -> KOUAMO VICTOR PEGUY | C18: =IF(G18=0,0,G18-D18) -> 0 | D18: =IF(F18="ECHEC",0,IF(F18="",0,20000)) -> 0 | E18: =IF(F18="ESPECES",3000,0) -> 0 | F18: ECHEC | G18: =IF(F18="BANQUE",30000,IF(F18="ESPECES",30000,0)) -> 0 | L18: =TONTJANV!H18+TONTJANV!I18 -> 0 | P18: =IF(Q18=0,0,($E$75-Q18)) -> 0
A19: AS201617 | B19: =VLOOKUP(A19,[4]LISTADHERENT!A$5:H$60,3,0) -> KOUAMOU MOISE | C19: =IF(G19=0,0,G19-D19) -> 10000 | D19: =IF(F19="ECHEC",0,IF(F19="",0,20000)) -> 20000 | E19: =IF(F19="ESPECES",3000,0) -> 0 | F19: BANQUE | G19: =IF(F19="BANQUE",30000,IF(F19="ESPECES",30000,0)) -> 30000 | H19: 1000 | I19: 0 | L19: =TONTJANV!H19+TONTJANV!I19-1000 -> 31500 | M19: BANQUE | P19: =IF(Q19=0,0,($E$75-Q19)) -> 279000 | Q19: 21000
A20: AS201619 | B20: =VLOOKUP(A20,[4]LISTADHERENT!A$5:H$60,3,0) -> KOUATCHO MESSACK | C20: =IF(G20=0,0,G20-D20) -> 10000 | D20: =IF(F20="ECHEC",0,IF(F20="",0,20000)) -> 20000 | E20: =IF(F20="ESPECES",3000,0) -> 0 | F20: BANQUE | G20: =IF(F20="BANQUE",30000,IF(F20="ESPECES",30000,0)) -> 30000 | L20: =TONTJANV!H20+TONTJANV!I20 -> 0 | P20: =IF(Q20=0,0,($E$75-Q20)) -> 0
A21: AS201620 | B21: =VLOOKUP(A21,[4]LISTADHERENT!A$5:H$60,3,0) -> LOWE JEAN | C21: =IF(G21=0,0,G21-D21) -> 10000 | D21: =IF(F21="ECHEC",0,IF(F21="",0,20000)) -> 20000 | E21: =IF(F21="ESPECES",3000,0) -> 0 | F21: BANQUE | G21: =IF(F21="BANQUE",30000,IF(F21="ESPECES",30000,0)) -> 30000 | L21: =TONTJANV!H21+TONTJANV!I21 -> 0 | P21: =IF(Q21=0,0,($E$75-Q21)) -> 0
A22: AS201649 | B22: =VLOOKUP(A22,[4]LISTADHERENT!A$5:H$60,3,0) -> MBOGNING TUGMA GUY | C22: =IF(G22=0,0,G22-D22) -> 10000 | D22: =IF(F22="ECHEC",0,IF(F22="",0,20000)) -> 20000 | E22: =IF(F22="ESPECES",3000,0) -> 0 | F22: BANQUE | G22: =IF(F22="BANQUE",30000,IF(F22="ESPECES",30000,0)) -> 30000 | L22: =TONTJANV!H22+TONTJANV!I22 -> 0 | P22: =IF(Q22=0,0,($E$75-Q22)) -> 278000 | Q22: 22000
A23: AS201639 | B23: =VLOOKUP(A23,[4]LISTADHERENT!A$5:H$60,3,0) -> NANGUEN MARTIN | C23: =IF(G23=0,0,G23-D23) -> 10000 | D23: =IF(F23="ECHEC",0,IF(F23="",0,20000)) -> 20000 | E23: =IF(F23="ESPECES",3000,0) -> 0 | F23: BANQUE | G23: =IF(F23="BANQUE",30000,IF(F23="ESPECES",30000,0)) -> 30000 | L23: =TONTJANV!H23+TONTJANV!I23 -> 0 | P23: =IF(Q23=0,0,($E$75-Q23)) -> 0
A24: AS201621 | B24: =VLOOKUP(A24,[4]LISTADHERENT!A$5:H$60,3,0) -> NANKAM APPOLINAIRE | C24: =IF(G24=0,0,G24-D24) -> 10000 | D24: =IF(F24="ECHEC",0,IF(F24="",0,20000)) -> 20000 | E24: =IF(F24="ESPECES",3000,0) -> 0 | F24: BANQUE | G24: =IF(F24="BANQUE",30000,IF(F24="ESPECES",30000,0)) -> 30000 | L24: =TONTJANV!H24+TONTJANV!I24 -> 0 | P24: =IF(Q24=0,0,($E$75-Q24)) -> 0
A25: AS201622 | B25: =VLOOKUP(A25,[4]LISTADHERENT!A$5:H$60,3,0) -> NDJOMO ETIENNE | C25: =IF(G25=0,0,G25-D25) -> 14000 | D25: =IF(F25="ECHEC",0,IF(F25="",0,20000)) -> 20000 | E25: =IF(F25="ESPECES",3000,0) -> 0 | F25: BANQUE | G25: =IF(F25="BANQUE",30000,IF(F25="ESPECES",30000,0))+4000 -> 34000 | L25: =TONTJANV!H25+TONTJANV!I25 -> 0 | P25: =IF(Q25=0,0,($E$75-Q25)) -> 0
A26: AS201624 | B26: =VLOOKUP(A26,[4]LISTADHERENT!A$5:H$60,3,0) -> NGONDIEP CLAUDE | C26: =IF(G26=0,0,G26-D26) -> 20000 | D26: =IF(F26="ECHEC",0,IF(F26="",0,20000)) -> 20000 | E26: =IF(F26="ESPECES",3000,0) -> 0 | F26: BANQUE | G26: =IF(F26="BANQUE",30000,IF(F26="ESPECES",30000,0))+10000 -> 40000 | L26: =TONTJANV!H26+TONTJANV!I26 -> 0 | P26: =IF(Q26=0,0,($E$75-Q26)) -> 0
A27: AS201626 | B27: =VLOOKUP(A27,[4]LISTADHERENT!A$5:H$60,3,0) -> NGUIEMEGNI MATHIEU BLAISE | C27: =IF(G27=0,0,G27-D27) -> 10000 | D27: =IF(F27="ECHEC",0,IF(F27="",0,20000)) -> 20000 | E27: =IF(F27="ESPECES",3000,0) -> 0 | F27: BANQUE | G27: =IF(F27="BANQUE",30000,IF(F27="ESPECES",30000,0)) -> 30000 | L27: =TONTJANV!H27+TONTJANV!I27 -> 0 | P27: =IF(Q27=0,0,($E$75-Q27)) -> 0
A28: AS201628 | B28: =VLOOKUP(A28,[4]LISTADHERENT!A$5:H$60,3,0) -> NKAMGANG JUSTIN DEJOLIE | C28: =IF(G28=0,0,G28-D28) -> 10000 | D28: =IF(F28="ECHEC",0,IF(F28="",0,20000)) -> 20000 | E28: =IF(F28="ESPECES",3000,0) -> 3000 | F28: ESPECES | G28: =IF(F28="BANQUE",30000,IF(F28="ESPECES",30000,0)) -> 30000 | H28: 30000 | I28: 1000 | L28: =TONTJANV!H28+TONTJANV!I28 -> 0 | P28: =IF(Q28=0,0,($E$75-Q28)) -> 0
A29: AS201614 | B29: =VLOOKUP(A29,[4]LISTADHERENT!A$5:H$60,3,0) -> NKEHE DAVID | C29: =IF(G29=0,0,G29-D29) -> 10000 | D29: =IF(F29="ECHEC",0,IF(F29="",0,20000)) -> 20000 | E29: =IF(F29="ESPECES",3000,0) -> 3000 | F29: ESPECES | G29: =IF(F29="BANQUE",30000,IF(F29="ESPECES",30000,0)) -> 30000 | L29: =TONTJANV!H29+TONTJANV!I29 -> 0 | P29: =IF(Q29=0,0,($E$75-Q29)) -> 0
A30: AS201629 | B30: =VLOOKUP(A30,[4]LISTADHERENT!A$5:H$60,3,0) -> NKEPSEU DIEUDONNE | C30: =IF(G30=0,0,G30-D30) -> 10000 | D30: =IF(F30="ECHEC",0,IF(F30="",0,20000)) -> 20000 | E30: =IF(F30="ESPECES",3000,0) -> 0 | F30: BANQUE | G30: =IF(F30="BANQUE",30000,IF(F30="ESPECES",30000,0)) -> 30000 | H30: 30000 | I30: 2000 | L30: =TONTJANV!H30+TONTJANV!I30 -> 0 | P30: =IF(Q30=0,0,($E$75-Q30)) -> 0
A31: AS201633 | B31: =VLOOKUP(A31,[4]LISTADHERENT!A$5:H$60,3,0) -> PATEGO NJOSSU GUSTAVE | C31: =IF(G31=0,0,G31-D31) -> 10000 | D31: =IF(F31="ECHEC",0,IF(F31="",0,20000)) -> 20000 | E31: =IF(F31="ESPECES",3000,0) -> 0 | F31: BANQUE | G31: =IF(F31="BANQUE",30000,IF(F31="ESPECES",30000,0)) -> 30000 | L31: =TONTJANV!H31+TONTJANV!I31 -> 0 | P31: =IF(Q31=0,0,($E$75-Q31)) -> 0
A32: AS201653 | B32: =VLOOKUP(A32,[4]LISTADHERENT!A$5:H$60,3,0) -> SIME BRICE | C32: =IF(G32=0,0,G32-D32) -> 50000 | D32: =IF(F32="ECHEC",0,IF(F32="",0,20000)) -> 20000 | E32: =IF(F32="ESPECES",3000,0) -> 0 | F32: BANQUE | G32: =IF(F32="BANQUE",30000,IF(F32="ESPECES",30000,0))+40000 -> 70000 | L32: =TONTJANV!H32+TONTJANV!I32 -> 0 | P32: =IF(Q32=0,0,($E$75-Q32)) -> 0
A33: AS201636 | B33: =VLOOKUP(A33,[4]LISTADHERENT!A$5:H$60,3,0) -> SIMO FONGANG ERIC | C33: =IF(G33=0,0,G33-D33) -> 10000 | D33: =IF(F33="ECHEC",0,IF(F33="",0,20000)) -> 20000 | E33: =IF(F33="ESPECES",3000,0) -> 3000 | F33: ESPECES | G33: =IF(F33="BANQUE",30000,IF(F33="ESPECES",30000,0)) -> 30000 | L33: =TONTJANV!H33+TONTJANV!I33 -> 0 | P33: =IF(Q33=0,0,($E$75-Q33)) -> 0
A34: AS201637 | B34: =VLOOKUP(A34,[4]LISTADHERENT!A$5:H$60,3,0) -> SIME MATHIEU | C34: =IF(G34=0,0,G34-D34) -> 10000 | D34: =IF(F34="ECHEC",0,IF(F34="",0,20000)) -> 20000 | E34: =IF(F34="ESPECES",3000,0) -> 0 | F34: BANQUE | G34: =IF(F34="BANQUE",30000,IF(F34="ESPECES",30000,0)) -> 30000 | L34: =TONTJANV!H34+TONTJANV!I34 -> 0 | P34: =IF(Q34=0,0,($E$75-Q34)) -> 0
A35: AS201638 | B35: =VLOOKUP(A35,[4]LISTADHERENT!A$5:H$60,3,0) -> SIMO PIERRE | C35: =IF(G35=0,0,G35-D35) -> 15000 | D35: =IF(F35="ECHEC",0,IF(F35="",0,20000)) -> 20000 | E35: =IF(F35="ESPECES",3000,0) -> 0 | F35: BANQUE | G35: =IF(F35="BANQUE",30000,IF(F35="ESPECES",30000,0))+5000 -> 35000 | L35: =TONTJANV!H35+TONTJANV!I35 -> 0 | P35: =IF(Q35=0,0,($E$75-Q35)) -> 0
A36: AS201641 | B36: =VLOOKUP(A36,[4]LISTADHERENT!A$5:H$60,3,0) -> TCHOUAMOU MATHIEU | C36: =IF(G36=0,0,G36-D36) -> 10000 | D36: =IF(F36="ECHEC",0,IF(F36="",0,20000)) -> 20000 | E36: =IF(F36="ESPECES",3000,0) -> 0 | F36: BANQUE | G36: =IF(F36="BANQUE",30000,IF(F36="ESPECES",30000,0)) -> 30000 | L36: =TONTJANV!H36+TONTJANV!I36 -> 0 | P36: =IF(Q36=0,0,($E$75-Q36)) -> 0
A37: AS201644 | B37: =VLOOKUP(A37,[4]LISTADHERENT!A$5:H$60,3,0) -> TIEYAM ERNEST | C37: =IF(G37=0,0,G37-D37) -> 0 | D37: =IF(F37="ECHEC",0,IF(F37="",0,20000)) -> 0 | E37: =IF(F37="ESPECES",3000,0) -> 0 | F37: ECHEC | G37: =IF(F37="BANQUE",30000,IF(F37="ESPECES",30000,0)) -> 0 | H37: 36000 | I37: 6000 | L37: =TONTJANV!H37+TONTJANV!I37 -> 36000 | M37: ECHEC | P37: =IF(Q37=0,0,($E$75-Q37)) -> 0
A38: AS201646 | B38: =VLOOKUP(A38,[4]LISTADHERENT!A$5:H$60,3,0) -> YEPMOU JEAN JACQUES | C38: =IF(G38=0,0,G38-D38) -> 10000 | D38: =IF(F38="ECHEC",0,IF(F38="",0,20000)) -> 20000 | E38: =IF(F38="ESPECES",3000,0) -> 0 | F38: BANQUE | G38: =IF(F38="BANQUE",30000,IF(F38="ESPECES",30000,0)) -> 30000 | L38: =TONTJANV!H38+TONTJANV!I38 -> 0 | P38: =IF(Q38=0,0,($E$75-Q38)) -> 0
A39: AS201647 | B39: =VLOOKUP(A39,[4]LISTADHERENT!A$5:H$60,3,0) -> YOUMBI EMMANUEL | C39: =IF(G39=0,0,G39-D39) -> 10000 | D39: =IF(F39="ECHEC",0,IF(F39="",0,20000)) -> 20000 | E39: =IF(F39="ESPECES",3000,0) -> 0 | F39: BANQUE | G39: =IF(F39="BANQUE",30000,IF(F39="ESPECES",30000,0)) -> 30000 | L39: =TONTJANV!H39+TONTJANV!I39 -> 0 | P39: =IF(Q39=0,0,($E$75-Q39)) -> 0
A40: AS201655 | B40: =VLOOKUP(A40,[4]LISTADHERENT!A$5:H$60,3,0) -> TCHEMHOU EMMANUEL
A46: TOTAL | C46: =SUM(C7:C45) -> 491000 | D46: =SUM(D7:D45) -> 620000 | E46: =SUM(E7:E45) -> 12000 | F46: =SUM(F7:F45) -> 0 | G46: =SUM(G7:G45) -> 1111000 | H46: =SUM(H7:H45) -> 206000 | I46: =SUM(I7:I45) -> 12000 | J46: =SUM(J7:J45) -> 0 | ... R46: =SUM(R7:R45) -> 0
G49: TONTINE + REMB + INTERET VENTE | H49: =D73+H73+Q46+20000 -> 714500
G50: VENDUE | H50: =IF(H49>=900000,300000*3,300000*2) -> 600000
D51: TONTINE | E51: =+D46 -> 620000
D52: PENALITE VERSEMENT ESPECES | E52: =E46 -> 12000 | G52: PETIT LOT | H52: =H49-H50 -> 114500
D53: VENTE PETIT LOT | E53: =+H46 -> 206000
D54: INTERET VENTE PETIT LOT | E54: =+I46 -> 12000 | G54: RELIQUAT | H54: =H52-H46 -> -91500
D55: REMBOURSEMENT VENTE PETIT LOT | E55: =+L46 -> 122000
D56: INTERET VENTE LOT PRINCIPAL | E56: =+Q46 -> 43000 | G56: ECHEC TONTINE | H56: 30000
D57: SANCTION | E57: =[5]MVTFEV!$E$49 -> 0 | G57: ECHEC REMBOURSEMENT | H57: =36000+54500+1000 -> 91500
D58: EPARGNE | E58: =[5]MVTFEV!$E$50 -> 367000
D59: FONDS DE ROULEMENT | E59: =[5]MVTFEV!$E$51 -> 15500
D60: FRAIS EXCEPTIONNELS | E60: =[5]MVTFEV!$E$52 -> 31000
D61: COLLATION | E61: =[5]MVTFEV!$E$53 -> 77500
D62: MUTUELLE | E62: =[5]MVTFEV!$E$55 -> 0
D63: PRÊT FONDS | E63: =[5]MVTFEV!$E$56 -> 0
D64: INTERET FONDS | E64: =[5]MVTFEV!$E$57 -> 0
D65: REMBOURSEMENT PRÊT FONDS | E65: =[5]MVTFEV!$E$58 -> 1480000
D66: PENALITE PRET FONDS | E66: =[5]MVTFEV!$E$59 -> 0
D67: PENALITE FONDS | E67: =[5]MVTFEV!$E$60 -> 0
D69: MONTANT TONTINE | F69: MONTANT VERSE | G69: PENALITE VST ESPECES | H69: REMBOURSEMENT PETIT LOT | I69: VENTE PETIT LOT | J69: VENTE LOT PRINCIPAL | L69: SOLDE EN CAISSE
D70: =SUMIFS(D7:D45,F7:F45,"ESPECES") -> 80000 | E70: ESPECES | F70: =SUMIFS(G7:G45,F7:F45,"ESPECES") -> 117000 | G70: =+E46 -> 12000 | H70: =SUMIFS(L7:L45,M7:M45,"ESPECES") -> 0 | I70: =SUMIFS(H7:H45,J7:J45,"ESPECES") -> 0 | J70: =SUMIFS(P7:P45,N7:N45,"ESPECES") -> 0 | L70: =F70+H70+G70-I70-J70 -> 129000
D71: =SUMIFS(D7:D45,F7:F45,"BANQUE") -> 540000 | E71: BANQUE | F71: =SUMIFS(G7:G45,F7:F45,"BANQUE") -> 994000 | H71: =SUMIFS(L7:L45,M7:M45,"BANQUE") -> 31500 | I71: =SUMIFS(H7:H45,J7:J45,"BANQUE") -> 0 | J71: =SUMIFS(P7:P45,M7:M45,"BANQUE") -> 279000 | L71: =F71+H71-I71-J71 -> 746500
D73: =D70+D71 -> 620000 | E73: TOTAL | F73: =F70+F71 -> 1111000 | H73: =H70+H71 -> 31500 | I73: =I70+I71 -> 0 | J73: 0 | L73: =F73+H73-I73-J73 -> 1142500
D74: =D73+R46 -> 620000 | E74: TOTAL+DEPOT
D75: MONTANT TONTINE | E75: 300000
D76: MONTANT PETIT LOT A VENDRE | E76: =L46+Q46 -> 165000

Sheet TONTMARS
A1: ASSOCIATION | B1: ASELBY
A2: ANNEE | B2: 2019/2020
A3: TONTINE | B3: 30000
C4: 43912
A5: MATRICULE | B5: NOM ET PRENOM | C5: RESTE | D5: MONTANT TONTINE | E5: PENALITE VERSEMENT ESPECES | F5: MODE VERSEMENT | G5: MONTANT VERSE | H5: VENTE PETIT LOT | I5: INTERET PETIT LOT | J5: MODE VERSEMENT VENTE PETIT LOT | K5: NUMERO CHEQUE | L5: REMBOURSEMENT PETIT LOT | M5: MODE VERSEMENT REMBOURSEMENT | N5: MODE VERSEMENTLOT PRINCIPAL | O5: NUMERO CHEQUE | P5: MONTANT TONTINE LOT PRINCIPAL | Q5: INTERET LOT PRINCIPAL | R5: DEPOT
A6: AS201648 | B6: =VLOOKUP(A6,[4]LISTADHERENT!A$5:H$60,3,0) -> ASELBY | C6: =IF(G6=0,0,G6-D6) -> 0 | D6: =IF(F6="ECHEC",0,IF(F6="",0,20000)) -> 0 | E6: =IF(F6="ESPECES",3000,0) -> 0 | F6: ECHEC | G6: =IF(F6="BANQUE",30000,IF(F6="ESPECES",30000,0)) -> 0 | L6: =TONTFEV!H6+TONTFEV!I6 -> 0 | P6: =IF(Q6=0,0,($E$76-Q6)) -> 0
A7: AS201602 | B7: =VLOOKUP(A7,[4]LISTADHERENT!A$5:H$60,3,0) -> BOUTCHOUANG WILLIAM | C7: =IF(G7=0,0,G7-D7) -> 10000 | D7: =IF(F7="ECHEC",0,IF(F7="",0,20000)) -> 20000 | E7: =IF(F7="ESPECES",3000,0) -> 0 | F7: BANQUE | G7: =IF(F7="BANQUE",30000,IF(F7="ESPECES",30000,0)) -> 30000 | L7: =TONTFEV!H7+TONTFEV!I7 -> 0 | P7: =IF(Q7=0,0,($E$75-Q7)) -> 0
A8: AS201604 | B8: =VLOOKUP(A8,[4]LISTADHERENT!A$5:H$60,3,0) -> DJOMO JEAN PAUL | C8: =IF(G8=0,0,G8-D8) -> 10000 | D8: =IF(F8="ECHEC",0,IF(F8="",0,20000)) -> 20000 | E8: =IF(F8="ESPECES",3000,0) -> 0 | F8: BANQUE | G8: =IF(F8="BANQUE",30000,IF(F8="ESPECES",30000,0)) -> 30000 | L8: =TONTFEV!H8+TONTFEV!I8 -> 57500 | M8: BANQUE | P8: =IF(Q8=0,0,($E$75-Q8)) -> 0
A9: AS201654 | B9: =VLOOKUP(A9,[4]LISTADHERENT!A$5:H$60,3,0) -> DJOMOU TCHANDA | C9: =IF(G9=0,0,G9-D9) -> 40000 | D9: =IF(F9="ECHEC",0,IF(F9="",0,20000)) -> 20000 | E9: =IF(F9="ESPECES",3000,0) -> 0 | F9: BANQUE | G9: =IF(F9="BANQUE",30000,IF(F9="ESPECES",30000,0))+30000 -> 60000 | L9: =TONTFEV!H9+TONTFEV!I9 -> 0 | P9: =IF(Q9=0,0,($E$75-Q9)) -> 0
A10: AS201605 | B10: =VLOOKUP(A10,[4]LISTADHERENT!A$5:H$60,3,0) -> DJOUKWE NANGUEN GUY BLAISE | C10: =IF(G10=0,0,G10-D10) -> 10000 | D10: =IF(F10="ECHEC",0,IF(F10="",0,20000)) -> 20000 | E10: =IF(F10="ESPECES",3000,0) -> 0 | F10: BANQUE | G10: =IF(F10="BANQUE",30000,IF(F10="ESPECES",30000,0)) -> 30000 | L10: =TONTFEV!H10+TONTFEV!I10 -> 0 | P10: =IF(Q10=0,0,($E$75-Q10)) -> 0
A11: AS201608 | B11: =VLOOKUP(A11,[4]LISTADHERENT!A$5:H$60,3,0) -> DJUOMBESSY ANTOINE | C11: =IF(G11=0,0,G11-D11) -> 10000 | D11: =IF(F11="ECHEC",0,IF(F11="",0,20000)) -> 20000 | E11: =IF(F11="ESPECES",3000,0) -> 0 | F11: BANQUE | G11: =IF(F11="BANQUE",30000,IF(F11="ESPECES",30000,0)) -> 30000 | L11: =TONTFEV!H11+TONTFEV!I11 -> 0 | P11: =IF(Q11=0,0,($E$75-Q11)) -> 0
A12: AS201651 | B12: =VLOOKUP(A12,[4]LISTADHERENT!A$5:H$60,3,0) -> DOMOU FABIEN | C12: =IF(G12=0,0,G12-D12) -> 10000 | D12: =IF(F12="ECHEC",0,IF(F12="",0,20000)) -> 20000 | E12: =IF(F12="ESPECES",3000,0) -> 0 | F12: BANQUE | G12: =IF(F12="BANQUE",30000,IF(F12="ESPECES",30000,0)) -> 30000 | L12: =TONTFEV!H12+TONTFEV!I12 -> 0 | P12: =IF(Q12=0,0,($E$75-Q12)) -> 0
A13: AS201609 | B13: =VLOOKUP(A13,[4]LISTADHERENT!A$5:H$60,3,0) -> DONHOU DAVID | C13: =IF(G13=0,0,G13-D13) -> 10000 | D13: =IF(F13="ECHEC",0,IF(F13="",0,20000)) -> 20000 | E13: =IF(F13="ESPECES",3000,0) -> 3000 | F13: ESPECES | G13: =IF(F13="BANQUE",30000,IF(F13="ESPECES",30000,0)) -> 30000 | L13: =TONTFEV!H13+TONTFEV!I13 -> 0 | P13: =IF(Q13=0,0,($E$75-Q13)) -> 0
A14: AS201610 | B14: =VLOOKUP(A14,[4]LISTADHERENT!A$5:H$60,3,0) -> FOTSO THOMAS | C14: =IF(G14=0,0,G14-D14) -> 10000 | D14: =IF(F14="ECHEC",0,IF(F14="",0,20000)) -> 20000 | E14: =IF(F14="ESPECES",3000,0) -> 0 | F14: BANQUE | G14: =IF(F14="BANQUE",30000,IF(F14="ESPECES",30000,0)) -> 30000 | H14: 54500 | I14: 0 | L14: =TONTFEV!H14+TONTFEV!I14 -> 54500 | M14: ECHEC | P14: =IF(Q14=0,0,($E$75-Q14)) -> 0
A15: AS201611 | B15: =VLOOKUP(A15,[4]LISTADHERENT!A$5:H$60,3,0) -> HENGUE PAUL OMER | C15: =IF(G15=0,0,G15-D15) -> 10000 | D15: =IF(F15="ECHEC",0,IF(F15="",0,20000)) -> 20000 | E15: =IF(F15="ESPECES",3000,0) -> 0 | F15: BANQUE | G15: =IF(F15="BANQUE",30000,IF(F15="ESPECES",30000,0)) -> 30000 | L15: =TONTFEV!H15+TONTFEV!I15 -> 0 | P15: =IF(Q15=0,0,($E$75-Q15)) -> 0
A16: AS201613 | B16: =VLOOKUP(A16,[4]LISTADHERENT!A$5:H$60,3,0) -> HOTCHO BENJAMIN | C16: =IF(G16=0,0,G16-D16) -> 10000 | D16: =IF(F16="ECHEC",0,IF(F16="",0,20000)) -> 20000 | E16: =IF(F16="ESPECES",3000,0) -> 0 | F16: BANQUE | G16: =IF(F16="BANQUE",30000,IF(F16="ESPECES",30000,0)) -> 30000 | L16: =TONTFEV!H16+TONTFEV!I16 -> 0 | P16: =IF(Q16=0,0,($E$75-Q16)) -> 0
A17: AS201615 | B17: =VLOOKUP(A17,[4]LISTADHERENT!A$5:H$60,3,0) -> KEPSEU FRANCIS | C17: =IF(G17=0,0,G17-D17) -> 10000 | D17: =IF(F17="ECHEC",0,IF(F17="",0,20000)) -> 20000 | E17: =IF(F17="ESPECES",3000,0) -> 0 | F17: BANQUE | G17: =IF(F17="BANQUE",30000,IF(F17="ESPECES",30000,0)) -> 30000 | L17: =TONTFEV!H17+TONTFEV!I17 -> 0 | P17: =IF(Q17=0,0,($E$75-Q17)) -> 0
A18: AS201618 | B18: =VLOOKUP(A18,[4]LISTADHERENT!A$5:H$60,3,0) -> KOUAMO VICTOR PEGUY | C18: =IF(G18=0,0,G18-D18) -> 0 | D18: =IF(F18="ECHEC",0,IF(F18="",0,20000)) -> 0 | E18: =IF(F18="ESPECES",3000,0) -> 0 | F18: ECHEC | G18: =IF(F18="BANQUE",30000,IF(F18="ESPECES",30000,0)) -> 0 | L18: =TONTFEV!H18+TONTFEV!I18 -> 0 | P18: =IF(Q18=0,0,($E$75-Q18)) -> 0
A19: AS201617 | B19: =VLOOKUP(A19,[4]LISTADHERENT!A$5:H$60,3,0) -> KOUAMOU MOISE | C19: =IF(G19=0,0,G19-D19) -> 10000 | D19: =IF(F19="ECHEC",0,IF(F19="",0,20000)) -> 20000 | E19: =IF(F19="ESPECES",3000,0) -> 0 | F19: BANQUE | G19: =IF(F19="BANQUE",30000,IF(F19="ESPECES",30000,0)) -> 30000 | H19: 1000 | I19: 0 | L19: =TONTFEV!H19+TONTFEV!I19 -> 1000 | M19: E CHEC | P19: =IF(Q19=0,0,($E$75-Q19)) -> 0
A20: AS201619 | B20: =VLOOKUP(A20,[4]LISTADHERENT!A$5:H$60,3,0) -> KOUATCHO MESSACK | C20: =IF(G20=0,0,G20-D20) -> 10000 | D20: =IF(F20="ECHEC",0,IF(F20="",0,20000)) -> 20000 | E20: =IF(F20="ESPECES",3000,0) -> 0 | F20: BANQUE | G20: =IF(F20="BANQUE",30000,IF(F20="ESPECES",30000,0)) -> 30000 | L20: =TONTFEV!H20+TONTFEV!I20 -> 0 | P20: =IF(Q20=0,0,($E$75-Q20)) -> 0
A21: AS201620 | B21: =VLOOKUP(A21,[4]LISTADHERENT!A$5:H$60,3,0) -> LOWE JEAN | C21: =IF(G21=0,0,G21-D21) -> 10000 | D21: =IF(F21="ECHEC",0,IF(F21="",0,20000)) -> 20000 | E21: =IF(F21="ESPECES",3000,0) -> 3000 | F21: ESPECES | G21: =IF(F21="BANQUE",30000,IF(F21="ESPECES",30000,0)) -> 30000 | L21: =TONTFEV!H21+TONTFEV!I21 -> 0 | P21: =IF(Q21=0,0,($E$75-Q21)) -> 269000 | Q21: 31000
A22: AS201649 | B22: =VLOOKUP(A22,[4]LISTADHERENT!A$5:H$60,3,0) -> MBOGNING TUGMA GUY | C22: =IF(G22=0,0,G22-D22) -> 10000 | D22: =IF(F22="ECHEC",0,IF(F22="",0,20000)) -> 20000 | E22: =IF(F22="ESPECES",3000,0) -> 0 | F22: BANQUE | G22: =IF(F22="BANQUE",30000,IF(F22="ESPECES",30000,0)) -> 30000 | L22: =TONTFEV!H22+TONTFEV!I22 -> 0 | P22: =IF(Q22=0,0,($E$75-Q22)) -> 0
A23: AS201639 | B23: =VLOOKUP(A23,[4]LISTADHERENT!A$5:H$60,3,0) -> NANGUEN MARTIN | C23: =IF(G23=0,0,G23-D23) -> 10000 | D23: =IF(F23="ECHEC",0,IF(F23="",0,20000)) -> 20000 | E23: =IF(F23="ESPECES",3000,0) -> 3000 | F23: ESPECES | G23: =IF(F23="BANQUE",30000,IF(F23="ESPECES",30000,0)) -> 30000 | L23: =TONTFEV!H23+TONTFEV!I23 -> 0 | P23: =IF(Q23=0,0,($E$75-Q23)) -> 0
A24: AS201621 | B24: =VLOOKUP(A24,[4]LISTADHERENT!A$5:H$60,3,0) -> NANKAM APPOLINAIRE | C24: =IF(G24=0,0,G24-D24) -> 10000 | D24: =IF(F24="ECHEC",0,IF(F24="",0,20000)) -> 20000 | E24: =IF(F24="ESPECES",3000,0) -> 0 | F24: BANQUE | G24: =IF(F24="BANQUE",30000,IF(F24="ESPECES",30000,0)) -> 30000 | L24: =TONTFEV!H24+TONTFEV!I24 -> 0 | P24: =IF(Q24=0,0,($E$75-Q24)) -> 0
A25: AS201622 | B25: =VLOOKUP(A25,[4]LISTADHERENT!A$5:H$60,3,0) -> NDJOMO ETIENNE | C25: =IF(G25=0,0,G25-D25) -> 14000 | D25: =IF(F25="ECHEC",0,IF(F25="",0,20000)) -> 20000 | E25: =IF(F25="ESPECES",3000,0) -> 0 | F25: BANQUE | G25: =IF(F25="BANQUE",30000,IF(F25="ESPECES",30000,0))+4000 -> 34000 | L25: =TONTFEV!H25+TONTFEV!I25 -> 0 | P25: =IF(Q25=0,0,($E$75-Q25)) -> 0
A26: AS201624 | B26: =VLOOKUP(A26,[4]LISTADHERENT!A$5:H$60,3,0) -> NGONDIEP CLAUDE | C26: =IF(G26=0,0,G26-D26) -> 20000 | D26: =IF(F26="ECHEC",0,IF(F26="",0,20000)) -> 20000 | E26: =IF(F26="ESPECES",3000,0) -> 0 | F26: BANQUE | G26: =IF(F26="BANQUE",30000,IF(F26="ESPECES",30000,0))+10000 -> 40000 | L26: =TONTFEV!H26+TONTFEV!I26 -> 0 | P26: =IF(Q26=0,0,($E$75-Q26)) -> 0
A27: AS201626 | B27: =VLOOKUP(A27,[4]LISTADHERENT!A$5:H$60,3,0) -> NGUIEMEGNI MATHIEU BLAISE | C27: =IF(G27=0,0,G27-D27) -> 10000 | D27: =IF(F27="ECHEC",0,IF(F27="",0,20000)) -> 20000 | E27: =IF(F27="ESPECES",3000,0) -> 0 | F27: BANQUE | G27: =IF(F27="BANQUE",30000,IF(F27="ESPECES",30000,0)) -> 30000 | L27: =TONTFEV!H27+TONTFEV!I27 -> 0 | P27: =IF(Q27=0,0,($E$75-Q27)) -> 0
A28: AS201628 | B28: =VLOOKUP(A28,[4]LISTADHERENT!A$5:H$60,3,0) -> NKAMGANG JUSTIN DEJOLIE | C28: =IF(G28=0,0,G28-D28) -> 10000 | D28: =IF(F28="ECHEC",0,IF(F28="",0,20000)) -> 20000 | E28: =IF(F28="ESPECES",3000,0) -> 0 | F28: BANQUE | G28: =IF(F28="BANQUE",30000,IF(F28="ESPECES",30000,0)) -> 30000 | L28: =TONTFEV!H28+TONTFEV!I28 -> 31000 | M28: ESPECES | P28: =IF(Q28=0,0,($E$75-Q28)) -> 0
A29: AS201614 | B29: =VLOOKUP(A29,[4]LISTADHERENT!A$5:H$60,3,0) -> NKEHE DAVID | C29: =IF(G29=0,0,G29-D29) -> 10000 | D29: =IF(F29="ECHEC",0,IF(F29="",0,20000)) -> 20000 | E29: =IF(F29="ESPECES",3000,0) -> 0 | F29: BANQUE | G29: =IF(F29="BANQUE",30000,IF(F29="ESPECES",30000,0)) -> 30000 | L29: =TONTFEV!H29+TONTFEV!I29 -> 0 | P29: =IF(Q29=0,0,($E$75-Q29)) -> 0
A30: AS201629 | B30: =VLOOKUP(A30,[4]LISTADHERENT!A$5:H$60,3,0) -> NKEPSEU DIEUDONNE | C30: =IF(G30=0,0,G30-D30) -> 10000 | D30: =IF(F30="ECHEC",0,IF(F30="",0,20000)) -> 20000 | E30: =IF(F30="ESPECES",3000,0) -> 0 | F30: BANQUE | G30: =IF(F30="BANQUE",30000,IF(F30="ESPECES",30000,0)) -> 30000 | L30: =TONTFEV!H30+TONTFEV!I30 -> 32000 | M30: BANQUE | P30: =IF(Q30=0,0,($E$75-Q30)) -> 270000 | Q30: 30000
A31: AS201633 | B31: =VLOOKUP(A31,[4]LISTADHERENT!A$5:H$60,3,0) -> PATEGO NJOSSU GUSTAVE | C31: =IF(G31=0,0,G31-D31) -> 10000 | D31: =IF(F31="ECHEC",0,IF(F31="",0,20000)) -> 20000 | E31: =IF(F31="ESPECES",3000,0) -> 0 | F31: BANQUE | G31: =IF(F31="BANQUE",30000,IF(F31="ESPECES",30000,0)) -> 30000 | L31: =TONTFEV!H31+TONTFEV!I31 -> 0 | P31: =IF(Q31=0,0,($E$75-Q31)) -> 0
A32: AS201653 | B32: =VLOOKUP(A32,[4]LISTADHERENT!A$5:H$60,3,0) -> SIME BRICE | C32: =IF(G32=0,0,G32-D32) -> 50000 | D32: =IF(F32="ECHEC",0,IF(F32="",0,20000)) -> 20000 | E32: =IF(F32="ESPECES",3000,0) -> 0 | F32: BANQUE | G32: =IF(F32="BANQUE",30000,IF(F32="ESPECES",30000,0))+40000 -> 70000 | L32: =TONTFEV!H32+TONTFEV!I32 -> 0 | P32: =IF(Q32=0,0,($E$75-Q32)) -> 0
A33: AS201636 | B33: =VLOOKUP(A33,[4]LISTADHERENT!A$5:H$60,3,0) -> SIMO FONGANG ERIC | C33: =IF(G33=0,0,G33-D33) -> 10000 | D33: =IF(F33="ECHEC",0,IF(F33="",0,20000)) -> 20000 | E33: =IF(F33="ESPECES",3000,0) -> 0 | F33: BANQUE | G33: =IF(F33="BANQUE",30000,IF(F33="ESPECES",30000,0)) -> 30000 | L33: =TONTFEV!H33+TONTFEV!I33 -> 0 | P33: =IF(Q33=0,0,($E$75-Q33)) -> 0
A34: AS201637 | B34: =VLOOKUP(A34,[4]LISTADHERENT!A$5:H$60,3,0) -> SIME MATHIEU | C34: =IF(G34=0,0,G34-D34) -> 10000 | D34: =IF(F34="ECHEC",0,IF(F34="",0,20000)) -> 20000 | E34: =IF(F34="ESPECES",3000,0) -> 0 | F34: BANQUE | G34: =IF(F34="BANQUE",30000,IF(F34="ESPECES",30000,0)) -> 30000 | L34: =TONTFEV!H34+TONTFEV!I34 -> 0 | P34: =IF(Q34=0,0,($E$75-Q34)) -> 0
A35: AS201638 | B35: =VLOOKUP(A35,[4]LISTADHERENT!A$5:H$60,3,0) -> SIMO PIERRE | C35: =IF(G35=0,0,G35-D35) -> 10000 | D35: =IF(F35="ECHEC",0,IF(F35="",0,20000)) -> 20000 | E35: =IF(F35="ESPECES",3000,0) -> 0 | F35: BANQUE | G35: =IF(F35="BANQUE",30000,IF(F35="ESPECES",30000,0)) -> 30000 | L35: =TONTFEV!H35+TONTFEV!I35 -> 0 | P35: =IF(Q35=0,0,($E$75-Q35)) -> 0
A36: AS201641 | B36: =VLOOKUP(A36,[4]LISTADHERENT!A$5:H$60,3,0) -> TCHOUAMOU MATHIEU | C36: =IF(G36=0,0,G36-D36) -> 10000 | D36: =IF(F36="ECHEC",0,IF(F36="",0,20000)) -> 20000 | E36: =IF(F36="ESPECES",3000,0) -> 0 | F36: BANQUE | G36: =IF(F36="BANQUE",30000,IF(F36="ESPECES",30000,0)) -> 30000 | L36: =TONTFEV!H36+TONTFEV!I36 -> 0 | P36: =IF(Q36=0,0,($E$75-Q36)) -> 268000 | Q36: 32000
A37: AS201644 | B37: =VLOOKUP(A37,[4]LISTADHERENT!A$5:H$60,3,0) -> TIEYAM ERNEST | C37: =IF(G37=0,0,G37-D37) -> 40000 | D37: 80000 | E37: =IF(F37="ESPECES",3000,0) -> 0 | F37: BANQUE | G37: 120000 | H37: 42000 | I37: 0 | L37: =TONTFEV!H37+TONTFEV!I37 -> 42000 | M37: ECHEC | P37: =IF(Q37=0,0,($E$75-Q37)) -> 0
A38: AS201646 | B38: =VLOOKUP(A38,[4]LISTADHERENT!A$5:H$60,3,0) -> YEPMOU JEAN JACQUES | C38: =IF(G38=0,0,G38-D38) -> 10000 | D38: =IF(F38="ECHEC",0,IF(F38="",0,20000)) -> 20000 | E38: =IF(F38="ESPECES",3000,0) -> 3000 | F38: ESPECES | G38: =IF(F38="BANQUE",30000,IF(F38="ESPECES",30000,0)) -> 30000 | L38: =TONTFEV!H38+TONTFEV!I38 -> 0 | P38: =IF(Q38=0,0,($E$75-Q38)) -> 0
A39: AS201647 | B39: =VLOOKUP(A39,[4]LISTADHERENT!A$5:H$60,3,0) -> YOUMBI EMMANUEL | C39: =IF(G39=0,0,G39-D39) -> 10000 | D39: =IF(F39="ECHEC",0,IF(F39="",0,20000)) -> 20000 | E39: =IF(F39="ESPECES",3000,0) -> 0 | F39: BANQUE | G39: =IF(F39="BANQUE",30000,IF(F39="ESPECES",30000,0)) -> 30000 | L39: =TONTFEV!H39+TONTFEV!I39 -> 0 | P39: =IF(Q39=0,0,($E$75-Q39)) -> 0
A40: AS201655 | B40: =VLOOKUP(A40,[4]LISTADHERENT!A$5:H$60,3,0) -> TCHEMHOU EMMANUEL
A46: TOTAL | C46: =SUM(C7:C45) -> 434000 | D46: =SUM(D7:D45) -> 700000 | E46: =SUM(E7:E45) -> 12000 | F46: =SUM(F7:F45) -> 0 | G46: =SUM(G7:G45) -> 1134000 | H46: =SUM(H7:H45) -> 97500 | I46: =SUM(I7:I45) -> 0 | J46: =SUM(J7:J45) -> 0 | ... R46: =SUM(R7:R45) -> 0
G49: TONTINE + REMB + INTERET VENTE | H49: =D73+H73+Q46 -> 913500
G50: VENDUE | H50: =IF(H49>=900000,300000*3,300000*2) -> 900000
D51: TONTINE | E51: =+D46 -> 700000
D52: PENALITE VERSEMENT ESPECES | E52: =E46 -> 12000 | G52: PETIT LOT | H52: =H49-H50 -> 13500 | I52: BANQUE
D53: VENTE PETIT LOT | E53: =+H46 -> 97500
D54: INTERET VENTE PETIT LOT | E54: =+I46 -> 0 | G54: RELIQUAT | H54: =H52-H46 -> -84000 | I54: CUMUL
D55: REMBOURSEMENT VENTE PETIT LOT | E55: =+L46 -> 218000
D56: INTERET VENTE LOT PRINCIPAL | E56: =+Q46 -> 93000
D57: SANCTION | E57: =[5]MVTMARS!$E$49 -> 0
D58: EPARGNE | E58: =[5]MVTMARS!$E$50 -> 294000
D59: FONDS DE ROULEMENT | E59: =[5]MVTMARS!$E$51 -> 17500
D60: FRAIS EXCEPTIONNELS | E60: =[5]MVTMARS!$E$52 -> 35000
D61: COLLATION | E61: =[5]MVTMARS!$E$53 -> 87500
D62: MUTUELLE | E62: =[5]MVTMARS!$E$55 -> 0
D63: PRÊT FONDS | E63: =[5]MVTMARS!$E$56 -> 0
D64: INTERET FONDS | E64: =[5]MVTMARS!$E$57 -> 0
D65: REMBOURSEMENT PRÊT FONDS | E65: =[5]MVTMARS!$E$58 -> 800000
D66: PENALITE PRET FONDS | E66: =[5]MVTMARS!$E$59 -> 0
D67: PENALITE FONDS | E67: =[5]MVTMARS!$E$60 -> 0
D69: MONTANT TONTINE | F69: MONTANT VERSE | G69: PENALITE VST ESPECES | H69: REMBOURSEMENT PETIT LOT | I69: VENTE PETIT LOT | J69: VENTE LOT PRINCIPAL | L69: SOLDE EN CAISSE
D70: =SUMIFS(D7:D45,F7:F45,"ESPECES") -> 80000 | E70: ESPECES | F70: =SUMIFS(G7:G45,F7:F45,"ESPECES") -> 120000 | G70: =+E46 -> 12000 | H70: =SUMIFS(L7:L45,M7:M45,"ESPECES") -> 31000 | I70: =SUMIFS(H7:H45,J7:J45,"ESPECES") -> 0 | J70: =SUMIFS(P7:P45,N7:N45,"ESPECES") -> 0 | L70: =F70+H70+G70-I70-J70 -> 163000
D71: =SUMIFS(D7:D45,F7:F45,"BANQUE") -> 620000 | E71: BANQUE | F71: =SUMIFS(G7:G45,F7:F45,"BANQUE") -> 1014000 | H71: =SUMIFS(L7:L45,M7:M45,"BANQUE") -> 89500 | I71: =SUMIFS(H7:H45,J7:J45,"BANQUE") -> 0 | J71: =SUMIFS(P7:P45,M7:M45,"BANQUE") -> 270000 | L71: =F71+H71-I71-J71 -> 833500
D73: =D70+D71 -> 700000 | E73: TOTAL | F73: =F70+F71 -> 1134000 | H73: =H70+H71 -> 120500 | I73: =I70+I71 -> 0 | J73: 0 | L73: =F73+H73-I73-J73 -> 1254500
D74: =D73+R46 -> 700000 | E74: TOTAL+DEPOT
D75: MONTANT TONTINE | E75: 300000
D76: MONTANT PETIT LOT A VENDRE | E76: =L46+Q46 -> 311000

Sheet TONTAVRIL
A1: ASSOCIATION | B1: ASELBY
A2: ANNEE | B2: 2019/2020
A3: TONTINE | B3: 30000
C4: 43940
A5: MATRICULE | B5: NOM ET PRENOM | C5: RESTE | D5: MONTANT TONTINE | E5: PENALITE VERSEMENT ESPECES | F5: MODE VERSEMENT | G5: MONTANT VERSE | H5: VENTE PETIT LOT | I5: INTERET PETIT LOT | J5: MODE VERSEMENT VENTE PETIT LOT | K5: NUMERO CHEQUE | L5: REMBOURSEMENT PETIT LOT | M5: MODE VERSEMENT REMBOURSEMENT | N5: MODE VERSEMENTLOT PRINCIPAL | O5: NUMERO CHEQUE | P5: MONTANT TONTINE LOT PRINCIPAL | Q5: INTERET LOT PRINCIPAL | R5: DEPOT
A6: AS201648 | B6: =VLOOKUP(A6,[4]LISTADHERENT!A$5:H$60,3,0) -> ASELBY | C6: =IF(G6=0,0,G6-D6) -> 0 | D6: =IF(F6="ECHEC",0,IF(F6="",0,20000)) -> 0 | E6: =IF(F6="ESPECES",3000,0) -> 0 | G6: =IF(F6="BANQUE",30000,IF(F6="ESPECES",30000,0)) -> 0 | L6: =TONTMARS!H6+TONTMARS!I6 -> 0 | P6: =IF(Q6=0,0,($E$76-Q6)) -> 0
A7: AS201602 | B7: =VLOOKUP(A7,[4]LISTADHERENT!A$5:H$60,3,0) -> BOUTCHOUANG WILLIAM | C7: =IF(G7=0,0,G7-D7) -> 10000 | D7: =IF(F7="ECHEC",0,IF(F7="",0,20000)) -> 20000 | E7: =IF(F7="ESPECES",3000,0) -> 0 | F7: BANQUE | G7: =IF(F7="BANQUE",30000,IF(F7="ESPECES",30000,0)) -> 30000 | L7: =TONTMARS!H7+TONTMARS!I7 -> 0 | P7: =IF(Q7=0,0,($E$75-Q7)) -> 0
A8: AS201604 | B8: =VLOOKUP(A8,[4]LISTADHERENT!A$5:H$60,3,0) -> DJOMO JEAN PAUL | C8: =IF(G8=0,0,G8-D8) -> 15000 | D8: =IF(F8="ECHEC",0,IF(F8="",0,20000)) -> 20000 | E8: =IF(F8="ESPECES",3000,0) -> 0 | F8: BANQUE | G8: =IF(F8="BANQUE",30000,IF(F8="ESPECES",30000,0))+5000 -> 35000 | L8: =TONTMARS!H8+TONTMARS!I8 -> 0 | P8: =IF(Q8=0,0,($E$75-Q8)) -> 0
A9: AS201654 | B9: =VLOOKUP(A9,[4]LISTADHERENT!A$5:H$60,3,0) -> DJOMOU TCHANDA | C9: =IF(G9=0,0,G9-D9) -> 10000 | D9: =IF(F9="ECHEC",0,IF(F9="",0,20000)) -> 20000 | E9: =IF(F9="ESPECES",3000,0) -> 0 | F9: BANQUE | G9: =IF(F9="BANQUE",30000,IF(F9="ESPECES",30000,0)) -> 30000 | L9: =TONTMARS!H9+TONTMARS!I9 -> 0 | P9: =IF(Q9=0,0,($E$75-Q9)) -> 0
A10: AS201605 | B10: =VLOOKUP(A10,[4]LISTADHERENT!A$5:H$60,3,0) -> DJOUKWE NANGUEN GUY BLAISE | C10: =IF(G10=0,0,G10-D10) -> 10000 | D10: =IF(F10="ECHEC",0,IF(F10="",0,20000)) -> 20000 | E10: =IF(F10="ESPECES",3000,0) -> 0 | F10: BANQUE | G10: =IF(F10="BANQUE",30000,IF(F10="ESPECES",30000,0)) -> 30000 | L10: =TONTMARS!H10+TONTMARS!I10 -> 0 | P10: =IF(Q10=0,0,($E$75-Q10)) -> 0
A11: AS201608 | B11: =VLOOKUP(A11,[4]LISTADHERENT!A$5:H$60,3,0) -> DJUOMBESSY ANTOINE | C11: =IF(G11=0,0,G11-D11) -> 10000 | D11: =IF(F11="ECHEC",0,IF(F11="",0,20000)) -> 20000 | E11: =IF(F11="ESPECES",3000,0) -> 0 | F11: BANQUE | G11: =IF(F11="BANQUE",30000,IF(F11="ESPECES",30000,0)) -> 30000 | L11: =TONTMARS!H11+TONTMARS!I11 -> 0 | P11: =IF(Q11=0,0,($E$75-Q11)) -> 0
A12: AS201651 | B12: =VLOOKUP(A12,[4]LISTADHERENT!A$5:H$60,3,0) -> DOMOU FABIEN | C12: =IF(G12=0,0,G12-D12) -> 10000 | D12: =IF(F12="ECHEC",0,IF(F12="",0,20000)) -> 20000 | E12: =IF(F12="ESPECES",3000,0) -> 0 | F12: BANQUE | G12: =IF(F12="BANQUE",30000,IF(F12="ESPECES",30000,0)) -> 30000 | L12: =TONTMARS!H12+TONTMARS!I12 -> 0 | P12: =IF(Q12=0,0,($E$75-Q12)) -> 0
A13: AS201609 | B13: =VLOOKUP(A13,[4]LISTADHERENT!A$5:H$60,3,0) -> DONHOU DAVID | C13: =IF(G13=0,0,G13-D13) -> 10000 | D13: =IF(F13="ECHEC",0,IF(F13="",0,20000)) -> 20000 | E13: =IF(F13="ESPECES",3000,0) -> 0 | F13: BANQUE | G13: =IF(F13="BANQUE",30000,IF(F13="ESPECES",30000,0)) -> 30000 | L13: =TONTMARS!H13+TONTMARS!I13 -> 0 | P13: =IF(Q13=0,0,($E$75-Q13)) -> 0
A14: AS201610 | B14: =VLOOKUP(A14,[4]LISTADHERENT!A$5:H$60,3,0) -> FOTSO THOMAS | C14: =IF(G14=0,0,G14-D14) -> 10000 | D14: =IF(F14="ECHEC",0,IF(F14="",0,20000)) -> 20000 | E14: =IF(F14="ESPECES",3000,0) -> 0 | F14: BANQUE | G14: =IF(F14="BANQUE",30000,IF(F14="ESPECES",30000,0)) -> 30000 | H14: 54500 | L14: =TONTMARS!H14+TONTMARS!I14 -> 54500 | M14: ECHEC | P14: =IF(Q14=0,0,($E$75-Q14)) -> 0
A15: AS201611 | B15: =VLOOKUP(A15,[4]LISTADHERENT!A$5:H$60,3,0) -> HENGUE PAUL OMER | C15: =IF(G15=0,0,G15-D15) -> 10000 | D15: =IF(F15="ECHEC",0,IF(F15="",0,20000)) -> 20000 | E15: =IF(F15="ESPECES",3000,0) -> 0 | F15: BANQUE | G15: =IF(F15="BANQUE",30000,IF(F15="ESPECES",30000,0)) -> 30000 | L15: =TONTMARS!H15+TONTMARS!I15 -> 0 | P15: =IF(Q15=0,0,($E$75-Q15)) -> 0
A16: AS201613 | B16: =VLOOKUP(A16,[4]LISTADHERENT!A$5:H$60,3,0) -> HOTCHO BENJAMIN | C16: =IF(G16=0,0,G16-D16) -> 25000 | D16: =IF(F16="ECHEC",0,IF(F16="",0,20000)) -> 20000 | E16: =IF(F16="ESPECES",3000,0) -> 0 | F16: BANQUE | G16: =IF(F16="BANQUE",30000,IF(F16="ESPECES",30000,0))+15000 -> 45000 | L16: =TONTMARS!H16+TONTMARS!I16 -> 0 | P16: =IF(Q16=0,0,($E$75-Q16)) -> 0
A17: AS201615 | B17: =VLOOKUP(A17,[4]LISTADHERENT!A$5:H$60,3,0) -> KEPSEU FRANCIS | C17: =IF(G17=0,0,G17-D17) -> 10000 | D17: =IF(F17="ECHEC",0,IF(F17="",0,20000)) -> 20000 | E17: =IF(F17="ESPECES",3000,0) -> 0 | F17: BANQUE | G17: =IF(F17="BANQUE",30000,IF(F17="ESPECES",30000,0)) -> 30000 | L17: =TONTMARS!H17+TONTMARS!I17 -> 0 | P17: =IF(Q17=0,0,($E$75-Q17)) -> 0
A18: AS201618 | B18: =VLOOKUP(A18,[4]LISTADHERENT!A$5:H$60,3,0) -> KOUAMO VICTOR PEGUY | C18: =IF(G18=0,0,G18-D18) -> 0 | D18: =IF(F18="ECHEC",0,IF(F18="",0,20000)) -> 0 | E18: =IF(F18="ESPECES",3000,0) -> 0 | F18: ECHEC | G18: =IF(F18="BANQUE",30000,IF(F18="ESPECES",30000,0)) -> 0 | L18: =TONTMARS!H18+TONTMARS!I18 -> 0 | P18: =IF(Q18=0,0,($E$75-Q18)) -> 0
A19: AS201617 | B19: =VLOOKUP(A19,[4]LISTADHERENT!A$5:H$60,3,0) -> KOUAMOU MOISE | C19: =IF(G19=0,0,G19-D19) -> 10000 | D19: =IF(F19="ECHEC",0,IF(F19="",0,20000)) -> 20000 | E19: =IF(F19="ESPECES",3000,0) -> 0 | F19: BANQUE | G19: =IF(F19="BANQUE",30000,IF(F19="ESPECES",30000,0)) -> 30000 | H19: 1000 | L19: =TONTMARS!H19+TONTMARS!I19 -> 1000 | M19: ECHEC | P19: =IF(Q19=0,0,($E$75-Q19)) -> 0
A20: AS201619 | B20: =VLOOKUP(A20,[4]LISTADHERENT!A$5:H$60,3,0) -> KOUATCHO MESSACK | C20: =IF(G20=0,0,G20-D20) -> 13500 | D20: =IF(F20="ECHEC",0,IF(F20="",0,20000)) -> 20000 | E20: =IF(F20="ESPECES",3000,0) -> 0 | F20: BANQUE | G20: =IF(F20="BANQUE",30000,IF(F20="ESPECES",30000,0))+3500 -> 33500 | H20: 30000 | I20: 500 | L20: =TONTMARS!H20+TONTMARS!I20 -> 0 | P20: =IF(Q20=0,0,($E$75-Q20)) -> 0
A21: AS201620 | B21: =VLOOKUP(A21,[4]LISTADHERENT!A$5:H$60,3,0) -> LOWE JEAN | C21: =IF(G21=0,0,G21-D21) -> 10000 | D21: =IF(F21="ECHEC",0,IF(F21="",0,20000)) -> 20000 | E21: =IF(F21="ESPECES",3000,0) -> 0 | F21: BANQUE | G21: =IF(F21="BANQUE",30000,IF(F21="ESPECES",30000,0)) -> 30000 | L21: =TONTMARS!H21+TONTMARS!I21 -> 0 | P21: =IF(Q21=0,0,($E$75-Q21)) -> 0
A22: AS201649 | B22: =VLOOKUP(A22,[4]LISTADHERENT!A$5:H$60,3,0) -> MBOGNING TUGMA GUY | C22: =IF(G22=0,0,G22-D22) -> 12000 | D22: =IF(F22="ECHEC",0,IF(F22="",0,20000)) -> 20000 | E22: =IF(F22="ESPECES",3000,0) -> 0 | F22: BANQUE | G22: =IF(F22="BANQUE",30000,IF(F22="ESPECES",30000,0))+2000 -> 32000 | L22: =TONTMARS!H22+TONTMARS!I22 -> 0 | P22: =IF(Q22=0,0,($E$75-Q22)) -> 0
A23: AS201639 | B23: =VLOOKUP(A23,[4]LISTADHERENT!A$5:H$60,3,0) -> NANGUEN MARTIN | C23: =IF(G23=0,0,G23-D23) -> 10000 | D23: =IF(F23="ECHEC",0,IF(F23="",0,20000)) -> 20000 | E23: =IF(F23="ESPECES",3000,0) -> 0 | F23: BANQUE | G23: =IF(F23="BANQUE",30000,IF(F23="ESPECES",30000,0)) -> 30000 | L23: =TONTMARS!H23+TONTMARS!I23 -> 0 | P23: =IF(Q23=0,0,($E$75-Q23)) -> 0
A24: AS201621 | B24: =VLOOKUP(A24,[4]LISTADHERENT!A$5:H$60,3,0) -> NANKAM APPOLINAIRE | C24: =IF(G24=0,0,G24-D24) -> 10000 | D24: =IF(F24="ECHEC",0,IF(F24="",0,20000)) -> 20000 | E24: =IF(F24="ESPECES",3000,0) -> 0 | F24: BANQUE | G24: =IF(F24="BANQUE",30000,IF(F24="ESPECES",30000,0)) -> 30000 | L24: =TONTMARS!H24+TONTMARS!I24 -> 0 | P24: =IF(Q24=0,0,($E$75-Q24)) -> 270000 | Q24: 30000
A25: AS201622 | B25: =VLOOKUP(A25,[4]LISTADHERENT!A$5:H$60,3,0) -> NDJOMO ETIENNE | C25: =IF(G25=0,0,G25-D25) -> 14000 | D25: =IF(F25="ECHEC",0,IF(F25="",0,20000)) -> 20000 | E25: =IF(F25="ESPECES",3000,0) -> 0 | F25: BANQUE | G25: =IF(F25="BANQUE",30000,IF(F25="ESPECES",30000,0))+4000 -> 34000 | L25: =TONTMARS!H25+TONTMARS!I25 -> 0 | P25: =IF(Q25=0,0,($E$75-Q25)) -> 0
A26: AS201624 | B26: =VLOOKUP(A26,[4]LISTADHERENT!A$5:H$60,3,0) -> NGONDIEP CLAUDE | C26: =IF(G26=0,0,G26-D26) -> 20000 | D26: =IF(F26="ECHEC",0,IF(F26="",0,20000)) -> 20000 | E26: =IF(F26="ESPECES",3000,0) -> 0 | F26: BANQUE | G26: =IF(F26="BANQUE",30000,IF(F26="ESPECES",30000,0))+10000 -> 40000 | L26: =TONTMARS!H26+TONTMARS!I26 -> 0 | P26: =IF(Q26=0,0,($E$75-Q26)) -> 0
A27: AS201626 | B27: =VLOOKUP(A27,[4]LISTADHERENT!A$5:H$60,3,0) -> NGUIEMEGNI MATHIEU BLAISE | C27: =IF(G27=0,0,G27-D27) -> 10000 | D27: =IF(F27="ECHEC",0,IF(F27="",0,20000)) -> 20000 | E27: =IF(F27="ESPECES",3000,0) -> 0 | F27: BANQUE | G27: =IF(F27="BANQUE",30000,IF(F27="ESPECES",30000,0)) -> 30000 | L27: =TONTMARS!H27+TONTMARS!I27 -> 0 | P27: =IF(Q27=0,0,($E$75-Q27)) -> 0
A28: AS201628 | B28: =VLOOKUP(A28,[4]LISTADHERENT!A$5:H$60,3,0) -> NKAMGANG JUSTIN DEJOLIE | C28: =IF(G28=0,0,G28-D28) -> 10000 | D28: =IF(F28="ECHEC",0,IF(F28="",0,20000)) -> 20000 | E28: =IF(F28="ESPECES",3000,0) -> 0 | F28: BANQUE | G28: =IF(F28="BANQUE",30000,IF(F28="ESPECES",30000,0)) -> 30000 | H28: 60000 | I28: 1000 | L28: =TONTMARS!H28+TONTMARS!I28 -> 0 | P28: =IF(Q28=0,0,($E$75-Q28)) -> 0
A29: AS201614 | B29: =VLOOKUP(A29,[4]LISTADHERENT!A$5:H$60,3,0) -> NKEHE DAVID | C29: =IF(G29=0,0,G29-D29) -> 10000 | D29: =IF(F29="ECHEC",0,IF(F29="",0,20000)) -> 20000 | E29: =IF(F29="ESPECES",3000,0) -> 0 | F29: BANQUE | G29: =IF(F29="BANQUE",30000,IF(F29="ESPECES",30000,0)) -> 30000 | L29: =TONTMARS!H29+TONTMARS!I29 -> 0 | P29: =IF(Q29=0,0,($E$75-Q29)) -> 0
A30: AS201629 | B30: =VLOOKUP(A30,[4]LISTADHERENT!A$5:H$60,3,0) -> NKEPSEU DIEUDONNE | C30: =IF(G30=0,0,G30-D30) -> 10000 | D30: =IF(F30="ECHEC",0,IF(F30="",0,20000)) -> 20000 | E30: =IF(F30="ESPECES",3000,0) -> 0 | F30: BANQUE | G30: =IF(F30="BANQUE",30000,IF(F30="ESPECES",30000,0)) -> 30000 | L30: =TONTMARS!H30+TONTMARS!I30 -> 0 | P30: =IF(Q30=0,0,($E$75-Q30)) -> 0
A31: AS201633 | B31: =VLOOKUP(A31,[4]LISTADHERENT!A$5:H$60,3,0) -> PATEGO NJOSSU GUSTAVE | C31: =IF(G31=0,0,G31-D31) -> 10000 | D31: =IF(F31="ECHEC",0,IF(F31="",0,20000)) -> 20000 | E31: =IF(F31="ESPECES",3000,0) -> 0 | F31: BANQUE | G31: =IF(F31="BANQUE",30000,IF(F31="ESPECES",30000,0)) -> 30000 | L31: =TONTMARS!H31+TONTMARS!I31 -> 0 | P31: =IF(Q31=0,0,($E$75-Q31)) -> 0
A32: AS201653 | B32: =VLOOKUP(A32,[4]LISTADHERENT!A$5:H$60,3,0) -> SIME BRICE | C32: =IF(G32=0,0,G32-D32) -> 20000 | D32: =IF(F32="ECHEC",0,IF(F32="",0,20000)) -> 20000 | E32: =IF(F32="ESPECES",3000,0) -> 0 | F32: BANQUE | G32: =IF(F32="BANQUE",30000,IF(F32="ESPECES",30000,0))+10000 -> 40000 | L32: =TONTMARS!H32+TONTMARS!I32 -> 0 | P32: =IF(Q32=0,0,($E$75-Q32)) -> 0
A33: AS201636 | B33: =VLOOKUP(A33,[4]LISTADHERENT!A$5:H$60,3,0) -> SIMO FONGANG ERIC | C33: =IF(G33=0,0,G33-D33) -> 7000 | D33: =IF(F33="ECHEC",0,IF(F33="",0,20000)) -> 20000 | E33: =IF(F33="ESPECES",3000,0) -> 3000 | F33: ESPECES | G33: =IF(F33="BANQUE",30000,IF(F33="ESPECES",30000,0))-3000 -> 27000 | L33: =TONTMARS!H33+TONTMARS!I33 -> 0 | P33: =IF(Q33=0,0,($E$75-Q33)) -> 0
A34: AS201637 | B34: =VLOOKUP(A34,[4]LISTADHERENT!A$5:H$60,3,0) -> SIME MATHIEU | C34: =IF(G34=0,0,G34-D34) -> 10000 | D34: =IF(F34="ECHEC",0,IF(F34="",0,20000)) -> 20000 | E34: =IF(F34="ESPECES",3000,0) -> 0 | F34: BANQUE | G34: =IF(F34="BANQUE",30000,IF(F34="ESPECES",30000,0)) -> 30000 | L34: =TONTMARS!H34+TONTMARS!I34 -> 0 | P34: =IF(Q34=0,0,($E$75-Q34)) -> 0
A35: AS201638 | B35: =VLOOKUP(A35,[4]LISTADHERENT!A$5:H$60,3,0) -> SIMO PIERRE | C35: =IF(G35=0,0,G35-D35) -> 15000 | D35: =IF(F35="ECHEC",0,IF(F35="",0,20000)) -> 20000 | E35: =IF(F35="ESPECES",3000,0) -> 0 | F35: BANQUE | G35: =IF(F35="BANQUE",30000,IF(F35="ESPECES",30000,0))+5000 -> 35000 | L35: =TONTMARS!H35+TONTMARS!I35 -> 0 | P35: =IF(Q35=0,0,($E$75-Q35)) -> 275000 | Q35: 25000
A36: AS201641 | B36: =VLOOKUP(A36,[4]LISTADHERENT!A$5:H$60,3,0) -> TCHOUAMOU MATHIEU | C36: =IF(G36=0,0,G36-D36) -> 10000 | D36: =IF(F36="ECHEC",0,IF(F36="",0,20000)) -> 20000 | E36: =IF(F36="ESPECES",3000,0) -> 0 | F36: BANQUE | G36: =IF(F36="BANQUE",30000,IF(F36="ESPECES",30000,0)) -> 30000 | L36: =TONTMARS!H36+TONTMARS!I36 -> 0 | P36: =IF(Q36=0,0,($E$75-Q36)) -> 0
A37: AS201644 | B37: =VLOOKUP(A37,[4]LISTADHERENT!A$5:H$60,3,0) -> TIEYAM ERNEST | C37: =IF(G37=0,0,G37-D37) -> 10000 | D37: =IF(F37="ECHEC",0,IF(F37="",0,20000)) -> 20000 | E37: =IF(F37="ESPECES",3000,0) -> 0 | F37: BANQUE | G37: =IF(F37="BANQUE",30000,IF(F37="ESPECES",30000,0)) -> 30000 | H37: 42000 | L37: =TONTMARS!H37+TONTMARS!I37 -> 42000 | M37: ECHEC | P37: =IF(Q37=0,0,($E$75-Q37)) -> 0
A38: AS201646 | B38: =VLOOKUP(A38,[4]LISTADHERENT!A$5:H$60,3,0) -> YEPMOU JEAN JACQUES | C38: =IF(G38=0,0,G38-D38) -> 10000 | D38: =IF(F38="ECHEC",0,IF(F38="",0,20000)) -> 20000 | E38: =IF(F38="ESPECES",3000,0) -> 3000 | F38: ESPECES | G38: =IF(F38="BANQUE",30000,IF(F38="ESPECES",30000,0)) -> 30000 | L38: =TONTMARS!H38+TONTMARS!I38 -> 0 | P38: =IF(Q38=0,0,($E$75-Q38)) -> 0
A39: AS201647 | B39: =VLOOKUP(A39,[4]LISTADHERENT!A$5:H$60,3,0) -> YOUMBI EMMANUEL | C39: =IF(G39=0,0,G39-D39) -> 10000 | D39: =IF(F39="ECHEC",0,IF(F39="",0,20000)) -> 20000 | E39: =IF(F39="ESPECES",3000,0) -> 0 | F39: BANQUE | G39: =IF(F39="BANQUE",30000,IF(F39="ESPECES",30000,0)) -> 30000 | L39: =TONTMARS!H39+TONTMARS!I39 -> 0 | P39: =IF(Q39=0,0,($E$75-Q39)) -> 0
A40: AS201655 | B40: =VLOOKUP(A40,[4]LISTADHERENT!A$5:H$60,3,0) -> TCHEMHOU EMMANUEL
A46: TOTAL | C46: =SUM(C7:C45) -> 371500 | D46: =SUM(D7:D45) -> 640000 | E46: =SUM(E7:E45) -> 6000 | F46: =SUM(F7:F45) -> 0 | G46: =SUM(G7:G45) -> 1011500 | H46: =SUM(H7:H45) -> 187500 | I46: =SUM(I7:I45) -> 1500 | J46: =SUM(J7:J45) -> 0 | ... R46: =SUM(R7:R45) -> 0
G49: TONTINE + REMB + INTERET VENTE | H49: =D73+H73+Q46 -> 695000
G50: VENDUE | H50: =IF(H49>=900000,300000*3,300000*2) -> 600000
D51: TONTINE | E51: =+D46 -> 640000
D52: PENALITE VERSEMENT ESPECES | E52: =E46 -> 6000 | G52: PETIT LOT | H52: =H49-H50 -> 95000
D53: VENTE PETIT LOT | E53: =+H46 -> 187500
D54: INTERET VENTE PETIT LOT | E54: =+I46 -> 1500 | G54: RELIQUAT | H54: =H52-H46-6500 -> -99000 | I54: CUMUL
D55: REMBOURSEMENT VENTE PETIT LOT | E55: =+L46 -> 97500
D56: INTERET VENTE LOT PRINCIPAL | E56: =+Q46 -> 55000
D57: SANCTION | E57: =[5]MVTAVRIL!$E$49 -> 0
D58: EPARGNE | E58: =[5]MVTAVRIL!$E$50 -> 243500
D59: FONDS DE ROULEMENT | E59: =[5]MVTAVRIL!$E$51 -> 16000
D60: FRAIS EXCEPTIONNELS | E60: =[5]MVTAVRIL!$E$52 -> 32000
D61: COLLATION | E61: =[5]MVTAVRIL!$E$53 -> 80000
D62: MUTUELLE | E62: =[5]MVTAVRIL!$E$55 -> 0
D63: PRÊT FONDS | E63: =[5]MVTAVRIL!$E$56 -> 500000
D64: INTERET FONDS | E64: =[5]MVTAVRIL!$E$57 -> 20000
D65: REMBOURSEMENT PRÊT FONDS | E65: =[5]MVTAVRIL!$E$58 -> 420000
D66: PENALITE PRET FONDS | E66: =[5]MVTAVRIL!$E$59 -> 0
D67: PENALITE FONDS | E67: =[5]MVTAVRIL!$E$60 -> 0
D69: MONTANT TONTINE | F69: MONTANT VERSE | G69: PENALITE VST ESPECES | H69: REMBOURSEMENT PETIT LOT | I69: VENTE PETIT LOT | J69: VENTE LOT PRINCIPAL | L69: SOLDE EN CAISSE
D70: =SUMIFS(D7:D45,F7:F45,"ESPECES") -> 40000 | E70: ESPECES | F70: =SUMIFS(G7:G45,F7:F45,"ESPECES") -> 57000 | G70: =+E46 -> 6000 | H70: =SUMIFS(L7:L45,M7:M45,"ESPECES") -> 0 | I70: =SUMIFS(H7:H45,J7:J45,"ESPECES") -> 0 | J70: =SUMIFS(P7:P45,N7:N45,"ESPECES") -> 0 | L70: =F70+H70+G70-I70-J70 -> 63000
D71: =SUMIFS(D7:D45,F7:F45,"BANQUE") -> 600000 | E71: BANQUE | F71: =SUMIFS(G7:G45,F7:F45,"BANQUE") -> 954500 | H71: =SUMIFS(L7:L45,M7:M45,"BANQUE") -> 0 | I71: =SUMIFS(H7:H45,J7:J45,"BANQUE") -> 0 | J71: =SUMIFS(P7:P45,M7:M45,"BANQUE") -> 0 | L71: =F71+H71-I71-J71 -> 954500
D73: =D70+D71 -> 640000 | E73: TOTAL | F73: =F70+F71 -> 1011500 | H73: =H70+H71 -> 0 | I73: =I70+I71 -> 0 | J73: 0 | L73: =F73+H73-I73-J73 -> 1011500
D74: =D73+R46 -> 640000 | E74: TOTAL+DEPOT
D75: MONTANT TONTINE | E75: 300000
D76: MONTANT PETIT LOT A VENDRE | E76: =L46+Q46 -> 152500

Sheet TONTMAI
A1: ASSOCIATION | B1: ASELBY
A2: ANNEE | B2: 2019/2020
A3: TONTINE | B3: 30000
C4: 43968
A5: MATRICULE | B5: NOM ET PRENOM | C5: RESTE | D5: MONTANT TONTINE | E5: PENALITE VERSEMENT ESPECES | F5: MODE VERSEMENT | G5: MONTANT VERSE | H5: VENTE PETIT LOT | I5: INTERET PETIT LOT | J5: MODE VERSEMENT VENTE PETIT LOT | K5: NUMERO CHEQUE | L5: REMBOURSEMENT PETIT LOT | M5: MODE VERSEMENT REMBOURSEMENT | N5: MODE VERSEMENTLOT PRINCIPAL | O5: NUMERO CHEQUE | P5: MONTANT TONTINE LOT PRINCIPAL | Q5: INTERET LOT PRINCIPAL | R5: DEPOT
A6: AS201648 | B6: =VLOOKUP(A6,[4]LISTADHERENT!A$5:H$60,3,0) -> ASELBY | C6: =IF(G6=0,0,G6-D6) -> 0 | D6: =IF(F6="ECHEC",0,IF(F6="",0,20000)) -> 0 | E6: =IF(F6="ESPECES",3000,0) -> 0 | F6: ECHEC | G6: =IF(F6="BANQUE",30000,IF(F6="ESPECES",30000,0)) -> 0 | L6: =TONTAVRIL!H6+TONTAVRIL!I6 -> 0 | P6: =IF(Q6=0,0,($E$76-Q6)) -> 0
A7: AS201602 | B7: =VLOOKUP(A7,[4]LISTADHERENT!A$5:H$60,3,0) -> BOUTCHOUANG WILLIAM | C7: =IF(G7=0,0,G7-D7) -> 10000 | D7: =IF(F7="ECHEC",0,IF(F7="",0,20000)) -> 20000 | E7: =IF(F7="ESPECES",3000,0) -> 0 | F7: BANQUE | G7: =IF(F7="BANQUE",30000,IF(F7="ESPECES",30000,0)) -> 30000 | L7: =TONTAVRIL!H7+TONTAVRIL!I7 -> 0 | P7: =IF(Q7=0,0,($E$75-Q7)) -> 0
A8: AS201604 | B8: =VLOOKUP(A8,[4]LISTADHERENT!A$5:H$60,3,0) -> DJOMO JEAN PAUL | C8: =IF(G8=0,0,G8-D8) -> 20000 | D8: =IF(F8="ECHEC",0,IF(F8="",0,20000)) -> 20000 | E8: =IF(F8="ESPECES",3000,0) -> 0 | F8: BANQUE | G8: 40000 | L8: =TONTAVRIL!H8+TONTAVRIL!I8 -> 0 | P8: =IF(Q8=0,0,($E$75-Q8)) -> 0
A9: AS201654 | B9: =VLOOKUP(A9,[4]LISTADHERENT!A$5:H$60,3,0) -> DJOMOU TCHANDA | C9: =IF(G9=0,0,G9-D9) -> 10000 | D9: =IF(F9="ECHEC",0,IF(F9="",0,20000)) -> 20000 | E9: =IF(F9="ESPECES",3000,0) -> 0 | F9: BANQUE | G9: =IF(F9="BANQUE",30000,IF(F9="ESPECES",30000,0)) -> 30000 | L9: =TONTAVRIL!H9+TONTAVRIL!I9 -> 0 | P9: =IF(Q9=0,0,($E$75-Q9)) -> 0
A10: AS201605 | B10: =VLOOKUP(A10,[4]LISTADHERENT!A$5:H$60,3,0) -> DJOUKWE NANGUEN GUY BLAISE | C10: =IF(G10=0,0,G10-D10) -> 337000 | D10: =IF(F10="ECHEC",0,IF(F10="",0,20000)) -> 20000 | E10: =IF(F10="ESPECES",3000,0) -> 0 | F10: BANQUE | G10: 357000 | L10: =TONTAVRIL!H10+TONTAVRIL!I10 -> 0 | P10: =IF(Q10=0,0,($E$75-Q10)) -> 0
A11: AS201608 | B11: =VLOOKUP(A11,[4]LISTADHERENT!A$5:H$60,3,0) -> DJUOMBESSY ANTOINE | C11: =IF(G11=0,0,G11-D11) -> 10000 | D11: =IF(F11="ECHEC",0,IF(F11="",0,20000)) -> 20000 | E11: =IF(F11="ESPECES",3000,0) -> 0 | F11: BANQUE | G11: =IF(F11="BANQUE",30000,IF(F11="ESPECES",30000,0)) -> 30000 | L11: =TONTAVRIL!H11+TONTAVRIL!I11 -> 0 | P11: =IF(Q11=0,0,($E$75-Q11)) -> 0
A12: AS201651 | B12: =VLOOKUP(A12,[4]LISTADHERENT!A$5:H$60,3,0) -> DOMOU FABIEN | C12: =IF(G12=0,0,G12-D12) -> 10000 | D12: =IF(F12="ECHEC",0,IF(F12="",0,20000)) -> 20000 | E12: =IF(F12="ESPECES",3000,0) -> 0 | F12: BANQUE | G12: =IF(F12="BANQUE",30000,IF(F12="ESPECES",30000,0)) -> 30000 | L12: =TONTAVRIL!H12+TONTAVRIL!I12 -> 0 | P12: =IF(Q12=0,0,($E$75-Q12)) -> 0
A13: AS201609 | B13: =VLOOKUP(A13,[4]LISTADHERENT!A$5:H$60,3,0) -> DONHOU DAVID | C13: =IF(G13=0,0,G13-D13) -> 10000 | D13: =IF(F13="ECHEC",0,IF(F13="",0,20000)) -> 20000 | E13: =IF(F13="ESPECES",3000,0) -> 0 | F13: BANQUE | G13: =IF(F13="BANQUE",30000,IF(F13="ESPECES",30000,0)) -> 30000 | L13: =TONTAVRIL!H13+TONTAVRIL!I13 -> 0 | P13: =IF(Q13=0,0,($E$75-Q13)) -> 0
A14: AS201610 | B14: =VLOOKUP(A14,[4]LISTADHERENT!A$5:H$60,3,0) -> FOTSO THOMAS | C14: =IF(G14=0,0,G14-D14) -> 10000 | D14: =IF(F14="ECHEC",0,IF(F14="",0,20000)) -> 20000 | E14: =IF(F14="ESPECES",3000,0) -> 0 | F14: BANQUE | G14: =IF(F14="BANQUE",30000,IF(F14="ESPECES",30000,0)) -> 30000 | H14: 54500 | I14: 0 | L14: =TONTAVRIL!H14+TONTAVRIL!I14 -> 54500 | M14: ECHEC | P14: =IF(Q14=0,0,($E$75-Q14)) -> 274000 | Q14: 26000
A15: AS201611 | B15: =VLOOKUP(A15,[4]LISTADHERENT!A$5:H$60,3,0) -> HENGUE PAUL OMER | C15: =IF(G15=0,0,G15-D15) -> 10000 | D15: =IF(F15="ECHEC",0,IF(F15="",0,20000)) -> 20000 | E15: =IF(F15="ESPECES",3000,0) -> 0 | F15: BANQUE | G15: =IF(F15="BANQUE",30000,IF(F15="ESPECES",30000,0)) -> 30000 | L15: =TONTAVRIL!H15+TONTAVRIL!I15 -> 0 | P15: =IF(Q15=0,0,($E$75-Q15)) -> 0
A16: AS201613 | B16: =VLOOKUP(A16,[4]LISTADHERENT!A$5:H$60,3,0) -> HOTCHO BENJAMIN | C16: =IF(G16=0,0,G16-D16) -> 25000 | D16: =IF(F16="ECHEC",0,IF(F16="",0,20000)) -> 20000 | E16: =IF(F16="ESPECES",3000,0) -> 0 | F16: BANQUE | G16: 45000 | L16: =TONTAVRIL!H16+TONTAVRIL!I16 -> 0 | P16: =IF(Q16=0,0,($E$75-Q16)) -> 0
A17: AS201615 | B17: =VLOOKUP(A17,[4]LISTADHERENT!A$5:H$60,3,0) -> KEPSEU FRANCIS | C17: =IF(G17=0,0,G17-D17) -> 10000 | D17: =IF(F17="ECHEC",0,IF(F17="",0,20000)) -> 20000 | E17: =IF(F17="ESPECES",3000,0) -> 0 | F17: BANQUE | G17: =IF(F17="BANQUE",30000,IF(F17="ESPECES",30000,0)) -> 30000 | L17: =TONTAVRIL!H17+TONTAVRIL!I17 -> 0 | P17: =IF(Q17=0,0,($E$75-Q17)) -> 0
A18: AS201618 | B18: =VLOOKUP(A18,[4]LISTADHERENT!A$5:H$60,3,0) -> KOUAMO VICTOR PEGUY | C18: =IF(G18=0,0,G18-D18) -> 0 | D18: =IF(F18="ECHEC",0,IF(F18="",0,20000)) -> 0 | E18: =IF(F18="ESPECES",3000,0) -> 0 | F18: ECHEC | G18: =IF(F18="BANQUE",30000,IF(F18="ESPECES",30000,0)) -> 0 | L18: =TONTAVRIL!H18+TONTAVRIL!I18 -> 0 | P18: =IF(Q18=0,0,($E$75-Q18)) -> 0
A19: AS201617 | B19: =VLOOKUP(A19,[4]LISTADHERENT!A$5:H$60,3,0) -> KOUAMOU MOISE | C19: =IF(G19=0,0,G19-D19) -> 10000 | D19: =IF(F19="ECHEC",0,IF(F19="",0,20000)) -> 20000 | E19: =IF(F19="ESPECES",3000,0) -> 0 | F19: BANQUE | G19: =IF(F19="BANQUE",30000,IF(F19="ESPECES",30000,0)) -> 30000 | H19: 1000 | L19: =TONTAVRIL!H19+TONTAVRIL!I19 -> 1000 | M19: ECHEC | P19: =IF(Q19=0,0,($E$75-Q19)) -> 0
A20: AS201619 | B20: =VLOOKUP(A20,[4]LISTADHERENT!A$5:H$60,3,0) -> KOUATCHO MESSACK | C20: =IF(G20=0,0,G20-D20) -> 10000 | D20: =IF(F20="ECHEC",0,IF(F20="",0,20000)) -> 20000 | E20: =IF(F20="ESPECES",3000,0) -> 0 | F20: BANQUE | G20: =IF(F20="BANQUE",30000,IF(F20="ESPECES",30000,0)) -> 30000 | L20: =TONTAVRIL!H20+TONTAVRIL!I20 -> 30500 | M20: ESPECES | P20: =IF(Q20=0,0,($E$75-Q20)) -> 0
A21: AS201620 | B21: =VLOOKUP(A21,[4]LISTADHERENT!A$5:H$60,3,0) -> LOWE JEAN | C21: =IF(G21=0,0,G21-D21) -> 10000 | D21: =IF(F21="ECHEC",0,IF(F21="",0,20000)) -> 20000 | E21: =IF(F21="ESPECES",3000,0) -> 0 | F21: BANQUE | G21: =IF(F21="BANQUE",30000,IF(F21="ESPECES",30000,0)) -> 30000 | L21: =TONTAVRIL!H21+TONTAVRIL!I21 -> 0 | P21: =IF(Q21=0,0,($E$75-Q21)) -> 0
A22: AS201649 | B22: =VLOOKUP(A22,[4]LISTADHERENT!A$5:H$60,3,0) -> MBOGNING TUGMA GUY | C22: =IF(G22=0,0,G22-D22) -> 10000 | D22: =IF(F22="ECHEC",0,IF(F22="",0,20000)) -> 20000 | E22: =IF(F22="ESPECES",3000,0) -> 0 | F22: BANQUE | G22: =IF(F22="BANQUE",30000,IF(F22="ESPECES",30000,0)) -> 30000 | L22: =TONTAVRIL!H22+TONTAVRIL!I22 -> 0 | P22: =IF(Q22=0,0,($E$75-Q22)) -> 0
A23: AS201639 | B23: =VLOOKUP(A23,[4]LISTADHERENT!A$5:H$60,3,0) -> NANGUEN MARTIN | C23: =IF(G23=0,0,G23-D23) -> 25000 | D23: =IF(F23="ECHEC",0,IF(F23="",0,20000)) -> 20000 | E23: =IF(F23="ESPECES",3000,0) -> 0 | F23: BANQUE | G23: 45000 | L23: =TONTAVRIL!H23+TONTAVRIL!I23 -> 0 | P23: =IF(Q23=0,0,($E$75-Q23)) -> 0
A24: AS201621 | B24: =VLOOKUP(A24,[4]LISTADHERENT!A$5:H$60,3,0) -> NANKAM APPOLINAIRE | C24: =IF(G24=0,0,G24-D24) -> 10000 | D24: =IF(F24="ECHEC",0,IF(F24="",0,20000)) -> 20000 | E24: =IF(F24="ESPECES",3000,0) -> 0 | F24: BANQUE | G24: =IF(F24="BANQUE",30000,IF(F24="ESPECES",30000,0)) -> 30000 | L24: =TONTAVRIL!H24+TONTAVRIL!I24 -> 0 | P24: =IF(Q24=0,0,($E$75-Q24)) -> 0
A25: AS201622 | B25: =VLOOKUP(A25,[4]LISTADHERENT!A$5:H$60,3,0) -> NDJOMO ETIENNE | C25: =IF(G25=0,0,G25-D25) -> 14000 | D25: =IF(F25="ECHEC",0,IF(F25="",0,20000)) -> 20000 | E25: =IF(F25="ESPECES",3000,0) -> 0 | F25: BANQUE | G25: 34000 | L25: =TONTAVRIL!H25+TONTAVRIL!I25 -> 0 | P25: =IF(Q25=0,0,($E$75-Q25)) -> 0
A26: AS201624 | B26: =VLOOKUP(A26,[4]LISTADHERENT!A$5:H$60,3,0) -> NGONDIEP CLAUDE | C26: =IF(G26=0,0,G26-D26) -> 20000 | D26: =IF(F26="ECHEC",0,IF(F26="",0,20000)) -> 20000 | E26: =IF(F26="ESPECES",3000,0) -> 0 | F26: BANQUE | G26: 40000 | L26: =TONTAVRIL!H26+TONTAVRIL!I26 -> 0 | P26: =IF(Q26=0,0,($E$75-Q26)) -> 270000 | Q26: 30000
A27: AS201626 | B27: =VLOOKUP(A27,[4]LISTADHERENT!A$5:H$60,3,0) -> NGUIEMEGNI MATHIEU BLAISE | C27: =IF(G27=0,0,G27-D27) -> 10000 | D27: =IF(F27="ECHEC",0,IF(F27="",0,20000)) -> 20000 | E27: =IF(F27="ESPECES",3000,0) -> 0 | F27: BANQUE | G27: =IF(F27="BANQUE",30000,IF(F27="ESPECES",30000,0)) -> 30000 | L27: =TONTAVRIL!H27+TONTAVRIL!I27 -> 0 | P27: =IF(Q27=0,0,($E$75-Q27)) -> 0
A28: AS201628 | B28: =VLOOKUP(A28,[4]LISTADHERENT!A$5:H$60,3,0) -> NKAMGANG JUSTIN DEJOLIE | C28: =IF(G28=0,0,G28-D28) -> 10000 | D28: =IF(F28="ECHEC",0,IF(F28="",0,20000)) -> 20000 | E28: =IF(F28="ESPECES",3000,0) -> 3000 | F28: ESPECES | G28: =IF(F28="BANQUE",30000,IF(F28="ESPECES",30000,0)) -> 30000 | L28: =TONTAVRIL!H28+TONTAVRIL!I28 -> 61000 | M28: ESPECES | P28: =IF(Q28=0,0,($E$75-Q28)) -> 0
A29: AS201614 | B29: =VLOOKUP(A29,[4]LISTADHERENT!A$5:H$60,3,0) -> NKEHE DAVID | C29: =IF(G29=0,0,G29-D29) -> 7000 | D29: =IF(F29="ECHEC",0,IF(F29="",0,20000)) -> 20000 | E29: 3000 | F29: BANQUE | G29: 27000 | L29: =TONTAVRIL!H29+TONTAVRIL!I29 -> 0 | P29: =IF(Q29=0,0,($E$75-Q29)) -> 0
A30: AS201629 | B30: =VLOOKUP(A30,[4]LISTADHERENT!A$5:H$60,3,0) -> NKEPSEU DIEUDONNE | C30: =IF(G30=0,0,G30-D30) -> 10000 | D30: =IF(F30="ECHEC",0,IF(F30="",0,20000)) -> 20000 | E30: =IF(F30="ESPECES",3000,0) -> 0 | F30: BANQUE | G30: =IF(F30="BANQUE",30000,IF(F30="ESPECES",30000,0)) -> 30000 | L30: =TONTAVRIL!H30+TONTAVRIL!I30 -> 0 | P30: =IF(Q30=0,0,($E$75-Q30)) -> 0
A31: AS201633 | B31: =VLOOKUP(A31,[4]LISTADHERENT!A$5:H$60,3,0) -> PATEGO NJOSSU GUSTAVE | C31: =IF(G31=0,0,G31-D31) -> 10000 | D31: =IF(F31="ECHEC",0,IF(F31="",0,20000)) -> 20000 | E31: =IF(F31="ESPECES",3000,0) -> 0 | F31: BANQUE | G31: =IF(F31="BANQUE",30000,IF(F31="ESPECES",30000,0)) -> 30000 | L31: =TONTAVRIL!H31+TONTAVRIL!I31 -> 0 | P31: =IF(Q31=0,0,($E$75-Q31)) -> 0
A32: AS201653 | B32: =VLOOKUP(A32,[4]LISTADHERENT!A$5:H$60,3,0) -> SIME BRICE | C32: =IF(G32=0,0,G32-D32) -> 20000 | D32: =IF(F32="ECHEC",0,IF(F32="",0,20000)) -> 20000 | E32: =IF(F32="ESPECES",3000,0) -> 0 | F32: BANQUE | G32: 40000 | L32: =TONTAVRIL!H32+TONTAVRIL!I32 -> 0 | P32: =IF(Q32=0,0,($E$75-Q32)) -> 0
A33: AS201636 | B33: =VLOOKUP(A33,[4]LISTADHERENT!A$5:H$60,3,0) -> SIMO FONGANG ERIC | C33: =IF(G33=0,0,G33-D33) -> 9000 | D33: =IF(F33="ECHEC",0,IF(F33="",0,20000)) -> 20000 | E33: =IF(F33="ESPECES",3000,0) -> 3000 | F33: ESPECES | G33: 29000 | L33: =TONTAVRIL!H33+TONTAVRIL!I33 -> 0 | P33: =IF(Q33=0,0,($E$75-Q33)) -> 0
A34: AS201637 | B34: =VLOOKUP(A34,[4]LISTADHERENT!A$5:H$60,3,0) -> SIME MATHIEU | C34: =IF(G34=0,0,G34-D34) -> 10000 | D34: =IF(F34="ECHEC",0,IF(F34="",0,20000)) -> 20000 | E34: =IF(F34="ESPECES",3000,0) -> 0 | F34: BANQUE | G34: =IF(F34="BANQUE",30000,IF(F34="ESPECES",30000,0)) -> 30000 | L34: =TONTAVRIL!H34+TONTAVRIL!I34 -> 0 | P34: =IF(Q34=0,0,($E$75-Q34)) -> 0
A35: AS201638 | B35: =VLOOKUP(A35,[4]LISTADHERENT!A$5:H$60,3,0) -> SIMO PIERRE | C35: =IF(G35=0,0,G35-D35) -> 115000 | D35: =IF(F35="ECHEC",0,IF(F35="",0,20000)) -> 20000 | E35: =IF(F35="ESPECES",3000,0) -> 0 | F35: BANQUE | G35: 135000 | L35: =TONTAVRIL!H35+TONTAVRIL!I35 -> 0 | P35: =IF(Q35=0,0,($E$75-Q35)) -> 0
A36: AS201641 | B36: =VLOOKUP(A36,[4]LISTADHERENT!A$5:H$60,3,0) -> TCHOUAMOU MATHIEU | C36: =IF(G36=0,0,G36-D36) -> 10000 | D36: =IF(F36="ECHEC",0,IF(F36="",0,20000)) -> 20000 | E36: =IF(F36="ESPECES",3000,0) -> 0 | F36: BANQUE | G36: =IF(F36="BANQUE",30000,IF(F36="ESPECES",30000,0)) -> 30000 | L36: =TONTAVRIL!H36+TONTAVRIL!I36 -> 0 | P36: =IF(Q36=0,0,($E$75-Q36)) -> 0
A37: AS201644 | B37: =VLOOKUP(A37,[4]LISTADHERENT!A$5:H$60,3,0) -> TIEYAM ERNEST | C37: =IF(G37=0,0,G37-D37) -> 10000 | D37: =IF(F37="ECHEC",0,IF(F37="",0,20000)) -> 20000 | E37: 3000 | F37: BANQUE | G37: =IF(F37="BANQUE",30000,IF(F37="ESPECES",30000,0)) -> 30000 | L37: =TONTAVRIL!H37+TONTAVRIL!I37 -> 42000 | M37: ESPECES | P37: =IF(Q37=0,0,($E$75-Q37)) -> 0
A38: AS201646 | B38: =VLOOKUP(A38,[4]LISTADHERENT!A$5:H$60,3,0) -> YEPMOU JEAN JACQUES | C38: =IF(G38=0,0,G38-D38) -> 10000 | D38: =IF(F38="ECHEC",0,IF(F38="",0,20000)) -> 20000 | E38: =IF(F38="ESPECES",3000,0) -> 0 | F38: BANQUE | G38: =IF(F38="BANQUE",30000,IF(F38="ESPECES",30000,0)) -> 30000 | L38: =TONTAVRIL!H38+TONTAVRIL!I38 -> 0 | P38: =IF(Q38=0,0,($E$75-Q38)) -> 274000 | Q38: 26000
A39: AS201647 | B39: =VLOOKUP(A39,[4]LISTADHERENT!A$5:H$60,3,0) -> YOUMBI EMMANUEL | C39: =IF(G39=0,0,G39-D39) -> 10000 | D39: =IF(F39="ECHEC",0,IF(F39="",0,20000)) -> 20000 | E39: =IF(F39="ESPECES",3000,0) -> 0 | F39: BANQUE | G39: =IF(F39="BANQUE",30000,IF(F39="ESPECES",30000,0)) -> 30000 | L39: =TONTAVRIL!H39+TONTAVRIL!I39 -> 0 | P39: =IF(Q39=0,0,($E$75-Q39)) -> 0
A40: AS201655 | B40: =VLOOKUP(A40,[4]LISTADHERENT!A$5:H$60,3,0) -> TCHEMHOU EMMANUEL
A46: TOTAL | C46: =SUM(C7:C45) -> 812000 | D46: =SUM(D7:D45) -> 640000 | E46: =SUM(E7:E45) -> 12000 | F46: =SUM(F7:F45) -> 0 | G46: =SUM(G7:G45) -> 1452000 | H46: =SUM(H7:H45) -> 55500 | I46: =SUM(I7:I45) -> 0 | J46: =SUM(J7:J45) -> 0 | ... R46: =SUM(R7:R45) -> 0
G49: TONTINE + REMB + INTERET VENTE | H49: =D73+H73+Q46 -> 855500
G50: VENDUE | H50: =IF(H49>=900000,300000*3,300000*2)+300000 -> 900000
D51: TONTINE | E51: =+D46 -> 640000 | G51: RELIQUAT ANTERIEUR
D52: PENALITE VERSEMENT ESPECES | E52: =E46 -> 12000 | G52: PETIT LOT | H52: =H49-H50+H51 -> -44500
D53: VENTE PETIT LOT | E53: =+H46 -> 55500
D54: INTERET VENTE PETIT LOT | E54: =+I46 -> 0 | G54: RELIQUAT | H54: =H52-H46 -> -100000 | I54: CUMUL
D55: REMBOURSEMENT VENTE PETIT LOT | E55: =H73 -> 133500
D56: INTERET VENTE LOT PRINCIPAL | E56: =+Q46 -> 82000
D57: SANCTION | E57: =[5]MVTMAI!$E$49 -> 0
D58: EPARGNE | E58: =[5]MVTMAI!$E$50 -> 684000
D59: FONDS DE ROULEMENT | E59: =[5]MVTMAI!$E$51 -> 16000
D60: FRAIS EXCEPTIONNELS | E60: =[5]MVTMAI!$E$52 -> 32000
D61: COLLATION | E61: =[5]MVTMAI!$E$53 -> 80000
D62: MUTUELLE | E62: =[5]MVTMAI!$E$55 -> 0
D63: PRÊT FONDS | E63: =[5]MVTMAI!$E$56 -> 0
D64: INTERET FONDS | E64: =[5]MVTMAI!$E$57 -> 0
D65: REMBOURSEMENT PRÊT FONDS | E65: =[5]MVTMAI!$E$58 -> 1670000
D66: PENALITE PRET FONDS | E66: =[5]MVTMAI!$E$59 -> 0
D67: PENALITE FONDS | E67: =[5]MVTMAI!$E$60 -> 0
D69: MONTANT TONTINE | F69: MONTANT VERSE | G69: PENALITE VST ESPECES | H69: REMBOURSEMENT PETIT LOT | I69: VENTE PETIT LOT | J69: VENTE LOT PRINCIPAL | L69: SOLDE EN CAISSE
D70: =SUMIFS(D7:D45,F7:F45,"ESPECES") -> 40000 | E70: ESPECES | F70: =SUMIFS(G7:G45,F7:F45,"ESPECES") -> 59000 | G70: =+E46 -> 12000 | H70: =SUMIFS(L7:L45,M7:M45,"ESPECES") -> 133500 | I70: =SUMIFS(H7:H45,J7:J45,"ESPECES") -> 0 | J70: =SUMIFS(P7:P45,N7:N45,"ESPECES") -> 0 | L70: =F70+H70+G70-I70-J70 -> 204500
D71: =SUMIFS(D7:D45,F7:F45,"BANQUE") -> 600000 | E71: BANQUE | F71: =SUMIFS(G7:G45,F7:F45,"BANQUE") -> 1393000 | H71: =SUMIFS(L7:L45,M7:M45,"BANQUE") -> 0 | I71: =SUMIFS(H7:H45,J7:J45,"BANQUE") -> 0 | J71: =SUMIFS(P7:P45,M7:M45,"BANQUE") -> 0 | L71: =F71+H71-I71-J71 -> 1393000
D73: =D70+D71 -> 640000 | E73: TOTAL | F73: =F70+F71 -> 1452000 | H73: =H70+H71 -> 133500 | I73: =I70+I71 -> 0 | J73: 0 | L73: =F73+H73-I73-J73 -> 1585500
D74: =D73+R46 -> 640000 | E74: TOTAL+DEPOT
D75: MONTANT TONTINE | E75: 300000
D76: MONTANT PETIT LOT A VENDRE | E76: =L46+Q46 -> 271000

Sheet TONTJUIN
A1: ASSOCIATION | B1: ASELBY
A2: ANNEE | B2: 2019/2020
A3: TONTINE | B3: 30000
C4: 44003
A5: MATRICULE | B5: NOM ET PRENOM | C5: RESTE | D5: MONTANT TONTINE | E5: PENALITE VERSEMENT ESPECES | F5: MODE VERSEMENT | G5: MONTANT VERSE | H5: VENTE PETIT LOT | I5: INTERET PETIT LOT | J5: MODE VERSEMENT VENTE PETIT LOT | K5: NUMERO CHEQUE | L5: REMBOURSEMENT PETIT LOT | M5: MODE VERSEMENT REMBOURSEMENT | N5: MODE VERSEMENTLOT PRINCIPAL | O5: NUMERO CHEQUE | P5: MONTANT TONTINE LOT PRINCIPAL | Q5: INTERET LOT PRINCIPAL | R5: DEPOT
A6: AS201648 | B6: =VLOOKUP(A6,[4]LISTADHERENT!A$5:H$60,3,0) -> ASELBY | C6: =IF(G6=0,0,G6-D6) -> 0 | D6: =IF(F6="ECHEC",0,IF(F6="",0,20000)) -> 0 | E6: =IF(F6="ESPECES",3000,0) -> 0 | F6: ECHEC | G6: =IF(F6="BANQUE",30000,IF(F6="ESPECES",30000,0)) -> 0 | L6: =TONTMAI!H6+TONTMAI!I6 -> 0 | P6: =IF(Q6=0,0,($E$76-Q6)) -> 0
A7: AS201602 | B7: =VLOOKUP(A7,[4]LISTADHERENT!A$5:H$60,3,0) -> BOUTCHOUANG WILLIAM | C7: =IF(G7=0,0,G7-D7) -> 10000 | D7: =IF(F7="ECHEC",0,IF(F7="",0,20000)) -> 20000 | E7: =IF(F7="ESPECES",3000,0) -> 0 | F7: BANQUE | G7: =IF(F7="BANQUE",30000,IF(F7="ESPECES",30000,0)) -> 30000 | L7: =TONTMAI!H7+TONTMAI!I7 -> 0 | P7: =IF(Q7=0,0,($E$75-Q7)) -> 0
A8: AS201604 | B8: =VLOOKUP(A8,[4]LISTADHERENT!A$5:H$60,3,0) -> DJOMO JEAN PAUL | C8: =IF(G8=0,0,G8-D8) -> 10000 | D8: =IF(F8="ECHEC",0,IF(F8="",0,20000)) -> 20000 | E8: =IF(F8="ESPECES",3000,0) -> 0 | F8: BANQUE | G8: =IF(F8="BANQUE",30000,IF(F8="ESPECES",30000,0)) -> 30000 | L8: =TONTMAI!H8+TONTMAI!I8 -> 0 | P8: =IF(Q8=0,0,($E$75-Q8)) -> 0
A9: AS201654 | B9: =VLOOKUP(A9,[4]LISTADHERENT!A$5:H$60,3,0) -> DJOMOU TCHANDA | C9: =IF(G9=0,0,G9-D9) -> 10000 | D9: =IF(F9="ECHEC",0,IF(F9="",0,20000)) -> 20000 | E9: =IF(F9="ESPECES",3000,0) -> 0 | F9: BANQUE | G9: =IF(F9="BANQUE",30000,IF(F9="ESPECES",30000,0)) -> 30000 | L9: =TONTMAI!H9+TONTMAI!I9 -> 0 | P9: =IF(Q9=0,0,($E$75-Q9)) -> 0
A10: AS201605 | B10: =VLOOKUP(A10,[4]LISTADHERENT!A$5:H$60,3,0) -> DJOUKWE NANGUEN GUY BLAISE | C10: =IF(G10=0,0,G10-D10) -> 9500 | D10: =IF(F10="ECHEC",0,IF(F10="",0,20000)) -> 20000 | E10: =IF(F10="ESPECES",3000,0) -> 0 | F10: BANQUE | G10: 29500 | L10: =TONTMAI!H10+TONTMAI!I10 -> 0 | P10: =IF(Q10=0,0,($E$75-Q10)) -> 0
A11: AS201608 | B11: =VLOOKUP(A11,[4]LISTADHERENT!A$5:H$60,3,0) -> DJUOMBESSY ANTOINE | C11: =IF(G11=0,0,G11-D11) -> 10000 | D11: =IF(F11="ECHEC",0,IF(F11="",0,20000)) -> 20000 | E11: =IF(F11="ESPECES",3000,0) -> 0 | F11: BANQUE | G11: =IF(F11="BANQUE",30000,IF(F11="ESPECES",30000,0)) -> 30000 | L11: =TONTMAI!H11+TONTMAI!I11 -> 0 | P11: =IF(Q11=0,0,($E$75-Q11)) -> 0
A12: AS201651 | B12: =VLOOKUP(A12,[4]LISTADHERENT!A$5:H$60,3,0) -> DOMOU FABIEN | C12: =IF(G12=0,0,G12-D12) -> 10000 | D12: =IF(F12="ECHEC",0,IF(F12="",0,20000)) -> 20000 | E12: =IF(F12="ESPECES",3000,0) -> 0 | F12: BANQUE | G12: =IF(F12="BANQUE",30000,IF(F12="ESPECES",30000,0)) -> 30000 | L12: =TONTMAI!H12+TONTMAI!I12 -> 0 | P12: =IF(Q12=0,0,($E$75-Q12)) -> 280000 | Q12: 20000
A13: AS201609 | B13: =VLOOKUP(A13,[4]LISTADHERENT!A$5:H$60,3,0) -> DONHOU DAVID | C13: =IF(G13=0,0,G13-D13) -> 10000 | D13: =IF(F13="ECHEC",0,IF(F13="",0,20000)) -> 20000 | E13: =IF(F13="ESPECES",3000,0) -> 0 | F13: BANQUE | G13: =IF(F13="BANQUE",30000,IF(F13="ESPECES",30000,0)) -> 30000 | L13: =TONTMAI!H13+TONTMAI!I13 -> 0 | P13: =IF(Q13=0,0,($E$75-Q13)) -> 0
A14: AS201610 | B14: =VLOOKUP(A14,[4]LISTADHERENT!A$5:H$60,3,0) -> FOTSO THOMAS | C14: =IF(G14=0,0,G14-D14) -> 0 | D14: =IF(F14="ECHEC",0,IF(F14="",0,20000)) -> 0 | E14: =IF(F14="ESPECES",3000,0) -> 0 | F14: ECHEC | G14: =IF(F14="BANQUE",30000,IF(F14="ESPECES",30000,0)) -> 0 | H14: 54500 | L14: =TONTMAI!H14+TONTMAI!I14 -> 54500 | P14: =IF(Q14=0,0,($E$75-Q14)) -> 0
A15: AS201611 | B15: =VLOOKUP(A15,[4]LISTADHERENT!A$5:H$60,3,0) -> HENGUE PAUL OMER | C15: =IF(G15=0,0,G15-D15) -> 10000 | D15: =IF(F15="ECHEC",0,IF(F15="",0,20000)) -> 20000 | E15: =IF(F15="ESPECES",3000,0) -> 0 | F15: BANQUE | G15: =IF(F15="BANQUE",30000,IF(F15="ESPECES",30000,0)) -> 30000 | L15: =TONTMAI!H15+TONTMAI!I15 -> 0 | P15: =IF(Q15=0,0,($E$75-Q15)) -> 0
A16: AS201613 | B16: =VLOOKUP(A16,[4]LISTADHERENT!A$5:H$60,3,0) -> HOTCHO BENJAMIN | C16: =IF(G16=0,0,G16-D16) -> 45000 | D16: =IF(F16="ECHEC",0,IF(F16="",0,20000)) -> 20000 | E16: =IF(F16="ESPECES",3000,0) -> 0 | F16: BANQUE | G16: =IF(F16="BANQUE",30000,IF(F16="ESPECES",30000,0))+35000 -> 65000 | L16: =TONTMAI!H16+TONTMAI!I16 -> 0 | P16: =IF(Q16=0,0,($E$75-Q16)) -> 0
A17: AS201615 | B17: =VLOOKUP(A17,[4]LISTADHERENT!A$5:H$60,3,0) -> KEPSEU FRANCIS | C17: =IF(G17=0,0,G17-D17) -> 10000 | D17: =IF(F17="ECHEC",0,IF(F17="",0,20000)) -> 20000 | E17: =IF(F17="ESPECES",3000,0) -> 0 | F17: BANQUE | G17: =IF(F17="BANQUE",30000,IF(F17="ESPECES",30000,0)) -> 30000 | L17: =TONTMAI!H17+TONTMAI!I17 -> 0 | P17: =IF(Q17=0,0,($E$75-Q17)) -> 0
A18: AS201618 | B18: =VLOOKUP(A18,[4]LISTADHERENT!A$5:H$60,3,0) -> KOUAMO VICTOR PEGUY | C18: =IF(G18=0,0,G18-D18) -> 0 | D18: =IF(F18="ECHEC",0,IF(F18="",0,20000)) -> 0 | E18: =IF(F18="ESPECES",3000,0) -> 0 | F18: ECHEC | G18: =IF(F18="BANQUE",30000,IF(F18="ESPECES",30000,0)) -> 0 | L18: =TONTMAI!H18+TONTMAI!I18 -> 0 | P18: =IF(Q18=0,0,($E$75-Q18)) -> 0
A19: AS201617 | B19: =VLOOKUP(A19,[4]LISTADHERENT!A$5:H$60,3,0) -> KOUAMOU MOISE | C19: =IF(G19=0,0,G19-D19) -> 10000 | D19: =IF(F19="ECHEC",0,IF(F19="",0,20000)) -> 20000 | E19: =IF(F19="ESPECES",3000,0) -> 0 | F19: BANQUE | G19: =IF(F19="BANQUE",30000,IF(F19="ESPECES",30000,0)) -> 30000 | H19: 1000 | L19: =TONTMAI!H19+TONTMAI!I19 -> 1000 | P19: =IF(Q19=0,0,($E$75-Q19)) -> 0
A20: AS201619 | B20: =VLOOKUP(A20,[4]LISTADHERENT!A$5:H$60,3,0) -> KOUATCHO MESSACK | C20: =IF(G20=0,0,G20-D20) -> 10000 | D20: =IF(F20="ECHEC",0,IF(F20="",0,20000)) -> 20000 | E20: =IF(F20="ESPECES",3000,0) -> 0 | F20: BANQUE | G20: =IF(F20="BANQUE",30000,IF(F20="ESPECES",30000,0)) -> 30000 | L20: =TONTMAI!H20+TONTMAI!I20 -> 0 | P20: =IF(Q20=0,0,($E$75-Q20)) -> 0
A21: AS201620 | B21: =VLOOKUP(A21,[4]LISTADHERENT!A$5:H$60,3,0) -> LOWE JEAN | C21: =IF(G21=0,0,G21-D21) -> 10000 | D21: =IF(F21="ECHEC",0,IF(F21="",0,20000)) -> 20000 | E21: =IF(F21="ESPECES",3000,0) -> 0 | F21: BANQUE | G21: =IF(F21="BANQUE",30000,IF(F21="ESPECES",30000,0)) -> 30000 | L21: =TONTMAI!H21+TONTMAI!I21 -> 0 | P21: =IF(Q21=0,0,($E$75-Q21)) -> 0
A22: AS201649 | B22: =VLOOKUP(A22,[4]LISTADHERENT!A$5:H$60,3,0) -> MBOGNING TUGMA GUY | C22: =IF(G22=0,0,G22-D22) -> 10000 | D22: =IF(F22="ECHEC",0,IF(F22="",0,20000)) -> 20000 | E22: =IF(F22="ESPECES",3000,0) -> 0 | F22: BANQUE | G22: =IF(F22="BANQUE",30000,IF(F22="ESPECES",30000,0)) -> 30000 | L22: =TONTMAI!H22+TONTMAI!I22 -> 0 | P22: =IF(Q22=0,0,($E$75-Q22)) -> 0
A23: AS201639 | B23: =VLOOKUP(A23,[4]LISTADHERENT!A$5:H$60,3,0) -> NANGUEN MARTIN | C23: =IF(G23=0,0,G23-D23) -> 10000 | D23: =IF(F23="ECHEC",0,IF(F23="",0,20000)) -> 20000 | E23: =IF(F23="ESPECES",3000,0) -> 0 | F23: BANQUE | G23: =IF(F23="BANQUE",30000,IF(F23="ESPECES",30000,0)) -> 30000 | L23: =TONTMAI!H23+TONTMAI!I23 -> 0 | P23: =IF(Q23=0,0,($E$75-Q23)) -> 0
A24: AS201621 | B24: =VLOOKUP(A24,[4]LISTADHERENT!A$5:H$60,3,0) -> NANKAM APPOLINAIRE | C24: =IF(G24=0,0,G24-D24) -> 10000 | D24: =IF(F24="ECHEC",0,IF(F24="",0,20000)) -> 20000 | E24: =IF(F24="ESPECES",3000,0) -> 0 | F24: BANQUE | G24: =IF(F24="BANQUE",30000,IF(F24="ESPECES",30000,0)) -> 30000 | L24: =TONTMAI!H24+TONTMAI!I24 -> 0 | P24: =IF(Q24=0,0,($E$75-Q24)) -> 0
A25: AS201622 | B25: =VLOOKUP(A25,[4]LISTADHERENT!A$5:H$60,3,0) -> NDJOMO ETIENNE | C25: =IF(G25=0,0,G25-D25) -> 10000 | D25: =IF(F25="ECHEC",0,IF(F25="",0,20000)) -> 20000 | E25: =IF(F25="ESPECES",3000,0) -> 0 | F25: BANQUE | G25: =IF(F25="BANQUE",30000,IF(F25="ESPECES",30000,0)) -> 30000 | L25: =TONTMAI!H25+TONTMAI!I25 -> 0 | P25: =IF(Q25=0,0,($E$75-Q25)) -> 0
A26: AS201624 | B26: =VLOOKUP(A26,[4]LISTADHERENT!A$5:H$60,3,0) -> NGONDIEP CLAUDE | C26: =IF(G26=0,0,G26-D26) -> 20000 | D26: =IF(F26="ECHEC",0,IF(F26="",0,20000)) -> 20000 | E26: =IF(F26="ESPECES",3000,0) -> 0 | F26: BANQUE | G26: =IF(F26="BANQUE",30000,IF(F26="ESPECES",30000,0))+10000 -> 40000 | L26: =TONTMAI!H26+TONTMAI!I26 -> 0 | P26: =IF(Q26=0,0,($E$75-Q26)) -> 0
A27: AS201626 | B27: =VLOOKUP(A27,[4]LISTADHERENT!A$5:H$60,3,0) -> NGUIEMEGNI MATHIEU BLAISE | C27: =IF(G27=0,0,G27-D27) -> 10000 | D27: =IF(F27="ECHEC",0,IF(F27="",0,20000)) -> 20000 | E27: =IF(F27="ESPECES",3000,0) -> 0 | F27: BANQUE | G27: =IF(F27="BANQUE",30000,IF(F27="ESPECES",30000,0)) -> 30000 | L27: =TONTMAI!H27+TONTMAI!I27 -> 0 | P27: =IF(Q27=0,0,($E$75-Q27)) -> 279000 | Q27: 21000
A28: AS201628 | B28: =VLOOKUP(A28,[4]LISTADHERENT!A$5:H$60,3,0) -> NKAMGANG JUSTIN DEJOLIE | C28: =IF(G28=0,0,G28-D28) -> 10000 | D28: =IF(F28="ECHEC",0,IF(F28="",0,20000)) -> 20000 | E28: =IF(F28="ESPECES",3000,0) -> 3000 | F28: ESPECES | G28: =IF(F28="BANQUE",30000,IF(F28="ESPECES",30000,0)) -> 30000 | L28: =TONTMAI!H28+TONTMAI!I28 -> 0 | P28: =IF(Q28=0,0,($E$75-Q28)) -> 0
A29: AS201614 | B29: =VLOOKUP(A29,[4]LISTADHERENT!A$5:H$60,3,0) -> NKEHE DAVID | C29: =IF(G29=0,0,G29-D29) -> 7000 | D29: =IF(F29="ECHEC",0,IF(F29="",0,20000)) -> 20000 | E29: =IF(F29="ESPECES",3000,0) -> 3000 | F29: ESPECES | G29: =IF(F29="BANQUE",30000,IF(F29="ESPECES",30000,0))-3000 -> 27000 | L29: =TONTMAI!H29+TONTMAI!I29 -> 0 | P29: =IF(Q29=0,0,($E$75-Q29)) -> 0
A30: AS201629 | B30: =VLOOKUP(A30,[4]LISTADHERENT!A$5:H$60,3,0) -> NKEPSEU DIEUDONNE | C30: =IF(G30=0,0,G30-D30) -> 10000 | D30: =IF(F30="ECHEC",0,IF(F30="",0,20000)) -> 20000 | E30: =IF(F30="ESPECES",3000,0) -> 0 | F30: BANQUE | G30: =IF(F30="BANQUE",30000,IF(F30="ESPECES",30000,0)) -> 30000 | L30: =TONTMAI!H30+TONTMAI!I30 -> 0 | P30: =IF(Q30=0,0,($E$75-Q30)) -> 0
A31: AS201633 | B31: =VLOOKUP(A31,[4]LISTADHERENT!A$5:H$60,3,0) -> PATEGO NJOSSU GUSTAVE | C31: =IF(G31=0,0,G31-D31) -> 10000 | D31: =IF(F31="ECHEC",0,IF(F31="",0,20000)) -> 20000 | E31: =IF(F31="ESPECES",3000,0) -> 0 | F31: BANQUE | G31: =IF(F31="BANQUE",30000,IF(F31="ESPECES",30000,0)) -> 30000 | L31: =TONTMAI!H31+TONTMAI!I31 -> 0 | P31: =IF(Q31=0,0,($E$75-Q31)) -> 0
A32: AS201653 | B32: =VLOOKUP(A32,[4]LISTADHERENT!A$5:H$60,3,0) -> SIME BRICE | C32: =IF(G32=0,0,G32-D32) -> 20000 | D32: =IF(F32="ECHEC",0,IF(F32="",0,20000)) -> 20000 | E32: =IF(F32="ESPECES",3000,0) -> 0 | F32: BANQUE | G32: =IF(F32="BANQUE",30000,IF(F32="ESPECES",30000,0))+10000 -> 40000 | L32: =TONTMAI!H32+TONTMAI!I32 -> 0 | P32: =IF(Q32=0,0,($E$75-Q32)) -> 0
A33: AS201636 | B33: =VLOOKUP(A33,[4]LISTADHERENT!A$5:H$60,3,0) -> SIMO FONGANG ERIC | C33: =IF(G33=0,0,G33-D33) -> 10000 | D33: =IF(F33="ECHEC",0,IF(F33="",0,20000)) -> 20000 | E33: =IF(F33="ESPECES",3000,0) -> 3000 | F33: ESPECES | G33: =IF(F33="BANQUE",30000,IF(F33="ESPECES",30000,0)) -> 30000 | L33: =TONTMAI!H33+TONTMAI!I33 -> 0 | P33: =IF(Q33=0,0,($E$75-Q33)) -> 0
A34: AS201637 | B34: =VLOOKUP(A34,[4]LISTADHERENT!A$5:H$60,3,0) -> SIME MATHIEU | C34: =IF(G34=0,0,G34-D34) -> 10000 | D34: =IF(F34="ECHEC",0,IF(F34="",0,20000)) -> 20000 | E34: =IF(F34="ESPECES",3000,0) -> 0 | F34: BANQUE | G34: =IF(F34="BANQUE",30000,IF(F34="ESPECES",30000,0)) -> 30000 | L34: =TONTMAI!H34+TONTMAI!I34 -> 0 | P34: =IF(Q34=0,0,($E$75-Q34)) -> 0
A35: AS201638 | B35: =VLOOKUP(A35,[4]LISTADHERENT!A$5:H$60,3,0) -> SIMO PIERRE | C35: =IF(G35=0,0,G35-D35) -> 70000 | D35: =IF(F35="ECHEC",0,IF(F35="",0,20000)) -> 20000 | E35: =IF(F35="ESPECES",3000,0) -> 0 | F35: BANQUE | G35: =IF(F35="BANQUE",30000,IF(F35="ESPECES",30000,0))+60000 -> 90000 | L35: =TONTMAI!H35+TONTMAI!I35 -> 0 | P35: =IF(Q35=0,0,($E$75-Q35)) -> 0
A36: AS201641 | B36: =VLOOKUP(A36,[4]LISTADHERENT!A$5:H$60,3,0) -> TCHOUAMOU MATHIEU | C36: =IF(G36=0,0,G36-D36) -> 10000 | D36: =IF(F36="ECHEC",0,IF(F36="",0,20000)) -> 20000 | E36: =IF(F36="ESPECES",3000,0) -> 0 | F36: BANQUE | G36: =IF(F36="BANQUE",30000,IF(F36="ESPECES",30000,0)) -> 30000 | L36: =TONTMAI!H36+TONTMAI!I36 -> 0 | P36: =IF(Q36=0,0,($E$75-Q36)) -> 0
A37: AS201644 | B37: =VLOOKUP(A37,[4]LISTADHERENT!A$5:H$60,3,0) -> TIEYAM ERNEST | C37: =IF(G37=0,0,G37-D37) -> 10000 | D37: =IF(F37="ECHEC",0,IF(F37="",0,20000)) -> 20000 | E37: =IF(F37="ESPECES",3000,0) -> 3000 | F37: ESPECES | G37: =IF(F37="BANQUE",30000,IF(F37="ESPECES",30000,0)) -> 30000 | L37: =TONTMAI!H37+TONTMAI!I37 -> 0 | P37: =IF(Q37=0,0,($E$75-Q37)) -> 0
A38: AS201646 | B38: =VLOOKUP(A38,[4]LISTADHERENT!A$5:H$60,3,0) -> YEPMOU JEAN JACQUES | C38: =IF(G38=0,0,G38-D38) -> 10000 | D38: =IF(F38="ECHEC",0,IF(F38="",0,20000)) -> 20000 | E38: =IF(F38="ESPECES",3000,0) -> 3000 | F38: ESPECES | G38: =IF(F38="BANQUE",30000,IF(F38="ESPECES",30000,0)) -> 30000 | L38: =TONTMAI!H38+TONTMAI!I38 -> 0 | P38: =IF(Q38=0,0,($E$75-Q38)) -> 0
A39: AS201647 | B39: =VLOOKUP(A39,[4]LISTADHERENT!A$5:H$60,3,0) -> YOUMBI EMMANUEL | C39: =IF(G39=0,0,G39-D39) -> 10000 | D39: =IF(F39="ECHEC",0,IF(F39="",0,20000)) -> 20000 | E39: =IF(F39="ESPECES",3000,0) -> 0 | F39: BANQUE | G39: =IF(F39="BANQUE",30000,IF(F39="ESPECES",30000,0)) -> 30000 | L39: =TONTMAI!H39+TONTMAI!I39 -> 0 | P39: =IF(Q39=0,0,($E$75-Q39)) -> 0
A40: AS201655 | B40: =VLOOKUP(A40,[4]LISTADHERENT!A$5:H$60,3,0) -> TCHEMHOU EMMANUEL
A46: TOTAL | C46: =SUM(C7:C45) -> 421500 | D46: =SUM(D7:D45) -> 620000 | E46: =SUM(E7:E45) -> 15000 | F46: =SUM(F7:F45) -> 0 | G46: =SUM(G7:G45) -> 1041500 | H46: =SUM(H7:H45) -> 55500 | I46: =SUM(I7:I45) -> 0 | J46: =SUM(J7:J45) -> 0 | ... R46: =SUM(R7:R45) -> 0
G49: TONTINE + REMB + INTERET VENTE | H49: =D73+H73+Q46 -> 661000
G50: VENDUE | H50: =IF(H49>=900000,300000*3,300000*2) -> 600000
D51: TONTINE | E51: =+D46 -> 620000
D52: PENALITE VERSEMENT ESPECES | E52: =E46 -> 15000 | G52: PETIT LOT | H52: =H49-H50 -> 61000
D53: VENTE PETIT LOT | E53: =+H46 -> 55500
D54: INTERET VENTE PETIT LOT | E54: =+I46 -> 0 | G54: RELIQUAT | H54: =H52-H46-46000 -> -40500 | I54: CUMUL
D55: REMBOURSEMENT VENTE PETIT LOT | E55: =+L46 -> 55500
D56: INTERET VENTE LOT PRINCIPAL | E56: =+Q46 -> 41000
D57: SANCTION | E57: =[5]MVTJUIN!$E$49 -> 0
D58: EPARGNE | E58: =[5]MVTJUIN!$E$50 -> 297500
D59: FONDS DE ROULEMENT | E59: =[5]MVTJUIN!$E$51 -> 15500
D60: FRAIS EXCEPTIONNELS | E60: =[5]MVTJUIN!$E$52 -> 31000
D61: COLLATION | E61: =[5]MVTJUIN!$E$53 -> 77500
D62: MUTUELLE | E62: =[5]MVTJUIN!$E$55 -> 0
D63: PRÊT FONDS | E63: =[5]MVTJUIN!$E$56 -> 1809000
D64: INTERET FONDS | E64: =[5]MVTJUIN!$E$57 -> 36180
D65: REMBOURSEMENT PRÊT FONDS | E65: =[5]MVTJUIN!$E$58 -> 1820000
D66: PENALITE PRET FONDS | E66: =[5]MVTJUIN!$E$59 -> 0
D67: PENALITE FONDS | E67: =[5]MVTJUIN!$E$60 -> 0
D69: MONTANT TONTINE | F69: MONTANT VERSE | G69: PENALITE VST ESPECES | H69: REMBOURSEMENT PETIT LOT | I69: VENTE PETIT LOT | J69: VENTE LOT PRINCIPAL | L69: SOLDE EN CAISSE
D70: =SUMIFS(D7:D45,F7:F45,"ESPECES") -> 100000 | E70: ESPECES | F70: =SUMIFS(G7:G45,F7:F45,"ESPECES") -> 147000 | G70: =+E46 -> 15000 | H70: =SUMIFS(L7:L45,M7:M45,"ESPECES") -> 0 | I70: =SUMIFS(H7:H45,J7:J45,"ESPECES") -> 0 | J70: =SUMIFS(P7:P45,N7:N45,"ESPECES") -> 0 | L70: =F70+H70+G70-I70-J70 -> 162000
D71: =SUMIFS(D7:D45,F7:F45,"BANQUE") -> 520000 | E71: BANQUE | F71: =SUMIFS(G7:G45,F7:F45,"BANQUE") -> 894500 | H71: =SUMIFS(L7:L45,M7:M45,"BANQUE") -> 0 | I71: =SUMIFS(H7:H45,J7:J45,"BANQUE") -> 0 | J71: =SUMIFS(P7:P45,M7:M45,"BANQUE") -> 0 | L71: =F71+H71-I71-J71 -> 894500
D73: =D70+D71 -> 620000 | E73: TOTAL | F73: =F70+F71 -> 1041500 | H73: =H70+H71 -> 0 | I73: =I70+I71 -> 0 | J73: 0 | L73: =F73+H73-I73-J73 -> 1041500
D74: =D73+R46 -> 620000 | E74: TOTAL+DEPOT
D75: MONTANT TONTINE | E75: 300000
D76: MONTANT PETIT LOT A VENDRE | E76: =L46+Q46 -> 96500

Sheet TONTJUIL
A1: ASSOCIATION | B1: ASELBY
A2: ANNEE | B2: 2019/2020
A3: TONTINE | B3: 30000
C4: 44031
A5: MATRICULE | B5: NOM ET PRENOM | C5: RESTE | D5: MONTANT TONTINE | E5: PENALITE VERSEMENT ESPECES | F5: MODE VERSEMENT | G5: MONTANT VERSE | H5: VENTE PETIT LOT | I5: INTERET PETIT LOT | J5: MODE VERSEMENT VENTE PETIT LOT | K5: NUMERO CHEQUE | L5: REMBOURSEMENT PETIT LOT | M5: MODE VERSEMENT REMBOURSEMENT | N5: MODE VERSEMENTLOT PRINCIPAL | O5: NUMERO CHEQUE | P5: MONTANT TONTINE LOT PRINCIPAL | Q5: INTERET LOT PRINCIPAL | R5: DEPOT
A6: AS201648 | B6: =VLOOKUP(A6,[4]LISTADHERENT!A$5:H$60,3,0) -> ASELBY | C6: =IF(G6=0,0,G6-D6) -> 0 | D6: =IF(F6="ECHEC",0,IF(F6="",0,20000)) -> 0 | E6: =IF(F6="ESPECES",3000,0) -> 0 | F6: ECHEC | G6: =IF(F6="BANQUE",30000,IF(F6="ESPECES",30000,0)) -> 0 | L6: =TONTJUIN!H6+TONTJUIN!I6 -> 0 | P6: =IF(Q6=0,0,($E$76-Q6)) -> 0
A7: AS201602 | B7: =VLOOKUP(A7,[4]LISTADHERENT!A$5:H$60,3,0) -> BOUTCHOUANG WILLIAM | C7: =IF(G7=0,0,G7-D7) -> 10000 | D7: =IF(F7="ECHEC",0,IF(F7="",0,20000)) -> 20000 | E7: =IF(F7="ESPECES",3000,0) -> 0 | F7: BANQUE | G7: =IF(F7="BANQUE",30000,IF(F7="ESPECES",30000,0)) -> 30000 | L7: =TONTJUIN!H7+TONTJUIN!I7 -> 0 | P7: =IF(Q7=0,0,($E$75-Q7)) -> 0
A8: AS201604 | B8: =VLOOKUP(A8,[4]LISTADHERENT!A$5:H$60,3,0) -> DJOMO JEAN PAUL | C8: =IF(G8=0,0,G8-D8) -> 15000 | D8: =IF(F8="ECHEC",0,IF(F8="",0,20000)) -> 20000 | E8: =IF(F8="ESPECES",3000,0) -> 0 | F8: BANQUE | G8: =IF(F8="BANQUE",30000,IF(F8="ESPECES",30000,0))+5000 -> 35000 | L8: =TONTJUIN!H8+TONTJUIN!I8 -> 0 | P8: =IF(Q8=0,0,($E$75-Q8)) -> 0
A9: AS201654 | B9: =VLOOKUP(A9,[4]LISTADHERENT!A$5:H$60,3,0) -> DJOMOU TCHANDA | C9: =IF(G9=0,0,G9-D9) -> 10000 | D9: =IF(F9="ECHEC",0,IF(F9="",0,20000)) -> 20000 | E9: =IF(F9="ESPECES",3000,0) -> 0 | F9: BANQUE | G9: =IF(F9="BANQUE",30000,IF(F9="ESPECES",30000,0)) -> 30000 | L9: =TONTJUIN!H9+TONTJUIN!I9 -> 0 | P9: =IF(Q9=0,0,($E$75-Q9)) -> 270000 | Q9: 30000
A10: AS201605 | B10: =VLOOKUP(A10,[4]LISTADHERENT!A$5:H$60,3,0) -> DJOUKWE NANGUEN GUY BLAISE | C10: =IF(G10=0,0,G10-D10) -> 10000 | D10: =IF(F10="ECHEC",0,IF(F10="",0,20000)) -> 20000 | E10: =IF(F10="ESPECES",3000,0) -> 0 | F10: BANQUE | G10: =IF(F10="BANQUE",30000,IF(F10="ESPECES",30000,0)) -> 30000 | L10: =TONTJUIN!H10+TONTJUIN!I10 -> 0 | P10: =IF(Q10=0,0,($E$75-Q10)) -> 0
A11: AS201608 | B11: =VLOOKUP(A11,[4]LISTADHERENT!A$5:H$60,3,0) -> DJUOMBESSY ANTOINE | C11: =IF(G11=0,0,G11-D11) -> 10000 | D11: =IF(F11="ECHEC",0,IF(F11="",0,20000)) -> 20000 | E11: =IF(F11="ESPECES",3000,0) -> 0 | F11: BANQUE | G11: =IF(F11="BANQUE",30000,IF(F11="ESPECES",30000,0)) -> 30000 | H11: 25000 | I11: 2000 | L11: =TONTJUIN!H11+TONTJUIN!I11 -> 0 | P11: =IF(Q11=0,0,($E$75-Q11)) -> 273000 | Q11: 27000
A12: AS201651 | B12: =VLOOKUP(A12,[4]LISTADHERENT!A$5:H$60,3,0) -> DOMOU FABIEN | C12: =IF(G12=0,0,G12-D12) -> 10000 | D12: =IF(F12="ECHEC",0,IF(F12="",0,20000)) -> 20000 | E12: =IF(F12="ESPECES",3000,0) -> 0 | F12: BANQUE | G12: =IF(F12="BANQUE",30000,IF(F12="ESPECES",30000,0)) -> 30000 | L12: =TONTJUIN!H12+TONTJUIN!I12 -> 0 | P12: =IF(Q12=0,0,($E$75-Q12)) -> 0
A13: AS201609 | B13: =VLOOKUP(A13,[4]LISTADHERENT!A$5:H$60,3,0) -> DONHOU DAVID | C13: =IF(G13=0,0,G13-D13) -> 10000 | D13: =IF(F13="ECHEC",0,IF(F13="",0,20000)) -> 20000 | E13: =IF(F13="ESPECES",3000,0) -> 0 | F13: BANQUE | G13: =IF(F13="BANQUE",30000,IF(F13="ESPECES",30000,0)) -> 30000 | L13: =TONTJUIN!H13+TONTJUIN!I13 -> 0 | P13: =IF(Q13=0,0,($E$75-Q13)) -> 0
A14: AS201610 | B14: =VLOOKUP(A14,[4]LISTADHERENT!A$5:H$60,3,0) -> FOTSO THOMAS | C14: =IF(G14=0,0,G14-D14) -> 7000 | D14: =IF(F14="ECHEC",0,IF(F14="",0,20000)) -> 20000 | E14: =IF(F14="ESPECES",3000,0) -> 3000 | F14: ESPECES | G14: =IF(F14="BANQUE",30000,IF(F14="ESPECES",30000,0))-3000 -> 27000 | H14: 54500 | L14: =TONTJUIN!H14+TONTJUIN!I14 -> 54500 | P14: =IF(Q14=0,0,($E$75-Q14)) -> 0
A15: AS201611 | B15: =VLOOKUP(A15,[4]LISTADHERENT!A$5:H$60,3,0) -> HENGUE PAUL OMER | C15: =IF(G15=0,0,G15-D15) -> 10000 | D15: =IF(F15="ECHEC",0,IF(F15="",0,20000)) -> 20000 | E15: =IF(F15="ESPECES",3000,0) -> 0 | F15: BANQUE | G15: =IF(F15="BANQUE",30000,IF(F15="ESPECES",30000,0)) -> 30000 | L15: =TONTJUIN!H15+TONTJUIN!I15 -> 0 | P15: =IF(Q15=0,0,($E$75-Q15)) -> 0
A16: AS201613 | B16: =VLOOKUP(A16,[4]LISTADHERENT!A$5:H$60,3,0) -> HOTCHO BENJAMIN | C16: =IF(G16=0,0,G16-D16) -> 45000 | D16: =IF(F16="ECHEC",0,IF(F16="",0,20000)) -> 20000 | E16: =IF(F16="ESPECES",3000,0) -> 0 | F16: BANQUE | G16: =IF(F16="BANQUE",30000,IF(F16="ESPECES",30000,0))+35000 -> 65000 | L16: =TONTJUIN!H16+TONTJUIN!I16 -> 0 | P16: =IF(Q16=0,0,($E$75-Q16)) -> 0
A17: AS201615 | B17: =VLOOKUP(A17,[4]LISTADHERENT!A$5:H$60,3,0) -> KEPSEU FRANCIS | C17: =IF(G17=0,0,G17-D17) -> 10000 | D17: =IF(F17="ECHEC",0,IF(F17="",0,20000)) -> 20000 | E17: =IF(F17="ESPECES",3000,0) -> 0 | F17: BANQUE | G17: =IF(F17="BANQUE",30000,IF(F17="ESPECES",30000,0)) -> 30000 | L17: =TONTJUIN!H17+TONTJUIN!I17 -> 0 | P17: =IF(Q17=0,0,($E$75-Q17)) -> 0
A18: AS201618 | B18: =VLOOKUP(A18,[4]LISTADHERENT!A$5:H$60,3,0) -> KOUAMO VICTOR PEGUY | C18: =IF(G18=0,0,G18-D18) -> 0 | D18: =IF(F18="ECHEC",0,IF(F18="",0,20000)) -> 0 | E18: =IF(F18="ESPECES",3000,0) -> 0 | F18: ECHEC | G18: =IF(F18="BANQUE",30000,IF(F18="ESPECES",30000,0)) -> 0 | L18: =TONTJUIN!H18+TONTJUIN!I18 -> 0 | P18: =IF(Q18=0,0,($E$75-Q18)) -> 0
A19: AS201617 | B19: =VLOOKUP(A19,[4]LISTADHERENT!A$5:H$60,3,0) -> KOUAMOU MOISE | C19: =IF(G19=0,0,G19-D19) -> 10000 | D19: =IF(F19="ECHEC",0,IF(F19="",0,20000)) -> 20000 | E19: =IF(F19="ESPECES",3000,0) -> 0 | F19: BANQUE | G19: =IF(F19="BANQUE",30000,IF(F19="ESPECES",30000,0)) -> 30000 | H19: 1000 | L19: =TONTJUIN!H19+TONTJUIN!I19 -> 1000 | P19: =IF(Q19=0,0,($E$75-Q19)) -> 0
A20: AS201619 | B20: =VLOOKUP(A20,[4]LISTADHERENT!A$5:H$60,3,0) -> KOUATCHO MESSACK | C20: =IF(G20=0,0,G20-D20) -> 10000 | D20: =IF(F20="ECHEC",0,IF(F20="",0,20000)) -> 20000 | E20: =IF(F20="ESPECES",3000,0) -> 0 | F20: BANQUE | G20: =IF(F20="BANQUE",30000,IF(F20="ESPECES",30000,0)) -> 30000 | L20: =TONTJUIN!H20+TONTJUIN!I20 -> 0 | P20: =IF(Q20=0,0,($E$75-Q20)) -> 0
A21: AS201620 | B21: =VLOOKUP(A21,[4]LISTADHERENT!A$5:H$60,3,0) -> LOWE JEAN | C21: =IF(G21=0,0,G21-D21) -> 10000 | D21: =IF(F21="ECHEC",0,IF(F21="",0,20000)) -> 20000 | E21: =IF(F21="ESPECES",3000,0) -> 3000 | F21: ESPECES | G21: =IF(F21="BANQUE",30000,IF(F21="ESPECES",30000,0)) -> 30000 | L21: =TONTJUIN!H21+TONTJUIN!I21 -> 0 | P21: =IF(Q21=0,0,($E$75-Q21)) -> 0
A22: AS201649 | B22: =VLOOKUP(A22,[4]LISTADHERENT!A$5:H$60,3,0) -> MBOGNING TUGMA GUY | C22: =IF(G22=0,0,G22-D22) -> 10000 | D22: =IF(F22="ECHEC",0,IF(F22="",0,20000)) -> 20000 | E22: =IF(F22="ESPECES",3000,0) -> 0 | F22: BANQUE | G22: =IF(F22="BANQUE",30000,IF(F22="ESPECES",30000,0)) -> 30000 | L22: =TONTJUIN!H22+TONTJUIN!I22 -> 0 | P22: =IF(Q22=0,0,($E$75-Q22)) -> 0
A23: AS201639 | B23: =VLOOKUP(A23,[4]LISTADHERENT!A$5:H$60,3,0) -> NANGUEN MARTIN | C23: =IF(G23=0,0,G23-D23) -> 10000 | D23: =IF(F23="ECHEC",0,IF(F23="",0,20000)) -> 20000 | E23: =IF(F23="ESPECES",3000,0) -> 0 | F23: BANQUE | G23: =IF(F23="BANQUE",30000,IF(F23="ESPECES",30000,0)) -> 30000 | L23: =TONTJUIN!H23+TONTJUIN!I23 -> 0 | P23: =IF(Q23=0,0,($E$75-Q23)) -> 0
A24: AS201621 | B24: =VLOOKUP(A24,[4]LISTADHERENT!A$5:H$60,3,0) -> NANKAM APPOLINAIRE | C24: =IF(G24=0,0,G24-D24) -> 10000 | D24: =IF(F24="ECHEC",0,IF(F24="",0,20000)) -> 20000 | E24: =IF(F24="ESPECES",3000,0) -> 0 | F24: BANQUE | G24: =IF(F24="BANQUE",30000,IF(F24="ESPECES",30000,0)) -> 30000 | L24: =TONTJUIN!H24+TONTJUIN!I24 -> 0 | P24: =IF(Q24=0,0,($E$75-Q24)) -> 0
A25: AS201622 | B25: =VLOOKUP(A25,[4]LISTADHERENT!A$5:H$60,3,0) -> NDJOMO ETIENNE | C25: =IF(G25=0,0,G25-D25) -> 14000 | D25: =IF(F25="ECHEC",0,IF(F25="",0,20000)) -> 20000 | E25: =IF(F25="ESPECES",3000,0) -> 0 | F25: BANQUE | G25: =IF(F25="BANQUE",30000,IF(F25="ESPECES",30000,0))+4000 -> 34000 | H25: 22000 | I25: 1500 | L25: =TONTJUIN!H25+TONTJUIN!I25 -> 0 | P25: =IF(Q25=0,0,($E$75-Q25)) -> 0
A26: AS201624 | B26: =VLOOKUP(A26,[4]LISTADHERENT!A$5:H$60,3,0) -> NGONDIEP CLAUDE | C26: =IF(G26=0,0,G26-D26) -> 20000 | D26: =IF(F26="ECHEC",0,IF(F26="",0,20000)) -> 20000 | E26: =IF(F26="ESPECES",3000,0) -> 0 | F26: BANQUE | G26: =IF(F26="BANQUE",30000,IF(F26="ESPECES",30000,0))+10000 -> 40000 | L26: =TONTJUIN!H26+TONTJUIN!I26 -> 0 | P26: =IF(Q26=0,0,($E$75-Q26)) -> 0
A27: AS201626 | B27: =VLOOKUP(A27,[4]LISTADHERENT!A$5:H$60,3,0) -> NGUIEMEGNI MATHIEU BLAISE | C27: =IF(G27=0,0,G27-D27) -> 10000 | D27: =IF(F27="ECHEC",0,IF(F27="",0,20000)) -> 20000 | E27: =IF(F27="ESPECES",3000,0) -> 0 | F27: BANQUE | G27: =IF(F27="BANQUE",30000,IF(F27="ESPECES",30000,0)) -> 30000 | L27: =TONTJUIN!H27+TONTJUIN!I27 -> 0 | P27: =IF(Q27=0,0,($E$75-Q27)) -> 0
A28: AS201628 | B28: =VLOOKUP(A28,[4]LISTADHERENT!A$5:H$60,3,0) -> NKAMGANG JUSTIN DEJOLIE | C28: =IF(G28=0,0,G28-D28) -> 13000 | D28: =IF(F28="ECHEC",0,IF(F28="",0,20000)) -> 20000 | E28: =IF(F28="ESPECES",3000,0) -> 0 | F28: BANQUE | G28: =IF(F28="BANQUE",30000,IF(F28="ESPECES",30000,0))+3000 -> 33000 | L28: =TONTJUIN!H28+TONTJUIN!I28 -> 0 | P28: =IF(Q28=0,0,($E$75-Q28)) -> 0
A29: AS201614 | B29: =VLOOKUP(A29,[4]LISTADHERENT!A$5:H$60,3,0) -> NKEHE DAVID | C29: =IF(G29=0,0,G29-D29) -> 7000 | D29: =IF(F29="ECHEC",0,IF(F29="",0,20000)) -> 20000 | E29: =IF(F29="ESPECES",3000,0) -> 3000 | F29: ESPECES | G29: =IF(F29="BANQUE",30000,IF(F29="ESPECES",30000,0))-3000 -> 27000 | L29: =TONTJUIN!H29+TONTJUIN!I29 -> 0 | P29: =IF(Q29=0,0,($E$75-Q29)) -> 0
A30: AS201629 | B30: =VLOOKUP(A30,[4]LISTADHERENT!A$5:H$60,3,0) -> NKEPSEU DIEUDONNE | C30: =IF(G30=0,0,G30-D30) -> 10000 | D30: =IF(F30="ECHEC",0,IF(F30="",0,20000)) -> 20000 | E30: =IF(F30="ESPECES",3000,0) -> 0 | F30: BANQUE | G30: =IF(F30="BANQUE",30000,IF(F30="ESPECES",30000,0)) -> 30000 | L30: =TONTJUIN!H30+TONTJUIN!I30 -> 0 | P30: =IF(Q30=0,0,($E$75-Q30)) -> 0
A31: AS201633 | B31: =VLOOKUP(A31,[4]LISTADHERENT!A$5:H$60,3,0) -> PATEGO NJOSSU GUSTAVE | C31: =IF(G31=0,0,G31-D31) -> 10000 | D31: =IF(F31="ECHEC",0,IF(F31="",0,20000)) -> 20000 | E31: =IF(F31="ESPECES",3000,0) -> 0 | F31: BANQUE | G31: =IF(F31="BANQUE",30000,IF(F31="ESPECES",30000,0)) -> 30000 | L31: =TONTJUIN!H31+TONTJUIN!I31 -> 0 | P31: =IF(Q31=0,0,($E$75-Q31)) -> 0
A32: AS201653 | B32: =VLOOKUP(A32,[4]LISTADHERENT!A$5:H$60,3,0) -> SIME BRICE | C32: =IF(G32=0,0,G32-D32) -> 20000 | D32: =IF(F32="ECHEC",0,IF(F32="",0,20000)) -> 20000 | E32: =IF(F32="ESPECES",3000,0) -> 0 | F32: BANQUE | G32: =IF(F32="BANQUE",30000,IF(F32="ESPECES",30000,0))+10000 -> 40000 | L32: =TONTJUIN!H32+TONTJUIN!I32 -> 0 | P32: =IF(Q32=0,0,($E$75-Q32)) -> 0
A33: AS201636 | B33: =VLOOKUP(A33,[4]LISTADHERENT!A$5:H$60,3,0) -> SIMO FONGANG ERIC | C33: =IF(G33=0,0,G33-D33) -> 10000 | D33: =IF(F33="ECHEC",0,IF(F33="",0,20000)) -> 20000 | E33: =IF(F33="ESPECES",3000,0) -> 3000 | F33: ESPECES | G33: =IF(F33="BANQUE",30000,IF(F33="ESPECES",30000,0)) -> 30000 | L33: =TONTJUIN!H33+TONTJUIN!I33 -> 0 | P33: =IF(Q33=0,0,($E$75-Q33)) -> 0
A34: AS201637 | B34: =VLOOKUP(A34,[4]LISTADHERENT!A$5:H$60,3,0) -> SIME MATHIEU | C34: =IF(G34=0,0,G34-D34) -> 10000 | D34: =IF(F34="ECHEC",0,IF(F34="",0,20000)) -> 20000 | E34: =IF(F34="ESPECES",3000,0) -> 0 | F34: BANQUE | G34: =IF(F34="BANQUE",30000,IF(F34="ESPECES",30000,0)) -> 30000 | L34: =TONTJUIN!H34+TONTJUIN!I34 -> 0 | P34: =IF(Q34=0,0,($E$75-Q34)) -> 0
A35: AS201638 | B35: =VLOOKUP(A35,[4]LISTADHERENT!A$5:H$60,3,0) -> SIMO PIERRE | C35: =IF(G35=0,0,G35-D35) -> 15000 | D35: =IF(F35="ECHEC",0,IF(F35="",0,20000)) -> 20000 | E35: =IF(F35="ESPECES",3000,0) -> 0 | F35: BANQUE | G35: =IF(F35="BANQUE",30000,IF(F35="ESPECES",30000,0))+5000 -> 35000 | L35: =TONTJUIN!H35+TONTJUIN!I35 -> 0 | P35: =IF(Q35=0,0,($E$75-Q35)) -> 0
A36: AS201641 | B36: =VLOOKUP(A36,[4]LISTADHERENT!A$5:H$60,3,0) -> TCHOUAMOU MATHIEU | C36: =IF(G36=0,0,G36-D36) -> 10000 | D36: =IF(F36="ECHEC",0,IF(F36="",0,20000)) -> 20000 | E36: =IF(F36="ESPECES",3000,0) -> 0 | F36: BANQUE | G36: =IF(F36="BANQUE",30000,IF(F36="ESPECES",30000,0)) -> 30000 | L36: =TONTJUIN!H36+TONTJUIN!I36 -> 0 | P36: =IF(Q36=0,0,($E$75-Q36)) -> 0
A37: AS201644 | B37: =VLOOKUP(A37,[4]LISTADHERENT!A$5:H$60,3,0) -> TIEYAM ERNEST | C37: =IF(G37=0,0,G37-D37) -> 10000 | D37: =IF(F37="ECHEC",0,IF(F37="",0,20000)) -> 20000 | E37: =IF(F37="ESPECES",3000,0) -> 0 | F37: BANQUE | G37: =IF(F37="BANQUE",30000,IF(F37="ESPECES",30000,0)) -> 30000 | H37: 45000 | I37: 3000 | L37: =TONTJUIN!H37+TONTJUIN!I37 -> 0 | P37: =IF(Q37=0,0,($E$75-Q37)) -> 0
A38: AS201646 | B38: =VLOOKUP(A38,[4]LISTADHERENT!A$5:H$60,3,0) -> YEPMOU JEAN JACQUES | C38: =IF(G38=0,0,G38-D38) -> 10000 | D38: =IF(F38="ECHEC",0,IF(F38="",0,20000)) -> 20000 | E38: =IF(F38="ESPECES",3000,0) -> 0 | F38: BANQUE | G38: =IF(F38="BANQUE",30000,IF(F38="ESPECES",30000,0)) -> 30000 | L38: =TONTJUIN!H38+TONTJUIN!I38 -> 0 | P38: =IF(Q38=0,0,($E$75-Q38)) -> 0
A39: AS201647 | B39: =VLOOKUP(A39,[4]LISTADHERENT!A$5:H$60,3,0) -> YOUMBI EMMANUEL | C39: =IF(G39=0,0,G39-D39) -> 10000 | D39: =IF(F39="ECHEC",0,IF(F39="",0,20000)) -> 20000 | E39: =IF(F39="ESPECES",3000,0) -> 0 | F39: BANQUE | G39: =IF(F39="BANQUE",30000,IF(F39="ESPECES",30000,0)) -> 30000 | L39: =TONTJUIN!H39+TONTJUIN!I39 -> 0 | P39: =IF(Q39=0,0,($E$75-Q39)) -> 0
A40: AS201655 | B40: =VLOOKUP(A40,[4]LISTADHERENT!A$5:H$60,3,0) -> TCHEMHOU EMMANUEL
A46: TOTAL | C46: =SUM(C7:C45) -> 386000 | D46: =SUM(D7:D45) -> 640000 | E46: =SUM(E7:E45) -> 12000 | F46: =SUM(F7:F45) -> 0 | G46: =SUM(G7:G45) -> 1026000 | H46: =SUM(H7:H45) -> 147500 | I46: =SUM(I7:I45) -> 6500 | J46: =SUM(J7:J45) -> 0 | ... R46: =SUM(R7:R45) -> 0
G49: TONTINE + REMB + INTERET VENTE | H49: =D73+H73+Q46 -> 697000
G50: VENDUE | H50: =IF(H49>=900000,300000*3,300000*2) -> 600000
D51: TONTINE | E51: =+D46 -> 640000
D52: PENALITE VERSEMENT ESPECES | E52: =E46 -> 12000 | G52: PETIT LOT | H52: =H49-H50 -> 97000
D53: VENTE PETIT LOT | E53: =+H46 -> 147500
D54: INTERET VENTE PETIT LOT | E54: =+I46 -> 6500 | G54: RELIQUAT | H54: =H52-H46 -> -50500 | I54: CUMUL
D55: REMBOURSEMENT VENTE PETIT LOT | E55: =+L46 -> 55500
D56: INTERET VENTE LOT PRINCIPAL | E56: =+Q46 -> 57000
D57: SANCTION | E57: =[5]MVTJUIL!$E$49 -> 0
D58: EPARGNE | E58: =[5]MVTJUIL!$E$50 -> 258000
D59: FONDS DE ROULEMENT | E59: =[5]MVTJUIL!$E$51 -> 16000
D60: FRAIS EXCEPTIONNELS | E60: =[5]MVTJUIL!$E$52 -> 32000
D61: COLLATION | E61: =[5]MVTJUIL!$E$53 -> 80000
D62: MUTUELLE | E62: =[5]MVTJUIL!$E$55 -> 0
D63: PRÊT FONDS | E63: =[5]MVTJUIL!$E$56 -> 0
D64: INTERET FONDS | E64: =[5]MVTJUIL!$E$57 -> 0
D65: REMBOURSEMENT PRÊT FONDS | E65: =[5]MVTJUIL!$E$58 -> 2420000
D66: PENALITE PRET FONDS | E66: =[5]MVTJUIL!$E$59 -> 0
D67: PENALITE FONDS | E67: =[5]MVTJUIL!$E$60 -> 0
D69: MONTANT TONTINE | F69: MONTANT VERSE | G69: PENALITE VST ESPECES | H69: REMBOURSEMENT PETIT LOT | I69: VENTE PETIT LOT | J69: VENTE LOT PRINCIPAL | L69: SOLDE EN CAISSE
D70: =SUMIFS(D7:D45,F7:F45,"ESPECES") -> 80000 | E70: ESPECES | F70: =SUMIFS(G7:G45,F7:F45,"ESPECES") -> 114000 | G70: =+E46 -> 12000 | H70: =SUMIFS(L7:L45,M7:M45,"ESPECES") -> 0 | I70: =SUMIFS(H7:H45,J7:J45,"ESPECES") -> 0 | J70: =SUMIFS(P7:P45,N7:N45,"ESPECES") -> 0 | L70: =F70+H70+G70-I70-J70 -> 126000
D71: =SUMIFS(D7:D45,F7:F45,"BANQUE") -> 560000 | E71: BANQUE | F71: =SUMIFS(G7:G45,F7:F45,"BANQUE") -> 912000 | H71: =SUMIFS(L7:L45,M7:M45,"BANQUE") -> 0 | I71: =SUMIFS(H7:H45,J7:J45,"BANQUE") -> 0 | J71: =SUMIFS(P7:P45,M7:M45,"BANQUE") -> 0 | L71: =F71+H71-I71-J71 -> 912000
D73: =D70+D71 -> 640000 | E73: TOTAL | F73: =F70+F71 -> 1026000 | H73: =H70+H71 -> 0 | I73: =I70+I71 -> 0 | J73: 0 | L73: =F73+H73-I73-J73 -> 1026000
D74: =D73+R46 -> 640000 | E74: TOTAL+DEPOT
D75: MONTANT TONTINE | E75: 300000
D76: MONTANT PETIT LOT A VENDRE | E76: =L46+Q46 -> 112500

Sheet TONTAOUT
A1: ASSOCIATION | B1: ASELBY
A2: ANNEE | B2: 2019/2020
A3: TONTINE | B3: 30000
C4: 44059
A5: MATRICULE | B5: NOM ET PRENOM | C5: RESTE | D5: MONTANT TONTINE | E5: PENALITE VERSEMENT ESPECES | F5: MODE VERSEMENT | G5: MONTANT VERSE | H5: VENTE PETIT LOT | I5: INTERET PETIT LOT | J5: MODE VERSEMENT VENTE PETIT LOT | K5: NUMERO CHEQUE | L5: REMBOURSEMENT PETIT LOT | M5: MODE VERSEMENT REMBOURSEMENT | N5: MODE VERSEMENTLOT PRINCIPAL | O5: NUMERO CHEQUE | P5: MONTANT TONTINE LOT PRINCIPAL | Q5: INTERET LOT PRINCIPAL | R5: DEPOT
A6: AS201648 | B6: =VLOOKUP(A6,[4]LISTADHERENT!A$5:H$60,3,0) -> ASELBY | C6: =IF(G6=0,0,G6-D6) -> 0 | D6: =IF(F6="ECHEC",0,IF(F6="",0,20000)) -> 0 | E6: =IF(F6="ESPECES",3000,0) -> 0 | F6: ECHEC | G6: =IF(F6="BANQUE",30000,IF(F6="ESPECES",30000,0)) -> 0 | L6: =TONTJUIL!H6+TONTJUIL!I6 -> 0 | P6: =IF(Q6=0,0,($E$76-Q6)) -> 0
A7: AS201602 | B7: =VLOOKUP(A7,[4]LISTADHERENT!A$5:H$60,3,0) -> BOUTCHOUANG WILLIAM | C7: =IF(G7=0,0,G7-D7) -> 10000 | D7: =IF(F7="ECHEC",0,IF(F7="",0,20000)) -> 20000 | E7: =IF(F7="ESPECES",3000,0) -> 0 | F7: BANQUE | G7: =IF(F7="BANQUE",30000,IF(F7="ESPECES",30000,0)) -> 30000 | L7: =TONTJUIL!H7+TONTJUIL!I7 -> 0 | P7: =IF(Q7=0,0,($E$75-Q7)) -> 0
A8: AS201604 | B8: =VLOOKUP(A8,[4]LISTADHERENT!A$5:H$60,3,0) -> DJOMO JEAN PAUL | C8: =IF(G8=0,0,G8-D8) -> 7000 | D8: =IF(F8="ECHEC",0,IF(F8="",0,20000)) -> 20000 | E8: =IF(F8="ESPECES",3000,0) -> 3000 | F8: ESPECES | G8: =IF(F8="BANQUE",30000,IF(F8="ESPECES",30000,0))-3000 -> 27000 | L8: =TONTJUIL!H8+TONTJUIL!I8 -> 0 | P8: =IF(Q8=0,0,($E$75-Q8)) -> 0
A9: AS201654 | B9: =VLOOKUP(A9,[4]LISTADHERENT!A$5:H$60,3,0) -> DJOMOU TCHANDA | C9: =IF(G9=0,0,G9-D9) -> 10000 | D9: =IF(F9="ECHEC",0,IF(F9="",0,20000)) -> 20000 | E9: =IF(F9="ESPECES",3000,0) -> 0 | F9: BANQUE | G9: =IF(F9="BANQUE",30000,IF(F9="ESPECES",30000,0)) -> 30000 | L9: =TONTJUIL!H9+TONTJUIL!I9 -> 0 | P9: =IF(Q9=0,0,($E$75-Q9)) -> 0
A10: AS201605 | B10: =VLOOKUP(A10,[4]LISTADHERENT!A$5:H$60,3,0) -> DJOUKWE NANGUEN GUY BLAISE | C10: =IF(G10=0,0,G10-D10) -> 10000 | D10: =IF(F10="ECHEC",0,IF(F10="",0,20000)) -> 20000 | E10: =IF(F10="ESPECES",3000,0) -> 0 | F10: BANQUE | G10: =IF(F10="BANQUE",30000,IF(F10="ESPECES",30000,0)) -> 30000 | L10: =TONTJUIL!H10+TONTJUIL!I10 -> 0 | P10: =IF(Q10=0,0,($E$75-Q10)) -> 280000 | Q10: 20000
A11: AS201608 | B11: =VLOOKUP(A11,[4]LISTADHERENT!A$5:H$60,3,0) -> DJUOMBESSY ANTOINE | C11: =IF(G11=0,0,G11-D11) -> 10000 | D11: =IF(F11="ECHEC",0,IF(F11="",0,20000)) -> 20000 | E11: =IF(F11="ESPECES",3000,0) -> 0 | F11: BANQUE | G11: =IF(F11="BANQUE",30000,IF(F11="ESPECES",30000,0)) -> 30000 | L11: =TONTJUIL!H11+TONTJUIL!I11 -> 27000 | M11: BANQUE | P11: =IF(Q11=0,0,($E$75-Q11)) -> 0
A12: AS201651 | B12: =VLOOKUP(A12,[4]LISTADHERENT!A$5:H$60,3,0) -> DOMOU FABIEN | C12: =IF(G12=0,0,G12-D12) -> 10000 | D12: =IF(F12="ECHEC",0,IF(F12="",0,20000)) -> 20000 | E12: =IF(F12="ESPECES",3000,0) -> 0 | F12: BANQUE | G12: =IF(F12="BANQUE",30000,IF(F12="ESPECES",30000,0)) -> 30000 | L12: =TONTJUIL!H12+TONTJUIL!I12 -> 0 | P12: =IF(Q12=0,0,($E$75-Q12)) -> 0
A13: AS201609 | B13: =VLOOKUP(A13,[4]LISTADHERENT!A$5:H$60,3,0) -> DONHOU DAVID | C13: =IF(G13=0,0,G13-D13) -> 10000 | D13: =IF(F13="ECHEC",0,IF(F13="",0,20000)) -> 20000 | E13: =IF(F13="ESPECES",3000,0) -> 0 | F13: BANQUE | G13: =IF(F13="BANQUE",30000,IF(F13="ESPECES",30000,0)) -> 30000 | L13: =TONTJUIL!H13+TONTJUIL!I13 -> 0 | P13: =IF(Q13=0,0,($E$75-Q13)) -> 0
A14: AS201610 | B14: =VLOOKUP(A14,[4]LISTADHERENT!A$5:H$60,3,0) -> FOTSO THOMAS | C14: =IF(G14=0,0,G14-D14) -> 7000 | D14: =IF(F14="ECHEC",0,IF(F14="",0,20000)) -> 20000 | E14: =IF(F14="ESPECES",3000,0) -> 3000 | F14: ESPECES | G14: =IF(F14="BANQUE",30000,IF(F14="ESPECES",30000,0))-3000 -> 27000 | H14: 54500 | L14: =TONTJUIL!H14+TONTJUIL!I14 -> 54500 | M14: ECHEC | P14: =IF(Q14=0,0,($E$75-Q14)) -> 0
A15: AS201611 | B15: =VLOOKUP(A15,[4]LISTADHERENT!A$5:H$60,3,0) -> HENGUE PAUL OMER | C15: =IF(G15=0,0,G15-D15) -> 10000 | D15: =IF(F15="ECHEC",0,IF(F15="",0,20000)) -> 20000 | E15: =IF(F15="ESPECES",3000,0) -> 0 | F15: BANQUE | G15: =IF(F15="BANQUE",30000,IF(F15="ESPECES",30000,0)) -> 30000 | L15: =TONTJUIL!H15+TONTJUIL!I15 -> 0 | P15: =IF(Q15=0,0,($E$75-Q15)) -> 0
A16: AS201613 | B16: =VLOOKUP(A16,[4]LISTADHERENT!A$5:H$60,3,0) -> HOTCHO BENJAMIN | C16: =IF(G16=0,0,G16-D16) -> 10000 | D16: =IF(F16="ECHEC",0,IF(F16="",0,20000)) -> 20000 | E16: =IF(F16="ESPECES",3000,0) -> 0 | F16: BANQUE | G16: =IF(F16="BANQUE",30000,IF(F16="ESPECES",30000,0)) -> 30000 | L16: =TONTJUIL!H16+TONTJUIL!I16 -> 0 | P16: =IF(Q16=0,0,($E$75-Q16)) -> 0
A17: AS201615 | B17: =VLOOKUP(A17,[4]LISTADHERENT!A$5:H$60,3,0) -> KEPSEU FRANCIS | C17: =IF(G17=0,0,G17-D17) -> 10000 | D17: =IF(F17="ECHEC",0,IF(F17="",0,20000)) -> 20000 | E17: =IF(F17="ESPECES",3000,0) -> 0 | F17: BANQUE | G17: =IF(F17="BANQUE",30000,IF(F17="ESPECES",30000,0)) -> 30000 | L17: =TONTJUIL!H17+TONTJUIL!I17 -> 0 | P17: =IF(Q17=0,0,($E$75-Q17)) -> 0
A18: AS201618 | B18: =VLOOKUP(A18,[4]LISTADHERENT!A$5:H$60,3,0) -> KOUAMO VICTOR PEGUY | C18: =IF(G18=0,0,G18-D18) -> 0 | D18: =IF(F18="ECHEC",0,IF(F18="",0,20000)) -> 0 | E18: =IF(F18="ESPECES",3000,0) -> 0 | F18: ECHEC | G18: =IF(F18="BANQUE",30000,IF(F18="ESPECES",30000,0)) -> 0 | L18: =TONTJUIL!H18+TONTJUIL!I18 -> 0 | P18: =IF(Q18=0,0,($E$75-Q18)) -> 0
A19: AS201617 | B19: =VLOOKUP(A19,[4]LISTADHERENT!A$5:H$60,3,0) -> KOUAMOU MOISE | C19: =IF(G19=0,0,G19-D19) -> 7000 | D19: =IF(F19="ECHEC",0,IF(F19="",0,20000)) -> 20000 | E19: =IF(F19="ESPECES",3000,0) -> 3000 | F19: ESPECES | G19: =IF(F19="BANQUE",30000,IF(F19="ESPECES",30000,0))-3000 -> 27000 | H19: 1000 | L19: =TONTJUIL!H19+TONTJUIL!I19 -> 1000 | M19: ECHEC | P19: =IF(Q19=0,0,($E$75-Q19)) -> 0
A20: AS201619 | B20: =VLOOKUP(A20,[4]LISTADHERENT!A$5:H$60,3,0) -> KOUATCHO MESSACK | C20: =IF(G20=0,0,G20-D20) -> 10000 | D20: =IF(F20="ECHEC",0,IF(F20="",0,20000)) -> 20000 | E20: =IF(F20="ESPECES",3000,0) -> 0 | F20: BANQUE | G20: =IF(F20="BANQUE",30000,IF(F20="ESPECES",30000,0)) -> 30000 | H20: 30000 | I20: 1500 | L20: =TONTJUIL!H20+TONTJUIL!I20 -> 0 | P20: =IF(Q20=0,0,($E$75-Q20)) -> 0
A21: AS201620 | B21: =VLOOKUP(A21,[4]LISTADHERENT!A$5:H$60,3,0) -> LOWE JEAN | C21: =IF(G21=0,0,G21-D21) -> 10000 | D21: =IF(F21="ECHEC",0,IF(F21="",0,20000)) -> 20000 | E21: =IF(F21="ESPECES",3000,0) -> 0 | F21: BANQUE | G21: =IF(F21="BANQUE",30000,IF(F21="ESPECES",30000,0)) -> 30000 | L21: =TONTJUIL!H21+TONTJUIL!I21 -> 0 | P21: =IF(Q21=0,0,($E$75-Q21)) -> 0
A22: AS201649 | B22: =VLOOKUP(A22,[4]LISTADHERENT!A$5:H$60,3,0) -> MBOGNING TUGMA GUY | C22: =IF(G22=0,0,G22-D22) -> 10000 | D22: =IF(F22="ECHEC",0,IF(F22="",0,20000)) -> 20000 | E22: =IF(F22="ESPECES",3000,0) -> 0 | F22: BANQUE | G22: =IF(F22="BANQUE",30000,IF(F22="ESPECES",30000,0)) -> 30000 | L22: =TONTJUIL!H22+TONTJUIL!I22 -> 0 | P22: =IF(Q22=0,0,($E$75-Q22)) -> 0
A23: AS201639 | B23: =VLOOKUP(A23,[4]LISTADHERENT!A$5:H$60,3,0) -> NANGUEN MARTIN | C23: =IF(G23=0,0,G23-D23) -> 10000 | D23: =IF(F23="ECHEC",0,IF(F23="",0,20000)) -> 20000 | E23: =IF(F23="ESPECES",3000,0) -> 0 | F23: BANQUE | G23: =IF(F23="BANQUE",30000,IF(F23="ESPECES",30000,0)) -> 30000 | L23: =TONTJUIL!H23+TONTJUIL!I23 -> 0 | P23: =IF(Q23=0,0,($E$75-Q23)) -> 0
A24: AS201621 | B24: =VLOOKUP(A24,[4]LISTADHERENT!A$5:H$60,3,0) -> NANKAM APPOLINAIRE | C24: =IF(G24=0,0,G24-D24) -> 10000 | D24: =IF(F24="ECHEC",0,IF(F24="",0,20000)) -> 20000 | E24: =IF(F24="ESPECES",3000,0) -> 0 | F24: BANQUE | G24: =IF(F24="BANQUE",30000,IF(F24="ESPECES",30000,0)) -> 30000 | L24: =TONTJUIL!H24+TONTJUIL!I24 -> 0 | P24: =IF(Q24=0,0,($E$75-Q24)) -> 0
A25: AS201622 | B25: =VLOOKUP(A25,[4]LISTADHERENT!A$5:H$60,3,0) -> NDJOMO ETIENNE | C25: =IF(G25=0,0,G25-D25) -> 10000 | D25: =IF(F25="ECHEC",0,IF(F25="",0,20000)) -> 20000 | E25: =IF(F25="ESPECES",3000,0) -> 0 | F25: BANQUE | G25: =IF(F25="BANQUE",30000,IF(F25="ESPECES",30000,0)) -> 30000 | H25: 28500 | I25: 1000 | L25: =TONTJUIL!H25+TONTJUIL!I25 -> 23500 | M25: ESPECES | P25: =IF(Q25=0,0,($E$75-Q25)) -> 280000 | Q25: 20000
A26: AS201624 | B26: =VLOOKUP(A26,[4]LISTADHERENT!A$5:H$60,3,0) -> NGONDIEP CLAUDE | C26: =IF(G26=0,0,G26-D26) -> 10000 | D26: =IF(F26="ECHEC",0,IF(F26="",0,20000)) -> 20000 | E26: =IF(F26="ESPECES",3000,0) -> 0 | F26: BANQUE | G26: =IF(F26="BANQUE",30000,IF(F26="ESPECES",30000,0)) -> 30000 | L26: =TONTJUIL!H26+TONTJUIL!I26 -> 0 | P26: =IF(Q26=0,0,($E$75-Q26)) -> 0
A27: AS201626 | B27: =VLOOKUP(A27,[4]LISTADHERENT!A$5:H$60,3,0) -> NGUIEMEGNI MATHIEU BLAISE | C27: =IF(G27=0,0,G27-D27) -> 10000 | D27: =IF(F27="ECHEC",0,IF(F27="",0,20000)) -> 20000 | E27: =IF(F27="ESPECES",3000,0) -> 0 | F27: BANQUE | G27: =IF(F27="BANQUE",30000,IF(F27="ESPECES",30000,0)) -> 30000 | L27: =TONTJUIL!H27+TONTJUIL!I27 -> 0 | P27: =IF(Q27=0,0,($E$75-Q27)) -> 0
A28: AS201628 | B28: =VLOOKUP(A28,[4]LISTADHERENT!A$5:H$60,3,0) -> NKAMGANG JUSTIN DEJOLIE | C28: =IF(G28=0,0,G28-D28) -> 10000 | D28: =IF(F28="ECHEC",0,IF(F28="",0,20000)) -> 20000 | E28: =IF(F28="ESPECES",3000,0) -> 3000 | F28: ESPECES | G28: =IF(F28="BANQUE",30000,IF(F28="ESPECES",30000,0)) -> 30000 | H28: 60000 | I28: 2500 | L28: =TONTJUIL!H28+TONTJUIL!I28 -> 0 | P28: =IF(Q28=0,0,($E$75-Q28)) -> 0
A29: AS201614 | B29: =VLOOKUP(A29,[4]LISTADHERENT!A$5:H$60,3,0) -> NKEHE DAVID | C29: =IF(G29=0,0,G29-D29) -> 7000 | D29: =IF(F29="ECHEC",0,IF(F29="",0,20000)) -> 20000 | E29: =IF(F29="ESPECES",3000,0) -> 3000 | F29: ESPECES | G29: =IF(F29="BANQUE",30000,IF(F29="ESPECES",30000,0))-3000 -> 27000 | L29: =TONTJUIL!H29+TONTJUIL!I29 -> 0 | P29: =IF(Q29=0,0,($E$75-Q29)) -> 0
A30: AS201629 | B30: =VLOOKUP(A30,[4]LISTADHERENT!A$5:H$60,3,0) -> NKEPSEU DIEUDONNE | C30: =IF(G30=0,0,G30-D30) -> 10000 | D30: =IF(F30="ECHEC",0,IF(F30="",0,20000)) -> 20000 | E30: =IF(F30="ESPECES",3000,0) -> 0 | F30: BANQUE | G30: =IF(F30="BANQUE",30000,IF(F30="ESPECES",30000,0)) -> 30000 | L30: =TONTJUIL!H30+TONTJUIL!I30 -> 0 | P30: =IF(Q30=0,0,($E$75-Q30)) -> 0
A31: AS201633 | B31: =VLOOKUP(A31,[4]LISTADHERENT!A$5:H$60,3,0) -> PATEGO NJOSSU GUSTAVE | C31: =IF(G31=0,0,G31-D31) -> 10000 | D31: =IF(F31="ECHEC",0,IF(F31="",0,20000)) -> 20000 | E31: =IF(F31="ESPECES",3000,0) -> 0 | F31: BANQUE | G31: =IF(F31="BANQUE",30000,IF(F31="ESPECES",30000,0)) -> 30000 | L31: =TONTJUIL!H31+TONTJUIL!I31 -> 0 | P31: =IF(Q31=0,0,($E$75-Q31)) -> 0
A32: AS201653 | B32: =VLOOKUP(A32,[4]LISTADHERENT!A$5:H$60,3,0) -> SIME BRICE | C32: =IF(G32=0,0,G32-D32) -> 20000 | D32: =IF(F32="ECHEC",0,IF(F32="",0,20000)) -> 20000 | E32: =IF(F32="ESPECES",3000,0) -> 3000 | F32: ESPECES | G32: =IF(F32="BANQUE",30000,IF(F32="ESPECES",30000,0))+10000 -> 40000 | L32: =TONTJUIL!H32+TONTJUIL!I32 -> 0 | P32: =IF(Q32=0,0,($E$75-Q32)) -> 0
A33: AS201636 | B33: =VLOOKUP(A33,[4]LISTADHERENT!A$5:H$60,3,0) -> SIMO FONGANG ERIC | C33: =IF(G33=0,0,G33-D33) -> 7000 | D33: =IF(F33="ECHEC",0,IF(F33="",0,20000)) -> 20000 | E33: =IF(F33="ESPECES",3000,0) -> 3000 | F33: ESPECES | G33: =IF(F33="BANQUE",30000,IF(F33="ESPECES",30000,0))-3000 -> 27000 | L33: =TONTJUIL!H33+TONTJUIL!I33 -> 0 | P33: =IF(Q33=0,0,($E$75-Q33)) -> 0
A34: AS201637 | B34: =VLOOKUP(A34,[4]LISTADHERENT!A$5:H$60,3,0) -> SIME MATHIEU | C34: =IF(G34=0,0,G34-D34) -> 10000 | D34: =IF(F34="ECHEC",0,IF(F34="",0,20000)) -> 20000 | E34: =IF(F34="ESPECES",3000,0) -> 3000 | F34: ESPECES | G34: =IF(F34="BANQUE",30000,IF(F34="ESPECES",30000,0)) -> 30000 | L34: =TONTJUIL!H34+TONTJUIL!I34 -> 0 | P34: =IF(Q34=0,0,($E$75-Q34)) -> 0
A35: AS201638 | B35: =VLOOKUP(A35,[4]LISTADHERENT!A$5:H$60,3,0) -> SIMO PIERRE | C35: =IF(G35=0,0,G35-D35) -> 15000 | D35: =IF(F35="ECHEC",0,IF(F35="",0,20000)) -> 20000 | E35: =IF(F35="ESPECES",3000,0) -> 0 | F35: BANQUE | G35: =IF(F35="BANQUE",30000,IF(F35="ESPECES",30000,0))+5000 -> 35000 | L35: =TONTJUIL!H35+TONTJUIL!I35 -> 0 | P35: =IF(Q35=0,0,($E$75-Q35)) -> 0
A36: AS201641 | B36: =VLOOKUP(A36,[4]LISTADHERENT!A$5:H$60,3,0) -> TCHOUAMOU MATHIEU | C36: =IF(G36=0,0,G36-D36) -> 10000 | D36: =IF(F36="ECHEC",0,IF(F36="",0,20000)) -> 20000 | E36: =IF(F36="ESPECES",3000,0) -> 0 | F36: BANQUE | G36: =IF(F36="BANQUE",30000,IF(F36="ESPECES",30000,0)) -> 30000 | L36: =TONTJUIL!H36+TONTJUIL!I36 -> 0 | P36: =IF(Q36=0,0,($E$75-Q36)) -> 0
A37: AS201644 | B37: =VLOOKUP(A37,[4]LISTADHERENT!A$5:H$60,3,0) -> TIEYAM ERNEST | C37: =IF(G37=0,0,G37-D37) -> 10000 | D37: =IF(F37="ECHEC",0,IF(F37="",0,20000)) -> 20000 | E37: =IF(F37="ESPECES",3000,0) -> 3000 | F37: ESPECES | G37: =IF(F37="BANQUE",30000,IF(F37="ESPECES",30000,0)) -> 30000 | H37: 60000 | I37: 2500 | L37: =TONTJUIL!H37+TONTJUIL!I37 -> 48000 | M37: ESPECES | P37: =IF(Q37=0,0,($E$75-Q37)) -> 0
A38: AS201646 | B38: =VLOOKUP(A38,[4]LISTADHERENT!A$5:H$60,3,0) -> YEPMOU JEAN JACQUES | C38: =IF(G38=0,0,G38-D38) -> 10000 | D38: =IF(F38="ECHEC",0,IF(F38="",0,20000)) -> 20000 | E38: =IF(F38="ESPECES",3000,0) -> 3000 | F38: ESPECES | G38: =IF(F38="BANQUE",30000,IF(F38="ESPECES",30000,0)) -> 30000 | L38: =TONTJUIL!H38+TONTJUIL!I38 -> 0 | P38: =IF(Q38=0,0,($E$75-Q38)) -> 0
A39: AS201647 | B39: =VLOOKUP(A39,[4]LISTADHERENT!A$5:H$60,3,0) -> YOUMBI EMMANUEL | C39: =IF(G39=0,0,G39-D39) -> 10000 | D39: =IF(F39="ECHEC",0,IF(F39="",0,20000)) -> 20000 | E39: =IF(F39="ESPECES",3000,0) -> 0 | F39: BANQUE | G39: =IF(F39="BANQUE",30000,IF(F39="ESPECES",30000,0)) -> 30000 | L39: =TONTJUIL!H39+TONTJUIL!I39 -> 0 | P39: =IF(Q39=0,0,($E$75-Q39)) -> 0
A40: AS201655 | B40: =VLOOKUP(A40,[4]LISTADHERENT!A$5:H$60,3,0) -> TCHEMHOU EMMANUEL
A46: TOTAL | C46: =SUM(C7:C45) -> 320000 | D46: =SUM(D7:D45) -> 640000 | E46: =SUM(E7:E45) -> 30000 | F46: =SUM(F7:F45) -> 0 | G46: =SUM(G7:G45) -> 960000 | H46: =SUM(H7:H45) -> 234000 | I46: =SUM(I7:I45) -> 7500 | J46: =SUM(J7:J45) -> 0 | ... R46: =SUM(R7:R45) -> 0
G49: TONTINE + REMB + INTERET VENTE | H49: =D73+H73+Q46 -> 778500
G50: VENDUE | H50: =IF(H49>=900000,300000*3,300000*2) -> 600000
D51: TONTINE | E51: =+D46 -> 640000
D52: PENALITE VERSEMENT ESPECES | E52: =E46 -> 30000 | G52: PETIT LOT | H52: =H49-H50 -> 178500
D53: VENTE PETIT LOT | E53: =H46 -> 234000
D54: INTERET VENTE PETIT LOT | E54: =+I46 -> 7500 | G54: RELIQUAT | H54: =H52-H46 -> -55500 | I54: CUMUL
D55: REMBOURSEMENT VENTE PETIT LOT | E55: =H73 -> 98500
D56: INTERET VENTE LOT PRINCIPAL | E56: =+Q46 -> 40000
D57: SANCTION | E57: =[5]MVTAOUT!$E$49 -> 0
D58: EPARGNE | E58: =[5]MVTAOUT!$E$50 -> 192000
D59: FONDS DE ROULEMENT | E59: =[5]MVTAOUT!$E$51 -> 16000
D60: FRAIS EXCEPTIONNELS | E60: =[5]MVTAOUT!$E$52 -> 32000
D61: COLLATION | E61: =[5]MVTAOUT!$E$53 -> 80000
D62: MUTUELLE | E62: =[5]MVTAOUT!$E$55 -> 0
D63: PRÊT FONDS | E63: =[5]MVTAOUT!$E$56 -> 19735000
D64: INTERET FONDS | E64: =[5]MVTAOUT!$E$57 -> 1586800
D65: REMBOURSEMENT PRÊT FONDS | E65: =[5]MVTAOUT!$E$58 -> 13794800
D66: PENALITE PRET FONDS | E66: =[5]MVTAOUT!$E$59 -> 0
D67: PENALITE FONDS | E67: =[5]MVTAOUT!$E$60 -> 0
D69: MONTANT TONTINE | F69: MONTANT VERSE | G69: PENALITE VST ESPECES | H69: REMBOURSEMENT PETIT LOT | I69: VENTE PETIT LOT | J69: VENTE LOT PRINCIPAL | L69: SOLDE EN CAISSE
D70: =SUMIFS(D7:D45,F7:F45,"ESPECES") -> 200000 | E70: ESPECES | F70: =SUMIFS(G7:G45,F7:F45,"ESPECES") -> 295000 | G70: =+E46 -> 30000 | H70: =SUMIFS(L7:L45,M7:M45,"ESPECES") -> 71500 | I70: =SUMIFS(H7:H45,J7:J45,"ESPECES") -> 0 | J70: =SUMIFS(P7:P45,N7:N45,"ESPECES") -> 0 | L70: =F70+H70+G70-I70-J70 -> 396500
D71: =SUMIFS(D7:D45,F7:F45,"BANQUE") -> 440000 | E71: BANQUE | F71: =SUMIFS(G7:G45,F7:F45,"BANQUE") -> 665000 | H71: =SUMIFS(L7:L45,M7:M45,"BANQUE") -> 27000 | I71: =SUMIFS(H7:H45,J7:J45,"BANQUE") -> 0 | J71: =SUMIFS(P7:P45,M7:M45,"BANQUE") -> 0 | L71: =F71+H71-I71-J71 -> 692000
D73: =D70+D71 -> 640000 | E73: TOTAL | F73: =F70+F71 -> 960000 | H73: =H70+H71 -> 98500 | I73: =I70+I71 -> 0 | J73: 0 | L73: =F73+H73-I73-J73 -> 1058500
D74: =D73+R46 -> 640000 | E74: TOTAL+DEPOT
D75: MONTANT TONTINE | E75: 300000
D76: MONTANT PETIT LOT A VENDRE | E76: =L46+Q46 -> 194000

Sheet TONTSEPT
A1: ASSOCIATION | B1: ASELBY
A2: ANNEE | B2: 2019/2020
A3: TONTINE | B3: 30000
C4: 44094
A5: MATRICULE | B5: NOM ET PRENOM | C5: RESTE | D5: MONTANT TONTINE | E5: PENALITE VERSEMENT ESPECES | F5: MODE VERSEMENT | G5: MONTANT VERSE | H5: VENTE PETIT LOT | I5: INTERET PETIT LOT | J5: MODE VERSEMENT VENTE PETIT LOT | K5: NUMERO CHEQUE | L5: REMBOURSEMENT PETIT LOT | M5: MODE VERSEMENT REMBOURSEMENT | N5: MODE VERSEMENTLOT PRINCIPAL | O5: NUMERO CHEQUE | P5: MONTANT TONTINE LOT PRINCIPAL | Q5: INTERET LOT PRINCIPAL | R5: DEPOT
A6: AS201648 | B6: =VLOOKUP(A6,[4]LISTADHERENT!A$5:H$60,3,0) -> ASELBY | C6: =IF(G6=0,0,G6-D6) -> 0 | D6: =IF(F6="ECHEC",0,IF(F6="",0,20000)) -> 0 | E6: =IF(F6="ESPECES",3000,0) -> 0 | G6: =IF(F6="BANQUE",30000,IF(F6="ESPECES",30000,0)) -> 0 | L6: =TONTAOUT!H6+TONTAOUT!I6 -> 0 | P6: =IF(Q6=0,0,($E$76-Q6)) -> 0
A7: AS201602 | B7: =VLOOKUP(A7,[4]LISTADHERENT!A$5:H$60,3,0) -> BOUTCHOUANG WILLIAM | C7: =IF(G7=0,0,G7-D7) -> 10000 | D7: =IF(F7="ECHEC",0,IF(F7="",0,20000)) -> 20000 | E7: =IF(F7="ESPECES",3000,0) -> 0 | F7: BANQUE | G7: =IF(F7="BANQUE",30000,IF(F7="ESPECES",30000,0)) -> 30000 | L7: =TONTAOUT!H7+TONTAOUT!I7 -> 0 | P7: =IF(Q7=0,0,($E$75-Q7)) -> 0
A8: AS201604 | B8: =VLOOKUP(A8,[4]LISTADHERENT!A$5:H$60,3,0) -> DJOMO JEAN PAUL | C8: =IF(G8=0,0,G8-D8) -> 10000 | D8: =IF(F8="ECHEC",0,IF(F8="",0,20000)) -> 20000 | E8: =IF(F8="ESPECES",3000,0) -> 0 | F8: BANQUE | G8: =IF(F8="BANQUE",30000,IF(F8="ESPECES",30000,0)) -> 30000 | L8: =TONTAOUT!H8+TONTAOUT!I8 -> 0 | P8: =IF(Q8=0,0,($E$75-Q8)) -> 0
A9: AS201654 | B9: =VLOOKUP(A9,[4]LISTADHERENT!A$5:H$60,3,0) -> DJOMOU TCHANDA | C9: =IF(G9=0,0,G9-D9) -> 10000 | D9: =IF(F9="ECHEC",0,IF(F9="",0,20000)) -> 20000 | E9: =IF(F9="ESPECES",3000,0) -> 0 | F9: BANQUE | G9: =IF(F9="BANQUE",30000,IF(F9="ESPECES",30000,0)) -> 30000 | L9: =TONTAOUT!H9+TONTAOUT!I9 -> 0 | P9: =IF(Q9=0,0,($E$75-Q9)) -> 0
A10: AS201605 | B10: =VLOOKUP(A10,[4]LISTADHERENT!A$5:H$60,3,0) -> DJOUKWE NANGUEN GUY BLAISE | C10: =IF(G10=0,0,G10-D10) -> 19000 | D10: =IF(F10="ECHEC",0,IF(F10="",0,20000)) -> 20000 | E10: =IF(F10="ESPECES",3000,0) -> 0 | F10: BANQUE | G10: =IF(F10="BANQUE",30000,IF(F10="ESPECES",30000,0))+9000 -> 39000 | L10: =TONTAOUT!H10+TONTAOUT!I10 -> 0 | P10: =IF(Q10=0,0,($E$75-Q10)) -> 0
A11: AS201608 | B11: =VLOOKUP(A11,[4]LISTADHERENT!A$5:H$60,3,0) -> DJUOMBESSY ANTOINE | C11: =IF(G11=0,0,G11-D11) -> 10000 | D11: =IF(F11="ECHEC",0,IF(F11="",0,20000)) -> 20000 | E11: =IF(F11="ESPECES",3000,0) -> 0 | F11: BANQUE | G11: =IF(F11="BANQUE",30000,IF(F11="ESPECES",30000,0)) -> 30000 | H11: 60000 | I11: 1500 | L11: =TONTAOUT!H11+TONTAOUT!I11 -> 0 | P11: =IF(Q11=0,0,($E$75-Q11)) -> 0
A12: AS201651 | B12: =VLOOKUP(A12,[4]LISTADHERENT!A$5:H$60,3,0) -> DOMOU FABIEN | C12: =IF(G12=0,0,G12-D12) -> 10000 | D12: =IF(F12="ECHEC",0,IF(F12="",0,20000)) -> 20000 | E12: =IF(F12="ESPECES",3000,0) -> 0 | F12: BANQUE | G12: =IF(F12="BANQUE",30000,IF(F12="ESPECES",30000,0)) -> 30000 | L12: =TONTAOUT!H12+TONTAOUT!I12 -> 0 | P12: =IF(Q12=0,0,($E$75-Q12)) -> 0
A13: AS201609 | B13: =VLOOKUP(A13,[4]LISTADHERENT!A$5:H$60,3,0) -> DONHOU DAVID | C13: =IF(G13=0,0,G13-D13) -> 10000 | D13: =IF(F13="ECHEC",0,IF(F13="",0,20000)) -> 20000 | E13: =IF(F13="ESPECES",3000,0) -> 0 | F13: BANQUE | G13: =IF(F13="BANQUE",30000,IF(F13="ESPECES",30000,0)) -> 30000 | L13: =TONTAOUT!H13+TONTAOUT!I13 -> 0 | P13: =IF(Q13=0,0,($E$75-Q13)) -> 0
A14: AS201610 | B14: =VLOOKUP(A14,[4]LISTADHERENT!A$5:H$60,3,0) -> FOTSO THOMAS | C14: =IF(G14=0,0,G14-D14) -> 10000 | D14: =IF(F14="ECHEC",0,IF(F14="",0,20000)) -> 20000 | E14: =IF(F14="ESPECES",3000,0) -> 0 | F14: BANQUE | G14: =IF(F14="BANQUE",30000,IF(F14="ESPECES",30000,0)) -> 30000 | H14: 54500 | L14: =TONTAOUT!H14+TONTAOUT!I14 -> 54500 | M14: ECHEC | P14: =IF(Q14=0,0,($E$75-Q14)) -> 0
A15: AS201611 | B15: =VLOOKUP(A15,[4]LISTADHERENT!A$5:H$60,3,0) -> HENGUE PAUL OMER | C15: =IF(G15=0,0,G15-D15) -> 10000 | D15: =IF(F15="ECHEC",0,IF(F15="",0,20000)) -> 20000 | E15: =IF(F15="ESPECES",3000,0) -> 0 | F15: BANQUE | G15: =IF(F15="BANQUE",30000,IF(F15="ESPECES",30000,0)) -> 30000 | L15: =TONTAOUT!H15+TONTAOUT!I15 -> 0 | P15: =IF(Q15=0,0,($E$75-Q15)) -> 0
A16: AS201613 | B16: =VLOOKUP(A16,[4]LISTADHERENT!A$5:H$60,3,0) -> HOTCHO BENJAMIN | C16: =IF(G16=0,0,G16-D16) -> 45000 | D16: =IF(F16="ECHEC",0,IF(F16="",0,20000)) -> 20000 | E16: =IF(F16="ESPECES",3000,0) -> 0 | F16: BANQUE | G16: =IF(F16="BANQUE",30000,IF(F16="ESPECES",30000,0))+35000 -> 65000 | L16: =TONTAOUT!H16+TONTAOUT!I16 -> 0 | P16: =IF(Q16=0,0,($E$75-Q16)) -> 0
A17: AS201615 | B17: =VLOOKUP(A17,[4]LISTADHERENT!A$5:H$60,3,0) -> KEPSEU FRANCIS | C17: =IF(G17=0,0,G17-D17) -> 0 | D17: =IF(F17="ECHEC",0,IF(F17="",0,20000)) -> 0 | E17: =IF(F17="ESPECES",3000,0) -> 0 | F17: ECHEC | G17: =IF(F17="BANQUE",30000,IF(F17="ESPECES",30000,0)) -> 0 | L17: =TONTAOUT!H17+TONTAOUT!I17 -> 0 | P17: =IF(Q17=0,0,($E$75-Q17)) -> 0
A18: AS201618 | B18: =VLOOKUP(A18,[4]LISTADHERENT!A$5:H$60,3,0) -> KOUAMO VICTOR PEGUY | C18: =IF(G18=0,0,G18-D18) -> 0 | D18: =IF(F18="ECHEC",0,IF(F18="",0,20000)) -> 0 | E18: =IF(F18="ESPECES",3000,0) -> 0 | F18: ECHEC | G18: =IF(F18="BANQUE",30000,IF(F18="ESPECES",30000,0)) -> 0 | L18: =TONTAOUT!H18+TONTAOUT!I18 -> 0 | P18: =IF(Q18=0,0,($E$75-Q18)) -> 0
A19: AS201617 | B19: =VLOOKUP(A19,[4]LISTADHERENT!A$5:H$60,3,0) -> KOUAMOU MOISE | C19: =IF(G19=0,0,G19-D19) -> 10000 | D19: =IF(F19="ECHEC",0,IF(F19="",0,20000)) -> 20000 | E19: =IF(F19="ESPECES",3000,0) -> 0 | F19: BANQUE | G19: =IF(F19="BANQUE",30000,IF(F19="ESPECES",30000,0)) -> 30000 | H19: 1000 | L19: =TONTAOUT!H19+TONTAOUT!I19 -> 1000 | M19: ECHEC | P19: =IF(Q19=0,0,($E$75-Q19)) -> 0
A20: AS201619 | B20: =VLOOKUP(A20,[4]LISTADHERENT!A$5:H$60,3,0) -> KOUATCHO MESSACK | C20: =IF(G20=0,0,G20-D20) -> 10000 | D20: =IF(F20="ECHEC",0,IF(F20="",0,20000)) -> 20000 | E20: 3000 | F20: BANQUE | G20: =IF(F20="BANQUE",30000,IF(F20="ESPECES",30000,0)) -> 30000 | H20: 30000 | I20: 500 | L20: =TONTAOUT!H20+TONTAOUT!I20 -> 31500 | M20: ESPECES | P20: =IF(Q20=0,0,($E$75-Q20)) -> 0
A21: AS201620 | B21: =VLOOKUP(A21,[4]LISTADHERENT!A$5:H$60,3,0) -> LOWE JEAN | C21: =IF(G21=0,0,G21-D21) -> 10000 | D21: =IF(F21="ECHEC",0,IF(F21="",0,20000)) -> 20000 | E21: =IF(F21="ESPECES",3000,0) -> 0 | F21: BANQUE | G21: =IF(F21="BANQUE",30000,IF(F21="ESPECES",30000,0)) -> 30000 | L21: =TONTAOUT!H21+TONTAOUT!I21 -> 0 | P21: =IF(Q21=0,0,($E$75-Q21)) -> 0
A22: AS201649 | B22: =VLOOKUP(A22,[4]LISTADHERENT!A$5:H$60,3,0) -> MBOGNING TUGMA GUY | C22: =IF(G22=0,0,G22-D22) -> 10000 | D22: =IF(F22="ECHEC",0,IF(F22="",0,20000)) -> 20000 | E22: =IF(F22="ESPECES",3000,0) -> 0 | F22: BANQUE | G22: =IF(F22="BANQUE",30000,IF(F22="ESPECES",30000,0)) -> 30000 | L22: =TONTAOUT!H22+TONTAOUT!I22 -> 0 | P22: =IF(Q22=0,0,($E$75-Q22)) -> 0
A23: AS201639 | B23: =VLOOKUP(A23,[4]LISTADHERENT!A$5:H$60,3,0) -> NANGUEN MARTIN | C23: =IF(G23=0,0,G23-D23) -> 10000 | D23: =IF(F23="ECHEC",0,IF(F23="",0,20000)) -> 20000 | E23: =IF(F23="ESPECES",3000,0) -> 0 | F23: BANQUE | G23: =IF(F23="BANQUE",30000,IF(F23="ESPECES",30000,0)) -> 30000 | L23: =TONTAOUT!H23+TONTAOUT!I23 -> 0 | P23: =IF(Q23=0,0,($E$75-Q23)) -> 0
A24: AS201621 | B24: =VLOOKUP(A24,[4]LISTADHERENT!A$5:H$60,3,0) -> NANKAM APPOLINAIRE | C24: =IF(G24=0,0,G24-D24) -> 10000 | D24: =IF(F24="ECHEC",0,IF(F24="",0,20000)) -> 20000 | E24: =IF(F24="ESPECES",3000,0) -> 0 | F24: BANQUE | G24: =IF(F24="BANQUE",30000,IF(F24="ESPECES",30000,0)) -> 30000 | L24: =TONTAOUT!H24+TONTAOUT!I24 -> 0 | P24: =IF(Q24=0,0,($E$75-Q24)) -> 0
A25: AS201622 | B25: =VLOOKUP(A25,[4]LISTADHERENT!A$5:H$60,3,0) -> NDJOMO ETIENNE | C25: =IF(G25=0,0,G25-D25) -> 14000 | D25: =IF(F25="ECHEC",0,IF(F25="",0,20000)) -> 20000 | E25: =IF(F25="ESPECES",3000,0) -> 0 | F25: BANQUE | G25: =IF(F25="BANQUE",30000,IF(F25="ESPECES",30000,0))+4000 -> 34000 | H25: 23500 | I25: 500 | L25: =TONTAOUT!H25+TONTAOUT!I25 -> 29500 | M25: ESPECES | P25: =IF(Q25=0,0,($E$75-Q25)) -> 0
A26: AS201624 | B26: =VLOOKUP(A26,[4]LISTADHERENT!A$5:H$60,3,0) -> NGONDIEP CLAUDE | C26: =IF(G26=0,0,G26-D26) -> 10000 | D26: =IF(F26="ECHEC",0,IF(F26="",0,20000)) -> 20000 | E26: =IF(F26="ESPECES",3000,0) -> 0 | F26: BANQUE | G26: =IF(F26="BANQUE",30000,IF(F26="ESPECES",30000,0)) -> 30000 | L26: =TONTAOUT!H26+TONTAOUT!I26 -> 0 | P26: =IF(Q26=0,0,($E$75-Q26)) -> 0
A27: AS201626 | B27: =VLOOKUP(A27,[4]LISTADHERENT!A$5:H$60,3,0) -> NGUIEMEGNI MATHIEU BLAISE | C27: =IF(G27=0,0,G27-D27) -> 10000 | D27: =IF(F27="ECHEC",0,IF(F27="",0,20000)) -> 20000 | E27: =IF(F27="ESPECES",3000,0) -> 0 | F27: BANQUE | G27: =IF(F27="BANQUE",30000,IF(F27="ESPECES",30000,0)) -> 30000 | L27: =TONTAOUT!H27+TONTAOUT!I27 -> 0 | P27: =IF(Q27=0,0,($E$75-Q27)) -> 0
A28: AS201628 | B28: =VLOOKUP(A28,[4]LISTADHERENT!A$5:H$60,3,0) -> NKAMGANG JUSTIN DEJOLIE | C28: =IF(G28=0,0,G28-D28) -> 10000 | D28: =IF(F28="ECHEC",0,IF(F28="",0,20000)) -> 20000 | E28: =IF(F28="ESPECES",3000,0) -> 3000 | F28: ESPECES | G28: =IF(F28="BANQUE",30000,IF(F28="ESPECES",30000,0)) -> 30000 | L28: =TONTAOUT!H28+TONTAOUT!I28 -> 62500 | M28: ESPECES | P28: =IF(Q28=0,0,($E$75-Q28)) -> 0
A29: AS201614 | B29: =VLOOKUP(A29,[4]LISTADHERENT!A$5:H$60,3,0) -> NKEHE DAVID | C29: =IF(G29=0,0,G29-D29) -> 7000 | D29: =IF(F29="ECHEC",0,IF(F29="",0,20000)) -> 20000 | E29: =IF(F29="ESPECES",3000,0) -> 3000 | F29: ESPECES | G29: =IF(F29="BANQUE",30000,IF(F29="ESPECES",30000,0))-3000 -> 27000 | L29: =TONTAOUT!H29+TONTAOUT!I29 -> 0 | P29: =IF(Q29=0,0,($E$75-Q29)) -> 0
A30: AS201629 | B30: =VLOOKUP(A30,[4]LISTADHERENT!A$5:H$60,3,0) -> NKEPSEU DIEUDONNE | C30: =IF(G30=0,0,G30-D30) -> 10000 | D30: =IF(F30="ECHEC",0,IF(F30="",0,20000)) -> 20000 | E30: =IF(F30="ESPECES",3000,0) -> 0 | F30: BANQUE | G30: =IF(F30="BANQUE",30000,IF(F30="ESPECES",30000,0)) -> 30000 | H30: 30000 | I30: 500 | L30: =TONTAOUT!H30+TONTAOUT!I30 -> 0 | P30: =IF(Q30=0,0,($E$75-Q30)) -> 0
A31: AS201633 | B31: =VLOOKUP(A31,[4]LISTADHERENT!A$5:H$60,3,0) -> PATEGO NJOSSU GUSTAVE | C31: =IF(G31=0,0,G31-D31) -> 10000 | D31: =IF(F31="ECHEC",0,IF(F31="",0,20000)) -> 20000 | E31: =IF(F31="ESPECES",3000,0) -> 0 | F31: BANQUE | G31: =IF(F31="BANQUE",30000,IF(F31="ESPECES",30000,0)) -> 30000 | L31: =TONTAOUT!H31+TONTAOUT!I31 -> 0 | P31: =IF(Q31=0,0,($E$75-Q31)) -> 280000 | Q31: 20000
A32: AS201653 | B32: =VLOOKUP(A32,[4]LISTADHERENT!A$5:H$60,3,0) -> SIME BRICE | C32: =IF(G32=0,0,G32-D32) -> 20000 | D32: =IF(F32="ECHEC",0,IF(F32="",0,20000)) -> 20000 | E32: =IF(F32="ESPECES",3000,0) -> 0 | F32: BANQUE | G32: =IF(F32="BANQUE",30000,IF(F32="ESPECES",30000,0))+10000 -> 40000 | L32: =TONTAOUT!H32+TONTAOUT!I32 -> 0 | P32: =IF(Q32=0,0,($E$75-Q32)) -> 0
A33: AS201636 | B33: =VLOOKUP(A33,[4]LISTADHERENT!A$5:H$60,3,0) -> SIMO FONGANG ERIC | C33: =IF(G33=0,0,G33-D33) -> 10000 | D33: =IF(F33="ECHEC",0,IF(F33="",0,20000)) -> 20000 | E33: =IF(F33="ESPECES",3000,0) -> 0 | F33: BANQUE | G33: =IF(F33="BANQUE",30000,IF(F33="ESPECES",30000,0)) -> 30000 | L33: =TONTAOUT!H33+TONTAOUT!I33 -> 0 | P33: =IF(Q33=0,0,($E$75-Q33)) -> 0
A34: AS201637 | B34: =VLOOKUP(A34,[4]LISTADHERENT!A$5:H$60,3,0) -> SIME MATHIEU | C34: =IF(G34=0,0,G34-D34) -> 10000 | D34: =IF(F34="ECHEC",0,IF(F34="",0,20000)) -> 20000 | E34: =IF(F34="ESPECES",3000,0) -> 0 | F34: BANQUE | G34: =IF(F34="BANQUE",30000,IF(F34="ESPECES",30000,0)) -> 30000 | L34: =TONTAOUT!H34+TONTAOUT!I34 -> 0 | P34: =IF(Q34=0,0,($E$75-Q34)) -> 280000 | Q34: 20000
A35: AS201638 | B35: =VLOOKUP(A35,[4]LISTADHERENT!A$5:H$60,3,0) -> SIMO PIERRE | C35: =IF(G35=0,0,G35-D35) -> 10000 | D35: =IF(F35="ECHEC",0,IF(F35="",0,20000)) -> 20000 | E35: =IF(F35="ESPECES",3000,0) -> 0 | F35: BANQUE | G35: =IF(F35="BANQUE",30000,IF(F35="ESPECES",30000,0)) -> 30000 | L35: =TONTAOUT!H35+TONTAOUT!I35 -> 0 | P35: =IF(Q35=0,0,($E$75-Q35)) -> 0
A36: AS201641 | B36: =VLOOKUP(A36,[4]LISTADHERENT!A$5:H$60,3,0) -> TCHOUAMOU MATHIEU | C36: =IF(G36=0,0,G36-D36) -> 10000 | D36: =IF(F36="ECHEC",0,IF(F36="",0,20000)) -> 20000 | E36: =IF(F36="ESPECES",3000,0) -> 0 | F36: BANQUE | G36: =IF(F36="BANQUE",30000,IF(F36="ESPECES",30000,0)) -> 30000 | L36: =TONTAOUT!H36+TONTAOUT!I36 -> 0 | P36: =IF(Q36=0,0,($E$75-Q36)) -> 0
A37: AS201644 | B37: =VLOOKUP(A37,[4]LISTADHERENT!A$5:H$60,3,0) -> TIEYAM ERNEST | C37: =IF(G37=0,0,G37-D37) -> 0 | D37: =IF(F37="ECHEC",0,IF(F37="",0,20000)) -> 0 | E37: =IF(F37="ESPECES",3000,0) -> 0 | F37: ECHEC | G37: =IF(F37="BANQUE",30000,IF(F37="ESPECES",30000,0)) -> 0 | H37: 62500 | I37: 5000 | L37: =TONTAOUT!H37+TONTAOUT!I37 -> 62500 | M37: ECHEC | P37: =IF(Q37=0,0,($E$75-Q37)) -> 0
A38: AS201646 | B38: =VLOOKUP(A38,[4]LISTADHERENT!A$5:H$60,3,0) -> YEPMOU JEAN JACQUES | C38: =IF(G38=0,0,G38-D38) -> 10000 | D38: =IF(F38="ECHEC",0,IF(F38="",0,20000)) -> 20000 | E38: =IF(F38="ESPECES",3000,0) -> 3000 | F38: ESPECES | G38: =IF(F38="BANQUE",30000,IF(F38="ESPECES",30000,0)) -> 30000 | L38: =TONTAOUT!H38+TONTAOUT!I38 -> 0 | P38: =IF(Q38=0,0,($E$75-Q38)) -> 0
A39: AS201647 | B39: =VLOOKUP(A39,[4]LISTADHERENT!A$5:H$60,3,0) -> YOUMBI EMMANUEL | C39: =IF(G39=0,0,G39-D39) -> 10000 | D39: =IF(F39="ECHEC",0,IF(F39="",0,20000)) -> 20000 | E39: =IF(F39="ESPECES",3000,0) -> 0 | F39: BANQUE | G39: =IF(F39="BANQUE",30000,IF(F39="ESPECES",30000,0)) -> 30000 | L39: =TONTAOUT!H39+TONTAOUT!I39 -> 0 | P39: =IF(Q39=0,0,($E$75-Q39)) -> 0
A40: AS201655 | B40: =VLOOKUP(A40,[4]LISTADHERENT!A$5:H$60,3,0) -> TCHEMHOU EMMANUEL | C40: =IF(G40=0,0,G40-D40) -> 35000 | E40: =IF(F40="ESPECES",3000,0) -> 0 | F40: BANQUE | G40: 35000
A46: TOTAL | C46: =SUM(C7:C45) -> 390000 | D46: =SUM(D7:D45) -> 600000 | E46: =SUM(E7:E45) -> 12000 | F46: =SUM(F7:F45) -> 0 | G46: =SUM(G7:G45) -> 990000 | H46: =SUM(H7:H45) -> 261500 | I46: =SUM(I7:I45) -> 8000 | J46: =SUM(J7:J45) -> 0 | ... R46: =SUM(R7:R45) -> 0
G49: TONTINE + REMB + INTERET VENTE | H49: =D73+H73+Q46 -> 763500
G50: VENDUE | H50: =IF(H49>=900000,300000*3,300000*2) -> 600000
D51: TONTINE | E51: =+D46 -> 600000
D52: PENALITE VERSEMENT ESPECES | E52: =E46 -> 12000 | G52: PETIT LOT | H52: =H49-H50 -> 163500
D53: VENTE PETIT LOT | E53: =+H46 -> 261500
D54: INTERET VENTE PETIT LOT | E54: =+I46 -> 8000 | G54: RELIQUAT | H54: =H52-H46 -> -98000 | I54: CUMUL
D55: REMBOURSEMENT VENTE PETIT LOT | E55: =H73 -> 123500
D56: INTERET VENTE LOT PRINCIPAL | E56: =+Q46 -> 40000
D57: SANCTION | E57: =[5]MVTSEPT!$E$49 -> 0
D58: EPARGNE | E58: =[5]MVTSEPT!$E$50 -> 266000
D59: FONDS DE ROULEMENT | E59: =[5]MVTSEPT!$E$51 -> 15500
D60: FRAIS EXCEPTIONNELS | E60: =[5]MVTSEPT!$E$52 -> 31000
D61: COLLATION | E61: =[5]MVTSEPT!$E$53 -> 77500
D62: MUTUELLE | E62: =[5]MVTSEPT!$E$55 -> 0
D63: PRÊT FONDS | E63: =[5]MVTSEPT!$E$56 -> 500000
D64: INTERET FONDS | E64: =[5]MVTSEPT!$E$57 -> 25000
D65: REMBOURSEMENT PRÊT FONDS | E65: =[5]MVTSEPT!$E$58 -> 350000
D66: PENALITE PRET FONDS | E66: =[5]MVTSEPT!$E$59 -> 0
D67: PENALITE FONDS | E67: =[5]MVTSEPT!$E$60 -> 0
D69: MONTANT TONTINE | F69: MONTANT VERSE | G69: PENALITE VST ESPECES | H69: REMBOURSEMENT PETIT LOT | I69: VENTE PETIT LOT | J69: VENTE LOT PRINCIPAL | L69: SOLDE EN CAISSE
D70: =SUMIFS(D7:D45,F7:F45,"ESPECES") -> 60000 | E70: ESPECES | F70: =SUMIFS(G7:G45,F7:F45,"ESPECES") -> 87000 | G70: =+E46 -> 12000 | H70: =SUMIFS(L7:L45,M7:M45,"ESPECES") -> 123500 | I70: =SUMIFS(H7:H45,J7:J45,"ESPECES") -> 0 | J70: =SUMIFS(P7:P45,N7:N45,"ESPECES") -> 0 | L70: =F70+H70+G70-I70-J70 -> 222500
D71: =SUMIFS(D7:D45,F7:F45,"BANQUE") -> 540000 | E71: BANQUE | F71: =SUMIFS(G7:G45,F7:F45,"BANQUE") -> 903000 | H71: =SUMIFS(L7:L45,M7:M45,"BANQUE") -> 0 | I71: =SUMIFS(H7:H45,J7:J45,"BANQUE") -> 0 | J71: =SUMIFS(P7:P45,M7:M45,"BANQUE") -> 0 | L71: =F71+H71-I71-J71 -> 903000
D73: =D70+D71 -> 600000 | E73: TOTAL | F73: =F70+F71 -> 990000 | H73: =H70+H71 -> 123500 | I73: =I70+I71 -> 0 | J73: 0 | L73: =F73+H73-I73-J73 -> 1113500
D74: =D73+R46 -> 600000 | E74: TOTAL+DEPOT
D75: MONTANT TONTINE | E75: 300000
D76: MONTANT PETIT LOT A VENDRE | E76: =L46+Q46 -> 281500

Sheet TONTOCT
A1: ASSOCIATION | B1: ASELBY
A2: ANNEE | B2: 2019/2020
A3: TONTINE | B3: 30000
C4: 44122
A5: MATRICULE | B5: NOM ET PRENOM | C5: RESTE | D5: MONTANT TONTINE | E5: PENALITE VERSEMENT ESPECES | F5: MODE VERSEMENT | G5: MONTANT VERSE | H5: VENTE PETIT LOT | I5: INTERET PETIT LOT | J5: MODE VERSEMENT VENTE PETIT LOT | K5: NUMERO CHEQUE | L5: REMBOURSEMENT PETIT LOT | M5: MODE VERSEMENT REMBOURSEMENT | N5: MODE VERSEMENTLOT PRINCIPAL | O5: NUMERO CHEQUE | P5: MONTANT TONTINE LOT PRINCIPAL | Q5: INTERET LOT PRINCIPAL | R5: DEPOT
A6: AS201648 | B6: =VLOOKUP(A6,[4]LISTADHERENT!A$5:H$60,3,0) -> ASELBY | C6: =IF(G6=0,0,G6-D6) -> 0 | D6: =IF(F6="ECHEC",0,IF(F6="",0,20000)) -> 0 | E6: =IF(F6="ESPECES",3000,0) -> 0 | F6: ECHEC | G6: =IF(F6="BANQUE",30000,IF(F6="ESPECES",30000,0)) -> 0 | L6: =TONTSEPT!H6+TONTSEPT!I6 -> 0 | P6: =IF(Q6=0,0,($E$76-Q6)) -> 0
A7: AS201602 | B7: =VLOOKUP(A7,[4]LISTADHERENT!A$5:H$60,3,0) -> BOUTCHOUANG WILLIAM | C7: =IF(G7=0,0,G7-D7) -> 10000 | D7: =IF(F7="ECHEC",0,IF(F7="",0,20000)) -> 20000 | E7: =IF(F7="ESPECES",3000,0) -> 0 | F7: BANQUE | G7: =IF(F7="BANQUE",30000,IF(F7="ESPECES",30000,0)) -> 30000 | L7: =TONTSEPT!H7+TONTSEPT!I7 -> 0 | P7: =IF(Q7=0,0,($E$75-Q7)) -> 0 | S7: 105000
A8: AS201604 | B8: =VLOOKUP(A8,[4]LISTADHERENT!A$5:H$60,3,0) -> DJOMO JEAN PAUL | C8: =IF(G8=0,0,G8-D8) -> 19000 | D8: =IF(F8="ECHEC",0,IF(F8="",0,20000)) -> 20000 | E8: =IF(F8="ESPECES",3000,0) -> 0 | F8: BANQUE | G8: =IF(F8="BANQUE",30000,IF(F8="ESPECES",30000,0))+9000 -> 39000 | L8: =TONTSEPT!H8+TONTSEPT!I8 -> 0 | P8: =IF(Q8=0,0,($E$75-Q8)) -> 0 | S8: 165000
A9: AS201654 | B9: =VLOOKUP(A9,[4]LISTADHERENT!A$5:H$60,3,0) -> DJOMOU TCHANDA | C9: =IF(G9=0,0,G9-D9) -> 0 | D9: =IF(F9="ECHEC",0,IF(F9="",0,20000)) -> 0 | E9: =IF(F9="ESPECES",3000,0) -> 0 | F9: ECHEC | G9: =IF(F9="BANQUE",30000,IF(F9="ESPECES",30000,0)) -> 0 | L9: =TONTSEPT!H9+TONTSEPT!I9 -> 0 | P9: =IF(Q9=0,0,($E$75-Q9)) -> 0 | T9: ECHEC
A10: AS201605 | B10: =VLOOKUP(A10,[4]LISTADHERENT!A$5:H$60,3,0) -> DJOUKWE NANGUEN GUY BLAISE | C10: =IF(G10=0,0,G10-D10) -> 14000 | D10: =IF(F10="ECHEC",0,IF(F10="",0,20000)) -> 20000 | E10: =IF(F10="ESPECES",3000,0) -> 0 | F10: BANQUE | G10: =IF(F10="BANQUE",30000,IF(F10="ESPECES",30000,0))+4000 -> 34000 | H10: 30000 | I10: 500 | L10: =TONTSEPT!H10+TONTSEPT!I10 -> 0 | P10: =IF(Q10=0,0,($E$75-Q10)) -> 0 | S10: 85000
A11: AS201608 | B11: =VLOOKUP(A11,[4]LISTADHERENT!A$5:H$60,3,0) -> DJUOMBESSY ANTOINE | C11: =IF(G11=0,0,G11-D11) -> 10000 | D11: =IF(F11="ECHEC",0,IF(F11="",0,20000)) -> 20000 | E11: =IF(F11="ESPECES",3000,0) -> 0 | F11: BANQUE | G11: =IF(F11="BANQUE",30000,IF(F11="ESPECES",30000,0)) -> 30000 | L11: =TONTSEPT!H11+TONTSEPT!I11 -> 61500 | M11: BANQUE | P11: =IF(Q11=0,0,($E$75-Q11)) -> 0 | S11: 190000
A12: AS201651 | B12: =VLOOKUP(A12,[4]LISTADHERENT!A$5:H$60,3,0) -> DOMOU FABIEN | C12: =IF(G12=0,0,G12-D12) -> 10000 | D12: =IF(F12="ECHEC",0,IF(F12="",0,20000)) -> 20000 | E12: =IF(F12="ESPECES",3000,0) -> 0 | F12: BANQUE | G12: =IF(F12="BANQUE",30000,IF(F12="ESPECES",30000,0)) -> 30000 | L12: =TONTSEPT!H12+TONTSEPT!I12 -> 0 | P12: =IF(Q12=0,0,($E$75-Q12)) -> 0 | S12: 30000
A13: AS201609 | B13: =VLOOKUP(A13,[4]LISTADHERENT!A$5:H$60,3,0) -> DONHOU DAVID | C13: =IF(G13=0,0,G13-D13) -> 10000 | D13: =IF(F13="ECHEC",0,IF(F13="",0,20000)) -> 20000 | E13: =IF(F13="ESPECES",3000,0) -> 0 | F13: BANQUE | G13: =IF(F13="BANQUE",30000,IF(F13="ESPECES",30000,0)) -> 30000 | L13: =TONTSEPT!H13+TONTSEPT!I13 -> 0 | P13: =IF(Q13=0,0,($E$75-Q13)) -> 0 | S13: 30000
A14: AS201610 | B14: =VLOOKUP(A14,[4]LISTADHERENT!A$5:H$60,3,0) -> FOTSO THOMAS | C14: =IF(G14=0,0,G14-D14) -> 7000 | D14: =IF(F14="ECHEC",0,IF(F14="",0,20000)) -> 20000 | E14: =IF(F14="ESPECES",3000,0) -> 3000 | F14: ESPECES | G14: =IF(F14="BANQUE",30000,IF(F14="ESPECES",30000,0))-3000 -> 27000 | H14: 54500 | L14: =TONTSEPT!H14+TONTSEPT!I14 -> 54500 | M14: ECHEC | P14: =IF(Q14=0,0,($E$75-Q14)) -> 0 | T14: ESPECES
A15: AS201611 | B15: =VLOOKUP(A15,[4]LISTADHERENT!A$5:H$60,3,0) -> HENGUE PAUL OMER | C15: =IF(G15=0,0,G15-D15) -> 10000 | D15: =IF(F15="ECHEC",0,IF(F15="",0,20000)) -> 20000 | E15: =IF(F15="ESPECES",3000,0) -> 0 | F15: BANQUE | G15: =IF(F15="BANQUE",30000,IF(F15="ESPECES",30000,0)) -> 30000 | L15: =TONTSEPT!H15+TONTSEPT!I15 -> 0 | P15: =IF(Q15=0,0,($E$75-Q15)) -> 0 | S15: 105000
A16: AS201613 | B16: =VLOOKUP(A16,[4]LISTADHERENT!A$5:H$60,3,0) -> HOTCHO BENJAMIN | C16: =IF(G16=0,0,G16-D16) -> 45000 | D16: =IF(F16="ECHEC",0,IF(F16="",0,20000)) -> 20000 | E16: =IF(F16="ESPECES",3000,0) -> 0 | F16: BANQUE | G16: =IF(F16="BANQUE",30000,IF(F16="ESPECES",30000,0))+35000 -> 65000 | L16: =TONTSEPT!H16+TONTSEPT!I16 -> 0 | P16: =IF(Q16=0,0,($E$75-Q16)) -> 280000 | Q16: 20000 | S16: 240000
A17: AS201615 | B17: =VLOOKUP(A17,[4]LISTADHERENT!A$5:H$60,3,0) -> KEPSEU FRANCIS | C17: =IF(G17=0,0,G17-D17) -> 0 | D17: =IF(F17="ECHEC",0,IF(F17="",0,20000)) -> 0 | E17: =IF(F17="ESPECES",3000,0) -> 0 | F17: ECHEC | G17: =IF(F17="BANQUE",30000,IF(F17="ESPECES",30000,0)) -> 0 | L17: =TONTSEPT!H17+TONTSEPT!I17 -> 0 | P17: =IF(Q17=0,0,($E$75-Q17)) -> 0 | T17: ECHEC
A18: AS201618 | B18: =VLOOKUP(A18,[4]LISTADHERENT!A$5:H$60,3,0) -> KOUAMO VICTOR PEGUY | C18: =IF(G18=0,0,G18-D18) -> 0 | D18: =IF(F18="ECHEC",0,IF(F18="",0,20000)) -> 0 | E18: =IF(F18="ESPECES",3000,0) -> 0 | F18: ECHEC | G18: =IF(F18="BANQUE",30000,IF(F18="ESPECES",30000,0)) -> 0 | L18: =TONTSEPT!H18+TONTSEPT!I18 -> 0 | P18: =IF(Q18=0,0,($E$75-Q18)) -> 0 | T18: ECHEC
A19: AS201617 | B19: =VLOOKUP(A19,[4]LISTADHERENT!A$5:H$60,3,0) -> KOUAMOU MOISE | C19: =IF(G19=0,0,G19-D19) -> 10000 | D19: =IF(F19="ECHEC",0,IF(F19="",0,20000)) -> 20000 | E19: =IF(F19="ESPECES",3000,0) -> 0 | F19: BANQUE | G19: =IF(F19="BANQUE",30000,IF(F19="ESPECES",30000,0)) -> 30000 | H19: 1000 | L19: =TONTSEPT!H19+TONTSEPT!I19 -> 1000 | M19: ECHEC | P19: =IF(Q19=0,0,($E$75-Q19)) -> 0 | S19: 130000
A20: AS201619 | B20: =VLOOKUP(A20,[4]LISTADHERENT!A$5:H$60,3,0) -> KOUATCHO MESSACK | C20: =IF(G20=0,0,G20-D20) -> 10000 | D20: =IF(F20="ECHEC",0,IF(F20="",0,20000)) -> 20000 | E20: =IF(F20="ESPECES",3000,0) -> 0 | F20: BANQUE | G20: =IF(F20="BANQUE",30000,IF(F20="ESPECES",30000,0)) -> 30000 | H20: 60000 | I20: 2000 | L20: =TONTSEPT!H20+TONTSEPT!I20 -> 30500 | M20: ESPECES | P20: =IF(Q20=0,0,($E$75-Q20)) -> 0 | S20: 332000
A21: AS201620 | B21: =VLOOKUP(A21,[4]LISTADHERENT!A$5:H$60,3,0) -> LOWE JEAN | C21: =IF(G21=0,0,G21-D21) -> 10000 | D21: =IF(F21="ECHEC",0,IF(F21="",0,20000)) -> 20000 | E21: =IF(F21="ESPECES",3000,0) -> 3000 | F21: ESPECES | G21: =IF(F21="BANQUE",30000,IF(F21="ESPECES",30000,0)) -> 30000 | L21: =TONTSEPT!H21+TONTSEPT!I21 -> 0 | P21: =IF(Q21=0,0,($E$75-Q21)) -> 0 | T21: ESPECES
A22: AS201649 | B22: =VLOOKUP(A22,[4]LISTADHERENT!A$5:H$60,3,0) -> MBOGNING TUGMA GUY | C22: =IF(G22=0,0,G22-D22) -> 10000 | D22: =IF(F22="ECHEC",0,IF(F22="",0,20000)) -> 20000 | E22: =IF(F22="ESPECES",3000,0) -> 0 | F22: BANQUE | G22: =IF(F22="BANQUE",30000,IF(F22="ESPECES",30000,0)) -> 30000 | L22: =TONTSEPT!H22+TONTSEPT!I22 -> 0 | P22: =IF(Q22=0,0,($E$75-Q22)) -> 0 | S22: 608000
A23: AS201639 | B23: =VLOOKUP(A23,[4]LISTADHERENT!A$5:H$60,3,0) -> NANGUEN MARTIN | C23: =IF(G23=0,0,G23-D23) -> 10000 | D23: =IF(F23="ECHEC",0,IF(F23="",0,20000)) -> 20000 | E23: =IF(F23="ESPECES",3000,0) -> 0 | F23: BANQUE | G23: =IF(F23="BANQUE",30000,IF(F23="ESPECES",30000,0)) -> 30000 | L23: =TONTSEPT!H23+TONTSEPT!I23 -> 0 | P23: =IF(Q23=0,0,($E$75-Q23)) -> 0 | S23: 130000
A24: AS201621 | B24: =VLOOKUP(A24,[4]LISTADHERENT!A$5:H$60,3,0) -> NANKAM APPOLINAIRE | C24: =IF(G24=0,0,G24-D24) -> 10000 | D24: =IF(F24="ECHEC",0,IF(F24="",0,20000)) -> 20000 | E24: =IF(F24="ESPECES",3000,0) -> 0 | F24: BANQUE | G24: =IF(F24="BANQUE",30000,IF(F24="ESPECES",30000,0)) -> 30000 | L24: =TONTSEPT!H24+TONTSEPT!I24 -> 0 | P24: =IF(Q24=0,0,($E$75-Q24)) -> 0 | S24: 105000
A25: AS201622 | B25: =VLOOKUP(A25,[4]LISTADHERENT!A$5:H$60,3,0) -> NDJOMO ETIENNE | C25: =IF(G25=0,0,G25-D25) -> 14000 | D25: =IF(F25="ECHEC",0,IF(F25="",0,20000)) -> 20000 | E25: =IF(F25="ESPECES",3000,0) -> 0 | F25: BANQUE | G25: =IF(F25="BANQUE",30000,IF(F25="ESPECES",30000,0))+4000 -> 34000 | L25: =TONTSEPT!H25+TONTSEPT!I25 -> 24000 | M25: BANQUE | P25: =IF(Q25=0,0,($E$75-Q25)) -> 0 | S25: 158000
A26: AS201624 | B26: =VLOOKUP(A26,[4]LISTADHERENT!A$5:H$60,3,0) -> NGONDIEP CLAUDE | C26: =IF(G26=0,0,G26-D26) -> 20000 | D26: =IF(F26="ECHEC",0,IF(F26="",0,20000)) -> 20000 | E26: =IF(F26="ESPECES",3000,0) -> 0 | F26: BANQUE | G26: =IF(F26="BANQUE",30000,IF(F26="ESPECES",30000,0))+10000 -> 40000 | L26: =TONTSEPT!H26+TONTSEPT!I26 -> 0 | P26: =IF(Q26=0,0,($E$75-Q26)) -> 0 | S26: 140000
A27: AS201626 | B27: =VLOOKUP(A27,[4]LISTADHERENT!A$5:H$60,3,0) -> NGUIEMEGNI MATHIEU BLAISE | C27: =IF(G27=0,0,G27-D27) -> 10000 | D27: =IF(F27="ECHEC",0,IF(F27="",0,20000)) -> 20000 | E27: =IF(F27="ESPECES",3000,0) -> 0 | F27: BANQUE | G27: =IF(F27="BANQUE",30000,IF(F27="ESPECES",30000,0)) -> 30000 | L27: =TONTSEPT!H27+TONTSEPT!I27 -> 0 | P27: =IF(Q27=0,0,($E$75-Q27)) -> 0 | S27: 280000
A28: AS201628 | B28: =VLOOKUP(A28,[4]LISTADHERENT!A$5:H$60,3,0) -> NKAMGANG JUSTIN DEJOLIE | C28: =IF(G28=0,0,G28-D28) -> 10000 | D28: =IF(F28="ECHEC",0,IF(F28="",0,20000)) -> 20000 | E28: =IF(F28="ESPECES",3000,0) -> 3000 | F28: ESPECES | G28: =IF(F28="BANQUE",30000,IF(F28="ESPECES",30000,0)) -> 30000 | H28: 56500 | I28: 1500 | L28: =TONTSEPT!H28+TONTSEPT!I28 -> 0 | P28: =IF(Q28=0,0,($E$75-Q28)) -> 0 | T28: ESPECES
A29: AS201614 | B29: =VLOOKUP(A29,[4]LISTADHERENT!A$5:H$60,3,0) -> NKEHE DAVID | C29: =IF(G29=0,0,G29-D29) -> 0 | D29: =IF(F29="ECHEC",0,IF(F29="",0,20000)) -> 0 | E29: =IF(F29="ESPECES",3000,0) -> 0 | F29: ECHEC | G29: =IF(F29="BANQUE",30000,IF(F29="ESPECES",30000,0)) -> 0 | L29: =TONTSEPT!H29+TONTSEPT!I29 -> 0 | P29: =IF(Q29=0,0,($E$75-Q29)) -> 0 | T29: ECHEC
A30: AS201629 | B30: =VLOOKUP(A30,[4]LISTADHERENT!A$5:H$60,3,0) -> NKEPSEU DIEUDONNE | C30: =IF(G30=0,0,G30-D30) -> 10500 | D30: =IF(F30="ECHEC",0,IF(F30="",0,20000)) -> 20000 | E30: =IF(F30="ESPECES",3000,0) -> 0 | F30: BANQUE | G30: =IF(F30="BANQUE",30000,IF(F30="ESPECES",30000,0))+500 -> 30500 | L30: =TONTSEPT!H30+TONTSEPT!I30 -> 30500 | M30: BANQUE | P30: =IF(Q30=0,0,($E$75-Q30)) -> 0 | S30: 261000
A31: AS201633 | B31: =VLOOKUP(A31,[4]LISTADHERENT!A$5:H$60,3,0) -> PATEGO NJOSSU GUSTAVE | C31: =IF(G31=0,0,G31-D31) -> 10000 | D31: =IF(F31="ECHEC",0,IF(F31="",0,20000)) -> 20000 | E31: =IF(F31="ESPECES",3000,0) -> 0 | F31: BANQUE | G31: =IF(F31="BANQUE",30000,IF(F31="ESPECES",30000,0)) -> 30000 | L31: =TONTSEPT!H31+TONTSEPT!I31 -> 0 | P31: =IF(Q31=0,0,($E$75-Q31)) -> 0 | S31: 105000
A32: AS201653 | B32: =VLOOKUP(A32,[4]LISTADHERENT!A$5:H$60,3,0) -> SIME BRICE | C32: =IF(G32=0,0,G32-D32) -> 20000 | D32: =IF(F32="ECHEC",0,IF(F32="",0,20000)) -> 20000 | E32: =IF(F32="ESPECES",3000,0) -> 0 | F32: BANQUE | G32: =IF(F32="BANQUE",30000,IF(F32="ESPECES",30000,0))+10000 -> 40000 | L32: =TONTSEPT!H32+TONTSEPT!I32 -> 0 | P32: =IF(Q32=0,0,($E$75-Q32)) -> 0 | S32: 40000
A33: AS201636 | B33: =VLOOKUP(A33,[4]LISTADHERENT!A$5:H$60,3,0) -> SIMO FONGANG ERIC | C33: =IF(G33=0,0,G33-D33) -> 7000 | D33: =IF(F33="ECHEC",0,IF(F33="",0,20000)) -> 20000 | E33: =IF(F33="ESPECES",3000,0) -> 3000 | F33: ESPECES | G33: =IF(F33="BANQUE",30000,IF(F33="ESPECES",30000,0))-3000 -> 27000 | L33: =TONTSEPT!H33+TONTSEPT!I33 -> 0 | P33: =IF(Q33=0,0,($E$75-Q33)) -> 0 | T33: ESPECES
A34: AS201637 | B34: =VLOOKUP(A34,[4]LISTADHERENT!A$5:H$60,3,0) -> SIME MATHIEU | C34: =IF(G34=0,0,G34-D34) -> 10000 | D34: =IF(F34="ECHEC",0,IF(F34="",0,20000)) -> 20000 | E34: =IF(F34="ESPECES",3000,0) -> 0 | F34: BANQUE | G34: =IF(F34="BANQUE",30000,IF(F34="ESPECES",30000,0)) -> 30000 | L34: =TONTSEPT!H34+TONTSEPT!I34 -> 0 | P34: =IF(Q34=0,0,($E$75-Q34)) -> 0 | S34: 230000
A35: AS201638 | B35: =VLOOKUP(A35,[4]LISTADHERENT!A$5:H$60,3,0) -> SIMO PIERRE | C35: =IF(G35=0,0,G35-D35) -> 10000 | D35: =IF(F35="ECHEC",0,IF(F35="",0,20000)) -> 20000 | E35: =IF(F35="ESPECES",3000,0) -> 0 | F35: BANQUE | G35: =IF(F35="BANQUE",30000,IF(F35="ESPECES",30000,0)) -> 30000 | L35: =TONTSEPT!H35+TONTSEPT!I35 -> 0 | P35: =IF(Q35=0,0,($E$75-Q35)) -> 0 | S35: 105000
A36: AS201641 | B36: =VLOOKUP(A36,[4]LISTADHERENT!A$5:H$60,3,0) -> TCHOUAMOU MATHIEU | C36: =IF(G36=0,0,G36-D36) -> 10000 | D36: =IF(F36="ECHEC",0,IF(F36="",0,20000)) -> 20000 | E36: =IF(F36="ESPECES",3000,0) -> 0 | F36: BANQUE | G36: =IF(F36="BANQUE",30000,IF(F36="ESPECES",30000,0)) -> 30000 | H36: 67500 | L36: =TONTSEPT!H36+TONTSEPT!I36 -> 0 | P36: =IF(Q36=0,0,($E$75-Q36)) -> 0 | S36: 205000
A37: AS201644 | B37: =VLOOKUP(A37,[4]LISTADHERENT!A$5:H$60,3,0) -> TIEYAM ERNEST | C37: =IF(G37=0,0,G37-D37) -> 0 | D37: =IF(F37="ECHEC",0,IF(F37="",0,20000)) -> 0 | E37: =IF(F37="ESPECES",3000,0) -> 0 | F37: ECHEC | G37: =IF(F37="BANQUE",30000,IF(F37="ESPECES",30000,0)) -> 0 | L37: =TONTSEPT!H37+TONTSEPT!I37 -> 67500 | M37: ECHEC | P37: =IF(Q37=0,0,($E$75-Q37)) -> 0 | T37: ECHEC
A38: AS201646 | B38: =VLOOKUP(A38,[4]LISTADHERENT!A$5:H$60,3,0) -> YEPMOU JEAN JACQUES | C38: =IF(G38=0,0,G38-D38) -> 10000 | D38: =IF(F38="ECHEC",0,IF(F38="",0,20000)) -> 20000 | E38: =IF(F38="ESPECES",3000,0) -> 3000 | F38: ESPECES | G38: =IF(F38="BANQUE",30000,IF(F38="ESPECES",30000,0)) -> 30000 | L38: =TONTSEPT!H38+TONTSEPT!I38 -> 0 | P38: =IF(Q38=0,0,($E$75-Q38)) -> 0 | T38: ESPECES
A39: AS201647 | B39: =VLOOKUP(A39,[4]LISTADHERENT!A$5:H$60,3,0) -> YOUMBI EMMANUEL | C39: =IF(G39=0,0,G39-D39) -> 10000 | D39: =IF(F39="ECHEC",0,IF(F39="",0,20000)) -> 20000 | E39: =IF(F39="ESPECES",3000,0) -> 0 | F39: BANQUE | G39: =IF(F39="BANQUE",30000,IF(F39="ESPECES",30000,0)) -> 30000 | L39: =TONTSEPT!H39+TONTSEPT!I39 -> 0 | P39: =IF(Q39=0,0,($E$75-Q39)) -> 280000 | Q39: 20000 | S39: 280000
A40: AS201655 | B40: TCHEMHOU EMMANUEL | C40: =IF(G40=0,0,G40-D40) -> 10000 | E40: =IF(F40="ESPECES",3000,0) -> 0 | F40: BANQUE | G40: 10000
A46: TOTAL | C46: =SUM(C7:C45) -> 356500 | D46: =SUM(D7:D45) -> 560000 | E46: =SUM(E7:E45) -> 15000 | F46: =SUM(F7:F45) -> 0 | G46: =SUM(G7:G45) -> 916500 | H46: =SUM(H7:H45) -> 269500 | I46: =SUM(I7:I45) -> 4000 | J46: =SUM(J7:J45) -> 0 | ... S46: =SUM(S7:S45) -> 4059000
G49: TONTINE + REMB + INTERET VENTE | H49: =D73+H73+Q46 -> 746500
G50: VENDUE | H50: =IF(H49>=900000,300000*3,300000*2) -> 600000
D51: TONTINE | E51: =+D46 -> 560000
D52: PENALITE VERSEMENT ESPECES | E52: =E46 -> 15000 | G52: PETIT LOT | H52: =H49-H50 -> 146500
D53: VENTE PETIT LOT | E53: =+H46 -> 269500
D54: INTERET VENTE PETIT LOT | E54: =+I46 -> 4000 | G54: RELIQUAT | H54: =H52-H46 -> -123000 | I54: CUMUL
D55: REMBOURSEMENT VENTE PETIT LOT | E55: =+L46 -> 269500 | H55: =13500+15000+5000+20000 -> 53500 | I55: A REPORTER
D56: INTERET VENTE LOT PRINCIPAL | E56: =+Q46 -> 40000
D57: SANCTION | E57: =[5]MVTOCT!$E$49 -> 0
D58: EPARGNE | E58: =[5]MVTOCT!$E$50 -> 240500
D59: FONDS DE ROULEMENT | E59: =[5]MVTOCT!$E$51 -> 14500
D60: FRAIS EXCEPTIONNELS | E60: =[5]MVTOCT!$E$52 -> 29000
D61: COLLATION | E61: =[5]MVTOCT!$E$53 -> 72500
D62: MUTUELLE | E62: =[5]MVTOCT!$E$55 -> 0
D63: PRÊT FONDS | E63: =[5]MVTOCT!$E$56 -> 0
D64: INTERET FONDS | E64: =[5]MVTOCT!$E$57 -> 0
D65: REMBOURSEMENT PRÊT FONDS | E65: =[5]MVTOCT!$E$58 -> 0
D66: PENALITE PRET FONDS | E66: =[5]MVTOCT!$E$59 -> 0
D67: PENALITE FONDS | E67: =[5]MVTOCT!$E$60 -> 0
D69: MONTANT TONTINE | F69: MONTANT VERSE | G69: PENALITE VST ESPECES | H69: REMBOURSEMENT PETIT LOT | I69: VENTE PETIT LOT | J69: VENTE LOT PRINCIPAL | L69: SOLDE EN CAISSE
D70: =SUMIFS(D7:D45,F7:F45,"ESPECES") -> 100000 | E70: ESPECES | F70: =SUMIFS(G7:G45,F7:F45,"ESPECES") -> 144000 | G70: =+E46 -> 15000 | H70: =SUMIFS(L7:L45,M7:M45,"ESPECES") -> 30500 | I70: =SUMIFS(H7:H45,J7:J45,"ESPECES") -> 0 | J70: =SUMIFS(P7:P45,N7:N45,"ESPECES") -> 0 | L70: =F70+H70+G70-I70-J70 -> 189500
D71: =SUMIFS(D7:D45,F7:F45,"BANQUE") -> 460000 | E71: BANQUE | F71: =SUMIFS(G7:G45,F7:F45,"BANQUE") -> 772500 | H71: =SUMIFS(L7:L45,M7:M45,"BANQUE") -> 116000 | I71: =SUMIFS(H7:H45,J7:J45,"BANQUE") -> 0 | J71: =SUMIFS(P7:P45,M7:M45,"BANQUE") -> 0 | L71: =F71+H71-I71-J71 -> 888500
D73: =D70+D71 -> 560000 | E73: TOTAL | F73: =F70+F71 -> 916500 | H73: =H70+H71 -> 146500 | I73: =I70+I71 -> 0 | J73: 0 | L73: =F73+H73-I73-J73 -> 1063000
D74: =D73+R46 -> 560000 | E74: TOTAL+DEPOT
D75: MONTANT TONTINE | E75: 300000
D76: MONTANT PETIT LOT A VENDRE | E76: =L46+Q46 -> 309500

Sheet TONTNOV20
A1: ASSOCIATION | B1: ASELBY
A2: ANNEE | B2: 2019/2020
A3: TONTINE | B3: 30000
C4: 44157
A5: MATRICULE | B5: NOM ET PRENOM | C5: RESTE | D5: MONTANT TONTINE | E5: PENALITE VERSEMENT ESPECES | F5: MODE VERSEMENT | G5: MONTANT VERSE | H5: VENTE PETIT LOT | I5: INTERET PETIT LOT | J5: MODE VERSEMENT VENTE PETIT LOT | K5: NUMERO CHEQUE | L5: REMBOURSEMENT PETIT LOT | M5: MODE VERSEMENT REMBOURSEMENT | N5: MODE VERSEMENTLOT PRINCIPAL | O5: NUMERO CHEQUE | P5: MONTANT TONTINE LOT PRINCIPAL | Q5: INTERET LOT PRINCIPAL | R5: DEPOT
A6: AS201648 | B6: =VLOOKUP(A6,[4]LISTADHERENT!A$5:H$60,3,0) -> ASELBY | C6: =IF(G6=0,0,G6-D6) -> 0 | D6: =IF(F6="ECHEC",0,IF(F6="",0,20000)) -> 0 | E6: =IF(F6="ESPECES",3000,0) -> 0 | F6: ECHEC | G6: =IF(F6="BANQUE",30000,IF(F6="ESPECES",30000,0)) -> 0 | L6: =TONTOCT!H6+TONTOCT!I6 -> 0 | P6: =IF(Q6=0,0,($E$76-Q6)) -> 0
A7: AS201602 | B7: =VLOOKUP(A7,[4]LISTADHERENT!A$5:H$60,3,0) -> BOUTCHOUANG WILLIAM | C7: =IF(G7=0,0,G7-D7) -> 0 | D7: =IF(F7="ECHEC",0,IF(F7="",0,20000)) -> 0 | E7: =IF(F7="ESPECES",3000,0) -> 0 | F7: ECHEC | G7: =IF(F7="BANQUE",30000,IF(F7="ESPECES",30000,0)) -> 0 | L7: =TONTOCT!H7+TONTOCT!I7 -> 0 | P7: =IF(Q7=0,0,($E$75-Q7)) -> 0
A8: AS201604 | B8: =VLOOKUP(A8,[4]LISTADHERENT!A$5:H$60,3,0) -> DJOMO JEAN PAUL | C8: =IF(G8=0,0,G8-D8) -> 0 | D8: =IF(F8="ECHEC",0,IF(F8="",0,20000)) -> 0 | E8: =IF(F8="ESPECES",3000,0) -> 0 | F8: ECHEC | G8: =IF(F8="BANQUE",30000,IF(F8="ESPECES",30000,0)) -> 0 | L8: =TONTOCT!H8+TONTOCT!I8 -> 0 | P8: =IF(Q8=0,0,($E$75-Q8)) -> 0
A9: AS201654 | B9: =VLOOKUP(A9,[4]LISTADHERENT!A$5:H$60,3,0) -> DJOMOU TCHANDA | C9: =IF(G9=0,0,G9-D9) -> 0 | D9: =IF(F9="ECHEC",0,IF(F9="",0,20000)) -> 0 | E9: =IF(F9="ESPECES",3000,0) -> 0 | F9: ECHEC | G9: =IF(F9="BANQUE",30000,IF(F9="ESPECES",30000,0)) -> 0 | L9: =TONTOCT!H9+TONTOCT!I9 -> 0 | P9: =IF(Q9=0,0,($E$75-Q9)) -> 0
A10: AS201605 | B10: =VLOOKUP(A10,[4]LISTADHERENT!A$5:H$60,3,0) -> DJOUKWE NANGUEN GUY BLAISE | C10: =IF(G10=0,0,G10-D10) -> 0 | D10: =IF(F10="ECHEC",0,IF(F10="",0,20000)) -> 0 | E10: =IF(F10="ESPECES",3000,0) -> 0 | F10: ECHEC | G10: =IF(F10="BANQUE",30000,IF(F10="ESPECES",30000,0)) -> 0 | L10: =TONTOCT!H10+TONTOCT!I10 -> 30500 | P10: =IF(Q10=0,0,($E$75-Q10)) -> 0
A11: AS201608 | B11: =VLOOKUP(A11,[4]LISTADHERENT!A$5:H$60,3,0) -> DJUOMBESSY ANTOINE | C11: =IF(G11=0,0,G11-D11) -> 0 | D11: =IF(F11="ECHEC",0,IF(F11="",0,20000)) -> 0 | E11: =IF(F11="ESPECES",3000,0) -> 0 | F11: ECHEC | G11: =IF(F11="BANQUE",30000,IF(F11="ESPECES",30000,0)) -> 0 | L11: =TONTOCT!H11+TONTOCT!I11 -> 0 | P11: =IF(Q11=0,0,($E$75-Q11)) -> 0
A12: AS201651 | B12: =VLOOKUP(A12,[4]LISTADHERENT!A$5:H$60,3,0) -> DOMOU FABIEN | C12: =IF(G12=0,0,G12-D12) -> 0 | D12: =IF(F12="ECHEC",0,IF(F12="",0,20000)) -> 0 | E12: =IF(F12="ESPECES",3000,0) -> 0 | F12: ECHEC | G12: =IF(F12="BANQUE",30000,IF(F12="ESPECES",30000,0)) -> 0 | L12: =TONTOCT!H12+TONTOCT!I12 -> 0 | P12: =IF(Q12=0,0,($E$75-Q12)) -> 0
A13: AS201609 | B13: =VLOOKUP(A13,[4]LISTADHERENT!A$5:H$60,3,0) -> DONHOU DAVID | C13: =IF(G13=0,0,G13-D13) -> 0 | D13: =IF(F13="ECHEC",0,IF(F13="",0,20000)) -> 0 | E13: =IF(F13="ESPECES",3000,0) -> 0 | F13: ECHEC | G13: =IF(F13="BANQUE",30000,IF(F13="ESPECES",30000,0)) -> 0 | L13: =TONTOCT!H13+TONTOCT!I13 -> 0 | P13: =IF(Q13=0,0,($E$75-Q13)) -> 0
A14: AS201610 | B14: =VLOOKUP(A14,[4]LISTADHERENT!A$5:H$60,3,0) -> FOTSO THOMAS | C14: =IF(G14=0,0,G14-D14) -> 0 | D14: =IF(F14="ECHEC",0,IF(F14="",0,20000)) -> 0 | E14: =IF(F14="ESPECES",3000,0) -> 0 | F14: ECHEC | G14: =IF(F14="BANQUE",30000,IF(F14="ESPECES",30000,0)) -> 0 | L14: =TONTOCT!H14+TONTOCT!I14 -> 54500 | P14: =IF(Q14=0,0,($E$75-Q14)) -> 0
A15: AS201611 | B15: =VLOOKUP(A15,[4]LISTADHERENT!A$5:H$60,3,0) -> HENGUE PAUL OMER | C15: =IF(G15=0,0,G15-D15) -> 0 | D15: =IF(F15="ECHEC",0,IF(F15="",0,20000)) -> 0 | E15: =IF(F15="ESPECES",3000,0) -> 0 | F15: ECHEC | G15: =IF(F15="BANQUE",30000,IF(F15="ESPECES",30000,0)) -> 0 | L15: =TONTOCT!H15+TONTOCT!I15 -> 0 | P15: =IF(Q15=0,0,($E$75-Q15)) -> 0
A16: AS201613 | B16: =VLOOKUP(A16,[4]LISTADHERENT!A$5:H$60,3,0) -> HOTCHO BENJAMIN | C16: =IF(G16=0,0,G16-D16) -> 0 | D16: =IF(F16="ECHEC",0,IF(F16="",0,20000)) -> 0 | E16: =IF(F16="ESPECES",3000,0) -> 0 | F16: ECHEC | G16: =IF(F16="BANQUE",30000,IF(F16="ESPECES",30000,0)) -> 0 | L16: =TONTOCT!H16+TONTOCT!I16 -> 0 | P16: =IF(Q16=0,0,($E$75-Q16)) -> 0
A17: AS201615 | B17: =VLOOKUP(A17,[4]LISTADHERENT!A$5:H$60,3,0) -> KEPSEU FRANCIS | C17: =IF(G17=0,0,G17-D17) -> 0 | D17: =IF(F17="ECHEC",0,IF(F17="",0,20000)) -> 0 | E17: =IF(F17="ESPECES",3000,0) -> 0 | F17: ECHEC | G17: =IF(F17="BANQUE",30000,IF(F17="ESPECES",30000,0)) -> 0 | L17: =TONTOCT!H17+TONTOCT!I17 -> 0 | P17: =IF(Q17=0,0,($E$75-Q17)) -> 0
A18: AS201618 | B18: =VLOOKUP(A18,[4]LISTADHERENT!A$5:H$60,3,0) -> KOUAMO VICTOR PEGUY | C18: =IF(G18=0,0,G18-D18) -> 0 | D18: =IF(F18="ECHEC",0,IF(F18="",0,20000)) -> 0 | E18: =IF(F18="ESPECES",3000,0) -> 0 | F18: ECHEC | G18: =IF(F18="BANQUE",30000,IF(F18="ESPECES",30000,0)) -> 0 | L18: =TONTOCT!H18+TONTOCT!I18 -> 0 | P18: =IF(Q18=0,0,($E$75-Q18)) -> 0
... A39: AS201647 | B39: =VLOOKUP(A39,[4]LISTADHERENT!A$5:H$60,3,0) -> YOUMBI EMMANUEL | C39: =IF(G39=0,0,G39-D39) -> 0 | D39: =IF(F39="ECHEC",0,IF(F39="",0,20000)) -> 0 | E39: =IF(F39="ESPECES",3000,0) -> 0 | F39: ECHEC | G39: =IF(F39="BANQUE",30000,IF(F39="ESPECES",30000,0)) -> 0 | L39: =TONTOCT!H39+TONTOCT!I39 -> 0 | P39: =IF(Q39=0,0,($E$75-Q39)) -> 0
A40: AS201655 | B40: TCHEMHOU EMMANUEL | C40: =IF(G40=0,0,G40-D40) -> 0 | D40: =IF(F40="ECHEC",0,IF(F40="",0,20000)) -> 0 | E40: =IF(F40="ESPECES",3000,0) -> 0 | F40: ECHEC | G40: =IF(F40="BANQUE",30000,IF(F40="ESPECES",30000,0)) -> 0
A46: TOTAL | C46: =SUM(C7:C45) -> 0 | D46: =SUM(D7:D45) -> 0 | E46: =SUM(E7:E45) -> 0 | F46: =SUM(F7:F45) -> 0 | G46: =SUM(G7:G45) -> 0 | H46: =SUM(H7:H45) -> 0 | I46: =SUM(I7:I45) -> 0 | J46: =SUM(J7:J45) -> 0 | ... R46: =SUM(R7:R45) -> 0
G49: TONTINE + REMB + INTERET VENTE | H49: =D73+H73+Q46 -> 0
G50: VENDUE | H50: =IF(H49>=900000,300000*3,300000*2) -> 600000
D51: TONTINE | E51: =+D46 -> 0
D52: PENALITE VERSEMENT ESPECES | E52: =E46 -> 0 | G52: PETIT LOT | H52: =H49-H50 -> -600000
D53: VENTE PETIT LOT | E53: =+H46 -> 0
D54: INTERET VENTE PETIT LOT | E54: =+I46 -> 0 | G54: RELIQUAT | H54: =H52-H46 -> -600000 | I54: CUMUL
D55: REMBOURSEMENT VENTE PETIT LOT | E55: =+L46 -> 273500
D56: INTERET VENTE LOT PRINCIPAL | E56: =+Q46 -> 0
D57: SANCTION | E57: =[5]MVTNOV20!$E$49 -> 0
D58: EPARGNE | E58: =[5]MVTNOV20!$E$50 -> 0
D59: FONDS DE ROULEMENT | E59: =[5]MVTNOV20!$E$51 -> 0
D60: FRAIS EXCEPTIONNELS | E60: =[5]MVTNOV20!$E$52 -> 0
D61: COLLATION | E61: =[5]MVTNOV20!$E$53 -> 0
D62: MUTUELLE | E62: =[5]MVTNOV20!$E$55 -> 0
D63: PRÊT FONDS | E63: =[5]MVTNOV20!$E$56 -> 0
D64: INTERET FONDS | E64: =[5]MVTNOV20!$E$57 -> 0
D65: REMBOURSEMENT PRÊT FONDS | E65: =[5]MVTNOV20!$E$58 -> 0
D66: PENALITE PRET FONDS | E66: =[5]MVTNOV20!$E$59 -> 0
D67: PENALITE FONDS | E67: =[5]MVTNOV20!$E$60 -> 0
D69: MONTANT TONTINE | F69: MONTANT VERSE | G69: PENALITE VST ESPECES | H69: REMBOURSEMENT PETIT LOT | I69: VENTE PETIT LOT | J69: VENTE LOT PRINCIPAL | L69: SOLDE EN CAISSE
D70: =SUMIFS(D7:D45,F7:F45,"ESPECES") -> 0 | E70: ESPECES | F70: =SUMIFS(G7:G45,F7:F45,"ESPECES") -> 0 | G70: =+E46 -> 0 | H70: =SUMIFS(L7:L45,M7:M45,"ESPECES") -> 0 | I70: =SUMIFS(H7:H45,J7:J45,"ESPECES") -> 0 | J70: =SUMIFS(P7:P45,N7:N45,"ESPECES") -> 0 | L70: =F70+H70+G70-I70-J70 -> 0
D71: =SUMIFS(D7:D45,F7:F45,"BANQUE") -> 0 | E71: BANQUE | F71: =SUMIFS(G7:G45,F7:F45,"BANQUE") -> 0 | H71: =SUMIFS(L7:L45,M7:M45,"BANQUE") -> 0 | I71: =SUMIFS(H7:H45,J7:J45,"BANQUE") -> 0 | J71: =SUMIFS(P7:P45,M7:M45,"BANQUE") -> 0 | L71: =F71+H71-I71-J71 -> 0
D73: =D70+D71 -> 0 | E73: TOTAL | F73: =F70+F71 -> 0 | H73: =H70+H71 -> 0 | I73: =I70+I71 -> 0 | J73: 0 | L73: =F73+H73-I73-J73 -> 0
D74: =D73+R46 -> 0 | E74: TOTAL+DEPOT
D75: MONTANT TONTINE | E75: 300000
D76: MONTANT PETIT LOT A VENDRE | E76: =L46+Q46 -> 273500

Sheet TONTDEC20
A1: ASSOCIATION | B1: ASELBY
A2: ANNEE | B2: 2019/2020
A3: TONTINE | B3: 30000
C4: 43850
A5: MATRICULE | B5: NOM ET PRENOM | C5: RESTE | D5: MONTANT TONTINE | E5: PENALITE VERSEMENT ESPECES | F5: MODE VERSEMENT | G5: MONTANT VERSE | H5: VENTE PETIT LOT | I5: INTERET PETIT LOT | J5: MODE VERSEMENT VENTE PETIT LOT | K5: NUMERO CHEQUE | L5: REMBOURSEMENT PETIT LOT | M5: MODE VERSEMENT REMBOURSEMENT | N5: MODE VERSEMENTLOT PRINCIPAL | O5: NUMERO CHEQUE | P5: MONTANT TONTINE LOT PRINCIPAL | Q5: INTERET LOT PRINCIPAL | R5: DEPOT
A6: AS201648 | B6: =VLOOKUP(A6,[4]LISTADHERENT!A$5:H$60,3,0) -> ASELBY | C6: =IF(G6=0,0,G6-D6) -> 0 | D6: =IF(F6="ECHEC",0,IF(F6="",0,20000)) -> 0 | E6: =IF(F6="ESPECES",3000,0) -> 0 | F6: ECHEC | G6: =IF(F6="BANQUE",30000,IF(F6="ESPECES",30000,0)) -> 0 | L6: =TONTNOV20!H6+TONTNOV20!I6 -> 0 | P6: =IF(Q6=0,0,($E$76-Q6)) -> 0
A7: AS201602 | B7: =VLOOKUP(A7,[4]LISTADHERENT!A$5:H$60,3,0) -> BOUTCHOUANG WILLIAM | C7: =IF(G7=0,0,G7-D7) -> 0 | D7: =IF(F7="ECHEC",0,IF(F7="",0,20000)) -> 0 | E7: =IF(F7="ESPECES",3000,0) -> 0 | F7: ECHEC | G7: =IF(F7="BANQUE",30000,IF(F7="ESPECES",30000,0)) -> 0 | L7: =TONTNOV20!H7+TONTNOV20!I7 -> 0 | P7: =IF(Q7=0,0,($E$75-Q7)) -> 0
A8: AS201604 | B8: =VLOOKUP(A8,[4]LISTADHERENT!A$5:H$60,3,0) -> DJOMO JEAN PAUL | C8: =IF(G8=0,0,G8-D8) -> 0 | D8: =IF(F8="ECHEC",0,IF(F8="",0,20000)) -> 0 | E8: =IF(F8="ESPECES",3000,0) -> 0 | F8: ECHEC | G8: =IF(F8="BANQUE",30000,IF(F8="ESPECES",30000,0)) -> 0 | L8: =TONTNOV20!H8+TONTNOV20!I8 -> 0 | P8: =IF(Q8=0,0,($E$75-Q8)) -> 0
A9: AS201654 | B9: =VLOOKUP(A9,[4]LISTADHERENT!A$5:H$60,3,0) -> DJOMOU TCHANDA | C9: =IF(G9=0,0,G9-D9) -> 0 | D9: =IF(F9="ECHEC",0,IF(F9="",0,20000)) -> 0 | E9: =IF(F9="ESPECES",3000,0) -> 0 | F9: ECHEC | G9: =IF(F9="BANQUE",30000,IF(F9="ESPECES",30000,0)) -> 0 | L9: =TONTNOV20!H9+TONTNOV20!I9 -> 0 | P9: =IF(Q9=0,0,($E$75-Q9)) -> 0
A10: AS201605 | B10: =VLOOKUP(A10,[4]LISTADHERENT!A$5:H$60,3,0) -> DJOUKWE NANGUEN GUY BLAISE | C10: =IF(G10=0,0,G10-D10) -> 0 | D10: =IF(F10="ECHEC",0,IF(F10="",0,20000)) -> 0 | E10: =IF(F10="ESPECES",3000,0) -> 0 | F10: ECHEC | G10: =IF(F10="BANQUE",30000,IF(F10="ESPECES",30000,0)) -> 0 | L10: =TONTNOV20!H10+TONTNOV20!I10 -> 0 | P10: =IF(Q10=0,0,($E$75-Q10)) -> 0
A11: AS201608 | B11: =VLOOKUP(A11,[4]LISTADHERENT!A$5:H$60,3,0) -> DJUOMBESSY ANTOINE | C11: =IF(G11=0,0,G11-D11) -> 0 | D11: =IF(F11="ECHEC",0,IF(F11="",0,20000)) -> 0 | E11: =IF(F11="ESPECES",3000,0) -> 0 | F11: ECHEC | G11: =IF(F11="BANQUE",30000,IF(F11="ESPECES",30000,0)) -> 0 | L11: =TONTNOV20!H11+TONTNOV20!I11 -> 0 | P11: =IF(Q11=0,0,($E$75-Q11)) -> 0
A12: AS201651 | B12: =VLOOKUP(A12,[4]LISTADHERENT!A$5:H$60,3,0) -> DOMOU FABIEN | C12: =IF(G12=0,0,G12-D12) -> 0 | D12: =IF(F12="ECHEC",0,IF(F12="",0,20000)) -> 0 | E12: =IF(F12="ESPECES",3000,0) -> 0 | F12: ECHEC | G12: =IF(F12="BANQUE",30000,IF(F12="ESPECES",30000,0)) -> 0 | L12: =TONTNOV20!H12+TONTNOV20!I12 -> 0 | P12: =IF(Q12=0,0,($E$75-Q12)) -> 0
A13: AS201609 | B13: =VLOOKUP(A13,[4]LISTADHERENT!A$5:H$60,3,0) -> DONHOU DAVID | C13: =IF(G13=0,0,G13-D13) -> 0 | D13: =IF(F13="ECHEC",0,IF(F13="",0,20000)) -> 0 | E13: =IF(F13="ESPECES",3000,0) -> 0 | F13: ECHEC | G13: =IF(F13="BANQUE",30000,IF(F13="ESPECES",30000,0)) -> 0 | L13: =TONTNOV20!H13+TONTNOV20!I13 -> 0 | P13: =IF(Q13=0,0,($E$75-Q13)) -> 0
A14: AS201610 | B14: =VLOOKUP(A14,[4]LISTADHERENT!A$5:H$60,3,0) -> FOTSO THOMAS | C14: =IF(G14=0,0,G14-D14) -> 0 | D14: =IF(F14="ECHEC",0,IF(F14="",0,20000)) -> 0 | E14: =IF(F14="ESPECES",3000,0) -> 0 | F14: ECHEC | G14: =IF(F14="BANQUE",30000,IF(F14="ESPECES",30000,0)) -> 0 | L14: =TONTNOV20!H14+TONTNOV20!I14 -> 0 | P14: =IF(Q14=0,0,($E$75-Q14)) -> 0
A15: AS201611 | B15: =VLOOKUP(A15,[4]LISTADHERENT!A$5:H$60,3,0) -> HENGUE PAUL OMER | C15: =IF(G15=0,0,G15-D15) -> 0 | D15: =IF(F15="ECHEC",0,IF(F15="",0,20000)) -> 0 | E15: =IF(F15="ESPECES",3000,0) -> 0 | F15: ECHEC | G15: =IF(F15="BANQUE",30000,IF(F15="ESPECES",30000,0)) -> 0 | L15: =TONTNOV20!H15+TONTNOV20!I15 -> 0 | P15: =IF(Q15=0,0,($E$75-Q15)) -> 0
