Workbook
Name MODEPAID: [1]Feuil2!$A$1:$A$3
Name MODEPAID: MODEPAID!$A$1:$A$3
Name MODEPAID: #REF!
Name MODEPAID: #REF!
Name MODEPAID: #REF!
Name MODEPAID: #REF!
Name MODEPAID: #REF!
Name MODEPAID: #REF!
Name MODEPAID: #REF!
Name MODEPAID: #REF!
Name MODEPAID: #REF!
Name MODEPAID: #REF!
Name VALMODEPAID: MODEPAID!$A$1:$A$3

Sheet LISTADHERENT
A1: ASELBY
A2: LISTE DES ADHERENTS 19 JUN 2016
A4: MLE | B4: NOM ET PRENOM | C4: FONCTION | D4: DATE ADHESION | E4: CONTACT | F4: CONTACT 2 | G4: RESIDENCE | H4: DATE RECEPTION
A5: AS201601 | B5: BAKOP ACHILLE | C5: FONCTIONNAIRE DE POLICE | E5: 677841881 | G5: NKOLBISSON | H5: 42887
A6: AS201602 | B6: BOUTCHOUANG WILLIAM | C6: OPERATEUR ECONOMIQUE | E6: 677704694 | G6: EMANA | H6: 43191
A7: AS201603 | B7: CHINGUE FABRICE | C7: OPERATEUR ECONOMIQUE | E7: 677881912 | G7: SANTA BARBARA | H7: 43466
A8: AS201604 | B8: DJOMO JEAN PAUL | C8: RETRAITE | E8: 677986676 | G8: RUE MANGUIERS | H8: 43132
A9: AS201605 | B9: DJOUKWE GUY | C9: PROFESSEUR DES LYCEES TECHNIQUE | E9: 675250451 | G9: RUE MANGUIERS | H9: 43313
A10: AS201606 | B10: DJOSSEU JOSUE | C10: PROFESSEUR DES LYCEES TECHNIQUE | E10: 675250451 | G10: RUE MANGUIERS | H10: 43313
A11: AS201607 | B11: DJOUNKEP SAMUEL | C11: COMPTABLE RETRAITE | E11: 697103557 | G11: BIYEM ASSI LYCEE | H11: 42401
A12: AS201608 | B12: DJUOMBESSY ANTOINE | C12: ANALYSTE CONCEPTEUR SI | E12: 677501239 | F12: 699324095 | G12: MESSASSI | H12: 43647
A13: AS201609 | B13: DONHOU DAVID | C13: MAGISTRAT | E13: 699908065 | G13: TONGOLO | H13: 42979
A14: AS201610 | B14: FOTSO THOMAS | C14: CADRE BANQUE | E14: 677910278 | G14: OYOMABANG | H14: 43344
A15: AS201611 | B15: HENGUE PAUL OMER | C15: SOCIOLOGUE | E15: 694468080 | G15: MESSASSI | H15: 42583
A16: AS201612 | B16: HODIEP JULES | C16: CADRE CNPS | E16: 675291170 | G16: NYOM 2 | H16: 43009
A17: AS201613 | B17: HOTCHO BENJAMIN | C17: COMPTABLE | E17: 699956355 | G17: DAMAS | H17: 42614
A18: AS201614 | B18: KEPHE DAVID | C18: OPERATEUR ECONOMIQUE | E18: 677053815 | G18: MESSASSI | H18: 43374
A19: AS201615 | B19: KEPSEU FRANCIS | C19: OFFICIER DE POLICE RETRAITE | E19: 699528700 | G19: SIMBOCK | H19: 43405
A20: AS201616 | B20: KOUAMOU EMMANUEL | C20: OPERATEUR ECONOMIQUE | E20: 699335584 | G20: MONTEE JOUVENCE | H20: 42795
A21: AS201617 | B21: KOUAMOU MOISE | C21: INGENIEUR E-F | E21: 675836725 | G21: DAMAS | H21: 42370
A22: AS201618 | B22: KOUAMOU VICTOR PEGUY | C22: S/OFFICIER SUPERIEUR | E22: 696564847 | G22: MESSASSI | H22: 43617
A23: AS201619 | B23: KOUATCHO MESSACK | C23: INSPECTEUR DE TRAVAIL | E23: 677735778 | G23: SANTA BARBARA | H23: 42644
A24: AS201620 | B24: LOWE JEAN | C24: PROFESSEUR DE LYCEE
A25: AS201621 | B25: NANKAM APPOLINAIRE | C25: ENSEIGNANT | E25: 693055118 | G25: DAMAS | H25: 43678
A26: AS201622 | B26: NDJOMO ETIENNE | C26: COMPTABLE | E26: 677553702 | G26: MONTEE JOUVENCE | H26: 42705
A27: AS201623 | B27: NDOMBOU JEAN CLAUDE | C27: ING AGRONOME RETRAITE | E27: 699358350 | G27: ETOUG EBE | H27: 42767
A28: AS201624 | B28: NGONDIEP CLAUDE | C28: DAS(DIRECTEUR ADMINISTRATEUR SOCIETE) | E28: 675249207 | G28: CITE VERTE | H28: 43070
A29: AS201625 | B29: NGONGANG JEAN THEODORE | C29: CHEF ENTREPRISE | E29: 677766503 | G29: RUE MANGUIERS | H29: 42491
A30: AS201626 | B30: NGUIEMEGNI MATHIEU BLAISE | C30: CADRE CADASTRE | E30: 677068360 | G30: MONATELE | H30: 43101
A31: AS201627 | B31: NJEPDJIO MBOUKAM DELUXE | C31: OPERATEUR ECONOMIQUE | E31: 670909070 | G31: MENDONG | H31: 43586
A32: AS201628 | B32: NKAMGANG JUSTIN DEJOLIE | C32: DELEGUE COMMERCIAL | E32: 676659191 | G32: MENDONG | H32: 43497
A33: AS201629 | B33: NKEPSEU DIEUDONNE | C33: OPERATEUR ECONOMIQUE | E33: 677575366 | G33: ESSOS | H33: 42917
A34: AS201630 | B34: NKEPSEU HENANG RENE | C34: CADRE SONEL RETRAITE | E34: 699843118 | G34: BIYEM ASSI LYCEE | H34: 42522
A35: AS201631 | B35: NTEPDIE TUEMAC MZ | C35: OPERATEUR ECONOMIQUE | E35: 677377251 | G35: MONTEE JOUVENCE | H35: 43282
A36: AS201632 | B36: NTOMBOU ADOLPHE | C36: INGENIEUR | E36: 677867173 | G36: BIYEM ASSI LYCEE | H36: 42461
... A51: AS201647 | B51: YOUMBI EMMANUEL | C51: PROFESSEUR DES UNIVERSITES | E51: 677547311 | G51: MENDONG (GUINNESS) | H51: 42675
A52: AS201648 | B52: ASELBY | C52: ASSOCIATION DES ELITES BANGOU DE YAOUNDE

Sheet MODEPAID
A1: BANQUE
A2: ESPECES
A3: ECHEC

Sheet TONTJANV
A1: ASSOCIATION | B1: ASELBY
A2: ANNEE | B2: 2016/2017
A3: TONTINE | B3: 60000
C4: 42750
A5: MATRICULE | B5: NOM ET PRENOM | C5: MONTANT TONTINE | D5: PENALITE | E5: MODE VERSEMENT | F5: PRÊT | G5: INTERET PRÊT | H5: REMBOURSEMENT | I5: STATUT PRÊT | J5: INTERET ACHAT | K5: DATE ACHAT | L5: AVALISTE
A6: AS201602 | B6: BOUTCHOUANG WILLIAM | C6: 60000 | D6: =IF(E6="ESPECES",0,0) -> 0 | E6: ESPECES | H6: =F6+G6 -> 0
A7: AS201603 | B7: CHINGUE FABRICE | C7: 60000 | D7: =IF(E7="ESPECES",0,0) -> 0 | E7: ESPECES | H7: =F7+G7 -> 0
A8: AS201603 | B8: CHINGUE FABRICE | C8: 60000 | D8: =IF(E8="ESPECES",0,0) -> 0 | E8: ESPECES | H8: =F8+G8 -> 0
A9: AS201604 | B9: DJOMO JEAN PAUL | C9: 60000 | D9: =IF(E9="ESPECES",0,0) -> 0 | E9: BANQUE | H9: =F9+G9 -> 0
A10: AS201604 | B10: DJOMO JEAN PAUL | C10: 60000 | D10: =IF(E10="ESPECES",0,0) -> 0 | E10: BANQUE | H10: =F10+G10 -> 0
A11: AS201604 | B11: DJOMO JEAN PAUL | C11: 60000 | D11: =IF(E11="ESPECES",0,0) -> 0 | E11: BANQUE | H11: =F11+G11 -> 0
A12: AS201610 | B12: FOTSO THOMAS | C12: 60000 | D12: =IF(E12="ESPECES",0,0) -> 0 | E12: ESPECES | F12: 41000 | G12: 1000 | H12: 0
A13: AS201611 | B13: HENGUE PAUL OMER | C13: 60000 | D13: =IF(E13="ESPECES",0,0) -> 0 | E13: ESPECES | H13: =F13+G13 -> 0
A14: AS201615 | B14: KEPSEU FRANCIS | C14: 60000 | D14: =IF(E14="ESPECES",0,0) -> 0 | E14: ESPECES | H14: =F14+G14 -> 0
A15: AS201618 | B15: KOUAMOU VICTOR PEGUY | C15: 60000 | D15: =IF(E15="ESPECES",0,0) -> 0 | E15: ESPECES | H15: =F15+G15 -> 0
A16: AS201619 | B16: KOUATCHO MESSACK | C16: 60000 | D16: =IF(E16="ESPECES",0,0) -> 0 | E16: ESPECES | H16: =F16+G16 -> 0 | J16: 270000 | K16: 42750
A17: AS201624 | B17: NGONDIEP CLAUDE | C17: 60000 | D17: =IF(E17="ESPECES",0,0) -> 0 | E17: BANQUE | H17: =F17+G17 -> 0
A18: AS201627 | B18: NJEPDJIO MBOUKAM DELUXE | C18: 60000 | D18: =IF(E18="ESPECES",0,0) -> 0 | E18: ESPECES | H18: =F18+G18 -> 0
A19: AS201628 | B19: NKAMGANG JUSTIN DEJOLIE | C19: 60000 | D19: =IF(E19="ESPECES",0,0) -> 0 | E19: ESPECES | H19: =F19+G19 -> 0
A20: AS201633 | B20: PATEGO NJOSSU GUSTAVE | C20: 60000 | D20: =IF(E20="ESPECES",0,0) -> 0 | E20: BANQUE | H20: =F20+G20 -> 0
A21: AS201634 | B21: SEUNOU RICHELOT | C21: 60000 | D21: =IF(E21="ESPECES",0,0) -> 0 | E21: ESPECES | H21: =F21+G21 -> 0
A22: AS201634 | B22: SEUNOU RICHELOT | C22: 60000 | D22: =IF(E22="ESPECES",0,0) -> 0 | E22: ESPECES | H22: =F22+G22 -> 0
A23: AS201635 | B23: SIME ABEL | C23: 60000 | D23: =IF(E23="ESPECES",0,0) -> 0 | E23: ESPECES | H23: =F23+G23 -> 0
A24: AS201638 | B24: SIME PIERRE | C24: 60000 | D24: =IF(E24="ESPECES",0,0) -> 0 | E24: BANQUE | H24: =F24+G24 -> 0
A25: AS201642 | B25: TCHOUANTE FRANCOIS | C25: 60000 | D25: =IF(E25="ESPECES",0,0) -> 0 | E25: ESPECES | H25: =F25+G25 -> 0 | J25: 271000 | K25: 42750
A26: AS201644 | B26: TIEYAM ERNEST | C26: 60000 | D26: =IF(E26="ESPECES",0,0) -> 0 | E26: ESPECES | H26: =F26+G26 -> 0
A27: AS201644 | B27: TIEYAM ERNEST | C27: 60000 | D27: =IF(E27="ESPECES",0,0) -> 0 | E27: ESPECES | H27: =F27+G27 -> 0
A28: AS201646 | B28: YEPMOU JEAN JACQUES | C28: 60000 | D28: =IF(E28="ESPECES",0,0) -> 0 | E28: ESPECES | H28: =F28+G28 -> 0
A29: AS201647 | B29: YOUMBI EMMANUEL | C29: 60000 | D29: =IF(E29="ESPECES",0,0) -> 0 | E29: BANQUE | H29: =F29+G29 -> 0
A30: AS201647 | B30: YOUMBI EMMANUEL | C30: 60000 | D30: =IF(E30="ESPECES",0,0) -> 0 | E30: BANQUE
A32: TOTAL | C32: =SUM(C6:C31) -> 1500000 | D32: =SUM(D6:D31) -> 0 | F32: =SUM(F6:F31) -> 41000 | G32: =SUM(G6:G31) -> 1000 | H32: =SUM(H6:H31) -> 0 | I32: =SUM(I6:I31) -> 0 | J32: =SUM(J6:J31) -> 541000

Sheet TONTFEV
A1: ASSOCIATION | B1: ASELBY
A2: ANNEE | B2: 2016/2017
A3: TONTINE | B3: 60000
C4: 42785
A5: MATRICULE | B5: NOM ET PRENOM | C5: MONTANT TONTINE | D5: PENALITE | E5: MODE VERSEMENT | F5: PRÊT | G5: INTERET PRÊT | H5: REMBOURSEMENT | I5: STATUT PRÊT | J5: INTERET ACHAT | K5: DATE ACHAT | L5: AVALISTE
A6: AS201602 | B6: BOUTCHOUANG WILLIAM | C6: 60000 | D6: =IF(E6="ESPECES",1000,0) -> 0 | E6: BANQUE | H6: =TONTJANV!H6 -> 0
A7: AS201603 | B7: CHINGUE FABRICE | C7: 60000 | D7: =IF(E7="ESPECES",1000,0) -> 0 | E7: BANQUE | F7: 23000 | G7: 3500 | H7: 26500 | J7: 260000 | K7: 42785
A8: AS201603 | B8: CHINGUE FABRICE | C8: 60000 | D8: =IF(E8="ESPECES",1000,0) -> 0 | E8: BANQUE | H8: =TONTJANV!H8 -> 0
A9: AS201604 | B9: DJOMO JEAN PAUL | C9: 60000 | D9: =IF(E9="ESPECES",1000,0) -> 0 | E9: BANQUE | H9: =TONTJANV!H9 -> 0
A10: AS201604 | B10: DJOMO JEAN PAUL | C10: 60000 | D10: =IF(E10="ESPECES",1000,0) -> 0 | E10: BANQUE | H10: =TONTJANV!H10 -> 0
A11: AS201604 | B11: DJOMO JEAN PAUL | C11: 60000 | D11: =IF(E11="ESPECES",1000,0) -> 0 | E11: BANQUE | H11: =TONTJANV!H11 -> 0
A12: AS201610 | B12: FOTSO THOMAS | C12: 60000 | D12: =IF(E12="ESPECES",1000,0) -> 0 | E12: BANQUE | H12: =TONTJANV!H12 -> 0 | J12: 271000 | K12: 42785
A13: AS201611 | B13: HENGUE PAUL OMER | C13: 60000 | D13: =IF(E13="ESPECES",1000,0) -> 0 | E13: BANQUE | H13: =TONTJANV!H13 -> 0
A14: AS201615 | B14: KEPSEU FRANCIS | C14: 60000 | D14: =IF(E14="ESPECES",1000,0) -> 0 | E14: BANQUE | H14: =TONTJANV!H14 -> 0
A15: AS201618 | B15: KOUAMOU VICTOR PEGUY | C15: 60000 | D15: =IF(E15="ESPECES",1000,0) -> 0 | E15: BANQUE | H15: =TONTJANV!H15 -> 0
A16: AS201619 | B16: KOUATCHO MESSACK | C16: 60000 | D16: =IF(E16="ESPECES",1000,0) -> 0 | E16: BANQUE | H16: =TONTJANV!H16 -> 0 | J16: 270000 | K16: 42750
A17: AS201624 | B17: NGONDIEP CLAUDE | C17: 60000 | D17: =IF(E17="ESPECES",1000,0) -> 0 | E17: BANQUE | H17: =TONTJANV!H17 -> 0
A18: AS201627 | B18: NJEPDJIO MBOUKAM DELUXE | C18: 60000 | D18: =IF(E18="ESPECES",1000,0) -> 0 | E18: BANQUE | H18: =TONTJANV!H18 -> 0
A19: AS201628 | B19: NKAMGANG JUSTIN DEJOLIE | C19: 60000 | D19: =IF(E19="ESPECES",1000,0) -> 0 | E19: BANQUE | H19: =TONTJANV!H19 -> 0
A20: AS201633 | B20: PATEGO NJOSSU GUSTAVE | C20: 60000 | D20: =IF(E20="ESPECES",1000,0) -> 0 | E20: BANQUE | H20: =TONTJANV!H20 -> 0
A21: AS201634 | B21: SEUNOU RICHELOT | C21: 60000 | D21: =IF(E21="ESPECES",1000,0) -> 0 | E21: BANQUE | H21: =TONTJANV!H21 -> 0
A22: AS201634 | B22: SEUNOU RICHELOT | C22: 60000 | E22: BANQUE | H22: =TONTJANV!H22 -> 0
A23: AS201635 | B23: SIME ABEL | C23: 60000 | D23: =IF(E23="ESPECES",1000,0) -> 0 | E23: BANQUE | H23: =TONTJANV!H23 -> 0
A24: AS201638 | B24: SIME PIERRE | C24: 60000 | D24: =IF(E24="ESPECES",1000,0) -> 0 | E24: BANQUE | H24: =TONTJANV!H24 -> 0
A25: AS201642 | B25: TCHOUANTE FRANCOIS | C25: 60000 | D25: =IF(E25="ESPECES",1000,0) -> 0 | E25: BANQUE | H25: =TONTJANV!H25 -> 0 | J25: 271000 | K25: 42750
A26: AS201644 | B26: TIEYAM ERNEST | C26: 60000 | D26: =IF(E26="ESPECES",1000,0) -> 0 | E26: BANQUE | F26: =25000+25000 -> 50000 | G26: =3500+4500 -> 8000 | H26: 58000
A27: AS201644 | B27: TIEYAM ERNEST | C27: 60000 | E27: BANQUE | H27: =TONTJANV!H27 -> 0
A28: AS201646 | B28: YEPMOU JEAN JACQUES | C28: 60000 | D28: =IF(E28="ESPECES",1000,0) -> 0 | E28: BANQUE | H28: =TONTJANV!H28 -> 0
A29: AS201647 | B29: YOUMBI EMMANUEL | C29: 60000 | D29: =IF(E29="ESPECES",1000,0) -> 0 | E29: BANQUE | H29: =TONTJANV!H29 -> 0
A30: AS201647 | B30: YOUMBI EMMANUEL | C30: 60000 | D30: =IF(E30="ESPECES",1000,0) -> 0 | E30: BANQUE | H30: =TONTJANV!H30 -> 0
A32: TOTAL | C32: =SUM(C6:C31) -> 1500000 | D32: =SUM(D6:D31) -> 0 | F32: =SUM(F6:F31) -> 73000 | G32: =SUM(G6:G31) -> 11500 | H32: =SUM(H6:H31) -> 84500 | I32: =SUM(I6:I31) -> 0 | J32: =SUM(J6:J31) -> 1072000
B36: ESPECES
B37: BANQUE | C37: =C32-C36 -> 1500000
B38: REMBOURSEMENT | C38: =H32 -> 84500

Sheet TONTMARS
A1: ASSOCIATION | B1: ASELBY
A2: ANNEE | B2: 2016/2017
A3: TONTINE | B3: 60000
C4: 42813
A5: MATRICULE | B5: NOM ET PRENOM | C5: MONTANT TONTINE | D5: PENALITE | E5: MODE VERSEMENT | F5: PRÊT | G5: INTERET PRÊT | H5: REMBOURSEMENT | I5: STATUT PRÊT | J5: INTERET ACHAT | K5: DATE ACHAT | L5: AVALISTE
A6: AS201602 | B6: BOUTCHOUANG WILLIAM | C6: 60000 | D6: =IF(E6="ESPECES",0,0) -> 0 | E6: ESPECES | H6: =TONTJANV!H6 -> 0
A7: AS201603 | B7: CHINGUE FABRICE | C7: 60000 | D7: =IF(E7="ESPECES",0,0) -> 0 | E7: ESPECES | F7: 100000 | G7: 2000 | H7: =TONTJANV!H7 -> 0 | J7: 260000 | K7: 42785
A8: AS201603 | B8: CHINGUE FABRICE | C8: 60000 | D8: =IF(E8="ESPECES",0,0) -> 0 | E8: ESPECES | H8: =TONTJANV!H8 -> 0
A9: AS201604 | B9: DJOMO JEAN PAUL | C9: 60000 | D9: =IF(E9="ESPECES",0,0) -> 0 | E9: BANQUE | H9: =TONTJANV!H9 -> 0 | J9: 110000 | K9: 42813
A10: AS201604 | B10: DJOMO JEAN PAUL | C10: 60000 | D10: =IF(E10="ESPECES",0,0) -> 0 | E10: BANQUE | H10: =TONTJANV!H10 -> 0
A11: AS201604 | B11: DJOMO JEAN PAUL | C11: 60000 | D11: =IF(E11="ESPECES",0,0) -> 0 | E11: BANQUE | H11: =TONTJANV!H11 -> 0
A12: AS201610 | B12: FOTSO THOMAS | C12: 60000 | D12: =IF(E12="ESPECES",0,0) -> 0 | E12: ESPECES | F12: =50000+50000 -> 100000 | G12: 2000 | H12: =TONTJANV!H12 -> 0 | J12: 271000 | K12: 42785
A13: AS201611 | B13: HENGUE PAUL OMER | C13: 60000 | D13: =IF(E13="ESPECES",0,0) -> 0 | E13: BANQUE | H13: =TONTJANV!H13 -> 0
A14: AS201615 | B14: KEPSEU FRANCIS | C14: 60000 | D14: =IF(E14="ESPECES",0,0) -> 0 | E14: BANQUE | H14: =TONTJANV!H14 -> 0
A15: AS201618 | B15: KOUAMOU VICTOR PEGUY | C15: 60000 | D15: =IF(E15="ESPECES",0,0) -> 0 | E15: ESPECES | H15: =TONTJANV!H15 -> 0
A16: AS201619 | B16: KOUATCHO MESSACK | C16: 60000 | D16: =IF(E16="ESPECES",0,0) -> 0 | E16: BANQUE | F16: 100000 | G16: 2000 | H16: =TONTJANV!H16 -> 0 | J16: 270000 | K16: 42750
A17: AS201624 | B17: NGONDIEP CLAUDE | C17: 60000 | D17: =IF(E17="ESPECES",0,0) -> 0 | E17: ESPECES | H17: =TONTJANV!H17 -> 0
A18: AS201627 | B18: NJEPDJIO MBOUKAM DELUXE | C18: 60000 | D18: =IF(E18="ESPECES",0,0) -> 0 | E18: ESPECES | H18: =TONTJANV!H18 -> 0
A19: AS201628 | B19: NKAMGANG JUSTIN DEJOLIE | C19: 60000 | D19: =IF(E19="ESPECES",0,0) -> 0 | E19: ESPECES | F19: 100000 | G19: 2000 | H19: =TONTJANV!H19 -> 0
A20: AS201633 | B20: PATEGO NJOSSU GUSTAVE | C20: 60000 | D20: =IF(E20="ESPECES",0,0) -> 0 | E20: BANQUE | H20: =TONTJANV!H20 -> 0
A21: AS201634 | B21: SEUNOU RICHELOT | C21: 60000 | D21: =IF(E21="ESPECES",0,0) -> 0 | E21: ESPECES | F21: 100000 | G21: 2000 | H21: =TONTJANV!H21 -> 0
A22: AS201634 | B22: SEUNOU RICHELOT | C22: 60000 | D22: =IF(E22="ESPECES",0,0) -> 0 | E22: ESPECES | H22: =TONTJANV!H22 -> 0
A23: AS201635 | B23: SIME ABEL | C23: 60000 | D23: =IF(E23="ESPECES",0,0) -> 0 | E23: ESPECES | H23: =TONTJANV!H23 -> 0
A24: AS201638 | B24: SIME PIERRE | C24: 60000 | D24: =IF(E24="ESPECES",0,0) -> 0 | E24: BANQUE | H24: =TONTJANV!H24 -> 0
A25: AS201642 | B25: TCHOUANTE FRANCOIS | C25: 60000 | D25: =IF(E25="ESPECES",0,0) -> 0 | E25: ESPECES | F25: 100000 | G25: 2000 | H25: =TONTJANV!H25 -> 0 | J25: 271000 | K25: 42750
A26: AS201644 | B26: TIEYAM ERNEST | C26: 60000 | D26: =IF(E26="ESPECES",0,0) -> 0 | E26: BANQUE | H26: =TONTJANV!H26 -> 0
A27: AS201644 | B27: TIEYAM ERNEST | C27: 60000 | D27: =IF(E27="ESPECES",0,0) -> 0 | E27: BANQUE | H27: =TONTJANV!H27 -> 0
A28: AS201646 | B28: YEPMOU JEAN JACQUES | C28: 60000 | D28: =IF(E28="ESPECES",0,0) -> 0 | E28: ESPECES | H28: =TONTJANV!H28 -> 0
A29: AS201647 | B29: YOUMBI EMMANUEL | C29: 60000 | D29: =IF(E29="ESPECES",0,0) -> 0 | E29: BANQUE | H29: =TONTJANV!H29 -> 0
A30: AS201647 | B30: YOUMBI EMMANUEL | C30: 60000 | D30: =IF(E30="ESPECES",0,0) -> 0 | E30: BANQUE | H30: =TONTJANV!H30 -> 0
A32: TOTAL | C32: =SUM(C6:C31) -> 1500000 | D32: =SUM(D6:D31) -> 0 | F32: =SUM(F6:F31) -> 600000 | G32: =SUM(G6:G31) -> 12000 | H32: =SUM(H6:H31) -> 0 | I32: =SUM(I6:I31) -> 0 | J32: =SUM(J6:J31) -> 1182000
B34: EN CAISSE | F34: 94500
B36: ESPECES | C36: =C32-C37 -> 780000
B37: BANQUE | C37: 720000
B38: REMBOURSEMENT | C38: =H32 -> 0

Sheet TONTAVRIL
A1: ASSOCIATION | B1: ASELBY
A2: ANNEE | B2: 2016/2017
A3: TONTINE | B3: 60000
C4: 42841
A5: MATRICULE | B5: NOM ET PRENOM | C5: MONTANT TONTINE | D5: PENALITE | E5: MODE VERSEMENT | F5: PRÊT | G5: INTERET PRÊT | H5: REMBOURSEMENT | I5: STATUT PRÊT | J5: INTERET ACHAT | K5: DATE ACHAT | L5: AVALISTE
A6: AS201602 | B6: BOUTCHOUANG WILLIAM | C6: =IF(E6="ECHEC",0,60000) -> 60000 | D6: =IF(E6="ESPECES",0,0) -> 0 | E6: ESPECES | H6: =TONTMARS!F6+TONTMARS!G6 -> 0
A7: AS201603 | B7: CHINGUE FABRICE | C7: =IF(E7="ECHEC",0,60000) -> 60000 | D7: =IF(E7="ESPECES",0,0) -> 0 | E7: ESPECES | F7: =60000+60000 -> 120000 | G7: =5500+6000 -> 11500 | H7: =TONTMARS!F7+TONTMARS!G7 -> 102000 | I7: OK | J7: 260000 | K7: 42785
A8: AS201603 | B8: CHINGUE FABRICE | C8: =IF(E8="ECHEC",0,60000) -> 60000 | D8: =IF(E8="ESPECES",0,0) -> 0 | E8: ESPECES | H8: =TONTMARS!F8+TONTMARS!G8 -> 0
A9: AS201604 | B9: DJOMO JEAN PAUL | C9: =IF(E9="ECHEC",0,60000) -> 60000 | D9: =IF(E9="ESPECES",0,0) -> 0 | E9: BANQUE | H9: =TONTMARS!F9+TONTMARS!G9 -> 0 | J9: 110000 | K9: 42813
A10: AS201604 | B10: DJOMO JEAN PAUL | C10: =IF(E10="ECHEC",0,60000) -> 60000 | D10: =IF(E10="ESPECES",0,0) -> 0 | E10: BANQUE | H10: =TONTMARS!F10+TONTMARS!G10 -> 0
A11: AS201604 | B11: DJOMO JEAN PAUL | C11: =IF(E11="ECHEC",0,60000) -> 60000 | D11: =IF(E11="ESPECES",0,0) -> 0 | E11: ESPECES | H11: =TONTMARS!F11+TONTMARS!G11 -> 0
A12: AS201610 | B12: FOTSO THOMAS | C12: =IF(E12="ECHEC",0,60000) -> 60000 | D12: =IF(E12="ESPECES",0,0) -> 0 | E12: ESPECES | F12: =60000+60000 -> 120000 | G12: =6000+6500 -> 12500 | H12: =TONTMARS!F12+TONTMARS!G12 -> 102000 | I12: OK | J12: 271000 | K12: 42785
A13: AS201611 | B13: HENGUE PAUL OMER | C13: =IF(E13="ECHEC",0,60000) -> 60000 | D13: =IF(E13="ESPECES",0,0) -> 0 | E13: BANQUE | H13: =TONTMARS!F13+TONTMARS!G13 -> 0
A14: AS201615 | B14: KEPSEU FRANCIS | C14: =IF(E14="ECHEC",0,60000) -> 60000 | D14: =IF(E14="ESPECES",0,0) -> 0 | E14: BANQUE | H14: =TONTMARS!F14+TONTMARS!G14 -> 0
A15: AS201618 | B15: KOUAMOU VICTOR PEGUY | C15: =IF(E15="ECHEC",0,60000) -> 60000 | D15: =IF(E15="ESPECES",0,0) -> 0 | E15: ESPECES | H15: =TONTMARS!F15+TONTMARS!G15 -> 0 | J15: 107000 | K15: 42841
A16: AS201619 | B16: KOUATCHO MESSACK | C16: =IF(E16="ECHEC",0,60000) -> 60000 | D16: =IF(E16="ESPECES",0,0) -> 0 | E16: ESPECES | H16: =TONTMARS!F16+TONTMARS!G16 -> 102000 | I16: OK | J16: 270000 | K16: 42750
A17: AS201624 | B17: NGONDIEP CLAUDE | C17: =IF(E17="ECHEC",0,60000) -> 60000 | D17: =IF(E17="ESPECES",0,0) -> 0 | E17: BANQUE | H17: =TONTMARS!F17+TONTMARS!G17 -> 0
A18: AS201627 | B18: NJEPDJIO MBOUKAM DELUXE | C18: =IF(E18="ECHEC",0,60000) -> 60000 | D18: =IF(E18="ESPECES",0,0) -> 0 | E18: ESPECES | H18: =TONTMARS!F18+TONTMARS!G18 -> 0
A19: AS201628 | B19: NKAMGANG JUSTIN DEJOLIE | C19: =IF(E19="ECHEC",0,60000) -> 60000 | D19: =IF(E19="ESPECES",0,0) -> 0 | E19: ESPECES | H19: =TONTMARS!F19+TONTMARS!G19 -> 102000 | I19: OK | J19: 108000 | K19: 42476
A20: AS201633 | B20: PATEGO NJOSSU GUSTAVE | C20: =IF(E20="ECHEC",0,60000) -> 60000 | D20: =IF(E20="ESPECES",0,0) -> 0 | E20: BANQUE | H20: =TONTMARS!F20+TONTMARS!G20 -> 0
A21: AS201634 | B21: SEUNOU RICHELOT | C21: =IF(E21="ECHEC",0,60000) -> 60000 | D21: =IF(E21="ESPECES",0,0) -> 0 | E21: ESPECES | H21: =TONTMARS!F21+TONTMARS!G21 -> 102000 | I21: OK
A22: AS201634 | B22: SEUNOU RICHELOT | C22: =IF(E22="ECHEC",0,60000) -> 60000 | D22: =IF(E22="ESPECES",0,0) -> 0 | E22: ESPECES | H22: =TONTMARS!F22+TONTMARS!G22 -> 0
A23: AS201635 | B23: SIME ABEL | C23: =IF(E23="ECHEC",0,60000) -> 60000 | D23: =IF(E23="ESPECES",0,0) -> 0 | E23: ESPECES | H23: =TONTMARS!F23+TONTMARS!G23 -> 0
A24: AS201638 | B24: SIME PIERRE | C24: =IF(E24="ECHEC",0,60000) -> 60000 | D24: =IF(E24="ESPECES",0,0) -> 0 | E24: BANQUE | H24: =TONTMARS!F24+TONTMARS!G24 -> 0
A25: AS201642 | B25: TCHOUANTE FRANCOIS | C25: =IF(E25="ECHEC",0,60000) -> 60000 | D25: =IF(E25="ESPECES",0,0) -> 0 | E25: ESPECES | F25: 61500 | G25: 6000 | H25: =TONTMARS!F25+TONTMARS!G25 -> 102000 | I25: OK | J25: 271000 | K25: 42750
A26: AS201644 | B26: TIEYAM ERNEST | C26: =IF(E26="ECHEC",0,60000) -> 60000 | D26: =IF(E26="ESPECES",0,0) -> 0 | E26: ESPECES | F26: =60000+60000 -> 120000 | G26: =6000+6500 -> 12500 | H26: =TONTMARS!F26+TONTMARS!G26 -> 0
A27: AS201644 | B27: TIEYAM ERNEST | C27: =IF(E27="ECHEC",0,60000) -> 60000 | D27: =IF(E27="ESPECES",0,0) -> 0 | E27: ESPECES | H27: =TONTMARS!F27+TONTMARS!G27 -> 0
A28: AS201646 | B28: YEPMOU JEAN JACQUES | C28: =IF(E28="ECHEC",0,60000) -> 60000 | D28: =IF(E28="ESPECES",0,0) -> 0 | E28: ESPECES | H28: =TONTMARS!F28+TONTMARS!G28 -> 0
A29: AS201647 | B29: YOUMBI EMMANUEL | C29: =IF(E29="ECHEC",0,60000) -> 60000 | D29: =IF(E29="ESPECES",0,0) -> 0 | E29: BANQUE | H29: =TONTMARS!F29+TONTMARS!G29 -> 0
A30: AS201647 | B30: YOUMBI EMMANUEL | C30: =IF(E30="ECHEC",0,60000) -> 60000 | D30: =IF(E30="ESPECES",0,0) -> 0 | E30: BANQUE | H30: =TONTMARS!F30+TONTMARS!G30 -> 0
A32: TOTAL | C32: =SUM(C6:C31) -> 1500000 | D32: =SUM(D6:D31) -> 0 | F32: =SUM(F6:F31) -> 421500 | G32: =SUM(G6:G31) -> 42500 | H32: =SUM(H6:H31) -> 612000 | I32: =SUM(I6:I31) -> 0 | J32: =SUM(J6:J31) -> 1397000
B34: EN CAISSE
B36: ESPECES | C36: =SUMIFS(C6:C31,E6:E31,"ESPECES") -> 960000
B37: BANQUE | C37: =SUMIFS(C6:C31,E6:E31,"BANQUE") -> 540000
B38: REMBOURSEMENT | C38: =H32 -> 612000

Sheet TONTMAI
A1: ASSOCIATION | B1: ASELBY
A2: ANNEE | B2: 2016/2017
A3: TONTINE | B3: 60000
C4: 42876
A5: MATRICULE | B5: NOM ET PRENOM | C5: MONTANT TONTINE | D5: PENALITE | E5: MODE VERSEMENT | F5: PRÊT | G5: INTERET PRÊT | H5: REMBOURSEMENT | I5: STATUT PRÊT | J5: INTERET ACHAT | K5: DATE ACHAT | L5: AVALISTE
A6: AS201602 | B6: BOUTCHOUANG WILLIAM | C6: =IF(E6="ECHEC",0,60000) -> 60000 | D6: =IF(E6="ESPECES",0,0) -> 0 | E6: ESPECES | H6: =TONTAVRIL!F6+TONTAVRIL!G6 -> 0
A7: AS201603 | B7: CHINGUE FABRICE | C7: =IF(E7="ECHEC",0,60000) -> 60000 | D7: =IF(E7="ESPECES",0,0) -> 0 | E7: BANQUE | F7: 132500 | G7: 25000 | H7: =TONTAVRIL!F7+TONTAVRIL!G7+26000 -> 157500 | I7: NOK | J7: 260000 | K7: 42785
A8: AS201603 | B8: CHINGUE FABRICE | C8: =IF(E8="ECHEC",0,60000) -> 60000 | D8: =IF(E8="ESPECES",0,0) -> 0 | E8: BANQUE | H8: =TONTAVRIL!F8+TONTAVRIL!G8 -> 0
A9: AS201604 | B9: DJOMO JEAN PAUL | C9: =IF(E9="ECHEC",0,60000) -> 60000 | D9: =IF(E9="ESPECES",0,0) -> 0 | E9: BANQUE | F9: 35500 | G9: 4000 | H9: =TONTAVRIL!F9+TONTAVRIL!G9 -> 0 | J9: 110000 | K9: 42813
A10: AS201604 | B10: DJOMO JEAN PAUL | C10: =IF(E10="ECHEC",0,60000) -> 60000 | D10: =IF(E10="ESPECES",0,0) -> 0 | E10: BANQUE | H10: =TONTAVRIL!F10+TONTAVRIL!G10 -> 0
A11: AS201604 | B11: DJOMO JEAN PAUL | C11: =IF(E11="ECHEC",0,60000) -> 60000 | D11: =IF(E11="ESPECES",0,0) -> 0 | E11: ESPECES | H11: =TONTAVRIL!F11+TONTAVRIL!G11 -> 0
A12: AS201610 | B12: FOTSO THOMAS | C12: =IF(E12="ECHEC",0,60000) -> 60000 | D12: =IF(E12="ESPECES",0,0) -> 0 | E12: ESPECES | H12: =TONTAVRIL!F12+TONTAVRIL!G12 -> 132500 | I12: OK | J12: 271000 | K12: 42785
A13: AS201611 | B13: HENGUE PAUL OMER | C13: =IF(E13="ECHEC",0,60000) -> 60000 | D13: =IF(E13="ESPECES",0,0) -> 0 | E13: BANQUE | H13: =TONTAVRIL!F13+TONTAVRIL!G13 -> 0
A14: AS201615 | B14: KEPSEU FRANCIS | C14: =IF(E14="ECHEC",0,60000) -> 60000 | D14: =IF(E14="ESPECES",0,0) -> 0 | E14: BANQUE | H14: =TONTAVRIL!F14+TONTAVRIL!G14 -> 0
A15: AS201618 | B15: KOUAMO VICTOR PEGUY | C15: =IF(E15="ECHEC",0,60000) -> 60000 | D15: =IF(E15="ESPECES",0,0) -> 0 | E15: ESPECES | H15: =TONTAVRIL!F15+TONTAVRIL!G15 -> 0 | J15: 107000 | K15: 42841
A16: AS201619 | B16: KOUATCHO MESSACK | C16: =IF(E16="ECHEC",0,60000) -> 60000 | D16: =IF(E16="ESPECES",0,0) -> 0 | E16: BANQUE | H16: =TONTAVRIL!F16+TONTAVRIL!G16 -> 0 | J16: 270000 | K16: 42750
A17: AS201624 | B17: NGONDIEP CLAUDE | C17: =IF(E17="ECHEC",0,60000) -> 60000 | D17: =IF(E17="ESPECES",0,0) -> 0 | E17: BANQUE | H17: =TONTAVRIL!F17+TONTAVRIL!G17 -> 0
A18: AS201627 | B18: NJEPDJIO MBOUKAM DELUXE | C18: =IF(E18="ECHEC",0,60000) -> 60000 | D18: =IF(E18="ESPECES",0,0) -> 0 | E18: ESPECES | H18: =TONTAVRIL!F18+TONTAVRIL!G18 -> 0 | J18: 152000 | K18: 42876 | L18: TCHOUANTE FRANCOIS
A19: AS201628 | B19: NKAMGANG JUSTIN DEJOLIE | C19: =IF(E19="ECHEC",0,60000) -> 60000 | D19: =IF(E19="ESPECES",0,0) -> 0 | E19: ESPECES | H19: =TONTAVRIL!F19+TONTAVRIL!G19 -> 0 | J19: 108000 | K19: 42476
A20: AS201633 | B20: PATEGO NJOSSU GUSTAVE | C20: =IF(E20="ECHEC",0,60000) -> 60000 | D20: =IF(E20="ESPECES",0,0) -> 0 | E20: BANQUE | H20: =TONTAVRIL!F20+TONTAVRIL!G20 -> 0
A21: AS201634 | B21: SEUNOU RICHELOT | C21: =IF(E21="ECHEC",0,60000) -> 60000 | D21: =IF(E21="ESPECES",0,0) -> 0 | E21: ESPECES | H21: =TONTAVRIL!F21+TONTAVRIL!G21 -> 0
A22: AS201634 | B22: SEUNOU RICHELOT | C22: =IF(E22="ECHEC",0,60000) -> 60000 | D22: =IF(E22="ESPECES",0,0) -> 0 | E22: ESPECES | H22: =TONTAVRIL!F22+TONTAVRIL!G22 -> 0
A23: AS201635 | B23: SIME ABEL | C23: =IF(E23="ECHEC",0,60000) -> 60000 | D23: =IF(E23="ESPECES",0,0) -> 0 | E23: ESPECES | H23: =TONTAVRIL!F23+TONTAVRIL!G23 -> 0 | J23: 151000 | K23: 42876
A24: AS201638 | B24: SIME PIERRE | C24: =IF(E24="ECHEC",0,60000) -> 60000 | D24: =IF(E24="ESPECES",0,0) -> 0 | E24: BANQUE | H24: =TONTAVRIL!F24+TONTAVRIL!G24 -> 0
A25: AS201642 | B25: TCHOUANTE FRANCOIS | C25: =IF(E25="ECHEC",0,60000) -> 60000 | D25: =IF(E25="ESPECES",0,0) -> 0 | E25: ESPECES | H25: =TONTAVRIL!F25+TONTAVRIL!G25 -> 67500 | I25: OK | J25: 271000 | K25: 42750
A26: AS201644 | B26: TIEYAM ERNEST | C26: =IF(E26="ECHEC",0,60000) -> 60000 | D26: =IF(E26="ESPECES",0,0) -> 0 | E26: BANQUE | F26: =50000+50000 -> 100000 | G26: =5500+7000 -> 12500 | H26: =TONTAVRIL!F26+TONTAVRIL!G26 -> 132500 | I26: OK
A27: AS201644 | B27: TIEYAM ERNEST | C27: =IF(E27="ECHEC",0,60000) -> 60000 | D27: =IF(E27="ESPECES",0,0) -> 0 | E27: BANQUE | H27: =TONTAVRIL!F27+TONTAVRIL!G27 -> 0
A28: AS201646 | B28: YEPMOU JEAN JACQUES | C28: =IF(E28="ECHEC",0,60000) -> 60000 | D28: =IF(E28="ESPECES",0,0) -> 0 | E28: BANQUE | H28: =TONTAVRIL!F28+TONTAVRIL!G28 -> 0
A29: AS201647 | B29: YOUMBI EMMANUEL | C29: =IF(E29="ECHEC",0,60000) -> 60000 | D29: =IF(E29="ESPECES",0,0) -> 0 | E29: BANQUE | H29: =TONTAVRIL!F29+TONTAVRIL!G29 -> 0
A30: AS201647 | B30: YOUMBI EMMANUEL | C30: =IF(E30="ECHEC",0,60000) -> 60000 | D30: =IF(E30="ESPECES",0,0) -> 0 | E30: BANQUE | H30: =TONTAVRIL!F30+TONTAVRIL!G30 -> 0
A32: TOTAL | C32: =SUM(C6:C31) -> 1500000 | D32: =SUM(D6:D31) -> 0 | F32: =SUM(F6:F31) -> 268000 | G32: =SUM(G6:G31) -> 41500 | H32: =SUM(H6:H31) -> 490000 | I32: =SUM(I6:I31) -> 0 | J32: =SUM(J6:J31) -> 1700000
B34: EN CAISSE
B36: ESPECES | C36: =SUMIFS(C6:C31,E6:E31,"ESPECES") -> 600000
B37: BANQUE | C37: =SUMIFS(C6:C31,E6:E31,"BANQUE") -> 900000
B38: REMBOURSEMENT | C38: =H32 -> 490000

Sheet TONTJUIN
A1: ASSOCIATION | B1: ASELBY
A2: ANNEE | B2: 2016/2017
A3: TONTINE | B3: 60000
C4: 42904
A5: MATRICULE | B5: NOM ET PRENOM | C5: MONTANT TONTINE | D5: PENALITE | E5: MODE VERSEMENT | F5: PRÊT | G5: INTERET PRÊT | H5: REMBOURSEMENT | I5: STATUT PRÊT | J5: INTERET ACHAT | K5: DATE ACHAT | L5: AVALISTE
A6: AS201602 | B6: BOUTCHOUANG WILLIAM | C6: =IF(E6="ECHEC",0,60000) -> 60000 | D6: =IF(E6="ESPECES",0,0) -> 0 | E6: ESPECES | H6: =TONTMAI!F6+TONTMAI!G6 -> 0
A7: AS201603 | B7: CHINGUE FABRICE | C7: =IF(E7="ECHEC",0,60000) -> 60000 | D7: =IF(E7="ESPECES",0,0) -> 0 | E7: ESPECES | H7: =TONTMAI!F7+TONTMAI!G7 -> 157500 | I7: NOK | J7: 260000 | K7: 42785
A8: AS201603 | B8: CHINGUE FABRICE | C8: =IF(E8="ECHEC",0,60000) -> 60000 | D8: =IF(E8="ESPECES",0,0) -> 0 | E8: ESPECES | H8: =TONTAVRIL!F8+TONTMAI!G8 -> 0
A9: AS201604 | B9: DJOMO JEAN PAUL | C9: =IF(E9="ECHEC",0,60000) -> 60000 | D9: =IF(E9="ESPECES",0,0) -> 0 | E9: BANQUE | F9: =60000+60000 -> 120000 | G9: =1500+1500 -> 3000 | H9: =TONTMAI!F9+TONTMAI!G9 -> 39500 | I9: OK | J9: 110000 | K9: 42813
A10: AS201604 | B10: DJOMO JEAN PAUL | C10: =IF(E10="ECHEC",0,60000) -> 60000 | D10: =IF(E10="ESPECES",0,0) -> 0 | E10: BANQUE | H10: =TONTMAI!F10+TONTMAI!G10 -> 0
A11: AS201604 | B11: DJOMO JEAN PAUL | C11: =IF(E11="ECHEC",0,60000) -> 60000 | D11: =IF(E11="ESPECES",0,0) -> 0 | E11: BANQUE | H11: =TONTMAI!F11+TONTMAI!G11 -> 0
A12: AS201610 | B12: FOTSO THOMAS | C12: =IF(E12="ECHEC",0,60000) -> 60000 | D12: =IF(E12="ESPECES",0,0) -> 0 | E12: ESPECES | H12: =TONTMAI!F12+TONTMAI!G12 -> 0 | J12: 271000 | K12: 42785
A13: AS201611 | B13: HENGUE PAUL OMER | C13: =IF(E13="ECHEC",0,60000) -> 60000 | D13: =IF(E13="ESPECES",0,0) -> 0 | E13: BANQUE | H13: =TONTMAI!F13+TONTMAI!G13 -> 0
A14: AS201615 | B14: KEPSEU FRANCIS | C14: =IF(E14="ECHEC",0,60000) -> 60000 | D14: =IF(E14="ESPECES",0,0) -> 0 | E14: BANQUE | H14: =TONTMAI!F14+TONTMAI!G14 -> 0
A15: AS201618 | B15: KOUAMO VICTOR PEGUY | C15: =IF(E15="ECHEC",0,60000) -> 60000 | D15: =IF(E15="ESPECES",0,0) -> 0 | E15: BANQUE | H15: =TONTMAI!F15+TONTMAI!G15 -> 0 | J15: 107000 | K15: 42841
A16: AS201619 | B16: KOUATCHO MESSACK | C16: =IF(E16="ECHEC",0,60000) -> 60000 | D16: =IF(E16="ESPECES",0,0) -> 0 | E16: BANQUE | F16: =60000+60000 -> 120000 | G16: =1000+1000 -> 2000 | H16: =TONTMAI!F16+TONTMAI!G16 -> 0 | J16: 270000 | K16: 42750
A17: AS201624 | B17: NGONDIEP CLAUDE | C17: =IF(E17="ECHEC",0,60000) -> 60000 | D17: =IF(E17="ESPECES",0,0) -> 0 | E17: BANQUE | H17: =TONTMAI!F17+TONTMAI!G17 -> 0
A18: AS201627 | B18: NJEPDJIO MBOUKAM DELUXE | C18: =IF(E18="ECHEC",0,60000) -> 60000 | D18: =IF(E18="ESPECES",0,0) -> 0 | E18: ESPECES | F18: =60000+60000 -> 120000 | G18: =1000+1000 -> 2000 | H18: =TONTMAI!F18+TONTMAI!G18 -> 0 | J18: 152000 | K18: 42876 | L18: TCHOUANTE FRANCOIS
A19: AS201628 | B19: NKAMGANG JUSTIN DEJOLIE | C19: =IF(E19="ECHEC",0,60000) -> 60000 | D19: =IF(E19="ESPECES",0,0) -> 0 | E19: BANQUE | F19: =60000+60000 -> 120000 | G19: =1000+1000 -> 2000 | H19: =TONTMAI!F19+TONTMAI!G19 -> 0 | J19: 108000 | K19: 42476
A20: AS201633 | B20: PATEGO NJOSSU GUSTAVE | C20: =IF(E20="ECHEC",0,60000) -> 60000 | D20: =IF(E20="ESPECES",0,0) -> 0 | E20: BANQUE | H20: =TONTMAI!F20+TONTMAI!G20 -> 0
A21: AS201634 | B21: SEUNOU RICHELOT | C21: =IF(E21="ECHEC",0,60000) -> 60000 | D21: =IF(E21="ESPECES",0,0) -> 0 | E21: ESPECES | F21: 32000 | G21: 500 | H21: =TONTMAI!F21+TONTMAI!G21 -> 0 | K21: 42904 | L21: NKAMGANG JUSTIN DEJOLIE
A22: AS201634 | B22: SEUNOU RICHELOT | C22: =IF(E22="ECHEC",0,60000) -> 60000 | D22: =IF(E22="ESPECES",0,0) -> 0 | E22: ESPECES | H22: =TONTMAI!F22+TONTMAI!G22 -> 0
A23: AS201635 | B23: SIME ABEL | C23: =IF(E23="ECHEC",0,60000) -> 60000 | D23: =IF(E23="ESPECES",0,0) -> 0 | E23: ESPECES | F23: =60000+60000 -> 120000 | G23: =1500+1000 -> 2500 | H23: =TONTMAI!F23+TONTMAI!G23 -> 0 | J23: 151000 | K23: 42876
A24: AS201638 | B24: SIME PIERRE | C24: =IF(E24="ECHEC",0,60000) -> 60000 | D24: =IF(E24="ESPECES",0,0) -> 0 | E24: BANQUE | H24: =TONTMAI!F24+TONTMAI!G24 -> 0
A25: AS201642 | B25: TCHOUANTE FRANCOIS | C25: =IF(E25="ECHEC",0,60000) -> 60000 | D25: =IF(E25="ESPECES",0,0) -> 0 | E25: BANQUE | H25: =TONTMAI!F25+TONTMAI!G25 -> 0 | J25: 271000 | K25: 42750
A26: AS201644 | B26: TIEYAM ERNEST | C26: =IF(E26="ECHEC",0,60000) -> 60000 | D26: =IF(E26="ESPECES",0,0) -> 0 | E26: BANQUE | F26: =60000+60000 -> 120000 | G26: =1000+1500 -> 2500 | H26: =TONTMAI!F26+TONTMAI!G26 -> 112500 | I26: OK
A27: AS201644 | B27: TIEYAM ERNEST | C27: =IF(E27="ECHEC",0,60000) -> 60000 | D27: =IF(E27="ESPECES",0,0) -> 0 | E27: BANQUE | H27: =TONTMAI!F27+TONTMAI!G27 -> 0
A28: AS201646 | B28: YEPMOU JEAN JACQUES | C28: =IF(E28="ECHEC",0,60000) -> 60000 | D28: =IF(E28="ESPECES",0,0) -> 0 | E28: ESPECES | H28: =TONTMAI!F28+TONTMAI!G28 -> 0
A29: AS201647 | B29: YOUMBI EMMANUEL | C29: =IF(E29="ECHEC",0,60000) -> 60000 | D29: =IF(E29="ESPECES",0,0) -> 0 | E29: BANQUE | H29: =TONTMAI!F29+TONTMAI!G29 -> 0
A30: AS201647 | B30: YOUMBI EMMANUEL | C30: =IF(E30="ECHEC",0,60000) -> 60000 | D30: =IF(E30="ESPECES",0,0) -> 0 | E30: BANQUE | H30: =TONTMAI!F30+TONTMAI!G30 -> 0
A32: TOTAL | C32: =SUM(C6:C31) -> 1500000 | D32: =SUM(D6:D31) -> 0 | F32: =SUM(F6:F31) -> 752000 | G32: =SUM(G6:G31) -> 14500 | H32: =SUM(H6:H31) -> 309500 | I32: =SUM(I6:I31) -> 0 | J32: =SUM(J6:J31) -> 1700000
B34: EN CAISSE
B36: ESPECES | C36: =SUMIFS(C6:C31,E6:E31,"ESPECES") -> 540000 | E36: 0 | F36: =C36+E36 -> 540000
B37: BANQUE | C37: =SUMIFS(C6:C31,E6:E31,"BANQUE") -> 960000 | E37: 152000 | F37: =C37+E37 -> 1112000
B38: REMBOURSEMENT | C38: =H32 -> 309500

Sheet TONTJUIL
A1: ASSOCIATION | B1: ASELBY
A2: ANNEE | B2: 2016/2017
A3: TONTINE | B3: 60000
C4: 42932
A5: MATRICULE | B5: NOM ET PRENOM | C5: MONTANT TONTINE | D5: PENALITE | E5: MODE VERSEMENT | F5: PRÊT | G5: INTERET PRÊT | H5: REMBOURSEMENT | I5: STATUT PRÊT | J5: INTERET ACHAT | K5: DATE ACHAT | L5: AVALISTE
A6: AS201602 | B6: BOUTCHOUANG WILLIAM | C6: =IF(E6="ECHEC",0,60000) -> 60000 | D6: =IF(E6="ESPECES",0,0) -> 0 | E6: ESPECES | H6: =TONTJUIN!F6+TONTJUIN!G6 -> 0
A7: AS201603 | B7: CHINGUE FABRICE | C7: =IF(E7="ECHEC",0,60000) -> 60000 | D7: =IF(E7="ESPECES",0,0) -> 0 | E7: BANQUE | H7: =TONTJUIN!F7+TONTJUIN!G7 -> 0 | J7: 260000 | K7: 42785 | L7: NKAMGANG DEJOLIE
A8: AS201603 | B8: CHINGUE FABRICE | C8: =IF(E8="ECHEC",0,60000) -> 60000 | D8: =IF(E8="ESPECES",0,0) -> 0 | E8: BANQUE | H8: =TONTJUIN!H7 -> 157500 | I8: NOK
A9: AS201604 | B9: DJOMO JEAN PAUL | C9: =IF(E9="ECHEC",0,60000) -> 60000 | D9: =IF(E9="ESPECES",0,0) -> 0 | E9: BANQUE | H9: =TONTJUIN!F9+TONTJUIN!G9 -> 123000 | I9: OK61500ESPECES61500BANQUE | J9: 110000 | K9: 42813 | L9: KOUAMO PEGUY
A10: AS201604 | B10: DJOMO JEAN PAUL | C10: =IF(E10="ECHEC",0,60000) -> 60000 | D10: =IF(E10="ESPECES",0,0) -> 0 | E10: BANQUE | H10: =TONTJUIN!F10+TONTJUIN!G10 -> 0 | J10: 68000 | K10: 42932 | L10: SEUNOU RICHELOT
A11: AS201604 | B11: DJOMO JEAN PAUL | C11: =IF(E11="ECHEC",0,60000) -> 60000 | D11: =IF(E11="ESPECES",0,0) -> 0 | E11: BANQUE | H11: =TONTJUIN!F11+TONTJUIN!G11 -> 0
A12: AS201610 | B12: FOTSO THOMAS | C12: =IF(E12="ECHEC",0,60000) -> 60000 | D12: =IF(E12="ESPECES",0,0) -> 0 | E12: BANQUE | F12: 50000 | G12: 5000 | H12: =TONTJUIN!F12+TONTJUIN!G12 -> 0 | J12: 271000 | K12: 42785 | L12: CHINGUE
A13: AS201611 | B13: HENGUE PAUL OMER | C13: =IF(E13="ECHEC",0,60000) -> 60000 | D13: =IF(E13="ESPECES",0,0) -> 0 | E13: BANQUE | H13: =TONTJUIN!F13+TONTJUIN!G13 -> 0
A14: AS201615 | B14: KEPSEU FRANCIS | C14: =IF(E14="ECHEC",0,60000) -> 60000 | D14: =IF(E14="ESPECES",0,0) -> 0 | E14: BANQUE | H14: =TONTJUIN!F14+TONTJUIN!G14 -> 0
A15: AS201618 | B15: KOUAMO VICTOR PEGUY | C15: =IF(E15="ECHEC",0,60000) -> 60000 | D15: =IF(E15="ESPECES",0,0) -> 0 | E15: BANQUE | H15: =TONTJUIN!F15+TONTJUIN!G15 -> 0 | J15: 107000 | K15: 42841 | L15: TYAM ERNEST
A16: AS201619 | B16: KOUATCHO MESSACK | C16: =IF(E16="ECHEC",0,60000) -> 60000 | D16: =IF(E16="ESPECES",0,0) -> 0 | E16: BANQUE | H16: =TONTJUIN!F16+TONTJUIN!G16 -> 122000 | I16: OKESPECES | J16: 270000 | K16: 42750
A17: AS201624 | B17: NGONDIEP CLAUDE | C17: =IF(E17="ECHEC",0,60000) -> 60000 | D17: =IF(E17="ESPECES",0,0) -> 0 | E17: BANQUE | H17: =TONTJUIN!F17+TONTJUIN!G17 -> 0
A18: AS201627 | B18: NJEPDJIO MBOUKAM DELUXE | C18: =IF(E18="ECHEC",0,60000) -> 60000 | D18: =IF(E18="ESPECES",0,0) -> 0 | E18: ESPECES | H18: =TONTJUIN!F18+TONTJUIN!G18 -> 122000 | I18: NOK | J18: 152000 | K18: 42876 | L18: TCHOUANTE FRANCOIS
A19: AS201628 | B19: NKAMGANG JUSTIN DEJOLIE | C19: =IF(E19="ECHEC",0,60000) -> 60000 | D19: =IF(E19="ESPECES",0,0) -> 0 | E19: ESPECES | H19: =TONTJUIN!F19+TONTJUIN!G19 -> 122000 | I19: OKESPECES | J19: 108000 | K19: 42476
A20: AS201633 | B20: PATEGO NJOSSU GUSTAVE | C20: =IF(E20="ECHEC",0,60000) -> 60000 | D20: =IF(E20="ESPECES",0,0) -> 0 | E20: BANQUE | H20: =TONTJUIN!F20+TONTJUIN!G20 -> 0
A21: AS201634 | B21: SEUNOU RICHELOT | C21: =IF(E21="ECHEC",0,60000) -> 60000 | D21: =IF(E21="ESPECES",0,0) -> 0 | E21: ESPECES | H21: =TONTJUIN!F21+TONTJUIN!G21 -> 32500 | I21: OK | J21: 100000 | K21: 42904 | L21: NKAMGANG JUSTIN DEJOLIE
A22: AS201634 | B22: SEUNOU RICHELOT | C22: =IF(E22="ECHEC",0,60000) -> 60000 | D22: =IF(E22="ESPECES",0,0) -> 0 | E22: ESPECES | H22: =TONTJUIN!F22+TONTJUIN!G22 -> 0
A23: AS201635 | B23: SIME ABEL | C23: =IF(E23="ECHEC",0,60000) -> 60000 | D23: =IF(E23="ESPECES",0,0) -> 0 | E23: ESPECES | F23: 31000 | G23: 2000 | H23: =TONTJUIN!F23+TONTJUIN!G23 -> 122500 | I23: OKESPECES | J23: 151000 | K23: 42876
A24: AS201638 | B24: SIME PIERRE | C24: =IF(E24="ECHEC",0,60000) -> 60000 | D24: =IF(E24="ESPECES",0,0) -> 0 | E24: BANQUE | H24: =TONTJUIN!F24+TONTJUIN!G24 -> 0 | J24: 69000 | K24: 42932 | L24: NKOUACTHO
A25: AS201642 | B25: TCHOUANTE FRANCOIS | C25: =IF(E25="ECHEC",0,60000) -> 60000 | D25: =IF(E25="ESPECES",0,0) -> 0 | E25: ESPECES | F25: 100000 | G25: 9000 | H25: =TONTJUIN!F25+TONTJUIN!G25 -> 0 | J25: 271000 | K25: 42750
A26: AS201644 | B26: TIEYAM ERNEST | C26: =IF(E26="ECHEC",0,60000) -> 60000 | D26: =IF(E26="ESPECES",0,0) -> 0 | E26: ESPECES | F26: =50000+50000 -> 100000 | G26: 9000 | H26: =TONTJUIN!F26+TONTJUIN!G26 -> 122500 | I26: OKESPECES
A27: AS201644 | B27: TIEYAM ERNEST | C27: =IF(E27="ECHEC",0,60000) -> 60000 | D27: =IF(E27="ESPECES",0,0) -> 0 | E27: ESPECES | H27: =TONTJUIN!F27+TONTJUIN!G27 -> 0
A28: AS201646 | B28: YEPMOU JEAN JACQUES | C28: =IF(E28="ECHEC",0,60000) -> 60000 | D28: =IF(E28="ESPECES",0,0) -> 0 | E28: ESPECES | H28: =TONTJUIN!F28+TONTJUIN!G28 -> 0
A29: AS201647 | B29: YOUMBI EMMANUEL | C29: =IF(E29="ECHEC",0,60000) -> 60000 | D29: =IF(E29="ESPECES",0,0) -> 0 | E29: BANQUE | H29: =TONTJUIN!F29+TONTJUIN!G29 -> 0
A30: AS201647 | B30: YOUMBI EMMANUEL | C30: =IF(E30="ECHEC",0,60000) -> 60000 | D30: =IF(E30="ESPECES",0,0) -> 0 | E30: BANQUE | H30: =TONTJUIN!F30+TONTJUIN!G30 -> 0
A32: TOTAL | C32: =SUM(C6:C31) -> 1500000 | D32: =SUM(D6:D31) -> 0 | F32: =SUM(F6:F31) -> 281000 | G32: =SUM(G6:G31) -> 25000 | H32: =SUM(H6:H31) -> 924000 | I32: =SUM(I6:I31) -> 0 | J32: =SUM(J6:J31) -> 1937000
B34: EN CAISSE
B36: ESPECES | C36: =SUMIFS(C6:C31,E6:E31,"ESPECES") -> 600000 | E36: 0 | F36: =C36+E36 -> 600000
B37: BANQUE | C37: =SUMIFS(C6:C31,E6:E31,"BANQUE") -> 900000 | E37: 152000 | F37: =C37+E37 -> 1052000
B38: REMBOURSEMENT | C38: =H32 -> 924000

Sheet TONTAOUT
A1: ASSOCIATION | B1: ASELBY
A2: ANNEE | B2: 2016/2017
A3: TONTINE | B3: 60000
C4: 42967
A5: MATRICULE | B5: NOM ET PRENOM | C5: MONTANT TONTINE | D5: PENALITE | E5: MODE VERSEMENT | F5: PRÊT | G5: INTERET PRÊT | H5: REMBOURSEMENT | I5: STATUT PRÊT | J5: INTERET ACHAT | K5: DATE ACHAT | L5: AVALISTE
A6: AS201602 | B6: BOUTCHOUANG WILLIAM | C6: =IF(E6="ECHEC",0,60000) -> 60000 | D6: =IF(E6="ESPECES",0,0) -> 0 | E6: ESPECES | H6: =TONTJUIL!F6+TONTJUIL!G6 -> 0
A7: AS201603 | B7: CHINGUE FABRICE | C7: =IF(E7="ECHEC",0,60000) -> 60000 | D7: =IF(E7="ESPECES",0,0) -> 0 | E7: ESPECES | H7: 157500 | I7: NOK | J7: 260000 | K7: 42785 | L7: NKAMGANG DEJOLIE
A8: AS201603 | B8: CHINGUE FABRICE | C8: =IF(E8="ECHEC",0,60000) -> 60000 | D8: =IF(E8="ESPECES",0,0) -> 0 | E8: ESPECES | H8: =TONTJUIL!F8+TONTJUIL!G8 -> 0
A9: AS201604 | B9: DJOMO JEAN PAUL | C9: =IF(E9="ECHEC",0,60000) -> 60000 | D9: =IF(E9="ESPECES",0,0) -> 0 | E9: BANQUE | H9: =TONTJUIL!F9+TONTJUIL!G9 -> 0 | J9: 110000 | K9: 42813 | L9: KOUAMO PEGUY
A10: AS201604 | B10: DJOMO JEAN PAUL | C10: =IF(E10="ECHEC",0,60000) -> 60000 | D10: =IF(E10="ESPECES",0,0) -> 0 | E10: BANQUE | H10: =TONTJUIL!F10+TONTJUIL!G10 -> 0 | J10: 68000 | K10: 42932 | L10: SEUNOU RICHELOT
A11: AS201604 | B11: DJOMO JEAN PAUL | C11: =IF(E11="ECHEC",0,60000) -> 60000 | D11: =IF(E11="ESPECES",0,0) -> 0 | E11: BANQUE | H11: =TONTJUIL!F11+TONTJUIL!G11 -> 0
A12: AS201610 | B12: FOTSO THOMAS | C12: =IF(E12="ECHEC",0,60000) -> 60000 | D12: =IF(E12="ESPECES",0,0) -> 0 | E12: ESPECES | H12: =TONTJUIL!F12+TONTJUIL!G12 -> 55000 | I12: ok | J12: 271000 | K12: 42785 | L12: CHINGUE
A13: AS201611 | B13: HENGUE PAUL OMER | C13: =IF(E13="ECHEC",0,60000) -> 60000 | D13: =IF(E13="ESPECES",0,0) -> 0 | E13: BANQUE | H13: =TONTJUIL!F13+TONTJUIL!G13 -> 0
A14: AS201615 | B14: KEPSEU FRANCIS | C14: =IF(E14="ECHEC",0,60000) -> 60000 | D14: =IF(E14="ESPECES",0,0) -> 0 | E14: BANQUE | H14: =TONTJUIL!F14+TONTJUIL!G14 -> 0
A15: AS201618 | B15: KOUAMO VICTOR PEGUY | C15: =IF(E15="ECHEC",0,60000) -> 60000 | D15: =IF(E15="ESPECES",0,0) -> 0 | E15: ESPECES | H15: =TONTJUIL!F15+TONTJUIL!G15 -> 0 | J15: 107000 | K15: 42841 | L15: TYAM ERNEST
A16: AS201619 | B16: KOUATCHO MESSACK | C16: =IF(E16="ECHEC",0,60000) -> 60000 | D16: =IF(E16="ESPECES",0,0) -> 0 | E16: ESPECES | H16: =TONTJUIL!F16+TONTJUIL!G16 -> 0 | J16: 270000 | K16: 42750
A17: AS201624 | B17: NGONDIEP CLAUDE | C17: =IF(E17="ECHEC",0,60000) -> 60000 | D17: =IF(E17="ESPECES",0,0) -> 0 | E17: BANQUE | H17: =TONTJUIL!F17+TONTJUIL!G17 -> 0
A18: AS201627 | B18: NJEPDJIO MBOUKAM DELUXE | C18: =IF(E18="ECHEC",0,60000) -> 60000 | D18: =IF(E18="ESPECES",0,0) -> 0 | E18: ESPECES | H18: 126000 | I18: NOK | J18: 152000 | K18: 42876 | L18: TCHOUANTE FRANCOIS
A19: AS201628 | B19: NKAMGANG JUSTIN DEJOLIE | C19: =IF(E19="ECHEC",0,60000) -> 60000 | D19: =IF(E19="ESPECES",0,0) -> 0 | E19: ESPECES | H19: =TONTJUIL!F19+TONTJUIL!G19 -> 0 | J19: 108000 | K19: 42476
A20: AS201633 | B20: PATEGO NJOSSU GUSTAVE | C20: =IF(E20="ECHEC",0,60000) -> 60000 | D20: =IF(E20="ESPECES",0,0) -> 0 | E20: BANQUE | H20: =TONTJUIL!F20+TONTJUIL!G20 -> 0
A21: AS201634 | B21: SEUNOU RICHELOT | C21: =IF(E21="ECHEC",0,60000) -> 60000 | D21: =IF(E21="ESPECES",0,0) -> 0 | E21: ESPECES | H21: =TONTJUIL!F21+TONTJUIL!G21 -> 0 | J21: 100000 | K21: 42904 | L21: NKAMGANG JUSTIN DEJOLIE
A22: AS201634 | B22: SEUNOU RICHELOT | C22: =IF(E22="ECHEC",0,60000) -> 60000 | D22: =IF(E22="ESPECES",0,0) -> 0 | E22: ESPECES | H22: =TONTJUIL!F22+TONTJUIL!G22 -> 0
A23: AS201635 | B23: SIME ABEL | C23: =IF(E23="ECHEC",0,60000) -> 60000 | D23: =IF(E23="ESPECES",0,0) -> 0 | E23: ESPECES | H23: =TONTJUIL!F23+TONTJUIL!G23 -> 33000 | I23: OK | J23: 151000 | K23: 42876
A24: AS201638 | B24: SIME PIERRE | C24: =IF(E24="ECHEC",0,60000) -> 60000 | D24: =IF(E24="ESPECES",0,0) -> 0 | E24: BANQUE | H24: =TONTJUIL!F24+TONTJUIL!G24 -> 0 | J24: 69000 | K24: 42932 | L24: NKOUACTHO
A25: AS201642 | B25: TCHOUANTE FRANCOIS | C25: =IF(E25="ECHEC",0,60000) -> 60000 | D25: =IF(E25="ESPECES",0,0) -> 0 | E25: ESPECES | H25: =TONTJUIL!F25+TONTJUIL!G25 -> 109000 | I25: OK | J25: 271000 | K25: 42750
A26: AS201644 | B26: TIEYAM ERNEST | C26: =IF(E26="ECHEC",0,60000) -> 60000 | D26: =IF(E26="ESPECES",0,0) -> 0 | E26: ESPECES | H26: =TONTJUIL!F26+TONTJUIL!G26 -> 109000 | I26: OK | J26: 70000 | K26: 42967 | L26: KOUATCHO MESSACK
A27: AS201644 | B27: TIEYAM ERNEST | C27: =IF(E27="ECHEC",0,60000) -> 60000 | D27: =IF(E27="ESPECES",0,0) -> 0 | E27: ESPECES | H27: =TONTJUIL!F27+TONTJUIL!G27 -> 0
A28: AS201646 | B28: YEPMOU JEAN JACQUES | C28: =IF(E28="ECHEC",0,60000) -> 60000 | D28: =IF(E28="ESPECES",0,0) -> 0 | E28: ESPECES | H28: =TONTJUIL!F28+TONTJUIL!G28 -> 0 | J28: 60000 | K28: 42967
A29: AS201647 | B29: YOUMBI EMMANUEL | C29: =IF(E29="ECHEC",0,60000) -> 60000 | D29: =IF(E29="ESPECES",0,0) -> 0 | E29: BANQUE | H29: =TONTJUIL!F29+TONTJUIL!G29 -> 0
A30: AS201647 | B30: YOUMBI EMMANUEL | C30: =IF(E30="ECHEC",0,60000) -> 60000 | D30: =IF(E30="ESPECES",0,0) -> 0 | E30: BANQUE | H30: =TONTJUIL!F30+TONTJUIL!G30 -> 0
A32: TOTAL | C32: =SUM(C6:C31) -> 1500000 | D32: =SUM(D6:D31) -> 0 | F32: =SUM(F6:F31) -> 0 | G32: =SUM(G6:G31) -> 0 | H32: =SUM(H6:H31) -> 589500 | I32: =SUM(I6:I31) -> 0 | J32: =SUM(J6:J31) -> 2067000
B34: TONTINE | D34: REMBOURSEMENT | H34: ACHAT LOT PRINCIPAL
B36: ESPECES | C36: =SUMIFS(C6:C31,E6:E31,"ESPECES") -> 900000 | E36: 0 | F36: =C36+E36 -> 900000 | H36: =2000000-(J26+J28) -> 1870000
B37: BANQUE | C37: =SUMIFS(C6:C31,E6:E31,"BANQUE") -> 600000 | F37: =C37+E37 -> 600000
B38: REMBOURSEMENT | C38: =SUMIFS(H6:H31,I6:I31,"OK") -> 306000 | F38: =H32 -> 589500
B39: ACHAT PETIT LOT | C39: =F32 -> 0

Sheet TONTSEPT
A1: ASSOCIATION | B1: ASELBY
A2: ANNEE | B2: 2016/2017
A3: TONTINE | B3: 60000
C4: 42995
A5: MATRICULE | B5: NOM ET PRENOM | C5: MONTANT TONTINE | D5: PENALITE | E5: MODE VERSEMENT TONTINE | F5: VENTE PETIT LOT | G5: INTERET PETIT LOT | H5: MODE VERSEMENT VENTE PETIT LOT | I5: REMBOURSEMENT | J5: MODE VERSEMENT REMBOURSEMENT | K5: MODE VERSEMENT TONTINE PRINCIPAL | L5: MONTANT TONTINE LOT PRINCIPAL | M5: INTERET LOT PRINCIPAL | N5: INTERET LOT PRINCIPAL CUMULE | O5: DATE VENTE | P5: AVALISTE
A6: AS201602 | B6: BOUTCHOUANG WILLIAM | C6: =IF(E6="ECHEC",0,60000) -> 0 | D6: =IF(E6="ESPECES",0,0) -> 0 | E6: ECHEC | H6: ECHEC | I6: =TONTAOUT!F6+TONTAOUT!G6 -> 0 | J6: ECHEC | K6: ECHEC | L6: =IF(M6=0,0,($C$45-M6)) -> 0
A7: AS201603 | B7: CHINGUE FABRICE | C7: =IF(E7="ECHEC",0,60000) -> 0 | D7: =IF(E7="ESPECES",0,0) -> 0 | E7: ECHEC | H7: ECHEC | I7: =TONTAOUT!F7+TONTAOUT!G7 -> 0 | J7: ECHEC | K7: ECHEC | L7: =IF(M7=0,0,($C$45-M7)) -> 0 | N7: 260000 | O7: 42785 | P7: NKAMGANG DEJOLIE
A8: AS201603 | B8: CHINGUE FABRICE | C8: =IF(E8="ECHEC",0,60000) -> 0 | D8: =IF(E8="ESPECES",0,0) -> 0 | E8: ECHEC | H8: ECHEC | I8: =TONTAOUT!F8+TONTAOUT!G8 -> 0 | J8: ECHEC | K8: ECHEC | L8: =IF(M8=0,0,($C$45-M8)) -> 0
A9: AS201604 | B9: DJOMO JEAN PAUL | C9: =IF(E9="ECHEC",0,60000) -> 0 | D9: =IF(E9="ESPECES",0,0) -> 0 | E9: ECHEC | H9: ECHEC | I9: =TONTAOUT!F9+TONTAOUT!G9 -> 0 | J9: ECHEC | K9: ECHEC | L9: =IF(M9=0,0,($C$45-M9)) -> 0 | N9: 110000 | O9: 42813 | P9: KOUAMO PEGUY
A10: AS201604 | B10: DJOMO JEAN PAUL | C10: =IF(E10="ECHEC",0,60000) -> 0 | D10: =IF(E10="ESPECES",0,0) -> 0 | E10: ECHEC | H10: ECHEC | I10: =TONTAOUT!F10+TONTAOUT!G10 -> 0 | J10: ECHEC | K10: ECHEC | L10: =IF(M10=0,0,($C$45-M10)) -> 0 | N10: 68000 | O10: 42932 | P10: SEUNOU RICHELOT
A11: AS201604 | B11: DJOMO JEAN PAUL | C11: =IF(E11="ECHEC",0,60000) -> 0 | D11: =IF(E11="ESPECES",0,0) -> 0 | E11: ECHEC | H11: ECHEC | I11: =TONTAOUT!F11+TONTAOUT!G11 -> 0 | J11: ECHEC | K11: ECHEC | L11: =IF(M11=0,0,($C$45-M11)) -> 0
A12: AS201610 | B12: FOTSO THOMAS | C12: =IF(E12="ECHEC",0,60000) -> 0 | D12: =IF(E12="ESPECES",0,0) -> 0 | E12: ECHEC | H12: ECHEC | I12: =TONTAOUT!F12+TONTAOUT!G12 -> 0 | J12: ECHEC | K12: ECHEC | L12: =IF(M12=0,0,($C$45-M12)) -> 0 | N12: 271000 | O12: 42785 | P12: CHINGUE
A13: AS201611 | B13: HENGUE PAUL OMER | C13: =IF(E13="ECHEC",0,60000) -> 0 | D13: =IF(E13="ESPECES",0,0) -> 0 | E13: ECHEC | H13: ECHEC | I13: =TONTAOUT!F13+TONTAOUT!G13 -> 0 | J13: ECHEC | K13: ECHEC | L13: =IF(M13=0,0,($C$45-M13)) -> 0
A14: AS201615 | B14: KEPSEU FRANCIS | C14: =IF(E14="ECHEC",0,60000) -> 0 | D14: =IF(E14="ESPECES",0,0) -> 0 | E14: ECHEC | H14: ECHEC | I14: =TONTAOUT!F14+TONTAOUT!G14 -> 0 | J14: ECHEC | K14: ECHEC | L14: =IF(M14=0,0,($C$45-M14)) -> 0
A15: AS201618 | B15: KOUAMO VICTOR PEGUY | C15: =IF(E15="ECHEC",0,60000) -> 0 | D15: =IF(E15="ESPECES",0,0) -> 0 | E15: ECHEC | H15: ECHEC | I15: =TONTAOUT!F15+TONTAOUT!G15 -> 0 | J15: ECHEC | K15: ECHEC | L15: =IF(M15=0,0,($C$45-M15)) -> 0 | N15: 107000 | O15: 42841 | P15: TYAM ERNEST
A16: AS201619 | B16: KOUATCHO MESSACK | C16: =IF(E16="ECHEC",0,60000) -> 0 | D16: =IF(E16="ESPECES",0,0) -> 0 | E16: ECHEC | H16: ECHEC | I16: =TONTAOUT!F16+TONTAOUT!G16 -> 0 | J16: ECHEC | K16: ECHEC | L16: =IF(M16=0,0,($C$45-M16)) -> 0 | N16: 270000 | O16: 42750
A17: AS201624 | B17: NGONDIEP CLAUDE | C17: =IF(E17="ECHEC",0,60000) -> 0 | D17: =IF(E17="ESPECES",0,0) -> 0 | E17: ECHEC | H17: ECHEC | I17: =TONTAOUT!F17+TONTAOUT!G17 -> 0 | J17: ECHEC | K17: ECHEC | L17: =IF(M17=0,0,($C$45-M17)) -> 0
A18: AS201627 | B18: NJEPDJIO MBOUKAM DELUXE | C18: =IF(E18="ECHEC",0,60000) -> 0 | D18: =IF(E18="ESPECES",0,0) -> 0 | E18: ECHEC | H18: ECHEC | I18: =TONTAOUT!F18+TONTAOUT!G18 -> 0 | J18: ECHEC | K18: ECHEC | L18: =IF(M18=0,0,($C$45-M18)) -> 0 | N18: 152000 | O18: 42876 | P18: TCHOUANTE FRANCOIS
A19: AS201628 | B19: NKAMGANG JUSTIN DEJOLIE | C19: =IF(E19="ECHEC",0,60000) -> 0 | D19: =IF(E19="ESPECES",0,0) -> 0 | E19: ECHEC | H19: ECHEC | I19: =TONTAOUT!F19+TONTAOUT!G19 -> 0 | J19: ECHEC | K19: ECHEC | L19: =IF(M19=0,0,($C$45-M19)) -> 0 | N19: 108000 | O19: 42476
A20: AS201633 | B20: PATEGO NJOSSU GUSTAVE | C20: =IF(E20="ECHEC",0,60000) -> 0 | D20: =IF(E20="ESPECES",0,0) -> 0 | E20: ECHEC | H20: ECHEC | I20: =TONTAOUT!F20+TONTAOUT!G20 -> 0 | J20: ECHEC | K20: ECHEC | L20: =IF(M20=0,0,($C$45-M20)) -> 0
A21: AS201634 | B21: SEUNOU RICHELOT | C21: =IF(E21="ECHEC",0,60000) -> 0 | D21: =IF(E21="ESPECES",0,0) -> 0 | E21: ECHEC | H21: ECHEC | I21: =TONTAOUT!F21+TONTAOUT!G21 -> 0 | J21: ECHEC | K21: ECHEC | L21: =IF(M21=0,0,($C$45-M21)) -> 0 | N21: 100000 | O21: 42904 | P21: NKAMGANG JUSTIN DEJOLIE
A22: AS201634 | B22: SEUNOU RICHELOT | C22: =IF(E22="ECHEC",0,60000) -> 0 | D22: =IF(E22="ESPECES",0,0) -> 0 | E22: ECHEC | H22: ECHEC | I22: =TONTAOUT!F22+TONTAOUT!G22 -> 0 | J22: ECHEC | K22: ECHEC | L22: =IF(M22=0,0,($C$45-M22)) -> 0
A23: AS201635 | B23: SIME ABEL | C23: =IF(E23="ECHEC",0,60000) -> 0 | D23: =IF(E23="ESPECES",0,0) -> 0 | E23: ECHEC | H23: ECHEC | I23: =TONTAOUT!F23+TONTAOUT!G23 -> 0 | J23: ECHEC | K23: ECHEC | L23: =IF(M23=0,0,($C$45-M23)) -> 0 | N23: 151000 | O23: 42876
A24: AS201638 | B24: SIME PIERRE | C24: =IF(E24="ECHEC",0,60000) -> 0 | D24: =IF(E24="ESPECES",0,0) -> 0 | E24: ECHEC | H24: ECHEC | I24: =TONTAOUT!F24+TONTAOUT!G24 -> 0 | J24: ECHEC | K24: ECHEC | L24: =IF(M24=0,0,($C$45-M24)) -> 0 | N24: 69000 | O24: 42932 | P24: NKOUACTHO
A25: AS201642 | B25: TCHOUANTE FRANCOIS | C25: =IF(E25="ECHEC",0,60000) -> 0 | D25: =IF(E25="ESPECES",0,0) -> 0 | E25: ECHEC | H25: ECHEC | I25: =TONTAOUT!F25+TONTAOUT!G25 -> 0 | J25: ECHEC | K25: ECHEC | L25: =IF(M25=0,0,($C$45-M25)) -> 0 | N25: 271000 | O25: 42750
A26: AS201644 | B26: TIEYAM ERNEST | C26: =IF(E26="ECHEC",0,60000) -> 0 | D26: =IF(E26="ESPECES",0,0) -> 0 | E26: ECHEC | H26: ECHEC | I26: =TONTAOUT!F26+TONTAOUT!G26 -> 0 | J26: ECHEC | K26: ECHEC | L26: =IF(M26=0,0,($C$45-M26)) -> 0 | N26: 70000 | O26: 42967 | P26: KOUATCHO MESSACK
A27: AS201644 | B27: TIEYAM ERNEST | C27: =IF(E27="ECHEC",0,60000) -> 0 | D27: =IF(E27="ESPECES",0,0) -> 0 | E27: ECHEC | H27: ECHEC | I27: =TONTAOUT!F27+TONTAOUT!G27 -> 0 | J27: ECHEC | K27: ECHEC | L27: =IF(M27=0,0,($C$45-M27)) -> 0
A28: AS201646 | B28: YEPMOU JEAN JACQUES | C28: =IF(E28="ECHEC",0,60000) -> 0 | D28: =IF(E28="ESPECES",0,0) -> 0 | E28: ECHEC | H28: ECHEC | I28: =TONTAOUT!F28+TONTAOUT!G28 -> 0 | J28: ECHEC | K28: ECHEC | L28: =IF(M28=0,0,($C$45-M28)) -> 0 | N28: 60000 | O28: 42967
A29: AS201647 | B29: YOUMBI EMMANUEL | C29: =IF(E29="ECHEC",0,60000) -> 0 | D29: =IF(E29="ESPECES",0,0) -> 0 | E29: ECHEC | H29: ECHEC | I29: =TONTAOUT!F29+TONTAOUT!G29 -> 0 | J29: ECHEC | K29: ECHEC | L29: =IF(M29=0,0,($C$45-M29)) -> 0
A30: AS201647 | B30: YOUMBI EMMANUEL | C30: =IF(E30="ECHEC",0,60000) -> 0 | D30: =IF(E30="ESPECES",0,0) -> 0 | E30: ECHEC | H30: ECHEC | I30: =TONTAOUT!F30+TONTAOUT!G30 -> 0 | J30: ECHEC | K30: ECHEC | L30: =IF(M30=0,0,($C$45-M30)) -> 0
A32: TOTAL | C32: =SUM(C6:C31) -> 0 | D32: =SUM(D6:D31) -> 0 | F32: =SUM(F6:F31) -> 0 | G32: =SUM(G6:G31) -> 0 | I32: =SUM(I6:I31) -> 0 | L32: =SUM(L6:L31) -> 0 | M32: =SUM(M6:M31) -> 0 | N32: =SUM(N6:N31) -> 2067000
C34: TONTINE | D34: REMBOURSEMENT | E34: VENTE PETIT LOT | F34: VENTE LOT PRINCIPAL | G34: SOLDE EN CAISSE
B36: ESPECES | C36: =SUMIFS(C6:C31,E6:E31,"ESPECES") -> 0 | D36: =SUMIFS(I6:I31,J6:J31,"ESPECES") -> 0 | E36: =SUMIFS(F5:F30,H5:H30,"ESPECES") -> 0 | F36: =SUMIFS(L5:L30,K5:K30,"ESPECES") -> 0 | G36: =C36+D36-E36-F36 -> 0
B37: BANQUE | C37: =SUMIFS(C6:C31,E6:E31,"BANQUE") -> 0 | D37: =SUMIFS(I6:I31,J6:J31,"BANQUE") -> 0 | E37: =SUMIFS(F5:F30,H5:H30,"BANQUE") -> 0 | F37: =SUMIFS(L5:L30,K5:K30,"BANQUE") -> 0 | G37: =C37+D37-E37-F37 -> 0
B39: TOTAL | C39: =+C36+C37 -> 0 | D39: =+D36+D37 -> 0 | E39: =+E36+E37 -> 0 | F39: =+F36+F37 -> 0 | G39: =+G36+G37 -> 0
B42: INTERET LOT PRINCIPAL | C42: =M32 -> 0
B43: INTERET PETIT LOT | C43: =G32 -> 0
B45: MONTANT TONTINE | C45: 1000000
B46: MONTANT PETIT LOT A VENDRE | C46: =C39+I39+M39 -> 0
