Workbook
Name MODEPAID: [1]Feuil2!$A$1:$A$3

Sheet LISTADHERENT
A1: ASELBY
A2: LISTE DES ADHERENTS 19 JUN 2016
A4: MLE | B4: NOM ET PRENOM | C4: FONCTION | D4: DATE ADHESION | E4: CONTACT | F4: CONTACT 2 | G4: RESIDENCE | H4: DATE RECEPTION
A5: AS201601 | B5: BAKOP ACHILLE | C5: FONCTIONNAIRE DE POLICE | E5: 677841881 | G5: NKOLBISSON | H5: 42887
A6: AS201602 | B6: BOUTCHOUANG WILLIAM | C6: OPERATEUR ECONOMIQUE | E6: 677704694 | G6: EMANA | H6: 43191
A7: AS201603 | B7: CHINGUE FABRICE | C7: OPERATEUR ECONOMIQUE | E7: 677881912 | G7: SANTA BARBARA | H7: 43466
A8: AS201604 | B8: DJOMO JEAN PAUL | C8: RETRAITE | E8: 677986676 | G8: RUE MANGUIERS | H8: 43132
A9: AS201605 | B9: DJOUKWE GUY | C9: PROFESSEUR DES LYCEES TECHNIQUE | E9: 675250451 | G9: RUE MANGUIERS | H9: 43313
A10: AS201606 | B10: DJOSSEU JOSUE | C10: PROFESSEUR DES LYCEES TECHNIQUE | E10: 675250451 | G10: RUE MANGUIERS | H10: 43313
A11: AS201607 | B11: DJOUNKEP SAMUEL | C11: COMPTABLE RETRAITE | E11: 697103557 | G11: BIYEM ASSI LYCEE | H11: 42401
A12: AS201608 | B12: DJUOMBESSY ANTOINE | C12: ANALYSTE CONCEPTEUR SI | E12: 677501239 | F12: 699324095 | G12: MESSASSI | H12: 43647
A13: AS201609 | B13: DONHOU DAVID | C13: MAGISTRAT | E13: 699908065 | G13: TONGOLO | H13: 42979
A14: AS201610 | B14: FOTSO THOMAS | C14: CADRE BANQUE | E14: 677910278 | G14: OYOMABANG | H14: 43344
A15: AS201611 | B15: HENGUE PAUL OMER | C15: SOCIOLOGUE | E15: 694468080 | G15: MESSASSI | H15: 42583
A16: AS201612 | B16: HODIEP JULES | C16: CADRE CNPS | E16: 675291170 | G16: NYOM 2 | H16: 43009
A17: AS201613 | B17: HOTCHO BENJAMIN | C17: COMPTABLE | E17: 699956355 | G17: DAMAS | H17: 42614
A18: AS201614 | B18: KEPHE DAVID | C18: OPERATEUR ECONOMIQUE | E18: 677053815 | G18: MESSASSI | H18: 43374
A19: AS201615 | B19: KEPSEU FRANCIS | C19: OFFICIER DE POLICE RETRAITE | E19: 699528700 | G19: SIMBOCK | H19: 43405
A20: AS201616 | B20: KOUAMOU EMMANUEL | C20: OPERATEUR ECONOMIQUE | E20: 699335584 | G20: MONTEE JOUVENCE | H20: 42795
A21: AS201617 | B21: KOUAMOU MOISE | C21: INGENIEUR E-F | E21: 675836725 | G21: DAMAS | H21: 42370
A22: AS201618 | B22: KOUAMOU VICTOR PEGUY | C22: S/OFFICIER SUPERIEUR | E22: 696564847 | G22: MESSASSI | H22: 43617
A23: AS201619 | B23: KOUATCHO MESSACK | C23: INSPECTEUR DE TRAVAIL | E23: 677735778 | G23: SANTA BARBARA | H23: 42644
A24: AS201620 | B24: LOWE JEAN | C24: PROFESSEUR DE LYCEE
A25: AS201621 | B25: NANKAM APPOLINAIRE | C25: ENSEIGNANT | E25: 693055118 | G25: DAMAS | H25: 43678
A26: AS201622 | B26: NDJOMO ETIENNE | C26: COMPTABLE | E26: 677553702 | G26: MONTEE JOUVENCE | H26: 42705
A27: AS201623 | B27: NDOMBOU JEAN CLAUDE | C27: ING AGRONOME RETRAITE | E27: 699358350 | G27: ETOUG EBE | H27: 42767
A28: AS201624 | B28: NGONDIEP CLAUDE | C28: DAS(DIRECTEUR ADMINISTRATEUR SOCIETE) | E28: 675249207 | G28: CITE VERTE | H28: 43070
A29: AS201625 | B29: NGONGANG JEAN THEODORE | C29: CHEF ENTREPRISE | E29: 677766503 | G29: RUE MANGUIERS | H29: 42491
A30: AS201626 | B30: NGUIEMEGNI MATHIEU BLAISE | C30: CADRE CADASTRE | E30: 677068360 | G30: MONATELE | H30: 43101
A31: AS201627 | B31: NJEPDJIO MBOUKAM DELUXE | C31: OPERATEUR ECONOMIQUE | E31: 670909070 | G31: MENDONG | H31: 43586
A32: AS201628 | B32: NKAMGANG JUSTIN DEJOLIE | C32: DELEGUE COMMERCIAL | E32: 676659191 | G32: MENDONG | H32: 43497
A33: AS201629 | B33: NKEPSEU DIEUDONNE | C33: OPERATEUR ECONOMIQUE | E33: 677575366 | G33: ESSOS | H33: 42917
A34: AS201630 | B34: NKEPSEU HENANG RENE | C34: CADRE SONEL RETRAITE | E34: 699843118 | G34: BIYEM ASSI LYCEE | H34: 42522
A35: AS201631 | B35: NTEPDIE TUEMAC MZ | C35: OPERATEUR ECONOMIQUE | E35: 677377251 | G35: MONTEE JOUVENCE | H35: 43282
A36: AS201632 | B36: NTOMBOU ADOLPHE | C36: INGENIEUR | E36: 677867173 | G36: BIYEM ASSI LYCEE | H36: 42461
... A51: AS201647 | B51: YOUMBI EMMANUEL | C51: PROFESSEUR DES UNIVERSITES | E51: 677547311 | G51: MENDONG (GUINNESS) | H51: 42675

Sheet RECAPTONT20000
A1: ASSOCIATION | B1: ASELBY
A2: ANNEE | B2: 2016/2017
A3: TONTINE | B3: 20 000
A4: MATRICULE | B4: NOM ET PRENOM | C4: FONDS | D4: RELIQUAT 2015 | E4: SANCTION | F4: MONTANT VERSE | G4: EPARGNE | H4: FONDS DE ROULEMENT | I4: FRAIS EXCEPTIONNEL | J4: COLLATION | K4: MUTUELLE | L4: TONTINE | M4: EMPRUNT | N4: INTERET EMPRUNT | O4: REMBOURSEMENT | P4: PENALITE EMPRUNT | Q4: PENALITE FONDS | R4: INTERET ACHAT | S4: DATE ACHAT
A5: AS201601 | B5: =VLOOKUP(A5,LISTADHERENT!A$5:H$51,2) -> BAKOP ACHILLE | C5: 390000 | D5: 33536 | F5: =G5+H5+I5+J5+K5+L5+Q5 -> 225000 | G5: =TONT20000DEC2015!D5+TONT20000JANV!D5+TONT20000FEV!D5+TONT20000MARS!D5+TONT20000AVRIL!D5+TONT20000MAI!D5+TONT20000JUIN!D5+TONT20000JUIL!D5+TONT20000AOUT!D5+TONT20000SEPT!D5+TONT20000OCT!D5+TONT20000NOV!D5 -> 30000 | H5: =TONT20000DEC2015!E5+TONT20000JANV!E5+TONT20000FEV!E5+TONT20000MARS!E5+TONT20000AVRIL!E5+TONT20000MAI!E5+TONT20000JUIN!E5+TONT20000JUIL!E5+TONT20000AOUT!E5+TONT20000SEPT!E5+TONT20000OCT!E5+TONT20000NOV!E5 -> 5000 | I5: =TONT20000DEC2015!F5+TONT20000JANV!F5+TONT20000FEV!F5+TONT20000MARS!F5+TONT20000AVRIL!F5+TONT20000MAI!F5+TONT20000JUIN!F5+TONT20000JUIL!F5+TONT20000AOUT!F5+TONT20000SEPT!F5+TONT20000OCT!F5+TONT20000NOV!F5 -> 10000 | J5: =TONT20000DEC2015!G5+TONT20000JANV!G5+TONT20000FEV!G5+TONT20000MARS!G5+TONT20000AVRIL!G5+TONT20000MAI!G5+TONT20000JUIN!G5+TONT20000JUIL!G5+TONT20000AOUT!G5+TONT20000SEPT!G5+TONT20000OCT!G5+TONT20000NOV!G5 -> 25000 | K5: =TONT20000DEC2015!H5+TONT20000JANV!H5+TONT20000FEV!H5+TONT20000MARS!H5+TONT20000AVRIL!H5+TONT20000MAI!H5+TONT20000JUIN!H5+TONT20000JUIL!H5+TONT20000AOUT!H5+TONT20000SEPT!H5+TONT20000OCT!H5+TONT20000NOV!H5 -> 25000 | L5: =TONT20000DEC2015!I5+TONT20000JANV!I5+TONT20000FEV!I5+TONT20000MARS!I5+TONT20000AVRIL!I5+TONT20000MAI!I5+TONT20000JUIN!I5+TONT20000JUIL!I5+TONT20000AOUT!I5+TONT20000SEPT!I5+TONT20000OCT!I5+TONT20000NOV!I5 -> 130000 | M5: =TONT20000DEC2015!J5+TONT20000JANV!J5+TONT20000FEV!J5+TONT20000MARS!J5+TONT20000AVRIL!J5+TONT20000MAI!J5+TONT20000JUIN!J5+TONT20000JUIL!J5+TONT20000AOUT!J5+TONT20000SEPT!J5+TONT20000OCT!J5+TONT20000NOV!J5 -> 500000 | N5: =TONT20000DEC2015!K5+TONT20000JANV!K5+TONT20000FEV!K5+TONT20000MARS!K5+TONT20000AVRIL!K5+TONT20000MAI!K5+TONT20000JUIN!K5+TONT20000JUIL!K5+TONT20000AOUT!K5+TONT20000SEPT!K5+TONT20000OCT!K5+TONT20000NOV!K5 -> 15000 | O5: =TONT20000DEC2015!L5+TONT20000JANV!L5+TONT20000FEV!L5+TONT20000MARS!L5+TONT20000AVRIL!L5+TONT20000MAI!L5+TONT20000JUIN!L5+TONT20000JUIL!L5+TONT20000AOUT!L5+TONT20000SEPT!L5+TONT20000OCT!L5+TONT20000NOV!L5 -> 0 | P5: =TONT20000DEC2015!M5+TONT20000JANV!M5+TONT20000FEV!M5+TONT20000MARS!M5+TONT20000AVRIL!M5+TONT20000MAI!M5+TONT20000JUIN!M5+TONT20000JUIL!M5+TONT20000AOUT!M5+TONT20000SEPT!N5+TONT20000OCT!M5+TONT20000NOV!M5 -> 0 | Q5: =TONT20000DEC2015!M5+TONT20000JANV!M5+TONT20000FEV!M5+TONT20000MARS!M5+TONT20000AVRIL!M5+TONT20000MAI!M5+TONT20000JUIN!M5+TONT20000JUIL!M5+TONT20000AOUT!M5+TONT20000SEPT!N5+TONT20000OCT!M5+TONT20000NOV!M5 -> 0
A6: AS201602 | B6: =VLOOKUP(A6,LISTADHERENT!A$5:H$51,2) -> BOUTCHOUANG WILLIAM | C6: 390000 | D6: 1704 | F6: =G6+H6+I6+J6+K6+L6+Q6 -> 240000 | G6: =TONT20000DEC2015!D6+TONT20000JANV!D6+TONT20000FEV!D6+TONT20000MARS!D6+TONT20000AVRIL!D6+TONT20000MAI!D6+TONT20000JUIN!D6+TONT20000JUIL!D6+TONT20000AOUT!D6+TONT20000SEPT!D6+TONT20000OCT!D6+TONT20000NOV!D6 -> 36000 | H6: =TONT20000DEC2015!E6+TONT20000JANV!E6+TONT20000FEV!E6+TONT20000MARS!E6+TONT20000AVRIL!E6+TONT20000MAI!E6+TONT20000JUIN!E6+TONT20000JUIL!E6+TONT20000AOUT!E6+TONT20000SEPT!E6+TONT20000OCT!E6+TONT20000NOV!E6 -> 6000 | I6: =TONT20000DEC2015!F6+TONT20000JANV!F6+TONT20000FEV!F6+TONT20000MARS!F6+TONT20000AVRIL!F6+TONT20000MAI!F6+TONT20000JUIN!F6+TONT20000JUIL!F6+TONT20000AOUT!F6+TONT20000SEPT!F6+TONT20000OCT!F6+TONT20000NOV!F6 -> 12000 | J6: =TONT20000DEC2015!G6+TONT20000JANV!G6+TONT20000FEV!G6+TONT20000MARS!G6+TONT20000AVRIL!G6+TONT20000MAI!G6+TONT20000JUIN!G6+TONT20000JUIL!G6+TONT20000AOUT!G6+TONT20000SEPT!G6+TONT20000OCT!G6+TONT20000NOV!G6 -> 30000 | K6: =TONT20000DEC2015!H6+TONT20000JANV!H6+TONT20000FEV!H6+TONT20000MARS!H6+TONT20000AVRIL!H6+TONT20000MAI!H6+TONT20000JUIN!H6+TONT20000JUIL!H6+TONT20000AOUT!H6+TONT20000SEPT!H6+TONT20000OCT!H6+TONT20000NOV!H6 -> 0 | L6: =TONT20000DEC2015!I6+TONT20000JANV!I6+TONT20000FEV!I6+TONT20000MARS!I6+TONT20000AVRIL!I6+TONT20000MAI!I6+TONT20000JUIN!I6+TONT20000JUIL!I6+TONT20000AOUT!I6+TONT20000SEPT!I6+TONT20000OCT!I6+TONT20000NOV!I6 -> 156000 | M6: =TONT20000DEC2015!J6+TONT20000JANV!J6+TONT20000FEV!J6+TONT20000MARS!J6+TONT20000AVRIL!J6+TONT20000MAI!J6+TONT20000JUIN!J6+TONT20000JUIL!J6+TONT20000AOUT!J6+TONT20000SEPT!J6+TONT20000OCT!J6+TONT20000NOV!J6 -> 1700000 | N6: =TONT20000DEC2015!K6+TONT20000JANV!K6+TONT20000FEV!K6+TONT20000MARS!K6+TONT20000AVRIL!K6+TONT20000MAI!K6+TONT20000JUIN!K6+TONT20000JUIL!K6+TONT20000AOUT!K6+TONT20000SEPT!K6+TONT20000OCT!K6+TONT20000NOV!K6 -> 124000 | O6: =TONT20000DEC2015!L6+TONT20000JANV!L6+TONT20000FEV!L6+TONT20000MARS!L6+TONT20000AVRIL!L6+TONT20000MAI!L6+TONT20000JUIN!L6+TONT20000JUIL!L6+TONT20000AOUT!L6+TONT20000SEPT!L6+TONT20000OCT!L6+TONT20000NOV!L6 -> 1000000 | P6: =TONT20000DEC2015!M6+TONT20000JANV!M6+TONT20000FEV!M6+TONT20000MARS!M6+TONT20000AVRIL!M6+TONT20000MAI!M6+TONT20000JUIN!M6+TONT20000JUIL!M6+TONT20000AOUT!M6+TONT20000SEPT!N6+TONT20000OCT!M6+TONT20000NOV!M6 -> 0 | Q6: =TONT20000DEC2015!M6+TONT20000JANV!M6+TONT20000FEV!M6+TONT20000MARS!M6+TONT20000AVRIL!M6+TONT20000MAI!M6+TONT20000JUIN!M6+TONT20000JUIL!M6+TONT20000AOUT!M6+TONT20000SEPT!N6+TONT20000OCT!M6+TONT20000NOV!M6 -> 0
A7: AS201603 | B7: =VLOOKUP(A7,LISTADHERENT!A$5:H$51,2) -> CHINGUE FABRICE | C7: 390000 | D7: 1842 | F7: =G7+H7+I7+J7+K7+L7+Q7 -> 240000 | G7: =TONT20000DEC2015!D7+TONT20000JANV!D7+TONT20000FEV!D7+TONT20000MARS!D7+TONT20000AVRIL!D7+TONT20000MAI!D7+TONT20000JUIN!D7+TONT20000JUIL!D7+TONT20000AOUT!D7+TONT20000SEPT!D7+TONT20000OCT!D7+TONT20000NOV!D7 -> 36000 | H7: =TONT20000DEC2015!E7+TONT20000JANV!E7+TONT20000FEV!E7+TONT20000MARS!E7+TONT20000AVRIL!E7+TONT20000MAI!E7+TONT20000JUIN!E7+TONT20000JUIL!E7+TONT20000AOUT!E7+TONT20000SEPT!E7+TONT20000OCT!E7+TONT20000NOV!E7 -> 6000 | I7: =TONT20000DEC2015!F7+TONT20000JANV!F7+TONT20000FEV!F7+TONT20000MARS!F7+TONT20000AVRIL!F7+TONT20000MAI!F7+TONT20000JUIN!F7+TONT20000JUIL!F7+TONT20000AOUT!F7+TONT20000SEPT!F7+TONT20000OCT!F7+TONT20000NOV!F7 -> 12000 | J7: =TONT20000DEC2015!G7+TONT20000JANV!G7+TONT20000FEV!G7+TONT20000MARS!G7+TONT20000AVRIL!G7+TONT20000MAI!G7+TONT20000JUIN!G7+TONT20000JUIL!G7+TONT20000AOUT!G7+TONT20000SEPT!G7+TONT20000OCT!G7+TONT20000NOV!G7 -> 30000 | K7: =TONT20000DEC2015!H7+TONT20000JANV!H7+TONT20000FEV!H7+TONT20000MARS!H7+TONT20000AVRIL!H7+TONT20000MAI!H7+TONT20000JUIN!H7+TONT20000JUIL!H7+TONT20000AOUT!H7+TONT20000SEPT!H7+TONT20000OCT!H7+TONT20000NOV!H7 -> 0 | L7: =TONT20000DEC2015!I7+TONT20000JANV!I7+TONT20000FEV!I7+TONT20000MARS!I7+TONT20000AVRIL!I7+TONT20000MAI!I7+TONT20000JUIN!I7+TONT20000JUIL!I7+TONT20000AOUT!I7+TONT20000SEPT!I7+TONT20000OCT!I7+TONT20000NOV!I7 -> 156000 | M7: =TONT20000DEC2015!J7+TONT20000JANV!J7+TONT20000FEV!J7+TONT20000MARS!J7+TONT20000AVRIL!J7+TONT20000MAI!J7+TONT20000JUIN!J7+TONT20000JUIL!J7+TONT20000AOUT!J7+TONT20000SEPT!J7+TONT20000OCT!J7+TONT20000NOV!J7 -> 2000000 | N7: =TONT20000DEC2015!K7+TONT20000JANV!K7+TONT20000FEV!K7+TONT20000MARS!K7+TONT20000AVRIL!K7+TONT20000MAI!K7+TONT20000JUIN!K7+TONT20000JUIL!K7+TONT20000AOUT!K7+TONT20000SEPT!K7+TONT20000OCT!K7+TONT20000NOV!K7 -> 180000 | O7: =TONT20000DEC2015!L7+TONT20000JANV!L7+TONT20000FEV!L7+TONT20000MARS!L7+TONT20000AVRIL!L7+TONT20000MAI!L7+TONT20000JUIN!L7+TONT20000JUIL!L7+TONT20000AOUT!L7+TONT20000SEPT!L7+TONT20000OCT!L7+TONT20000NOV!L7 -> 1000000 | P7: =TONT20000DEC2015!M7+TONT20000JANV!M7+TONT20000FEV!M7+TONT20000MARS!M7+TONT20000AVRIL!M7+TONT20000MAI!M7+TONT20000JUIN!M7+TONT20000JUIL!M7+TONT20000AOUT!M7+TONT20000SEPT!N7+TONT20000OCT!M7+TONT20000NOV!M7 -> 0 | Q7: =TONT20000DEC2015!M7+TONT20000JANV!M7+TONT20000FEV!M7+TONT20000MARS!M7+TONT20000AVRIL!M7+TONT20000MAI!M7+TONT20000JUIN!M7+TONT20000JUIL!M7+TONT20000AOUT!M7+TONT20000SEPT!N7+TONT20000OCT!M7+TONT20000NOV!M7 -> 0
A8: AS201604 | B8: =VLOOKUP(A8,LISTADHERENT!A$5:H$51,2) -> DJOMO JEAN PAUL | C8: 390000 | D8: 8156 | F8: =G8+H8+I8+J8+K8+L8+Q8 -> 247000 | G8: =TONT20000DEC2015!D8+TONT20000JANV!D8+TONT20000FEV!D8+TONT20000MARS!D8+TONT20000AVRIL!D8+TONT20000MAI!D8+TONT20000JUIN!D8+TONT20000JUIL!D8+TONT20000AOUT!D8+TONT20000SEPT!D8+TONT20000OCT!D8+TONT20000NOV!D8 -> 43000 | H8: =TONT20000DEC2015!E8+TONT20000JANV!E8+TONT20000FEV!E8+TONT20000MARS!E8+TONT20000AVRIL!E8+TONT20000MAI!E8+TONT20000JUIN!E8+TONT20000JUIL!E8+TONT20000AOUT!E8+TONT20000SEPT!E8+TONT20000OCT!E8+TONT20000NOV!E8 -> 6000 | I8: =TONT20000DEC2015!F8+TONT20000JANV!F8+TONT20000FEV!F8+TONT20000MARS!F8+TONT20000AVRIL!F8+TONT20000MAI!F8+TONT20000JUIN!F8+TONT20000JUIL!F8+TONT20000AOUT!F8+TONT20000SEPT!F8+TONT20000OCT!F8+TONT20000NOV!F8 -> 12000 | J8: =TONT20000DEC2015!G8+TONT20000JANV!G8+TONT20000FEV!G8+TONT20000MARS!G8+TONT20000AVRIL!G8+TONT20000MAI!G8+TONT20000JUIN!G8+TONT20000JUIL!G8+TONT20000AOUT!G8+TONT20000SEPT!G8+TONT20000OCT!G8+TONT20000NOV!G8 -> 30000 | K8: =TONT20000DEC2015!H8+TONT20000JANV!H8+TONT20000FEV!H8+TONT20000MARS!H8+TONT20000AVRIL!H8+TONT20000MAI!H8+TONT20000JUIN!H8+TONT20000JUIL!H8+TONT20000AOUT!H8+TONT20000SEPT!H8+TONT20000OCT!H8+TONT20000NOV!H8 -> 0 | L8: =TONT20000DEC2015!I8+TONT20000JANV!I8+TONT20000FEV!I8+TONT20000MARS!I8+TONT20000AVRIL!I8+TONT20000MAI!I8+TONT20000JUIN!I8+TONT20000JUIL!I8+TONT20000AOUT!I8+TONT20000SEPT!I8+TONT20000OCT!I8+TONT20000NOV!I8 -> 156000 | M8: =TONT20000DEC2015!J8+TONT20000JANV!J8+TONT20000FEV!J8+TONT20000MARS!J8+TONT20000AVRIL!J8+TONT20000MAI!J8+TONT20000JUIN!J8+TONT20000JUIL!J8+TONT20000AOUT!J8+TONT20000SEPT!J8+TONT20000OCT!J8+TONT20000NOV!J8 -> 200000 | N8: =TONT20000DEC2015!K8+TONT20000JANV!K8+TONT20000FEV!K8+TONT20000MARS!K8+TONT20000AVRIL!K8+TONT20000MAI!K8+TONT20000JUIN!K8+TONT20000JUIL!K8+TONT20000AOUT!K8+TONT20000SEPT!K8+TONT20000OCT!K8+TONT20000NOV!K8 -> 6000 | O8: =TONT20000DEC2015!L8+TONT20000JANV!L8+TONT20000FEV!L8+TONT20000MARS!L8+TONT20000AVRIL!L8+TONT20000MAI!L8+TONT20000JUIN!L8+TONT20000JUIL!L8+TONT20000AOUT!L8+TONT20000SEPT!L8+TONT20000OCT!L8+TONT20000NOV!L8 -> 0 | P8: =TONT20000DEC2015!M8+TONT20000JANV!M8+TONT20000FEV!M8+TONT20000MARS!M8+TONT20000AVRIL!M8+TONT20000MAI!M8+TONT20000JUIN!M8+TONT20000JUIL!M8+TONT20000AOUT!M8+TONT20000SEPT!N8+TONT20000OCT!M8+TONT20000NOV!M8 -> 0 | Q8: =TONT20000DEC2015!M8+TONT20000JANV!M8+TONT20000FEV!M8+TONT20000MARS!M8+TONT20000AVRIL!M8+TONT20000MAI!M8+TONT20000JUIN!M8+TONT20000JUIL!M8+TONT20000AOUT!M8+TONT20000SEPT!N8+TONT20000OCT!M8+TONT20000NOV!M8 -> 0
A9: AS201605 | B9: =VLOOKUP(A9,LISTADHERENT!A$5:H$51,2) -> DJOUKWE GUY | C9: 390000 | D9: 5905 | F9: =G9+H9+I9+J9+K9+L9+Q9 -> 280000 | G9: =TONT20000DEC2015!D9+TONT20000JANV!D9+TONT20000FEV!D9+TONT20000MARS!D9+TONT20000AVRIL!D9+TONT20000MAI!D9+TONT20000JUIN!D9+TONT20000JUIL!D9+TONT20000AOUT!D9+TONT20000SEPT!D9+TONT20000OCT!D9+TONT20000NOV!D9 -> 76000 | H9: =TONT20000DEC2015!E9+TONT20000JANV!E9+TONT20000FEV!E9+TONT20000MARS!E9+TONT20000AVRIL!E9+TONT20000MAI!E9+TONT20000JUIN!E9+TONT20000JUIL!E9+TONT20000AOUT!E9+TONT20000SEPT!E9+TONT20000OCT!E9+TONT20000NOV!E9 -> 6000 | I9: =TONT20000DEC2015!F9+TONT20000JANV!F9+TONT20000FEV!F9+TONT20000MARS!F9+TONT20000AVRIL!F9+TONT20000MAI!F9+TONT20000JUIN!F9+TONT20000JUIL!F9+TONT20000AOUT!F9+TONT20000SEPT!F9+TONT20000OCT!F9+TONT20000NOV!F9 -> 12000 | J9: =TONT20000DEC2015!G9+TONT20000JANV!G9+TONT20000FEV!G9+TONT20000MARS!G9+TONT20000AVRIL!G9+TONT20000MAI!G9+TONT20000JUIN!G9+TONT20000JUIL!G9+TONT20000AOUT!G9+TONT20000SEPT!G9+TONT20000OCT!G9+TONT20000NOV!G9 -> 30000 | K9: =TONT20000DEC2015!H9+TONT20000JANV!H9+TONT20000FEV!H9+TONT20000MARS!H9+TONT20000AVRIL!H9+TONT20000MAI!H9+TONT20000JUIN!H9+TONT20000JUIL!H9+TONT20000AOUT!H9+TONT20000SEPT!H9+TONT20000OCT!H9+TONT20000NOV!H9 -> 0 | L9: =TONT20000DEC2015!I9+TONT20000JANV!I9+TONT20000FEV!I9+TONT20000MARS!I9+TONT20000AVRIL!I9+TONT20000MAI!I9+TONT20000JUIN!I9+TONT20000JUIL!I9+TONT20000AOUT!I9+TONT20000SEPT!I9+TONT20000OCT!I9+TONT20000NOV!I9 -> 156000 | M9: =TONT20000DEC2015!J9+TONT20000JANV!J9+TONT20000FEV!J9+TONT20000MARS!J9+TONT20000AVRIL!J9+TONT20000MAI!J9+TONT20000JUIN!J9+TONT20000JUIL!J9+TONT20000AOUT!J9+TONT20000SEPT!J9+TONT20000OCT!J9+TONT20000NOV!J9 -> 250000 | N9: =TONT20000DEC2015!K9+TONT20000JANV!K9+TONT20000FEV!K9+TONT20000MARS!K9+TONT20000AVRIL!K9+TONT20000MAI!K9+TONT20000JUIN!K9+TONT20000JUIL!K9+TONT20000AOUT!K9+TONT20000SEPT!K9+TONT20000OCT!K9+TONT20000NOV!K9 -> 7500 | O9: =TONT20000DEC2015!L9+TONT20000JANV!L9+TONT20000FEV!L9+TONT20000MARS!L9+TONT20000AVRIL!L9+TONT20000MAI!L9+TONT20000JUIN!L9+TONT20000JUIL!L9+TONT20000AOUT!L9+TONT20000SEPT!L9+TONT20000OCT!L9+TONT20000NOV!L9 -> 0 | P9: =TONT20000DEC2015!M9+TONT20000JANV!M9+TONT20000FEV!M9+TONT20000MARS!M9+TONT20000AVRIL!M9+TONT20000MAI!M9+TONT20000JUIN!M9+TONT20000JUIL!M9+TONT20000AOUT!M9+TONT20000SEPT!N9+TONT20000OCT!M9+TONT20000NOV!M9 -> 0 | Q9: =TONT20000DEC2015!M9+TONT20000JANV!M9+TONT20000FEV!M9+TONT20000MARS!M9+TONT20000AVRIL!M9+TONT20000MAI!M9+TONT20000JUIN!M9+TONT20000JUIL!M9+TONT20000AOUT!M9+TONT20000SEPT!N9+TONT20000OCT!M9+TONT20000NOV!M9 -> 0
A10: AS201606 | B10: =VLOOKUP(A10,LISTADHERENT!A$5:H$51,2) -> DJOSSEU JOSUE | C10: 0 | D10: 0 | F10: =G10+H10+I10+J10+K10+L10+Q10 -> 22000 | G10: =TONT20000DEC2015!D10+TONT20000JANV!D10+TONT20000FEV!D10+TONT20000MARS!D10+TONT20000AVRIL!D10+TONT20000MAI!D10+TONT20000JUIN!D10+TONT20000JUIL!D10+TONT20000AOUT!D10+TONT20000SEPT!D10+TONT20000OCT!D10+TONT20000NOV!D10 -> 5000 | H10: =TONT20000DEC2015!E10+TONT20000JANV!E10+TONT20000FEV!E10+TONT20000MARS!E10+TONT20000AVRIL!E10+TONT20000MAI!E10+TONT20000JUIN!E10+TONT20000JUIL!E10+TONT20000AOUT!E10+TONT20000SEPT!E10+TONT20000OCT!E10+TONT20000NOV!E10 -> 500 | I10: =TONT20000DEC2015!F10+TONT20000JANV!F10+TONT20000FEV!F10+TONT20000MARS!F10+TONT20000AVRIL!F10+TONT20000MAI!F10+TONT20000JUIN!F10+TONT20000JUIL!F10+TONT20000AOUT!F10+TONT20000SEPT!F10+TONT20000OCT!F10+TONT20000NOV!F10 -> 1000 | J10: =TONT20000DEC2015!G10+TONT20000JANV!G10+TONT20000FEV!G10+TONT20000MARS!G10+TONT20000AVRIL!G10+TONT20000MAI!G10+TONT20000JUIN!G10+TONT20000JUIL!G10+TONT20000AOUT!G10+TONT20000SEPT!G10+TONT20000OCT!G10+TONT20000NOV!G10 -> 2500 | K10: =TONT20000DEC2015!H10+TONT20000JANV!H10+TONT20000FEV!H10+TONT20000MARS!H10+TONT20000AVRIL!H10+TONT20000MAI!H10+TONT20000JUIN!H10+TONT20000JUIL!H10+TONT20000AOUT!H10+TONT20000SEPT!H10+TONT20000OCT!H10+TONT20000NOV!H10 -> 0 | L10: =TONT20000DEC2015!I10+TONT20000JANV!I10+TONT20000FEV!I10+TONT20000MARS!I10+TONT20000AVRIL!I10+TONT20000MAI!I10+TONT20000JUIN!I10+TONT20000JUIL!I10+TONT20000AOUT!I10+TONT20000SEPT!I10+TONT20000OCT!I10+TONT20000NOV!I10 -> 13000 | M10: =TONT20000DEC2015!J10+TONT20000JANV!J10+TONT20000FEV!J10+TONT20000MARS!J10+TONT20000AVRIL!J10+TONT20000MAI!J10+TONT20000JUIN!J10+TONT20000JUIL!J10+TONT20000AOUT!J10+TONT20000SEPT!J10+TONT20000OCT!J10+TONT20000NOV!J10 -> 0 | N10: =TONT20000DEC2015!K10+TONT20000JANV!K10+TONT20000FEV!K10+TONT20000MARS!K10+TONT20000AVRIL!K10+TONT20000MAI!K10+TONT20000JUIN!K10+TONT20000JUIL!K10+TONT20000AOUT!K10+TONT20000SEPT!K10+TONT20000OCT!K10+TONT20000NOV!K10 -> 0 | O10: =TONT20000DEC2015!L10+TONT20000JANV!L10+TONT20000FEV!L10+TONT20000MARS!L10+TONT20000AVRIL!L10+TONT20000MAI!L10+TONT20000JUIN!L10+TONT20000JUIL!L10+TONT20000AOUT!L10+TONT20000SEPT!L10+TONT20000OCT!L10+TONT20000NOV!L10 -> 0 | P10: =TONT20000DEC2015!M10+TONT20000JANV!M10+TONT20000FEV!M10+TONT20000MARS!M10+TONT20000AVRIL!M10+TONT20000MAI!M10+TONT20000JUIN!M10+TONT20000JUIL!M10+TONT20000AOUT!M10+TONT20000SEPT!N10+TONT20000OCT!M10+TONT20000NOV!M10 -> 0 | Q10: =TONT20000DEC2015!M10+TONT20000JANV!M10+TONT20000FEV!M10+TONT20000MARS!M10+TONT20000AVRIL!M10+TONT20000MAI!M10+TONT20000JUIN!M10+TONT20000JUIL!M10+TONT20000AOUT!M10+TONT20000SEPT!N10+TONT20000OCT!M10+TONT20000NOV!M10 -> 0
A11: AS201607 | B11: =VLOOKUP(A11,LISTADHERENT!A$5:H$51,2) -> DJOUNKEP SAMUEL | C11: 390000 | D11: 1055294 | F11: =G11+H11+I11+J11+K11+L11+Q11 -> 760000 | G11: =TONT20000DEC2015!D11+TONT20000JANV!D11+TONT20000FEV!D11+TONT20000MARS!D11+TONT20000AVRIL!D11+TONT20000MAI!D11+TONT20000JUIN!D11+TONT20000JUIL!D11+TONT20000AOUT!D11+TONT20000SEPT!D11+TONT20000OCT!D11+TONT20000NOV!D11 -> 556000 | H11: =TONT20000DEC2015!E11+TONT20000JANV!E11+TONT20000FEV!E11+TONT20000MARS!E11+TONT20000AVRIL!E11+TONT20000MAI!E11+TONT20000JUIN!E11+TONT20000JUIL!E11+TONT20000AOUT!E11+TONT20000SEPT!E11+TONT20000OCT!E11+TONT20000NOV!E11 -> 6000 | I11: =TONT20000DEC2015!F11+TONT20000JANV!F11+TONT20000FEV!F11+TONT20000MARS!F11+TONT20000AVRIL!F11+TONT20000MAI!F11+TONT20000JUIN!F11+TONT20000JUIL!F11+TONT20000AOUT!F11+TONT20000SEPT!F11+TONT20000OCT!F11+TONT20000NOV!F11 -> 12000 | J11: =TONT20000DEC2015!G11+TONT20000JANV!G11+TONT20000FEV!G11+TONT20000MARS!G11+TONT20000AVRIL!G11+TONT20000MAI!G11+TONT20000JUIN!G11+TONT20000JUIL!G11+TONT20000AOUT!G11+TONT20000SEPT!G11+TONT20000OCT!G11+TONT20000NOV!G11 -> 30000 | K11: =TONT20000DEC2015!H11+TONT20000JANV!H11+TONT20000FEV!H11+TONT20000MARS!H11+TONT20000AVRIL!H11+TONT20000MAI!H11+TONT20000JUIN!H11+TONT20000JUIL!H11+TONT20000AOUT!H11+TONT20000SEPT!H11+TONT20000OCT!H11+TONT20000NOV!H11 -> 0 | L11: =TONT20000DEC2015!I11+TONT20000JANV!I11+TONT20000FEV!I11+TONT20000MARS!I11+TONT20000AVRIL!I11+TONT20000MAI!I11+TONT20000JUIN!I11+TONT20000JUIL!I11+TONT20000AOUT!I11+TONT20000SEPT!I11+TONT20000OCT!I11+TONT20000NOV!I11 -> 156000 | M11: =TONT20000DEC2015!J11+TONT20000JANV!J11+TONT20000FEV!J11+TONT20000MARS!J11+TONT20000AVRIL!J11+TONT20000MAI!J11+TONT20000JUIN!J11+TONT20000JUIL!J11+TONT20000AOUT!J11+TONT20000SEPT!J11+TONT20000OCT!J11+TONT20000NOV!J11 -> 0 | N11: =TONT20000DEC2015!K11+TONT20000JANV!K11+TONT20000FEV!K11+TONT20000MARS!K11+TONT20000AVRIL!K11+TONT20000MAI!K11+TONT20000JUIN!K11+TONT20000JUIL!K11+TONT20000AOUT!K11+TONT20000SEPT!K11+TONT20000OCT!K11+TONT20000NOV!K11 -> 0 | O11: =TONT20000DEC2015!L11+TONT20000JANV!L11+TONT20000FEV!L11+TONT20000MARS!L11+TONT20000AVRIL!L11+TONT20000MAI!L11+TONT20000JUIN!L11+TONT20000JUIL!L11+TONT20000AOUT!L11+TONT20000SEPT!L11+TONT20000OCT!L11+TONT20000NOV!L11 -> 0 | P11: =TONT20000DEC2015!M11+TONT20000JANV!M11+TONT20000FEV!M11+TONT20000MARS!M11+TONT20000AVRIL!M11+TONT20000MAI!M11+TONT20000JUIN!M11+TONT20000JUIL!M11+TONT20000AOUT!M11+TONT20000SEPT!N11+TONT20000OCT!M11+TONT20000NOV!M11 -> 0 | Q11: =TONT20000DEC2015!M11+TONT20000JANV!M11+TONT20000FEV!M11+TONT20000MARS!M11+TONT20000AVRIL!M11+TONT20000MAI!M11+TONT20000JUIN!M11+TONT20000JUIL!M11+TONT20000AOUT!M11+TONT20000SEPT!N11+TONT20000OCT!M11+TONT20000NOV!M11 -> 0
A12: AS201608 | B12: =VLOOKUP(A12,LISTADHERENT!A$5:H$51,2) -> DJUOMBESSY ANTOINE | C12: =390000-70866 -> 319134 | D12: 0 | F12: =G12+H12+I12+J12+K12+L12+Q12 -> 320000 | G12: =TONT20000DEC2015!D12+TONT20000JANV!D12+TONT20000FEV!D12+TONT20000MARS!D12+TONT20000AVRIL!D12+TONT20000MAI!D12+TONT20000JUIN!D12+TONT20000JUIL!D12+TONT20000AOUT!D12+TONT20000SEPT!D12+TONT20000OCT!D12+TONT20000NOV!D12 -> 67560 | H12: =TONT20000DEC2015!E12+TONT20000JANV!E12+TONT20000FEV!E12+TONT20000MARS!E12+TONT20000AVRIL!E12+TONT20000MAI!E12+TONT20000JUIN!E12+TONT20000JUIL!E12+TONT20000AOUT!E12+TONT20000SEPT!E12+TONT20000OCT!E12+TONT20000NOV!E12 -> 6000 | I12: =TONT20000DEC2015!F12+TONT20000JANV!F12+TONT20000FEV!F12+TONT20000MARS!F12+TONT20000AVRIL!F12+TONT20000MAI!F12+TONT20000JUIN!F12+TONT20000JUIL!F12+TONT20000AOUT!F12+TONT20000SEPT!F12+TONT20000OCT!F12+TONT20000NOV!F12 -> 12000 | J12: =TONT20000DEC2015!G12+TONT20000JANV!G12+TONT20000FEV!G12+TONT20000MARS!G12+TONT20000AVRIL!G12+TONT20000MAI!G12+TONT20000JUIN!G12+TONT20000JUIL!G12+TONT20000AOUT!G12+TONT20000SEPT!G12+TONT20000OCT!G12+TONT20000NOV!G12 -> 30000 | K12: =TONT20000DEC2015!H12+TONT20000JANV!H12+TONT20000FEV!H12+TONT20000MARS!H12+TONT20000AVRIL!H12+TONT20000MAI!H12+TONT20000JUIN!H12+TONT20000JUIL!H12+TONT20000AOUT!H12+TONT20000SEPT!H12+TONT20000OCT!H12+TONT20000NOV!H12 -> 0 | L12: =TONT20000DEC2015!I12+TONT20000JANV!I12+TONT20000FEV!I12+TONT20000MARS!I12+TONT20000AVRIL!I12+TONT20000MAI!I12+TONT20000JUIN!I12+TONT20000JUIL!I12+TONT20000AOUT!I12+TONT20000SEPT!I12+TONT20000OCT!I12+TONT20000NOV!I12 -> 156000 | M12: =TONT20000DEC2015!J12+TONT20000JANV!J12+TONT20000FEV!J12+TONT20000MARS!J12+TONT20000AVRIL!J12+TONT20000MAI!J12+TONT20000JUIN!J12+TONT20000JUIL!J12+TONT20000AOUT!J12+TONT20000SEPT!J12+TONT20000OCT!J12+TONT20000NOV!J12 -> 700000 | N12: =TONT20000DEC2015!K12+TONT20000JANV!K12+TONT20000FEV!K12+TONT20000MARS!K12+TONT20000AVRIL!K12+TONT20000MAI!K12+TONT20000JUIN!K12+TONT20000JUIL!K12+TONT20000AOUT!K12+TONT20000SEPT!K12+TONT20000OCT!K12+TONT20000NOV!K12 -> 84000 | O12: =TONT20000DEC2015!L12+TONT20000JANV!L12+TONT20000FEV!L12+TONT20000MARS!L12+TONT20000AVRIL!L12+TONT20000MAI!L12+TONT20000JUIN!L12+TONT20000JUIL!L12+TONT20000AOUT!L12+TONT20000SEPT!L12+TONT20000OCT!L12+TONT20000NOV!L12 -> 0 | P12: =TONT20000DEC2015!M12+TONT20000JANV!M12+TONT20000FEV!M12+TONT20000MARS!M12+TONT20000AVRIL!M12+TONT20000MAI!M12+TONT20000JUIN!M12+TONT20000JUIL!M12+TONT20000AOUT!M12+TONT20000SEPT!N12+TONT20000OCT!M12+TONT20000NOV!M12 -> 48440 | Q12: =TONT20000DEC2015!M12+TONT20000JANV!M12+TONT20000FEV!M12+TONT20000MARS!M12+TONT20000AVRIL!M12+TONT20000MAI!M12+TONT20000JUIN!M12+TONT20000JUIL!M12+TONT20000AOUT!M12+TONT20000SEPT!N12+TONT20000OCT!M12+TONT20000NOV!M12 -> 48440
A13: AS201609 | B13: =VLOOKUP(A13,LISTADHERENT!A$5:H$51,2) -> DONHOU DAVID | C13: 390000 | D13: 44734 | F13: =G13+H13+I13+J13+K13+L13+Q13 -> 240000 | G13: =TONT20000DEC2015!D13+TONT20000JANV!D13+TONT20000FEV!D13+TONT20000MARS!D13+TONT20000AVRIL!D13+TONT20000MAI!D13+TONT20000JUIN!D13+TONT20000JUIL!D13+TONT20000AOUT!D13+TONT20000SEPT!D13+TONT20000OCT!D13+TONT20000NOV!D13 -> 36000 | H13: =TONT20000DEC2015!E13+TONT20000JANV!E13+TONT20000FEV!E13+TONT20000MARS!E13+TONT20000AVRIL!E13+TONT20000MAI!E13+TONT20000JUIN!E13+TONT20000JUIL!E13+TONT20000AOUT!E13+TONT20000SEPT!E13+TONT20000OCT!E13+TONT20000NOV!E13 -> 6000 | I13: =TONT20000DEC2015!F13+TONT20000JANV!F13+TONT20000FEV!F13+TONT20000MARS!F13+TONT20000AVRIL!F13+TONT20000MAI!F13+TONT20000JUIN!F13+TONT20000JUIL!F13+TONT20000AOUT!F13+TONT20000SEPT!F13+TONT20000OCT!F13+TONT20000NOV!F13 -> 12000 | J13: =TONT20000DEC2015!G13+TONT20000JANV!G13+TONT20000FEV!G13+TONT20000MARS!G13+TONT20000AVRIL!G13+TONT20000MAI!G13+TONT20000JUIN!G13+TONT20000JUIL!G13+TONT20000AOUT!G13+TONT20000SEPT!G13+TONT20000OCT!G13+TONT20000NOV!G13 -> 30000 | K13: =TONT20000DEC2015!H13+TONT20000JANV!H13+TONT20000FEV!H13+TONT20000MARS!H13+TONT20000AVRIL!H13+TONT20000MAI!H13+TONT20000JUIN!H13+TONT20000JUIL!H13+TONT20000AOUT!H13+TONT20000SEPT!H13+TONT20000OCT!H13+TONT20000NOV!H13 -> 0 | L13: =TONT20000DEC2015!I13+TONT20000JANV!I13+TONT20000FEV!I13+TONT20000MARS!I13+TONT20000AVRIL!I13+TONT20000MAI!I13+TONT20000JUIN!I13+TONT20000JUIL!I13+TONT20000AOUT!I13+TONT20000SEPT!I13+TONT20000OCT!I13+TONT20000NOV!I13 -> 156000 | M13: =TONT20000DEC2015!J13+TONT20000JANV!J13+TONT20000FEV!J13+TONT20000MARS!J13+TONT20000AVRIL!J13+TONT20000MAI!J13+TONT20000JUIN!J13+TONT20000JUIL!J13+TONT20000AOUT!J13+TONT20000SEPT!J13+TONT20000OCT!J13+TONT20000NOV!J13 -> 0 | N13: =TONT20000DEC2015!K13+TONT20000JANV!K13+TONT20000FEV!K13+TONT20000MARS!K13+TONT20000AVRIL!K13+TONT20000MAI!K13+TONT20000JUIN!K13+TONT20000JUIL!K13+TONT20000AOUT!K13+TONT20000SEPT!K13+TONT20000OCT!K13+TONT20000NOV!K13 -> 0 | O13: =TONT20000DEC2015!L13+TONT20000JANV!L13+TONT20000FEV!L13+TONT20000MARS!L13+TONT20000AVRIL!L13+TONT20000MAI!L13+TONT20000JUIN!L13+TONT20000JUIL!L13+TONT20000AOUT!L13+TONT20000SEPT!L13+TONT20000OCT!L13+TONT20000NOV!L13 -> 0 | P13: =TONT20000DEC2015!M13+TONT20000JANV!M13+TONT20000FEV!M13+TONT20000MARS!M13+TONT20000AVRIL!M13+TONT20000MAI!M13+TONT20000JUIN!M13+TONT20000JUIL!M13+TONT20000AOUT!M13+TONT20000SEPT!N13+TONT20000OCT!M13+TONT20000NOV!M13 -> 0 | Q13: =TONT20000DEC2015!M13+TONT20000JANV!M13+TONT20000FEV!M13+TONT20000MARS!M13+TONT20000AVRIL!M13+TONT20000MAI!M13+TONT20000JUIN!M13+TONT20000JUIL!M13+TONT20000AOUT!M13+TONT20000SEPT!N13+TONT20000OCT!M13+TONT20000NOV!M13 -> 0
A14: AS201610 | B14: =VLOOKUP(A14,LISTADHERENT!A$5:H$51,2) -> FOTSO THOMAS | C14: 390000 | D14: 3318 | F14: =G14+H14+I14+J14+K14+L14+Q14 -> 240000 | G14: =TONT20000DEC2015!D14+TONT20000JANV!D14+TONT20000FEV!D14+TONT20000MARS!D14+TONT20000AVRIL!D14+TONT20000MAI!D14+TONT20000JUIN!D14+TONT20000JUIL!D14+TONT20000AOUT!D14+TONT20000SEPT!D14+TONT20000OCT!D14+TONT20000NOV!D14 -> 36000 | H14: =TONT20000DEC2015!E14+TONT20000JANV!E14+TONT20000FEV!E14+TONT20000MARS!E14+TONT20000AVRIL!E14+TONT20000MAI!E14+TONT20000JUIN!E14+TONT20000JUIL!E14+TONT20000AOUT!E14+TONT20000SEPT!E14+TONT20000OCT!E14+TONT20000NOV!E14 -> 6000 | I14: =TONT20000DEC2015!F14+TONT20000JANV!F14+TONT20000FEV!F14+TONT20000MARS!F14+TONT20000AVRIL!F14+TONT20000MAI!F14+TONT20000JUIN!F14+TONT20000JUIL!F14+TONT20000AOUT!F14+TONT20000SEPT!F14+TONT20000OCT!F14+TONT20000NOV!F14 -> 12000 | J14: =TONT20000DEC2015!G14+TONT20000JANV!G14+TONT20000FEV!G14+TONT20000MARS!G14+TONT20000AVRIL!G14+TONT20000MAI!G14+TONT20000JUIN!G14+TONT20000JUIL!G14+TONT20000AOUT!G14+TONT20000SEPT!G14+TONT20000OCT!G14+TONT20000NOV!G14 -> 30000 | K14: =TONT20000DEC2015!H14+TONT20000JANV!H14+TONT20000FEV!H14+TONT20000MARS!H14+TONT20000AVRIL!H14+TONT20000MAI!H14+TONT20000JUIN!H14+TONT20000JUIL!H14+TONT20000AOUT!H14+TONT20000SEPT!H14+TONT20000OCT!H14+TONT20000NOV!H14 -> 0 | L14: =TONT20000DEC2015!I14+TONT20000JANV!I14+TONT20000FEV!I14+TONT20000MARS!I14+TONT20000AVRIL!I14+TONT20000MAI!I14+TONT20000JUIN!I14+TONT20000JUIL!I14+TONT20000AOUT!I14+TONT20000SEPT!I14+TONT20000OCT!I14+TONT20000NOV!I14 -> 156000 | M14: =TONT20000DEC2015!J14+TONT20000JANV!J14+TONT20000FEV!J14+TONT20000MARS!J14+TONT20000AVRIL!J14+TONT20000MAI!J14+TONT20000JUIN!J14+TONT20000JUIL!J14+TONT20000AOUT!J14+TONT20000SEPT!J14+TONT20000OCT!J14+TONT20000NOV!J14 -> 1000000 | N14: =TONT20000DEC2015!K14+TONT20000JANV!K14+TONT20000FEV!K14+TONT20000MARS!K14+TONT20000AVRIL!K14+TONT20000MAI!K14+TONT20000JUIN!K14+TONT20000JUIL!K14+TONT20000AOUT!K14+TONT20000SEPT!K14+TONT20000OCT!K14+TONT20000NOV!K14 -> 120000 | O14: =TONT20000DEC2015!L14+TONT20000JANV!L14+TONT20000FEV!L14+TONT20000MARS!L14+TONT20000AVRIL!L14+TONT20000MAI!L14+TONT20000JUIN!L14+TONT20000JUIL!L14+TONT20000AOUT!L14+TONT20000SEPT!L14+TONT20000OCT!L14+TONT20000NOV!L14 -> 0 | P14: =TONT20000DEC2015!M14+TONT20000JANV!M14+TONT20000FEV!M14+TONT20000MARS!M14+TONT20000AVRIL!M14+TONT20000MAI!M14+TONT20000JUIN!M14+TONT20000JUIL!M14+TONT20000AOUT!M14+TONT20000SEPT!N14+TONT20000OCT!M14+TONT20000NOV!M14 -> 0 | Q14: =TONT20000DEC2015!M14+TONT20000JANV!M14+TONT20000FEV!M14+TONT20000MARS!M14+TONT20000AVRIL!M14+TONT20000MAI!M14+TONT20000JUIN!M14+TONT20000JUIL!M14+TONT20000AOUT!M14+TONT20000SEPT!N14+TONT20000OCT!M14+TONT20000NOV!M14 -> 0
A15: AS201611 | B15: =VLOOKUP(A15,LISTADHERENT!A$5:H$51,2) -> HENGUE PAUL OMER | C15: 390000 | D15: 1083990 | F15: =G15+H15+I15+J15+K15+L15+Q15 -> 200000 | G15: =TONT20000DEC2015!D15+TONT20000JANV!D15+TONT20000FEV!D15+TONT20000MARS!D15+TONT20000AVRIL!D15+TONT20000MAI!D15+TONT20000JUIN!D15+TONT20000JUIL!D15+TONT20000AOUT!D15+TONT20000SEPT!D15+TONT20000OCT!D15+TONT20000NOV!D15 -> 30000 | H15: =TONT20000DEC2015!E15+TONT20000JANV!E15+TONT20000FEV!E15+TONT20000MARS!E15+TONT20000AVRIL!E15+TONT20000MAI!E15+TONT20000JUIN!E15+TONT20000JUIL!E15+TONT20000AOUT!E15+TONT20000SEPT!E15+TONT20000OCT!E15+TONT20000NOV!E15 -> 5000 | I15: =TONT20000DEC2015!F15+TONT20000JANV!F15+TONT20000FEV!F15+TONT20000MARS!F15+TONT20000AVRIL!F15+TONT20000MAI!F15+TONT20000JUIN!F15+TONT20000JUIL!F15+TONT20000AOUT!F15+TONT20000SEPT!F15+TONT20000OCT!F15+TONT20000NOV!F15 -> 10000 | J15: =TONT20000DEC2015!G15+TONT20000JANV!G15+TONT20000FEV!G15+TONT20000MARS!G15+TONT20000AVRIL!G15+TONT20000MAI!G15+TONT20000JUIN!G15+TONT20000JUIL!G15+TONT20000AOUT!G15+TONT20000SEPT!G15+TONT20000OCT!G15+TONT20000NOV!G15 -> 25000 | K15: =TONT20000DEC2015!H15+TONT20000JANV!H15+TONT20000FEV!H15+TONT20000MARS!H15+TONT20000AVRIL!H15+TONT20000MAI!H15+TONT20000JUIN!H15+TONT20000JUIL!H15+TONT20000AOUT!H15+TONT20000SEPT!H15+TONT20000OCT!H15+TONT20000NOV!H15 -> 0 | L15: =TONT20000DEC2015!I15+TONT20000JANV!I15+TONT20000FEV!I15+TONT20000MARS!I15+TONT20000AVRIL!I15+TONT20000MAI!I15+TONT20000JUIN!I15+TONT20000JUIL!I15+TONT20000AOUT!I15+TONT20000SEPT!I15+TONT20000OCT!I15+TONT20000NOV!I15 -> 130000 | M15: =TONT20000DEC2015!J15+TONT20000JANV!J15+TONT20000FEV!J15+TONT20000MARS!J15+TONT20000AVRIL!J15+TONT20000MAI!J15+TONT20000JUIN!J15+TONT20000JUIL!J15+TONT20000AOUT!J15+TONT20000SEPT!J15+TONT20000OCT!J15+TONT20000NOV!J15 -> 0 | N15: =TONT20000DEC2015!K15+TONT20000JANV!K15+TONT20000FEV!K15+TONT20000MARS!K15+TONT20000AVRIL!K15+TONT20000MAI!K15+TONT20000JUIN!K15+TONT20000JUIL!K15+TONT20000AOUT!K15+TONT20000SEPT!K15+TONT20000OCT!K15+TONT20000NOV!K15 -> 0 | O15: =TONT20000DEC2015!L15+TONT20000JANV!L15+TONT20000FEV!L15+TONT20000MARS!L15+TONT20000AVRIL!L15+TONT20000MAI!L15+TONT20000JUIN!L15+TONT20000JUIL!L15+TONT20000AOUT!L15+TONT20000SEPT!L15+TONT20000OCT!L15+TONT20000NOV!L15 -> 0 | P15: =TONT20000DEC2015!M15+TONT20000JANV!M15+TONT20000FEV!M15+TONT20000MARS!M15+TONT20000AVRIL!M15+TONT20000MAI!M15+TONT20000JUIN!M15+TONT20000JUIL!M15+TONT20000AOUT!M15+TONT20000SEPT!N15+TONT20000OCT!M15+TONT20000NOV!M15 -> 0 | Q15: =TONT20000DEC2015!M15+TONT20000JANV!M15+TONT20000FEV!M15+TONT20000MARS!M15+TONT20000AVRIL!M15+TONT20000MAI!M15+TONT20000JUIN!M15+TONT20000JUIL!M15+TONT20000AOUT!M15+TONT20000SEPT!N15+TONT20000OCT!M15+TONT20000NOV!M15 -> 0
A16: AS201612 | B16: =VLOOKUP(A16,LISTADHERENT!A$5:H$51,2) -> HODIEP JULES | C16: =390000-111192 -> 278808 | D16: 0 | F16: =G16+H16+I16+J16+K16+L16+Q16 -> 240000 | G16: =TONT20000DEC2015!D16+TONT20000JANV!D16+TONT20000FEV!D16+TONT20000MARS!D16+TONT20000AVRIL!D16+TONT20000MAI!D16+TONT20000JUIN!D16+TONT20000JUIL!D16+TONT20000AOUT!D16+TONT20000SEPT!D16+TONT20000OCT!D16+TONT20000NOV!D16 -> 36000 | H16: =TONT20000DEC2015!E16+TONT20000JANV!E16+TONT20000FEV!E16+TONT20000MARS!E16+TONT20000AVRIL!E16+TONT20000MAI!E16+TONT20000JUIN!E16+TONT20000JUIL!E16+TONT20000AOUT!E16+TONT20000SEPT!E16+TONT20000OCT!E16+TONT20000NOV!E16 -> 6000 | I16: =TONT20000DEC2015!F16+TONT20000JANV!F16+TONT20000FEV!F16+TONT20000MARS!F16+TONT20000AVRIL!F16+TONT20000MAI!F16+TONT20000JUIN!F16+TONT20000JUIL!F16+TONT20000AOUT!F16+TONT20000SEPT!F16+TONT20000OCT!F16+TONT20000NOV!F16 -> 12000 | J16: =TONT20000DEC2015!G16+TONT20000JANV!G16+TONT20000FEV!G16+TONT20000MARS!G16+TONT20000AVRIL!G16+TONT20000MAI!G16+TONT20000JUIN!G16+TONT20000JUIL!G16+TONT20000AOUT!G16+TONT20000SEPT!G16+TONT20000OCT!G16+TONT20000NOV!G16 -> 30000 | K16: =TONT20000DEC2015!H16+TONT20000JANV!H16+TONT20000FEV!H16+TONT20000MARS!H16+TONT20000AVRIL!H16+TONT20000MAI!H16+TONT20000JUIN!H16+TONT20000JUIL!H16+TONT20000AOUT!H16+TONT20000SEPT!H16+TONT20000OCT!H16+TONT20000NOV!H16 -> 0 | L16: =TONT20000DEC2015!I16+TONT20000JANV!I16+TONT20000FEV!I16+TONT20000MARS!I16+TONT20000AVRIL!I16+TONT20000MAI!I16+TONT20000JUIN!I16+TONT20000JUIL!I16+TONT20000AOUT!I16+TONT20000SEPT!I16+TONT20000OCT!I16+TONT20000NOV!I16 -> 156000 | M16: =TONT20000DEC2015!J16+TONT20000JANV!J16+TONT20000FEV!J16+TONT20000MARS!J16+TONT20000AVRIL!J16+TONT20000MAI!J16+TONT20000JUIN!J16+TONT20000JUIL!J16+TONT20000AOUT!J16+TONT20000SEPT!J16+TONT20000OCT!J16+TONT20000NOV!J16 -> 0 | N16: =TONT20000DEC2015!K16+TONT20000JANV!K16+TONT20000FEV!K16+TONT20000MARS!K16+TONT20000AVRIL!K16+TONT20000MAI!K16+TONT20000JUIN!K16+TONT20000JUIL!K16+TONT20000AOUT!K16+TONT20000SEPT!K16+TONT20000OCT!K16+TONT20000NOV!K16 -> 0 | O16: =TONT20000DEC2015!L16+TONT20000JANV!L16+TONT20000FEV!L16+TONT20000MARS!L16+TONT20000AVRIL!L16+TONT20000MAI!L16+TONT20000JUIN!L16+TONT20000JUIL!L16+TONT20000AOUT!L16+TONT20000SEPT!L16+TONT20000OCT!L16+TONT20000NOV!L16 -> 0 | P16: =TONT20000DEC2015!M16+TONT20000JANV!M16+TONT20000FEV!M16+TONT20000MARS!M16+TONT20000AVRIL!M16+TONT20000MAI!M16+TONT20000JUIN!M16+TONT20000JUIL!M16+TONT20000AOUT!M16+TONT20000SEPT!N16+TONT20000OCT!M16+TONT20000NOV!M16 -> 0 | Q16: =TONT20000DEC2015!M16+TONT20000JANV!M16+TONT20000FEV!M16+TONT20000MARS!M16+TONT20000AVRIL!M16+TONT20000MAI!M16+TONT20000JUIN!M16+TONT20000JUIL!M16+TONT20000AOUT!M16+TONT20000SEPT!N16+TONT20000OCT!M16+TONT20000NOV!M16 -> 0
A17: AS201613 | B17: =VLOOKUP(A17,LISTADHERENT!A$5:H$51,2) -> HOTCHO BENJAMIN | C17: 390000 | D17: 8723 | F17: =G17+H17+I17+J17+K17+L17+Q17 -> 338000 | G17: =TONT20000DEC2015!D17+TONT20000JANV!D17+TONT20000FEV!D17+TONT20000MARS!D17+TONT20000AVRIL!D17+TONT20000MAI!D17+TONT20000JUIN!D17+TONT20000JUIL!D17+TONT20000AOUT!D17+TONT20000SEPT!D17+TONT20000OCT!D17+TONT20000NOV!D17 -> 84000 | H17: =TONT20000DEC2015!E17+TONT20000JANV!E17+TONT20000FEV!E17+TONT20000MARS!E17+TONT20000AVRIL!E17+TONT20000MAI!E17+TONT20000JUIN!E17+TONT20000JUIL!E17+TONT20000AOUT!E17+TONT20000SEPT!E17+TONT20000OCT!E17+TONT20000NOV!E17 -> 6000 | I17: =TONT20000DEC2015!F17+TONT20000JANV!F17+TONT20000FEV!F17+TONT20000MARS!F17+TONT20000AVRIL!F17+TONT20000MAI!F17+TONT20000JUIN!F17+TONT20000JUIL!F17+TONT20000AOUT!F17+TONT20000SEPT!F17+TONT20000OCT!F17+TONT20000NOV!F17 -> 12000 | J17: =TONT20000DEC2015!G17+TONT20000JANV!G17+TONT20000FEV!G17+TONT20000MARS!G17+TONT20000AVRIL!G17+TONT20000MAI!G17+TONT20000JUIN!G17+TONT20000JUIL!G17+TONT20000AOUT!G17+TONT20000SEPT!G17+TONT20000OCT!G17+TONT20000NOV!G17 -> 30000 | K17: =TONT20000DEC2015!H17+TONT20000JANV!H17+TONT20000FEV!H17+TONT20000MARS!H17+TONT20000AVRIL!H17+TONT20000MAI!H17+TONT20000JUIN!H17+TONT20000JUIL!H17+TONT20000AOUT!H17+TONT20000SEPT!H17+TONT20000OCT!H17+TONT20000NOV!H17 -> 50000 | L17: =TONT20000DEC2015!I17+TONT20000JANV!I17+TONT20000FEV!I17+TONT20000MARS!I17+TONT20000AVRIL!I17+TONT20000MAI!I17+TONT20000JUIN!I17+TONT20000JUIL!I17+TONT20000AOUT!I17+TONT20000SEPT!I17+TONT20000OCT!I17+TONT20000NOV!I17 -> 156000 | M17: =TONT20000DEC2015!J17+TONT20000JANV!J17+TONT20000FEV!J17+TONT20000MARS!J17+TONT20000AVRIL!J17+TONT20000MAI!J17+TONT20000JUIN!J17+TONT20000JUIL!J17+TONT20000AOUT!J17+TONT20000SEPT!J17+TONT20000OCT!J17+TONT20000NOV!J17 -> 0 | N17: =TONT20000DEC2015!K17+TONT20000JANV!K17+TONT20000FEV!K17+TONT20000MARS!K17+TONT20000AVRIL!K17+TONT20000MAI!K17+TONT20000JUIN!K17+TONT20000JUIL!K17+TONT20000AOUT!K17+TONT20000SEPT!K17+TONT20000OCT!K17+TONT20000NOV!K17 -> 0 | O17: =TONT20000DEC2015!L17+TONT20000JANV!L17+TONT20000FEV!L17+TONT20000MARS!L17+TONT20000AVRIL!L17+TONT20000MAI!L17+TONT20000JUIN!L17+TONT20000JUIL!L17+TONT20000AOUT!L17+TONT20000SEPT!L17+TONT20000OCT!L17+TONT20000NOV!L17 -> 0 | P17: =TONT20000DEC2015!M17+TONT20000JANV!M17+TONT20000FEV!M17+TONT20000MARS!M17+TONT20000AVRIL!M17+TONT20000MAI!M17+TONT20000JUIN!M17+TONT20000JUIL!M17+TONT20000AOUT!M17+TONT20000SEPT!N17+TONT20000OCT!M17+TONT20000NOV!M17 -> 0 | Q17: =TONT20000DEC2015!M17+TONT20000JANV!M17+TONT20000FEV!M17+TONT20000MARS!M17+TONT20000AVRIL!M17+TONT20000MAI!M17+TONT20000JUIN!M17+TONT20000JUIL!M17+TONT20000AOUT!M17+TONT20000SEPT!N17+TONT20000OCT!M17+TONT20000NOV!M17 -> 0
A18: AS201614 | B18: =VLOOKUP(A18,LISTADHERENT!A$5:H$51,2) -> KEPHE DAVID | C18: 0 | D18: 12795 | F18: =G18+H18+I18+J18+K18+L18+Q18 -> 243000 | G18: =TONT20000DEC2015!D18+TONT20000JANV!D18+TONT20000FEV!D18+TONT20000MARS!D18+TONT20000AVRIL!D18+TONT20000MAI!D18+TONT20000JUIN!D18+TONT20000JUIL!D18+TONT20000AOUT!D18+TONT20000SEPT!D18+TONT20000OCT!D18+TONT20000NOV!D18 -> 39000 | H18: =TONT20000DEC2015!E18+TONT20000JANV!E18+TONT20000FEV!E18+TONT20000MARS!E18+TONT20000AVRIL!E18+TONT20000MAI!E18+TONT20000JUIN!E18+TONT20000JUIL!E18+TONT20000AOUT!E18+TONT20000SEPT!E18+TONT20000OCT!E18+TONT20000NOV!E18 -> 6000 | I18: =TONT20000DEC2015!F18+TONT20000JANV!F18+TONT20000FEV!F18+TONT20000MARS!F18+TONT20000AVRIL!F18+TONT20000MAI!F18+TONT20000JUIN!F18+TONT20000JUIL!F18+TONT20000AOUT!F18+TONT20000SEPT!F18+TONT20000OCT!F18+TONT20000NOV!F18 -> 12000 | J18: =TONT20000DEC2015!G18+TONT20000JANV!G18+TONT20000FEV!G18+TONT20000MARS!G18+TONT20000AVRIL!G18+TONT20000MAI!G18+TONT20000JUIN!G18+TONT20000JUIL!G18+TONT20000AOUT!G18+TONT20000SEPT!G18+TONT20000OCT!G18+TONT20000NOV!G18 -> 30000 | K18: =TONT20000DEC2015!H18+TONT20000JANV!H18+TONT20000FEV!H18+TONT20000MARS!H18+TONT20000AVRIL!H18+TONT20000MAI!H18+TONT20000JUIN!H18+TONT20000JUIL!H18+TONT20000AOUT!H18+TONT20000SEPT!H18+TONT20000OCT!H18+TONT20000NOV!H18 -> 0 | L18: =TONT20000DEC2015!I18+TONT20000JANV!I18+TONT20000FEV!I18+TONT20000MARS!I18+TONT20000AVRIL!I18+TONT20000MAI!I18+TONT20000JUIN!I18+TONT20000JUIL!I18+TONT20000AOUT!I18+TONT20000SEPT!I18+TONT20000OCT!I18+TONT20000NOV!I18 -> 156000 | M18: =TONT20000DEC2015!J18+TONT20000JANV!J18+TONT20000FEV!J18+TONT20000MARS!J18+TONT20000AVRIL!J18+TONT20000MAI!J18+TONT20000JUIN!J18+TONT20000JUIL!J18+TONT20000AOUT!J18+TONT20000SEPT!J18+TONT20000OCT!J18+TONT20000NOV!J18 -> 0 | N18: =TONT20000DEC2015!K18+TONT20000JANV!K18+TONT20000FEV!K18+TONT20000MARS!K18+TONT20000AVRIL!K18+TONT20000MAI!K18+TONT20000JUIN!K18+TONT20000JUIL!K18+TONT20000AOUT!K18+TONT20000SEPT!K18+TONT20000OCT!K18+TONT20000NOV!K18 -> 0 | O18: =TONT20000DEC2015!L18+TONT20000JANV!L18+TONT20000FEV!L18+TONT20000MARS!L18+TONT20000AVRIL!L18+TONT20000MAI!L18+TONT20000JUIN!L18+TONT20000JUIL!L18+TONT20000AOUT!L18+TONT20000SEPT!L18+TONT20000OCT!L18+TONT20000NOV!L18 -> 0 | P18: =TONT20000DEC2015!M18+TONT20000JANV!M18+TONT20000FEV!M18+TONT20000MARS!M18+TONT20000AVRIL!M18+TONT20000MAI!M18+TONT20000JUIN!M18+TONT20000JUIL!M18+TONT20000AOUT!M18+TONT20000SEPT!N18+TONT20000OCT!M18+TONT20000NOV!M18 -> 0 | Q18: =TONT20000DEC2015!M18+TONT20000JANV!M18+TONT20000FEV!M18+TONT20000MARS!M18+TONT20000AVRIL!M18+TONT20000MAI!M18+TONT20000JUIN!M18+TONT20000JUIL!M18+TONT20000AOUT!M18+TONT20000SEPT!N18+TONT20000OCT!M18+TONT20000NOV!M18 -> 0
A19: AS201615 | B19: =VLOOKUP(A19,LISTADHERENT!A$5:H$51,2) -> KEPSEU FRANCIS | C19: 390000 | D19: 186997 | F19: =G19+H19+I19+J19+K19+L19+Q19 -> 753000 | G19: =TONT20000DEC2015!D19+TONT20000JANV!D19+TONT20000FEV!D19+TONT20000MARS!D19+TONT20000AVRIL!D19+TONT20000MAI!D19+TONT20000JUIN!D19+TONT20000JUIL!D19+TONT20000AOUT!D19+TONT20000SEPT!D19+TONT20000OCT!D19+TONT20000NOV!D19 -> 549000 | H19: =TONT20000DEC2015!E19+TONT20000JANV!E19+TONT20000FEV!E19+TONT20000MARS!E19+TONT20000AVRIL!E19+TONT20000MAI!E19+TONT20000JUIN!E19+TONT20000JUIL!E19+TONT20000AOUT!E19+TONT20000SEPT!E19+TONT20000OCT!E19+TONT20000NOV!E19 -> 6000 | I19: =TONT20000DEC2015!F19+TONT20000JANV!F19+TONT20000FEV!F19+TONT20000MARS!F19+TONT20000AVRIL!F19+TONT20000MAI!F19+TONT20000JUIN!F19+TONT20000JUIL!F19+TONT20000AOUT!F19+TONT20000SEPT!F19+TONT20000OCT!F19+TONT20000NOV!F19 -> 12000 | J19: =TONT20000DEC2015!G19+TONT20000JANV!G19+TONT20000FEV!G19+TONT20000MARS!G19+TONT20000AVRIL!G19+TONT20000MAI!G19+TONT20000JUIN!G19+TONT20000JUIL!G19+TONT20000AOUT!G19+TONT20000SEPT!G19+TONT20000OCT!G19+TONT20000NOV!G19 -> 30000 | K19: =TONT20000DEC2015!H19+TONT20000JANV!H19+TONT20000FEV!H19+TONT20000MARS!H19+TONT20000AVRIL!H19+TONT20000MAI!H19+TONT20000JUIN!H19+TONT20000JUIL!H19+TONT20000AOUT!H19+TONT20000SEPT!H19+TONT20000OCT!H19+TONT20000NOV!H19 -> 0 | L19: =TONT20000DEC2015!I19+TONT20000JANV!I19+TONT20000FEV!I19+TONT20000MARS!I19+TONT20000AVRIL!I19+TONT20000MAI!I19+TONT20000JUIN!I19+TONT20000JUIL!I19+TONT20000AOUT!I19+TONT20000SEPT!I19+TONT20000OCT!I19+TONT20000NOV!I19 -> 156000 | M19: =TONT20000DEC2015!J19+TONT20000JANV!J19+TONT20000FEV!J19+TONT20000MARS!J19+TONT20000AVRIL!J19+TONT20000MAI!J19+TONT20000JUIN!J19+TONT20000JUIL!J19+TONT20000AOUT!J19+TONT20000SEPT!J19+TONT20000OCT!J19+TONT20000NOV!J19 -> 0 | N19: =TONT20000DEC2015!K19+TONT20000JANV!K19+TONT20000FEV!K19+TONT20000MARS!K19+TONT20000AVRIL!K19+TONT20000MAI!K19+TONT20000JUIN!K19+TONT20000JUIL!K19+TONT20000AOUT!K19+TONT20000SEPT!K19+TONT20000OCT!K19+TONT20000NOV!K19 -> 0 | O19: =TONT20000DEC2015!L19+TONT20000JANV!L19+TONT20000FEV!L19+TONT20000MARS!L19+TONT20000AVRIL!L19+TONT20000MAI!L19+TONT20000JUIN!L19+TONT20000JUIL!L19+TONT20000AOUT!L19+TONT20000SEPT!L19+TONT20000OCT!L19+TONT20000NOV!L19 -> 0 | P19: =TONT20000DEC2015!M19+TONT20000JANV!M19+TONT20000FEV!M19+TONT20000MARS!M19+TONT20000AVRIL!M19+TONT20000MAI!M19+TONT20000JUIN!M19+TONT20000JUIL!M19+TONT20000AOUT!M19+TONT20000SEPT!N19+TONT20000OCT!M19+TONT20000NOV!M19 -> 0 | Q19: =TONT20000DEC2015!M19+TONT20000JANV!M19+TONT20000FEV!M19+TONT20000MARS!M19+TONT20000AVRIL!M19+TONT20000MAI!M19+TONT20000JUIN!M19+TONT20000JUIL!M19+TONT20000AOUT!M19+TONT20000SEPT!N19+TONT20000OCT!M19+TONT20000NOV!M19 -> 0
A20: AS201616 | B20: =VLOOKUP(A20,LISTADHERENT!A$5:H$51,2) -> KOUAMOU EMMANUEL | C20: 390000 | D20: 2723 | F20: =G20+H20+I20+J20+K20+L20+Q20 -> 240000 | G20: =TONT20000DEC2015!D20+TONT20000JANV!D20+TONT20000FEV!D20+TONT20000MARS!D20+TONT20000AVRIL!D20+TONT20000MAI!D20+TONT20000JUIN!D20+TONT20000JUIL!D20+TONT20000AOUT!D20+TONT20000SEPT!D20+TONT20000OCT!D20+TONT20000NOV!D20 -> 36000 | H20: =TONT20000DEC2015!E20+TONT20000JANV!E20+TONT20000FEV!E20+TONT20000MARS!E20+TONT20000AVRIL!E20+TONT20000MAI!E20+TONT20000JUIN!E20+TONT20000JUIL!E20+TONT20000AOUT!E20+TONT20000SEPT!E20+TONT20000OCT!E20+TONT20000NOV!E20 -> 6000 | I20: =TONT20000DEC2015!F20+TONT20000JANV!F20+TONT20000FEV!F20+TONT20000MARS!F20+TONT20000AVRIL!F20+TONT20000MAI!F20+TONT20000JUIN!F20+TONT20000JUIL!F20+TONT20000AOUT!F20+TONT20000SEPT!F20+TONT20000OCT!F20+TONT20000NOV!F20 -> 12000 | J20: =TONT20000DEC2015!G20+TONT20000JANV!G20+TONT20000FEV!G20+TONT20000MARS!G20+TONT20000AVRIL!G20+TONT20000MAI!G20+TONT20000JUIN!G20+TONT20000JUIL!G20+TONT20000AOUT!G20+TONT20000SEPT!G20+TONT20000OCT!G20+TONT20000NOV!G20 -> 30000 | K20: =TONT20000DEC2015!H20+TONT20000JANV!H20+TONT20000FEV!H20+TONT20000MARS!H20+TONT20000AVRIL!H20+TONT20000MAI!H20+TONT20000JUIN!H20+TONT20000JUIL!H20+TONT20000AOUT!H20+TONT20000SEPT!H20+TONT20000OCT!H20+TONT20000NOV!H20 -> 0 | L20: =TONT20000DEC2015!I20+TONT20000JANV!I20+TONT20000FEV!I20+TONT20000MARS!I20+TONT20000AVRIL!I20+TONT20000MAI!I20+TONT20000JUIN!I20+TONT20000JUIL!I20+TONT20000AOUT!I20+TONT20000SEPT!I20+TONT20000OCT!I20+TONT20000NOV!I20 -> 156000 | M20: =TONT20000DEC2015!J20+TONT20000JANV!J20+TONT20000FEV!J20+TONT20000MARS!J20+TONT20000AVRIL!J20+TONT20000MAI!J20+TONT20000JUIN!J20+TONT20000JUIL!J20+TONT20000AOUT!J20+TONT20000SEPT!J20+TONT20000OCT!J20+TONT20000NOV!J20 -> 1000000 | N20: =TONT20000DEC2015!K20+TONT20000JANV!K20+TONT20000FEV!K20+TONT20000MARS!K20+TONT20000AVRIL!K20+TONT20000MAI!K20+TONT20000JUIN!K20+TONT20000JUIL!K20+TONT20000AOUT!K20+TONT20000SEPT!K20+TONT20000OCT!K20+TONT20000NOV!K20 -> 120000 | O20: =TONT20000DEC2015!L20+TONT20000JANV!L20+TONT20000FEV!L20+TONT20000MARS!L20+TONT20000AVRIL!L20+TONT20000MAI!L20+TONT20000JUIN!L20+TONT20000JUIL!L20+TONT20000AOUT!L20+TONT20000SEPT!L20+TONT20000OCT!L20+TONT20000NOV!L20 -> 0 | P20: =TONT20000DEC2015!M20+TONT20000JANV!M20+TONT20000FEV!M20+TONT20000MARS!M20+TONT20000AVRIL!M20+TONT20000MAI!M20+TONT20000JUIN!M20+TONT20000JUIL!M20+TONT20000AOUT!M20+TONT20000SEPT!N20+TONT20000OCT!M20+TONT20000NOV!M20 -> 0 | Q20: =TONT20000DEC2015!M20+TONT20000JANV!M20+TONT20000FEV!M20+TONT20000MARS!M20+TONT20000AVRIL!M20+TONT20000MAI!M20+TONT20000JUIN!M20+TONT20000JUIL!M20+TONT20000AOUT!M20+TONT20000SEPT!N20+TONT20000OCT!M20+TONT20000NOV!M20 -> 0
A21: AS201617 | B21: =VLOOKUP(A21,LISTADHERENT!A$5:H$51,2) -> KOUAMOU MOISE | C21: 390000 | D21: 2099 | F21: =G21+H21+I21+J21+K21+L21+Q21 -> 240000 | G21: =TONT20000DEC2015!D21+TONT20000JANV!D21+TONT20000FEV!D21+TONT20000MARS!D21+TONT20000AVRIL!D21+TONT20000MAI!D21+TONT20000JUIN!D21+TONT20000JUIL!D21+TONT20000AOUT!D21+TONT20000SEPT!D21+TONT20000OCT!D21+TONT20000NOV!D21 -> 36000 | H21: =TONT20000DEC2015!E21+TONT20000JANV!E21+TONT20000FEV!E21+TONT20000MARS!E21+TONT20000AVRIL!E21+TONT20000MAI!E21+TONT20000JUIN!E21+TONT20000JUIL!E21+TONT20000AOUT!E21+TONT20000SEPT!E21+TONT20000OCT!E21+TONT20000NOV!E21 -> 6000 | I21: =TONT20000DEC2015!F21+TONT20000JANV!F21+TONT20000FEV!F21+TONT20000MARS!F21+TONT20000AVRIL!F21+TONT20000MAI!F21+TONT20000JUIN!F21+TONT20000JUIL!F21+TONT20000AOUT!F21+TONT20000SEPT!F21+TONT20000OCT!F21+TONT20000NOV!F21 -> 12000 | J21: =TONT20000DEC2015!G21+TONT20000JANV!G21+TONT20000FEV!G21+TONT20000MARS!G21+TONT20000AVRIL!G21+TONT20000MAI!G21+TONT20000JUIN!G21+TONT20000JUIL!G21+TONT20000AOUT!G21+TONT20000SEPT!G21+TONT20000OCT!G21+TONT20000NOV!G21 -> 30000 | K21: =TONT20000DEC2015!H21+TONT20000JANV!H21+TONT20000FEV!H21+TONT20000MARS!H21+TONT20000AVRIL!H21+TONT20000MAI!H21+TONT20000JUIN!H21+TONT20000JUIL!H21+TONT20000AOUT!H21+TONT20000SEPT!H21+TONT20000OCT!H21+TONT20000NOV!H21 -> 0 | L21: =TONT20000DEC2015!I21+TONT20000JANV!I21+TONT20000FEV!I21+TONT20000MARS!I21+TONT20000AVRIL!I21+TONT20000MAI!I21+TONT20000JUIN!I21+TONT20000JUIL!I21+TONT20000AOUT!I21+TONT20000SEPT!I21+TONT20000OCT!I21+TONT20000NOV!I21 -> 156000 | M21: =TONT20000DEC2015!J21+TONT20000JANV!J21+TONT20000FEV!J21+TONT20000MARS!J21+TONT20000AVRIL!J21+TONT20000MAI!J21+TONT20000JUIN!J21+TONT20000JUIL!J21+TONT20000AOUT!J21+TONT20000SEPT!J21+TONT20000OCT!J21+TONT20000NOV!J21 -> 860000 | N21: =TONT20000DEC2015!K21+TONT20000JANV!K21+TONT20000FEV!K21+TONT20000MARS!K21+TONT20000AVRIL!K21+TONT20000MAI!K21+TONT20000JUIN!K21+TONT20000JUIL!K21+TONT20000AOUT!K21+TONT20000SEPT!K21+TONT20000OCT!K21+TONT20000NOV!K21 -> 97800 | O21: =TONT20000DEC2015!L21+TONT20000JANV!L21+TONT20000FEV!L21+TONT20000MARS!L21+TONT20000AVRIL!L21+TONT20000MAI!L21+TONT20000JUIN!L21+TONT20000JUIL!L21+TONT20000AOUT!L21+TONT20000SEPT!L21+TONT20000OCT!L21+TONT20000NOV!L21 -> 0 | P21: =TONT20000DEC2015!M21+TONT20000JANV!M21+TONT20000FEV!M21+TONT20000MARS!M21+TONT20000AVRIL!M21+TONT20000MAI!M21+TONT20000JUIN!M21+TONT20000JUIL!M21+TONT20000AOUT!M21+TONT20000SEPT!N21+TONT20000OCT!M21+TONT20000NOV!M21 -> 0 | Q21: =TONT20000DEC2015!M21+TONT20000JANV!M21+TONT20000FEV!M21+TONT20000MARS!M21+TONT20000AVRIL!M21+TONT20000MAI!M21+TONT20000JUIN!M21+TONT20000JUIL!M21+TONT20000AOUT!M21+TONT20000SEPT!N21+TONT20000OCT!M21+TONT20000NOV!M21 -> 0
A22: AS201618 | B22: =VLOOKUP(A22,LISTADHERENT!A$5:H$51,2) -> KOUAMOU VICTOR PEGUY | C22: 390000 | D22: 36629 | F22: =G22+H22+I22+J22+K22+L22+Q22 -> 239000 | G22: =TONT20000DEC2015!D22+TONT20000JANV!D22+TONT20000FEV!D22+TONT20000MARS!D22+TONT20000AVRIL!D22+TONT20000MAI!D22+TONT20000JUIN!D22+TONT20000JUIL!D22+TONT20000AOUT!D22+TONT20000SEPT!D22+TONT20000OCT!D22+TONT20000NOV!D22 -> 35000 | H22: =TONT20000DEC2015!E22+TONT20000JANV!E22+TONT20000FEV!E22+TONT20000MARS!E22+TONT20000AVRIL!E22+TONT20000MAI!E22+TONT20000JUIN!E22+TONT20000JUIL!E22+TONT20000AOUT!E22+TONT20000SEPT!E22+TONT20000OCT!E22+TONT20000NOV!E22 -> 6000 | I22: =TONT20000DEC2015!F22+TONT20000JANV!F22+TONT20000FEV!F22+TONT20000MARS!F22+TONT20000AVRIL!F22+TONT20000MAI!F22+TONT20000JUIN!F22+TONT20000JUIL!F22+TONT20000AOUT!F22+TONT20000SEPT!F22+TONT20000OCT!F22+TONT20000NOV!F22 -> 12000 | J22: =TONT20000DEC2015!G22+TONT20000JANV!G22+TONT20000FEV!G22+TONT20000MARS!G22+TONT20000AVRIL!G22+TONT20000MAI!G22+TONT20000JUIN!G22+TONT20000JUIL!G22+TONT20000AOUT!G22+TONT20000SEPT!G22+TONT20000OCT!G22+TONT20000NOV!G22 -> 30000 | K22: =TONT20000DEC2015!H22+TONT20000JANV!H22+TONT20000FEV!H22+TONT20000MARS!H22+TONT20000AVRIL!H22+TONT20000MAI!H22+TONT20000JUIN!H22+TONT20000JUIL!H22+TONT20000AOUT!H22+TONT20000SEPT!H22+TONT20000OCT!H22+TONT20000NOV!H22 -> 0 | L22: =TONT20000DEC2015!I22+TONT20000JANV!I22+TONT20000FEV!I22+TONT20000MARS!I22+TONT20000AVRIL!I22+TONT20000MAI!I22+TONT20000JUIN!I22+TONT20000JUIL!I22+TONT20000AOUT!I22+TONT20000SEPT!I22+TONT20000OCT!I22+TONT20000NOV!I22 -> 156000 | M22: =TONT20000DEC2015!J22+TONT20000JANV!J22+TONT20000FEV!J22+TONT20000MARS!J22+TONT20000AVRIL!J22+TONT20000MAI!J22+TONT20000JUIN!J22+TONT20000JUIL!J22+TONT20000AOUT!J22+TONT20000SEPT!J22+TONT20000OCT!J22+TONT20000NOV!J22 -> 1800000 | N22: =TONT20000DEC2015!K22+TONT20000JANV!K22+TONT20000FEV!K22+TONT20000MARS!K22+TONT20000AVRIL!K22+TONT20000MAI!K22+TONT20000JUIN!K22+TONT20000JUIL!K22+TONT20000AOUT!K22+TONT20000SEPT!K22+TONT20000OCT!K22+TONT20000NOV!K22 -> 128000 | O22: =TONT20000DEC2015!L22+TONT20000JANV!L22+TONT20000FEV!L22+TONT20000MARS!L22+TONT20000AVRIL!L22+TONT20000MAI!L22+TONT20000JUIN!L22+TONT20000JUIL!L22+TONT20000AOUT!L22+TONT20000SEPT!L22+TONT20000OCT!L22+TONT20000NOV!L22 -> 1000000 | P22: =TONT20000DEC2015!M22+TONT20000JANV!M22+TONT20000FEV!M22+TONT20000MARS!M22+TONT20000AVRIL!M22+TONT20000MAI!M22+TONT20000JUIN!M22+TONT20000JUIL!M22+TONT20000AOUT!M22+TONT20000SEPT!N22+TONT20000OCT!M22+TONT20000NOV!M22 -> 0 | Q22: =TONT20000DEC2015!M22+TONT20000JANV!M22+TONT20000FEV!M22+TONT20000MARS!M22+TONT20000AVRIL!M22+TONT20000MAI!M22+TONT20000JUIN!M22+TONT20000JUIL!M22+TONT20000AOUT!M22+TONT20000SEPT!N22+TONT20000OCT!M22+TONT20000NOV!M22 -> 0
A23: AS201619 | B23: =VLOOKUP(A23,LISTADHERENT!A$5:H$51,2) -> KOUATCHO MESSACK | C23: 390000 | D23: 0 | F23: =G23+H23+I23+J23+K23+L23+Q23 -> 240000 | G23: =TONT20000DEC2015!D23+TONT20000JANV!D23+TONT20000FEV!D23+TONT20000MARS!D23+TONT20000AVRIL!D23+TONT20000MAI!D23+TONT20000JUIN!D23+TONT20000JUIL!D23+TONT20000AOUT!D23+TONT20000SEPT!D23+TONT20000OCT!D23+TONT20000NOV!D23 -> 36000 | H23: =TONT20000DEC2015!E23+TONT20000JANV!E23+TONT20000FEV!E23+TONT20000MARS!E23+TONT20000AVRIL!E23+TONT20000MAI!E23+TONT20000JUIN!E23+TONT20000JUIL!E23+TONT20000AOUT!E23+TONT20000SEPT!E23+TONT20000OCT!E23+TONT20000NOV!E23 -> 6000 | I23: =TONT20000DEC2015!F23+TONT20000JANV!F23+TONT20000FEV!F23+TONT20000MARS!F23+TONT20000AVRIL!F23+TONT20000MAI!F23+TONT20000JUIN!F23+TONT20000JUIL!F23+TONT20000AOUT!F23+TONT20000SEPT!F23+TONT20000OCT!F23+TONT20000NOV!F23 -> 12000 | J23: =TONT20000DEC2015!G23+TONT20000JANV!G23+TONT20000FEV!G23+TONT20000MARS!G23+TONT20000AVRIL!G23+TONT20000MAI!G23+TONT20000JUIN!G23+TONT20000JUIL!G23+TONT20000AOUT!G23+TONT20000SEPT!G23+TONT20000OCT!G23+TONT20000NOV!G23 -> 30000 | K23: =TONT20000DEC2015!H23+TONT20000JANV!H23+TONT20000FEV!H23+TONT20000MARS!H23+TONT20000AVRIL!H23+TONT20000MAI!H23+TONT20000JUIN!H23+TONT20000JUIL!H23+TONT20000AOUT!H23+TONT20000SEPT!H23+TONT20000OCT!H23+TONT20000NOV!H23 -> 0 | L23: =TONT20000DEC2015!I23+TONT20000JANV!I23+TONT20000FEV!I23+TONT20000MARS!I23+TONT20000AVRIL!I23+TONT20000MAI!I23+TONT20000JUIN!I23+TONT20000JUIL!I23+TONT20000AOUT!I23+TONT20000SEPT!I23+TONT20000OCT!I23+TONT20000NOV!I23 -> 156000 | M23: =TONT20000DEC2015!J23+TONT20000JANV!J23+TONT20000FEV!J23+TONT20000MARS!J23+TONT20000AVRIL!J23+TONT20000MAI!J23+TONT20000JUIN!J23+TONT20000JUIL!J23+TONT20000AOUT!J23+TONT20000SEPT!J23+TONT20000OCT!J23+TONT20000NOV!J23 -> 1600000 | N23: =TONT20000DEC2015!K23+TONT20000JANV!K23+TONT20000FEV!K23+TONT20000MARS!K23+TONT20000AVRIL!K23+TONT20000MAI!K23+TONT20000JUIN!K23+TONT20000JUIL!K23+TONT20000AOUT!K23+TONT20000SEPT!K23+TONT20000OCT!K23+TONT20000NOV!K23 -> 192000 | O23: =TONT20000DEC2015!L23+TONT20000JANV!L23+TONT20000FEV!L23+TONT20000MARS!L23+TONT20000AVRIL!L23+TONT20000MAI!L23+TONT20000JUIN!L23+TONT20000JUIL!L23+TONT20000AOUT!L23+TONT20000SEPT!L23+TONT20000OCT!L23+TONT20000NOV!L23 -> 0 | P23: =TONT20000DEC2015!M23+TONT20000JANV!M23+TONT20000FEV!M23+TONT20000MARS!M23+TONT20000AVRIL!M23+TONT20000MAI!M23+TONT20000JUIN!M23+TONT20000JUIL!M23+TONT20000AOUT!M23+TONT20000SEPT!N23+TONT20000OCT!M23+TONT20000NOV!M23 -> 0 | Q23: =TONT20000DEC2015!M23+TONT20000JANV!M23+TONT20000FEV!M23+TONT20000MARS!M23+TONT20000AVRIL!M23+TONT20000MAI!M23+TONT20000JUIN!M23+TONT20000JUIL!M23+TONT20000AOUT!M23+TONT20000SEPT!N23+TONT20000OCT!M23+TONT20000NOV!M23 -> 0
A24: AS201620 | B24: =VLOOKUP(A24,LISTADHERENT!A$5:H$51,2) -> LOWE JEAN | C24: 390000 | D24: 4331 | F24: =G24+H24+I24+J24+K24+L24+Q24 -> 240000 | G24: =TONT20000DEC2015!D24+TONT20000JANV!D24+TONT20000FEV!D24+TONT20000MARS!D24+TONT20000AVRIL!D24+TONT20000MAI!D24+TONT20000JUIN!D24+TONT20000JUIL!D24+TONT20000AOUT!D24+TONT20000SEPT!D24+TONT20000OCT!D24+TONT20000NOV!D24 -> 36000 | H24: =TONT20000DEC2015!E24+TONT20000JANV!E24+TONT20000FEV!E24+TONT20000MARS!E24+TONT20000AVRIL!E24+TONT20000MAI!E24+TONT20000JUIN!E24+TONT20000JUIL!E24+TONT20000AOUT!E24+TONT20000SEPT!E24+TONT20000OCT!E24+TONT20000NOV!E24 -> 6000 | I24: =TONT20000DEC2015!F24+TONT20000JANV!F24+TONT20000FEV!F24+TONT20000MARS!F24+TONT20000AVRIL!F24+TONT20000MAI!F24+TONT20000JUIN!F24+TONT20000JUIL!F24+TONT20000AOUT!F24+TONT20000SEPT!F24+TONT20000OCT!F24+TONT20000NOV!F24 -> 12000 | J24: =TONT20000DEC2015!G24+TONT20000JANV!G24+TONT20000FEV!G24+TONT20000MARS!G24+TONT20000AVRIL!G24+TONT20000MAI!G24+TONT20000JUIN!G24+TONT20000JUIL!G24+TONT20000AOUT!G24+TONT20000SEPT!G24+TONT20000OCT!G24+TONT20000NOV!G24 -> 30000 | K24: =TONT20000DEC2015!H24+TONT20000JANV!H24+TONT20000FEV!H24+TONT20000MARS!H24+TONT20000AVRIL!H24+TONT20000MAI!H24+TONT20000JUIN!H24+TONT20000JUIL!H24+TONT20000AOUT!H24+TONT20000SEPT!H24+TONT20000OCT!H24+TONT20000NOV!H24 -> 0 | L24: =TONT20000DEC2015!I24+TONT20000JANV!I24+TONT20000FEV!I24+TONT20000MARS!I24+TONT20000AVRIL!I24+TONT20000MAI!I24+TONT20000JUIN!I24+TONT20000JUIL!I24+TONT20000AOUT!I24+TONT20000SEPT!I24+TONT20000OCT!I24+TONT20000NOV!I24 -> 156000 | M24: =TONT20000DEC2015!J24+TONT20000JANV!J24+TONT20000FEV!J24+TONT20000MARS!J24+TONT20000AVRIL!J24+TONT20000MAI!J24+TONT20000JUIN!J24+TONT20000JUIL!J24+TONT20000AOUT!J24+TONT20000SEPT!J24+TONT20000OCT!J24+TONT20000NOV!J24 -> 240000 | N24: =TONT20000DEC2015!K24+TONT20000JANV!K24+TONT20000FEV!K24+TONT20000MARS!K24+TONT20000AVRIL!K24+TONT20000MAI!K24+TONT20000JUIN!K24+TONT20000JUIL!K24+TONT20000AOUT!K24+TONT20000SEPT!K24+TONT20000OCT!K24+TONT20000NOV!K24 -> 7200 | O24: =TONT20000DEC2015!L24+TONT20000JANV!L24+TONT20000FEV!L24+TONT20000MARS!L24+TONT20000AVRIL!L24+TONT20000MAI!L24+TONT20000JUIN!L24+TONT20000JUIL!L24+TONT20000AOUT!L24+TONT20000SEPT!L24+TONT20000OCT!L24+TONT20000NOV!L24 -> 160000 | P24: =TONT20000DEC2015!M24+TONT20000JANV!M24+TONT20000FEV!M24+TONT20000MARS!M24+TONT20000AVRIL!M24+TONT20000MAI!M24+TONT20000JUIN!M24+TONT20000JUIL!M24+TONT20000AOUT!M24+TONT20000SEPT!N24+TONT20000OCT!M24+TONT20000NOV!M24 -> 0 | Q24: =TONT20000DEC2015!M24+TONT20000JANV!M24+TONT20000FEV!M24+TONT20000MARS!M24+TONT20000AVRIL!M24+TONT20000MAI!M24+TONT20000JUIN!M24+TONT20000JUIL!M24+TONT20000AOUT!M24+TONT20000SEPT!N24+TONT20000OCT!M24+TONT20000NOV!M24 -> 0
A25: AS201621 | B25: =VLOOKUP(A25,LISTADHERENT!A$5:H$51,2) -> NANKAM APPOLINAIRE | C25: 390000 | D25: 4411 | F25: =G25+H25+I25+J25+K25+L25+Q25 -> 245000 | G25: =TONT20000DEC2015!D25+TONT20000JANV!D25+TONT20000FEV!D25+TONT20000MARS!D25+TONT20000AVRIL!D25+TONT20000MAI!D25+TONT20000JUIN!D25+TONT20000JUIL!D25+TONT20000AOUT!D25+TONT20000SEPT!D25+TONT20000OCT!D25+TONT20000NOV!D25 -> 41000 | H25: =TONT20000DEC2015!E25+TONT20000JANV!E25+TONT20000FEV!E25+TONT20000MARS!E25+TONT20000AVRIL!E25+TONT20000MAI!E25+TONT20000JUIN!E25+TONT20000JUIL!E25+TONT20000AOUT!E25+TONT20000SEPT!E25+TONT20000OCT!E25+TONT20000NOV!E25 -> 6000 | I25: =TONT20000DEC2015!F25+TONT20000JANV!F25+TONT20000FEV!F25+TONT20000MARS!F25+TONT20000AVRIL!F25+TONT20000MAI!F25+TONT20000JUIN!F25+TONT20000JUIL!F25+TONT20000AOUT!F25+TONT20000SEPT!F25+TONT20000OCT!F25+TONT20000NOV!F25 -> 12000 | J25: =TONT20000DEC2015!G25+TONT20000JANV!G25+TONT20000FEV!G25+TONT20000MARS!G25+TONT20000AVRIL!G25+TONT20000MAI!G25+TONT20000JUIN!G25+TONT20000JUIL!G25+TONT20000AOUT!G25+TONT20000SEPT!G25+TONT20000OCT!G25+TONT20000NOV!G25 -> 30000 | K25: =TONT20000DEC2015!H25+TONT20000JANV!H25+TONT20000FEV!H25+TONT20000MARS!H25+TONT20000AVRIL!H25+TONT20000MAI!H25+TONT20000JUIN!H25+TONT20000JUIL!H25+TONT20000AOUT!H25+TONT20000SEPT!H25+TONT20000OCT!H25+TONT20000NOV!H25 -> 0 | L25: =TONT20000DEC2015!I25+TONT20000JANV!I25+TONT20000FEV!I25+TONT20000MARS!I25+TONT20000AVRIL!I25+TONT20000MAI!I25+TONT20000JUIN!I25+TONT20000JUIL!I25+TONT20000AOUT!I25+TONT20000SEPT!I25+TONT20000OCT!I25+TONT20000NOV!I25 -> 156000 | M25: =TONT20000DEC2015!J25+TONT20000JANV!J25+TONT20000FEV!J25+TONT20000MARS!J25+TONT20000AVRIL!J25+TONT20000MAI!J25+TONT20000JUIN!J25+TONT20000JUIL!J25+TONT20000AOUT!J25+TONT20000SEPT!J25+TONT20000OCT!J25+TONT20000NOV!J25 -> 1000000 | N25: =TONT20000DEC2015!K25+TONT20000JANV!K25+TONT20000FEV!K25+TONT20000MARS!K25+TONT20000AVRIL!K25+TONT20000MAI!K25+TONT20000JUIN!K25+TONT20000JUIL!K25+TONT20000AOUT!K25+TONT20000SEPT!K25+TONT20000OCT!K25+TONT20000NOV!K25 -> 120000 | O25: =TONT20000DEC2015!L25+TONT20000JANV!L25+TONT20000FEV!L25+TONT20000MARS!L25+TONT20000AVRIL!L25+TONT20000MAI!L25+TONT20000JUIN!L25+TONT20000JUIL!L25+TONT20000AOUT!L25+TONT20000SEPT!L25+TONT20000OCT!L25+TONT20000NOV!L25 -> 0 | P25: =TONT20000DEC2015!M25+TONT20000JANV!M25+TONT20000FEV!M25+TONT20000MARS!M25+TONT20000AVRIL!M25+TONT20000MAI!M25+TONT20000JUIN!M25+TONT20000JUIL!M25+TONT20000AOUT!M25+TONT20000SEPT!N25+TONT20000OCT!M25+TONT20000NOV!M25 -> 0 | Q25: =TONT20000DEC2015!M25+TONT20000JANV!M25+TONT20000FEV!M25+TONT20000MARS!M25+TONT20000AVRIL!M25+TONT20000MAI!M25+TONT20000JUIN!M25+TONT20000JUIL!M25+TONT20000AOUT!M25+TONT20000SEPT!N25+TONT20000OCT!M25+TONT20000NOV!M25 -> 0
A26: AS201622 | B26: =VLOOKUP(A26,LISTADHERENT!A$5:H$51,2) -> NDJOMO ETIENNE | C26: 390000 | D26: 2060 | F26: =G26+H26+I26+J26+K26+L26+Q26 -> 295000 | G26: =TONT20000DEC2015!D26+TONT20000JANV!D26+TONT20000FEV!D26+TONT20000MARS!D26+TONT20000AVRIL!D26+TONT20000MAI!D26+TONT20000JUIN!D26+TONT20000JUIL!D26+TONT20000AOUT!D26+TONT20000SEPT!D26+TONT20000OCT!D26+TONT20000NOV!D26 -> 91000 | H26: =TONT20000DEC2015!E26+TONT20000JANV!E26+TONT20000FEV!E26+TONT20000MARS!E26+TONT20000AVRIL!E26+TONT20000MAI!E26+TONT20000JUIN!E26+TONT20000JUIL!E26+TONT20000AOUT!E26+TONT20000SEPT!E26+TONT20000OCT!E26+TONT20000NOV!E26 -> 6000 | I26: =TONT20000DEC2015!F26+TONT20000JANV!F26+TONT20000FEV!F26+TONT20000MARS!F26+TONT20000AVRIL!F26+TONT20000MAI!F26+TONT20000JUIN!F26+TONT20000JUIL!F26+TONT20000AOUT!F26+TONT20000SEPT!F26+TONT20000OCT!F26+TONT20000NOV!F26 -> 12000 | J26: =TONT20000DEC2015!G26+TONT20000JANV!G26+TONT20000FEV!G26+TONT20000MARS!G26+TONT20000AVRIL!G26+TONT20000MAI!G26+TONT20000JUIN!G26+TONT20000JUIL!G26+TONT20000AOUT!G26+TONT20000SEPT!G26+TONT20000OCT!G26+TONT20000NOV!G26 -> 30000 | K26: =TONT20000DEC2015!H26+TONT20000JANV!H26+TONT20000FEV!H26+TONT20000MARS!H26+TONT20000AVRIL!H26+TONT20000MAI!H26+TONT20000JUIN!H26+TONT20000JUIL!H26+TONT20000AOUT!H26+TONT20000SEPT!H26+TONT20000OCT!H26+TONT20000NOV!H26 -> 0 | L26: =TONT20000DEC2015!I26+TONT20000JANV!I26+TONT20000FEV!I26+TONT20000MARS!I26+TONT20000AVRIL!I26+TONT20000MAI!I26+TONT20000JUIN!I26+TONT20000JUIL!I26+TONT20000AOUT!I26+TONT20000SEPT!I26+TONT20000OCT!I26+TONT20000NOV!I26 -> 156000 | M26: =TONT20000DEC2015!J26+TONT20000JANV!J26+TONT20000FEV!J26+TONT20000MARS!J26+TONT20000AVRIL!J26+TONT20000MAI!J26+TONT20000JUIN!J26+TONT20000JUIL!J26+TONT20000AOUT!J26+TONT20000SEPT!J26+TONT20000OCT!J26+TONT20000NOV!J26 -> 1600000 | N26: =TONT20000DEC2015!K26+TONT20000JANV!K26+TONT20000FEV!K26+TONT20000MARS!K26+TONT20000AVRIL!K26+TONT20000MAI!K26+TONT20000JUIN!K26+TONT20000JUIL!K26+TONT20000AOUT!K26+TONT20000SEPT!K26+TONT20000OCT!K26+TONT20000NOV!K26 -> 48000 | O26: =TONT20000DEC2015!L26+TONT20000JANV!L26+TONT20000FEV!L26+TONT20000MARS!L26+TONT20000AVRIL!L26+TONT20000MAI!L26+TONT20000JUIN!L26+TONT20000JUIL!L26+TONT20000AOUT!L26+TONT20000SEPT!L26+TONT20000OCT!L26+TONT20000NOV!L26 -> 1200000 | P26: =TONT20000DEC2015!M26+TONT20000JANV!M26+TONT20000FEV!M26+TONT20000MARS!M26+TONT20000AVRIL!M26+TONT20000MAI!M26+TONT20000JUIN!M26+TONT20000JUIL!M26+TONT20000AOUT!M26+TONT20000SEPT!N26+TONT20000OCT!M26+TONT20000NOV!M26 -> 0 | Q26: =TONT20000DEC2015!M26+TONT20000JANV!M26+TONT20000FEV!M26+TONT20000MARS!M26+TONT20000AVRIL!M26+TONT20000MAI!M26+TONT20000JUIN!M26+TONT20000JUIL!M26+TONT20000AOUT!M26+TONT20000SEPT!N26+TONT20000OCT!M26+TONT20000NOV!M26 -> 0
A27: AS201623 | B27: =VLOOKUP(A27,LISTADHERENT!A$5:H$51,2) -> NDOMBOU JEAN CLAUDE | C27: 0 | D27: 0 | F27: =G27+H27+I27+J27+K27+L27+Q27 -> 0 | G27: =TONT20000DEC2015!D27+TONT20000JANV!D27+TONT20000FEV!D27+TONT20000MARS!D27+TONT20000AVRIL!D27+TONT20000MAI!D27+TONT20000JUIN!D27+TONT20000JUIL!D27+TONT20000AOUT!D27+TONT20000SEPT!D27+TONT20000OCT!D27+TONT20000NOV!D27 -> 0 | H27: =TONT20000DEC2015!E27+TONT20000JANV!E27+TONT20000FEV!E27+TONT20000MARS!E27+TONT20000AVRIL!E27+TONT20000MAI!E27+TONT20000JUIN!E27+TONT20000JUIL!E27+TONT20000AOUT!E27+TONT20000SEPT!E27+TONT20000OCT!E27+TONT20000NOV!E27 -> 0 | I27: =TONT20000DEC2015!F27+TONT20000JANV!F27+TONT20000FEV!F27+TONT20000MARS!F27+TONT20000AVRIL!F27+TONT20000MAI!F27+TONT20000JUIN!F27+TONT20000JUIL!F27+TONT20000AOUT!F27+TONT20000SEPT!F27+TONT20000OCT!F27+TONT20000NOV!F27 -> 0 | J27: =TONT20000DEC2015!G27+TONT20000JANV!G27+TONT20000FEV!G27+TONT20000MARS!G27+TONT20000AVRIL!G27+TONT20000MAI!G27+TONT20000JUIN!G27+TONT20000JUIL!G27+TONT20000AOUT!G27+TONT20000SEPT!G27+TONT20000OCT!G27+TONT20000NOV!G27 -> 0 | K27: =TONT20000DEC2015!H27+TONT20000JANV!H27+TONT20000FEV!H27+TONT20000MARS!H27+TONT20000AVRIL!H27+TONT20000MAI!H27+TONT20000JUIN!H27+TONT20000JUIL!H27+TONT20000AOUT!H27+TONT20000SEPT!H27+TONT20000OCT!H27+TONT20000NOV!H27 -> 0 | L27: =TONT20000DEC2015!I27+TONT20000JANV!I27+TONT20000FEV!I27+TONT20000MARS!I27+TONT20000AVRIL!I27+TONT20000MAI!I27+TONT20000JUIN!I27+TONT20000JUIL!I27+TONT20000AOUT!I27+TONT20000SEPT!I27+TONT20000OCT!I27+TONT20000NOV!I27 -> 0 | M27: =TONT20000DEC2015!J27+TONT20000JANV!J27+TONT20000FEV!J27+TONT20000MARS!J27+TONT20000AVRIL!J27+TONT20000MAI!J27+TONT20000JUIN!J27+TONT20000JUIL!J27+TONT20000AOUT!J27+TONT20000SEPT!J27+TONT20000OCT!J27+TONT20000NOV!J27 -> 0 | N27: =TONT20000DEC2015!K27+TONT20000JANV!K27+TONT20000FEV!K27+TONT20000MARS!K27+TONT20000AVRIL!K27+TONT20000MAI!K27+TONT20000JUIN!K27+TONT20000JUIL!K27+TONT20000AOUT!K27+TONT20000SEPT!K27+TONT20000OCT!K27+TONT20000NOV!K27 -> 0 | O27: =TONT20000DEC2015!L27+TONT20000JANV!L27+TONT20000FEV!L27+TONT20000MARS!L27+TONT20000AVRIL!L27+TONT20000MAI!L27+TONT20000JUIN!L27+TONT20000JUIL!L27+TONT20000AOUT!L27+TONT20000SEPT!L27+TONT20000OCT!L27+TONT20000NOV!L27 -> 0 | P27: =TONT20000DEC2015!M27+TONT20000JANV!M27+TONT20000FEV!M27+TONT20000MARS!M27+TONT20000AVRIL!M27+TONT20000MAI!M27+TONT20000JUIN!M27+TONT20000JUIL!M27+TONT20000AOUT!M27+TONT20000SEPT!N27+TONT20000OCT!M27+TONT20000NOV!M27 -> 0 | Q27: =TONT20000DEC2015!M27+TONT20000JANV!M27+TONT20000FEV!M27+TONT20000MARS!M27+TONT20000AVRIL!M27+TONT20000MAI!M27+TONT20000JUIN!M27+TONT20000JUIL!M27+TONT20000AOUT!M27+TONT20000SEPT!N27+TONT20000OCT!M27+TONT20000NOV!M27 -> 0
A28: AS201624 | B28: =VLOOKUP(A28,LISTADHERENT!A$5:H$51,2) -> NGONDIEP CLAUDE | C28: 390000 | D28: 179574 | F28: =G28+H28+I28+J28+K28+L28+Q28 -> 240000 | G28: =TONT20000DEC2015!D28+TONT20000JANV!D28+TONT20000FEV!D28+TONT20000MARS!D28+TONT20000AVRIL!D28+TONT20000MAI!D28+TONT20000JUIN!D28+TONT20000JUIL!D28+TONT20000AOUT!D28+TONT20000SEPT!D28+TONT20000OCT!D28+TONT20000NOV!D28 -> 36000 | H28: =TONT20000DEC2015!E28+TONT20000JANV!E28+TONT20000FEV!E28+TONT20000MARS!E28+TONT20000AVRIL!E28+TONT20000MAI!E28+TONT20000JUIN!E28+TONT20000JUIL!E28+TONT20000AOUT!E28+TONT20000SEPT!E28+TONT20000OCT!E28+TONT20000NOV!E28 -> 6000 | I28: =TONT20000DEC2015!F28+TONT20000JANV!F28+TONT20000FEV!F28+TONT20000MARS!F28+TONT20000AVRIL!F28+TONT20000MAI!F28+TONT20000JUIN!F28+TONT20000JUIL!F28+TONT20000AOUT!F28+TONT20000SEPT!F28+TONT20000OCT!F28+TONT20000NOV!F28 -> 12000 | J28: =TONT20000DEC2015!G28+TONT20000JANV!G28+TONT20000FEV!G28+TONT20000MARS!G28+TONT20000AVRIL!G28+TONT20000MAI!G28+TONT20000JUIN!G28+TONT20000JUIL!G28+TONT20000AOUT!G28+TONT20000SEPT!G28+TONT20000OCT!G28+TONT20000NOV!G28 -> 30000 | K28: =TONT20000DEC2015!H28+TONT20000JANV!H28+TONT20000FEV!H28+TONT20000MARS!H28+TONT20000AVRIL!H28+TONT20000MAI!H28+TONT20000JUIN!H28+TONT20000JUIL!H28+TONT20000AOUT!H28+TONT20000SEPT!H28+TONT20000OCT!H28+TONT20000NOV!H28 -> 0 | L28: =TONT20000DEC2015!I28+TONT20000JANV!I28+TONT20000FEV!I28+TONT20000MARS!I28+TONT20000AVRIL!I28+TONT20000MAI!I28+TONT20000JUIN!I28+TONT20000JUIL!I28+TONT20000AOUT!I28+TONT20000SEPT!I28+TONT20000OCT!I28+TONT20000NOV!I28 -> 156000 | M28: =TONT20000DEC2015!J28+TONT20000JANV!J28+TONT20000FEV!J28+TONT20000MARS!J28+TONT20000AVRIL!J28+TONT20000MAI!J28+TONT20000JUIN!J28+TONT20000JUIL!J28+TONT20000AOUT!J28+TONT20000SEPT!J28+TONT20000OCT!J28+TONT20000NOV!J28 -> 0 | N28: =TONT20000DEC2015!K28+TONT20000JANV!K28+TONT20000FEV!K28+TONT20000MARS!K28+TONT20000AVRIL!K28+TONT20000MAI!K28+TONT20000JUIN!K28+TONT20000JUIL!K28+TONT20000AOUT!K28+TONT20000SEPT!K28+TONT20000OCT!K28+TONT20000NOV!K28 -> 0 | O28: =TONT20000DEC2015!L28+TONT20000JANV!L28+TONT20000FEV!L28+TONT20000MARS!L28+TONT20000AVRIL!L28+TONT20000MAI!L28+TONT20000JUIN!L28+TONT20000JUIL!L28+TONT20000AOUT!L28+TONT20000SEPT!L28+TONT20000OCT!L28+TONT20000NOV!L28 -> 0 | P28: =TONT20000DEC2015!M28+TONT20000JANV!M28+TONT20000FEV!M28+TONT20000MARS!M28+TONT20000AVRIL!M28+TONT20000MAI!M28+TONT20000JUIN!M28+TONT20000JUIL!M28+TONT20000AOUT!M28+TONT20000SEPT!N28+TONT20000OCT!M28+TONT20000NOV!M28 -> 0 | Q28: =TONT20000DEC2015!M28+TONT20000JANV!M28+TONT20000FEV!M28+TONT20000MARS!M28+TONT20000AVRIL!M28+TONT20000MAI!M28+TONT20000JUIN!M28+TONT20000JUIL!M28+TONT20000AOUT!M28+TONT20000SEPT!N28+TONT20000OCT!M28+TONT20000NOV!M28 -> 0
A29: AS201625 | B29: =VLOOKUP(A29,LISTADHERENT!A$5:H$51,2) -> NGONGANG JEAN THEODORE | C29: 0 | D29: 0 | F29: =G29+H29+I29+J29+K29+L29+Q29 -> 240000 | G29: =TONT20000DEC2015!D29+TONT20000JANV!D29+TONT20000FEV!D29+TONT20000MARS!D29+TONT20000AVRIL!D29+TONT20000MAI!D29+TONT20000JUIN!D29+TONT20000JUIL!D29+TONT20000AOUT!D29+TONT20000SEPT!D29+TONT20000OCT!D29+TONT20000NOV!D29 -> 36000 | H29: =TONT20000DEC2015!E29+TONT20000JANV!E29+TONT20000FEV!E29+TONT20000MARS!E29+TONT20000AVRIL!E29+TONT20000MAI!E29+TONT20000JUIN!E29+TONT20000JUIL!E29+TONT20000AOUT!E29+TONT20000SEPT!E29+TONT20000OCT!E29+TONT20000NOV!E29 -> 6000 | I29: =TONT20000DEC2015!F29+TONT20000JANV!F29+TONT20000FEV!F29+TONT20000MARS!F29+TONT20000AVRIL!F29+TONT20000MAI!F29+TONT20000JUIN!F29+TONT20000JUIL!F29+TONT20000AOUT!F29+TONT20000SEPT!F29+TONT20000OCT!F29+TONT20000NOV!F29 -> 12000 | J29: =TONT20000DEC2015!G29+TONT20000JANV!G29+TONT20000FEV!G29+TONT20000MARS!G29+TONT20000AVRIL!G29+TONT20000MAI!G29+TONT20000JUIN!G29+TONT20000JUIL!G29+TONT20000AOUT!G29+TONT20000SEPT!G29+TONT20000OCT!G29+TONT20000NOV!G29 -> 30000 | K29: =TONT20000DEC2015!H29+TONT20000JANV!H29+TONT20000FEV!H29+TONT20000MARS!H29+TONT20000AVRIL!H29+TONT20000MAI!H29+TONT20000JUIN!H29+TONT20000JUIL!H29+TONT20000AOUT!H29+TONT20000SEPT!H29+TONT20000OCT!H29+TONT20000NOV!H29 -> 0 | L29: =TONT20000DEC2015!I29+TONT20000JANV!I29+TONT20000FEV!I29+TONT20000MARS!I29+TONT20000AVRIL!I29+TONT20000MAI!I29+TONT20000JUIN!I29+TONT20000JUIL!I29+TONT20000AOUT!I29+TONT20000SEPT!I29+TONT20000OCT!I29+TONT20000NOV!I29 -> 156000 | M29: =TONT20000DEC2015!J29+TONT20000JANV!J29+TONT20000FEV!J29+TONT20000MARS!J29+TONT20000AVRIL!J29+TONT20000MAI!J29+TONT20000JUIN!J29+TONT20000JUIL!J29+TONT20000AOUT!J29+TONT20000SEPT!J29+TONT20000OCT!J29+TONT20000NOV!J29 -> 0 | N29: =TONT20000DEC2015!K29+TONT20000JANV!K29+TONT20000FEV!K29+TONT20000MARS!K29+TONT20000AVRIL!K29+TONT20000MAI!K29+TONT20000JUIN!K29+TONT20000JUIL!K29+TONT20000AOUT!K29+TONT20000SEPT!K29+TONT20000OCT!K29+TONT20000NOV!K29 -> 0 | O29: =TONT20000DEC2015!L29+TONT20000JANV!L29+TONT20000FEV!L29+TONT20000MARS!L29+TONT20000AVRIL!L29+TONT20000MAI!L29+TONT20000JUIN!L29+TONT20000JUIL!L29+TONT20000AOUT!L29+TONT20000SEPT!L29+TONT20000OCT!L29+TONT20000NOV!L29 -> 0 | P29: =TONT20000DEC2015!M29+TONT20000JANV!M29+TONT20000FEV!M29+TONT20000MARS!M29+TONT20000AVRIL!M29+TONT20000MAI!M29+TONT20000JUIN!M29+TONT20000JUIL!M29+TONT20000AOUT!M29+TONT20000SEPT!N29+TONT20000OCT!M29+TONT20000NOV!M29 -> 0 | Q29: =TONT20000DEC2015!M29+TONT20000JANV!M29+TONT20000FEV!M29+TONT20000MARS!M29+TONT20000AVRIL!M29+TONT20000MAI!M29+TONT20000JUIN!M29+TONT20000JUIL!M29+TONT20000AOUT!M29+TONT20000SEPT!N29+TONT20000OCT!M29+TONT20000NOV!M29 -> 0
A30: AS201626 | B30: =VLOOKUP(A30,LISTADHERENT!A$5:H$51,2) -> NGUIEMEGNI MATHIEU BLAISE | C30: =390000-375111 -> 14889 | D30: 0 | F30: =G30+H30+I30+J30+K30+L30+Q30 -> 862000 | G30: =TONT20000DEC2015!D30+TONT20000JANV!D30+TONT20000FEV!D30+TONT20000MARS!D30+TONT20000AVRIL!D30+TONT20000MAI!D30+TONT20000JUIN!D30+TONT20000JUIL!D30+TONT20000AOUT!D30+TONT20000SEPT!D30+TONT20000OCT!D30+TONT20000NOV!D30 -> 557945 | H30: =TONT20000DEC2015!E30+TONT20000JANV!E30+TONT20000FEV!E30+TONT20000MARS!E30+TONT20000AVRIL!E30+TONT20000MAI!E30+TONT20000JUIN!E30+TONT20000JUIL!E30+TONT20000AOUT!E30+TONT20000SEPT!E30+TONT20000OCT!E30+TONT20000NOV!E30 -> 6000 | I30: =TONT20000DEC2015!F30+TONT20000JANV!F30+TONT20000FEV!F30+TONT20000MARS!F30+TONT20000AVRIL!F30+TONT20000MAI!F30+TONT20000JUIN!F30+TONT20000JUIL!F30+TONT20000AOUT!F30+TONT20000SEPT!F30+TONT20000OCT!F30+TONT20000NOV!F30 -> 12000 | J30: =TONT20000DEC2015!G30+TONT20000JANV!G30+TONT20000FEV!G30+TONT20000MARS!G30+TONT20000AVRIL!G30+TONT20000MAI!G30+TONT20000JUIN!G30+TONT20000JUIL!G30+TONT20000AOUT!G30+TONT20000SEPT!G30+TONT20000OCT!G30+TONT20000NOV!G30 -> 30000 | K30: =TONT20000DEC2015!H30+TONT20000JANV!H30+TONT20000FEV!H30+TONT20000MARS!H30+TONT20000AVRIL!H30+TONT20000MAI!H30+TONT20000JUIN!H30+TONT20000JUIL!H30+TONT20000AOUT!H30+TONT20000SEPT!H30+TONT20000OCT!H30+TONT20000NOV!H30 -> 50000 | L30: =TONT20000DEC2015!I30+TONT20000JANV!I30+TONT20000FEV!I30+TONT20000MARS!I30+TONT20000AVRIL!I30+TONT20000MAI!I30+TONT20000JUIN!I30+TONT20000JUIL!I30+TONT20000AOUT!I30+TONT20000SEPT!I30+TONT20000OCT!I30+TONT20000NOV!I30 -> 156000 | M30: =TONT20000DEC2015!J30+TONT20000JANV!J30+TONT20000FEV!J30+TONT20000MARS!J30+TONT20000AVRIL!J30+TONT20000MAI!J30+TONT20000JUIN!J30+TONT20000JUIL!J30+TONT20000AOUT!J30+TONT20000SEPT!J30+TONT20000OCT!J30+TONT20000NOV!J30 -> 0 | N30: =TONT20000DEC2015!K30+TONT20000JANV!K30+TONT20000FEV!K30+TONT20000MARS!K30+TONT20000AVRIL!K30+TONT20000MAI!K30+TONT20000JUIN!K30+TONT20000JUIL!K30+TONT20000AOUT!K30+TONT20000SEPT!K30+TONT20000OCT!K30+TONT20000NOV!K30 -> 0 | O30: =TONT20000DEC2015!L30+TONT20000JANV!L30+TONT20000FEV!L30+TONT20000MARS!L30+TONT20000AVRIL!L30+TONT20000MAI!L30+TONT20000JUIN!L30+TONT20000JUIL!L30+TONT20000AOUT!L30+TONT20000SEPT!L30+TONT20000OCT!L30+TONT20000NOV!L30 -> 0 | P30: =TONT20000DEC2015!M30+TONT20000JANV!M30+TONT20000FEV!M30+TONT20000MARS!M30+TONT20000AVRIL!M30+TONT20000MAI!M30+TONT20000JUIN!M30+TONT20000JUIL!M30+TONT20000AOUT!M30+TONT20000SEPT!N30+TONT20000OCT!M30+TONT20000NOV!M30 -> 50055 | Q30: =TONT20000DEC2015!M30+TONT20000JANV!M30+TONT20000FEV!M30+TONT20000MARS!M30+TONT20000AVRIL!M30+TONT20000MAI!M30+TONT20000JUIN!M30+TONT20000JUIL!M30+TONT20000AOUT!M30+TONT20000SEPT!N30+TONT20000OCT!M30+TONT20000NOV!M30 -> 50055
A31: AS201627 | B31: =VLOOKUP(A31,LISTADHERENT!A$5:H$51,2) -> NJEPDJIO MBOUKAM DELUXE | C31: 390000 | D31: 1734 | F31: =G31+H31+I31+J31+K31+L31+Q31 -> 257000 | G31: =TONT20000DEC2015!D31+TONT20000JANV!D31+TONT20000FEV!D31+TONT20000MARS!D31+TONT20000AVRIL!D31+TONT20000MAI!D31+TONT20000JUIN!D31+TONT20000JUIL!D31+TONT20000AOUT!D31+TONT20000SEPT!D31+TONT20000OCT!D31+TONT20000NOV!D31 -> 53000 | H31: =TONT20000DEC2015!E31+TONT20000JANV!E31+TONT20000FEV!E31+TONT20000MARS!E31+TONT20000AVRIL!E31+TONT20000MAI!E31+TONT20000JUIN!E31+TONT20000JUIL!E31+TONT20000AOUT!E31+TONT20000SEPT!E31+TONT20000OCT!E31+TONT20000NOV!E31 -> 6000 | I31: =TONT20000DEC2015!F31+TONT20000JANV!F31+TONT20000FEV!F31+TONT20000MARS!F31+TONT20000AVRIL!F31+TONT20000MAI!F31+TONT20000JUIN!F31+TONT20000JUIL!F31+TONT20000AOUT!F31+TONT20000SEPT!F31+TONT20000OCT!F31+TONT20000NOV!F31 -> 12000 | J31: =TONT20000DEC2015!G31+TONT20000JANV!G31+TONT20000FEV!G31+TONT20000MARS!G31+TONT20000AVRIL!G31+TONT20000MAI!G31+TONT20000JUIN!G31+TONT20000JUIL!G31+TONT20000AOUT!G31+TONT20000SEPT!G31+TONT20000OCT!G31+TONT20000NOV!G31 -> 30000 | K31: =TONT20000DEC2015!H31+TONT20000JANV!H31+TONT20000FEV!H31+TONT20000MARS!H31+TONT20000AVRIL!H31+TONT20000MAI!H31+TONT20000JUIN!H31+TONT20000JUIL!H31+TONT20000AOUT!H31+TONT20000SEPT!H31+TONT20000OCT!H31+TONT20000NOV!H31 -> 0 | L31: =TONT20000DEC2015!I31+TONT20000JANV!I31+TONT20000FEV!I31+TONT20000MARS!I31+TONT20000AVRIL!I31+TONT20000MAI!I31+TONT20000JUIN!I31+TONT20000JUIL!I31+TONT20000AOUT!I31+TONT20000SEPT!I31+TONT20000OCT!I31+TONT20000NOV!I31 -> 156000 | M31: =TONT20000DEC2015!J31+TONT20000JANV!J31+TONT20000FEV!J31+TONT20000MARS!J31+TONT20000AVRIL!J31+TONT20000MAI!J31+TONT20000JUIN!J31+TONT20000JUIL!J31+TONT20000AOUT!J31+TONT20000SEPT!J31+TONT20000OCT!J31+TONT20000NOV!J31 -> 2000000 | N31: =TONT20000DEC2015!K31+TONT20000JANV!K31+TONT20000FEV!K31+TONT20000MARS!K31+TONT20000AVRIL!K31+TONT20000MAI!K31+TONT20000JUIN!K31+TONT20000JUIL!K31+TONT20000AOUT!K31+TONT20000SEPT!K31+TONT20000OCT!K31+TONT20000NOV!K31 -> 150000 | O31: =TONT20000DEC2015!L31+TONT20000JANV!L31+TONT20000FEV!L31+TONT20000MARS!L31+TONT20000AVRIL!L31+TONT20000MAI!L31+TONT20000JUIN!L31+TONT20000JUIL!L31+TONT20000AOUT!L31+TONT20000SEPT!L31+TONT20000OCT!L31+TONT20000NOV!L31 -> 1000000 | P31: =TONT20000DEC2015!M31+TONT20000JANV!M31+TONT20000FEV!M31+TONT20000MARS!M31+TONT20000AVRIL!M31+TONT20000MAI!M31+TONT20000JUIN!M31+TONT20000JUIL!M31+TONT20000AOUT!M31+TONT20000SEPT!N31+TONT20000OCT!M31+TONT20000NOV!M31 -> 0 | Q31: =TONT20000DEC2015!M31+TONT20000JANV!M31+TONT20000FEV!M31+TONT20000MARS!M31+TONT20000AVRIL!M31+TONT20000MAI!M31+TONT20000JUIN!M31+TONT20000JUIL!M31+TONT20000AOUT!M31+TONT20000SEPT!N31+TONT20000OCT!M31+TONT20000NOV!M31 -> 0
A32: AS201628 | B32: =VLOOKUP(A32,LISTADHERENT!A$5:H$51,2) -> NKAMGANG JUSTIN DEJOLIE | C32: 0 | D32: 0 | F32: =G32+H32+I32+J32+K32+L32+Q32 -> 278000 | G32: =TONT20000DEC2015!D32+TONT20000JANV!D32+TONT20000FEV!D32+TONT20000MARS!D32+TONT20000AVRIL!D32+TONT20000MAI!D32+TONT20000JUIN!D32+TONT20000JUIL!D32+TONT20000AOUT!D32+TONT20000SEPT!D32+TONT20000OCT!D32+TONT20000NOV!D32 -> 74000 | H32: =TONT20000DEC2015!E32+TONT20000JANV!E32+TONT20000FEV!E32+TONT20000MARS!E32+TONT20000AVRIL!E32+TONT20000MAI!E32+TONT20000JUIN!E32+TONT20000JUIL!E32+TONT20000AOUT!E32+TONT20000SEPT!E32+TONT20000OCT!E32+TONT20000NOV!E32 -> 6000 | I32: =TONT20000DEC2015!F32+TONT20000JANV!F32+TONT20000FEV!F32+TONT20000MARS!F32+TONT20000AVRIL!F32+TONT20000MAI!F32+TONT20000JUIN!F32+TONT20000JUIL!F32+TONT20000AOUT!F32+TONT20000SEPT!F32+TONT20000OCT!F32+TONT20000NOV!F32 -> 12000 | J32: =TONT20000DEC2015!G32+TONT20000JANV!G32+TONT20000FEV!G32+TONT20000MARS!G32+TONT20000AVRIL!G32+TONT20000MAI!G32+TONT20000JUIN!G32+TONT20000JUIL!G32+TONT20000AOUT!G32+TONT20000SEPT!G32+TONT20000OCT!G32+TONT20000NOV!G32 -> 30000 | K32: =TONT20000DEC2015!H32+TONT20000JANV!H32+TONT20000FEV!H32+TONT20000MARS!H32+TONT20000AVRIL!H32+TONT20000MAI!H32+TONT20000JUIN!H32+TONT20000JUIL!H32+TONT20000AOUT!H32+TONT20000SEPT!H32+TONT20000OCT!H32+TONT20000NOV!H32 -> 0 | L32: =TONT20000DEC2015!I32+TONT20000JANV!I32+TONT20000FEV!I32+TONT20000MARS!I32+TONT20000AVRIL!I32+TONT20000MAI!I32+TONT20000JUIN!I32+TONT20000JUIL!I32+TONT20000AOUT!I32+TONT20000SEPT!I32+TONT20000OCT!I32+TONT20000NOV!I32 -> 156000 | M32: =TONT20000DEC2015!J32+TONT20000JANV!J32+TONT20000FEV!J32+TONT20000MARS!J32+TONT20000AVRIL!J32+TONT20000MAI!J32+TONT20000JUIN!J32+TONT20000JUIL!J32+TONT20000AOUT!J32+TONT20000SEPT!J32+TONT20000OCT!J32+TONT20000NOV!J32 -> 1000000 | N32: =TONT20000DEC2015!K32+TONT20000JANV!K32+TONT20000FEV!K32+TONT20000MARS!K32+TONT20000AVRIL!K32+TONT20000MAI!K32+TONT20000JUIN!K32+TONT20000JUIL!K32+TONT20000AOUT!K32+TONT20000SEPT!K32+TONT20000OCT!K32+TONT20000NOV!K32 -> 120000 | O32: =TONT20000DEC2015!L32+TONT20000JANV!L32+TONT20000FEV!L32+TONT20000MARS!L32+TONT20000AVRIL!L32+TONT20000MAI!L32+TONT20000JUIN!L32+TONT20000JUIL!L32+TONT20000AOUT!L32+TONT20000SEPT!L32+TONT20000OCT!L32+TONT20000NOV!L32 -> 0 | P32: =TONT20000DEC2015!M32+TONT20000JANV!M32+TONT20000FEV!M32+TONT20000MARS!M32+TONT20000AVRIL!M32+TONT20000MAI!M32+TONT20000JUIN!M32+TONT20000JUIL!M32+TONT20000AOUT!M32+TONT20000SEPT!N32+TONT20000OCT!M32+TONT20000NOV!M32 -> 0 | Q32: =TONT20000DEC2015!M32+TONT20000JANV!M32+TONT20000FEV!M32+TONT20000MARS!M32+TONT20000AVRIL!M32+TONT20000MAI!M32+TONT20000JUIN!M32+TONT20000JUIL!M32+TONT20000AOUT!M32+TONT20000SEPT!N32+TONT20000OCT!M32+TONT20000NOV!M32 -> 0
A33: AS201629 | B33: =VLOOKUP(A33,LISTADHERENT!A$5:H$51,2) -> NKEPSEU DIEUDONNE | C33: 390000 | D33: 8739 | F33: =G33+H33+I33+J33+K33+L33+Q33 -> 345000 | G33: =TONT20000DEC2015!D33+TONT20000JANV!D33+TONT20000FEV!D33+TONT20000MARS!D33+TONT20000AVRIL!D33+TONT20000MAI!D33+TONT20000JUIN!D33+TONT20000JUIL!D33+TONT20000AOUT!D33+TONT20000SEPT!D33+TONT20000OCT!D33+TONT20000NOV!D33 -> 91000 | H33: =TONT20000DEC2015!E33+TONT20000JANV!E33+TONT20000FEV!E33+TONT20000MARS!E33+TONT20000AVRIL!E33+TONT20000MAI!E33+TONT20000JUIN!E33+TONT20000JUIL!E33+TONT20000AOUT!E33+TONT20000SEPT!E33+TONT20000OCT!E33+TONT20000NOV!E33 -> 6000 | I33: =TONT20000DEC2015!F33+TONT20000JANV!F33+TONT20000FEV!F33+TONT20000MARS!F33+TONT20000AVRIL!F33+TONT20000MAI!F33+TONT20000JUIN!F33+TONT20000JUIL!F33+TONT20000AOUT!F33+TONT20000SEPT!F33+TONT20000OCT!F33+TONT20000NOV!F33 -> 12000 | J33: =TONT20000DEC2015!G33+TONT20000JANV!G33+TONT20000FEV!G33+TONT20000MARS!G33+TONT20000AVRIL!G33+TONT20000MAI!G33+TONT20000JUIN!G33+TONT20000JUIL!G33+TONT20000AOUT!G33+TONT20000SEPT!G33+TONT20000OCT!G33+TONT20000NOV!G33 -> 30000 | K33: =TONT20000DEC2015!H33+TONT20000JANV!H33+TONT20000FEV!H33+TONT20000MARS!H33+TONT20000AVRIL!H33+TONT20000MAI!H33+TONT20000JUIN!H33+TONT20000JUIL!H33+TONT20000AOUT!H33+TONT20000SEPT!H33+TONT20000OCT!H33+TONT20000NOV!H33 -> 50000 | L33: =TONT20000DEC2015!I33+TONT20000JANV!I33+TONT20000FEV!I33+TONT20000MARS!I33+TONT20000AVRIL!I33+TONT20000MAI!I33+TONT20000JUIN!I33+TONT20000JUIL!I33+TONT20000AOUT!I33+TONT20000SEPT!I33+TONT20000OCT!I33+TONT20000NOV!I33 -> 156000 | M33: =TONT20000DEC2015!J33+TONT20000JANV!J33+TONT20000FEV!J33+TONT20000MARS!J33+TONT20000AVRIL!J33+TONT20000MAI!J33+TONT20000JUIN!J33+TONT20000JUIL!J33+TONT20000AOUT!J33+TONT20000SEPT!J33+TONT20000OCT!J33+TONT20000NOV!J33 -> 600000 | N33: =TONT20000DEC2015!K33+TONT20000JANV!K33+TONT20000FEV!K33+TONT20000MARS!K33+TONT20000AVRIL!K33+TONT20000MAI!K33+TONT20000JUIN!K33+TONT20000JUIL!K33+TONT20000AOUT!K33+TONT20000SEPT!K33+TONT20000OCT!K33+TONT20000NOV!K33 -> 72000 | O33: =TONT20000DEC2015!L33+TONT20000JANV!L33+TONT20000FEV!L33+TONT20000MARS!L33+TONT20000AVRIL!L33+TONT20000MAI!L33+TONT20000JUIN!L33+TONT20000JUIL!L33+TONT20000AOUT!L33+TONT20000SEPT!L33+TONT20000OCT!L33+TONT20000NOV!L33 -> 0 | P33: =TONT20000DEC2015!M33+TONT20000JANV!M33+TONT20000FEV!M33+TONT20000MARS!M33+TONT20000AVRIL!M33+TONT20000MAI!M33+TONT20000JUIN!M33+TONT20000JUIL!M33+TONT20000AOUT!M33+TONT20000SEPT!N33+TONT20000OCT!M33+TONT20000NOV!M33 -> 0 | Q33: =TONT20000DEC2015!M33+TONT20000JANV!M33+TONT20000FEV!M33+TONT20000MARS!M33+TONT20000AVRIL!M33+TONT20000MAI!M33+TONT20000JUIN!M33+TONT20000JUIL!M33+TONT20000AOUT!M33+TONT20000SEPT!N33+TONT20000OCT!M33+TONT20000NOV!M33 -> 0
A34: AS201630 | B34: =VLOOKUP(A34,LISTADHERENT!A$5:H$51,2) -> NKEPSEU HENANG RENE | C34: 390000 | D34: 7983 | F34: =G34+H34+I34+J34+K34+L34+Q34 -> 180000 | G34: =TONT20000DEC2015!D34+TONT20000JANV!D34+TONT20000FEV!D34+TONT20000MARS!D34+TONT20000AVRIL!D34+TONT20000MAI!D34+TONT20000JUIN!D34+TONT20000JUIL!D34+TONT20000AOUT!D34+TONT20000SEPT!D34+TONT20000OCT!D34+TONT20000NOV!D34 -> 27000 | H34: =TONT20000DEC2015!E34+TONT20000JANV!E34+TONT20000FEV!E34+TONT20000MARS!E34+TONT20000AVRIL!E34+TONT20000MAI!E34+TONT20000JUIN!E34+TONT20000JUIL!E34+TONT20000AOUT!E34+TONT20000SEPT!E34+TONT20000OCT!E34+TONT20000NOV!E34 -> 4500 | I34: =TONT20000DEC2015!F34+TONT20000JANV!F34+TONT20000FEV!F34+TONT20000MARS!F34+TONT20000AVRIL!F34+TONT20000MAI!F34+TONT20000JUIN!F34+TONT20000JUIL!F34+TONT20000AOUT!F34+TONT20000SEPT!F34+TONT20000OCT!F34+TONT20000NOV!F34 -> 9000 | J34: =TONT20000DEC2015!G34+TONT20000JANV!G34+TONT20000FEV!G34+TONT20000MARS!G34+TONT20000AVRIL!G34+TONT20000MAI!G34+TONT20000JUIN!G34+TONT20000JUIL!G34+TONT20000AOUT!G34+TONT20000SEPT!G34+TONT20000OCT!G34+TONT20000NOV!G34 -> 22500 | K34: =TONT20000DEC2015!H34+TONT20000JANV!H34+TONT20000FEV!H34+TONT20000MARS!H34+TONT20000AVRIL!H34+TONT20000MAI!H34+TONT20000JUIN!H34+TONT20000JUIL!H34+TONT20000AOUT!H34+TONT20000SEPT!H34+TONT20000OCT!H34+TONT20000NOV!H34 -> 0 | L34: =TONT20000DEC2015!I34+TONT20000JANV!I34+TONT20000FEV!I34+TONT20000MARS!I34+TONT20000AVRIL!I34+TONT20000MAI!I34+TONT20000JUIN!I34+TONT20000JUIL!I34+TONT20000AOUT!I34+TONT20000SEPT!I34+TONT20000OCT!I34+TONT20000NOV!I34 -> 117000 | M34: =TONT20000DEC2015!J34+TONT20000JANV!J34+TONT20000FEV!J34+TONT20000MARS!J34+TONT20000AVRIL!J34+TONT20000MAI!J34+TONT20000JUIN!J34+TONT20000JUIL!J34+TONT20000AOUT!J34+TONT20000SEPT!J34+TONT20000OCT!J34+TONT20000NOV!J34 -> 0 | N34: =TONT20000DEC2015!K34+TONT20000JANV!K34+TONT20000FEV!K34+TONT20000MARS!K34+TONT20000AVRIL!K34+TONT20000MAI!K34+TONT20000JUIN!K34+TONT20000JUIL!K34+TONT20000AOUT!K34+TONT20000SEPT!K34+TONT20000OCT!K34+TONT20000NOV!K34 -> 0 | O34: =TONT20000DEC2015!L34+TONT20000JANV!L34+TONT20000FEV!L34+TONT20000MARS!L34+TONT20000AVRIL!L34+TONT20000MAI!L34+TONT20000JUIN!L34+TONT20000JUIL!L34+TONT20000AOUT!L34+TONT20000SEPT!L34+TONT20000OCT!L34+TONT20000NOV!L34 -> 0 | P34: =TONT20000DEC2015!M34+TONT20000JANV!M34+TONT20000FEV!M34+TONT20000MARS!M34+TONT20000AVRIL!M34+TONT20000MAI!M34+TONT20000JUIN!M34+TONT20000JUIL!M34+TONT20000AOUT!M34+TONT20000SEPT!N34+TONT20000OCT!M34+TONT20000NOV!M34 -> 0 | Q34: =TONT20000DEC2015!M34+TONT20000JANV!M34+TONT20000FEV!M34+TONT20000MARS!M34+TONT20000AVRIL!M34+TONT20000MAI!M34+TONT20000JUIN!M34+TONT20000JUIL!M34+TONT20000AOUT!M34+TONT20000SEPT!N34+TONT20000OCT!M34+TONT20000NOV!M34 -> 0
A35: AS201631 | B35: =VLOOKUP(A35,LISTADHERENT!A$5:H$51,2) -> NTEPDIE TUEMAC MZ | C35: 0 | D35: 0 | F35: =G35+H35+I35+J35+K35+L35+Q35 -> 100000 | G35: =TONT20000DEC2015!D35+TONT20000JANV!D35+TONT20000FEV!D35+TONT20000MARS!D35+TONT20000AVRIL!D35+TONT20000MAI!D35+TONT20000JUIN!D35+TONT20000JUIL!D35+TONT20000AOUT!D35+TONT20000SEPT!D35+TONT20000OCT!D35+TONT20000NOV!D35 -> 15000 | H35: =TONT20000DEC2015!E35+TONT20000JANV!E35+TONT20000FEV!E35+TONT20000MARS!E35+TONT20000AVRIL!E35+TONT20000MAI!E35+TONT20000JUIN!E35+TONT20000JUIL!E35+TONT20000AOUT!E35+TONT20000SEPT!E35+TONT20000OCT!E35+TONT20000NOV!E35 -> 2500 | I35: =TONT20000DEC2015!F35+TONT20000JANV!F35+TONT20000FEV!F35+TONT20000MARS!F35+TONT20000AVRIL!F35+TONT20000MAI!F35+TONT20000JUIN!F35+TONT20000JUIL!F35+TONT20000AOUT!F35+TONT20000SEPT!F35+TONT20000OCT!F35+TONT20000NOV!F35 -> 5000 | J35: =TONT20000DEC2015!G35+TONT20000JANV!G35+TONT20000FEV!G35+TONT20000MARS!G35+TONT20000AVRIL!G35+TONT20000MAI!G35+TONT20000JUIN!G35+TONT20000JUIL!G35+TONT20000AOUT!G35+TONT20000SEPT!G35+TONT20000OCT!G35+TONT20000NOV!G35 -> 12500 | K35: =TONT20000DEC2015!H35+TONT20000JANV!H35+TONT20000FEV!H35+TONT20000MARS!H35+TONT20000AVRIL!H35+TONT20000MAI!H35+TONT20000JUIN!H35+TONT20000JUIL!H35+TONT20000AOUT!H35+TONT20000SEPT!H35+TONT20000OCT!H35+TONT20000NOV!H35 -> 0 | L35: =TONT20000DEC2015!I35+TONT20000JANV!I35+TONT20000FEV!I35+TONT20000MARS!I35+TONT20000AVRIL!I35+TONT20000MAI!I35+TONT20000JUIN!I35+TONT20000JUIL!I35+TONT20000AOUT!I35+TONT20000SEPT!I35+TONT20000OCT!I35+TONT20000NOV!I35 -> 65000 | M35: =TONT20000DEC2015!J35+TONT20000JANV!J35+TONT20000FEV!J35+TONT20000MARS!J35+TONT20000AVRIL!J35+TONT20000MAI!J35+TONT20000JUIN!J35+TONT20000JUIL!J35+TONT20000AOUT!J35+TONT20000SEPT!J35+TONT20000OCT!J35+TONT20000NOV!J35 -> 0 | N35: =TONT20000DEC2015!K35+TONT20000JANV!K35+TONT20000FEV!K35+TONT20000MARS!K35+TONT20000AVRIL!K35+TONT20000MAI!K35+TONT20000JUIN!K35+TONT20000JUIL!K35+TONT20000AOUT!K35+TONT20000SEPT!K35+TONT20000OCT!K35+TONT20000NOV!K35 -> 0 | O35: =TONT20000DEC2015!L35+TONT20000JANV!L35+TONT20000FEV!L35+TONT20000MARS!L35+TONT20000AVRIL!L35+TONT20000MAI!L35+TONT20000JUIN!L35+TONT20000JUIL!L35+TONT20000AOUT!L35+TONT20000SEPT!L35+TONT20000OCT!L35+TONT20000NOV!L35 -> 0 | P35: =TONT20000DEC2015!M35+TONT20000JANV!M35+TONT20000FEV!M35+TONT20000MARS!M35+TONT20000AVRIL!M35+TONT20000MAI!M35+TONT20000JUIN!M35+TONT20000JUIL!M35+TONT20000AOUT!M35+TONT20000SEPT!N35+TONT20000OCT!M35+TONT20000NOV!M35 -> 0 | Q35: =TONT20000DEC2015!M35+TONT20000JANV!M35+TONT20000FEV!M35+TONT20000MARS!M35+TONT20000AVRIL!M35+TONT20000MAI!M35+TONT20000JUIN!M35+TONT20000JUIL!M35+TONT20000AOUT!M35+TONT20000SEPT!N35+TONT20000OCT!M35+TONT20000NOV!M35 -> 0
A36: AS201632 | B36: =VLOOKUP(A36,LISTADHERENT!A$5:H$51,2) -> NTOMBOU ADOLPHE | C36: 0 | D36: 0 | F36: =G36+H36+I36+J36+K36+L36+Q36 -> 180000 | G36: =TONT20000DEC2015!D36+TONT20000JANV!D36+TONT20000FEV!D36+TONT20000MARS!D36+TONT20000AVRIL!D36+TONT20000MAI!D36+TONT20000JUIN!D36+TONT20000JUIL!D36+TONT20000AOUT!D36+TONT20000SEPT!D36+TONT20000OCT!D36+TONT20000NOV!D36 -> 27000 | H36: =TONT20000DEC2015!E36+TONT20000JANV!E36+TONT20000FEV!E36+TONT20000MARS!E36+TONT20000AVRIL!E36+TONT20000MAI!E36+TONT20000JUIN!E36+TONT20000JUIL!E36+TONT20000AOUT!E36+TONT20000SEPT!E36+TONT20000OCT!E36+TONT20000NOV!E36 -> 4500 | I36: =TONT20000DEC2015!F36+TONT20000JANV!F36+TONT20000FEV!F36+TONT20000MARS!F36+TONT20000AVRIL!F36+TONT20000MAI!F36+TONT20000JUIN!F36+TONT20000JUIL!F36+TONT20000AOUT!F36+TONT20000SEPT!F36+TONT20000OCT!F36+TONT20000NOV!F36 -> 9000 | J36: =TONT20000DEC2015!G36+TONT20000JANV!G36+TONT20000FEV!G36+TONT20000MARS!G36+TONT20000AVRIL!G36+TONT20000MAI!G36+TONT20000JUIN!G36+TONT20000JUIL!G36+TONT20000AOUT!G36+TONT20000SEPT!G36+TONT20000OCT!G36+TONT20000NOV!G36 -> 22500 | K36: =TONT20000DEC2015!H36+TONT20000JANV!H36+TONT20000FEV!H36+TONT20000MARS!H36+TONT20000AVRIL!H36+TONT20000MAI!H36+TONT20000JUIN!H36+TONT20000JUIL!H36+TONT20000AOUT!H36+TONT20000SEPT!H36+TONT20000OCT!H36+TONT20000NOV!H36 -> 0 | L36: =TONT20000DEC2015!I36+TONT20000JANV!I36+TONT20000FEV!I36+TONT20000MARS!I36+TONT20000AVRIL!I36+TONT20000MAI!I36+TONT20000JUIN!I36+TONT20000JUIL!I36+TONT20000AOUT!I36+TONT20000SEPT!I36+TONT20000OCT!I36+TONT20000NOV!I36 -> 117000 | M36: =TONT20000DEC2015!J36+TONT20000JANV!J36+TONT20000FEV!J36+TONT20000MARS!J36+TONT20000AVRIL!J36+TONT20000MAI!J36+TONT20000JUIN!J36+TONT20000JUIL!J36+TONT20000AOUT!J36+TONT20000SEPT!J36+TONT20000OCT!J36+TONT20000NOV!J36 -> 0 | N36: =TONT20000DEC2015!K36+TONT20000JANV!K36+TONT20000FEV!K36+TONT20000MARS!K36+TONT20000AVRIL!K36+TONT20000MAI!K36+TONT20000JUIN!K36+TONT20000JUIL!K36+TONT20000AOUT!K36+TONT20000SEPT!K36+TONT20000OCT!K36+TONT20000NOV!K36 -> 0 | O36: =TONT20000DEC2015!L36+TONT20000JANV!L36+TONT20000FEV!L36+TONT20000MARS!L36+TONT20000AVRIL!L36+TONT20000MAI!L36+TONT20000JUIN!L36+TONT20000JUIL!L36+TONT20000AOUT!L36+TONT20000SEPT!L36+TONT20000OCT!L36+TONT20000NOV!L36 -> 0 | P36: =TONT20000DEC2015!M36+TONT20000JANV!M36+TONT20000FEV!M36+TONT20000MARS!M36+TONT20000AVRIL!M36+TONT20000MAI!M36+TONT20000JUIN!M36+TONT20000JUIL!M36+TONT20000AOUT!M36+TONT20000SEPT!N36+TONT20000OCT!M36+TONT20000NOV!M36 -> 0 | Q36: =TONT20000DEC2015!M36+TONT20000JANV!M36+TONT20000FEV!M36+TONT20000MARS!M36+TONT20000AVRIL!M36+TONT20000MAI!M36+TONT20000JUIN!M36+TONT20000JUIL!M36+TONT20000AOUT!M36+TONT20000SEPT!N36+TONT20000OCT!M36+TONT20000NOV!M36 -> 0
A37: AS201633 | B37: =VLOOKUP(A37,LISTADHERENT!A$5:H$51,2) -> PATEGO NJOSSU GUSTAVE | C37: 390000 | D37: 140 | F37: =G37+H37+I37+J37+K37+L37+Q37 -> 240000 | G37: =TONT20000DEC2015!D37+TONT20000JANV!D37+TONT20000FEV!D37+TONT20000MARS!D37+TONT20000AVRIL!D37+TONT20000MAI!D37+TONT20000JUIN!D37+TONT20000JUIL!D37+TONT20000AOUT!D37+TONT20000SEPT!D37+TONT20000OCT!D37+TONT20000NOV!D37 -> 36000 | H37: =TONT20000DEC2015!E37+TONT20000JANV!E37+TONT20000FEV!E37+TONT20000MARS!E37+TONT20000AVRIL!E37+TONT20000MAI!E37+TONT20000JUIN!E37+TONT20000JUIL!E37+TONT20000AOUT!E37+TONT20000SEPT!E37+TONT20000OCT!E37+TONT20000NOV!E37 -> 6000 | I37: =TONT20000DEC2015!F37+TONT20000JANV!F37+TONT20000FEV!F37+TONT20000MARS!F37+TONT20000AVRIL!F37+TONT20000MAI!F37+TONT20000JUIN!F37+TONT20000JUIL!F37+TONT20000AOUT!F37+TONT20000SEPT!F37+TONT20000OCT!F37+TONT20000NOV!F37 -> 12000 | J37: =TONT20000DEC2015!G37+TONT20000JANV!G37+TONT20000FEV!G37+TONT20000MARS!G37+TONT20000AVRIL!G37+TONT20000MAI!G37+TONT20000JUIN!G37+TONT20000JUIL!G37+TONT20000AOUT!G37+TONT20000SEPT!G37+TONT20000OCT!G37+TONT20000NOV!G37 -> 30000 | K37: =TONT20000DEC2015!H37+TONT20000JANV!H37+TONT20000FEV!H37+TONT20000MARS!H37+TONT20000AVRIL!H37+TONT20000MAI!H37+TONT20000JUIN!H37+TONT20000JUIL!H37+TONT20000AOUT!H37+TONT20000SEPT!H37+TONT20000OCT!H37+TONT20000NOV!H37 -> 0 | L37: =TONT20000DEC2015!I37+TONT20000JANV!I37+TONT20000FEV!I37+TONT20000MARS!I37+TONT20000AVRIL!I37+TONT20000MAI!I37+TONT20000JUIN!I37+TONT20000JUIL!I37+TONT20000AOUT!I37+TONT20000SEPT!I37+TONT20000OCT!I37+TONT20000NOV!I37 -> 156000 | M37: =TONT20000DEC2015!J37+TONT20000JANV!J37+TONT20000FEV!J37+TONT20000MARS!J37+TONT20000AVRIL!J37+TONT20000MAI!J37+TONT20000JUIN!J37+TONT20000JUIL!J37+TONT20000AOUT!J37+TONT20000SEPT!J37+TONT20000OCT!J37+TONT20000NOV!J37 -> 0 | N37: =TONT20000DEC2015!K37+TONT20000JANV!K37+TONT20000FEV!K37+TONT20000MARS!K37+TONT20000AVRIL!K37+TONT20000MAI!K37+TONT20000JUIN!K37+TONT20000JUIL!K37+TONT20000AOUT!K37+TONT20000SEPT!K37+TONT20000OCT!K37+TONT20000NOV!K37 -> 0 | O37: =TONT20000DEC2015!L37+TONT20000JANV!L37+TONT20000FEV!L37+TONT20000MARS!L37+TONT20000AVRIL!L37+TONT20000MAI!L37+TONT20000JUIN!L37+TONT20000JUIL!L37+TONT20000AOUT!L37+TONT20000SEPT!L37+TONT20000OCT!L37+TONT20000NOV!L37 -> 0 | P37: =TONT20000DEC2015!M37+TONT20000JANV!M37+TONT20000FEV!M37+TONT20000MARS!M37+TONT20000AVRIL!M37+TONT20000MAI!M37+TONT20000JUIN!M37+TONT20000JUIL!M37+TONT20000AOUT!M37+TONT20000SEPT!N37+TONT20000OCT!M37+TONT20000NOV!M37 -> 0 | Q37: =TONT20000DEC2015!M37+TONT20000JANV!M37+TONT20000FEV!M37+TONT20000MARS!M37+TONT20000AVRIL!M37+TONT20000MAI!M37+TONT20000JUIN!M37+TONT20000JUIL!M37+TONT20000AOUT!M37+TONT20000SEPT!N37+TONT20000OCT!M37+TONT20000NOV!M37 -> 0
A38: AS201634 | B38: =VLOOKUP(A38,LISTADHERENT!A$5:H$51,2) -> SEUNOU RICHELOT | C38: 390000 | D38: 2632 | F38: =G38+H38+I38+J38+K38+L38+Q38 -> 240000 | G38: =TONT20000DEC2015!D38+TONT20000JANV!D38+TONT20000FEV!D38+TONT20000MARS!D38+TONT20000AVRIL!D38+TONT20000MAI!D38+TONT20000JUIN!D38+TONT20000JUIL!D38+TONT20000AOUT!D38+TONT20000SEPT!D38+TONT20000OCT!D38+TONT20000NOV!D38 -> 36000 | H38: =TONT20000DEC2015!E38+TONT20000JANV!E38+TONT20000FEV!E38+TONT20000MARS!E38+TONT20000AVRIL!E38+TONT20000MAI!E38+TONT20000JUIN!E38+TONT20000JUIL!E38+TONT20000AOUT!E38+TONT20000SEPT!E38+TONT20000OCT!E38+TONT20000NOV!E38 -> 6000 | I38: =TONT20000DEC2015!F38+TONT20000JANV!F38+TONT20000FEV!F38+TONT20000MARS!F38+TONT20000AVRIL!F38+TONT20000MAI!F38+TONT20000JUIN!F38+TONT20000JUIL!F38+TONT20000AOUT!F38+TONT20000SEPT!F38+TONT20000OCT!F38+TONT20000NOV!F38 -> 12000 | J38: =TONT20000DEC2015!G38+TONT20000JANV!G38+TONT20000FEV!G38+TONT20000MARS!G38+TONT20000AVRIL!G38+TONT20000MAI!G38+TONT20000JUIN!G38+TONT20000JUIL!G38+TONT20000AOUT!G38+TONT20000SEPT!G38+TONT20000OCT!G38+TONT20000NOV!G38 -> 30000 | K38: =TONT20000DEC2015!H38+TONT20000JANV!H38+TONT20000FEV!H38+TONT20000MARS!H38+TONT20000AVRIL!H38+TONT20000MAI!H38+TONT20000JUIN!H38+TONT20000JUIL!H38+TONT20000AOUT!H38+TONT20000SEPT!H38+TONT20000OCT!H38+TONT20000NOV!H38 -> 0 | L38: =TONT20000DEC2015!I38+TONT20000JANV!I38+TONT20000FEV!I38+TONT20000MARS!I38+TONT20000AVRIL!I38+TONT20000MAI!I38+TONT20000JUIN!I38+TONT20000JUIL!I38+TONT20000AOUT!I38+TONT20000SEPT!I38+TONT20000OCT!I38+TONT20000NOV!I38 -> 156000 | M38: =TONT20000DEC2015!J38+TONT20000JANV!J38+TONT20000FEV!J38+TONT20000MARS!J38+TONT20000AVRIL!J38+TONT20000MAI!J38+TONT20000JUIN!J38+TONT20000JUIL!J38+TONT20000AOUT!J38+TONT20000SEPT!J38+TONT20000OCT!J38+TONT20000NOV!J38 -> 1000000 | N38: =TONT20000DEC2015!K38+TONT20000JANV!K38+TONT20000FEV!K38+TONT20000MARS!K38+TONT20000AVRIL!K38+TONT20000MAI!K38+TONT20000JUIN!K38+TONT20000JUIL!K38+TONT20000AOUT!K38+TONT20000SEPT!K38+TONT20000OCT!K38+TONT20000NOV!K38 -> 120000 | O38: =TONT20000DEC2015!L38+TONT20000JANV!L38+TONT20000FEV!L38+TONT20000MARS!L38+TONT20000AVRIL!L38+TONT20000MAI!L38+TONT20000JUIN!L38+TONT20000JUIL!L38+TONT20000AOUT!L38+TONT20000SEPT!L38+TONT20000OCT!L38+TONT20000NOV!L38 -> 0 | P38: =TONT20000DEC2015!M38+TONT20000JANV!M38+TONT20000FEV!M38+TONT20000MARS!M38+TONT20000AVRIL!M38+TONT20000MAI!M38+TONT20000JUIN!M38+TONT20000JUIL!M38+TONT20000AOUT!M38+TONT20000SEPT!N38+TONT20000OCT!M38+TONT20000NOV!M38 -> 0 | Q38: =TONT20000DEC2015!M38+TONT20000JANV!M38+TONT20000FEV!M38+TONT20000MARS!M38+TONT20000AVRIL!M38+TONT20000MAI!M38+TONT20000JUIN!M38+TONT20000JUIL!M38+TONT20000AOUT!M38+TONT20000SEPT!N38+TONT20000OCT!M38+TONT20000NOV!M38 -> 0
A39: AS201635 | B39: =VLOOKUP(A39,LISTADHERENT!A$5:H$51,2) -> SIME ABEL | C39: 0 | D39: 0 | F39: =G39+H39+I39+J39+K39+L39+Q39 -> 240000 | G39: =TONT20000DEC2015!D39+TONT20000JANV!D39+TONT20000FEV!D39+TONT20000MARS!D39+TONT20000AVRIL!D39+TONT20000MAI!D39+TONT20000JUIN!D39+TONT20000JUIL!D39+TONT20000AOUT!D39+TONT20000SEPT!D39+TONT20000OCT!D39+TONT20000NOV!D39 -> 36000 | H39: =TONT20000DEC2015!E39+TONT20000JANV!E39+TONT20000FEV!E39+TONT20000MARS!E39+TONT20000AVRIL!E39+TONT20000MAI!E39+TONT20000JUIN!E39+TONT20000JUIL!E39+TONT20000AOUT!E39+TONT20000SEPT!E39+TONT20000OCT!E39+TONT20000NOV!E39 -> 6000 | I39: =TONT20000DEC2015!F39+TONT20000JANV!F39+TONT20000FEV!F39+TONT20000MARS!F39+TONT20000AVRIL!F39+TONT20000MAI!F39+TONT20000JUIN!F39+TONT20000JUIL!F39+TONT20000AOUT!F39+TONT20000SEPT!F39+TONT20000OCT!F39+TONT20000NOV!F39 -> 12000 | J39: =TONT20000DEC2015!G39+TONT20000JANV!G39+TONT20000FEV!G39+TONT20000MARS!G39+TONT20000AVRIL!G39+TONT20000MAI!G39+TONT20000JUIN!G39+TONT20000JUIL!G39+TONT20000AOUT!G39+TONT20000SEPT!G39+TONT20000OCT!G39+TONT20000NOV!G39 -> 30000 | K39: =TONT20000DEC2015!H39+TONT20000JANV!H39+TONT20000FEV!H39+TONT20000MARS!H39+TONT20000AVRIL!H39+TONT20000MAI!H39+TONT20000JUIN!H39+TONT20000JUIL!H39+TONT20000AOUT!H39+TONT20000SEPT!H39+TONT20000OCT!H39+TONT20000NOV!H39 -> 0 | L39: =TONT20000DEC2015!I39+TONT20000JANV!I39+TONT20000FEV!I39+TONT20000MARS!I39+TONT20000AVRIL!I39+TONT20000MAI!I39+TONT20000JUIN!I39+TONT20000JUIL!I39+TONT20000AOUT!I39+TONT20000SEPT!I39+TONT20000OCT!I39+TONT20000NOV!I39 -> 156000 | M39: =TONT20000DEC2015!J39+TONT20000JANV!J39+TONT20000FEV!J39+TONT20000MARS!J39+TONT20000AVRIL!J39+TONT20000MAI!J39+TONT20000JUIN!J39+TONT20000JUIL!J39+TONT20000AOUT!J39+TONT20000SEPT!J39+TONT20000OCT!J39+TONT20000NOV!J39 -> 0 | N39: =TONT20000DEC2015!K39+TONT20000JANV!K39+TONT20000FEV!K39+TONT20000MARS!K39+TONT20000AVRIL!K39+TONT20000MAI!K39+TONT20000JUIN!K39+TONT20000JUIL!K39+TONT20000AOUT!K39+TONT20000SEPT!K39+TONT20000OCT!K39+TONT20000NOV!K39 -> 0 | O39: =TONT20000DEC2015!L39+TONT20000JANV!L39+TONT20000FEV!L39+TONT20000MARS!L39+TONT20000AVRIL!L39+TONT20000MAI!L39+TONT20000JUIN!L39+TONT20000JUIL!L39+TONT20000AOUT!L39+TONT20000SEPT!L39+TONT20000OCT!L39+TONT20000NOV!L39 -> 0 | P39: =TONT20000DEC2015!M39+TONT20000JANV!M39+TONT20000FEV!M39+TONT20000MARS!M39+TONT20000AVRIL!M39+TONT20000MAI!M39+TONT20000JUIN!M39+TONT20000JUIL!M39+TONT20000AOUT!M39+TONT20000SEPT!N39+TONT20000OCT!M39+TONT20000NOV!M39 -> 0 | Q39: =TONT20000DEC2015!M39+TONT20000JANV!M39+TONT20000FEV!M39+TONT20000MARS!M39+TONT20000AVRIL!M39+TONT20000MAI!M39+TONT20000JUIN!M39+TONT20000JUIL!M39+TONT20000AOUT!M39+TONT20000SEPT!N39+TONT20000OCT!M39+TONT20000NOV!M39 -> 0
A40: AS201636 | B40: =VLOOKUP(A40,LISTADHERENT!A$5:H$51,2) -> SIME FONGANG ERIC | C40: 390000 | D40: 982 | F40: =G40+H40+I40+J40+K40+L40+Q40 -> 240000 | G40: =TONT20000DEC2015!D40+TONT20000JANV!D40+TONT20000FEV!D40+TONT20000MARS!D40+TONT20000AVRIL!D40+TONT20000MAI!D40+TONT20000JUIN!D40+TONT20000JUIL!D40+TONT20000AOUT!D40+TONT20000SEPT!D40+TONT20000OCT!D40+TONT20000NOV!D40 -> 36000 | H40: =TONT20000DEC2015!E40+TONT20000JANV!E40+TONT20000FEV!E40+TONT20000MARS!E40+TONT20000AVRIL!E40+TONT20000MAI!E40+TONT20000JUIN!E40+TONT20000JUIL!E40+TONT20000AOUT!E40+TONT20000SEPT!E40+TONT20000OCT!E40+TONT20000NOV!E40 -> 6000 | I40: =TONT20000DEC2015!F40+TONT20000JANV!F40+TONT20000FEV!F40+TONT20000MARS!F40+TONT20000AVRIL!F40+TONT20000MAI!F40+TONT20000JUIN!F40+TONT20000JUIL!F40+TONT20000AOUT!F40+TONT20000SEPT!F40+TONT20000OCT!F40+TONT20000NOV!F40 -> 12000 | J40: =TONT20000DEC2015!G40+TONT20000JANV!G40+TONT20000FEV!G40+TONT20000MARS!G40+TONT20000AVRIL!G40+TONT20000MAI!G40+TONT20000JUIN!G40+TONT20000JUIL!G40+TONT20000AOUT!G40+TONT20000SEPT!G40+TONT20000OCT!G40+TONT20000NOV!G40 -> 30000 | K40: =TONT20000DEC2015!H40+TONT20000JANV!H40+TONT20000FEV!H40+TONT20000MARS!H40+TONT20000AVRIL!H40+TONT20000MAI!H40+TONT20000JUIN!H40+TONT20000JUIL!H40+TONT20000AOUT!H40+TONT20000SEPT!H40+TONT20000OCT!H40+TONT20000NOV!H40 -> 0 | L40: =TONT20000DEC2015!I40+TONT20000JANV!I40+TONT20000FEV!I40+TONT20000MARS!I40+TONT20000AVRIL!I40+TONT20000MAI!I40+TONT20000JUIN!I40+TONT20000JUIL!I40+TONT20000AOUT!I40+TONT20000SEPT!I40+TONT20000OCT!I40+TONT20000NOV!I40 -> 156000 | M40: =TONT20000DEC2015!J40+TONT20000JANV!J40+TONT20000FEV!J40+TONT20000MARS!J40+TONT20000AVRIL!J40+TONT20000MAI!J40+TONT20000JUIN!J40+TONT20000JUIL!J40+TONT20000AOUT!J40+TONT20000SEPT!J40+TONT20000OCT!J40+TONT20000NOV!J40 -> 1000000 | N40: =TONT20000DEC2015!K40+TONT20000JANV!K40+TONT20000FEV!K40+TONT20000MARS!K40+TONT20000AVRIL!K40+TONT20000MAI!K40+TONT20000JUIN!K40+TONT20000JUIL!K40+TONT20000AOUT!K40+TONT20000SEPT!K40+TONT20000OCT!K40+TONT20000NOV!K40 -> 120000 | O40: =TONT20000DEC2015!L40+TONT20000JANV!L40+TONT20000FEV!L40+TONT20000MARS!L40+TONT20000AVRIL!L40+TONT20000MAI!L40+TONT20000JUIN!L40+TONT20000JUIL!L40+TONT20000AOUT!L40+TONT20000SEPT!L40+TONT20000OCT!L40+TONT20000NOV!L40 -> 0 | P40: =TONT20000DEC2015!M40+TONT20000JANV!M40+TONT20000FEV!M40+TONT20000MARS!M40+TONT20000AVRIL!M40+TONT20000MAI!M40+TONT20000JUIN!M40+TONT20000JUIL!M40+TONT20000AOUT!M40+TONT20000SEPT!N40+TONT20000OCT!M40+TONT20000NOV!M40 -> 0 | Q40: =TONT20000DEC2015!M40+TONT20000JANV!M40+TONT20000FEV!M40+TONT20000MARS!M40+TONT20000AVRIL!M40+TONT20000MAI!M40+TONT20000JUIN!M40+TONT20000JUIL!M40+TONT20000AOUT!M40+TONT20000SEPT!N40+TONT20000OCT!M40+TONT20000NOV!M40 -> 0
A41: AS201637 | B41: =VLOOKUP(A41,LISTADHERENT!A$5:H$51,2) -> SIME MATHIEU | C41: 390000 | D41: 636 | F41: =G41+H41+I41+J41+K41+L41+Q41 -> 1120000 | G41: =TONT20000DEC2015!D41+TONT20000JANV!D41+TONT20000FEV!D41+TONT20000MARS!D41+TONT20000AVRIL!D41+TONT20000MAI!D41+TONT20000JUIN!D41+TONT20000JUIL!D41+TONT20000AOUT!D41+TONT20000SEPT!D41+TONT20000OCT!D41+TONT20000NOV!D41 -> 916000 | H41: =TONT20000DEC2015!E41+TONT20000JANV!E41+TONT20000FEV!E41+TONT20000MARS!E41+TONT20000AVRIL!E41+TONT20000MAI!E41+TONT20000JUIN!E41+TONT20000JUIL!E41+TONT20000AOUT!E41+TONT20000SEPT!E41+TONT20000OCT!E41+TONT20000NOV!E41 -> 6000 | I41: =TONT20000DEC2015!F41+TONT20000JANV!F41+TONT20000FEV!F41+TONT20000MARS!F41+TONT20000AVRIL!F41+TONT20000MAI!F41+TONT20000JUIN!F41+TONT20000JUIL!F41+TONT20000AOUT!F41+TONT20000SEPT!F41+TONT20000OCT!F41+TONT20000NOV!F41 -> 12000 | J41: =TONT20000DEC2015!G41+TONT20000JANV!G41+TONT20000FEV!G41+TONT20000MARS!G41+TONT20000AVRIL!G41+TONT20000MAI!G41+TONT20000JUIN!G41+TONT20000JUIL!G41+TONT20000AOUT!G41+TONT20000SEPT!G41+TONT20000OCT!G41+TONT20000NOV!G41 -> 30000 | K41: =TONT20000DEC2015!H41+TONT20000JANV!H41+TONT20000FEV!H41+TONT20000MARS!H41+TONT20000AVRIL!H41+TONT20000MAI!H41+TONT20000JUIN!H41+TONT20000JUIL!H41+TONT20000AOUT!H41+TONT20000SEPT!H41+TONT20000OCT!H41+TONT20000NOV!H41 -> 0 | L41: =TONT20000DEC2015!I41+TONT20000JANV!I41+TONT20000FEV!I41+TONT20000MARS!I41+TONT20000AVRIL!I41+TONT20000MAI!I41+TONT20000JUIN!I41+TONT20000JUIL!I41+TONT20000AOUT!I41+TONT20000SEPT!I41+TONT20000OCT!I41+TONT20000NOV!I41 -> 156000 | M41: =TONT20000DEC2015!J41+TONT20000JANV!J41+TONT20000FEV!J41+TONT20000MARS!J41+TONT20000AVRIL!J41+TONT20000MAI!J41+TONT20000JUIN!J41+TONT20000JUIL!J41+TONT20000AOUT!J41+TONT20000SEPT!J41+TONT20000OCT!J41+TONT20000NOV!J41 -> 800000 | N41: =TONT20000DEC2015!K41+TONT20000JANV!K41+TONT20000FEV!K41+TONT20000MARS!K41+TONT20000AVRIL!K41+TONT20000MAI!K41+TONT20000JUIN!K41+TONT20000JUIL!K41+TONT20000AOUT!K41+TONT20000SEPT!K41+TONT20000OCT!K41+TONT20000NOV!K41 -> 96000 | O41: =TONT20000DEC2015!L41+TONT20000JANV!L41+TONT20000FEV!L41+TONT20000MARS!L41+TONT20000AVRIL!L41+TONT20000MAI!L41+TONT20000JUIN!L41+TONT20000JUIL!L41+TONT20000AOUT!L41+TONT20000SEPT!L41+TONT20000OCT!L41+TONT20000NOV!L41 -> 0 | P41: =TONT20000DEC2015!M41+TONT20000JANV!M41+TONT20000FEV!M41+TONT20000MARS!M41+TONT20000AVRIL!M41+TONT20000MAI!M41+TONT20000JUIN!M41+TONT20000JUIL!M41+TONT20000AOUT!M41+TONT20000SEPT!N41+TONT20000OCT!M41+TONT20000NOV!M41 -> 0 | Q41: =TONT20000DEC2015!M41+TONT20000JANV!M41+TONT20000FEV!M41+TONT20000MARS!M41+TONT20000AVRIL!M41+TONT20000MAI!M41+TONT20000JUIN!M41+TONT20000JUIL!M41+TONT20000AOUT!M41+TONT20000SEPT!N41+TONT20000OCT!M41+TONT20000NOV!M41 -> 0
A42: AS201638 | B42: =VLOOKUP(A42,LISTADHERENT!A$5:H$51,2) -> SIME PIERRE | C42: 390000 | D42: 146079 | F42: =G42+H42+I42+J42+K42+L42+Q42 -> 250000 | G42: =TONT20000DEC2015!D42+TONT20000JANV!D42+TONT20000FEV!D42+TONT20000MARS!D42+TONT20000AVRIL!D42+TONT20000MAI!D42+TONT20000JUIN!D42+TONT20000JUIL!D42+TONT20000AOUT!D42+TONT20000SEPT!D42+TONT20000OCT!D42+TONT20000NOV!D42 -> 36000 | H42: =TONT20000DEC2015!E42+TONT20000JANV!E42+TONT20000FEV!E42+TONT20000MARS!E42+TONT20000AVRIL!E42+TONT20000MAI!E42+TONT20000JUIN!E42+TONT20000JUIL!E42+TONT20000AOUT!E42+TONT20000SEPT!E42+TONT20000OCT!E42+TONT20000NOV!E42 -> 6000 | I42: =TONT20000DEC2015!F42+TONT20000JANV!F42+TONT20000FEV!F42+TONT20000MARS!F42+TONT20000AVRIL!F42+TONT20000MAI!F42+TONT20000JUIN!F42+TONT20000JUIL!F42+TONT20000AOUT!F42+TONT20000SEPT!F42+TONT20000OCT!F42+TONT20000NOV!F42 -> 12000 | J42: =TONT20000DEC2015!G42+TONT20000JANV!G42+TONT20000FEV!G42+TONT20000MARS!G42+TONT20000AVRIL!G42+TONT20000MAI!G42+TONT20000JUIN!G42+TONT20000JUIL!G42+TONT20000AOUT!G42+TONT20000SEPT!G42+TONT20000OCT!G42+TONT20000NOV!G42 -> 30000 | K42: =TONT20000DEC2015!H42+TONT20000JANV!H42+TONT20000FEV!H42+TONT20000MARS!H42+TONT20000AVRIL!H42+TONT20000MAI!H42+TONT20000JUIN!H42+TONT20000JUIL!H42+TONT20000AOUT!H42+TONT20000SEPT!H42+TONT20000OCT!H42+TONT20000NOV!H42 -> 10000 | L42: =TONT20000DEC2015!I42+TONT20000JANV!I42+TONT20000FEV!I42+TONT20000MARS!I42+TONT20000AVRIL!I42+TONT20000MAI!I42+TONT20000JUIN!I42+TONT20000JUIL!I42+TONT20000AOUT!I42+TONT20000SEPT!I42+TONT20000OCT!I42+TONT20000NOV!I42 -> 156000 | M42: =TONT20000DEC2015!J42+TONT20000JANV!J42+TONT20000FEV!J42+TONT20000MARS!J42+TONT20000AVRIL!J42+TONT20000MAI!J42+TONT20000JUIN!J42+TONT20000JUIL!J42+TONT20000AOUT!J42+TONT20000SEPT!J42+TONT20000OCT!J42+TONT20000NOV!J42 -> 1110000 | N42: =TONT20000DEC2015!K42+TONT20000JANV!K42+TONT20000FEV!K42+TONT20000MARS!K42+TONT20000AVRIL!K42+TONT20000MAI!K42+TONT20000JUIN!K42+TONT20000JUIL!K42+TONT20000AOUT!K42+TONT20000SEPT!K42+TONT20000OCT!K42+TONT20000NOV!K42 -> 84600 | O42: =TONT20000DEC2015!L42+TONT20000JANV!L42+TONT20000FEV!L42+TONT20000MARS!L42+TONT20000AVRIL!L42+TONT20000MAI!L42+TONT20000JUIN!L42+TONT20000JUIL!L42+TONT20000AOUT!L42+TONT20000SEPT!L42+TONT20000OCT!L42+TONT20000NOV!L42 -> 540000 | P42: =TONT20000DEC2015!M42+TONT20000JANV!M42+TONT20000FEV!M42+TONT20000MARS!M42+TONT20000AVRIL!M42+TONT20000MAI!M42+TONT20000JUIN!M42+TONT20000JUIL!M42+TONT20000AOUT!M42+TONT20000SEPT!N42+TONT20000OCT!M42+TONT20000NOV!M42 -> 0 | Q42: =TONT20000DEC2015!M42+TONT20000JANV!M42+TONT20000FEV!M42+TONT20000MARS!M42+TONT20000AVRIL!M42+TONT20000MAI!M42+TONT20000JUIN!M42+TONT20000JUIL!M42+TONT20000AOUT!M42+TONT20000SEPT!N42+TONT20000OCT!M42+TONT20000NOV!M42 -> 0
... A45: AS201641 | B45: =VLOOKUP(A45,LISTADHERENT!A$5:H$51,2) -> TCHOUAMOU MATHIEU | C45: 390000 | D45: 3437 | F45: =G45+H45+I45+J45+K45+L45+Q45 -> 297075 | G45: =TONT20000DEC2015!D45+TONT20000JANV!D45+TONT20000FEV!D45+TONT20000MARS!D45+TONT20000AVRIL!D45+TONT20000MAI!D45+TONT20000JUIN!D45+TONT20000JUIL!D45+TONT20000AOUT!D45+TONT20000SEPT!D45+TONT20000OCT!D45+TONT20000NOV!D45 -> 39000 | H45: =TONT20000DEC2015!E45+TONT20000JANV!E45+TONT20000FEV!E45+TONT20000MARS!E45+TONT20000AVRIL!E45+TONT20000MAI!E45+TONT20000JUIN!E45+TONT20000JUIL!E45+TONT20000AOUT!E45+TONT20000SEPT!E45+TONT20000OCT!E45+TONT20000NOV!E45 -> 6000 | I45: =TONT20000DEC2015!F45+TONT20000JANV!F45+TONT20000FEV!F45+TONT20000MARS!F45+TONT20000AVRIL!F45+TONT20000MAI!F45+TONT20000JUIN!F45+TONT20000JUIL!F45+TONT20000AOUT!F45+TONT20000SEPT!F45+TONT20000OCT!F45+TONT20000NOV!F45 -> 12000 | J45: =TONT20000DEC2015!G45+TONT20000JANV!G45+TONT20000FEV!G45+TONT20000MARS!G45+TONT20000AVRIL!G45+TONT20000MAI!G45+TONT20000JUIN!G45+TONT20000JUIL!G45+TONT20000AOUT!G45+TONT20000SEPT!G45+TONT20000OCT!G45+TONT20000NOV!G45 -> 30000 | K45: =TONT20000DEC2015!H45+TONT20000JANV!H45+TONT20000FEV!H45+TONT20000MARS!H45+TONT20000AVRIL!H45+TONT20000MAI!H45+TONT20000JUIN!H45+TONT20000JUIL!H45+TONT20000AOUT!H45+TONT20000SEPT!H45+TONT20000OCT!H45+TONT20000NOV!H45 -> 0 | L45: =TONT20000DEC2015!I45+TONT20000JANV!I45+TONT20000FEV!I45+TONT20000MARS!I45+TONT20000AVRIL!I45+TONT20000MAI!I45+TONT20000JUIN!I45+TONT20000JUIL!I45+TONT20000AOUT!I45+TONT20000SEPT!I45+TONT20000OCT!I45+TONT20000NOV!I45 -> 156000 | M45: =TONT20000DEC2015!J45+TONT20000JANV!J45+TONT20000FEV!J45+TONT20000MARS!J45+TONT20000AVRIL!J45+TONT20000MAI!J45+TONT20000JUIN!J45+TONT20000JUIL!J45+TONT20000AOUT!J45+TONT20000SEPT!J45+TONT20000OCT!J45+TONT20000NOV!J45 -> 1500000 | N45: =TONT20000DEC2015!K45+TONT20000JANV!K45+TONT20000FEV!K45+TONT20000MARS!K45+TONT20000AVRIL!K45+TONT20000MAI!K45+TONT20000JUIN!K45+TONT20000JUIL!K45+TONT20000AOUT!K45+TONT20000SEPT!K45+TONT20000OCT!K45+TONT20000NOV!K45 -> 45000 | O45: =TONT20000DEC2015!L45+TONT20000JANV!L45+TONT20000FEV!L45+TONT20000MARS!L45+TONT20000AVRIL!L45+TONT20000MAI!L45+TONT20000JUIN!L45+TONT20000JUIL!L45+TONT20000AOUT!L45+TONT20000SEPT!L45+TONT20000OCT!L45+TONT20000NOV!L45 -> 1000000 | P45: =TONT20000DEC2015!M45+TONT20000JANV!M45+TONT20000FEV!M45+TONT20000MARS!M45+TONT20000AVRIL!M45+TONT20000MAI!M45+TONT20000JUIN!M45+TONT20000JUIL!M45+TONT20000AOUT!M45+TONT20000SEPT!N45+TONT20000OCT!M45+TONT20000NOV!M45 -> 54075 | Q45: =TONT20000DEC2015!M45+TONT20000JANV!M45+TONT20000FEV!M45+TONT20000MARS!M45+TONT20000AVRIL!M45+TONT20000MAI!M45+TONT20000JUIN!M45+TONT20000JUIL!M45+TONT20000AOUT!M45+TONT20000SEPT!N45+TONT20000OCT!M45+TONT20000NOV!M45 -> 54075
A46: AS201642 | B46: =VLOOKUP(A46,LISTADHERENT!A$5:H$51,2) -> TCHOUANTE FRANCOIS | C46: =390000-132881 -> 257119 | D46: 4925 | F46: =G46+H46+I46+J46+K46+L46+Q46 -> 264000 | G46: =TONT20000DEC2015!D46+TONT20000JANV!D46+TONT20000FEV!D46+TONT20000MARS!D46+TONT20000AVRIL!D46+TONT20000MAI!D46+TONT20000JUIN!D46+TONT20000JUIL!D46+TONT20000AOUT!D46+TONT20000SEPT!D46+TONT20000OCT!D46+TONT20000NOV!D46 -> 60000 | H46: =TONT20000DEC2015!E46+TONT20000JANV!E46+TONT20000FEV!E46+TONT20000MARS!E46+TONT20000AVRIL!E46+TONT20000MAI!E46+TONT20000JUIN!E46+TONT20000JUIL!E46+TONT20000AOUT!E46+TONT20000SEPT!E46+TONT20000OCT!E46+TONT20000NOV!E46 -> 6000 | I46: =TONT20000DEC2015!F46+TONT20000JANV!F46+TONT20000FEV!F46+TONT20000MARS!F46+TONT20000AVRIL!F46+TONT20000MAI!F46+TONT20000JUIN!F46+TONT20000JUIL!F46+TONT20000AOUT!F46+TONT20000SEPT!F46+TONT20000OCT!F46+TONT20000NOV!F46 -> 12000 | J46: =TONT20000DEC2015!G46+TONT20000JANV!G46+TONT20000FEV!G46+TONT20000MARS!G46+TONT20000AVRIL!G46+TONT20000MAI!G46+TONT20000JUIN!G46+TONT20000JUIL!G46+TONT20000AOUT!G46+TONT20000SEPT!G46+TONT20000OCT!G46+TONT20000NOV!G46 -> 30000 | K46: =TONT20000DEC2015!H46+TONT20000JANV!H46+TONT20000FEV!H46+TONT20000MARS!H46+TONT20000AVRIL!H46+TONT20000MAI!H46+TONT20000JUIN!H46+TONT20000JUIL!H46+TONT20000AOUT!H46+TONT20000SEPT!H46+TONT20000OCT!H46+TONT20000NOV!H46 -> 0 | L46: =TONT20000DEC2015!I46+TONT20000JANV!I46+TONT20000FEV!I46+TONT20000MARS!I46+TONT20000AVRIL!I46+TONT20000MAI!I46+TONT20000JUIN!I46+TONT20000JUIL!I46+TONT20000AOUT!I46+TONT20000SEPT!I46+TONT20000OCT!I46+TONT20000NOV!I46 -> 156000 | M46: =TONT20000DEC2015!J46+TONT20000JANV!J46+TONT20000FEV!J46+TONT20000MARS!J46+TONT20000AVRIL!J46+TONT20000MAI!J46+TONT20000JUIN!J46+TONT20000JUIL!J46+TONT20000AOUT!J46+TONT20000SEPT!J46+TONT20000OCT!J46+TONT20000NOV!J46 -> 1250000 | N46: =TONT20000DEC2015!K46+TONT20000JANV!K46+TONT20000FEV!K46+TONT20000MARS!K46+TONT20000AVRIL!K46+TONT20000MAI!K46+TONT20000JUIN!K46+TONT20000JUIL!K46+TONT20000AOUT!K46+TONT20000SEPT!K46+TONT20000OCT!K46+TONT20000NOV!K46 -> 105000 | O46: =TONT20000DEC2015!L46+TONT20000JANV!L46+TONT20000FEV!L46+TONT20000MARS!L46+TONT20000AVRIL!L46+TONT20000MAI!L46+TONT20000JUIN!L46+TONT20000JUIL!L46+TONT20000AOUT!L46+TONT20000SEPT!L46+TONT20000OCT!L46+TONT20000NOV!L46 -> 0 | P46: =TONT20000DEC2015!M46+TONT20000JANV!M46+TONT20000FEV!M46+TONT20000MARS!M46+TONT20000AVRIL!M46+TONT20000MAI!M46+TONT20000JUIN!M46+TONT20000JUIL!M46+TONT20000AOUT!M46+TONT20000SEPT!N46+TONT20000OCT!M46+TONT20000NOV!M46 -> 0 | Q46: =TONT20000DEC2015!M46+TONT20000JANV!M46+TONT20000FEV!M46+TONT20000MARS!M46+TONT20000AVRIL!M46+TONT20000MAI!M46+TONT20000JUIN!M46+TONT20000JUIL!M46+TONT20000AOUT!M46+TONT20000SEPT!N46+TONT20000OCT!M46+TONT20000NOV!M46 -> 0
A47: AS201643 | B47: =VLOOKUP(A47,LISTADHERENT!A$5:H$51,2) -> TCHOUTOU NANA CLAUDE | C47: 0 | D47: 0 | F47: =G47+H47+I47+J47+K47+L47+Q47 -> 160000 | G47: =TONT20000DEC2015!D47+TONT20000JANV!D47+TONT20000FEV!D47+TONT20000MARS!D47+TONT20000AVRIL!D47+TONT20000MAI!D47+TONT20000JUIN!D47+TONT20000JUIL!D47+TONT20000AOUT!D47+TONT20000SEPT!D47+TONT20000OCT!D47+TONT20000NOV!D47 -> 24000 | H47: =TONT20000DEC2015!E47+TONT20000JANV!E47+TONT20000FEV!E47+TONT20000MARS!E47+TONT20000AVRIL!E47+TONT20000MAI!E47+TONT20000JUIN!E47+TONT20000JUIL!E47+TONT20000AOUT!E47+TONT20000SEPT!E47+TONT20000OCT!E47+TONT20000NOV!E47 -> 4000 | I47: =TONT20000DEC2015!F47+TONT20000JANV!F47+TONT20000FEV!F47+TONT20000MARS!F47+TONT20000AVRIL!F47+TONT20000MAI!F47+TONT20000JUIN!F47+TONT20000JUIL!F47+TONT20000AOUT!F47+TONT20000SEPT!F47+TONT20000OCT!F47+TONT20000NOV!F47 -> 8000 | J47: =TONT20000DEC2015!G47+TONT20000JANV!G47+TONT20000FEV!G47+TONT20000MARS!G47+TONT20000AVRIL!G47+TONT20000MAI!G47+TONT20000JUIN!G47+TONT20000JUIL!G47+TONT20000AOUT!G47+TONT20000SEPT!G47+TONT20000OCT!G47+TONT20000NOV!G47 -> 20000 | K47: =TONT20000DEC2015!H47+TONT20000JANV!H47+TONT20000FEV!H47+TONT20000MARS!H47+TONT20000AVRIL!H47+TONT20000MAI!H47+TONT20000JUIN!H47+TONT20000JUIL!H47+TONT20000AOUT!H47+TONT20000SEPT!H47+TONT20000OCT!H47+TONT20000NOV!H47 -> 0 | L47: =TONT20000DEC2015!I47+TONT20000JANV!I47+TONT20000FEV!I47+TONT20000MARS!I47+TONT20000AVRIL!I47+TONT20000MAI!I47+TONT20000JUIN!I47+TONT20000JUIL!I47+TONT20000AOUT!I47+TONT20000SEPT!I47+TONT20000OCT!I47+TONT20000NOV!I47 -> 104000 | M47: =TONT20000DEC2015!J47+TONT20000JANV!J47+TONT20000FEV!J47+TONT20000MARS!J47+TONT20000AVRIL!J47+TONT20000MAI!J47+TONT20000JUIN!J47+TONT20000JUIL!J47+TONT20000AOUT!J47+TONT20000SEPT!J47+TONT20000OCT!J47+TONT20000NOV!J47 -> 0 | N47: =TONT20000DEC2015!K47+TONT20000JANV!K47+TONT20000FEV!K47+TONT20000MARS!K47+TONT20000AVRIL!K47+TONT20000MAI!K47+TONT20000JUIN!K47+TONT20000JUIL!K47+TONT20000AOUT!K47+TONT20000SEPT!K47+TONT20000OCT!K47+TONT20000NOV!K47 -> 0 | O47: =TONT20000DEC2015!L47+TONT20000JANV!L47+TONT20000FEV!L47+TONT20000MARS!L47+TONT20000AVRIL!L47+TONT20000MAI!L47+TONT20000JUIN!L47+TONT20000JUIL!L47+TONT20000AOUT!L47+TONT20000SEPT!L47+TONT20000OCT!L47+TONT20000NOV!L47 -> 0 | P47: =TONT20000DEC2015!M47+TONT20000JANV!M47+TONT20000FEV!M47+TONT20000MARS!M47+TONT20000AVRIL!M47+TONT20000MAI!M47+TONT20000JUIN!M47+TONT20000JUIL!M47+TONT20000AOUT!M47+TONT20000SEPT!N47+TONT20000OCT!M47+TONT20000NOV!M47 -> 0 | Q47: =TONT20000DEC2015!M47+TONT20000JANV!M47+TONT20000FEV!M47+TONT20000MARS!M47+TONT20000AVRIL!M47+TONT20000MAI!M47+TONT20000JUIN!M47+TONT20000JUIL!M47+TONT20000AOUT!M47+TONT20000SEPT!N47+TONT20000OCT!M47+TONT20000NOV!M47 -> 0
A48: AS201644 | B48: =VLOOKUP(A48,LISTADHERENT!A$5:H$51,2) -> TIEYAM ERNEST | C48: 390000 | D48: 804 | F48: =G48+H48+I48+J48+K48+L48+Q48 -> 240000 | G48: =TONT20000DEC2015!D48+TONT20000JANV!D48+TONT20000FEV!D48+TONT20000MARS!D48+TONT20000AVRIL!D48+TONT20000MAI!D48+TONT20000JUIN!D48+TONT20000JUIL!D48+TONT20000AOUT!D48+TONT20000SEPT!D48+TONT20000OCT!D48+TONT20000NOV!D48 -> 36000 | H48: =TONT20000DEC2015!E48+TONT20000JANV!E48+TONT20000FEV!E48+TONT20000MARS!E48+TONT20000AVRIL!E48+TONT20000MAI!E48+TONT20000JUIN!E48+TONT20000JUIL!E48+TONT20000AOUT!E48+TONT20000SEPT!E48+TONT20000OCT!E48+TONT20000NOV!E48 -> 6000 | I48: =TONT20000DEC2015!F48+TONT20000JANV!F48+TONT20000FEV!F48+TONT20000MARS!F48+TONT20000AVRIL!F48+TONT20000MAI!F48+TONT20000JUIN!F48+TONT20000JUIL!F48+TONT20000AOUT!F48+TONT20000SEPT!F48+TONT20000OCT!F48+TONT20000NOV!F48 -> 12000 | J48: =TONT20000DEC2015!G48+TONT20000JANV!G48+TONT20000FEV!G48+TONT20000MARS!G48+TONT20000AVRIL!G48+TONT20000MAI!G48+TONT20000JUIN!G48+TONT20000JUIL!G48+TONT20000AOUT!G48+TONT20000SEPT!G48+TONT20000OCT!G48+TONT20000NOV!G48 -> 30000 | K48: =TONT20000DEC2015!H48+TONT20000JANV!H48+TONT20000FEV!H48+TONT20000MARS!H48+TONT20000AVRIL!H48+TONT20000MAI!H48+TONT20000JUIN!H48+TONT20000JUIL!H48+TONT20000AOUT!H48+TONT20000SEPT!H48+TONT20000OCT!H48+TONT20000NOV!H48 -> 0 | L48: =TONT20000DEC2015!I48+TONT20000JANV!I48+TONT20000FEV!I48+TONT20000MARS!I48+TONT20000AVRIL!I48+TONT20000MAI!I48+TONT20000JUIN!I48+TONT20000JUIL!I48+TONT20000AOUT!I48+TONT20000SEPT!I48+TONT20000OCT!I48+TONT20000NOV!I48 -> 156000 | M48: =TONT20000DEC2015!J48+TONT20000JANV!J48+TONT20000FEV!J48+TONT20000MARS!J48+TONT20000AVRIL!J48+TONT20000MAI!J48+TONT20000JUIN!J48+TONT20000JUIL!J48+TONT20000AOUT!J48+TONT20000SEPT!J48+TONT20000OCT!J48+TONT20000NOV!J48 -> 1000000 | N48: =TONT20000DEC2015!K48+TONT20000JANV!K48+TONT20000FEV!K48+TONT20000MARS!K48+TONT20000AVRIL!K48+TONT20000MAI!K48+TONT20000JUIN!K48+TONT20000JUIL!K48+TONT20000AOUT!K48+TONT20000SEPT!K48+TONT20000OCT!K48+TONT20000NOV!K48 -> 120000 | O48: =TONT20000DEC2015!L48+TONT20000JANV!L48+TONT20000FEV!L48+TONT20000MARS!L48+TONT20000AVRIL!L48+TONT20000MAI!L48+TONT20000JUIN!L48+TONT20000JUIL!L48+TONT20000AOUT!L48+TONT20000SEPT!L48+TONT20000OCT!L48+TONT20000NOV!L48 -> 0 | P48: =TONT20000DEC2015!M48+TONT20000JANV!M48+TONT20000FEV!M48+TONT20000MARS!M48+TONT20000AVRIL!M48+TONT20000MAI!M48+TONT20000JUIN!M48+TONT20000JUIL!M48+TONT20000AOUT!M48+TONT20000SEPT!N48+TONT20000OCT!M48+TONT20000NOV!M48 -> 0 | Q48: =TONT20000DEC2015!M48+TONT20000JANV!M48+TONT20000FEV!M48+TONT20000MARS!M48+TONT20000AVRIL!M48+TONT20000MAI!M48+TONT20000JUIN!M48+TONT20000JUIL!M48+TONT20000AOUT!M48+TONT20000SEPT!N48+TONT20000OCT!M48+TONT20000NOV!M48 -> 0
A49: AS201645 | B49: =VLOOKUP(A49,LISTADHERENT!A$5:H$51,2) -> TUGMA PIERRE LOTI | C49: 390000 | D49: 17636 | F49: =G49+H49+I49+J49+K49+L49+Q49 -> 240000 | G49: =TONT20000DEC2015!D49+TONT20000JANV!D49+TONT20000FEV!D49+TONT20000MARS!D49+TONT20000AVRIL!D49+TONT20000MAI!D49+TONT20000JUIN!D49+TONT20000JUIL!D49+TONT20000AOUT!D49+TONT20000SEPT!D49+TONT20000OCT!D49+TONT20000NOV!D49 -> 36000 | H49: =TONT20000DEC2015!E49+TONT20000JANV!E49+TONT20000FEV!E49+TONT20000MARS!E49+TONT20000AVRIL!E49+TONT20000MAI!E49+TONT20000JUIN!E49+TONT20000JUIL!E49+TONT20000AOUT!E49+TONT20000SEPT!E49+TONT20000OCT!E49+TONT20000NOV!E49 -> 6000 | I49: =TONT20000DEC2015!F49+TONT20000JANV!F49+TONT20000FEV!F49+TONT20000MARS!F49+TONT20000AVRIL!F49+TONT20000MAI!F49+TONT20000JUIN!F49+TONT20000JUIL!F49+TONT20000AOUT!F49+TONT20000SEPT!F49+TONT20000OCT!F49+TONT20000NOV!F49 -> 12000 | J49: =TONT20000DEC2015!G49+TONT20000JANV!G49+TONT20000FEV!G49+TONT20000MARS!G49+TONT20000AVRIL!G49+TONT20000MAI!G49+TONT20000JUIN!G49+TONT20000JUIL!G49+TONT20000AOUT!G49+TONT20000SEPT!G49+TONT20000OCT!G49+TONT20000NOV!G49 -> 30000 | K49: =TONT20000DEC2015!H49+TONT20000JANV!H49+TONT20000FEV!H49+TONT20000MARS!H49+TONT20000AVRIL!H49+TONT20000MAI!H49+TONT20000JUIN!H49+TONT20000JUIL!H49+TONT20000AOUT!H49+TONT20000SEPT!H49+TONT20000OCT!H49+TONT20000NOV!H49 -> 0 | L49: =TONT20000DEC2015!I49+TONT20000JANV!I49+TONT20000FEV!I49+TONT20000MARS!I49+TONT20000AVRIL!I49+TONT20000MAI!I49+TONT20000JUIN!I49+TONT20000JUIL!I49+TONT20000AOUT!I49+TONT20000SEPT!I49+TONT20000OCT!I49+TONT20000NOV!I49 -> 156000 | M49: =TONT20000DEC2015!J49+TONT20000JANV!J49+TONT20000FEV!J49+TONT20000MARS!J49+TONT20000AVRIL!J49+TONT20000MAI!J49+TONT20000JUIN!J49+TONT20000JUIL!J49+TONT20000AOUT!J49+TONT20000SEPT!J49+TONT20000OCT!J49+TONT20000NOV!J49 -> 0 | N49: =TONT20000DEC2015!K49+TONT20000JANV!K49+TONT20000FEV!K49+TONT20000MARS!K49+TONT20000AVRIL!K49+TONT20000MAI!K49+TONT20000JUIN!K49+TONT20000JUIL!K49+TONT20000AOUT!K49+TONT20000SEPT!K49+TONT20000OCT!K49+TONT20000NOV!K49 -> 0 | O49: =TONT20000DEC2015!L49+TONT20000JANV!L49+TONT20000FEV!L49+TONT20000MARS!L49+TONT20000AVRIL!L49+TONT20000MAI!L49+TONT20000JUIN!L49+TONT20000JUIL!L49+TONT20000AOUT!L49+TONT20000SEPT!L49+TONT20000OCT!L49+TONT20000NOV!L49 -> 0 | P49: =TONT20000DEC2015!M49+TONT20000JANV!M49+TONT20000FEV!M49+TONT20000MARS!M49+TONT20000AVRIL!M49+TONT20000MAI!M49+TONT20000JUIN!M49+TONT20000JUIL!M49+TONT20000AOUT!M49+TONT20000SEPT!N49+TONT20000OCT!M49+TONT20000NOV!M49 -> 0 | Q49: =TONT20000DEC2015!M49+TONT20000JANV!M49+TONT20000FEV!M49+TONT20000MARS!M49+TONT20000AVRIL!M49+TONT20000MAI!M49+TONT20000JUIN!M49+TONT20000JUIL!M49+TONT20000AOUT!M49+TONT20000SEPT!N49+TONT20000OCT!M49+TONT20000NOV!M49 -> 0
A50: AS201646 | B50: =VLOOKUP(A50,LISTADHERENT!A$5:H$51,2) -> YEPMOU JEAN JACQUES | C50: 390000 | D50: 421237 | F50: =G50+H50+I50+J50+K50+L50+Q50 -> 240000 | G50: =TONT20000DEC2015!D50+TONT20000JANV!D50+TONT20000FEV!D50+TONT20000MARS!D50+TONT20000AVRIL!D50+TONT20000MAI!D50+TONT20000JUIN!D50+TONT20000JUIL!D50+TONT20000AOUT!D50+TONT20000SEPT!D50+TONT20000OCT!D50+TONT20000NOV!D50 -> 36000 | H50: =TONT20000DEC2015!E50+TONT20000JANV!E50+TONT20000FEV!E50+TONT20000MARS!E50+TONT20000AVRIL!E50+TONT20000MAI!E50+TONT20000JUIN!E50+TONT20000JUIL!E50+TONT20000AOUT!E50+TONT20000SEPT!E50+TONT20000OCT!E50+TONT20000NOV!E50 -> 6000 | I50: =TONT20000DEC2015!F50+TONT20000JANV!F50+TONT20000FEV!F50+TONT20000MARS!F50+TONT20000AVRIL!F50+TONT20000MAI!F50+TONT20000JUIN!F50+TONT20000JUIL!F50+TONT20000AOUT!F50+TONT20000SEPT!F50+TONT20000OCT!F50+TONT20000NOV!F50 -> 12000 | J50: =TONT20000DEC2015!G50+TONT20000JANV!G50+TONT20000FEV!G50+TONT20000MARS!G50+TONT20000AVRIL!G50+TONT20000MAI!G50+TONT20000JUIN!G50+TONT20000JUIL!G50+TONT20000AOUT!G50+TONT20000SEPT!G50+TONT20000OCT!G50+TONT20000NOV!G50 -> 30000 | K50: =TONT20000DEC2015!H50+TONT20000JANV!H50+TONT20000FEV!H50+TONT20000MARS!H50+TONT20000AVRIL!H50+TONT20000MAI!H50+TONT20000JUIN!H50+TONT20000JUIL!H50+TONT20000AOUT!H50+TONT20000SEPT!H50+TONT20000OCT!H50+TONT20000NOV!H50 -> 0 | L50: =TONT20000DEC2015!I50+TONT20000JANV!I50+TONT20000FEV!I50+TONT20000MARS!I50+TONT20000AVRIL!I50+TONT20000MAI!I50+TONT20000JUIN!I50+TONT20000JUIL!I50+TONT20000AOUT!I50+TONT20000SEPT!I50+TONT20000OCT!I50+TONT20000NOV!I50 -> 156000 | M50: =TONT20000DEC2015!J50+TONT20000JANV!J50+TONT20000FEV!J50+TONT20000MARS!J50+TONT20000AVRIL!J50+TONT20000MAI!J50+TONT20000JUIN!J50+TONT20000JUIL!J50+TONT20000AOUT!J50+TONT20000SEPT!J50+TONT20000OCT!J50+TONT20000NOV!J50 -> 0 | N50: =TONT20000DEC2015!K50+TONT20000JANV!K50+TONT20000FEV!K50+TONT20000MARS!K50+TONT20000AVRIL!K50+TONT20000MAI!K50+TONT20000JUIN!K50+TONT20000JUIL!K50+TONT20000AOUT!K50+TONT20000SEPT!K50+TONT20000OCT!K50+TONT20000NOV!K50 -> 0 | O50: =TONT20000DEC2015!L50+TONT20000JANV!L50+TONT20000FEV!L50+TONT20000MARS!L50+TONT20000AVRIL!L50+TONT20000MAI!L50+TONT20000JUIN!L50+TONT20000JUIL!L50+TONT20000AOUT!L50+TONT20000SEPT!L50+TONT20000OCT!L50+TONT20000NOV!L50 -> 0 | P50: =TONT20000DEC2015!M50+TONT20000JANV!M50+TONT20000FEV!M50+TONT20000MARS!M50+TONT20000AVRIL!M50+TONT20000MAI!M50+TONT20000JUIN!M50+TONT20000JUIL!M50+TONT20000AOUT!M50+TONT20000SEPT!N50+TONT20000OCT!M50+TONT20000NOV!M50 -> 0 | Q50: =TONT20000DEC2015!M50+TONT20000JANV!M50+TONT20000FEV!M50+TONT20000MARS!M50+TONT20000AVRIL!M50+TONT20000MAI!M50+TONT20000JUIN!M50+TONT20000JUIL!M50+TONT20000AOUT!M50+TONT20000SEPT!N50+TONT20000OCT!M50+TONT20000NOV!M50 -> 0
A51: AS201647 | B51: =VLOOKUP(A51,LISTADHERENT!A$5:H$51,2) -> YOUMBI EMMANUEL | C51: 390000 | D51: 1003279 | F51: =G51+H51+I51+J51+K51+L51+Q51 -> 240000 | G51: =TONT20000DEC2015!D51+TONT20000JANV!D51+TONT20000FEV!D51+TONT20000MARS!D51+TONT20000AVRIL!D51+TONT20000MAI!D51+TONT20000JUIN!D51+TONT20000JUIL!D51+TONT20000AOUT!D51+TONT20000SEPT!D51+TONT20000OCT!D51+TONT20000NOV!D51 -> 36000 | H51: =TONT20000DEC2015!E51+TONT20000JANV!E51+TONT20000FEV!E51+TONT20000MARS!E51+TONT20000AVRIL!E51+TONT20000MAI!E51+TONT20000JUIN!E51+TONT20000JUIL!E51+TONT20000AOUT!E51+TONT20000SEPT!E51+TONT20000OCT!E51+TONT20000NOV!E51 -> 6000 | I51: =TONT20000DEC2015!F51+TONT20000JANV!F51+TONT20000FEV!F51+TONT20000MARS!F51+TONT20000AVRIL!F51+TONT20000MAI!F51+TONT20000JUIN!F51+TONT20000JUIL!F51+TONT20000AOUT!F51+TONT20000SEPT!F51+TONT20000OCT!F51+TONT20000NOV!F51 -> 12000 | J51: =TONT20000DEC2015!G51+TONT20000JANV!G51+TONT20000FEV!G51+TONT20000MARS!G51+TONT20000AVRIL!G51+TONT20000MAI!G51+TONT20000JUIN!G51+TONT20000JUIL!G51+TONT20000AOUT!G51+TONT20000SEPT!G51+TONT20000OCT!G51+TONT20000NOV!G51 -> 30000 | K51: =TONT20000DEC2015!H51+TONT20000JANV!H51+TONT20000FEV!H51+TONT20000MARS!H51+TONT20000AVRIL!H51+TONT20000MAI!H51+TONT20000JUIN!H51+TONT20000JUIL!H51+TONT20000AOUT!H51+TONT20000SEPT!H51+TONT20000OCT!H51+TONT20000NOV!H51 -> 0 | L51: =TONT20000DEC2015!I51+TONT20000JANV!I51+TONT20000FEV!I51+TONT20000MARS!I51+TONT20000AVRIL!I51+TONT20000MAI!I51+TONT20000JUIN!I51+TONT20000JUIL!I51+TONT20000AOUT!I51+TONT20000SEPT!I51+TONT20000OCT!I51+TONT20000NOV!I51 -> 156000 | M51: =TONT20000DEC2015!J51+TONT20000JANV!J51+TONT20000FEV!J51+TONT20000MARS!J51+TONT20000AVRIL!J51+TONT20000MAI!J51+TONT20000JUIN!J51+TONT20000JUIL!J51+TONT20000AOUT!J51+TONT20000SEPT!J51+TONT20000OCT!J51+TONT20000NOV!J51 -> 0 | N51: =TONT20000DEC2015!K51+TONT20000JANV!K51+TONT20000FEV!K51+TONT20000MARS!K51+TONT20000AVRIL!K51+TONT20000MAI!K51+TONT20000JUIN!K51+TONT20000JUIL!K51+TONT20000AOUT!K51+TONT20000SEPT!K51+TONT20000OCT!K51+TONT20000NOV!K51 -> 0 | O51: =TONT20000DEC2015!L51+TONT20000JANV!L51+TONT20000FEV!L51+TONT20000MARS!L51+TONT20000AVRIL!L51+TONT20000MAI!L51+TONT20000JUIN!L51+TONT20000JUIL!L51+TONT20000AOUT!L51+TONT20000SEPT!L51+TONT20000OCT!L51+TONT20000NOV!L51 -> 0 | P51: =TONT20000DEC2015!M51+TONT20000JANV!M51+TONT20000FEV!M51+TONT20000MARS!M51+TONT20000AVRIL!M51+TONT20000MAI!M51+TONT20000JUIN!M51+TONT20000JUIL!M51+TONT20000AOUT!M51+TONT20000SEPT!N51+TONT20000OCT!M51+TONT20000NOV!M51 -> 0 | Q51: =TONT20000DEC2015!M51+TONT20000JANV!M51+TONT20000FEV!M51+TONT20000MARS!M51+TONT20000AVRIL!M51+TONT20000MAI!M51+TONT20000JUIN!M51+TONT20000JUIL!M51+TONT20000AOUT!M51+TONT20000SEPT!N51+TONT20000OCT!M51+TONT20000NOV!M51 -> 0
B52: ASELBY | D52: 318145
B53: REMBOURSEMENT INTERET | F53: =G53+H53+I53+J53+K53+L53+Q53 -> 593500 | G53: =TONT20000DEC2015!D52+TONT20000JANV!D52+TONT20000FEV!D52+TONT20000MARS!D52+TONT20000AVRIL!D52+TONT20000MAI!D52+TONT20000JUIN!D52+TONT20000JUIL!D52+TONT20000AOUT!D52+TONT20000SEPT!D52+TONT20000OCT!D52+TONT20000NOV!D52 -> 0 | H53: =TONT20000DEC2015!E52+TONT20000JANV!E52+TONT20000FEV!E52+TONT20000MARS!E52+TONT20000AVRIL!E52+TONT20000MAI!E52+TONT20000JUIN!E52+TONT20000JUIL!E52+TONT20000AOUT!E52+TONT20000SEPT!E52+TONT20000OCT!E52+TONT20000NOV!E52 -> 0 | I53: =TONT20000DEC2015!F52+TONT20000JANV!F52+TONT20000FEV!F52+TONT20000MARS!F52+TONT20000AVRIL!F52+TONT20000MAI!F52+TONT20000JUIN!F52+TONT20000JUIL!F52+TONT20000AOUT!F52+TONT20000SEPT!F52+TONT20000OCT!F52+TONT20000NOV!F52 -> 0 | J53: =TONT20000DEC2015!G52+TONT20000JANV!G52+TONT20000FEV!G52+TONT20000MARS!G52+TONT20000AVRIL!G52+TONT20000MAI!G52+TONT20000JUIN!G52+TONT20000JUIL!G52+TONT20000AOUT!G52+TONT20000SEPT!G52+TONT20000OCT!G52+TONT20000NOV!G52 -> 0 | K53: =TONT20000DEC2015!H52+TONT20000JANV!H52+TONT20000FEV!H52+TONT20000MARS!H52+TONT20000AVRIL!H52+TONT20000MAI!H52+TONT20000JUIN!H52+TONT20000JUIL!H52+TONT20000AOUT!H52+TONT20000SEPT!H52+TONT20000OCT!H52+TONT20000NOV!H52 -> 0 | L53: =TONT20000DEC2015!I52+TONT20000JANV!I52+TONT20000FEV!I52+TONT20000MARS!I52+TONT20000AVRIL!I52+TONT20000MAI!I52+TONT20000JUIN!I52+TONT20000JUIL!I52+TONT20000AOUT!I52+TONT20000SEPT!I52+TONT20000OCT!I52+TONT20000NOV!I52 -> 593500 | M53: =TONT20000DEC2015!J52+TONT20000JANV!J52+TONT20000FEV!J52+TONT20000MARS!J52+TONT20000AVRIL!J52+TONT20000MAI!J52+TONT20000JUIN!J52+TONT20000JUIL!J52+TONT20000AOUT!J52+TONT20000SEPT!J52+TONT20000OCT!J52+TONT20000NOV!J52 -> 0 | N53: =TONT20000DEC2015!K52+TONT20000JANV!K52+TONT20000FEV!K52+TONT20000MARS!K52+TONT20000AVRIL!K52+TONT20000MAI!K52+TONT20000JUIN!K52+TONT20000JUIL!K52+TONT20000AOUT!K52+TONT20000SEPT!K52+TONT20000OCT!K52+TONT20000NOV!K52 -> 0 | O53: =TONT20000DEC2015!L52+TONT20000JANV!L52+TONT20000FEV!L52+TONT20000MARS!L52+TONT20000AVRIL!L52+TONT20000MAI!L52+TONT20000JUIN!L52+TONT20000JUIL!L52+TONT20000AOUT!L52+TONT20000SEPT!L52+TONT20000OCT!L52+TONT20000NOV!L52 -> 0 | P53: =TONT20000DEC2015!M52+TONT20000JANV!M52+TONT20000FEV!M52+TONT20000MARS!M52+TONT20000AVRIL!M52+TONT20000MAI!M52+TONT20000JUIN!M52+TONT20000JUIL!M52+TONT20000AOUT!M52+TONT20000SEPT!N52+TONT20000OCT!M52+TONT20000NOV!M52 -> 0 | Q53: =TONT20000DEC2015!M52+TONT20000JANV!M52+TONT20000FEV!M52+TONT20000MARS!M52+TONT20000AVRIL!M52+TONT20000MAI!M52+TONT20000JUIN!M52+TONT20000JUIL!M52+TONT20000AOUT!M52+TONT20000SEPT!N52+TONT20000OCT!M52+TONT20000NOV!M52 -> 0
B54: ASELBY
A55: TOTAL | C55: =SUM(C5:C53) -> 13349950 | D55: =SUM(D5:D54) -> 4617209 | E55: =SUM(E5:E54) -> 0 | F55: =SUM(F5:F53) -> 14143575 | G55: =SUM(G5:G53) -> 4322505 | H55: =SUM(H5:H53) -> 260000 | I55: =SUM(I5:I53) -> 520000 | J55: =SUM(J5:J53) -> 1300000 | K55: =SUM(K5:K53) -> 235000 | L55: =SUM(L5:L53) -> 7353500 | M55: =SUM(M5:M53) -> 25710000 | ... O55: =SUM(O5:O53) -> 6900000 | Q55: =SUM(Q5:Q53) -> 152570 | R55: =SUM(R5:R53) -> 0

Sheet TONT20000DEC2015
A1: ASSOCIATION | B1: ASELBY
A2: ANNEE | B2: 2016/2017
A3: TONTINE | B3: 20 000
A4: MATRICULE | B4: NOM ET PRENOM | C4: MONTANT VERSE | D4: EPARGNE | E4: FONDS DE ROULEMENT | F4: FRAIS EXCEPTIONNEL | G4: COLLATION | H4: MUTUELLE | I4: TONTINE | J4: EMPRUNT | K4: INTERET EMPRUNT | L4: REMBOURSEMENT
A5: AS201601 | B5: =VLOOKUP(A5,LISTADHERENT!A$5:H$51,2) -> BAKOP ACHILLE | C5: =D5+E5+F5+G5+H6+I6 -> 20000 | D5: 3000 | E5: 500 | F5: 1000 | G5: 2500 | I5: 13000 | K5: =IF(J5<=500000,(J5*1*3/100),(J5*12/100)) -> 0
A6: AS201602 | B6: =VLOOKUP(A6,LISTADHERENT!A$5:H$51,2) -> BOUTCHOUANG WILLIAM | C6: =D6+E6+F6+G6+H7+I7 -> 20000 | D6: 3000 | E6: 500 | F6: 1000 | G6: 2500 | I6: 13000 | K6: =IF(J6<=500000,(J6*1*3/100),(J6*12/100)) -> 0
A7: AS201603 | B7: =VLOOKUP(A7,LISTADHERENT!A$5:H$51,2) -> CHINGUE FABRICE | C7: =D7+E7+F7+G7+H7+I7 -> 20000 | D7: 3000 | E7: 500 | F7: 1000 | G7: 2500 | I7: 13000 | K7: =IF(J7<=500000,(J7*1*3/100),(J7*12/100)) -> 0
A8: AS201604 | B8: =VLOOKUP(A8,LISTADHERENT!A$5:H$51,2) -> DJOMO JEAN PAUL | C8: =D8+E8+F8+G8+H8+I8 -> 20000 | D8: 3000 | E8: 500 | F8: 1000 | G8: 2500 | I8: 13000 | K8: =IF(J8<=500000,(J8*1*3/100),(J8*12/100)) -> 0
A9: AS201605 | B9: =VLOOKUP(A9,LISTADHERENT!A$5:H$51,2) -> DJOUKWE GUY | C9: =D9+E9+F9+G9+H9+I9 -> 25000 | D9: 8000 | E9: 500 | F9: 1000 | G9: 2500 | I9: 13000 | K9: =IF(J9<=500000,(J9*1*3/100),(J9*12/100)) -> 0
A10: AS201606 | B10: =VLOOKUP(A10,LISTADHERENT!A$5:H$51,2) -> DJOSSEU JOSUE | C10: =D10+E10+F10+G10+H10+I10 -> 22000 | D10: 5000 | E10: 500 | F10: 1000 | G10: 2500 | I10: 13000 | K10: =IF(J10<=500000,(J10*1*3/100),(J10*12/100)) -> 0
A11: AS201607 | B11: =VLOOKUP(A11,LISTADHERENT!A$5:H$51,2) -> DJOUNKEP SAMUEL | C11: =D11+E11+F11+G11+H11+I11 -> 20000 | D11: 3000 | E11: 500 | F11: 1000 | G11: 2500 | I11: 13000 | K11: =IF(J11<=500000,(J11*1*3/100),(J11*12/100)) -> 0
A12: AS201608 | B12: =VLOOKUP(A12,LISTADHERENT!A$5:H$51,2) -> DJUOMBESSY ANTOINE | C12: =D12+E12+F12+G12+H12+I12 -> 20000 | D12: 3000 | E12: 500 | F12: 1000 | G12: 2500 | I12: 13000 | K12: =IF(J12<=500000,(J12*1*3/100),(J12*12/100)) -> 0
A13: AS201609 | B13: =VLOOKUP(A13,LISTADHERENT!A$5:H$51,2) -> DONHOU DAVID | C13: =D13+E13+F13+G13+H13+I13 -> 20000 | D13: 3000 | E13: 500 | F13: 1000 | G13: 2500 | I13: 13000 | K13: =IF(J13<=500000,(J13*1*3/100),(J13*12/100)) -> 0
A14: AS201610 | B14: =VLOOKUP(A14,LISTADHERENT!A$5:H$51,2) -> FOTSO THOMAS | C14: =D14+E14+F14+G14+H14+I14 -> 20000 | D14: 3000 | E14: 500 | F14: 1000 | G14: 2500 | I14: 13000 | K14: =IF(J14<=500000,(J14*1*3/100),(J14*12/100)) -> 0
A15: AS201611 | B15: =VLOOKUP(A15,LISTADHERENT!A$5:H$51,2) -> HENGUE PAUL OMER | C15: =D15+E15+F15+G15+H15+I15 -> 20000 | D15: 3000 | E15: 500 | F15: 1000 | G15: 2500 | I15: 13000 | K15: =IF(J15<=500000,(J15*1*3/100),(J15*12/100)) -> 0
A16: AS201612 | B16: =VLOOKUP(A16,LISTADHERENT!A$5:H$51,2) -> HODIEP JULES | C16: =D16+E16+F16+G16+H16+I16 -> 20000 | D16: 3000 | E16: 500 | F16: 1000 | G16: 2500 | I16: 13000 | K16: =IF(J16<=500000,(J16*1*3/100),(J16*12/100)) -> 0
A17: AS201613 | B17: =VLOOKUP(A17,LISTADHERENT!A$5:H$51,2) -> HOTCHO BENJAMIN | C17: =D17+E17+F17+G17+H17+I17 -> 20000 | D17: 3000 | E17: 500 | F17: 1000 | G17: 2500 | I17: 13000 | K17: =IF(J17<=500000,(J17*1*3/100),(J17*12/100)) -> 0
A18: AS201614 | B18: =VLOOKUP(A18,LISTADHERENT!A$5:H$51,2) -> KEPHE DAVID | C18: =D18+E18+F18+G18+H18+I18 -> 23000 | D18: 6000 | E18: 500 | F18: 1000 | G18: 2500 | I18: 13000 | K18: =IF(J18<=500000,(J18*1*3/100),(J18*12/100)) -> 0
... A22: AS201618 | B22: =VLOOKUP(A22,LISTADHERENT!A$5:H$51,2) -> KOUAMOU VICTOR PEGUY | C22: =D22+E22+F22+G22+H22+I22 -> 20000 | D22: 3000 | E22: 500 | F22: 1000 | G22: 2500 | I22: 13000 | K22: =IF(J22<=500000,(J22*1*3/100),(J22*12/100)) -> 0
A23: AS201619 | B23: =VLOOKUP(A23,LISTADHERENT!A$5:H$51,2) -> KOUATCHO MESSACK | C23: =D23+E23+F23+G23+H23+I23 -> 20000 | D23: 3000 | E23: 500 | F23: 1000 | G23: 2500 | I23: 13000 | J23: 600000 | K23: =IF(J23<=500000,(J23*1*3/100),(J23*12/100)) -> 72000
A24: AS201620 | B24: =VLOOKUP(A24,LISTADHERENT!A$5:H$51,2) -> LOWE JEAN | C24: =D24+E24+F24+G24+H24+I24 -> 20000 | D24: 3000 | E24: 500 | F24: 1000 | G24: 2500 | I24: 13000 | K24: =IF(J24<=500000,(J24*1*3/100),(J24*12/100)) -> 0
A25: AS201621 | B25: =VLOOKUP(A25,LISTADHERENT!A$5:H$51,2) -> NANKAM APPOLINAIRE | C25: =D25+E25+F25+G25+H25+I25 -> 25000 | D25: 8000 | E25: 500 | F25: 1000 | G25: 2500 | I25: 13000 | K25: =IF(J25<=500000,(J25*1*3/100),(J25*12/100)) -> 0
A26: AS201622 | B26: =VLOOKUP(A26,LISTADHERENT!A$5:H$51,2) -> NDJOMO ETIENNE | C26: =D26+E26+F26+G26+H26+I26 -> 20000 | D26: 3000 | E26: 500 | F26: 1000 | G26: 2500 | I26: 13000 | J26: 400000 | K26: =IF(J26<=500000,(J26*1*3/100),(J26*12/100)) -> 12000
A27: AS201623 | B27: =VLOOKUP(A27,LISTADHERENT!A$5:H$51,2) -> NDOMBOU JEAN CLAUDE | C27: =D27+E27+F27+G27+H27+I27 -> 0 | K27: =IF(J27<=500000,(J27*1*3/100),(J27*12/100)) -> 0
A28: AS201624 | B28: =VLOOKUP(A28,LISTADHERENT!A$5:H$51,2) -> NGONDIEP CLAUDE | C28: =D28+E28+F28+G28+H28+I28 -> 20000 | D28: 3000 | E28: 500 | F28: 1000 | G28: 2500 | I28: 13000 | K28: =IF(J28<=500000,(J28*1*3/100),(J28*12/100)) -> 0
A29: AS201625 | B29: =VLOOKUP(A29,LISTADHERENT!A$5:H$51,2) -> NGONGANG JEAN THEODORE | C29: =D29+E29+F29+G29+H29+I29 -> 20000 | D29: 3000 | E29: 500 | F29: 1000 | G29: 2500 | I29: 13000 | K29: =IF(J29<=500000,(J29*1*3/100),(J29*12/100)) -> 0
A30: AS201626 | B30: =VLOOKUP(A30,LISTADHERENT!A$5:H$51,2) -> NGUIEMEGNI MATHIEU BLAISE | C30: =D30+E30+F30+G30+H30+I30 -> 22000 | D30: 5000 | E30: 500 | F30: 1000 | G30: 2500 | I30: 13000 | K30: =IF(J30<=500000,(J30*1*3/100),(J30*12/100)) -> 0
A31: AS201627 | B31: =VLOOKUP(A31,LISTADHERENT!A$5:H$51,2) -> NJEPDJIO MBOUKAM DELUXE | C31: =D31+E31+F31+G31+H31+I31 -> 23000 | D31: 6000 | E31: 500 | F31: 1000 | G31: 2500 | I31: 13000 | K31: =IF(J31<=500000,(J31*1*3/100),(J31*12/100)) -> 0
A32: AS201628 | B32: =VLOOKUP(A32,LISTADHERENT!A$5:H$51,2) -> NKAMGANG JUSTIN DEJOLIE | C32: =D32+E32+F32+G32+H32+I32 -> 25000 | D32: 8000 | E32: 500 | F32: 1000 | G32: 2500 | I32: 13000 | K32: =IF(J32<=500000,(J32*1*3/100),(J32*12/100)) -> 0
A33: AS201629 | B33: =VLOOKUP(A33,LISTADHERENT!A$5:H$51,2) -> NKEPSEU DIEUDONNE | C33: =D33+E33+F33+G33+H33+I33 -> 20000 | D33: 3000 | E33: 500 | F33: 1000 | G33: 2500 | I33: 13000 | K33: =IF(J33<=500000,(J33*1*3/100),(J33*12/100)) -> 0
A34: AS201630 | B34: =VLOOKUP(A34,LISTADHERENT!A$5:H$51,2) -> NKEPSEU HENANG RENE | C34: =D34+E34+F34+G34+H34+I34 -> 20000 | D34: 3000 | E34: 500 | F34: 1000 | G34: 2500 | I34: 13000 | K34: =IF(J34<=500000,(J34*1*3/100),(J34*12/100)) -> 0
A35: AS201631 | B35: =VLOOKUP(A35,LISTADHERENT!A$5:H$51,2) -> NTEPDIE TUEMAC MZ | C35: =D35+E35+F35+G35+H35+I35 -> 20000 | D35: 3000 | E35: 500 | F35: 1000 | G35: 2500 | I35: 13000 | K35: =IF(J35<=500000,(J35*1*3/100),(J35*12/100)) -> 0
A36: AS201632 | B36: =VLOOKUP(A36,LISTADHERENT!A$5:H$51,2) -> NTOMBOU ADOLPHE | C36: =D36+E36+F36+G36+H36+I36 -> 20000 | D36: 3000 | E36: 500 | F36: 1000 | G36: 2500 | I36: 13000 | K36: =IF(J36<=500000,(J36*1*3/100),(J36*12/100)) -> 0
A37: AS201633 | B37: =VLOOKUP(A37,LISTADHERENT!A$5:H$51,2) -> PATEGO NJOSSU GUSTAVE | C37: =D37+E37+F37+G37+H37+I37 -> 20000 | D37: 3000 | E37: 500 | F37: 1000 | G37: 2500 | I37: 13000 | K37: =IF(J37<=500000,(J37*1*3/100),(J37*12/100)) -> 0
A38: AS201634 | B38: =VLOOKUP(A38,LISTADHERENT!A$5:H$51,2) -> SEUNOU RICHELOT | C38: =D38+E38+F38+G38+H38+I38 -> 20000 | D38: 3000 | E38: 500 | F38: 1000 | G38: 2500 | I38: 13000 | K38: =IF(J38<=500000,(J38*1*3/100),(J38*12/100)) -> 0
A39: AS201635 | B39: =VLOOKUP(A39,LISTADHERENT!A$5:H$51,2) -> SIME ABEL | C39: =D39+E39+F39+G39+H39+I39 -> 20000 | D39: 3000 | E39: 500 | F39: 1000 | G39: 2500 | I39: 13000 | K39: =IF(J39<=500000,(J39*1*3/100),(J39*12/100)) -> 0
... A44: AS201640 | B44: =VLOOKUP(A44,LISTADHERENT!A$5:H$51,2) -> TCHOUAMOU JEAN PAUL | C44: =D44+E44+F44+G44+H44+I44 -> 20000 | D44: 3000 | E44: 500 | F44: 1000 | G44: 2500 | I44: 13000 | K44: =IF(J44<=500000,(J44*1*3/100),(J44*12/100)) -> 0
A45: AS201641 | B45: =VLOOKUP(A45,LISTADHERENT!A$5:H$51,2) -> TCHOUAMOU MATHIEU | C45: =D45+E45+F45+G45+H45+I45 -> 23000 | D45: 6000 | E45: 500 | F45: 1000 | G45: 2500 | I45: 13000 | J45: 500000 | K45: =IF(J45<=500000,(J45*1*3/100),(J45*12/100)) -> 15000
A46: AS201642 | B46: =VLOOKUP(A46,LISTADHERENT!A$5:H$51,2) -> TCHOUANTE FRANCOIS | C46: =D46+E46+F46+G46+H46+I46 -> 20000 | D46: 3000 | E46: 500 | F46: 1000 | G46: 2500 | I46: 13000 | K46: =IF(J46<=500000,(J46*1*3/100),(J46*12/100)) -> 0
A47: AS201643 | B47: =VLOOKUP(A47,LISTADHERENT!A$5:H$51,2) -> TCHOUTOU NANA CLAUDE | C47: =D47+E47+F47+G47+H47+I47 -> 20000 | D47: 3000 | E47: 500 | F47: 1000 | G47: 2500 | I47: 13000 | K47: =IF(J47<=500000,(J47*1*3/100),(J47*12/100)) -> 0
A48: AS201644 | B48: =VLOOKUP(A48,LISTADHERENT!A$5:H$51,2) -> TIEYAM ERNEST | C48: =D48+E48+F48+G48+H48+I48 -> 20000 | D48: 3000 | E48: 500 | F48: 1000 | G48: 2500 | I48: 13000 | K48: =IF(J48<=500000,(J48*1*3/100),(J48*12/100)) -> 0
A49: AS201645 | B49: =VLOOKUP(A49,LISTADHERENT!A$5:H$51,2) -> TUGMA PIERRE LOTI | C49: =D49+E49+F49+G49+H49+I49 -> 20000 | D49: 3000 | E49: 500 | F49: 1000 | G49: 2500 | I49: 13000 | K49: =IF(J49<=500000,(J49*1*3/100),(J49*12/100)) -> 0
A50: AS201646 | B50: =VLOOKUP(A50,LISTADHERENT!A$5:H$51,2) -> YEPMOU JEAN JACQUES | C50: =D50+E50+F50+G50+H50+I50 -> 20000 | D50: 3000 | E50: 500 | F50: 1000 | G50: 2500 | I50: 13000 | K50: =IF(J50<=500000,(J50*1*3/100),(J50*12/100)) -> 0
A51: AS201647 | B51: =VLOOKUP(A51,LISTADHERENT!A$5:H$51,2) -> YOUMBI EMMANUEL | C51: =D51+E51+F51+G51+H51+I51 -> 20000 | D51: 3000 | E51: 500 | F51: 1000 | G51: 2500 | I51: 13000 | K51: =IF(J51<=500000,(J51*1*3/100),(J51*12/100)) -> 0
B52: REMBOURSEMENT INTERET | I52: 104000 | K52: =IF(J52<=500000,(J52*1*3/100),(J52*12/100)) -> 0
A54: TOTAL | C54: =SUM(C5:C51) -> 1828000 | D54: =SUM(D5:D51) -> 1046000 | E54: =SUM(E5:E51) -> 23000 | F54: =SUM(F5:F51) -> 46000 | G54: =SUM(G5:G51) -> 115000 | H54: =SUM(H5:H51) -> 0 | I54: =SUM(I5:I52) -> 702000 | J54: =SUM(J5:J51) -> 1500000 | K54: =SUM(K5:K51) -> 99000 | L54: =SUM(L5:L51) -> 0

Sheet TONT20000JANV
A1: ASSOCIATION | B1: ASELBY
A2: ANNEE | B2: 2016/2017
A3: TONTINE | B3: 20 000
A4: MATRICULE | B4: NOM ET PRENOM | C4: MONTANT VERSE | D4: EPARGNE | E4: FONDS DE ROULEMENT | F4: FRAIS EXCEPTIONNEL | G4: COLLATION | H4: MUTUELLE | I4: TONTINE | J4: EMPRUNT | K4: INTERET EMPRUNT | L4: REMBOURSEMENT
A5: AS201601 | B5: =VLOOKUP(A5,LISTADHERENT!A$5:H$51,2) -> BAKOP ACHILLE | C5: =D5+E5+F5+G5+H5+I5 -> 20000 | D5: 3000 | E5: 500 | F5: 1000 | G5: 2500 | I5: 13000 | K5: =IF(J5<=500000,(J5*1*3/100),(J5*12/100)) -> 0
A6: AS201602 | B6: =VLOOKUP(A6,LISTADHERENT!A$5:H$51,2) -> BOUTCHOUANG WILLIAM | C6: =D6+E6+F6+G6+H6+I6 -> 20000 | D6: 3000 | E6: 500 | F6: 1000 | G6: 2500 | I6: 13000 | K6: =IF(J6<=500000,(J6*1*3/100),(J6*12/100)) -> 0
A7: AS201603 | B7: =VLOOKUP(A7,LISTADHERENT!A$5:H$51,2) -> CHINGUE FABRICE | C7: =D7+E7+F7+G7+H7+I7 -> 20000 | D7: 3000 | E7: 500 | F7: 1000 | G7: 2500 | I7: 13000 | J7: 1000000 | K7: =IF(J7<=500000,(J7*1*3/100),(J7*12/100))/2 -> 60000
A8: AS201604 | B8: =VLOOKUP(A8,LISTADHERENT!A$5:H$51,2) -> DJOMO JEAN PAUL | C8: =D8+E8+F8+G8+H8+I8 -> 20000 | D8: 3000 | E8: 500 | F8: 1000 | G8: 2500 | I8: 13000 | K8: =IF(J8<=500000,(J8*1*3/100),(J8*12/100)) -> 0
A9: AS201605 | B9: =VLOOKUP(A9,LISTADHERENT!A$5:H$51,2) -> DJOUKWE GUY | C9: =D9+E9+F9+G9+H9+I9 -> 20000 | D9: 3000 | E9: 500 | F9: 1000 | G9: 2500 | I9: 13000 | K9: =IF(J9<=500000,(J9*1*3/100),(J9*12/100)) -> 0
A10: AS201606 | B10: =VLOOKUP(A10,LISTADHERENT!A$5:H$51,2) -> DJOSSEU JOSUE | C10: =D10+E10+F10+G10+H10+I10 -> 0 | K10: =IF(J10<=500000,(J10*1*3/100),(J10*12/100)) -> 0
A11: AS201607 | B11: =VLOOKUP(A11,LISTADHERENT!A$5:H$51,2) -> DJOUNKEP SAMUEL | C11: =D11+E11+F11+G11+H11+I11 -> 40000 | D11: 23000 | E11: 500 | F11: 1000 | G11: 2500 | I11: 13000 | K11: =IF(J11<=500000,(J11*1*3/100),(J11*12/100)) -> 0
A12: AS201608 | B12: =VLOOKUP(A12,LISTADHERENT!A$5:H$51,2) -> DJUOMBESSY ANTOINE | C12: =D12+E12+F12+G12+H12+I12 -> 20000 | D12: 3000 | E12: 500 | F12: 1000 | G12: 2500 | I12: 13000 | K12: =IF(J12<=500000,(J12*1*3/100),(J12*12/100)) -> 0
A13: AS201609 | B13: =VLOOKUP(A13,LISTADHERENT!A$5:H$51,2) -> DONHOU DAVID | C13: =D13+E13+F13+G13+H13+I13 -> 20000 | D13: 3000 | E13: 500 | F13: 1000 | G13: 2500 | I13: 13000 | K13: =IF(J13<=500000,(J13*1*3/100),(J13*12/100)) -> 0
A14: AS201610 | B14: =VLOOKUP(A14,LISTADHERENT!A$5:H$51,2) -> FOTSO THOMAS | C14: =D14+E14+F14+G14+H14+I14 -> 20000 | D14: 3000 | E14: 500 | F14: 1000 | G14: 2500 | I14: 13000 | K14: =IF(J14<=500000,(J14*1*3/100),(J14*12/100)) -> 0
A15: AS201611 | B15: =VLOOKUP(A15,LISTADHERENT!A$5:H$51,2) -> HENGUE PAUL OMER | C15: =D15+E15+F15+G15+H15+I15 -> 20000 | D15: 3000 | E15: 500 | F15: 1000 | G15: 2500 | I15: 13000 | K15: =IF(J15<=500000,(J15*1*3/100),(J15*12/100)) -> 0
A16: AS201612 | B16: =VLOOKUP(A16,LISTADHERENT!A$5:H$51,2) -> HODIEP JULES | C16: =D16+E16+F16+G16+H16+I16 -> 20000 | D16: 3000 | E16: 500 | F16: 1000 | G16: 2500 | I16: 13000 | K16: =IF(J16<=500000,(J16*1*3/100),(J16*12/100)) -> 0
A17: AS201613 | B17: =VLOOKUP(A17,LISTADHERENT!A$5:H$51,2) -> HOTCHO BENJAMIN | C17: =D17+E17+F17+G17+H17+I17 -> 20000 | D17: 3000 | E17: 500 | F17: 1000 | G17: 2500 | I17: 13000 | K17: =IF(J17<=500000,(J17*1*3/100),(J17*12/100)) -> 0
A18: AS201614 | B18: =VLOOKUP(A18,LISTADHERENT!A$5:H$51,2) -> KEPHE DAVID | C18: =D18+E18+F18+G18+H18+I18 -> 20000 | D18: 3000 | E18: 500 | F18: 1000 | G18: 2500 | I18: 13000 | K18: =IF(J18<=500000,(J18*1*3/100),(J18*12/100)) -> 0
A19: AS201615 | B19: =VLOOKUP(A19,LISTADHERENT!A$5:H$51,2) -> KEPSEU FRANCIS | C19: =D19+E19+F19+G19+H19+I19 -> 23000 | D19: 6000 | E19: 500 | F19: 1000 | G19: 2500 | I19: 13000 | K19: =IF(J19<=500000,(J19*1*3/100),(J19*12/100)) -> 0
A20: AS201616 | B20: =VLOOKUP(A20,LISTADHERENT!A$5:H$51,2) -> KOUAMOU EMMANUEL | C20: =D20+E20+F20+G20+H20+I20 -> 20000 | D20: 3000 | E20: 500 | F20: 1000 | G20: 2500 | I20: 13000 | K20: =IF(J20<=500000,(J20*1*3/100),(J20*12/100)) -> 0
A21: AS201617 | B21: =VLOOKUP(A21,LISTADHERENT!A$5:H$51,2) -> KOUAMOU MOISE | C21: =D21+E21+F21+G21+H21+I21 -> 20000 | D21: 3000 | E21: 500 | F21: 1000 | G21: 2500 | I21: 13000 | K21: =IF(J21<=500000,(J21*1*3/100),(J21*12/100)) -> 0
A22: AS201618 | B22: =VLOOKUP(A22,LISTADHERENT!A$5:H$51,2) -> KOUAMOU VICTOR PEGUY | C22: =D22+E22+F22+G22+H22+I22 -> 20000 | D22: 3000 | E22: 500 | F22: 1000 | G22: 2500 | I22: 13000 | K22: =IF(J22<=500000,(J22*1*3/100),(J22*12/100)) -> 0
... A26: AS201622 | B26: =VLOOKUP(A26,LISTADHERENT!A$5:H$51,2) -> NDJOMO ETIENNE | C26: =D26+E26+F26+G26+H26+I26 -> 25000 | D26: 8000 | E26: 500 | F26: 1000 | G26: 2500 | I26: 13000 | K26: =IF(J26<=500000,(J26*1*3/100),(J26*12/100)) -> 0
A27: AS201623 | B27: =VLOOKUP(A27,LISTADHERENT!A$5:H$51,2) -> NDOMBOU JEAN CLAUDE | C27: =D27+E27+F27+G27+H27+I27 -> 0 | K27: =IF(J27<=500000,(J27*1*3/100),(J27*12/100)) -> 0
A28: AS201624 | B28: =VLOOKUP(A28,LISTADHERENT!A$5:H$51,2) -> NGONDIEP CLAUDE | C28: =D28+E28+F28+G28+H28+I28 -> 20000 | D28: 3000 | E28: 500 | F28: 1000 | G28: 2500 | I28: 13000 | K28: =IF(J28<=500000,(J28*1*3/100),(J28*12/100)) -> 0
A29: AS201625 | B29: =VLOOKUP(A29,LISTADHERENT!A$5:H$51,2) -> NGONGANG JEAN THEODORE | C29: =D29+E29+F29+G29+H29+I29 -> 20000 | D29: 3000 | E29: 500 | F29: 1000 | G29: 2500 | I29: 13000 | K29: =IF(J29<=500000,(J29*1*3/100),(J29*12/100)) -> 0
A30: AS201626 | B30: =VLOOKUP(A30,LISTADHERENT!A$5:H$51,2) -> NGUIEMEGNI MATHIEU BLAISE | C30: =D30+E30+F30+G30+H30+I30 -> 20000 | D30: 3000 | E30: 500 | F30: 1000 | G30: 2500 | I30: 13000 | K30: =IF(J30<=500000,(J30*1*3/100),(J30*12/100)) -> 0
A31: AS201627 | B31: =VLOOKUP(A31,LISTADHERENT!A$5:H$51,2) -> NJEPDJIO MBOUKAM DELUXE | C31: =D31+E31+F31+G31+H31+I31 -> 20000 | D31: 3000 | E31: 500 | F31: 1000 | G31: 2500 | I31: 13000 | K31: =IF(J31<=500000,(J31*1*3/100),(J31*12/100)) -> 0
A32: AS201628 | B32: =VLOOKUP(A32,LISTADHERENT!A$5:H$51,2) -> NKAMGANG JUSTIN DEJOLIE | C32: =D32+E32+F32+G32+H32+I32 -> 23000 | D32: 6000 | E32: 500 | F32: 1000 | G32: 2500 | I32: 13000 | K32: =IF(J32<=500000,(J32*1*3/100),(J32*12/100)) -> 0
A33: AS201629 | B33: =VLOOKUP(A33,LISTADHERENT!A$5:H$51,2) -> NKEPSEU DIEUDONNE | C33: =D33+E33+F33+G33+H33+I33 -> 25000 | D33: 8000 | E33: 500 | F33: 1000 | G33: 2500 | I33: 13000 | K33: =IF(J33<=500000,(J33*1*3/100),(J33*12/100)) -> 0
A34: AS201630 | B34: =VLOOKUP(A34,LISTADHERENT!A$5:H$51,2) -> NKEPSEU HENANG RENE | C34: =D34+E34+F34+G34+H34+I34 -> 20000 | D34: 3000 | E34: 500 | F34: 1000 | G34: 2500 | I34: 13000 | K34: =IF(J34<=500000,(J34*1*3/100),(J34*12/100)) -> 0
A35: AS201631 | B35: =VLOOKUP(A35,LISTADHERENT!A$5:H$51,2) -> NTEPDIE TUEMAC MZ | C35: =D35+E35+F35+G35+H35+I35 -> 20000 | D35: 3000 | E35: 500 | F35: 1000 | G35: 2500 | I35: 13000 | K35: =IF(J35<=500000,(J35*1*3/100),(J35*12/100)) -> 0
A36: AS201632 | B36: =VLOOKUP(A36,LISTADHERENT!A$5:H$51,2) -> NTOMBOU ADOLPHE | C36: =D36+E36+F36+G36+H36+I36 -> 20000 | D36: 3000 | E36: 500 | F36: 1000 | G36: 2500 | I36: 13000 | K36: =IF(J36<=500000,(J36*1*3/100),(J36*12/100)) -> 0
A37: AS201633 | B37: =VLOOKUP(A37,LISTADHERENT!A$5:H$51,2) -> PATEGO NJOSSU GUSTAVE | C37: =D37+E37+F37+G37+H37+I37 -> 20000 | D37: 3000 | E37: 500 | F37: 1000 | G37: 2500 | I37: 13000 | K37: =IF(J37<=500000,(J37*1*3/100),(J37*12/100)) -> 0
A38: AS201634 | B38: =VLOOKUP(A38,LISTADHERENT!A$5:H$51,2) -> SEUNOU RICHELOT | C38: =D38+E38+F38+G38+H38+I38 -> 20000 | D38: 3000 | E38: 500 | F38: 1000 | G38: 2500 | I38: 13000 | K38: =IF(J38<=500000,(J38*1*3/100),(J38*12/100)) -> 0
A39: AS201635 | B39: =VLOOKUP(A39,LISTADHERENT!A$5:H$51,2) -> SIME ABEL | C39: =D39+E39+F39+G39+H39+I39 -> 20000 | D39: 3000 | E39: 500 | F39: 1000 | G39: 2500 | I39: 13000 | K39: =IF(J39<=500000,(J39*1*3/100),(J39*12/100)) -> 0
... A41: AS201637 | B41: =VLOOKUP(A41,LISTADHERENT!A$5:H$51,2) -> SIME MATHIEU | C41: =D41+E41+F41+G41+H41+I41 -> 20000 | D41: 3000 | E41: 500 | F41: 1000 | G41: 2500 | I41: 13000 | K41: =IF(J41<=500000,(J41*1*3/100),(J41*12/100)) -> 0
A42: AS201638 | B42: =VLOOKUP(A42,LISTADHERENT!A$5:H$51,2) -> SIME PIERRE | C42: =D42+E42+F42+G42+H42+I42 -> 20000 | D42: 3000 | E42: 500 | F42: 1000 | G42: 2500 | I42: 13000 | J42: 200000 | K42: =IF(J42<=500000,(J42*1*3/100),(J42*12/100)) -> 6000
A43: AS201639 | B43: =VLOOKUP(A43,LISTADHERENT!A$5:H$51,2) -> TAGNE NANGUEN MARTIN | C43: =D43+E43+F43+G43+H43+I43 -> 20000 | D43: 3000 | E43: 500 | F43: 1000 | G43: 2500 | I43: 13000 | K43: =IF(J43<=500000,(J43*1*3/100),(J43*12/100)) -> 0
A44: AS201640 | B44: =VLOOKUP(A44,LISTADHERENT!A$5:H$51,2) -> TCHOUAMOU JEAN PAUL | C44: =D44+E44+F44+G44+H44+I44 -> 20000 | D44: 3000 | E44: 500 | F44: 1000 | G44: 2500 | I44: 13000 | K44: =IF(J44<=500000,(J44*1*3/100),(J44*12/100)) -> 0
A45: AS201641 | B45: =VLOOKUP(A45,LISTADHERENT!A$5:H$51,2) -> TCHOUAMOU MATHIEU | C45: =D45+E45+F45+G45+H45+I45 -> 20000 | D45: 3000 | E45: 500 | F45: 1000 | G45: 2500 | I45: 13000 | K45: =IF(J45<=500000,(J45*1*3/100),(J45*12/100)) -> 0
A46: AS201642 | B46: =VLOOKUP(A46,LISTADHERENT!A$5:H$51,2) -> TCHOUANTE FRANCOIS | C46: =D46+E46+F46+G46+H46+I46 -> 23000 | D46: 6000 | E46: 500 | F46: 1000 | G46: 2500 | I46: 13000 | K46: =IF(J46<=500000,(J46*1*3/100),(J46*12/100)) -> 0
A47: AS201643 | B47: =VLOOKUP(A47,LISTADHERENT!A$5:H$51,2) -> TCHOUTOU NANA CLAUDE | C47: =D47+E47+F47+G47+H47+I47 -> 0 | K47: =IF(J47<=500000,(J47*1*3/100),(J47*12/100)) -> 0
A48: AS201644 | B48: =VLOOKUP(A48,LISTADHERENT!A$5:H$51,2) -> TIEYAM ERNEST | C48: =D48+E48+F48+G48+H48+I48 -> 20000 | D48: 3000 | E48: 500 | F48: 1000 | G48: 2500 | I48: 13000 | J48: 1000000 | K48: =IF(J48<=500000,(J48*1*3/100),(J48*12/100)) -> 120000
A49: AS201645 | B49: =VLOOKUP(A49,LISTADHERENT!A$5:H$51,2) -> TUGMA PIERRE LOTI | C49: =D49+E49+F49+G49+H49+I49 -> 20000 | D49: 3000 | E49: 500 | F49: 1000 | G49: 2500 | I49: 13000 | K49: =IF(J49<=500000,(J49*1*3/100),(J49*12/100)) -> 0
A50: AS201646 | B50: =VLOOKUP(A50,LISTADHERENT!A$5:H$51,2) -> YEPMOU JEAN JACQUES | C50: =D50+E50+F50+G50+H50+I50 -> 20000 | D50: 3000 | E50: 500 | F50: 1000 | G50: 2500 | I50: 13000 | K50: =IF(J50<=500000,(J50*1*3/100),(J50*12/100)) -> 0
A51: AS201647 | B51: =VLOOKUP(A51,LISTADHERENT!A$5:H$51,2) -> YOUMBI EMMANUEL | C51: =D51+E51+F51+G51+H51+I51 -> 20000 | D51: 3000 | E51: 500 | F51: 1000 | G51: 2500 | I51: 13000 | K51: =IF(J51<=500000,(J51*1*3/100),(J51*12/100)) -> 0
B52: REMBOURSEMENT INTERET | K52: =IF(J52<=500000,(J52*1*3/100),(J52*12/100)) -> 0
A54: TOTAL | C54: =SUM(C5:C51) -> 919000 | D54: =SUM(D5:D51) -> 171000 | E54: =SUM(E5:E51) -> 22000 | F54: =SUM(F5:F51) -> 44000 | G54: =SUM(G5:G51) -> 110000 | H54: =SUM(H5:H51) -> 0 | I54: =SUM(I5:I51) -> 572000 | J54: =SUM(J5:J51) -> 2200000 | K54: =SUM(K5:K51) -> 186000

Sheet TONT20000FEV
A1: ASSOCIATION | B1: ASELBY
A2: ANNEE | B2: 2016/2017
A3: TONTINE | B3: 20 000
A4: MATRICULE | B4: NOM ET PRENOM | C4: MONTANT VERSE | D4: EPARGNE | E4: FONDS DE ROULEMENT | F4: FRAIS EXCEPTIONNEL | G4: COLLATION | H4: MUTUELLE | I4: TONTINE | J4: EMPRUNT | K4: INTERET EMPRUNT | L4: REMBOURSEMENT
A5: AS201601 | B5: =VLOOKUP(A5,LISTADHERENT!A$5:H$51,2) -> BAKOP ACHILLE | C5: =D5+E5+F5+G5+H5+I5 -> 20000 | D5: 3000 | E5: 500 | F5: 1000 | G5: 2500 | I5: 13000 | K5: =IF(J5<=500000,(J5*1*3/100),(J5*12/100)) -> 0
A6: AS201602 | B6: =VLOOKUP(A6,LISTADHERENT!A$5:H$51,2) -> BOUTCHOUANG WILLIAM | C6: =D6+E6+F6+G6+H6+I6 -> 20000 | D6: 3000 | E6: 500 | F6: 1000 | G6: 2500 | I6: 13000 | K6: =IF(J6<=500000,(J6*1*3/100),(J6*12/100)) -> 0
A7: AS201603 | B7: =VLOOKUP(A7,LISTADHERENT!A$5:H$51,2) -> CHINGUE FABRICE | C7: =D7+E7+F7+G7+H7+I7 -> 20000 | D7: 3000 | E7: 500 | F7: 1000 | G7: 2500 | I7: 13000 | K7: =IF(J7<=500000,(J7*1*3/100),(J7*12/100)) -> 0
A8: AS201604 | B8: =VLOOKUP(A8,LISTADHERENT!A$5:H$51,2) -> DJOMO JEAN PAUL | C8: =D8+E8+F8+G8+H8+I8 -> 20000 | D8: 3000 | E8: 500 | F8: 1000 | G8: 2500 | I8: 13000 | K8: =IF(J8<=500000,(J8*1*3/100),(J8*12/100)) -> 0
A9: AS201605 | B9: =VLOOKUP(A9,LISTADHERENT!A$5:H$51,2) -> DJOUKWE GUY | C9: =D9+E9+F9+G9+H9+I9 -> 20000 | D9: 3000 | E9: 500 | F9: 1000 | G9: 2500 | I9: 13000 | J9: 250000 | K9: =IF(J9<=500000,(J9*1*3/100),(J9*12/100)) -> 7500
A10: AS201606 | B10: =VLOOKUP(A10,LISTADHERENT!A$5:H$51,2) -> DJOSSEU JOSUE | C10: =D10+E10+F10+G10+H10+I10 -> 0 | K10: =IF(J10<=500000,(J10*1*3/100),(J10*12/100)) -> 0
A11: AS201607 | B11: =VLOOKUP(A11,LISTADHERENT!A$5:H$51,2) -> DJOUNKEP SAMUEL | C11: =D11+E11+F11+G11+H11+I11 -> 20000 | D11: 3000 | E11: 500 | F11: 1000 | G11: 2500 | I11: 13000 | K11: =IF(J11<=500000,(J11*1*3/100),(J11*12/100)) -> 0
A12: AS201608 | B12: =VLOOKUP(A12,LISTADHERENT!A$5:H$51,2) -> DJUOMBESSY ANTOINE | C12: =D12+E12+F12+G12+H12+I12 -> 20000 | D12: 3000 | E12: 500 | F12: 1000 | G12: 2500 | I12: 13000 | K12: =IF(J12<=500000,(J12*1*3/100),(J12*12/100)) -> 0
A13: AS201609 | B13: =VLOOKUP(A13,LISTADHERENT!A$5:H$51,2) -> DONHOU DAVID | C13: =D13+E13+F13+G13+H13+I13 -> 20000 | D13: 3000 | E13: 500 | F13: 1000 | G13: 2500 | I13: 13000 | K13: =IF(J13<=500000,(J13*1*3/100),(J13*12/100)) -> 0
A14: AS201610 | B14: =VLOOKUP(A14,LISTADHERENT!A$5:H$51,2) -> FOTSO THOMAS | C14: =D14+E14+F14+G14+H14+I14 -> 20000 | D14: 3000 | E14: 500 | F14: 1000 | G14: 2500 | I14: 13000 | K14: =IF(J14<=500000,(J14*1*3/100),(J14*12/100)) -> 0
A15: AS201611 | B15: =VLOOKUP(A15,LISTADHERENT!A$5:H$51,2) -> HENGUE PAUL OMER | C15: =D15+E15+F15+G15+H15+I15 -> 20000 | D15: 3000 | E15: 500 | F15: 1000 | G15: 2500 | I15: 13000 | K15: =IF(J15<=500000,(J15*1*3/100),(J15*12/100)) -> 0
A16: AS201612 | B16: =VLOOKUP(A16,LISTADHERENT!A$5:H$51,2) -> HODIEP JULES | C16: =D16+E16+F16+G16+H16+I16 -> 20000 | D16: 3000 | E16: 500 | F16: 1000 | G16: 2500 | I16: 13000 | K16: =IF(J16<=500000,(J16*1*3/100),(J16*12/100)) -> 0
A17: AS201613 | B17: =VLOOKUP(A17,LISTADHERENT!A$5:H$51,2) -> HOTCHO BENJAMIN | C17: =D17+E17+F17+G17+H17+I17 -> 20000 | D17: 3000 | E17: 500 | F17: 1000 | G17: 2500 | I17: 13000 | K17: =IF(J17<=500000,(J17*1*3/100),(J17*12/100)) -> 0
A18: AS201614 | B18: =VLOOKUP(A18,LISTADHERENT!A$5:H$51,2) -> KEPHE DAVID | C18: =D18+E18+F18+G18+H18+I18 -> 20000 | D18: 3000 | E18: 500 | F18: 1000 | G18: 2500 | I18: 13000 | K18: =IF(J18<=500000,(J18*1*3/100),(J18*12/100)) -> 0
A19: AS201615 | B19: =VLOOKUP(A19,LISTADHERENT!A$5:H$51,2) -> KEPSEU FRANCIS | C19: =D19+E19+F19+G19+H19+I19 -> 23000 | D19: 6000 | E19: 500 | F19: 1000 | G19: 2500 | I19: 13000 | K19: =IF(J19<=500000,(J19*1*3/100),(J19*12/100)) -> 0
A20: AS201616 | B20: =VLOOKUP(A20,LISTADHERENT!A$5:H$51,2) -> KOUAMOU EMMANUEL | C20: =D20+E20+F20+G20+H20+I20 -> 20000 | D20: 3000 | E20: 500 | F20: 1000 | G20: 2500 | I20: 13000 | K20: =IF(J20<=500000,(J20*1*3/100),(J20*12/100)) -> 0
A21: AS201617 | B21: =VLOOKUP(A21,LISTADHERENT!A$5:H$51,2) -> KOUAMOU MOISE | C21: =D21+E21+F21+G21+H21+I21 -> 20000 | D21: 3000 | E21: 500 | F21: 1000 | G21: 2500 | I21: 13000 | K21: =IF(J21<=500000,(J21*1*3/100),(J21*12/100)) -> 0
A22: AS201618 | B22: =VLOOKUP(A22,LISTADHERENT!A$5:H$51,2) -> KOUAMOU VICTOR PEGUY | C22: =D22+E22+F22+G22+H22+I22 -> 20000 | D22: 3000 | E22: 500 | F22: 1000 | G22: 2500 | I22: 13000 | K22: =IF(J22<=500000,(J22*1*3/100),(J22*12/100)) -> 0
... A26: AS201622 | B26: =VLOOKUP(A26,LISTADHERENT!A$5:H$51,2) -> NDJOMO ETIENNE | C26: =D26+E26+F26+G26+H26+I26 -> 25000 | D26: 8000 | E26: 500 | F26: 1000 | G26: 2500 | I26: 13000 | K26: =IF(J26<=500000,(J26*1*3/100),(J26*12/100)) -> 0
A27: AS201623 | B27: =VLOOKUP(A27,LISTADHERENT!A$5:H$51,2) -> NDOMBOU JEAN CLAUDE | C27: =D27+E27+F27+G27+H27+I27 -> 0 | K27: =IF(J27<=500000,(J27*1*3/100),(J27*12/100)) -> 0
A28: AS201624 | B28: =VLOOKUP(A28,LISTADHERENT!A$5:H$51,2) -> NGONDIEP CLAUDE | C28: =D28+E28+F28+G28+H28+I28 -> 20000 | D28: 3000 | E28: 500 | F28: 1000 | G28: 2500 | I28: 13000 | K28: =IF(J28<=500000,(J28*1*3/100),(J28*12/100)) -> 0
A29: AS201625 | B29: =VLOOKUP(A29,LISTADHERENT!A$5:H$51,2) -> NGONGANG JEAN THEODORE | C29: =D29+E29+F29+G29+H29+I29 -> 20000 | D29: 3000 | E29: 500 | F29: 1000 | G29: 2500 | I29: 13000 | K29: =IF(J29<=500000,(J29*1*3/100),(J29*12/100)) -> 0
A30: AS201626 | B30: =VLOOKUP(A30,LISTADHERENT!A$5:H$51,2) -> NGUIEMEGNI MATHIEU BLAISE | C30: =D30+E30+F30+G30+H30+I30 -> 20000 | D30: 3000 | E30: 500 | F30: 1000 | G30: 2500 | I30: 13000 | K30: =IF(J30<=500000,(J30*1*3/100),(J30*12/100)) -> 0
A31: AS201627 | B31: =VLOOKUP(A31,LISTADHERENT!A$5:H$51,2) -> NJEPDJIO MBOUKAM DELUXE | C31: =D31+E31+F31+G31+H31+I31 -> 25000 | D31: 8000 | E31: 500 | F31: 1000 | G31: 2500 | I31: 13000 | K31: =IF(J31<=500000,(J31*1*3/100),(J31*12/100)) -> 0
A32: AS201628 | B32: =VLOOKUP(A32,LISTADHERENT!A$5:H$51,2) -> NKAMGANG JUSTIN DEJOLIE | C32: =D32+E32+F32+G32+H32+I32 -> 23000 | D32: 6000 | E32: 500 | F32: 1000 | G32: 2500 | I32: 13000 | K32: =IF(J32<=500000,(J32*1*3/100),(J32*12/100)) -> 0
A33: AS201629 | B33: =VLOOKUP(A33,LISTADHERENT!A$5:H$51,2) -> NKEPSEU DIEUDONNE | C33: =D33+E33+F33+G33+H33+I33 -> 25000 | D33: 8000 | E33: 500 | F33: 1000 | G33: 2500 | I33: 13000 | K33: =IF(J33<=500000,(J33*1*3/100),(J33*12/100)) -> 0
A34: AS201630 | B34: =VLOOKUP(A34,LISTADHERENT!A$5:H$51,2) -> NKEPSEU HENANG RENE | C34: =D34+E34+F34+G34+H34+I34 -> 20000 | D34: 3000 | E34: 500 | F34: 1000 | G34: 2500 | I34: 13000 | K34: =IF(J34<=500000,(J34*1*3/100),(J34*12/100)) -> 0
A35: AS201631 | B35: =VLOOKUP(A35,LISTADHERENT!A$5:H$51,2) -> NTEPDIE TUEMAC MZ | C35: =D35+E35+F35+G35+H35+I35 -> 0 | K35: =IF(J35<=500000,(J35*1*3/100),(J35*12/100)) -> 0
A36: AS201632 | B36: =VLOOKUP(A36,LISTADHERENT!A$5:H$51,2) -> NTOMBOU ADOLPHE | C36: =D36+E36+F36+G36+H36+I36 -> 20000 | D36: 3000 | E36: 500 | F36: 1000 | G36: 2500 | I36: 13000 | K36: =IF(J36<=500000,(J36*1*3/100),(J36*12/100)) -> 0
A37: AS201633 | B37: =VLOOKUP(A37,LISTADHERENT!A$5:H$51,2) -> PATEGO NJOSSU GUSTAVE | C37: =D37+E37+F37+G37+H37+I37 -> 20000 | D37: 3000 | E37: 500 | F37: 1000 | G37: 2500 | I37: 13000 | K37: =IF(J37<=500000,(J37*1*3/100),(J37*12/100)) -> 0
A38: AS201634 | B38: =VLOOKUP(A38,LISTADHERENT!A$5:H$51,2) -> SEUNOU RICHELOT | C38: =D38+E38+F38+G38+H38+I38 -> 20000 | D38: 3000 | E38: 500 | F38: 1000 | G38: 2500 | I38: 13000 | K38: =IF(J38<=500000,(J38*1*3/100),(J38*12/100)) -> 0
A39: AS201635 | B39: =VLOOKUP(A39,LISTADHERENT!A$5:H$51,2) -> SIME ABEL | C39: =D39+E39+F39+G39+H39+I39 -> 20000 | D39: 3000 | E39: 500 | F39: 1000 | G39: 2500 | I39: 13000 | K39: =IF(J39<=500000,(J39*1*3/100),(J39*12/100)) -> 0
A40: AS201636 | B40: =VLOOKUP(A40,LISTADHERENT!A$5:H$51,2) -> SIME FONGANG ERIC | C40: =D40+E40+F40+G40+H40+I40 -> 20000 | D40: 3000 | E40: 500 | F40: 1000 | G40: 2500 | I40: 13000 | K40: =IF(J40<=500000,(J40*1*3/100),(J40*12/100)) -> 0
A41: AS201637 | B41: =VLOOKUP(A41,LISTADHERENT!A$5:H$51,2) -> SIME MATHIEU | C41: =D41+E41+F41+G41+H41+I41 -> 20000 | D41: 3000 | E41: 500 | F41: 1000 | G41: 2500 | I41: 13000 | K41: =IF(J41<=500000,(J41*1*3/100),(J41*12/100)) -> 0
A42: AS201638 | B42: =VLOOKUP(A42,LISTADHERENT!A$5:H$51,2) -> SIME PIERRE | C42: =D42+E42+F42+G42+H42+I42 -> 20000 | D42: 3000 | E42: 500 | F42: 1000 | G42: 2500 | I42: 13000 | K42: =IF(J42<=500000,(J42*1*3/100),(J42*12/100)) -> 0
A43: AS201639 | B43: =VLOOKUP(A43,LISTADHERENT!A$5:H$51,2) -> TAGNE NANGUEN MARTIN | C43: =D43+E43+F43+G43+H43+I43 -> 20000 | D43: 3000 | E43: 500 | F43: 1000 | G43: 2500 | I43: 13000 | K43: =IF(J43<=500000,(J43*1*3/100),(J43*12/100)) -> 0
A44: AS201640 | B44: =VLOOKUP(A44,LISTADHERENT!A$5:H$51,2) -> TCHOUAMOU JEAN PAUL | C44: =D44+E44+F44+G44+H44+I44 -> 20000 | D44: 3000 | E44: 500 | F44: 1000 | G44: 2500 | I44: 13000 | K44: =IF(J44<=500000,(J44*1*3/100),(J44*12/100)) -> 0
A45: AS201641 | B45: =VLOOKUP(A45,LISTADHERENT!A$5:H$51,2) -> TCHOUAMOU MATHIEU | C45: =D45+E45+F45+G45+H45+I45 -> 20000 | D45: 3000 | E45: 500 | F45: 1000 | G45: 2500 | I45: 13000 | K45: =IF(J45<=500000,(J45*1*3/100),(J45*12/100)) -> 0
A46: AS201642 | B46: =VLOOKUP(A46,LISTADHERENT!A$5:H$51,2) -> TCHOUANTE FRANCOIS | C46: =D46+E46+F46+G46+H46+I46 -> 23000 | D46: 6000 | E46: 500 | F46: 1000 | G46: 2500 | I46: 13000 | J46: 500000 | K46: =IF(J46<=500000,(J46*1*3/100),(J46*12/100)) -> 15000
A47: AS201643 | B47: =VLOOKUP(A47,LISTADHERENT!A$5:H$51,2) -> TCHOUTOU NANA CLAUDE | C47: =D47+E47+F47+G47+H47+I47 -> 20000 | D47: 3000 | E47: 500 | F47: 1000 | G47: 2500 | I47: 13000 | K47: =IF(J47<=500000,(J47*1*3/100),(J47*12/100)) -> 0
A48: AS201644 | B48: =VLOOKUP(A48,LISTADHERENT!A$5:H$51,2) -> TIEYAM ERNEST | C48: =D48+E48+F48+G48+H48+I48 -> 20000 | D48: 3000 | E48: 500 | F48: 1000 | G48: 2500 | I48: 13000 | K48: =IF(J48<=500000,(J48*1*3/100),(J48*12/100)) -> 0
A49: AS201645 | B49: =VLOOKUP(A49,LISTADHERENT!A$5:H$51,2) -> TUGMA PIERRE LOTI | C49: =D49+E49+F49+G49+H49+I49 -> 20000 | D49: 3000 | E49: 500 | F49: 1000 | G49: 2500 | I49: 13000 | K49: =IF(J49<=500000,(J49*1*3/100),(J49*12/100)) -> 0
A50: AS201646 | B50: =VLOOKUP(A50,LISTADHERENT!A$5:H$51,2) -> YEPMOU JEAN JACQUES | C50: =D50+E50+F50+G50+H50+I50 -> 20000 | D50: 3000 | E50: 500 | F50: 1000 | G50: 2500 | I50: 13000 | K50: =IF(J50<=500000,(J50*1*3/100),(J50*12/100)) -> 0
A51: AS201647 | B51: =VLOOKUP(A51,LISTADHERENT!A$5:H$51,2) -> YOUMBI EMMANUEL | C51: =D51+E51+F51+G51+H51+I51 -> 20000 | D51: 3000 | E51: 500 | F51: 1000 | G51: 2500 | I51: 13000 | K51: =IF(J51<=500000,(J51*1*3/100),(J51*12/100)) -> 0
B52: REMBOURSEMENT INTERET | I52: 48000 | K52: =IF(J52<=500000,(J52*1*3/100),(J52*12/100)) -> 0
A54: TOTAL | C54: =SUM(C5:C51) -> 904000 | D54: =SUM(D5:D51) -> 156000 | E54: =SUM(E5:E51) -> 22000 | F54: =SUM(F5:F51) -> 44000 | G54: =SUM(G5:G51) -> 110000 | H54: =SUM(H5:H51) -> 0 | I54: =SUM(I5:I52) -> 620000 | J54: =SUM(J5:J51) -> 750000 | K54: =SUM(K5:K51) -> 22500

Sheet TONT20000MARS
A1: ASSOCIATION | B1: ASELBY
A2: ANNEE | B2: 2016/2017
A3: TONTINE | B3: 20 000
A4: MATRICULE | B4: NOM ET PRENOM | C4: MONTANT VERSE | D4: EPARGNE | E4: FONDS DE ROULEMENT | F4: FRAIS EXCEPTIONNEL | G4: COLLATION | H4: MUTUELLE | I4: TONTINE | J4: EMPRUNT | K4: INTERET EMPRUNT | L4: REMBOURSEMENT
A5: AS201601 | B5: =VLOOKUP(A5,LISTADHERENT!A$5:H$51,2) -> BAKOP ACHILLE | C5: =D5+E5+F5+G5+H5+I5 -> 20000 | D5: 3000 | E5: 500 | F5: 1000 | G5: 2500 | I5: 13000 | K5: =IF(J5<=500000,(J5*1*3/100),(J5*12/100)) -> 0
A6: AS201602 | B6: =VLOOKUP(A6,LISTADHERENT!A$5:H$51,2) -> BOUTCHOUANG WILLIAM | C6: =D6+E6+F6+G6+H6+I6 -> 20000 | D6: 3000 | E6: 500 | F6: 1000 | G6: 2500 | I6: 13000 | K6: =IF(J6<=500000,(J6*1*3/100),(J6*12/100)) -> 0
A7: AS201603 | B7: =VLOOKUP(A7,LISTADHERENT!A$5:H$51,2) -> CHINGUE FABRICE | C7: =D7+E7+F7+G7+H7+I7 -> 20000 | D7: 3000 | E7: 500 | F7: 1000 | G7: 2500 | I7: 13000 | K7: =IF(J7<=500000,(J7*1*3/100),(J7*12/100)) -> 0
A8: AS201604 | B8: =VLOOKUP(A8,LISTADHERENT!A$5:H$51,2) -> DJOMO JEAN PAUL | C8: =D8+E8+F8+G8+H8+I8 -> 20000 | D8: 3000 | E8: 500 | F8: 1000 | G8: 2500 | I8: 13000 | K8: =IF(J8<=500000,(J8*1*3/100),(J8*12/100)) -> 0
A9: AS201605 | B9: =VLOOKUP(A9,LISTADHERENT!A$5:H$51,2) -> DJOUKWE GUY | C9: =D9+E9+F9+G9+H9+I9 -> 20000 | D9: 3000 | E9: 500 | F9: 1000 | G9: 2500 | I9: 13000 | K9: =IF(J9<=500000,(J9*1*3/100),(J9*12/100)) -> 0
A10: AS201606 | B10: =VLOOKUP(A10,LISTADHERENT!A$5:H$51,2) -> DJOSSEU JOSUE | C10: =D10+E10+F10+G10+H10+I10 -> 0 | K10: =IF(J10<=500000,(J10*1*3/100),(J10*12/100)) -> 0
A11: AS201607 | B11: =VLOOKUP(A11,LISTADHERENT!A$5:H$51,2) -> DJOUNKEP SAMUEL | C11: =D11+E11+F11+G11+H11+I11 -> 20000 | D11: 3000 | E11: 500 | F11: 1000 | G11: 2500 | I11: 13000 | K11: =IF(J11<=500000,(J11*1*3/100),(J11*12/100)) -> 0
A12: AS201608 | B12: =VLOOKUP(A12,LISTADHERENT!A$5:H$51,2) -> DJUOMBESSY ANTOINE | C12: =D12+E12+F12+G12+H12+I12 -> 20000 | D12: 3000 | E12: 500 | F12: 1000 | G12: 2500 | I12: 13000 | K12: =IF(J12<=500000,(J12*1*3/100),(J12*12/100)) -> 0
A13: AS201609 | B13: =VLOOKUP(A13,LISTADHERENT!A$5:H$51,2) -> DONHOU DAVID | C13: =D13+E13+F13+G13+H13+I13 -> 20000 | D13: 3000 | E13: 500 | F13: 1000 | G13: 2500 | I13: 13000 | K13: =IF(J13<=500000,(J13*1*3/100),(J13*12/100)) -> 0
A14: AS201610 | B14: =VLOOKUP(A14,LISTADHERENT!A$5:H$51,2) -> FOTSO THOMAS | C14: =D14+E14+F14+G14+H14+I14 -> 20000 | D14: 3000 | E14: 500 | F14: 1000 | G14: 2500 | I14: 13000 | K14: =IF(J14<=500000,(J14*1*3/100),(J14*12/100)) -> 0
A15: AS201611 | B15: =VLOOKUP(A15,LISTADHERENT!A$5:H$51,2) -> HENGUE PAUL OMER | C15: =D15+E15+F15+G15+H15+I15 -> 20000 | D15: 3000 | E15: 500 | F15: 1000 | G15: 2500 | I15: 13000 | K15: =IF(J15<=500000,(J15*1*3/100),(J15*12/100)) -> 0
A16: AS201612 | B16: =VLOOKUP(A16,LISTADHERENT!A$5:H$51,2) -> HODIEP JULES | C16: =D16+E16+F16+G16+H16+I16 -> 20000 | D16: 3000 | E16: 500 | F16: 1000 | G16: 2500 | I16: 13000 | K16: =IF(J16<=500000,(J16*1*3/100),(J16*12/100)) -> 0
A17: AS201613 | B17: =VLOOKUP(A17,LISTADHERENT!A$5:H$51,2) -> HOTCHO BENJAMIN | C17: =D17+E17+F17+G17+H17+I17 -> 20000 | D17: 3000 | E17: 500 | F17: 1000 | G17: 2500 | I17: 13000 | K17: =IF(J17<=500000,(J17*1*3/100),(J17*12/100)) -> 0
A18: AS201614 | B18: =VLOOKUP(A18,LISTADHERENT!A$5:H$51,2) -> KEPHE DAVID | C18: =D18+E18+F18+G18+H18+I18 -> 20000 | D18: 3000 | E18: 500 | F18: 1000 | G18: 2500 | I18: 13000 | K18: =IF(J18<=500000,(J18*1*3/100),(J18*12/100)) -> 0
A19: AS201615 | B19: =VLOOKUP(A19,LISTADHERENT!A$5:H$51,2) -> KEPSEU FRANCIS | C19: =D19+E19+F19+G19+H19+I19 -> 163000 | D19: 146000 | E19: 500 | F19: 1000 | G19: 2500 | I19: 13000 | K19: =IF(J19<=500000,(J19*1*3/100),(J19*12/100)) -> 0
A20: AS201616 | B20: =VLOOKUP(A20,LISTADHERENT!A$5:H$51,2) -> KOUAMOU EMMANUEL | C20: =D20+E20+F20+G20+H20+I20 -> 20000 | D20: 3000 | E20: 500 | F20: 1000 | G20: 2500 | I20: 13000 | K20: =IF(J20<=500000,(J20*1*3/100),(J20*12/100)) -> 0
A21: AS201617 | B21: =VLOOKUP(A21,LISTADHERENT!A$5:H$51,2) -> KOUAMOU MOISE | C21: =D21+E21+F21+G21+H21+I21 -> 20000 | D21: 3000 | E21: 500 | F21: 1000 | G21: 2500 | I21: 13000 | K21: =IF(J21<=500000,(J21*1*3/100),(J21*12/100)) -> 0
A22: AS201618 | B22: =VLOOKUP(A22,LISTADHERENT!A$5:H$51,2) -> KOUAMOU VICTOR PEGUY | C22: =D22+E22+F22+G22+H22+I22 -> 20000 | D22: 3000 | E22: 500 | F22: 1000 | G22: 2500 | I22: 13000 | K22: =IF(J22<=500000,(J22*1*3/100),(J22*12/100)) -> 0
A23: AS201619 | B23: =VLOOKUP(A23,LISTADHERENT!A$5:H$51,2) -> KOUATCHO MESSACK | C23: =D23+E23+F23+G23+H23+I23 -> 20000 | D23: 3000 | E23: 500 | F23: 1000 | G23: 2500 | I23: 13000 | K23: =IF(J23<=500000,(J23*1*3/100),(J23*12/100)) -> 0
A24: AS201620 | B24: =VLOOKUP(A24,LISTADHERENT!A$5:H$51,2) -> LOWE JEAN | C24: =D24+E24+F24+G24+H24+I24 -> 20000 | D24: 3000 | E24: 500 | F24: 1000 | G24: 2500 | I24: 13000 | J24: 80000 | K24: =IF(J24<=500000,(J24*1*3/100),(J24*12/100)) -> 2400
A25: AS201621 | B25: =VLOOKUP(A25,LISTADHERENT!A$5:H$51,2) -> NANKAM APPOLINAIRE | C25: =D25+E25+F25+G25+H25+I25 -> 20000 | D25: 3000 | E25: 500 | F25: 1000 | G25: 2500 | I25: 13000 | K25: =IF(J25<=500000,(J25*1*3/100),(J25*12/100)) -> 0
A26: AS201622 | B26: =VLOOKUP(A26,LISTADHERENT!A$5:H$51,2) -> NDJOMO ETIENNE | C26: =D26+E26+F26+G26+H26+I26 -> 25000 | D26: 8000 | E26: 500 | F26: 1000 | G26: 2500 | I26: 13000 | J26: 400000 | K26: =IF(J26<=500000,(J26*1*3/100),(J26*12/100)) -> 12000 | L26: 400000
A27: AS201623 | B27: =VLOOKUP(A27,LISTADHERENT!A$5:H$51,2) -> NDOMBOU JEAN CLAUDE | C27: =D27+E27+F27+G27+H27+I27 -> 0 | K27: =IF(J27<=500000,(J27*1*3/100),(J27*12/100)) -> 0
A28: AS201624 | B28: =VLOOKUP(A28,LISTADHERENT!A$5:H$51,2) -> NGONDIEP CLAUDE | C28: =D28+E28+F28+G28+H28+I28 -> 20000 | D28: 3000 | E28: 500 | F28: 1000 | G28: 2500 | I28: 13000 | K28: =IF(J28<=500000,(J28*1*3/100),(J28*12/100)) -> 0
A29: AS201625 | B29: =VLOOKUP(A29,LISTADHERENT!A$5:H$51,2) -> NGONGANG JEAN THEODORE | C29: =D29+E29+F29+G29+H29+I29 -> 20000 | D29: 3000 | E29: 500 | F29: 1000 | G29: 2500 | I29: 13000 | K29: =IF(J29<=500000,(J29*1*3/100),(J29*12/100)) -> 0
A30: AS201626 | B30: =VLOOKUP(A30,LISTADHERENT!A$5:H$51,2) -> NGUIEMEGNI MATHIEU BLAISE | C30: =D30+E30+F30+G30+H30+I30 -> 20000 | D30: 3000 | E30: 500 | F30: 1000 | G30: 2500 | I30: 13000 | K30: =IF(J30<=500000,(J30*1*3/100),(J30*12/100)) -> 0
A31: AS201627 | B31: =VLOOKUP(A31,LISTADHERENT!A$5:H$51,2) -> NJEPDJIO MBOUKAM DELUXE | C31: =D31+E31+F31+G31+H31+I31 -> 23000 | D31: 6000 | E31: 500 | F31: 1000 | G31: 2500 | I31: 13000 | J31: 1000000 | K31: =IF(J31<=500000,(J31*1*3/100),(J31*12/100))/4 -> 30000
A32: AS201628 | B32: =VLOOKUP(A32,LISTADHERENT!A$5:H$51,2) -> NKAMGANG JUSTIN DEJOLIE | C32: =D32+E32+F32+G32+H32+I32 -> 23000 | D32: 6000 | E32: 500 | F32: 1000 | G32: 2500 | I32: 13000 | K32: =IF(J32<=500000,(J32*1*3/100),(J32*12/100)) -> 0
A33: AS201629 | B33: =VLOOKUP(A33,LISTADHERENT!A$5:H$51,2) -> NKEPSEU DIEUDONNE | C33: =D33+E33+F33+G33+H33+I33 -> 25000 | D33: 8000 | E33: 500 | F33: 1000 | G33: 2500 | I33: 13000 | K33: =IF(J33<=500000,(J33*1*3/100),(J33*12/100)) -> 0
A34: AS201630 | B34: =VLOOKUP(A34,LISTADHERENT!A$5:H$51,2) -> NKEPSEU HENANG RENE | C34: =D34+E34+F34+G34+H34+I34 -> 20000 | D34: 3000 | E34: 500 | F34: 1000 | G34: 2500 | I34: 13000 | K34: =IF(J34<=500000,(J34*1*3/100),(J34*12/100)) -> 0
A35: AS201631 | B35: =VLOOKUP(A35,LISTADHERENT!A$5:H$51,2) -> NTEPDIE TUEMAC MZ | C35: =D35+E35+F35+G35+H35+I35 -> 0 | K35: =IF(J35<=500000,(J35*1*3/100),(J35*12/100)) -> 0
A36: AS201632 | B36: =VLOOKUP(A36,LISTADHERENT!A$5:H$51,2) -> NTOMBOU ADOLPHE | C36: =D36+E36+F36+G36+H36+I36 -> 20000 | D36: 3000 | E36: 500 | F36: 1000 | G36: 2500 | I36: 13000 | K36: =IF(J36<=500000,(J36*1*3/100),(J36*12/100)) -> 0
A37: AS201633 | B37: =VLOOKUP(A37,LISTADHERENT!A$5:H$51,2) -> PATEGO NJOSSU GUSTAVE | C37: =D37+E37+F37+G37+H37+I37 -> 20000 | D37: 3000 | E37: 500 | F37: 1000 | G37: 2500 | I37: 13000 | K37: =IF(J37<=500000,(J37*1*3/100),(J37*12/100)) -> 0
A38: AS201634 | B38: =VLOOKUP(A38,LISTADHERENT!A$5:H$51,2) -> SEUNOU RICHELOT | C38: =D38+E38+F38+G38+H38+I38 -> 20000 | D38: 3000 | E38: 500 | F38: 1000 | G38: 2500 | I38: 13000 | K38: =IF(J38<=500000,(J38*1*3/100),(J38*12/100)) -> 0
A39: AS201635 | B39: =VLOOKUP(A39,LISTADHERENT!A$5:H$51,2) -> SIME ABEL | C39: =D39+E39+F39+G39+H39+I39 -> 20000 | D39: 3000 | E39: 500 | F39: 1000 | G39: 2500 | I39: 13000 | K39: =IF(J39<=500000,(J39*1*3/100),(J39*12/100)) -> 0
A40: AS201636 | B40: =VLOOKUP(A40,LISTADHERENT!A$5:H$51,2) -> SIME FONGANG ERIC | C40: =D40+E40+F40+G40+H40+I40 -> 20000 | D40: 3000 | E40: 500 | F40: 1000 | G40: 2500 | I40: 13000 | K40: =IF(J40<=500000,(J40*1*3/100),(J40*12/100)) -> 0
A41: AS201637 | B41: =VLOOKUP(A41,LISTADHERENT!A$5:H$51,2) -> SIME MATHIEU | C41: =D41+E41+F41+G41+H41+I41 -> 20000 | D41: 3000 | E41: 500 | F41: 1000 | G41: 2500 | I41: 13000 | K41: =IF(J41<=500000,(J41*1*3/100),(J41*12/100)) -> 0
A42: AS201638 | B42: =VLOOKUP(A42,LISTADHERENT!A$5:H$51,2) -> SIME PIERRE | C42: =D42+E42+F42+G42+H42+I42 -> 20000 | D42: 3000 | E42: 500 | F42: 1000 | G42: 2500 | I42: 13000 | K42: =IF(J42<=500000,(J42*1*3/100),(J42*12/100)) -> 0
A43: AS201639 | B43: =VLOOKUP(A43,LISTADHERENT!A$5:H$51,2) -> TAGNE NANGUEN MARTIN | C43: =D43+E43+F43+G43+H43+I43 -> 20000 | D43: 3000 | E43: 500 | F43: 1000 | G43: 2500 | I43: 13000 | K43: =IF(J43<=500000,(J43*1*3/100),(J43*12/100)) -> 0
A44: AS201640 | B44: =VLOOKUP(A44,LISTADHERENT!A$5:H$51,2) -> TCHOUAMOU JEAN PAUL | C44: =D44+E44+F44+G44+H44+I44 -> 20000 | D44: 3000 | E44: 500 | F44: 1000 | G44: 2500 | I44: 13000 | K44: =IF(J44<=500000,(J44*1*3/100),(J44*12/100)) -> 0
A45: AS201641 | B45: =VLOOKUP(A45,LISTADHERENT!A$5:H$51,2) -> TCHOUAMOU MATHIEU | C45: =D45+E45+F45+G45+H45+I45 -> 20000 | D45: 3000 | E45: 500 | F45: 1000 | G45: 2500 | I45: 13000 | J45: 500000 | K45: =IF(J45<=500000,(J45*1*3/100),(J45*12/100)) -> 15000 | L45: 500000
A46: AS201642 | B46: =VLOOKUP(A46,LISTADHERENT!A$5:H$51,2) -> TCHOUANTE FRANCOIS | C46: =D46+E46+F46+G46+H46+I46 -> 23000 | D46: 6000 | E46: 500 | F46: 1000 | G46: 2500 | I46: 13000 | K46: =IF(J46<=500000,(J46*1*3/100),(J46*12/100)) -> 0
A47: AS201643 | B47: =VLOOKUP(A47,LISTADHERENT!A$5:H$51,2) -> TCHOUTOU NANA CLAUDE | C47: =D47+E47+F47+G47+H47+I47 -> 0 | K47: =IF(J47<=500000,(J47*1*3/100),(J47*12/100)) -> 0
A48: AS201644 | B48: =VLOOKUP(A48,LISTADHERENT!A$5:H$51,2) -> TIEYAM ERNEST | C48: =D48+E48+F48+G48+H48+I48 -> 20000 | D48: 3000 | E48: 500 | F48: 1000 | G48: 2500 | I48: 13000 | K48: =IF(J48<=500000,(J48*1*3/100),(J48*12/100)) -> 0
A49: AS201645 | B49: =VLOOKUP(A49,LISTADHERENT!A$5:H$51,2) -> TUGMA PIERRE LOTI | C49: =D49+E49+F49+G49+H49+I49 -> 20000 | D49: 3000 | E49: 500 | F49: 1000 | G49: 2500 | I49: 13000 | K49: =IF(J49<=500000,(J49*1*3/100),(J49*12/100)) -> 0
A50: AS201646 | B50: =VLOOKUP(A50,LISTADHERENT!A$5:H$51,2) -> YEPMOU JEAN JACQUES | C50: =D50+E50+F50+G50+H50+I50 -> 20000 | D50: 3000 | E50: 500 | F50: 1000 | G50: 2500 | I50: 13000 | K50: =IF(J50<=500000,(J50*1*3/100),(J50*12/100)) -> 0
A51: AS201647 | B51: =VLOOKUP(A51,LISTADHERENT!A$5:H$51,2) -> YOUMBI EMMANUEL | C51: =D51+E51+F51+G51+H51+I51 -> 20000 | D51: 3000 | E51: 500 | F51: 1000 | G51: 2500 | I51: 13000 | K51: =IF(J51<=500000,(J51*1*3/100),(J51*12/100)) -> 0
B52: REMBOURSEMENT INTERET | I52: 50500 | K52: =IF(J52<=500000,(J52*1*3/100),(J52*12/100)) -> 0
A54: TOTAL | C54: =SUM(C5:C51) -> 1022000 | D54: =SUM(D5:D51) -> 291000 | E54: =SUM(E5:E51) -> 21500 | F54: =SUM(F5:F51) -> 43000 | G54: =SUM(G5:G51) -> 107500 | H54: =SUM(H5:H51) -> 0 | I54: =SUM(I5:I52) -> 609500 | J54: =SUM(J5:J51) -> 1980000 | K54: =SUM(K5:K51) -> 59400

Sheet TONT20000AVRIL
A1: ASSOCIATION | B1: ASELBY
A2: ANNEE | B2: 2016/2017
A3: TONTINE | B3: 20 000
A4: MATRICULE | B4: NOM ET PRENOM | C4: MONTANT VERSE | D4: EPARGNE | E4: FONDS DE ROULEMENT | F4: FRAIS EXCEPTIONNEL | G4: COLLATION | H4: MUTUELLE | I4: TONTINE | J4: EMPRUNT | K4: INTERET EMPRUNT | L4: REMBOURSEMENT
A5: AS201601 | B5: =VLOOKUP(A5,LISTADHERENT!A$5:H$51,2) -> BAKOP ACHILLE | C5: =D5+E5+F5+G5+H5+I5 -> 20000 | D5: 3000 | E5: 500 | F5: 1000 | G5: 2500 | I5: 13000 | K5: =IF(J5<=500000,(J5*1*3/100),(J5*12/100)) -> 0
A6: AS201602 | B6: =VLOOKUP(A6,LISTADHERENT!A$5:H$51,2) -> BOUTCHOUANG WILLIAM | C6: =D6+E6+F6+G6+H6+I6 -> 20000 | D6: 3000 | E6: 500 | F6: 1000 | G6: 2500 | I6: 13000 | K6: =IF(J6<=500000,(J6*1*3/100),(J6*12/100)) -> 0
A7: AS201603 | B7: =VLOOKUP(A7,LISTADHERENT!A$5:H$51,2) -> CHINGUE FABRICE | C7: =D7+E7+F7+G7+H7+I7 -> 20000 | D7: 3000 | E7: 500 | F7: 1000 | G7: 2500 | I7: 13000 | K7: =IF(J7<=500000,(J7*1*3/100),(J7*12/100)) -> 0
A8: AS201604 | B8: =VLOOKUP(A8,LISTADHERENT!A$5:H$51,2) -> DJOMO JEAN PAUL | C8: =D8+E8+F8+G8+H8+I8 -> 20000 | D8: 3000 | E8: 500 | F8: 1000 | G8: 2500 | I8: 13000 | K8: =IF(J8<=500000,(J8*1*3/100),(J8*12/100)) -> 0
A9: AS201605 | B9: =VLOOKUP(A9,LISTADHERENT!A$5:H$51,2) -> DJOUKWE GUY | C9: =D9+E9+F9+G9+H9+I9 -> 25000 | D9: 8000 | E9: 500 | F9: 1000 | G9: 2500 | I9: 13000 | K9: =IF(J9<=500000,(J9*1*3/100),(J9*12/100)) -> 0
A10: AS201606 | B10: =VLOOKUP(A10,LISTADHERENT!A$5:H$51,2) -> DJOSSEU JOSUE | C10: =D10+E10+F10+G10+H10+I10 -> 0 | K10: =IF(J10<=500000,(J10*1*3/100),(J10*12/100)) -> 0
A11: AS201607 | B11: =VLOOKUP(A11,LISTADHERENT!A$5:H$51,2) -> DJOUNKEP SAMUEL | C11: =D11+E11+F11+G11+H11+I11 -> 20000 | D11: 3000 | E11: 500 | F11: 1000 | G11: 2500 | I11: 13000 | K11: =IF(J11<=500000,(J11*1*3/100),(J11*12/100)) -> 0
A12: AS201608 | B12: =VLOOKUP(A12,LISTADHERENT!A$5:H$51,2) -> DJUOMBESSY ANTOINE | C12: =D12+E12+F12+G12+H12+I12 -> 20000 | D12: 3000 | E12: 500 | F12: 1000 | G12: 2500 | I12: 13000 | K12: =IF(J12<=500000,(J12*1*3/100),(J12*12/100)) -> 0
A13: AS201609 | B13: =VLOOKUP(A13,LISTADHERENT!A$5:H$51,2) -> DONHOU DAVID | C13: =D13+E13+F13+G13+H13+I13 -> 20000 | D13: 3000 | E13: 500 | F13: 1000 | G13: 2500 | I13: 13000 | K13: =IF(J13<=500000,(J13*1*3/100),(J13*12/100)) -> 0
A14: AS201610 | B14: =VLOOKUP(A14,LISTADHERENT!A$5:H$51,2) -> FOTSO THOMAS | C14: =D14+E14+F14+G14+H14+I14 -> 20000 | D14: 3000 | E14: 500 | F14: 1000 | G14: 2500 | I14: 13000 | J14: 1000000 | K14: =IF(J14<=500000,(J14*1*3/100),(J14*12/100)) -> 120000
A15: AS201611 | B15: =VLOOKUP(A15,LISTADHERENT!A$5:H$51,2) -> HENGUE PAUL OMER | C15: =D15+E15+F15+G15+H15+I15 -> 20000 | D15: 3000 | E15: 500 | F15: 1000 | G15: 2500 | I15: 13000 | K15: =IF(J15<=500000,(J15*1*3/100),(J15*12/100)) -> 0
A16: AS201612 | B16: =VLOOKUP(A16,LISTADHERENT!A$5:H$51,2) -> HODIEP JULES | C16: =D16+E16+F16+G16+H16+I16 -> 20000 | D16: 3000 | E16: 500 | F16: 1000 | G16: 2500 | I16: 13000 | K16: =IF(J16<=500000,(J16*1*3/100),(J16*12/100)) -> 0
A17: AS201613 | B17: =VLOOKUP(A17,LISTADHERENT!A$5:H$51,2) -> HOTCHO BENJAMIN | C17: =D17+E17+F17+G17+H17+I17 -> 20000 | D17: 3000 | E17: 500 | F17: 1000 | G17: 2500 | I17: 13000 | K17: =IF(J17<=500000,(J17*1*3/100),(J17*12/100)) -> 0
A18: AS201614 | B18: =VLOOKUP(A18,LISTADHERENT!A$5:H$51,2) -> KEPHE DAVID | C18: =D18+E18+F18+G18+H18+I18 -> 20000 | D18: 3000 | E18: 500 | F18: 1000 | G18: 2500 | I18: 13000 | K18: =IF(J18<=500000,(J18*1*3/100),(J18*12/100)) -> 0
A19: AS201615 | B19: =VLOOKUP(A19,LISTADHERENT!A$5:H$51,2) -> KEPSEU FRANCIS | C19: =D19+E19+F19+G19+H19+I19 -> 363000 | D19: 346000 | E19: 500 | F19: 1000 | G19: 2500 | I19: 13000 | K19: =IF(J19<=500000,(J19*1*3/100),(J19*12/100)) -> 0
A20: AS201616 | B20: =VLOOKUP(A20,LISTADHERENT!A$5:H$51,2) -> KOUAMOU EMMANUEL | C20: =D20+E20+F20+G20+H20+I20 -> 20000 | D20: 3000 | E20: 500 | F20: 1000 | G20: 2500 | I20: 13000 | K20: =IF(J20<=500000,(J20*1*3/100),(J20*12/100)) -> 0
A21: AS201617 | B21: =VLOOKUP(A21,LISTADHERENT!A$5:H$51,2) -> KOUAMOU MOISE | C21: =D21+E21+F21+G21+H21+I21 -> 20000 | D21: 3000 | E21: 500 | F21: 1000 | G21: 2500 | I21: 13000 | K21: =IF(J21<=500000,(J21*1*3/100),(J21*12/100)) -> 0
A22: AS201618 | B22: =VLOOKUP(A22,LISTADHERENT!A$5:H$51,2) -> KOUAMOU VICTOR PEGUY | C22: =D22+E22+F22+G22+H22+I22 -> 20000 | D22: 3000 | E22: 500 | F22: 1000 | G22: 2500 | I22: 13000 | K22: =IF(J22<=500000,(J22*1*3/100),(J22*12/100)) -> 0
A23: AS201619 | B23: =VLOOKUP(A23,LISTADHERENT!A$5:H$51,2) -> KOUATCHO MESSACK | C23: =D23+E23+F23+G23+H23+I23 -> 20000 | D23: 3000 | E23: 500 | F23: 1000 | G23: 2500 | I23: 13000 | J23: 1000000 | K23: =IF(J23<=500000,(J23*1*3/100),(J23*12/100)) -> 120000
A24: AS201620 | B24: =VLOOKUP(A24,LISTADHERENT!A$5:H$51,2) -> LOWE JEAN | C24: =D24+E24+F24+G24+H24+I24 -> 20000 | D24: 3000 | E24: 500 | F24: 1000 | G24: 2500 | I24: 13000 | K24: =IF(J24<=500000,(J24*1*3/100),(J24*12/100)) -> 0
A25: AS201621 | B25: =VLOOKUP(A25,LISTADHERENT!A$5:H$51,2) -> NANKAM APPOLINAIRE | C25: =D25+E25+F25+G25+H25+I25 -> 20000 | D25: 3000 | E25: 500 | F25: 1000 | G25: 2500 | I25: 13000 | K25: =IF(J25<=500000,(J25*1*3/100),(J25*12/100)) -> 0
A26: AS201622 | B26: =VLOOKUP(A26,LISTADHERENT!A$5:H$51,2) -> NDJOMO ETIENNE | C26: =D26+E26+F26+G26+H26+I26 -> 25000 | D26: 8000 | E26: 500 | F26: 1000 | G26: 2500 | I26: 13000 | K26: =IF(J26<=500000,(J26*1*3/100),(J26*12/100)) -> 0
A27: AS201623 | B27: =VLOOKUP(A27,LISTADHERENT!A$5:H$51,2) -> NDOMBOU JEAN CLAUDE | C27: =D27+E27+F27+G27+H27+I27 -> 0 | K27: =IF(J27<=500000,(J27*1*3/100),(J27*12/100)) -> 0
A28: AS201624 | B28: =VLOOKUP(A28,LISTADHERENT!A$5:H$51,2) -> NGONDIEP CLAUDE | C28: =D28+E28+F28+G28+H28+I28 -> 20000 | D28: 3000 | E28: 500 | F28: 1000 | G28: 2500 | I28: 13000 | K28: =IF(J28<=500000,(J28*1*3/100),(J28*12/100)) -> 0
A29: AS201625 | B29: =VLOOKUP(A29,LISTADHERENT!A$5:H$51,2) -> NGONGANG JEAN THEODORE | C29: =D29+E29+F29+G29+H29+I29 -> 20000 | D29: 3000 | E29: 500 | F29: 1000 | G29: 2500 | I29: 13000 | K29: =IF(J29<=500000,(J29*1*3/100),(J29*12/100)) -> 0
A30: AS201626 | B30: =VLOOKUP(A30,LISTADHERENT!A$5:H$51,2) -> NGUIEMEGNI MATHIEU BLAISE | C30: =D30+E30+F30+G30+H30+I30 -> 20000 | D30: 3000 | E30: 500 | F30: 1000 | G30: 2500 | I30: 13000 | K30: =IF(J30<=500000,(J30*1*3/100),(J30*12/100)) -> 0
A31: AS201627 | B31: =VLOOKUP(A31,LISTADHERENT!A$5:H$51,2) -> NJEPDJIO MBOUKAM DELUXE | C31: =D31+E31+F31+G31+H31+I31 -> 23000 | D31: 6000 | E31: 500 | F31: 1000 | G31: 2500 | I31: 13000 | K31: =IF(J31<=500000,(J31*1*3/100),(J31*12/100)) -> 0
A32: AS201628 | B32: =VLOOKUP(A32,LISTADHERENT!A$5:H$51,2) -> NKAMGANG JUSTIN DEJOLIE | C32: =D32+E32+F32+G32+H32+I32 -> 23000 | D32: 6000 | E32: 500 | F32: 1000 | G32: 2500 | I32: 13000 | K32: =IF(J32<=500000,(J32*1*3/100),(J32*12/100)) -> 0
A33: AS201629 | B33: =VLOOKUP(A33,LISTADHERENT!A$5:H$51,2) -> NKEPSEU DIEUDONNE | C33: =D33+E33+F33+G33+H33+I33 -> 25000 | D33: 8000 | E33: 500 | F33: 1000 | G33: 2500 | I33: 13000 | K33: =IF(J33<=500000,(J33*1*3/100),(J33*12/100)) -> 0
A34: AS201630 | B34: =VLOOKUP(A34,LISTADHERENT!A$5:H$51,2) -> NKEPSEU HENANG RENE | C34: =D34+E34+F34+G34+H34+I34 -> 20000 | D34: 3000 | E34: 500 | F34: 1000 | G34: 2500 | I34: 13000 | K34: =IF(J34<=500000,(J34*1*3/100),(J34*12/100)) -> 0
A35: AS201631 | B35: =VLOOKUP(A35,LISTADHERENT!A$5:H$51,2) -> NTEPDIE TUEMAC MZ | C35: =D35+E35+F35+G35+H35+I35 -> 0 | K35: =IF(J35<=500000,(J35*1*3/100),(J35*12/100)) -> 0
A36: AS201632 | B36: =VLOOKUP(A36,LISTADHERENT!A$5:H$51,2) -> NTOMBOU ADOLPHE | C36: =D36+E36+F36+G36+H36+I36 -> 20000 | D36: 3000 | E36: 500 | F36: 1000 | G36: 2500 | I36: 13000 | K36: =IF(J36<=500000,(J36*1*3/100),(J36*12/100)) -> 0
A37: AS201633 | B37: =VLOOKUP(A37,LISTADHERENT!A$5:H$51,2) -> PATEGO NJOSSU GUSTAVE | C37: =D37+E37+F37+G37+H37+I37 -> 20000 | D37: 3000 | E37: 500 | F37: 1000 | G37: 2500 | I37: 13000 | K37: =IF(J37<=500000,(J37*1*3/100),(J37*12/100)) -> 0
A38: AS201634 | B38: =VLOOKUP(A38,LISTADHERENT!A$5:H$51,2) -> SEUNOU RICHELOT | C38: =D38+E38+F38+G38+H38+I38 -> 20000 | D38: 3000 | E38: 500 | F38: 1000 | G38: 2500 | I38: 13000 | K38: =IF(J38<=500000,(J38*1*3/100),(J38*12/100)) -> 0
A39: AS201635 | B39: =VLOOKUP(A39,LISTADHERENT!A$5:H$51,2) -> SIME ABEL | C39: =D39+E39+F39+G39+H39+I39 -> 20000 | D39: 3000 | E39: 500 | F39: 1000 | G39: 2500 | I39: 13000 | K39: =IF(J39<=500000,(J39*1*3/100),(J39*12/100)) -> 0
A40: AS201636 | B40: =VLOOKUP(A40,LISTADHERENT!A$5:H$51,2) -> SIME FONGANG ERIC | C40: =D40+E40+F40+G40+H40+I40 -> 20000 | D40: 3000 | E40: 500 | F40: 1000 | G40: 2500 | I40: 13000 | K40: =IF(J40<=500000,(J40*1*3/100),(J40*12/100)) -> 0
A41: AS201637 | B41: =VLOOKUP(A41,LISTADHERENT!A$5:H$51,2) -> SIME MATHIEU | C41: =D41+E41+F41+G41+H41+I41 -> 20000 | D41: 3000 | E41: 500 | F41: 1000 | G41: 2500 | I41: 13000 | K41: =IF(J41<=500000,(J41*1*3/100),(J41*12/100)) -> 0
A42: AS201638 | B42: =VLOOKUP(A42,LISTADHERENT!A$5:H$51,2) -> SIME PIERRE | C42: =D42+E42+F42+G42+H42+I42 -> 20000 | D42: 3000 | E42: 500 | F42: 1000 | G42: 2500 | I42: 13000 | J42: 200000 | K42: =IF(J42<=500000,(J42*1*3/100),(J42*12/100)) -> 6000 | L42: 200000
A43: AS201639 | B43: =VLOOKUP(A43,LISTADHERENT!A$5:H$51,2) -> TAGNE NANGUEN MARTIN | C43: =D43+E43+F43+G43+H43+I43 -> 20000 | D43: 3000 | E43: 500 | F43: 1000 | G43: 2500 | I43: 13000 | K43: =IF(J43<=500000,(J43*1*3/100),(J43*12/100)) -> 0
A44: AS201640 | B44: =VLOOKUP(A44,LISTADHERENT!A$5:H$51,2) -> TCHOUAMOU JEAN PAUL | C44: =D44+E44+F44+G44+H44+I44 -> 20000 | D44: 3000 | E44: 500 | F44: 1000 | G44: 2500 | I44: 13000 | K44: =IF(J44<=500000,(J44*1*3/100),(J44*12/100)) -> 0
A45: AS201641 | B45: =VLOOKUP(A45,LISTADHERENT!A$5:H$51,2) -> TCHOUAMOU MATHIEU | C45: =D45+E45+F45+G45+H45+I45 -> 20000 | D45: 3000 | E45: 500 | F45: 1000 | G45: 2500 | I45: 13000 | K45: =IF(J45<=500000,(J45*1*3/100),(J45*12/100)) -> 0
A46: AS201642 | B46: =VLOOKUP(A46,LISTADHERENT!A$5:H$51,2) -> TCHOUANTE FRANCOIS | C46: =D46+E46+F46+G46+H46+I46 -> 23000 | D46: 6000 | E46: 500 | F46: 1000 | G46: 2500 | I46: 13000 | K46: =IF(J46<=500000,(J46*1*3/100),(J46*12/100)) -> 0
A47: AS201643 | B47: =VLOOKUP(A47,LISTADHERENT!A$5:H$51,2) -> TCHOUTOU NANA CLAUDE | C47: =D47+E47+F47+G47+H47+I47 -> 20000 | D47: 3000 | E47: 500 | F47: 1000 | G47: 2500 | I47: 13000 | K47: =IF(J47<=500000,(J47*1*3/100),(J47*12/100)) -> 0
A48: AS201644 | B48: =VLOOKUP(A48,LISTADHERENT!A$5:H$51,2) -> TIEYAM ERNEST | C48: =D48+E48+F48+G48+H48+I48 -> 20000 | D48: 3000 | E48: 500 | F48: 1000 | G48: 2500 | I48: 13000 | K48: =IF(J48<=500000,(J48*1*3/100),(J48*12/100)) -> 0
A49: AS201645 | B49: =VLOOKUP(A49,LISTADHERENT!A$5:H$51,2) -> TUGMA PIERRE LOTI | C49: =D49+E49+F49+G49+H49+I49 -> 20000 | D49: 3000 | E49: 500 | F49: 1000 | G49: 2500 | I49: 13000 | K49: =IF(J49<=500000,(J49*1*3/100),(J49*12/100)) -> 0
A50: AS201646 | B50: =VLOOKUP(A50,LISTADHERENT!A$5:H$51,2) -> YEPMOU JEAN JACQUES | C50: =D50+E50+F50+G50+H50+I50 -> 20000 | D50: 3000 | E50: 500 | F50: 1000 | G50: 2500 | I50: 13000 | K50: =IF(J50<=500000,(J50*1*3/100),(J50*12/100)) -> 0
A51: AS201647 | B51: =VLOOKUP(A51,LISTADHERENT!A$5:H$51,2) -> YOUMBI EMMANUEL | C51: =D51+E51+F51+G51+H51+I51 -> 20000 | D51: 3000 | E51: 500 | F51: 1000 | G51: 2500 | I51: 13000 | K51: =IF(J51<=500000,(J51*1*3/100),(J51*12/100)) -> 0
B52: REMBOURSEMENT INTERET | I52: 60500 | K52: =IF(J52<=500000,(J52*1*3/100),(J52*12/100)) -> 0
A54: TOTAL | C54: =SUM(C5:C52) -> 1247000 | D54: =SUM(D5:D52) -> 499000 | E54: =SUM(E5:E52) -> 22000 | F54: =SUM(F5:F52) -> 44000 | G54: =SUM(G5:G52) -> 110000 | H54: =SUM(H5:H52) -> 0 | I54: =SUM(I5:I52) -> 632500 | J54: =SUM(J5:J51) -> 2200000 | K54: =SUM(K5:K51) -> 246000

Sheet TONT20000MAI
A1: ASSOCIATION | B1: ASELBY
A2: ANNEE | B2: 2016/2017
A3: TONTINE | B3: 20 000
A4: MATRICULE | B4: NOM ET PRENOM | C4: MONTANT VERSE | D4: EPARGNE | E4: FONDS DE ROULEMENT | F4: FRAIS EXCEPTIONNEL | G4: COLLATION | H4: MUTUELLE | I4: TONTINE | J4: EMPRUNT | K4: INTERET EMPRUNT | L4: REMBOURSEMENT
A5: AS201601 | B5: =VLOOKUP(A5,LISTADHERENT!A$5:H$51,2) -> BAKOP ACHILLE | C5: =D5+E5+F5+G5+H5+I5 -> 20000 | D5: 3000 | E5: 500 | F5: 1000 | G5: 2500 | I5: 13000 | K5: =IF(J5<=500000,(J5*1*3/100),(J5*12/100)) -> 0
A6: AS201602 | B6: =VLOOKUP(A6,LISTADHERENT!A$5:H$51,2) -> BOUTCHOUANG WILLIAM | C6: =D6+E6+F6+G6+H6+I6 -> 20000 | D6: 3000 | E6: 500 | F6: 1000 | G6: 2500 | I6: 13000 | K6: =IF(J6<=500000,(J6*1*3/100),(J6*12/100)) -> 0
A7: AS201603 | B7: =VLOOKUP(A7,LISTADHERENT!A$5:H$51,2) -> CHINGUE FABRICE | C7: =D7+E7+F7+G7+H7+I7 -> 20000 | D7: 3000 | E7: 500 | F7: 1000 | G7: 2500 | I7: 13000 | K7: =IF(J7<=500000,(J7*1*3/100),(J7*12/100)) -> 0
A8: AS201604 | B8: =VLOOKUP(A8,LISTADHERENT!A$5:H$51,2) -> DJOMO JEAN PAUL | C8: =D8+E8+F8+G8+H8+I8 -> 20000 | D8: 3000 | E8: 500 | F8: 1000 | G8: 2500 | I8: 13000 | K8: =IF(J8<=500000,(J8*1*3/100),(J8*12/100)) -> 0
A9: AS201605 | B9: =VLOOKUP(A9,LISTADHERENT!A$5:H$51,2) -> DJOUKWE GUY | C9: =D9+E9+F9+G9+H9+I9 -> 20000 | D9: 3000 | E9: 500 | F9: 1000 | G9: 2500 | I9: 13000 | K9: =IF(J9<=500000,(J9*1*3/100),(J9*12/100)) -> 0
A10: AS201606 | B10: =VLOOKUP(A10,LISTADHERENT!A$5:H$51,2) -> DJOSSEU JOSUE | C10: =D10+E10+F10+G10+H10+I10 -> 0 | K10: =IF(J10<=500000,(J10*1*3/100),(J10*12/100)) -> 0
A11: AS201607 | B11: =VLOOKUP(A11,LISTADHERENT!A$5:H$51,2) -> DJOUNKEP SAMUEL | C11: =D11+E11+F11+G11+H11+I11 -> 520000 | D11: 503000 | E11: 500 | F11: 1000 | G11: 2500 | I11: 13000 | K11: =IF(J11<=500000,(J11*1*3/100),(J11*12/100)) -> 0
A12: AS201608 | B12: =VLOOKUP(A12,LISTADHERENT!A$5:H$51,2) -> DJUOMBESSY ANTOINE | C12: =D12+E12+F12+G12+H12+I12 -> 20000 | D12: 3000 | E12: 500 | F12: 1000 | G12: 2500 | I12: 13000 | K12: =IF(J12<=500000,(J12*1*3/100),(J12*12/100)) -> 0
A13: AS201609 | B13: =VLOOKUP(A13,LISTADHERENT!A$5:H$51,2) -> DONHOU DAVID | C13: =D13+E13+F13+G13+H13+I13 -> 20000 | D13: 3000 | E13: 500 | F13: 1000 | G13: 2500 | I13: 13000 | K13: =IF(J13<=500000,(J13*1*3/100),(J13*12/100)) -> 0
A14: AS201610 | B14: =VLOOKUP(A14,LISTADHERENT!A$5:H$51,2) -> FOTSO THOMAS | C14: =D14+E14+F14+G14+H14+I14 -> 20000 | D14: 3000 | E14: 500 | F14: 1000 | G14: 2500 | I14: 13000 | K14: =IF(J14<=500000,(J14*1*3/100),(J14*12/100)) -> 0
A15: AS201611 | B15: =VLOOKUP(A15,LISTADHERENT!A$5:H$51,2) -> HENGUE PAUL OMER | C15: =D15+E15+F15+G15+H15+I15 -> 20000 | D15: 3000 | E15: 500 | F15: 1000 | G15: 2500 | I15: 13000 | K15: =IF(J15<=500000,(J15*1*3/100),(J15*12/100)) -> 0
A16: AS201612 | B16: =VLOOKUP(A16,LISTADHERENT!A$5:H$51,2) -> HODIEP JULES | C16: =D16+E16+F16+G16+H16+I16 -> 20000 | D16: 3000 | E16: 500 | F16: 1000 | G16: 2500 | I16: 13000 | K16: =IF(J16<=500000,(J16*1*3/100),(J16*12/100)) -> 0
A17: AS201613 | B17: =VLOOKUP(A17,LISTADHERENT!A$5:H$51,2) -> HOTCHO BENJAMIN | C17: =D17+E17+F17+G17+H17+I17 -> 20000 | D17: 3000 | E17: 500 | F17: 1000 | G17: 2500 | I17: 13000 | K17: =IF(J17<=500000,(J17*1*3/100),(J17*12/100)) -> 0
A18: AS201614 | B18: =VLOOKUP(A18,LISTADHERENT!A$5:H$51,2) -> KEPHE DAVID | C18: =D18+E18+F18+G18+H18+I18 -> 20000 | D18: 3000 | E18: 500 | F18: 1000 | G18: 2500 | I18: 13000 | K18: =IF(J18<=500000,(J18*1*3/100),(J18*12/100)) -> 0
A19: AS201615 | B19: =VLOOKUP(A19,LISTADHERENT!A$5:H$51,2) -> KEPSEU FRANCIS | C19: =D19+E19+F19+G19+H19+I19 -> 23000 | D19: 6000 | E19: 500 | F19: 1000 | G19: 2500 | I19: 13000 | K19: =IF(J19<=500000,(J19*1*3/100),(J19*12/100)) -> 0
A20: AS201616 | B20: =VLOOKUP(A20,LISTADHERENT!A$5:H$51,2) -> KOUAMOU EMMANUEL | C20: =D20+E20+F20+G20+H20+I20 -> 20000 | D20: 3000 | E20: 500 | F20: 1000 | G20: 2500 | I20: 13000 | K20: =IF(J20<=500000,(J20*1*3/100),(J20*12/100)) -> 0
A21: AS201617 | B21: =VLOOKUP(A21,LISTADHERENT!A$5:H$51,2) -> KOUAMOU MOISE | C21: =D21+E21+F21+G21+H21+I21 -> 20000 | D21: 3000 | E21: 500 | F21: 1000 | G21: 2500 | I21: 13000 | K21: =IF(J21<=500000,(J21*1*3/100),(J21*12/100)) -> 0
A22: AS201618 | B22: =VLOOKUP(A22,LISTADHERENT!A$5:H$51,2) -> KOUAMOU VICTOR PEGUY | C22: =D22+E22+F22+G22+H22+I22 -> 20000 | D22: 3000 | E22: 500 | F22: 1000 | G22: 2500 | I22: 13000 | K22: =IF(J22<=500000,(J22*1*3/100),(J22*12/100)) -> 0
... A26: AS201622 | B26: =VLOOKUP(A26,LISTADHERENT!A$5:H$51,2) -> NDJOMO ETIENNE | C26: =D26+E26+F26+G26+H26+I26 -> 25000 | D26: 8000 | E26: 500 | F26: 1000 | G26: 2500 | I26: 13000 | K26: =IF(J26<=500000,(J26*1*3/100),(J26*12/100)) -> 0
A27: AS201623 | B27: =VLOOKUP(A27,LISTADHERENT!A$5:H$51,2) -> NDOMBOU JEAN CLAUDE | C27: =D27+E27+F27+G27+H27+I27 -> 0 | K27: =IF(J27<=500000,(J27*1*3/100),(J27*12/100)) -> 0
A28: AS201624 | B28: =VLOOKUP(A28,LISTADHERENT!A$5:H$51,2) -> NGONDIEP CLAUDE | C28: =D28+E28+F28+G28+H28+I28 -> 20000 | D28: 3000 | E28: 500 | F28: 1000 | G28: 2500 | I28: 13000 | K28: =IF(J28<=500000,(J28*1*3/100),(J28*12/100)) -> 0
A29: AS201625 | B29: =VLOOKUP(A29,LISTADHERENT!A$5:H$51,2) -> NGONGANG JEAN THEODORE | C29: =D29+E29+F29+G29+H29+I29 -> 20000 | D29: 3000 | E29: 500 | F29: 1000 | G29: 2500 | I29: 13000 | K29: =IF(J29<=500000,(J29*1*3/100),(J29*12/100)) -> 0
A30: AS201626 | B30: =VLOOKUP(A30,LISTADHERENT!A$5:H$51,2) -> NGUIEMEGNI MATHIEU BLAISE | C30: =D30+E30+F30+G30+H30+I30 -> 20000 | D30: 3000 | E30: 500 | F30: 1000 | G30: 2500 | I30: 13000 | K30: =IF(J30<=500000,(J30*1*3/100),(J30*12/100)) -> 0
A31: AS201627 | B31: =VLOOKUP(A31,LISTADHERENT!A$5:H$51,2) -> NJEPDJIO MBOUKAM DELUXE | C31: =D31+E31+F31+G31+H31+I31 -> 20000 | D31: 3000 | E31: 500 | F31: 1000 | G31: 2500 | I31: 13000 | K31: =IF(J31<=500000,(J31*1*3/100),(J31*12/100)) -> 0
A32: AS201628 | B32: =VLOOKUP(A32,LISTADHERENT!A$5:H$51,2) -> NKAMGANG JUSTIN DEJOLIE | C32: =D32+E32+F32+G32+H32+I32 -> 23000 | D32: 6000 | E32: 500 | F32: 1000 | G32: 2500 | I32: 13000 | K32: =IF(J32<=500000,(J32*1*3/100),(J32*12/100)) -> 0
A33: AS201629 | B33: =VLOOKUP(A33,LISTADHERENT!A$5:H$51,2) -> NKEPSEU DIEUDONNE | C33: =D33+E33+F33+G33+H33+I33 -> 25000 | D33: 8000 | E33: 500 | F33: 1000 | G33: 2500 | I33: 13000 | K33: =IF(J33<=500000,(J33*1*3/100),(J33*12/100)) -> 0
A34: AS201630 | B34: =VLOOKUP(A34,LISTADHERENT!A$5:H$51,2) -> NKEPSEU HENANG RENE | C34: =D34+E34+F34+G34+H34+I34 -> 20000 | D34: 3000 | E34: 500 | F34: 1000 | G34: 2500 | I34: 13000 | K34: =IF(J34<=500000,(J34*1*3/100),(J34*12/100)) -> 0
A35: AS201631 | B35: =VLOOKUP(A35,LISTADHERENT!A$5:H$51,2) -> NTEPDIE TUEMAC MZ | C35: =D35+E35+F35+G35+H35+I35 -> 0 | K35: =IF(J35<=500000,(J35*1*3/100),(J35*12/100)) -> 0
A36: AS201632 | B36: =VLOOKUP(A36,LISTADHERENT!A$5:H$51,2) -> NTOMBOU ADOLPHE | C36: =D36+E36+F36+G36+H36+I36 -> 20000 | D36: 3000 | E36: 500 | F36: 1000 | G36: 2500 | I36: 13000 | K36: =IF(J36<=500000,(J36*1*3/100),(J36*12/100)) -> 0
A37: AS201633 | B37: =VLOOKUP(A37,LISTADHERENT!A$5:H$51,2) -> PATEGO NJOSSU GUSTAVE | C37: =D37+E37+F37+G37+H37+I37 -> 20000 | D37: 3000 | E37: 500 | F37: 1000 | G37: 2500 | I37: 13000 | K37: =IF(J37<=500000,(J37*1*3/100),(J37*12/100)) -> 0
A38: AS201634 | B38: =VLOOKUP(A38,LISTADHERENT!A$5:H$51,2) -> SEUNOU RICHELOT | C38: =D38+E38+F38+G38+H38+I38 -> 20000 | D38: 3000 | E38: 500 | F38: 1000 | G38: 2500 | I38: 13000 | K38: =IF(J38<=500000,(J38*1*3/100),(J38*12/100)) -> 0
A39: AS201635 | B39: =VLOOKUP(A39,LISTADHERENT!A$5:H$51,2) -> SIME ABEL | C39: =D39+E39+F39+G39+H39+I39 -> 20000 | D39: 3000 | E39: 500 | F39: 1000 | G39: 2500 | I39: 13000 | K39: =IF(J39<=500000,(J39*1*3/100),(J39*12/100)) -> 0
A40: AS201636 | B40: =VLOOKUP(A40,LISTADHERENT!A$5:H$51,2) -> SIME FONGANG ERIC | C40: =D40+E40+F40+G40+H40+I40 -> 20000 | D40: 3000 | E40: 500 | F40: 1000 | G40: 2500 | I40: 13000 | K40: =IF(J40<=500000,(J40*1*3/100),(J40*12/100)) -> 0
A41: AS201637 | B41: =VLOOKUP(A41,LISTADHERENT!A$5:H$51,2) -> SIME MATHIEU | C41: =D41+E41+F41+G41+H41+I41 -> 20000 | D41: 3000 | E41: 500 | F41: 1000 | G41: 2500 | I41: 13000 | K41: =IF(J41<=500000,(J41*1*3/100),(J41*12/100)) -> 0
A42: AS201638 | B42: =VLOOKUP(A42,LISTADHERENT!A$5:H$51,2) -> SIME PIERRE | C42: =D42+E42+F42+G42+H42+I42 -> 20000 | D42: 3000 | E42: 500 | F42: 1000 | G42: 2500 | I42: 13000 | K42: =IF(J42<=500000,(J42*1*3/100),(J42*12/100)) -> 0
A43: AS201639 | B43: =VLOOKUP(A43,LISTADHERENT!A$5:H$51,2) -> TAGNE NANGUEN MARTIN | C43: =D43+E43+F43+G43+H43+I43 -> 20000 | D43: 3000 | E43: 500 | F43: 1000 | G43: 2500 | I43: 13000 | K43: =IF(J43<=500000,(J43*1*3/100),(J43*12/100)) -> 0
A44: AS201640 | B44: =VLOOKUP(A44,LISTADHERENT!A$5:H$51,2) -> TCHOUAMOU JEAN PAUL | C44: =D44+E44+F44+G44+H44+I44 -> 20000 | D44: 3000 | E44: 500 | F44: 1000 | G44: 2500 | I44: 13000 | K44: =IF(J44<=500000,(J44*1*3/100),(J44*12/100)) -> 0
A45: AS201641 | B45: =VLOOKUP(A45,LISTADHERENT!A$5:H$51,2) -> TCHOUAMOU MATHIEU | C45: =D45+E45+F45+G45+H45+I45 -> 20000 | D45: 3000 | E45: 500 | F45: 1000 | G45: 2500 | I45: 13000 | K45: =IF(J45<=500000,(J45*1*3/100),(J45*12/100)) -> 0
A46: AS201642 | B46: =VLOOKUP(A46,LISTADHERENT!A$5:H$51,2) -> TCHOUANTE FRANCOIS | C46: =D46+E46+F46+G46+H46+I46 -> 23000 | D46: 6000 | E46: 500 | F46: 1000 | G46: 2500 | I46: 13000 | J46: 750000 | K46: =IF(J46<=500000,(J46*1*3/100),(J46*12/100)) -> 90000
A47: AS201643 | B47: =VLOOKUP(A47,LISTADHERENT!A$5:H$51,2) -> TCHOUTOU NANA CLAUDE | C47: =D47+E47+F47+G47+H47+I47 -> 0 | K47: =IF(J47<=500000,(J47*1*3/100),(J47*12/100)) -> 0
A48: AS201644 | B48: =VLOOKUP(A48,LISTADHERENT!A$5:H$51,2) -> TIEYAM ERNEST | C48: =D48+E48+F48+G48+H48+I48 -> 0 | K48: =IF(J48<=500000,(J48*1*3/100),(J48*12/100)) -> 0
A49: AS201645 | B49: =VLOOKUP(A49,LISTADHERENT!A$5:H$51,2) -> TUGMA PIERRE LOTI | C49: =D49+E49+F49+G49+H49+I49 -> 20000 | D49: 3000 | E49: 500 | F49: 1000 | G49: 2500 | I49: 13000 | K49: =IF(J49<=500000,(J49*1*3/100),(J49*12/100)) -> 0
A50: AS201646 | B50: =VLOOKUP(A50,LISTADHERENT!A$5:H$51,2) -> YEPMOU JEAN JACQUES | C50: =D50+E50+F50+G50+H50+I50 -> 20000 | D50: 3000 | E50: 500 | F50: 1000 | G50: 2500 | I50: 13000 | K50: =IF(J50<=500000,(J50*1*3/100),(J50*12/100)) -> 0
A51: AS201647 | B51: =VLOOKUP(A51,LISTADHERENT!A$5:H$51,2) -> YOUMBI EMMANUEL | C51: =D51+E51+F51+G51+H51+I51 -> 20000 | D51: 3000 | E51: 500 | F51: 1000 | G51: 2500 | I51: 13000 | K51: =IF(J51<=500000,(J51*1*3/100),(J51*12/100)) -> 0
B52: REMBOURSEMENT INTERET | I52: =52500+140000 -> 192500 | K52: =IF(J52<=500000,(J52*1*3/100),(J52*12/100)) -> 0
A54: TOTAL | C54: =SUM(C5:C52) -> 1359000 | D54: =SUM(D5:D52) -> 645000 | E54: =SUM(E5:E52) -> 21000 | F54: =SUM(F5:F52) -> 42000 | G54: =SUM(G5:G52) -> 105000 | H54: =SUM(H5:H52) -> 0 | I54: =SUM(I5:I52) -> 738500 | J54: =SUM(J5:J51) -> 750000 | K54: =SUM(K5:K51) -> 90000

Sheet TONT20000JUIN
A1: ASSOCIATION | B1: ASELBY
A2: ANNEE | B2: 2016/2017
A3: TONTINE | B3: 20 000
A4: MATRICULE | B4: NOM ET PRENOM | C4: MONTANT VERSE | D4: EPARGNE | E4: FONDS DE ROULEMENT | F4: FRAIS EXCEPTIONNEL | G4: COLLATION | H4: MUTUELLE | I4: TONTINE | J4: EMPRUNT | K4: INTERET EMPRUNT | L4: REMBOURSEMENT
A5: AS201601 | B5: =VLOOKUP(A5,LISTADHERENT!A$5:H$51,2) -> BAKOP ACHILLE | C5: =D5+E5+F5+G5+H5+I5 -> 20000 | D5: 3000 | E5: 500 | F5: 1000 | G5: 2500 | I5: 13000 | K5: =IF(J5<=500000,(J5*1*3/100),(J5*12/100)) -> 0
A6: AS201602 | B6: =VLOOKUP(A6,LISTADHERENT!A$5:H$51,2) -> BOUTCHOUANG WILLIAM | C6: =D6+E6+F6+G6+H6+I6 -> 20000 | D6: 3000 | E6: 500 | F6: 1000 | G6: 2500 | I6: 13000 | K6: =IF(J6<=500000,(J6*1*3/100),(J6*12/100)) -> 0
A7: AS201603 | B7: =VLOOKUP(A7,LISTADHERENT!A$5:H$51,2) -> CHINGUE FABRICE | C7: =D7+E7+F7+G7+H7+I7 -> 20000 | D7: 3000 | E7: 500 | F7: 1000 | G7: 2500 | I7: 13000 | J7: 1000000 | K7: =IF(J7<=500000,(J7*1*3/100),(J7*12/100)) -> 120000 | L7: 1000000
A8: AS201604 | B8: =VLOOKUP(A8,LISTADHERENT!A$5:H$51,2) -> DJOMO JEAN PAUL | C8: =D8+E8+F8+G8+H8+I8 -> 20000 | D8: 3000 | E8: 500 | F8: 1000 | G8: 2500 | I8: 13000 | K8: =IF(J8<=500000,(J8*1*3/100),(J8*12/100)) -> 0
A9: AS201605 | B9: =VLOOKUP(A9,LISTADHERENT!A$5:H$51,2) -> DJOUKWE GUY | C9: =D9+E9+F9+G9+H9+I9 -> 50000 | D9: 33000 | E9: 500 | F9: 1000 | G9: 2500 | I9: 13000 | K9: =IF(J9<=500000,(J9*1*3/100),(J9*12/100)) -> 0
A10: AS201606 | B10: =VLOOKUP(A10,LISTADHERENT!A$5:H$51,2) -> DJOSSEU JOSUE | C10: =D10+E10+F10+G10+H10+I10 -> 0 | K10: =IF(J10<=500000,(J10*1*3/100),(J10*12/100)) -> 0
A11: AS201607 | B11: =VLOOKUP(A11,LISTADHERENT!A$5:H$51,2) -> DJOUNKEP SAMUEL | C11: =D11+E11+F11+G11+H11+I11 -> 20000 | D11: 3000 | E11: 500 | F11: 1000 | G11: 2500 | I11: 13000 | K11: =IF(J11<=500000,(J11*1*3/100),(J11*12/100)) -> 0
A12: AS201608 | B12: =VLOOKUP(A12,LISTADHERENT!A$5:H$51,2) -> DJUOMBESSY ANTOINE | C12: =D12+E12+F12+G12+H12+I12 -> 20000 | D12: 3000 | E12: 500 | F12: 1000 | G12: 2500 | I12: 13000 | K12: =IF(J12<=500000,(J12*1*3/100),(J12*12/100)) -> 0
A13: AS201609 | B13: =VLOOKUP(A13,LISTADHERENT!A$5:H$51,2) -> DONHOU DAVID | C13: =D13+E13+F13+G13+H13+I13 -> 20000 | D13: 3000 | E13: 500 | F13: 1000 | G13: 2500 | I13: 13000 | K13: =IF(J13<=500000,(J13*1*3/100),(J13*12/100)) -> 0
A14: AS201610 | B14: =VLOOKUP(A14,LISTADHERENT!A$5:H$51,2) -> FOTSO THOMAS | C14: =D14+E14+F14+G14+H14+I14 -> 20000 | D14: 3000 | E14: 500 | F14: 1000 | G14: 2500 | I14: 13000 | K14: =IF(J14<=500000,(J14*1*3/100),(J14*12/100)) -> 0
A15: AS201611 | B15: =VLOOKUP(A15,LISTADHERENT!A$5:H$51,2) -> HENGUE PAUL OMER | C15: =D15+E15+F15+G15+H15+I15 -> 20000 | D15: 3000 | E15: 500 | F15: 1000 | G15: 2500 | I15: 13000 | K15: =IF(J15<=500000,(J15*1*3/100),(J15*12/100)) -> 0
A16: AS201612 | B16: =VLOOKUP(A16,LISTADHERENT!A$5:H$51,2) -> HODIEP JULES | C16: =D16+E16+F16+G16+H16+I16 -> 20000 | D16: 3000 | E16: 500 | F16: 1000 | G16: 2500 | I16: 13000 | K16: =IF(J16<=500000,(J16*1*3/100),(J16*12/100)) -> 0
A17: AS201613 | B17: =VLOOKUP(A17,LISTADHERENT!A$5:H$51,2) -> HOTCHO BENJAMIN | C17: =D17+E17+F17+G17+H17+I17 -> 20000 | D17: 3000 | E17: 500 | F17: 1000 | G17: 2500 | I17: 13000 | K17: =IF(J17<=500000,(J17*1*3/100),(J17*12/100)) -> 0
A18: AS201614 | B18: =VLOOKUP(A18,LISTADHERENT!A$5:H$51,2) -> KEPHE DAVID | C18: =D18+E18+F18+G18+H18+I18 -> 20000 | D18: 3000 | E18: 500 | F18: 1000 | G18: 2500 | I18: 13000 | K18: =IF(J18<=500000,(J18*1*3/100),(J18*12/100)) -> 0
A19: AS201615 | B19: =VLOOKUP(A19,LISTADHERENT!A$5:H$51,2) -> KEPSEU FRANCIS | C19: =D19+E19+F19+G19+H19+I19 -> 23000 | D19: 6000 | E19: 500 | F19: 1000 | G19: 2500 | I19: 13000 | K19: =IF(J19<=500000,(J19*1*3/100),(J19*12/100)) -> 0
A20: AS201616 | B20: =VLOOKUP(A20,LISTADHERENT!A$5:H$51,2) -> KOUAMOU EMMANUEL | C20: =D20+E20+F20+G20+H20+I20 -> 20000 | D20: 3000 | E20: 500 | F20: 1000 | G20: 2500 | I20: 13000 | K20: =IF(J20<=500000,(J20*1*3/100),(J20*12/100)) -> 0
A21: AS201617 | B21: =VLOOKUP(A21,LISTADHERENT!A$5:H$51,2) -> KOUAMOU MOISE | C21: =D21+E21+F21+G21+H21+I21 -> 20000 | D21: 3000 | E21: 500 | F21: 1000 | G21: 2500 | I21: 13000 | J21: 60000 | K21: =IF(J21<=500000,(J21*1*3/100),(J21*12/100)) -> 1800
A22: AS201618 | B22: =VLOOKUP(A22,LISTADHERENT!A$5:H$51,2) -> KOUAMOU VICTOR PEGUY | C22: =D22+E22+F22+G22+H22+I22 -> 20000 | D22: 3000 | E22: 500 | F22: 1000 | G22: 2500 | I22: 13000 | K22: =IF(J22<=500000,(J22*1*3/100),(J22*12/100)) -> 0
A23: AS201619 | B23: =VLOOKUP(A23,LISTADHERENT!A$5:H$51,2) -> KOUATCHO MESSACK | C23: =D23+E23+F23+G23+H23+I23 -> 20000 | D23: 3000 | E23: 500 | F23: 1000 | G23: 2500 | I23: 13000 | K23: =IF(J23<=500000,(J23*1*3/100),(J23*12/100)) -> 0
A24: AS201620 | B24: =VLOOKUP(A24,LISTADHERENT!A$5:H$51,2) -> LOWE JEAN | C24: =D24+E24+F24+G24+H24+I24 -> 20000 | D24: 3000 | E24: 500 | F24: 1000 | G24: 2500 | I24: 13000 | J24: 80000 | K24: =IF(J24<=500000,(J24*1*3/100),(J24*12/100)) -> 2400 | L24: 80000
A25: AS201621 | B25: =VLOOKUP(A25,LISTADHERENT!A$5:H$51,2) -> NANKAM APPOLINAIRE | C25: =D25+E25+F25+G25+H25+I25 -> 20000 | D25: 3000 | E25: 500 | F25: 1000 | G25: 2500 | I25: 13000 | K25: =IF(J25<=500000,(J25*1*3/100),(J25*12/100)) -> 0
A26: AS201622 | B26: =VLOOKUP(A26,LISTADHERENT!A$5:H$51,2) -> NDJOMO ETIENNE | C26: =D26+E26+F26+G26+H26+I26 -> 25000 | D26: 8000 | E26: 500 | F26: 1000 | G26: 2500 | I26: 13000 | J26: 400000 | K26: =IF(J26<=500000,(J26*1*3/100),(J26*12/100)) -> 12000 | L26: 400000
A27: AS201623 | B27: =VLOOKUP(A27,LISTADHERENT!A$5:H$51,2) -> NDOMBOU JEAN CLAUDE | C27: =D27+E27+F27+G27+H27+I27 -> 0 | K27: =IF(J27<=500000,(J27*1*3/100),(J27*12/100)) -> 0
A28: AS201624 | B28: =VLOOKUP(A28,LISTADHERENT!A$5:H$51,2) -> NGONDIEP CLAUDE | C28: =D28+E28+F28+G28+H28+I28 -> 20000 | D28: 3000 | E28: 500 | F28: 1000 | G28: 2500 | I28: 13000 | K28: =IF(J28<=500000,(J28*1*3/100),(J28*12/100)) -> 0
A29: AS201625 | B29: =VLOOKUP(A29,LISTADHERENT!A$5:H$51,2) -> NGONGANG JEAN THEODORE | C29: =D29+E29+F29+G29+H29+I29 -> 20000 | D29: 3000 | E29: 500 | F29: 1000 | G29: 2500 | I29: 13000 | K29: =IF(J29<=500000,(J29*1*3/100),(J29*12/100)) -> 0
A30: AS201626 | B30: =VLOOKUP(A30,LISTADHERENT!A$5:H$51,2) -> NGUIEMEGNI MATHIEU BLAISE | C30: =D30+E30+F30+G30+H30+I30 -> 140000 | D30: 123000 | E30: 500 | F30: 1000 | G30: 2500 | I30: 13000 | K30: =IF(J30<=500000,(J30*1*3/100),(J30*12/100)) -> 0
A31: AS201627 | B31: =VLOOKUP(A31,LISTADHERENT!A$5:H$51,2) -> NJEPDJIO MBOUKAM DELUXE | C31: =D31+E31+F31+G31+H31+I31 -> 23000 | D31: 6000 | E31: 500 | F31: 1000 | G31: 2500 | I31: 13000 | J31: 1000000 | K31: =IF(J31<=500000,(J31*1*3/100),(J31*12/100)) -> 120000 | L31: 1000000
