Workbook
Name MODEPAID: Feuil2!$A$1:$A$3

Sheet LISTADHERENT
A1: ASELBY
A2: LISTE DES ADHERENTS 19 JUN 2016
A4: MLE | B4: NOM ET PRENOM | C4: FONCTION | D4: DATE ADHESION | E4: CONTACT | F4: CONTACT 2 | G4: RESIDENCE | H4: DATE RECEPTION
A5: AS201601 | B5: BAKOP ACHILLE | C5: FONCTIONNAIRE DE POLICE | E5: 677841881 | G5: NKOLBISSON | H5: 42887
A6: AS201602 | B6: BOUTCHOUANG WILLIAM | C6: OPERATEUR ECONOMIQUE | E6: 677704694 | G6: EMANA | H6: 43191
A7: AS201603 | B7: CHINGUE FABRICE | C7: OPERATEUR ECONOMIQUE | E7: 677881912 | G7: SANTA BARBARA | H7: 43466
A8: AS201604 | B8: DJOMO JEAN PAUL | C8: RETRAITE | E8: 677986676 | G8: RUE MANGUIERS | H8: 43132
A9: AS201605 | B9: DJOUKWE GUY | C9: PROFESSEUR DES LYCEES TECHNIQUE | E9: 675250451 | G9: RUE MANGUIERS | H9: 43313
A10: AS201606 | B10: DJOUNKEP SAMUEL | C10: COMPTABLE RETRAITE | E10: 697103557 | G10: BIYEM ASSI LYCEE | H10: 42401
A11: AS201607 | B11: DJUOMBESSY ANTOINE | C11: ANALYSTE CONCEPTEUR SI | E11: 677501239 | F11: 699324095 | G11: MESSASSI | H11: 43647
A12: AS201608 | B12: DONHOU DAVID | C12: MAGISTRAT | E12: 699908065 | G12: TONGOLO | H12: 42979
A13: AS201609 | B13: FOTSO THOMAS | C13: CADRE BANQUE | E13: 677910278 | G13: OYOMABANG | H13: 43344
A14: AS201610 | B14: HENGUE PAUL OMER | C14: SOCIOLOGUE | E14: 694468080 | G14: MESSASSI | H14: 42583
A15: AS201611 | B15: HODIEP JULES | C15: CADRE CNPS | E15: 675291170 | G15: NYOM 2 | H15: 43009
A16: AS201612 | B16: HOTCHO BENJAMIN | C16: COMPTABLE | E16: 699956355 | G16: DAMAS | H16: 42614
A17: AS201613 | B17: KEPHE DAVID | C17: OPERATEUR ECONOMIQUE | E17: 677053815 | G17: MESSASSI | H17: 43374
A18: AS201614 | B18: KEPSEU FRANCIS | C18: OFFICIER DE POLICE RETRAITE | E18: 699528700 | G18: SIMBOCK | H18: 43405
A19: AS201615 | B19: KEPSEU HENANG RENE | C19: CADRE SONEL RETRAITE | E19: 699843118 | G19: BIYEM ASSI LYCEE | H19: 42522
A20: AS201616 | B20: KOUAMOU EMMANUEL | C20: OPERATEUR ECONOMIQUE | E20: 699335584 | G20: MONTEE JOUVENCE | H20: 42795
A21: AS201617 | B21: KOUAMOU MOISE | C21: INGENIEUR E-F | E21: 675836725 | G21: DAMAS | H21: 42370
A22: AS201618 | B22: KOUAMOU VICTOR PEGUY | C22: S/OFFICIER SUPERIEUR | E22: 696564847 | G22: MESSASSI | H22: 43617
A23: AS201619 | B23: KOUATCHO MESSACK | C23: INSPECTEUR DE TRAVAIL | E23: 677735778 | G23: SANTA BARBARA | H23: 42644
... A49: AS201645 | B49: YOUMBI EMMANUEL | C49: PROFESSEUR DES UNIVERSITES | E49: 677547311 | G49: MENDONG (GUINNESS) | H49: 42675

Sheet TONT20000
A1: ASSOCIATION | B1: ASELBY
A2: ANNEE | B2: 2016/2017
A3: TONTINE | B3: 20 000
C4: 42614
A5: MATRICULE | B5: NOM ET PRENOM | C5: MONTANT TONTINE | D5: PENALITE | E5: MODE VERSEMENT | F5: PRÊT | G5: INTERET PRÊT | H5: REMBOURSEMENT | I5: STATUT PRÊT | J5: INTERET ACHAT | K5: DATE ACHAT
A6: AS201601 | B6: =VLOOKUP(A6,LISTADHERENT!A$5:H$49,2) -> BAKOP ACHILLE | C6: =IF(E6="ECHEC",0,20000) -> 0 | D6: =IF(E6="ESPECE",1000,0) -> 0 | E6: ECHEC | F6: 20000 | G6: 1000 | H6: =IF(AND(F6>0,I6="OK"),F6+G6,0) -> 21000 | I6: OK
A7: AS201602 | B7: =VLOOKUP(A7,LISTADHERENT!A$5:H$49,2) -> BOUTCHOUANG WILLIAM | C7: =IF(E7="ECHEC",0,20000) -> 0 | D7: =IF(E7="ESPECE",1000,0) -> 0 | E7: ECHEC | H7: =IF(AND(F7>0,I7="OK"),F7+G7,0) -> 0
A8: AS201603 | B8: =VLOOKUP(A8,LISTADHERENT!A$5:H$49,2) -> CHINGUE FABRICE | C8: =IF(E8="ECHEC",0,20000) -> 0 | D8: =IF(E8="ESPECE",1000,0) -> 0 | E8: ECHEC | H8: =IF(AND(F8>0,I8="OK"),F8+G8,0) -> 0
A9: AS201604 | B9: =VLOOKUP(A9,LISTADHERENT!A$5:H$49,2) -> DJOMO JEAN PAUL | C9: =IF(E9="ECHEC",0,20000) -> 0 | D9: =IF(E9="ESPECE",1000,0) -> 0 | E9: ECHEC | H9: =IF(AND(F9>0,I9="OK"),F9+G9,0) -> 0
A10: AS201605 | B10: =VLOOKUP(A10,LISTADHERENT!A$5:H$49,2) -> DJOUKWE GUY | C10: =IF(E10="ECHEC",0,20000) -> 0 | D10: =IF(E10="ESPECE",1000,0) -> 0 | E10: ECHEC | H10: =IF(AND(F10>0,I10="OK"),F10+G10,0) -> 0
A11: AS201606 | B11: =VLOOKUP(A11,LISTADHERENT!A$5:H$49,2) -> DJOUNKEP SAMUEL | C11: =IF(E11="ECHEC",0,20000) -> 20000 | D11: =IF(E11="ESPECE",1000,0) -> 0 | E11: BANQUE | H11: =IF(AND(F11>0,I11="OK"),F11+G11,0) -> 0
A12: AS201607 | B12: =VLOOKUP(A12,LISTADHERENT!A$5:H$49,2) -> DJUOMBESSY ANTOINE | C12: =IF(E12="ECHEC",0,20000) -> 20000 | D12: =IF(E12="ESPECE",1000,0) -> 0 | E12: BANQUE | H12: =IF(AND(F12>0,I12="OK"),F12+G12,0) -> 0
A13: AS201608 | B13: =VLOOKUP(A13,LISTADHERENT!A$5:H$49,2) -> DONHOU DAVID | C13: =IF(E13="ECHEC",0,20000) -> 20000 | D13: =IF(E13="ESPECE",1000,0) -> 0 | E13: BANQUE | H13: =IF(AND(F13>0,I13="OK"),F13+G13,0) -> 0
A14: AS201609 | B14: =VLOOKUP(A14,LISTADHERENT!A$5:H$49,2) -> FOTSO THOMAS | C14: =IF(E14="ECHEC",0,20000) -> 20000 | D14: =IF(E14="ESPECE",1000,0) -> 0 | E14: BANQUE | H14: =IF(AND(F14>0,I14="OK"),F14+G14,0) -> 0
A15: AS201610 | B15: =VLOOKUP(A15,LISTADHERENT!A$5:H$49,2) -> HENGUE PAUL OMER | C15: =IF(E15="ECHEC",0,20000) -> 20000 | D15: =IF(E15="ESPECE",1000,0) -> 0 | E15: BANQUE | H15: =IF(AND(F15>0,I15="OK"),F15+G15,0) -> 0
A16: AS201611 | B16: =VLOOKUP(A16,LISTADHERENT!A$5:H$49,2) -> HODIEP JULES | C16: =IF(E16="ECHEC",0,20000) -> 20000 | D16: =IF(E16="ESPECE",1000,0) -> 0 | E16: BANQUE | H16: =IF(AND(F16>0,I16="OK"),F16+G16,0) -> 0
A17: AS201612 | B17: =VLOOKUP(A17,LISTADHERENT!A$5:H$49,2) -> HOTCHO BENJAMIN | C17: =IF(E17="ECHEC",0,20000) -> 0 | D17: =IF(E17="ESPECE",1000,0) -> 0 | E17: ECHEC | H17: =IF(AND(F17>0,I17="OK"),F17+G17,0) -> 0
A18: AS201613 | B18: =VLOOKUP(A18,LISTADHERENT!A$5:H$49,2) -> KEPHE DAVID | C18: =IF(E18="ECHEC",0,20000) -> 20000 | D18: =IF(E18="ESPECE",1000,0) -> 0 | E18: BANQUE | H18: =IF(AND(F18>0,I18="OK"),F18+G18,0) -> 0
... A50: AS201645 | B50: =VLOOKUP(A50,LISTADHERENT!A$5:H$49,2) -> YOUMBI EMMANUEL | C50: =IF(E50="ECHEC",0,20000) -> 0 | D50: =IF(E50="ESPECE",1000,0) -> 0 | E50: ECHEC | H50: =IF(AND(F50>0,I50="OK"),F50+G50,0) -> 0
A52: TOTAL | C52: =SUM(C6:C51) -> 360000 | D52: =SUM(D6:D51) -> 0 | F52: =SUM(F6:F51) -> 20000 | G52: =SUM(G6:G51) -> 1000 | H52: =SUM(H6:H51) -> 21000 | J52: =SUM(J6:J51) -> 0

Sheet TONT60000
A1: ASSOCIATION | B1: ASELBY
A2: ANNEE | B2: 2016/2017
A3: TONTINE | B3: 60000
C4: 42614
A5: MATRICULE | B5: NOM ET PRENOM | C5: MONTANT TONTINE | D5: PENALITE | E5: MODE VERSEMENT | F5: PRÊT | G5: INTERET PRÊT | H5: REMBOURSEMENT | I5: STATUT PRÊT | J5: INTERET ACHAT | K5: DATE ACHAT
A6: AS201601 | B6: =VLOOKUP(A6,LISTADHERENT!A$5:H$49,2) -> BAKOP ACHILLE | C6: =IF(E6="ECHEC",0,60000) -> 0 | D6: =IF(E6="ESPECE",1000,0) -> 0 | E6: ECHEC
A7: AS201602 | B7: =VLOOKUP(A7,LISTADHERENT!A$5:H$49,2) -> BOUTCHOUANG WILLIAM | C7: =IF(E7="ECHEC",0,60000) -> 0 | D7: =IF(E7="ESPECE",1000,0) -> 0 | E7: ECHEC
A8: AS201603 | B8: =VLOOKUP(A8,LISTADHERENT!A$5:H$49,2) -> CHINGUE FABRICE | C8: =IF(E8="ECHEC",0,60000) -> 0 | D8: =IF(E8="ESPECE",1000,0) -> 0 | E8: ECHEC
A9: AS201604 | B9: =VLOOKUP(A9,LISTADHERENT!A$5:H$49,2) -> DJOMO JEAN PAUL | C9: =IF(E9="ECHEC",0,60000) -> 0 | D9: =IF(E9="ESPECE",1000,0) -> 0 | E9: ECHEC
A10: AS201605 | B10: =VLOOKUP(A10,LISTADHERENT!A$5:H$49,2) -> DJOUKWE GUY | C10: =IF(E10="ECHEC",0,60000) -> 0 | D10: =IF(E10="ESPECE",1000,0) -> 0 | E10: ECHEC
A11: AS201606 | B11: =VLOOKUP(A11,LISTADHERENT!A$5:H$49,2) -> DJOUNKEP SAMUEL | C11: =IF(E11="ECHEC",0,60000) -> 0 | D11: =IF(E11="ESPECE",1000,0) -> 0 | E11: ECHEC
A12: AS201607 | B12: =VLOOKUP(A12,LISTADHERENT!A$5:H$49,2) -> DJUOMBESSY ANTOINE | C12: =IF(E12="ECHEC",0,60000) -> 0 | D12: =IF(E12="ESPECE",1000,0) -> 0 | E12: ECHEC
A13: AS201608 | B13: =VLOOKUP(A13,LISTADHERENT!A$5:H$49,2) -> DONHOU DAVID | C13: =IF(E13="ECHEC",0,60000) -> 0 | D13: =IF(E13="ESPECE",1000,0) -> 0 | E13: ECHEC | H13: =IF(AND(F13>0,I13="OK"),F13+G13,0) -> 0
A14: AS201609 | B14: =VLOOKUP(A14,LISTADHERENT!A$5:H$49,2) -> FOTSO THOMAS | C14: =IF(E14="ECHEC",0,60000) -> 60000 | D14: =IF(E14="ESPECE",1000,0) -> 0 | E14: BANQUE
A15: AS201610 | B15: =VLOOKUP(A15,LISTADHERENT!A$5:H$49,2) -> HENGUE PAUL OMER | C15: =IF(E15="ECHEC",0,60000) -> 60000 | D15: =IF(E15="ESPECE",1000,0) -> 0 | E15: BANQUE
A16: AS201611 | B16: =VLOOKUP(A16,LISTADHERENT!A$5:H$49,2) -> HODIEP JULES | C16: =IF(E16="ECHEC",0,60000) -> 0 | D16: =IF(E16="ESPECE",1000,0) -> 0 | E16: ECHEC
A17: AS201612 | B17: =VLOOKUP(A17,LISTADHERENT!A$5:H$49,2) -> HOTCHO BENJAMIN | C17: =IF(E17="ECHEC",0,60000) -> 0 | D17: =IF(E17="ESPECE",1000,0) -> 0 | E17: ECHEC
A18: AS201613 | B18: =VLOOKUP(A18,LISTADHERENT!A$5:H$49,2) -> KEPHE DAVID | C18: =IF(E18="ECHEC",0,60000) -> 0 | D18: =IF(E18="ESPECE",1000,0) -> 0 | E18: ECHEC
A19: AS201614 | B19: =VLOOKUP(A19,LISTADHERENT!A$5:H$49,2) -> KEPSEU FRANCIS | C19: =IF(E19="ECHEC",0,60000) -> 0 | D19: =IF(E19="ESPECE",1000,0) -> 0 | E19: ECHEC
A20: AS201615 | B20: =VLOOKUP(A20,LISTADHERENT!A$5:H$49,2) -> KEPSEU HENANG RENE | C20: =IF(E20="ECHEC",0,60000) -> 0 | D20: =IF(E20="ESPECE",1000,0) -> 0 | E20: ECHEC
A21: AS201616 | B21: =VLOOKUP(A21,LISTADHERENT!A$5:H$49,2) -> KOUAMOU EMMANUEL | C21: =IF(E21="ECHEC",0,60000) -> 0 | D21: =IF(E21="ESPECE",1000,0) -> 0 | E21: ECHEC
A22: AS201617 | B22: =VLOOKUP(A22,LISTADHERENT!A$5:H$49,2) -> KOUAMOU MOISE | C22: =IF(E22="ECHEC",0,60000) -> 0 | D22: =IF(E22="ESPECE",1000,0) -> 0 | E22: ECHEC
A23: AS201618 | B23: =VLOOKUP(A23,LISTADHERENT!A$5:H$49,2) -> KOUAMOU VICTOR PEGUY | C23: =IF(E23="ECHEC",0,60000) -> 0 | D23: =IF(E23="ESPECE",1000,0) -> 0 | E23: ECHEC
A24: AS201619 | B24: =VLOOKUP(A24,LISTADHERENT!A$5:H$49,2) -> KOUATCHO MESSACK | C24: =IF(E24="ECHEC",0,60000) -> 60000 | D24: =IF(E24="ESPECE",1000,0) -> 0 | E24: BANQUE
A25: AS201620 | B25: =VLOOKUP(A25,LISTADHERENT!A$5:H$49,2) -> NANGUEN MARTIN | C25: =IF(E25="ECHEC",0,60000) -> 0 | D25: =IF(E25="ESPECE",1000,0) -> 0 | E25: ECHEC
... A50: AS201645 | B50: =VLOOKUP(A50,LISTADHERENT!A$5:H$49,2) -> YOUMBI EMMANUEL | C50: =IF(E50="ECHEC",0,60000) -> 0 | D50: =IF(E50="ESPECE",1000,0) -> 0 | E50: ECHEC
A52: TOTAL | C52: =SUM(C6:C51) -> 360000 | D52: =SUM(D6:D51) -> 0 | F52: =SUM(F6:F51) -> 0 | G52: =SUM(G6:G51) -> 0 | H52: =SUM(H6:H51) -> 0 | I52: =SUM(I6:I51) -> 0

Sheet TONT100000
A1: ASSOCIATION | B1: ASELBY
A2: ANNEE | B2: 2016/2017
A3: TONTINE | B3: 100000
C4: 42614
A5: MATRICULE | B5: NOM ET PRENOM | C5: MONTANT TONTINE | D5: PENALITE | E5: MODE VERSEMENT | F5: PRÊT | G5: INTERET PRÊT | H5: REMBOURSEMENT | I5: STATUT PRÊT | J5: INTERET ACHAT | K5: DATE ACHAT
A6: AS201601 | B6: =VLOOKUP(A6,LISTADHERENT!A$5:H$49,2) -> BAKOP ACHILLE | C6: =IF(E6="ECHEC",0,100000) -> 0 | D6: =IF(E6="ESPECE",1000,0) -> 0 | E6: ECHEC | H6: =IF(AND(F6>0,I6="OK"),F6+G6,0) -> 0
A7: AS201602 | B7: =VLOOKUP(A7,LISTADHERENT!A$5:H$49,2) -> BOUTCHOUANG WILLIAM | C7: =IF(E7="ECHEC",0,100000) -> 0 | D7: =IF(E7="ESPECE",1000,0) -> 0 | E7: ECHEC
A8: AS201603 | B8: =VLOOKUP(A8,LISTADHERENT!A$5:H$49,2) -> CHINGUE FABRICE | C8: =IF(E8="ECHEC",0,100000) -> 0 | D8: =IF(E8="ESPECE",1000,0) -> 0 | E8: ECHEC
A9: AS201604 | B9: =VLOOKUP(A9,LISTADHERENT!A$5:H$49,2) -> DJOMO JEAN PAUL | C9: =IF(E9="ECHEC",0,100000) -> 0 | D9: =IF(E9="ESPECE",1000,0) -> 0 | E9: ECHEC
A10: AS201605 | B10: =VLOOKUP(A10,LISTADHERENT!A$5:H$49,2) -> DJOUKWE GUY | C10: =IF(E10="ECHEC",0,100000) -> 0 | D10: =IF(E10="ESPECE",1000,0) -> 0 | E10: ECHEC
A11: AS201606 | B11: =VLOOKUP(A11,LISTADHERENT!A$5:H$49,2) -> DJOUNKEP SAMUEL | C11: =IF(E11="ECHEC",0,100000) -> 100000 | D11: =IF(E11="ESPECE",1000,0) -> 0 | E11: BANQUE
A12: AS201607 | B12: =VLOOKUP(A12,LISTADHERENT!A$5:H$49,2) -> DJUOMBESSY ANTOINE | C12: =IF(E12="ECHEC",0,100000) -> 100000 | D12: =IF(E12="ESPECE",1000,0) -> 0 | E12: BANQUE
A13: AS201608 | B13: =VLOOKUP(A13,LISTADHERENT!A$5:H$49,2) -> DONHOU DAVID | C13: =IF(E13="ECHEC",0,100000) -> 0 | D13: =IF(E13="ESPECE",1000,0) -> 0 | E13: ECHEC
A14: AS201609 | B14: =VLOOKUP(A14,LISTADHERENT!A$5:H$49,2) -> FOTSO THOMAS | C14: =IF(E14="ECHEC",0,100000) -> 100000 | D14: =IF(E14="ESPECE",1000,0) -> 0 | E14: BANQUE
A15: AS201610 | B15: =VLOOKUP(A15,LISTADHERENT!A$5:H$49,2) -> HENGUE PAUL OMER | C15: =IF(E15="ECHEC",0,100000) -> 0 | D15: =IF(E15="ESPECE",1000,0) -> 0 | E15: ECHEC
A16: AS201611 | B16: =VLOOKUP(A16,LISTADHERENT!A$5:H$49,2) -> HODIEP JULES | C16: =IF(E16="ECHEC",0,100000) -> 0 | D16: =IF(E16="ESPECE",1000,0) -> 0 | E16: ECHEC
A17: AS201612 | B17: =VLOOKUP(A17,LISTADHERENT!A$5:H$49,2) -> HOTCHO BENJAMIN | C17: =IF(E17="ECHEC",0,100000) -> 0 | D17: =IF(E17="ESPECE",1000,0) -> 0 | E17: ECHEC
A18: AS201613 | B18: =VLOOKUP(A18,LISTADHERENT!A$5:H$49,2) -> KEPHE DAVID | C18: =IF(E18="ECHEC",0,100000) -> 0 | D18: =IF(E18="ESPECE",1000,0) -> 0 | E18: ECHEC
... A50: AS201645 | B50: =VLOOKUP(A50,LISTADHERENT!A$5:H$49,2) -> YOUMBI EMMANUEL | C50: =IF(E50="ECHEC",0,100000) -> 0 | D50: =IF(E50="ESPECE",1000,0) -> 0 | E50: ECHEC
A52: TOTAL | C52: =SUM(C6:C51) -> 900000 | D52: =SUM(D6:D51) -> 0 | F52: =SUM(F6:F51) -> 0 | G52: =SUM(G6:G51) -> 0 | H52: =SUM(H6:H51) -> 0 | I52: =SUM(I6:I51) -> 0

Sheet Feuil2
A1: BANQUE
A2: ESPECE
A3: ECHEC
