Workbook
Name MODEPAID: [1]Feuil2!$A$1:$A$3

Sheet RECAPEMPRUNTREMB
A1: ASSOCIATION | B1: ASELBY
A2: ANNEE | B2: 2016/2017
A3: TONTINE | B3: 20 000 | C3: DECEMBRE 2015 | F3: JANVIER | I3: FÉVRIER | L3: MARS | O3: AVRIL | R3: MAI | U3: JUIN | X3: JUILLET | AA3: AOÛT | AD3: SEPTEMBRE | AG3: OCTOBRE | AJ3: NOVEMBRE
A4: MATRICULE | B4: NOM ET PRENOM | C4: EMPRUNT | D4: INTERET EMPRUNT | E4: REMBOURSEMENT | F4: EMPRUNT | G4: INTERET EMPRUNT | H4: REMBOURSEMENT | I4: EMPRUNT | J4: INTERET EMPRUNT | K4: REMBOURSEMENT | L4: EMPRUNT | M4: INTERET EMPRUNT | N4: REMBOURSEMENT | O4: EMPRUNT | P4: INTERET EMPRUNT | Q4: REMBOURSEMENT | R4: EMPRUNT | S4: INTERET EMPRUNT | T4: REMBOURSEMENT | U4: EMPRUNT | V4: INTERET EMPRUNT | W4: REMBOURSEMENT | X4: EMPRUNT | Y4: INTERET EMPRUNT | Z4: REMBOURSEMENT | AA4: EMPRUNT | AB4: INTERET EMPRUNT | AC4: REMBOURSEMENT | AD4: EMPRUNT | AE4: INTERET EMPRUNT | AF4: REMBOURSEMENT | AG4: EMPRUNT | AH4: INTERET EMPRUNT | AI4: REMBOURSEMENT | AJ4: EMPRUNT | AK4: INTERET EMPRUNT | AL4: REMBOURSEMENT
A5: AS201648 | B5: =VLOOKUP(A5,LISTADHERENT!A$5:H$52,2,0) -> ASELBY | C5: =TONT20000DEC2015!$O5 -> 0 | D5: =TONT20000DEC2015!$P5 -> 0 | E5: =TONT20000DEC2015!$Q5 -> 0 | F5: =TONT20000JANV!$M5 -> 0 | G5: =TONT20000JANV!$N5 -> 0 | H5: =TONT20000JANV!$O5 -> 0 | I5: =TONT20000FEV!$M5 -> 0 | J5: =TONT20000FEV!$N5 -> 0 | K5: =TONT20000FEV!$O5 -> 0 | L5: =TONT20000MARS!$M5 -> 0 | M5: =TONT20000MARS!$N5 -> 0 | N5: =TONT20000MARS!$O5 -> 0 | O5: =TONT20000AVRIL!$M5 -> 0 | P5: =TONT20000AVRIL!$N5 -> 0 | Q5: =TONT20000AVRIL!$O5 -> 0 | R5: =TONT20000MAI!$M5 -> 0 | S5: =TONT20000MAI!$N5 -> 0 | T5: =TONT20000MAI!$O5 -> 0 | U5: =TONT20000JUIN!$M5 -> 0 | V5: =TONT20000JUIN!$N5 -> 0 | W5: =TONT20000JUIN!$O5 -> 0 | X5: =TONT20000JUIL!$M5 -> 0 | Y5: =TONT20000JUIL!$N5 -> 0 | Z5: =TONT20000JUIL!$O5 -> 0 | AA5: =TONT20000AOUT!$M5 -> 0 | AB5: =TONT20000AOUT!$N5 -> 0 | AC5: =TONT20000AOUT!$O5 -> 0 | AD5: =TONT20000SEPT!$M5 -> 0 | AE5: =TONT20000SEPT!$N5 -> 0 | AF5: =TONT20000SEPT!$O5 -> 0 | AG5: =TONT20000OCT!$M5 -> 0 | AH5: =TONT20000OCT!$N5 -> 0 | AI5: =TONT20000OCT!$O5 -> 0 | AJ5: =TONT20000NOV!$N5 -> 0 | AK5: =TONT20000NOV!$O5 -> 0 | AL5: =TONT20000NOV!$P5 -> 0
A6: AS201601 | B6: =VLOOKUP(A6,LISTADHERENT!A$5:H$52,2,0) -> BAKOP ACHILLE | C6: =TONT20000DEC2015!$O6 -> 0 | D6: =TONT20000DEC2015!$P6 -> 0 | E6: =TONT20000DEC2015!$Q6 -> 0 | F6: =TONT20000JANV!$M6 -> 0 | G6: =TONT20000JANV!$N6 -> 0 | H6: =TONT20000JANV!$O6 -> 0 | I6: =TONT20000FEV!$M6 -> 0 | J6: =TONT20000FEV!$N6 -> 0 | K6: =TONT20000FEV!$O6 -> 0 | L6: =TONT20000MARS!$M6 -> 0 | M6: =TONT20000MARS!$N6 -> 0 | N6: =TONT20000MARS!$O6 -> 0 | O6: =TONT20000AVRIL!$M6 -> 0 | P6: =TONT20000AVRIL!$N6 -> 0 | Q6: =TONT20000AVRIL!$O6 -> 0 | R6: =TONT20000MAI!$M6 -> 0 | S6: =TONT20000MAI!$N6 -> 0 | T6: =TONT20000MAI!$O6 -> 0 | U6: =TONT20000JUIN!$M6 -> 0 | V6: =TONT20000JUIN!$N6 -> 0 | W6: =TONT20000JUIN!$O6 -> 0 | X6: =TONT20000JUIL!$M6 -> 0 | Y6: =TONT20000JUIL!$N6 -> 0 | Z6: =TONT20000JUIL!$O6 -> 0 | AA6: =TONT20000AOUT!$M6 -> 500000 | AB6: =TONT20000AOUT!$N6 -> 15000 | AC6: =TONT20000AOUT!$O6 -> 0 | AD6: =TONT20000SEPT!$M6 -> 0 | AE6: =TONT20000SEPT!$N6 -> 0 | AF6: =TONT20000SEPT!$O6 -> 0 | AG6: =TONT20000OCT!$M6 -> 0 | AH6: =TONT20000OCT!$N6 -> 0 | AI6: =TONT20000OCT!$O6 -> 0 | AJ6: =TONT20000NOV!$N6 -> 0 | AK6: =TONT20000NOV!$O6 -> 0 | AL6: =TONT20000NOV!$P6 -> 0
A7: AS201602 | B7: =VLOOKUP(A7,LISTADHERENT!A$5:H$51,2) -> BOUTCHOUANG WILLIAM | C7: =TONT20000DEC2015!$O7 -> 0 | D7: =TONT20000DEC2015!$P7 -> 0 | E7: =TONT20000DEC2015!$Q7 -> 0 | F7: =TONT20000JANV!$M7 -> 0 | G7: =TONT20000JANV!$N7 -> 0 | H7: =TONT20000JANV!$O7 -> 0 | I7: =TONT20000FEV!$M7 -> 0 | J7: =TONT20000FEV!$N7 -> 0 | K7: =TONT20000FEV!$O7 -> 0 | L7: =TONT20000MARS!$M7 -> 0 | M7: =TONT20000MARS!$N7 -> 0 | N7: =TONT20000MARS!$O7 -> 0 | O7: =TONT20000AVRIL!$M7 -> 0 | P7: =TONT20000AVRIL!$N7 -> 0 | Q7: =TONT20000AVRIL!$O7 -> 0 | R7: =TONT20000MAI!$M7 -> 0 | S7: =TONT20000MAI!$N7 -> 0 | T7: =TONT20000MAI!$O7 -> 0 | U7: =TONT20000JUIN!$M7 -> 0 | V7: =TONT20000JUIN!$N7 -> 0 | W7: =TONT20000JUIN!$O7 -> 0 | X7: =TONT20000JUIL!$M7 -> 1000000 | Y7: =TONT20000JUIL!$N7 -> 40000 | Z7: =TONT20000JUIL!$O7 -> 0 | AA7: =TONT20000AOUT!$M7 -> 0 | AB7: =TONT20000AOUT!$N7 -> 0 | AC7: =TONT20000AOUT!$O7 -> 0 | AD7: =TONT20000SEPT!$M7 -> 0 | AE7: =TONT20000SEPT!$N7 -> 0 | AF7: =TONT20000SEPT!$O7 -> 0 | AG7: =TONT20000OCT!$M7 -> 0 | AH7: =TONT20000OCT!$N7 -> 0 | AI7: =TONT20000OCT!$O7 -> 0 | AJ7: =TONT20000NOV!$N7 -> 700000 | AK7: =TONT20000NOV!$O7 -> 84000 | AL7: =TONT20000NOV!$P7 -> 1000000
A8: AS201603 | B8: =VLOOKUP(A8,LISTADHERENT!A$5:H$51,2) -> CHINGUE FABRICE | C8: =TONT20000DEC2015!$O8 -> 0 | D8: =TONT20000DEC2015!$P8 -> 0 | E8: =TONT20000DEC2015!$Q8 -> 0 | F8: =TONT20000JANV!$M8 -> 1000000 | G8: =TONT20000JANV!$N8 -> 60000 | H8: =TONT20000JANV!$O8 -> 0 | I8: =TONT20000FEV!$M8 -> 0 | J8: =TONT20000FEV!$N8 -> 0 | K8: =TONT20000FEV!$O8 -> 0 | L8: =TONT20000MARS!$M8 -> 0 | M8: =TONT20000MARS!$N8 -> 0 | N8: =TONT20000MARS!$O8 -> 0 | O8: =TONT20000AVRIL!$M8 -> 0 | P8: =TONT20000AVRIL!$N8 -> 0 | Q8: =TONT20000AVRIL!$O8 -> 0 | R8: =TONT20000MAI!$M8 -> 0 | S8: =TONT20000MAI!$N8 -> 0 | T8: =TONT20000MAI!$O8 -> 0 | U8: =TONT20000JUIN!$M8 -> 1000000 | V8: =TONT20000JUIN!$N8 -> 120000 | W8: =TONT20000JUIN!$O8 -> 1000000 | X8: =TONT20000JUIL!$M8 -> 0 | Y8: =TONT20000JUIL!$N8 -> 0 | Z8: =TONT20000JUIL!$O8 -> 0 | AA8: =TONT20000AOUT!$M8 -> 0 | AB8: =TONT20000AOUT!$N8 -> 0 | AC8: =TONT20000AOUT!$O8 -> 0 | AD8: =TONT20000SEPT!$M8 -> 0 | AE8: =TONT20000SEPT!$N8 -> 0 | AF8: =TONT20000SEPT!$O8 -> 0 | AG8: =TONT20000OCT!$M8 -> 0 | AH8: =TONT20000OCT!$N8 -> 0 | AI8: =TONT20000OCT!$O8 -> 0 | AJ8: =TONT20000NOV!$N8 -> 0 | AK8: =TONT20000NOV!$O8 -> 0 | AL8: =TONT20000NOV!$P8 -> 0
A9: AS201604 | B9: =VLOOKUP(A9,LISTADHERENT!A$5:H$51,2) -> DJOMO JEAN PAUL | C9: =TONT20000DEC2015!$O9 -> 0 | D9: =TONT20000DEC2015!$P9 -> 0 | E9: =TONT20000DEC2015!$Q9 -> 0 | F9: =TONT20000JANV!$M9 -> 0 | G9: =TONT20000JANV!$N9 -> 0 | H9: =TONT20000JANV!$O9 -> 0 | I9: =TONT20000FEV!$M9 -> 0 | J9: =TONT20000FEV!$N9 -> 0 | K9: =TONT20000FEV!$O9 -> 0 | L9: =TONT20000MARS!$M9 -> 0 | M9: =TONT20000MARS!$N9 -> 0 | N9: =TONT20000MARS!$O9 -> 0 | O9: =TONT20000AVRIL!$M9 -> 0 | P9: =TONT20000AVRIL!$N9 -> 0 | Q9: =TONT20000AVRIL!$O9 -> 0 | R9: =TONT20000MAI!$M9 -> 0 | S9: =TONT20000MAI!$N9 -> 0 | T9: =TONT20000MAI!$O9 -> 0 | U9: =TONT20000JUIN!$M9 -> 0 | V9: =TONT20000JUIN!$N9 -> 0 | W9: =TONT20000JUIN!$O9 -> 0 | X9: =TONT20000JUIL!$M9 -> 0 | Y9: =TONT20000JUIL!$N9 -> 0 | Z9: =TONT20000JUIL!$O9 -> 0 | AA9: =TONT20000AOUT!$M9 -> 100000 | AB9: =TONT20000AOUT!$N9 -> 3000 | AC9: =TONT20000AOUT!$O9 -> 0 | AD9: =TONT20000SEPT!$M9 -> 0 | AE9: =TONT20000SEPT!$N9 -> 0 | AF9: =TONT20000SEPT!$O9 -> 0 | AG9: =TONT20000OCT!$M9 -> 0 | AH9: =TONT20000OCT!$N9 -> 0 | AI9: =TONT20000OCT!$O9 -> 0 | AJ9: =TONT20000NOV!$N9 -> 100000 | AK9: =TONT20000NOV!$O9 -> 3000 | AL9: =TONT20000NOV!$P9 -> 0
A10: AS201605 | B10: =VLOOKUP(A10,LISTADHERENT!A$5:H$51,2) -> DJOUKWE GUY | C10: =TONT20000DEC2015!$O10 -> 0 | D10: =TONT20000DEC2015!$P10 -> 0 | E10: =TONT20000DEC2015!$Q10 -> 0 | F10: =TONT20000JANV!$M10 -> 0 | G10: =TONT20000JANV!$N10 -> 0 | H10: =TONT20000JANV!$O10 -> 0 | I10: =TONT20000FEV!$M10 -> 250000 | J10: =TONT20000FEV!$N10 -> 7500 | K10: =TONT20000FEV!$O10 -> 0 | L10: =TONT20000MARS!$M10 -> 0 | M10: =TONT20000MARS!$N10 -> 0 | N10: =TONT20000MARS!$O10 -> 0 | O10: =TONT20000AVRIL!$M10 -> 0 | P10: =TONT20000AVRIL!$N10 -> 0 | Q10: =TONT20000AVRIL!$O10 -> 0 | R10: =TONT20000MAI!$M10 -> 0 | S10: =TONT20000MAI!$N10 -> 0 | T10: =TONT20000MAI!$O10 -> 0 | U10: =TONT20000JUIN!$M10 -> 0 | V10: =TONT20000JUIN!$N10 -> 0 | W10: =TONT20000JUIN!$O10 -> 0 | X10: =TONT20000JUIL!$M10 -> 0 | Y10: =TONT20000JUIL!$N10 -> 0 | Z10: =TONT20000JUIL!$O10 -> 0 | AA10: =TONT20000AOUT!$M10 -> 0 | AB10: =TONT20000AOUT!$N10 -> 0 | AC10: =TONT20000AOUT!$O10 -> 0 | AD10: =TONT20000SEPT!$M10 -> 0 | AE10: =TONT20000SEPT!$N10 -> 0 | AF10: =TONT20000SEPT!$O10 -> 0 | AG10: =TONT20000OCT!$M10 -> 0 | AH10: =TONT20000OCT!$N10 -> 0 | AI10: =TONT20000OCT!$O10 -> 0 | AJ10: =TONT20000NOV!$N10 -> 0 | AK10: =TONT20000NOV!$O10 -> 0 | AL10: =TONT20000NOV!$P10 -> 0
A11: AS201606 | B11: =VLOOKUP(A11,LISTADHERENT!A$5:H$51,2) -> DJOSSEU JOSUE | C11: =TONT20000DEC2015!$O11 -> 0 | D11: =TONT20000DEC2015!$P11 -> 0 | E11: =TONT20000DEC2015!$Q11 -> 0 | F11: =TONT20000JANV!$M11 -> 0 | G11: =TONT20000JANV!$N11 -> 0 | H11: =TONT20000JANV!$O11 -> 0 | I11: =TONT20000FEV!$M11 -> 0 | J11: =TONT20000FEV!$N11 -> 0 | K11: =TONT20000FEV!$O11 -> 0 | L11: =TONT20000MARS!$M11 -> 0 | M11: =TONT20000MARS!$N11 -> 0 | N11: =TONT20000MARS!$O11 -> 0 | O11: =TONT20000AVRIL!$M11 -> 0 | P11: =TONT20000AVRIL!$N11 -> 0 | Q11: =TONT20000AVRIL!$O11 -> 0 | R11: =TONT20000MAI!$M11 -> 0 | S11: =TONT20000MAI!$N11 -> 0 | T11: =TONT20000MAI!$O11 -> 0 | U11: =TONT20000JUIN!$M11 -> 0 | V11: =TONT20000JUIN!$N11 -> 0 | W11: =TONT20000JUIN!$O11 -> 0 | X11: =TONT20000JUIL!$M11 -> 0 | Y11: =TONT20000JUIL!$N11 -> 0 | Z11: =TONT20000JUIL!$O11 -> 0 | AA11: =TONT20000AOUT!$M11 -> 0 | AB11: =TONT20000AOUT!$N11 -> 0 | AC11: =TONT20000AOUT!$O11 -> 0 | AD11: =TONT20000SEPT!$M11 -> 0 | AE11: =TONT20000SEPT!$N11 -> 0 | AF11: =TONT20000SEPT!$O11 -> 0 | AG11: =TONT20000OCT!$M11 -> 0 | AH11: =TONT20000OCT!$N11 -> 0 | AI11: =TONT20000OCT!$O11 -> 0 | AJ11: =TONT20000NOV!$N11 -> 0 | AK11: =TONT20000NOV!$O11 -> 0 | AL11: =TONT20000NOV!$P11 -> 0
A12: AS201607 | B12: =VLOOKUP(A12,LISTADHERENT!A$5:H$51,2) -> DJOUNKEP SAMUEL | C12: =TONT20000DEC2015!$O12 -> 0 | D12: =TONT20000DEC2015!$P12 -> 0 | E12: =TONT20000DEC2015!$Q12 -> 0 | F12: =TONT20000JANV!$M12 -> 0 | G12: =TONT20000JANV!$N12 -> 0 | H12: =TONT20000JANV!$O12 -> 0 | I12: =TONT20000FEV!$M12 -> 0 | J12: =TONT20000FEV!$N12 -> 0 | K12: =TONT20000FEV!$O12 -> 0 | L12: =TONT20000MARS!$M12 -> 0 | M12: =TONT20000MARS!$N12 -> 0 | N12: =TONT20000MARS!$O12 -> 0 | O12: =TONT20000AVRIL!$M12 -> 0 | P12: =TONT20000AVRIL!$N12 -> 0 | Q12: =TONT20000AVRIL!$O12 -> 0 | R12: =TONT20000MAI!$M12 -> 0 | S12: =TONT20000MAI!$N12 -> 0 | T12: =TONT20000MAI!$O12 -> 0 | U12: =TONT20000JUIN!$M12 -> 0 | V12: =TONT20000JUIN!$N12 -> 0 | W12: =TONT20000JUIN!$O12 -> 0 | X12: =TONT20000JUIL!$M12 -> 0 | Y12: =TONT20000JUIL!$N12 -> 0 | Z12: =TONT20000JUIL!$O12 -> 0 | AA12: =TONT20000AOUT!$M12 -> 0 | AB12: =TONT20000AOUT!$N12 -> 0 | AC12: =TONT20000AOUT!$O12 -> 0 | AD12: =TONT20000SEPT!$M12 -> 0 | AE12: =TONT20000SEPT!$N12 -> 0 | AF12: =TONT20000SEPT!$O12 -> 0 | AG12: =TONT20000OCT!$M12 -> 0 | AH12: =TONT20000OCT!$N12 -> 0 | AI12: =TONT20000OCT!$O12 -> 0 | AJ12: =TONT20000NOV!$N12 -> 0 | AK12: =TONT20000NOV!$O12 -> 0 | AL12: =TONT20000NOV!$P12 -> 0
A13: AS201608 | B13: =VLOOKUP(A13,LISTADHERENT!A$5:H$51,2) -> DJUOMBESSY ANTOINE | C13: =TONT20000DEC2015!$O13 -> 0 | D13: =TONT20000DEC2015!$P13 -> 0 | E13: =TONT20000DEC2015!$Q13 -> 0 | F13: =TONT20000JANV!$M13 -> 0 | G13: =TONT20000JANV!$N13 -> 0 | H13: =TONT20000JANV!$O13 -> 0 | I13: =TONT20000FEV!$M13 -> 0 | J13: =TONT20000FEV!$N13 -> 0 | K13: =TONT20000FEV!$O13 -> 0 | L13: =TONT20000MARS!$M13 -> 0 | M13: =TONT20000MARS!$N13 -> 0 | N13: =TONT20000MARS!$O13 -> 0 | O13: =TONT20000AVRIL!$M13 -> 0 | P13: =TONT20000AVRIL!$N13 -> 0 | Q13: =TONT20000AVRIL!$O13 -> 0 | R13: =TONT20000MAI!$M13 -> 0 | S13: =TONT20000MAI!$N13 -> 0 | T13: =TONT20000MAI!$O13 -> 0 | U13: =TONT20000JUIN!$M13 -> 0 | V13: =TONT20000JUIN!$N13 -> 0 | W13: =TONT20000JUIN!$O13 -> 0 | X13: =TONT20000JUIL!$M13 -> 0 | Y13: =TONT20000JUIL!$N13 -> 0 | Z13: =TONT20000JUIL!$O13 -> 0 | AA13: =TONT20000AOUT!$M13 -> 700000 | AB13: =TONT20000AOUT!$N13 -> 84000 | AC13: =TONT20000AOUT!$O13 -> 0 | AD13: =TONT20000SEPT!$M13 -> 0 | AE13: =TONT20000SEPT!$N13 -> 0 | AF13: =TONT20000SEPT!$O13 -> 0 | AG13: =TONT20000OCT!$M13 -> 0 | AH13: =TONT20000OCT!$N13 -> 0 | AI13: =TONT20000OCT!$O13 -> 0 | AJ13: =TONT20000NOV!$N13 -> 0 | AK13: =TONT20000NOV!$O13 -> 0 | AL13: =TONT20000NOV!$P13 -> 0
A14: AS201609 | B14: =VLOOKUP(A14,LISTADHERENT!A$5:H$51,2) -> DONHOU DAVID | C14: =TONT20000DEC2015!$O14 -> 0 | D14: =TONT20000DEC2015!$P14 -> 0 | E14: =TONT20000DEC2015!$Q14 -> 0 | F14: =TONT20000JANV!$M14 -> 0 | G14: =TONT20000JANV!$N14 -> 0 | H14: =TONT20000JANV!$O14 -> 0 | I14: =TONT20000FEV!$M14 -> 0 | J14: =TONT20000FEV!$N14 -> 0 | K14: =TONT20000FEV!$O14 -> 0 | L14: =TONT20000MARS!$M14 -> 0 | M14: =TONT20000MARS!$N14 -> 0 | N14: =TONT20000MARS!$O14 -> 0 | O14: =TONT20000AVRIL!$M14 -> 0 | P14: =TONT20000AVRIL!$N14 -> 0 | Q14: =TONT20000AVRIL!$O14 -> 0 | R14: =TONT20000MAI!$M14 -> 0 | S14: =TONT20000MAI!$N14 -> 0 | T14: =TONT20000MAI!$O14 -> 0 | U14: =TONT20000JUIN!$M14 -> 0 | V14: =TONT20000JUIN!$N14 -> 0 | W14: =TONT20000JUIN!$O14 -> 0 | X14: =TONT20000JUIL!$M14 -> 0 | Y14: =TONT20000JUIL!$N14 -> 0 | Z14: =TONT20000JUIL!$O14 -> 0 | AA14: =TONT20000AOUT!$M14 -> 0 | AB14: =TONT20000AOUT!$N14 -> 0 | AC14: =TONT20000AOUT!$O14 -> 0 | AD14: =TONT20000SEPT!$M14 -> 0 | AE14: =TONT20000SEPT!$N14 -> 0 | AF14: =TONT20000SEPT!$O14 -> 0 | AG14: =TONT20000OCT!$M14 -> 0 | AH14: =TONT20000OCT!$N14 -> 0 | AI14: =TONT20000OCT!$O14 -> 0 | AJ14: =TONT20000NOV!$N14 -> 0 | AK14: =TONT20000NOV!$O14 -> 0 | AL14: =TONT20000NOV!$P14 -> 0
A15: AS201610 | B15: =VLOOKUP(A15,LISTADHERENT!A$5:H$51,2) -> FOTSO THOMAS | C15: =TONT20000DEC2015!$O15 -> 0 | D15: =TONT20000DEC2015!$P15 -> 0 | E15: =TONT20000DEC2015!$Q15 -> 0 | F15: =TONT20000JANV!$M15 -> 0 | G15: =TONT20000JANV!$N15 -> 0 | H15: =TONT20000JANV!$O15 -> 0 | I15: =TONT20000FEV!$M15 -> 0 | J15: =TONT20000FEV!$N15 -> 0 | K15: =TONT20000FEV!$O15 -> 0 | L15: =TONT20000MARS!$M15 -> 0 | M15: =TONT20000MARS!$N15 -> 0 | N15: =TONT20000MARS!$O15 -> 0 | O15: =TONT20000AVRIL!$M15 -> 1000000 | P15: =TONT20000AVRIL!$N15 -> 120000 | Q15: =TONT20000AVRIL!$O15 -> 0 | R15: =TONT20000MAI!$M15 -> 0 | S15: =TONT20000MAI!$N15 -> 0 | T15: =TONT20000MAI!$O15 -> 0 | U15: =TONT20000JUIN!$M15 -> 0 | V15: =TONT20000JUIN!$N15 -> 0 | W15: =TONT20000JUIN!$O15 -> 0 | X15: =TONT20000JUIL!$M15 -> 0 | Y15: =TONT20000JUIL!$N15 -> 0 | Z15: =TONT20000JUIL!$O15 -> 0 | AA15: =TONT20000AOUT!$M15 -> 0 | AB15: =TONT20000AOUT!$N15 -> 0 | AC15: =TONT20000AOUT!$O15 -> 0 | AD15: =TONT20000SEPT!$M15 -> 0 | AE15: =TONT20000SEPT!$N15 -> 0 | AF15: =TONT20000SEPT!$O15 -> 0 | AG15: =TONT20000OCT!$M15 -> 0 | AH15: =TONT20000OCT!$N15 -> 0 | AI15: =TONT20000OCT!$O15 -> 0 | AJ15: =TONT20000NOV!$N15 -> 0 | AK15: =TONT20000NOV!$O15 -> 0 | AL15: =TONT20000NOV!$P15 -> 0
A16: AS201611 | B16: =VLOOKUP(A16,LISTADHERENT!A$5:H$51,2) -> HENGUE PAUL OMER | C16: =TONT20000DEC2015!$O16 -> 0 | D16: =TONT20000DEC2015!$P16 -> 0 | E16: =TONT20000DEC2015!$Q16 -> 0 | F16: =TONT20000JANV!$M16 -> 0 | G16: =TONT20000JANV!$N16 -> 0 | H16: =TONT20000JANV!$O16 -> 0 | I16: =TONT20000FEV!$M16 -> 0 | J16: =TONT20000FEV!$N16 -> 0 | K16: =TONT20000FEV!$O16 -> 0 | L16: =TONT20000MARS!$M16 -> 0 | M16: =TONT20000MARS!$N16 -> 0 | N16: =TONT20000MARS!$O16 -> 0 | O16: =TONT20000AVRIL!$M16 -> 0 | P16: =TONT20000AVRIL!$N16 -> 0 | Q16: =TONT20000AVRIL!$O16 -> 0 | R16: =TONT20000MAI!$M16 -> 0 | S16: =TONT20000MAI!$N16 -> 0 | T16: =TONT20000MAI!$O16 -> 0 | U16: =TONT20000JUIN!$M16 -> 0 | V16: =TONT20000JUIN!$N16 -> 0 | W16: =TONT20000JUIN!$O16 -> 0 | X16: =TONT20000JUIL!$M16 -> 0 | Y16: =TONT20000JUIL!$N16 -> 0 | Z16: =TONT20000JUIL!$O16 -> 0 | AA16: =TONT20000AOUT!$M16 -> 0 | AB16: =TONT20000AOUT!$N16 -> 0 | AC16: =TONT20000AOUT!$O16 -> 0 | AD16: =TONT20000SEPT!$M16 -> 0 | AE16: =TONT20000SEPT!$N16 -> 0 | AF16: =TONT20000SEPT!$O16 -> 0 | AG16: =TONT20000OCT!$M16 -> 0 | AH16: =TONT20000OCT!$N16 -> 0 | AI16: =TONT20000OCT!$O16 -> 0 | AJ16: =TONT20000NOV!$N16 -> 0 | AK16: =TONT20000NOV!$O16 -> 0 | AL16: =TONT20000NOV!$P16 -> 0
A17: AS201612 | B17: =VLOOKUP(A17,LISTADHERENT!A$5:H$51,2) -> HODIEP JULES | C17: =TONT20000DEC2015!$O17 -> 0 | D17: =TONT20000DEC2015!$P17 -> 0 | E17: =TONT20000DEC2015!$Q17 -> 0 | F17: =TONT20000JANV!$M17 -> 0 | G17: =TONT20000JANV!$N17 -> 0 | H17: =TONT20000JANV!$O17 -> 0 | I17: =TONT20000FEV!$M17 -> 0 | J17: =TONT20000FEV!$N17 -> 0 | K17: =TONT20000FEV!$O17 -> 0 | L17: =TONT20000MARS!$M17 -> 0 | M17: =TONT20000MARS!$N17 -> 0 | N17: =TONT20000MARS!$O17 -> 0 | O17: =TONT20000AVRIL!$M17 -> 0 | P17: =TONT20000AVRIL!$N17 -> 0 | Q17: =TONT20000AVRIL!$O17 -> 0 | R17: =TONT20000MAI!$M17 -> 0 | S17: =TONT20000MAI!$N17 -> 0 | T17: =TONT20000MAI!$O17 -> 0 | U17: =TONT20000JUIN!$M17 -> 0 | V17: =TONT20000JUIN!$N17 -> 0 | W17: =TONT20000JUIN!$O17 -> 0 | X17: =TONT20000JUIL!$M17 -> 0 | Y17: =TONT20000JUIL!$N17 -> 0 | Z17: =TONT20000JUIL!$O17 -> 0 | AA17: =TONT20000AOUT!$M17 -> 0 | AB17: =TONT20000AOUT!$N17 -> 0 | AC17: =TONT20000AOUT!$O17 -> 0 | AD17: =TONT20000SEPT!$M17 -> 0 | AE17: =TONT20000SEPT!$N17 -> 0 | AF17: =TONT20000SEPT!$O17 -> 0 | AG17: =TONT20000OCT!$M17 -> 0 | AH17: =TONT20000OCT!$N17 -> 0 | AI17: =TONT20000OCT!$O17 -> 0 | AJ17: =TONT20000NOV!$N17 -> 0 | AK17: =TONT20000NOV!$O17 -> 0 | AL17: =TONT20000NOV!$P17 -> 0
A18: AS201613 | B18: =VLOOKUP(A18,LISTADHERENT!A$5:H$51,2) -> HOTCHO BENJAMIN | C18: =TONT20000DEC2015!$O18 -> 0 | D18: =TONT20000DEC2015!$P18 -> 0 | E18: =TONT20000DEC2015!$Q18 -> 0 | F18: =TONT20000JANV!$M18 -> 0 | G18: =TONT20000JANV!$N18 -> 0 | H18: =TONT20000JANV!$O18 -> 0 | I18: =TONT20000FEV!$M18 -> 0 | J18: =TONT20000FEV!$N18 -> 0 | K18: =TONT20000FEV!$O18 -> 0 | L18: =TONT20000MARS!$M18 -> 0 | M18: =TONT20000MARS!$N18 -> 0 | N18: =TONT20000MARS!$O18 -> 0 | O18: =TONT20000AVRIL!$M18 -> 0 | P18: =TONT20000AVRIL!$N18 -> 0 | Q18: =TONT20000AVRIL!$O18 -> 0 | R18: =TONT20000MAI!$M18 -> 0 | S18: =TONT20000MAI!$N18 -> 0 | T18: =TONT20000MAI!$O18 -> 0 | U18: =TONT20000JUIN!$M18 -> 0 | V18: =TONT20000JUIN!$N18 -> 0 | W18: =TONT20000JUIN!$O18 -> 0 | X18: =TONT20000JUIL!$M18 -> 0 | Y18: =TONT20000JUIL!$N18 -> 0 | Z18: =TONT20000JUIL!$O18 -> 0 | AA18: =TONT20000AOUT!$M18 -> 0 | AB18: =TONT20000AOUT!$N18 -> 0 | AC18: =TONT20000AOUT!$O18 -> 0 | AD18: =TONT20000SEPT!$M18 -> 0 | AE18: =TONT20000SEPT!$N18 -> 0 | AF18: =TONT20000SEPT!$O18 -> 0 | AG18: =TONT20000OCT!$M18 -> 0 | AH18: =TONT20000OCT!$N18 -> 0 | AI18: =TONT20000OCT!$O18 -> 0 | AJ18: =TONT20000NOV!$N18 -> 0 | AK18: =TONT20000NOV!$O18 -> 0 | AL18: =TONT20000NOV!$P18 -> 0
... A52: AS201647 | B52: =VLOOKUP(A52,LISTADHERENT!A$5:H$51,2) -> YOUMBI EMMANUEL | C52: =TONT20000DEC2015!$O52 -> 0 | D52: =TONT20000DEC2015!$P52 -> 0 | E52: =TONT20000DEC2015!$Q52 -> 0 | F52: =TONT20000JANV!$M52 -> 0 | G52: =TONT20000JANV!$N52 -> 0 | H52: =TONT20000JANV!$O52 -> 0 | I52: =TONT20000FEV!$M52 -> 0 | J52: =TONT20000FEV!$N52 -> 0 | K52: =TONT20000FEV!$O52 -> 0 | L52: =TONT20000MARS!$M52 -> 0 | M52: =TONT20000MARS!$N52 -> 0 | N52: =TONT20000MARS!$O52 -> 0 | O52: =TONT20000AVRIL!$M52 -> 0 | P52: =TONT20000AVRIL!$N52 -> 0 | Q52: =TONT20000AVRIL!$O52 -> 0 | R52: =TONT20000MAI!$M52 -> 0 | S52: =TONT20000MAI!$N52 -> 0 | T52: =TONT20000MAI!$O52 -> 0 | U52: =TONT20000JUIN!$M52 -> 0 | V52: =TONT20000JUIN!$N52 -> 0 | W52: =TONT20000JUIN!$O52 -> 0 | X52: =TONT20000JUIL!$M52 -> 0 | Y52: =TONT20000JUIL!$N52 -> 0 | Z52: =TONT20000JUIL!$O52 -> 0 | AA52: =TONT20000AOUT!$M52 -> 0 | AB52: =TONT20000AOUT!$N52 -> 0 | AC52: =TONT20000AOUT!$O52 -> 0 | AD52: =TONT20000SEPT!$M52 -> 0 | AE52: =TONT20000SEPT!$N52 -> 0 | AF52: =TONT20000SEPT!$O52 -> 0 | AG52: =TONT20000OCT!$M52 -> 0 | AH52: =TONT20000OCT!$N52 -> 0 | AI52: =TONT20000OCT!$O52 -> 0 | AJ52: =TONT20000NOV!$N52 -> 0 | AK52: =TONT20000NOV!$O52 -> 0 | AL52: =TONT20000NOV!$P52 -> 0
B54: REMBOURSEMENT INTERET
A56: TOTAL | C56: =SUM(C5:C52) -> 1500000 | D56: =SUM(D5:D52) -> 99000 | E56: =SUM(E5:E52) -> 0 | F56: =SUM(F5:F52) -> 2200000 | G56: =SUM(G5:G52) -> 186000 | H56: =SUM(H5:H52) -> 0 | I56: =SUM(I5:I52) -> 750000 | J56: =SUM(J5:J52) -> 22500 | ... AL56: =SUM(AL5:AL52) -> 2070000
C58: =G56+D56+J56+M56+P56+S56+V56+Y56+AB56+AE56+AH56+AK56 -> 2282100

Sheet LISTADHERENT
A1: ASELBY
A2: LISTE DES ADHERENTS 19 JUN 2016
A4: MLE | B4: NOM ET PRENOM | C4: FONCTION | D4: DATE ADHESION | E4: CONTACT | F4: CONTACT 2 | G4: RESIDENCE | H4: DATE RECEPTION
A5: AS201601 | B5: BAKOP ACHILLE | C5: FONCTIONNAIRE DE POLICE | E5: 677841881 | G5: NKOLBISSON | H5: 42887
A6: AS201602 | B6: BOUTCHOUANG WILLIAM | C6: OPERATEUR ECONOMIQUE | E6: 677704694 | G6: EMANA | H6: 43191
A7: AS201603 | B7: CHINGUE FABRICE | C7: OPERATEUR ECONOMIQUE | E7: 677881912 | G7: SANTA BARBARA | H7: 43466
A8: AS201604 | B8: DJOMO JEAN PAUL | C8: RETRAITE | E8: 677986676 | G8: RUE MANGUIERS | H8: 43132
A9: AS201605 | B9: DJOUKWE GUY | C9: PROFESSEUR DES LYCEES TECHNIQUE | E9: 675250451 | G9: RUE MANGUIERS | H9: 43313
A10: AS201606 | B10: DJOSSEU JOSUE | C10: PROFESSEUR DES LYCEES TECHNIQUE | E10: 675250451 | G10: RUE MANGUIERS | H10: 43313
A11: AS201607 | B11: DJOUNKEP SAMUEL | C11: COMPTABLE RETRAITE | E11: 697103557 | G11: BIYEM ASSI LYCEE | H11: 42401
A12: AS201608 | B12: DJUOMBESSY ANTOINE | C12: ANALYSTE CONCEPTEUR SI | E12: 677501239 | F12: 699324095 | G12: MESSASSI | H12: 43647
A13: AS201609 | B13: DONHOU DAVID | C13: MAGISTRAT | E13: 699908065 | G13: TONGOLO | H13: 42979
A14: AS201610 | B14: FOTSO THOMAS | C14: CADRE BANQUE | E14: 677910278 | G14: OYOMABANG | H14: 43344
A15: AS201611 | B15: HENGUE PAUL OMER | C15: SOCIOLOGUE | E15: 694468080 | G15: MESSASSI | H15: 42583
A16: AS201612 | B16: HODIEP JULES | C16: CADRE CNPS | E16: 675291170 | G16: NYOM 2 | H16: 43009
A17: AS201613 | B17: HOTCHO BENJAMIN | C17: COMPTABLE | E17: 699956355 | G17: DAMAS | H17: 42614
A18: AS201614 | B18: KEPHE DAVID | C18: OPERATEUR ECONOMIQUE | E18: 677053815 | G18: MESSASSI | H18: 43374
A19: AS201615 | B19: KEPSEU FRANCIS | C19: OFFICIER DE POLICE RETRAITE | E19: 699528700 | G19: SIMBOCK | H19: 43405
A20: AS201616 | B20: KOUAMOU EMMANUEL | C20: OPERATEUR ECONOMIQUE | E20: 699335584 | G20: MONTEE JOUVENCE | H20: 42795
A21: AS201617 | B21: KOUAMOU MOISE | C21: INGENIEUR E-F | E21: 675836725 | G21: DAMAS | H21: 42370
A22: AS201618 | B22: KOUAMOU VICTOR PEGUY | C22: S/OFFICIER SUPERIEUR | E22: 696564847 | G22: MESSASSI | H22: 43617
A23: AS201619 | B23: KOUATCHO MESSACK | C23: INSPECTEUR DE TRAVAIL | E23: 677735778 | G23: SANTA BARBARA | H23: 42644
A24: AS201620 | B24: LOWE JEAN | C24: PROFESSEUR DE LYCEE
A25: AS201621 | B25: NANKAM APPOLINAIRE | C25: ENSEIGNANT | E25: 693055118 | G25: DAMAS | H25: 43678
A26: AS201622 | B26: NDJOMO ETIENNE | C26: COMPTABLE | E26: 677553702 | G26: MONTEE JOUVENCE | H26: 42705
A27: AS201623 | B27: NDOMBOU JEAN CLAUDE | C27: ING AGRONOME RETRAITE | E27: 699358350 | G27: ETOUG EBE | H27: 42767
A28: AS201624 | B28: NGONDIEP CLAUDE | C28: DAS(DIRECTEUR ADMINISTRATEUR SOCIETE) | E28: 675249207 | G28: CITE VERTE | H28: 43070
A29: AS201625 | B29: NGONGANG JEAN THEODORE | C29: CHEF ENTREPRISE | E29: 677766503 | G29: RUE MANGUIERS | H29: 42491
A30: AS201626 | B30: NGUIEMEGNI MATHIEU BLAISE | C30: CADRE CADASTRE | E30: 677068360 | G30: MONATELE | H30: 43101
A31: AS201627 | B31: NJEPDJIO MBOUKAM DELUXE | C31: OPERATEUR ECONOMIQUE | E31: 670909070 | G31: MENDONG | H31: 43586
A32: AS201628 | B32: NKAMGANG JUSTIN DEJOLIE | C32: DELEGUE COMMERCIAL | E32: 676659191 | G32: MENDONG | H32: 43497
A33: AS201629 | B33: NKEPSEU DIEUDONNE | C33: OPERATEUR ECONOMIQUE | E33: 677575366 | G33: ESSOS | H33: 42917
A34: AS201630 | B34: NKEPSEU HENANG RENE | C34: CADRE SONEL RETRAITE | E34: 699843118 | G34: BIYEM ASSI LYCEE | H34: 42522
A35: AS201631 | B35: NTEPDIE TUEMAC MZ | C35: OPERATEUR ECONOMIQUE | E35: 677377251 | G35: MONTEE JOUVENCE | H35: 43282
A36: AS201632 | B36: NTOMBOU ADOLPHE | C36: INGENIEUR | E36: 677867173 | G36: BIYEM ASSI LYCEE | H36: 42461
... A51: AS201647 | B51: YOUMBI EMMANUEL | C51: PROFESSEUR DES UNIVERSITES | E51: 677547311 | G51: MENDONG (GUINNESS) | H51: 42675
A52: AS201648 | B52: ASELBY | C52: ASSOCIATION DES ELITES BANGOU DE YAOUNDE

Sheet TRAVAUXINVENTAIREBACKUP
A1: ASSOCIATION | B1: ASELBY
A2: ANNEE | B2: 2016/2017
A3: TONTINE | B3: 20 000
A4: MATRICULE | B4: NOM ET PRENOM | C4: FONDS DE CAISSE | D4: RELIQUAT 2015 | E4: CAPITAL DEPART | F4: REPARTITION INTERET | G4: CAPITAL COMPOSE FIN | H4: CAPITAL TOTAL A PERCEVOIR | I4: RETENUE | J4: CAPITAL A DISTRIBUER | K4: COMPLEMENT FONDS | L4: SANCTION | M4: RETOUR EN CAISSE MUTUELLE | N4: FRAIS FIXE A PRELEVER | O4: MONTANT VERSE | P4: EPARGNE | Q4: FONDS DE ROULEMENT | R4: FRAIS EXCEPTIONNEL | S4: COLLATION | T4: MUTUELLE | U4: TONTINE | V4: EMPRUNT | W4: INTERET EMPRUNT | X4: REMBOURSEMENT | Y4: PENALITE EMPRUNT | Z4: PENALITE FONDS | AA4: INTERET ACHAT | AB4: DATE ACHAT
A5: AS201648 | B5: =VLOOKUP(A5,LISTADHERENT!A$5:H$52,2,0) -> ASELBY | C5: =VLOOKUP(A5,FONDSDECAISSE!A$5:C$52,3,0) -> 0 | D5: 318145 | E5: =C5+D5+P5 -> 318145 | F5: =TONT20000DEC2015!E5+TONT20000JANV!C5+TONT20000FEV!C5+TONT20000MARS!C5+TONT20000AVRIL!C5+TONT20000MAI!C5+TONT20000JUIN!C5+TONT20000JUIL!C5+TONT20000AOUT!C5+TONT20000SEPT!C5+TONT20000OCT!C5+TONT20000NOV!C5 -> 36952.515 | G5: =TONT20000NOV!E5 -> 355097.52 | H5: =D5+F5+P5 -> 355097.52 | I5: =K5+L5+M5+N5 -> 0 | J5: =H5-I5 -> 355097.52 | O5: =TONT20000DEC2015!H5+TONT20000JANV!F5+TONT20000FEV!F5+TONT20000MARS!F5+TONT20000AVRIL!F5+TONT20000MAI!F5+TONT20000JUIN!F5+TONT20000JUIL!F5+TONT20000AOUT!F5+TONT20000SEPT!F5+TONT20000OCT!F5+TONT20000NOV!G5 -> 0 | P5: =TONT20000DEC2015!I5+TONT20000JANV!G5+TONT20000FEV!G5+TONT20000MARS!G5+TONT20000AVRIL!G5+TONT20000MAI!G5+TONT20000JUIN!G5+TONT20000JUIL!G5+TONT20000AOUT!G5+TONT20000SEPT!G5+TONT20000OCT!G5+TONT20000NOV!H5 -> 0 | Q5: =TONT20000DEC2015!J5+TONT20000JANV!H5+TONT20000FEV!H5+TONT20000MARS!H5+TONT20000AVRIL!H5+TONT20000MAI!H5+TONT20000JUIN!H5+TONT20000JUIL!H5+TONT20000AOUT!H5+TONT20000SEPT!H5+TONT20000OCT!H5+TONT20000NOV!I5 -> 0 | R5: =TONT20000DEC2015!K5+TONT20000JANV!I5+TONT20000FEV!I5+TONT20000MARS!I5+TONT20000AVRIL!I5+TONT20000MAI!I5+TONT20000JUIN!I5+TONT20000JUIL!I5+TONT20000AOUT!I5+TONT20000SEPT!I5+TONT20000OCT!I5+TONT20000NOV!J5 -> 0 | S5: =TONT20000DEC2015!L5+TONT20000JANV!J5+TONT20000FEV!J5+TONT20000MARS!J5+TONT20000AVRIL!J5+TONT20000MAI!J5+TONT20000JUIN!J5+TONT20000JUIL!J5+TONT20000AOUT!J5+TONT20000SEPT!J5+TONT20000OCT!J5+TONT20000NOV!K5 -> 0 | T5: =TONT20000DEC2015!M5+TONT20000JANV!K5+TONT20000FEV!K5+TONT20000MARS!K5+TONT20000AVRIL!K5+TONT20000MAI!K5+TONT20000JUIN!K5+TONT20000JUIL!K5+TONT20000AOUT!K5+TONT20000SEPT!K5+TONT20000OCT!K5+TONT20000NOV!L5 -> 0 | U5: =TONT20000DEC2015!N5+TONT20000JANV!L5+TONT20000FEV!L5+TONT20000MARS!L5+TONT20000AVRIL!L5+TONT20000MAI!L5+TONT20000JUIN!L5+TONT20000JUIL!L5+TONT20000AOUT!L5+TONT20000SEPT!L5+TONT20000OCT!L5+TONT20000NOV!M5 -> 0 | V5: =TONT20000DEC2015!O5+TONT20000JANV!M5+TONT20000FEV!M5+TONT20000MARS!M5+TONT20000AVRIL!M5+TONT20000MAI!M5+TONT20000JUIN!M5+TONT20000JUIL!M5+TONT20000AOUT!M5+TONT20000SEPT!M5+TONT20000OCT!M5+TONT20000NOV!N5 -> 0 | ... AA5: =TONT20000DEC2015!T5+TONT20000JANV!R5+TONT20000FEV!R5+TONT20000MARS!R5+TONT20000AVRIL!R5+TONT20000MAI!R5+TONT20000JUIN!R5+TONT20000JUIL!R5+TONT20000AOUT!R5+TONT20000SEPT!R5+TONT20000OCT!R5+TONT20000NOV!S5 -> 0
A6: AS201601 | B6: =VLOOKUP(A6,LISTADHERENT!A$5:H$52,2,0) -> BAKOP ACHILLE | C6: =VLOOKUP(A6,FONDSDECAISSE!A$5:C$52,3,0) -> 390000 | D6: 33536 | E6: =C6+D6+P6 -> 453536 | F6: =TONT20000DEC2015!E6+TONT20000JANV!C6+TONT20000FEV!C6+TONT20000MARS!C6+TONT20000AVRIL!C6+TONT20000MAI!C6+TONT20000JUIN!C6+TONT20000JUIL!C6+TONT20000AOUT!C6+TONT20000SEPT!C6+TONT20000OCT!C6+TONT20000NOV!C6 -> 51457.983 | G6: =TONT20000NOV!E6 -> 504993.98 | H6: =D6+F6+P6 -> 114993.98 | I6: =K6+L6+M6+N6 -> 63000 | J6: =H6-I6 -> 51993.983 | K6: 30000 | M6: 25000 | N6: =48000-(Q6+R6+S6) -> 8000 | O6: =TONT20000DEC2015!H6+TONT20000JANV!F6+TONT20000FEV!F6+TONT20000MARS!F6+TONT20000AVRIL!F6+TONT20000MAI!F6+TONT20000JUIN!F6+TONT20000JUIL!F6+TONT20000AOUT!F6+TONT20000SEPT!F6+TONT20000OCT!F6+TONT20000NOV!G6 -> 225000 | P6: =TONT20000DEC2015!I6+TONT20000JANV!G6+TONT20000FEV!G6+TONT20000MARS!G6+TONT20000AVRIL!G6+TONT20000MAI!G6+TONT20000JUIN!G6+TONT20000JUIL!G6+TONT20000AOUT!G6+TONT20000SEPT!G6+TONT20000OCT!G6+TONT20000NOV!H6 -> 30000 | Q6: =TONT20000DEC2015!J6+TONT20000JANV!H6+TONT20000FEV!H6+TONT20000MARS!H6+TONT20000AVRIL!H6+TONT20000MAI!H6+TONT20000JUIN!H6+TONT20000JUIL!H6+TONT20000AOUT!H6+TONT20000SEPT!H6+TONT20000OCT!H6+TONT20000NOV!I6 -> 5000 | R6: =TONT20000DEC2015!K6+TONT20000JANV!I6+TONT20000FEV!I6+TONT20000MARS!I6+TONT20000AVRIL!I6+TONT20000MAI!I6+TONT20000JUIN!I6+TONT20000JUIL!I6+TONT20000AOUT!I6+TONT20000SEPT!I6+TONT20000OCT!I6+TONT20000NOV!J6 -> 10000 | S6: =TONT20000DEC2015!L6+TONT20000JANV!J6+TONT20000FEV!J6+TONT20000MARS!J6+TONT20000AVRIL!J6+TONT20000MAI!J6+TONT20000JUIN!J6+TONT20000JUIL!J6+TONT20000AOUT!J6+TONT20000SEPT!J6+TONT20000OCT!J6+TONT20000NOV!K6 -> 25000 | T6: =TONT20000DEC2015!M6+TONT20000JANV!K6+TONT20000FEV!K6+TONT20000MARS!K6+TONT20000AVRIL!K6+TONT20000MAI!K6+TONT20000JUIN!K6+TONT20000JUIL!K6+TONT20000AOUT!K6+TONT20000SEPT!K6+TONT20000OCT!K6+TONT20000NOV!L6 -> 25000 | U6: =TONT20000DEC2015!N6+TONT20000JANV!L6+TONT20000FEV!L6+TONT20000MARS!L6+TONT20000AVRIL!L6+TONT20000MAI!L6+TONT20000JUIN!L6+TONT20000JUIL!L6+TONT20000AOUT!L6+TONT20000SEPT!L6+TONT20000OCT!L6+TONT20000NOV!M6 -> 130000 | V6: =TONT20000DEC2015!O6+TONT20000JANV!M6+TONT20000FEV!M6+TONT20000MARS!M6+TONT20000AVRIL!M6+TONT20000MAI!M6+TONT20000JUIN!M6+TONT20000JUIL!M6+TONT20000AOUT!M6+TONT20000SEPT!M6+TONT20000OCT!M6+TONT20000NOV!N6 -> 500000 | ... AA6: =TONT20000DEC2015!T6+TONT20000JANV!R6+TONT20000FEV!R6+TONT20000MARS!R6+TONT20000AVRIL!R6+TONT20000MAI!R6+TONT20000JUIN!R6+TONT20000JUIL!R6+TONT20000AOUT!R6+TONT20000SEPT!R6+TONT20000OCT!R6+TONT20000NOV!S6 -> 0
A7: AS201602 | B7: =VLOOKUP(A7,LISTADHERENT!A$5:H$52,2,0) -> BOUTCHOUANG WILLIAM | C7: =VLOOKUP(A7,FONDSDECAISSE!A$5:C$52,3,0) -> 390000 | D7: 1704 | E7: =C7+D7+P7 -> 427704 | F7: =TONT20000DEC2015!E7+TONT20000JANV!C7+TONT20000FEV!C7+TONT20000MARS!C7+TONT20000AVRIL!C7+TONT20000MAI!C7+TONT20000JUIN!C7+TONT20000JUIL!C7+TONT20000AOUT!C7+TONT20000SEPT!C7+TONT20000OCT!C7+TONT20000NOV!C7 -> 48016.562 | G7: =TONT20000NOV!E7 -> 475720.56 | H7: =D7+F7+P7 -> 85720.562 | I7: =K7+L7+M7+N7 -> 80000 | J7: =H7-I7 -> 5720.5624 | K7: 30000 | M7: 50000 | N7: =48000-(Q7+R7+S7) -> 0 | O7: =TONT20000DEC2015!H7+TONT20000JANV!F7+TONT20000FEV!F7+TONT20000MARS!F7+TONT20000AVRIL!F7+TONT20000MAI!F7+TONT20000JUIN!F7+TONT20000JUIL!F7+TONT20000AOUT!F7+TONT20000SEPT!F7+TONT20000OCT!F7+TONT20000NOV!G7 -> 240000 | P7: =TONT20000DEC2015!I7+TONT20000JANV!G7+TONT20000FEV!G7+TONT20000MARS!G7+TONT20000AVRIL!G7+TONT20000MAI!G7+TONT20000JUIN!G7+TONT20000JUIL!G7+TONT20000AOUT!G7+TONT20000SEPT!G7+TONT20000OCT!G7+TONT20000NOV!H7 -> 36000 | Q7: =TONT20000DEC2015!J7+TONT20000JANV!H7+TONT20000FEV!H7+TONT20000MARS!H7+TONT20000AVRIL!H7+TONT20000MAI!H7+TONT20000JUIN!H7+TONT20000JUIL!H7+TONT20000AOUT!H7+TONT20000SEPT!H7+TONT20000OCT!H7+TONT20000NOV!I7 -> 6000 | R7: =TONT20000DEC2015!K7+TONT20000JANV!I7+TONT20000FEV!I7+TONT20000MARS!I7+TONT20000AVRIL!I7+TONT20000MAI!I7+TONT20000JUIN!I7+TONT20000JUIL!I7+TONT20000AOUT!I7+TONT20000SEPT!I7+TONT20000OCT!I7+TONT20000NOV!J7 -> 12000 | S7: =TONT20000DEC2015!L7+TONT20000JANV!J7+TONT20000FEV!J7+TONT20000MARS!J7+TONT20000AVRIL!J7+TONT20000MAI!J7+TONT20000JUIN!J7+TONT20000JUIL!J7+TONT20000AOUT!J7+TONT20000SEPT!J7+TONT20000OCT!J7+TONT20000NOV!K7 -> 30000 | T7: =TONT20000DEC2015!M7+TONT20000JANV!K7+TONT20000FEV!K7+TONT20000MARS!K7+TONT20000AVRIL!K7+TONT20000MAI!K7+TONT20000JUIN!K7+TONT20000JUIL!K7+TONT20000AOUT!K7+TONT20000SEPT!K7+TONT20000OCT!K7+TONT20000NOV!L7 -> 0 | U7: =TONT20000DEC2015!N7+TONT20000JANV!L7+TONT20000FEV!L7+TONT20000MARS!L7+TONT20000AVRIL!L7+TONT20000MAI!L7+TONT20000JUIN!L7+TONT20000JUIL!L7+TONT20000AOUT!L7+TONT20000SEPT!L7+TONT20000OCT!L7+TONT20000NOV!M7 -> 156000 | V7: =TONT20000DEC2015!O7+TONT20000JANV!M7+TONT20000FEV!M7+TONT20000MARS!M7+TONT20000AVRIL!M7+TONT20000MAI!M7+TONT20000JUIN!M7+TONT20000JUIL!M7+TONT20000AOUT!M7+TONT20000SEPT!M7+TONT20000OCT!M7+TONT20000NOV!N7 -> 1700000 | ... AA7: =TONT20000DEC2015!T7+TONT20000JANV!R7+TONT20000FEV!R7+TONT20000MARS!R7+TONT20000AVRIL!R7+TONT20000MAI!R7+TONT20000JUIN!R7+TONT20000JUIL!R7+TONT20000AOUT!R7+TONT20000SEPT!R7+TONT20000OCT!R7+TONT20000NOV!S7 -> 0
A8: AS201603 | B8: =VLOOKUP(A8,LISTADHERENT!A$5:H$52,2,0) -> CHINGUE FABRICE | C8: =VLOOKUP(A8,FONDSDECAISSE!A$5:C$52,3,0) -> 390000 | D8: 1842 | E8: =C8+D8+P8 -> 427842 | F8: =TONT20000DEC2015!E8+TONT20000JANV!C8+TONT20000FEV!C8+TONT20000MARS!C8+TONT20000AVRIL!C8+TONT20000MAI!C8+TONT20000JUIN!C8+TONT20000JUIL!C8+TONT20000AOUT!C8+TONT20000SEPT!C8+TONT20000OCT!C8+TONT20000NOV!C8 -> 48032.591 | G8: =TONT20000NOV!E8 -> 475874.59 | H8: =D8+F8+P8 -> 85874.591 | I8: =K8+L8+M8+N8 -> 80000 | J8: =H8-I8 -> 5874.591 | K8: 30000 | M8: 50000 | N8: =48000-(Q8+R8+S8) -> 0 | O8: =TONT20000DEC2015!H8+TONT20000JANV!F8+TONT20000FEV!F8+TONT20000MARS!F8+TONT20000AVRIL!F8+TONT20000MAI!F8+TONT20000JUIN!F8+TONT20000JUIL!F8+TONT20000AOUT!F8+TONT20000SEPT!F8+TONT20000OCT!F8+TONT20000NOV!G8 -> 240000 | P8: =TONT20000DEC2015!I8+TONT20000JANV!G8+TONT20000FEV!G8+TONT20000MARS!G8+TONT20000AVRIL!G8+TONT20000MAI!G8+TONT20000JUIN!G8+TONT20000JUIL!G8+TONT20000AOUT!G8+TONT20000SEPT!G8+TONT20000OCT!G8+TONT20000NOV!H8 -> 36000 | Q8: =TONT20000DEC2015!J8+TONT20000JANV!H8+TONT20000FEV!H8+TONT20000MARS!H8+TONT20000AVRIL!H8+TONT20000MAI!H8+TONT20000JUIN!H8+TONT20000JUIL!H8+TONT20000AOUT!H8+TONT20000SEPT!H8+TONT20000OCT!H8+TONT20000NOV!I8 -> 6000 | R8: =TONT20000DEC2015!K8+TONT20000JANV!I8+TONT20000FEV!I8+TONT20000MARS!I8+TONT20000AVRIL!I8+TONT20000MAI!I8+TONT20000JUIN!I8+TONT20000JUIL!I8+TONT20000AOUT!I8+TONT20000SEPT!I8+TONT20000OCT!I8+TONT20000NOV!J8 -> 12000 | S8: =TONT20000DEC2015!L8+TONT20000JANV!J8+TONT20000FEV!J8+TONT20000MARS!J8+TONT20000AVRIL!J8+TONT20000MAI!J8+TONT20000JUIN!J8+TONT20000JUIL!J8+TONT20000AOUT!J8+TONT20000SEPT!J8+TONT20000OCT!J8+TONT20000NOV!K8 -> 30000 | T8: =TONT20000DEC2015!M8+TONT20000JANV!K8+TONT20000FEV!K8+TONT20000MARS!K8+TONT20000AVRIL!K8+TONT20000MAI!K8+TONT20000JUIN!K8+TONT20000JUIL!K8+TONT20000AOUT!K8+TONT20000SEPT!K8+TONT20000OCT!K8+TONT20000NOV!L8 -> 0 | U8: =TONT20000DEC2015!N8+TONT20000JANV!L8+TONT20000FEV!L8+TONT20000MARS!L8+TONT20000AVRIL!L8+TONT20000MAI!L8+TONT20000JUIN!L8+TONT20000JUIL!L8+TONT20000AOUT!L8+TONT20000SEPT!L8+TONT20000OCT!L8+TONT20000NOV!M8 -> 156000 | V8: =TONT20000DEC2015!O8+TONT20000JANV!M8+TONT20000FEV!M8+TONT20000MARS!M8+TONT20000AVRIL!M8+TONT20000MAI!M8+TONT20000JUIN!M8+TONT20000JUIL!M8+TONT20000AOUT!M8+TONT20000SEPT!M8+TONT20000OCT!M8+TONT20000NOV!N8 -> 2000000 | ... AA8: =TONT20000DEC2015!T8+TONT20000JANV!R8+TONT20000FEV!R8+TONT20000MARS!R8+TONT20000AVRIL!R8+TONT20000MAI!R8+TONT20000JUIN!R8+TONT20000JUIL!R8+TONT20000AOUT!R8+TONT20000SEPT!R8+TONT20000OCT!R8+TONT20000NOV!S8 -> 0
A9: AS201604 | B9: =VLOOKUP(A9,LISTADHERENT!A$5:H$52,2,0) -> DJOMO JEAN PAUL | C9: =VLOOKUP(A9,FONDSDECAISSE!A$5:C$52,3,0) -> 390000 | D9: 8156 | E9: =C9+D9+P9 -> 441156 | F9: =TONT20000DEC2015!E9+TONT20000JANV!C9+TONT20000FEV!C9+TONT20000MARS!C9+TONT20000AVRIL!C9+TONT20000MAI!C9+TONT20000JUIN!C9+TONT20000JUIL!C9+TONT20000AOUT!C9+TONT20000SEPT!C9+TONT20000OCT!C9+TONT20000NOV!C9 -> 48914.356 | G9: =TONT20000NOV!E9 -> 490070.36 | H9: =D9+F9+P9 -> 100070.36 | I9: =K9+L9+M9+N9 -> 80000 | J9: =H9-I9 -> 20070.356 | K9: 30000 | M9: 50000 | N9: =48000-(Q9+R9+S9) -> 0 | O9: =TONT20000DEC2015!H9+TONT20000JANV!F9+TONT20000FEV!F9+TONT20000MARS!F9+TONT20000AVRIL!F9+TONT20000MAI!F9+TONT20000JUIN!F9+TONT20000JUIL!F9+TONT20000AOUT!F9+TONT20000SEPT!F9+TONT20000OCT!F9+TONT20000NOV!G9 -> 247000 | P9: =TONT20000DEC2015!I9+TONT20000JANV!G9+TONT20000FEV!G9+TONT20000MARS!G9+TONT20000AVRIL!G9+TONT20000MAI!G9+TONT20000JUIN!G9+TONT20000JUIL!G9+TONT20000AOUT!G9+TONT20000SEPT!G9+TONT20000OCT!G9+TONT20000NOV!H9 -> 43000 | Q9: =TONT20000DEC2015!J9+TONT20000JANV!H9+TONT20000FEV!H9+TONT20000MARS!H9+TONT20000AVRIL!H9+TONT20000MAI!H9+TONT20000JUIN!H9+TONT20000JUIL!H9+TONT20000AOUT!H9+TONT20000SEPT!H9+TONT20000OCT!H9+TONT20000NOV!I9 -> 6000 | R9: =TONT20000DEC2015!K9+TONT20000JANV!I9+TONT20000FEV!I9+TONT20000MARS!I9+TONT20000AVRIL!I9+TONT20000MAI!I9+TONT20000JUIN!I9+TONT20000JUIL!I9+TONT20000AOUT!I9+TONT20000SEPT!I9+TONT20000OCT!I9+TONT20000NOV!J9 -> 12000 | S9: =TONT20000DEC2015!L9+TONT20000JANV!J9+TONT20000FEV!J9+TONT20000MARS!J9+TONT20000AVRIL!J9+TONT20000MAI!J9+TONT20000JUIN!J9+TONT20000JUIL!J9+TONT20000AOUT!J9+TONT20000SEPT!J9+TONT20000OCT!J9+TONT20000NOV!K9 -> 30000 | T9: =TONT20000DEC2015!M9+TONT20000JANV!K9+TONT20000FEV!K9+TONT20000MARS!K9+TONT20000AVRIL!K9+TONT20000MAI!K9+TONT20000JUIN!K9+TONT20000JUIL!K9+TONT20000AOUT!K9+TONT20000SEPT!K9+TONT20000OCT!K9+TONT20000NOV!L9 -> 0 | U9: =TONT20000DEC2015!N9+TONT20000JANV!L9+TONT20000FEV!L9+TONT20000MARS!L9+TONT20000AVRIL!L9+TONT20000MAI!L9+TONT20000JUIN!L9+TONT20000JUIL!L9+TONT20000AOUT!L9+TONT20000SEPT!L9+TONT20000OCT!L9+TONT20000NOV!M9 -> 156000 | V9: =TONT20000DEC2015!O9+TONT20000JANV!M9+TONT20000FEV!M9+TONT20000MARS!M9+TONT20000AVRIL!M9+TONT20000MAI!M9+TONT20000JUIN!M9+TONT20000JUIL!M9+TONT20000AOUT!M9+TONT20000SEPT!M9+TONT20000OCT!M9+TONT20000NOV!N9 -> 200000 | ... AA9: =TONT20000DEC2015!T9+TONT20000JANV!R9+TONT20000FEV!R9+TONT20000MARS!R9+TONT20000AVRIL!R9+TONT20000MAI!R9+TONT20000JUIN!R9+TONT20000JUIL!R9+TONT20000AOUT!R9+TONT20000SEPT!R9+TONT20000OCT!R9+TONT20000NOV!S9 -> 0
A10: AS201605 | B10: =VLOOKUP(A10,LISTADHERENT!A$5:H$52,2,0) -> DJOUKWE GUY | C10: =VLOOKUP(A10,FONDSDECAISSE!A$5:C$52,3,0) -> 390000 | D10: 5905 | E10: =C10+D10+P10 -> 471905 | F10: =TONT20000DEC2015!E10+TONT20000JANV!C10+TONT20000FEV!C10+TONT20000MARS!C10+TONT20000AVRIL!C10+TONT20000MAI!C10+TONT20000JUIN!C10+TONT20000JUIL!C10+TONT20000AOUT!C10+TONT20000SEPT!C10+TONT20000OCT!C10+TONT20000NOV!C10 -> 51792.05 | G10: =TONT20000NOV!E10 -> 523697.05 | H10: =D10+F10+P10 -> 133697.05 | I10: =K10+L10+M10+N10 -> 80000 | J10: =H10-I10 -> 53697.05 | K10: 30000 | M10: 50000 | N10: =48000-(Q10+R10+S10) -> 0 | O10: =TONT20000DEC2015!H10+TONT20000JANV!F10+TONT20000FEV!F10+TONT20000MARS!F10+TONT20000AVRIL!F10+TONT20000MAI!F10+TONT20000JUIN!F10+TONT20000JUIL!F10+TONT20000AOUT!F10+TONT20000SEPT!F10+TONT20000OCT!F10+TONT20000NOV!G10 -> 280000 | P10: =TONT20000DEC2015!I10+TONT20000JANV!G10+TONT20000FEV!G10+TONT20000MARS!G10+TONT20000AVRIL!G10+TONT20000MAI!G10+TONT20000JUIN!G10+TONT20000JUIL!G10+TONT20000AOUT!G10+TONT20000SEPT!G10+TONT20000OCT!G10+TONT20000NOV!H10 -> 76000 | Q10: =TONT20000DEC2015!J10+TONT20000JANV!H10+TONT20000FEV!H10+TONT20000MARS!H10+TONT20000AVRIL!H10+TONT20000MAI!H10+TONT20000JUIN!H10+TONT20000JUIL!H10+TONT20000AOUT!H10+TONT20000SEPT!H10+TONT20000OCT!H10+TONT20000NOV!I10 -> 6000 | R10: =TONT20000DEC2015!K10+TONT20000JANV!I10+TONT20000FEV!I10+TONT20000MARS!I10+TONT20000AVRIL!I10+TONT20000MAI!I10+TONT20000JUIN!I10+TONT20000JUIL!I10+TONT20000AOUT!I10+TONT20000SEPT!I10+TONT20000OCT!I10+TONT20000NOV!J10 -> 12000 | S10: =TONT20000DEC2015!L10+TONT20000JANV!J10+TONT20000FEV!J10+TONT20000MARS!J10+TONT20000AVRIL!J10+TONT20000MAI!J10+TONT20000JUIN!J10+TONT20000JUIL!J10+TONT20000AOUT!J10+TONT20000SEPT!J10+TONT20000OCT!J10+TONT20000NOV!K10 -> 30000 | T10: =TONT20000DEC2015!M10+TONT20000JANV!K10+TONT20000FEV!K10+TONT20000MARS!K10+TONT20000AVRIL!K10+TONT20000MAI!K10+TONT20000JUIN!K10+TONT20000JUIL!K10+TONT20000AOUT!K10+TONT20000SEPT!K10+TONT20000OCT!K10+TONT20000NOV!L10 -> 0 | U10: =TONT20000DEC2015!N10+TONT20000JANV!L10+TONT20000FEV!L10+TONT20000MARS!L10+TONT20000AVRIL!L10+TONT20000MAI!L10+TONT20000JUIN!L10+TONT20000JUIL!L10+TONT20000AOUT!L10+TONT20000SEPT!L10+TONT20000OCT!L10+TONT20000NOV!M10 -> 156000 | V10: =TONT20000DEC2015!O10+TONT20000JANV!M10+TONT20000FEV!M10+TONT20000MARS!M10+TONT20000AVRIL!M10+TONT20000MAI!M10+TONT20000JUIN!M10+TONT20000JUIL!M10+TONT20000AOUT!M10+TONT20000SEPT!M10+TONT20000OCT!M10+TONT20000NOV!N10 -> 250000 | ... AA10: =TONT20000DEC2015!T10+TONT20000JANV!R10+TONT20000FEV!R10+TONT20000MARS!R10+TONT20000AVRIL!R10+TONT20000MAI!R10+TONT20000JUIN!R10+TONT20000JUIL!R10+TONT20000AOUT!R10+TONT20000SEPT!R10+TONT20000OCT!R10+TONT20000NOV!S10 -> 0
A11: AS201606 | B11: =VLOOKUP(A11,LISTADHERENT!A$5:H$52,2,0) -> DJOSSEU JOSUE | C11: =VLOOKUP(A11,FONDSDECAISSE!A$5:C$52,3,0) -> 0 | D11: 0 | E11: =C11+D11+P11 -> 5000 | F11: =TONT20000DEC2015!E11+TONT20000JANV!C11+TONT20000FEV!C11+TONT20000MARS!C11+TONT20000AVRIL!C11+TONT20000MAI!C11+TONT20000JUIN!C11+TONT20000JUIL!C11+TONT20000AOUT!C11+TONT20000SEPT!C11+TONT20000OCT!C11+TONT20000NOV!C11 -> 580.74958 | G11: =TONT20000NOV!E11 -> 5580.7496 | H11: =D11+F11+P11 -> 5580.7496 | I11: =K11+L11+M11+N11 -> 0 | J11: =H11-I11 -> 5580.7496 | O11: =TONT20000DEC2015!H11+TONT20000JANV!F11+TONT20000FEV!F11+TONT20000MARS!F11+TONT20000AVRIL!F11+TONT20000MAI!F11+TONT20000JUIN!F11+TONT20000JUIL!F11+TONT20000AOUT!F11+TONT20000SEPT!F11+TONT20000OCT!F11+TONT20000NOV!G11 -> 22000 | P11: =TONT20000DEC2015!I11+TONT20000JANV!G11+TONT20000FEV!G11+TONT20000MARS!G11+TONT20000AVRIL!G11+TONT20000MAI!G11+TONT20000JUIN!G11+TONT20000JUIL!G11+TONT20000AOUT!G11+TONT20000SEPT!G11+TONT20000OCT!G11+TONT20000NOV!H11 -> 5000 | Q11: =TONT20000DEC2015!J11+TONT20000JANV!H11+TONT20000FEV!H11+TONT20000MARS!H11+TONT20000AVRIL!H11+TONT20000MAI!H11+TONT20000JUIN!H11+TONT20000JUIL!H11+TONT20000AOUT!H11+TONT20000SEPT!H11+TONT20000OCT!H11+TONT20000NOV!I11 -> 500 | R11: =TONT20000DEC2015!K11+TONT20000JANV!I11+TONT20000FEV!I11+TONT20000MARS!I11+TONT20000AVRIL!I11+TONT20000MAI!I11+TONT20000JUIN!I11+TONT20000JUIL!I11+TONT20000AOUT!I11+TONT20000SEPT!I11+TONT20000OCT!I11+TONT20000NOV!J11 -> 1000 | S11: =TONT20000DEC2015!L11+TONT20000JANV!J11+TONT20000FEV!J11+TONT20000MARS!J11+TONT20000AVRIL!J11+TONT20000MAI!J11+TONT20000JUIN!J11+TONT20000JUIL!J11+TONT20000AOUT!J11+TONT20000SEPT!J11+TONT20000OCT!J11+TONT20000NOV!K11 -> 2500 | T11: =TONT20000DEC2015!M11+TONT20000JANV!K11+TONT20000FEV!K11+TONT20000MARS!K11+TONT20000AVRIL!K11+TONT20000MAI!K11+TONT20000JUIN!K11+TONT20000JUIL!K11+TONT20000AOUT!K11+TONT20000SEPT!K11+TONT20000OCT!K11+TONT20000NOV!L11 -> 0 | U11: =TONT20000DEC2015!N11+TONT20000JANV!L11+TONT20000FEV!L11+TONT20000MARS!L11+TONT20000AVRIL!L11+TONT20000MAI!L11+TONT20000JUIN!L11+TONT20000JUIL!L11+TONT20000AOUT!L11+TONT20000SEPT!L11+TONT20000OCT!L11+TONT20000NOV!M11 -> 13000 | V11: =TONT20000DEC2015!O11+TONT20000JANV!M11+TONT20000FEV!M11+TONT20000MARS!M11+TONT20000AVRIL!M11+TONT20000MAI!M11+TONT20000JUIN!M11+TONT20000JUIL!M11+TONT20000AOUT!M11+TONT20000SEPT!M11+TONT20000OCT!M11+TONT20000NOV!N11 -> 0 | ... AA11: =TONT20000DEC2015!T11+TONT20000JANV!R11+TONT20000FEV!R11+TONT20000MARS!R11+TONT20000AVRIL!R11+TONT20000MAI!R11+TONT20000JUIN!R11+TONT20000JUIL!R11+TONT20000AOUT!R11+TONT20000SEPT!R11+TONT20000OCT!R11+TONT20000NOV!S11 -> 0
A12: AS201607 | B12: =VLOOKUP(A12,LISTADHERENT!A$5:H$52,2,0) -> DJOUNKEP SAMUEL | C12: =VLOOKUP(A12,FONDSDECAISSE!A$5:C$52,3,0) -> 390000 | D12: 1055294 | E12: =C12+D12+P12 -> 2001294 | F12: =TONT20000DEC2015!E12+TONT20000JANV!C12+TONT20000FEV!C12+TONT20000MARS!C12+TONT20000AVRIL!C12+TONT20000MAI!C12+TONT20000JUIN!C12+TONT20000JUIL!C12+TONT20000AOUT!C12+TONT20000SEPT!C12+TONT20000OCT!C12+TONT20000NOV!C12 -> 204246.73 | G12: =TONT20000NOV!E12 -> 2135835.7 | H12: =D12+F12+P12 -> 1815540.7 | I12: =K12+L12+M12+N12 -> 80000 | J12: =H12-I12 -> 1735540.7 | K12: 30000 | M12: 50000 | N12: =48000-(Q12+R12+S12) -> 0 | O12: =TONT20000DEC2015!H12+TONT20000JANV!F12+TONT20000FEV!F12+TONT20000MARS!F12+TONT20000AVRIL!F12+TONT20000MAI!F12+TONT20000JUIN!F12+TONT20000JUIL!F12+TONT20000AOUT!F12+TONT20000SEPT!F12+TONT20000OCT!F12+TONT20000NOV!G12 -> 760000 | P12: =TONT20000DEC2015!I12+TONT20000JANV!G12+TONT20000FEV!G12+TONT20000MARS!G12+TONT20000AVRIL!G12+TONT20000MAI!G12+TONT20000JUIN!G12+TONT20000JUIL!G12+TONT20000AOUT!G12+TONT20000SEPT!G12+TONT20000OCT!G12+TONT20000NOV!H12 -> 556000 | Q12: =TONT20000DEC2015!J12+TONT20000JANV!H12+TONT20000FEV!H12+TONT20000MARS!H12+TONT20000AVRIL!H12+TONT20000MAI!H12+TONT20000JUIN!H12+TONT20000JUIL!H12+TONT20000AOUT!H12+TONT20000SEPT!H12+TONT20000OCT!H12+TONT20000NOV!I12 -> 6000 | R12: =TONT20000DEC2015!K12+TONT20000JANV!I12+TONT20000FEV!I12+TONT20000MARS!I12+TONT20000AVRIL!I12+TONT20000MAI!I12+TONT20000JUIN!I12+TONT20000JUIL!I12+TONT20000AOUT!I12+TONT20000SEPT!I12+TONT20000OCT!I12+TONT20000NOV!J12 -> 12000 | S12: =TONT20000DEC2015!L12+TONT20000JANV!J12+TONT20000FEV!J12+TONT20000MARS!J12+TONT20000AVRIL!J12+TONT20000MAI!J12+TONT20000JUIN!J12+TONT20000JUIL!J12+TONT20000AOUT!J12+TONT20000SEPT!J12+TONT20000OCT!J12+TONT20000NOV!K12 -> 30000 | T12: =TONT20000DEC2015!M12+TONT20000JANV!K12+TONT20000FEV!K12+TONT20000MARS!K12+TONT20000AVRIL!K12+TONT20000MAI!K12+TONT20000JUIN!K12+TONT20000JUIL!K12+TONT20000AOUT!K12+TONT20000SEPT!K12+TONT20000OCT!K12+TONT20000NOV!L12 -> 0 | U12: =TONT20000DEC2015!N12+TONT20000JANV!L12+TONT20000FEV!L12+TONT20000MARS!L12+TONT20000AVRIL!L12+TONT20000MAI!L12+TONT20000JUIN!L12+TONT20000JUIL!L12+TONT20000AOUT!L12+TONT20000SEPT!L12+TONT20000OCT!L12+TONT20000NOV!M12 -> 156000 | V12: =TONT20000DEC2015!O12+TONT20000JANV!M12+TONT20000FEV!M12+TONT20000MARS!M12+TONT20000AVRIL!M12+TONT20000MAI!M12+TONT20000JUIN!M12+TONT20000JUIL!M12+TONT20000AOUT!M12+TONT20000SEPT!M12+TONT20000OCT!M12+TONT20000NOV!N12 -> 0 | ... AA12: =TONT20000DEC2015!T12+TONT20000JANV!R12+TONT20000FEV!R12+TONT20000MARS!R12+TONT20000AVRIL!R12+TONT20000MAI!R12+TONT20000JUIN!R12+TONT20000JUIL!R12+TONT20000AOUT!R12+TONT20000SEPT!R12+TONT20000OCT!R12+TONT20000NOV!S12 -> 0
A13: AS201608 | B13: =VLOOKUP(A13,LISTADHERENT!A$5:H$52,2,0) -> DJUOMBESSY ANTOINE | C13: 390000 | D13: 0 | E13: =C13+D13+P13 -> 457560 | F13: =TONT20000DEC2015!E13+TONT20000JANV!C13+TONT20000FEV!C13+TONT20000MARS!C13+TONT20000AVRIL!C13+TONT20000MAI!C13+TONT20000JUIN!C13+TONT20000JUIL!C13+TONT20000AOUT!C13+TONT20000SEPT!C13+TONT20000OCT!C13+TONT20000NOV!C13 -> 43186.248 | G13: =TONT20000NOV!E13 -> 500746.25 | H13: =D13+F13+P13 -> 110746.25 | I13: =K13+L13+M13+N13 -> 80000 | J13: =H13-I13 -> 30746.248 | K13: 30000 | M13: 50000 | N13: =48000-(Q13+R13+S13) -> 0 | O13: =TONT20000DEC2015!H13+TONT20000JANV!F13+TONT20000FEV!F13+TONT20000MARS!F13+TONT20000AVRIL!F13+TONT20000MAI!F13+TONT20000JUIN!F13+TONT20000JUIL!F13+TONT20000AOUT!F13+TONT20000SEPT!F13+TONT20000OCT!F13+TONT20000NOV!G13 -> 271560 | P13: =TONT20000DEC2015!I13+TONT20000JANV!G13+TONT20000FEV!G13+TONT20000MARS!G13+TONT20000AVRIL!G13+TONT20000MAI!G13+TONT20000JUIN!G13+TONT20000JUIL!G13+TONT20000AOUT!G13+TONT20000SEPT!G13+TONT20000OCT!G13+TONT20000NOV!H13 -> 67560 | Q13: =TONT20000DEC2015!J13+TONT20000JANV!H13+TONT20000FEV!H13+TONT20000MARS!H13+TONT20000AVRIL!H13+TONT20000MAI!H13+TONT20000JUIN!H13+TONT20000JUIL!H13+TONT20000AOUT!H13+TONT20000SEPT!H13+TONT20000OCT!H13+TONT20000NOV!I13 -> 6000 | R13: =TONT20000DEC2015!K13+TONT20000JANV!I13+TONT20000FEV!I13+TONT20000MARS!I13+TONT20000AVRIL!I13+TONT20000MAI!I13+TONT20000JUIN!I13+TONT20000JUIL!I13+TONT20000AOUT!I13+TONT20000SEPT!I13+TONT20000OCT!I13+TONT20000NOV!J13 -> 12000 | S13: =TONT20000DEC2015!L13+TONT20000JANV!J13+TONT20000FEV!J13+TONT20000MARS!J13+TONT20000AVRIL!J13+TONT20000MAI!J13+TONT20000JUIN!J13+TONT20000JUIL!J13+TONT20000AOUT!J13+TONT20000SEPT!J13+TONT20000OCT!J13+TONT20000NOV!K13 -> 30000 | T13: =TONT20000DEC2015!M13+TONT20000JANV!K13+TONT20000FEV!K13+TONT20000MARS!K13+TONT20000AVRIL!K13+TONT20000MAI!K13+TONT20000JUIN!K13+TONT20000JUIL!K13+TONT20000AOUT!K13+TONT20000SEPT!K13+TONT20000OCT!K13+TONT20000NOV!L13 -> 0 | U13: =TONT20000DEC2015!N13+TONT20000JANV!L13+TONT20000FEV!L13+TONT20000MARS!L13+TONT20000AVRIL!L13+TONT20000MAI!L13+TONT20000JUIN!L13+TONT20000JUIL!L13+TONT20000AOUT!L13+TONT20000SEPT!L13+TONT20000OCT!L13+TONT20000NOV!M13 -> 156000 | V13: =TONT20000DEC2015!O13+TONT20000JANV!M13+TONT20000FEV!M13+TONT20000MARS!M13+TONT20000AVRIL!M13+TONT20000MAI!M13+TONT20000JUIN!M13+TONT20000JUIL!M13+TONT20000AOUT!M13+TONT20000SEPT!M13+TONT20000OCT!M13+TONT20000NOV!N13 -> 700000 | ... AA13: =TONT20000DEC2015!T13+TONT20000JANV!R13+TONT20000FEV!R13+TONT20000MARS!R13+TONT20000AVRIL!R13+TONT20000MAI!R13+TONT20000JUIN!R13+TONT20000JUIL!R13+TONT20000AOUT!R13+TONT20000SEPT!R13+TONT20000OCT!R13+TONT20000NOV!S13 -> 0
A14: AS201609 | B14: =VLOOKUP(A14,LISTADHERENT!A$5:H$52,2,0) -> DONHOU DAVID | C14: =VLOOKUP(A14,FONDSDECAISSE!A$5:C$52,3,0) -> 390000 | D14: 44734 | E14: =C14+D14+P14 -> 470734 | F14: =TONT20000DEC2015!E14+TONT20000JANV!C14+TONT20000FEV!C14+TONT20000MARS!C14+TONT20000AVRIL!C14+TONT20000MAI!C14+TONT20000JUIN!C14+TONT20000JUIL!C14+TONT20000AOUT!C14+TONT20000SEPT!C14+TONT20000OCT!C14+TONT20000NOV!C14 -> 53014.493 | G14: =TONT20000NOV!E14 -> 523748.49 | H14: =D14+F14+P14 -> 133748.49 | I14: =K14+L14+M14+N14 -> 80000 | J14: =H14-I14 -> 53748.493 | K14: 30000 | M14: 50000 | N14: =48000-(Q14+R14+S14) -> 0 | O14: =TONT20000DEC2015!H14+TONT20000JANV!F14+TONT20000FEV!F14+TONT20000MARS!F14+TONT20000AVRIL!F14+TONT20000MAI!F14+TONT20000JUIN!F14+TONT20000JUIL!F14+TONT20000AOUT!F14+TONT20000SEPT!F14+TONT20000OCT!F14+TONT20000NOV!G14 -> 240000 | P14: =TONT20000DEC2015!I14+TONT20000JANV!G14+TONT20000FEV!G14+TONT20000MARS!G14+TONT20000AVRIL!G14+TONT20000MAI!G14+TONT20000JUIN!G14+TONT20000JUIL!G14+TONT20000AOUT!G14+TONT20000SEPT!G14+TONT20000OCT!G14+TONT20000NOV!H14 -> 36000 | Q14: =TONT20000DEC2015!J14+TONT20000JANV!H14+TONT20000FEV!H14+TONT20000MARS!H14+TONT20000AVRIL!H14+TONT20000MAI!H14+TONT20000JUIN!H14+TONT20000JUIL!H14+TONT20000AOUT!H14+TONT20000SEPT!H14+TONT20000OCT!H14+TONT20000NOV!I14 -> 6000 | R14: =TONT20000DEC2015!K14+TONT20000JANV!I14+TONT20000FEV!I14+TONT20000MARS!I14+TONT20000AVRIL!I14+TONT20000MAI!I14+TONT20000JUIN!I14+TONT20000JUIL!I14+TONT20000AOUT!I14+TONT20000SEPT!I14+TONT20000OCT!I14+TONT20000NOV!J14 -> 12000 | S14: =TONT20000DEC2015!L14+TONT20000JANV!J14+TONT20000FEV!J14+TONT20000MARS!J14+TONT20000AVRIL!J14+TONT20000MAI!J14+TONT20000JUIN!J14+TONT20000JUIL!J14+TONT20000AOUT!J14+TONT20000SEPT!J14+TONT20000OCT!J14+TONT20000NOV!K14 -> 30000 | T14: =TONT20000DEC2015!M14+TONT20000JANV!K14+TONT20000FEV!K14+TONT20000MARS!K14+TONT20000AVRIL!K14+TONT20000MAI!K14+TONT20000JUIN!K14+TONT20000JUIL!K14+TONT20000AOUT!K14+TONT20000SEPT!K14+TONT20000OCT!K14+TONT20000NOV!L14 -> 0 | U14: =TONT20000DEC2015!N14+TONT20000JANV!L14+TONT20000FEV!L14+TONT20000MARS!L14+TONT20000AVRIL!L14+TONT20000MAI!L14+TONT20000JUIN!L14+TONT20000JUIL!L14+TONT20000AOUT!L14+TONT20000SEPT!L14+TONT20000OCT!L14+TONT20000NOV!M14 -> 156000 | V14: =TONT20000DEC2015!O14+TONT20000JANV!M14+TONT20000FEV!M14+TONT20000MARS!M14+TONT20000AVRIL!M14+TONT20000MAI!M14+TONT20000JUIN!M14+TONT20000JUIL!M14+TONT20000AOUT!M14+TONT20000SEPT!M14+TONT20000OCT!M14+TONT20000NOV!N14 -> 0 | ... AA14: =TONT20000DEC2015!T14+TONT20000JANV!R14+TONT20000FEV!R14+TONT20000MARS!R14+TONT20000AVRIL!R14+TONT20000MAI!R14+TONT20000JUIN!R14+TONT20000JUIL!R14+TONT20000AOUT!R14+TONT20000SEPT!R14+TONT20000OCT!R14+TONT20000NOV!S14 -> 0
A15: AS201610 | B15: =VLOOKUP(A15,LISTADHERENT!A$5:H$52,2,0) -> FOTSO THOMAS | C15: =VLOOKUP(A15,FONDSDECAISSE!A$5:C$52,3,0) -> 390000 | D15: 3318 | E15: =C15+D15+P15 -> 429318 | F15: =TONT20000DEC2015!E15+TONT20000JANV!C15+TONT20000FEV!C15+TONT20000MARS!C15+TONT20000AVRIL!C15+TONT20000MAI!C15+TONT20000JUIN!C15+TONT20000JUIL!C15+TONT20000AOUT!C15+TONT20000SEPT!C15+TONT20000OCT!C15+TONT20000NOV!C15 -> 48204.028 | G15: =TONT20000NOV!E15 -> 477522.03 | H15: =D15+F15+P15 -> 87522.028 | I15: =K15+L15+M15+N15 -> 80000 | J15: =H15-I15 -> 7522.0283 | K15: 30000 | M15: 50000 | N15: =48000-(Q15+R15+S15) -> 0 | O15: =TONT20000DEC2015!H15+TONT20000JANV!F15+TONT20000FEV!F15+TONT20000MARS!F15+TONT20000AVRIL!F15+TONT20000MAI!F15+TONT20000JUIN!F15+TONT20000JUIL!F15+TONT20000AOUT!F15+TONT20000SEPT!F15+TONT20000OCT!F15+TONT20000NOV!G15 -> 240000 | P15: =TONT20000DEC2015!I15+TONT20000JANV!G15+TONT20000FEV!G15+TONT20000MARS!G15+TONT20000AVRIL!G15+TONT20000MAI!G15+TONT20000JUIN!G15+TONT20000JUIL!G15+TONT20000AOUT!G15+TONT20000SEPT!G15+TONT20000OCT!G15+TONT20000NOV!H15 -> 36000 | Q15: =TONT20000DEC2015!J15+TONT20000JANV!H15+TONT20000FEV!H15+TONT20000MARS!H15+TONT20000AVRIL!H15+TONT20000MAI!H15+TONT20000JUIN!H15+TONT20000JUIL!H15+TONT20000AOUT!H15+TONT20000SEPT!H15+TONT20000OCT!H15+TONT20000NOV!I15 -> 6000 | R15: =TONT20000DEC2015!K15+TONT20000JANV!I15+TONT20000FEV!I15+TONT20000MARS!I15+TONT20000AVRIL!I15+TONT20000MAI!I15+TONT20000JUIN!I15+TONT20000JUIL!I15+TONT20000AOUT!I15+TONT20000SEPT!I15+TONT20000OCT!I15+TONT20000NOV!J15 -> 12000 | S15: =TONT20000DEC2015!L15+TONT20000JANV!J15+TONT20000FEV!J15+TONT20000MARS!J15+TONT20000AVRIL!J15+TONT20000MAI!J15+TONT20000JUIN!J15+TONT20000JUIL!J15+TONT20000AOUT!J15+TONT20000SEPT!J15+TONT20000OCT!J15+TONT20000NOV!K15 -> 30000 | T15: =TONT20000DEC2015!M15+TONT20000JANV!K15+TONT20000FEV!K15+TONT20000MARS!K15+TONT20000AVRIL!K15+TONT20000MAI!K15+TONT20000JUIN!K15+TONT20000JUIL!K15+TONT20000AOUT!K15+TONT20000SEPT!K15+TONT20000OCT!K15+TONT20000NOV!L15 -> 0 | U15: =TONT20000DEC2015!N15+TONT20000JANV!L15+TONT20000FEV!L15+TONT20000MARS!L15+TONT20000AVRIL!L15+TONT20000MAI!L15+TONT20000JUIN!L15+TONT20000JUIL!L15+TONT20000AOUT!L15+TONT20000SEPT!L15+TONT20000OCT!L15+TONT20000NOV!M15 -> 156000 | V15: =TONT20000DEC2015!O15+TONT20000JANV!M15+TONT20000FEV!M15+TONT20000MARS!M15+TONT20000AVRIL!M15+TONT20000MAI!M15+TONT20000JUIN!M15+TONT20000JUIL!M15+TONT20000AOUT!M15+TONT20000SEPT!M15+TONT20000OCT!M15+TONT20000NOV!N15 -> 1000000 | ... AA15: =TONT20000DEC2015!T15+TONT20000JANV!R15+TONT20000FEV!R15+TONT20000MARS!R15+TONT20000AVRIL!R15+TONT20000MAI!R15+TONT20000JUIN!R15+TONT20000JUIL!R15+TONT20000AOUT!R15+TONT20000SEPT!R15+TONT20000OCT!R15+TONT20000NOV!S15 -> 0
A16: AS201611 | B16: =VLOOKUP(A16,LISTADHERENT!A$5:H$52,2,0) -> HENGUE PAUL OMER | C16: =VLOOKUP(A16,FONDSDECAISSE!A$5:C$52,3,0) -> 390000 | D16: 1083990 | E16: =C16+D16+P16 -> 1503990 | F16: =TONT20000DEC2015!E16+TONT20000JANV!C16+TONT20000FEV!C16+TONT20000MARS!C16+TONT20000AVRIL!C16+TONT20000MAI!C16+TONT20000JUIN!C16+TONT20000JUIL!C16+TONT20000AOUT!C16+TONT20000SEPT!C16+TONT20000OCT!C16+TONT20000NOV!C16 -> 47702.041 | G16: =TONT20000NOV!E16 -> 467702.04 | H16: =D16+F16+P16 -> 1161692 | I16: =K16+L16+M16+N16 -> 88000 | J16: =H16-I16 -> 1073692 | K16: 30000 | M16: 50000 | N16: =48000-(Q16+R16+S16) -> 8000 | O16: =TONT20000DEC2015!H16+TONT20000JANV!F16+TONT20000FEV!F16+TONT20000MARS!F16+TONT20000AVRIL!F16+TONT20000MAI!F16+TONT20000JUIN!F16+TONT20000JUIL!F16+TONT20000AOUT!F16+TONT20000SEPT!F16+TONT20000OCT!F16+TONT20000NOV!G16 -> 200000 | P16: =TONT20000DEC2015!I16+TONT20000JANV!G16+TONT20000FEV!G16+TONT20000MARS!G16+TONT20000AVRIL!G16+TONT20000MAI!G16+TONT20000JUIN!G16+TONT20000JUIL!G16+TONT20000AOUT!G16+TONT20000SEPT!G16+TONT20000OCT!G16+TONT20000NOV!H16 -> 30000 | Q16: =TONT20000DEC2015!J16+TONT20000JANV!H16+TONT20000FEV!H16+TONT20000MARS!H16+TONT20000AVRIL!H16+TONT20000MAI!H16+TONT20000JUIN!H16+TONT20000JUIL!H16+TONT20000AOUT!H16+TONT20000SEPT!H16+TONT20000OCT!H16+TONT20000NOV!I16 -> 5000 | R16: =TONT20000DEC2015!K16+TONT20000JANV!I16+TONT20000FEV!I16+TONT20000MARS!I16+TONT20000AVRIL!I16+TONT20000MAI!I16+TONT20000JUIN!I16+TONT20000JUIL!I16+TONT20000AOUT!I16+TONT20000SEPT!I16+TONT20000OCT!I16+TONT20000NOV!J16 -> 10000 | S16: =TONT20000DEC2015!L16+TONT20000JANV!J16+TONT20000FEV!J16+TONT20000MARS!J16+TONT20000AVRIL!J16+TONT20000MAI!J16+TONT20000JUIN!J16+TONT20000JUIL!J16+TONT20000AOUT!J16+TONT20000SEPT!J16+TONT20000OCT!J16+TONT20000NOV!K16 -> 25000 | T16: =TONT20000DEC2015!M16+TONT20000JANV!K16+TONT20000FEV!K16+TONT20000MARS!K16+TONT20000AVRIL!K16+TONT20000MAI!K16+TONT20000JUIN!K16+TONT20000JUIL!K16+TONT20000AOUT!K16+TONT20000SEPT!K16+TONT20000OCT!K16+TONT20000NOV!L16 -> 0 | U16: =TONT20000DEC2015!N16+TONT20000JANV!L16+TONT20000FEV!L16+TONT20000MARS!L16+TONT20000AVRIL!L16+TONT20000MAI!L16+TONT20000JUIN!L16+TONT20000JUIL!L16+TONT20000AOUT!L16+TONT20000SEPT!L16+TONT20000OCT!L16+TONT20000NOV!M16 -> 130000 | V16: =TONT20000DEC2015!O16+TONT20000JANV!M16+TONT20000FEV!M16+TONT20000MARS!M16+TONT20000AVRIL!M16+TONT20000MAI!M16+TONT20000JUIN!M16+TONT20000JUIL!M16+TONT20000AOUT!M16+TONT20000SEPT!M16+TONT20000OCT!M16+TONT20000NOV!N16 -> 0 | ... AA16: =TONT20000DEC2015!T16+TONT20000JANV!R16+TONT20000FEV!R16+TONT20000MARS!R16+TONT20000AVRIL!R16+TONT20000MAI!R16+TONT20000JUIN!R16+TONT20000JUIL!R16+TONT20000AOUT!R16+TONT20000SEPT!R16+TONT20000OCT!R16+TONT20000NOV!S16 -> 0
A17: AS201612 | B17: =VLOOKUP(A17,LISTADHERENT!A$5:H$52,2,0) -> HODIEP JULES | C17: 50000 | D17: 0 | E17: =C17+D17+P17 -> 58100 | F17: =TONT20000DEC2015!E17+TONT20000JANV!C17+TONT20000FEV!C17+TONT20000MARS!C17+TONT20000AVRIL!C17+TONT20000MAI!C17+TONT20000JUIN!C17+TONT20000JUIL!C17+TONT20000AOUT!C17+TONT20000SEPT!C17+TONT20000OCT!C17+TONT20000NOV!C17 -> 6252.3821 | G17: =TONT20000NOV!E17 -> 92252.382 | H17: =D17+F17+P17 -> 14352.382 | I17: =K17+L17+M17+N17 -> 14092 | J17: =H17-I17 -> 260.38213 | M17: =50000-35908 -> 14092 | N17: =48000-(Q17+R17+S17) -> 0 | O17: =TONT20000DEC2015!H17+TONT20000JANV!F17+TONT20000FEV!F17+TONT20000MARS!F17+TONT20000AVRIL!F17+TONT20000MAI!F17+TONT20000JUIN!F17+TONT20000JUIL!F17+TONT20000AOUT!F17+TONT20000SEPT!F17+TONT20000OCT!F17+TONT20000NOV!G17 -> 240000 | P17: =TONT20000DEC2015!I17+TONT20000JANV!G17+TONT20000FEV!G17+TONT20000MARS!G17+TONT20000AVRIL!G17+TONT20000MAI!G17+TONT20000JUIN!G17+TONT20000JUIL!G17+TONT20000AOUT!G17+TONT20000SEPT!G17+TONT20000OCT!G17+TONT20000NOV!H17-18000-9900 -> 8100 | Q17: =TONT20000DEC2015!J17+TONT20000JANV!H17+TONT20000FEV!H17+TONT20000MARS!H17+TONT20000AVRIL!H17+TONT20000MAI!H17+TONT20000JUIN!H17+TONT20000JUIL!H17+TONT20000AOUT!H17+TONT20000SEPT!H17+TONT20000OCT!H17+TONT20000NOV!I17 -> 6000 | R17: =TONT20000DEC2015!K17+TONT20000JANV!I17+TONT20000FEV!I17+TONT20000MARS!I17+TONT20000AVRIL!I17+TONT20000MAI!I17+TONT20000JUIN!I17+TONT20000JUIL!I17+TONT20000AOUT!I17+TONT20000SEPT!I17+TONT20000OCT!I17+TONT20000NOV!J17 -> 12000 | S17: =TONT20000DEC2015!L17+TONT20000JANV!J17+TONT20000FEV!J17+TONT20000MARS!J17+TONT20000AVRIL!J17+TONT20000MAI!J17+TONT20000JUIN!J17+TONT20000JUIL!J17+TONT20000AOUT!J17+TONT20000SEPT!J17+TONT20000OCT!J17+TONT20000NOV!K17 -> 30000 | T17: =TONT20000DEC2015!M17+TONT20000JANV!K17+TONT20000FEV!K17+TONT20000MARS!K17+TONT20000AVRIL!K17+TONT20000MAI!K17+TONT20000JUIN!K17+TONT20000JUIL!K17+TONT20000AOUT!K17+TONT20000SEPT!K17+TONT20000OCT!K17+TONT20000NOV!L17 -> 0 | U17: =TONT20000DEC2015!N17+TONT20000JANV!L17+TONT20000FEV!L17+TONT20000MARS!L17+TONT20000AVRIL!L17+TONT20000MAI!L17+TONT20000JUIN!L17+TONT20000JUIL!L17+TONT20000AOUT!L17+TONT20000SEPT!L17+TONT20000OCT!L17+TONT20000NOV!M17 -> 156000 | V17: =TONT20000DEC2015!O17+TONT20000JANV!M17+TONT20000FEV!M17+TONT20000MARS!M17+TONT20000AVRIL!M17+TONT20000MAI!M17+TONT20000JUIN!M17+TONT20000JUIL!M17+TONT20000AOUT!M17+TONT20000SEPT!M17+TONT20000OCT!M17+TONT20000NOV!N17 -> 0 | W17: =TONT20000DEC2015!P17+TONT20000JANV!N17+TONT20000FEV!N17+TONT20000MARS!N17+TONT20000AVRIL!N17+TONT20000MAI!N17+TONT20000JUIN!N17+TONT20000JUIL!N17+TONT20000AOUT!N17+TONT20000SEPT!N17+TONT20000OCT!N17+TONT20000NOV!O17 -> 0 | X17: =TONT20000DEC2015!Q17+TONT20000JANV!O17+TONT20000FEV!O17+TONT20000MARS!O17+TONT20000AVRIL!O17+TONT20000MAI!O17+TONT20000JUIN!O17+TONT20000JUIL!O17+TONT20000AOUT!O17+TONT20000SEPT!O17+TONT20000OCT!O17+TONT20000NOV!P17 -> 0 | ... AA17: =TONT20000DEC2015!T17+TONT20000JANV!R17+TONT20000FEV!R17+TONT20000MARS!R17+TONT20000AVRIL!R17+TONT20000MAI!R17+TONT20000JUIN!R17+TONT20000JUIL!R17+TONT20000AOUT!R17+TONT20000SEPT!R17+TONT20000OCT!R17+TONT20000NOV!S17 -> 0
A18: AS201613 | B18: =VLOOKUP(A18,LISTADHERENT!A$5:H$52,2,0) -> HOTCHO BENJAMIN | C18: =VLOOKUP(A18,FONDSDECAISSE!A$5:C$52,3,0) -> 390000 | D18: 8723 | E18: =C18+D18+P18 -> 482723 | F18: =TONT20000DEC2015!E18+TONT20000JANV!C18+TONT20000FEV!C18+TONT20000MARS!C18+TONT20000AVRIL!C18+TONT20000MAI!C18+TONT20000JUIN!C18+TONT20000JUIL!C18+TONT20000AOUT!C18+TONT20000SEPT!C18+TONT20000OCT!C18+TONT20000NOV!C18 -> 49962.376 | G18: =TONT20000NOV!E18 -> 532685.38 | H18: =D18+F18+P18 -> 142685.38 | I18: =K18+L18+M18+N18 -> 30000 | J18: =H18-I18 -> 112685.38 | K18: 30000 | M18: 0 | N18: =48000-(Q18+R18+S18) -> 0 | O18: =TONT20000DEC2015!H18+TONT20000JANV!F18+TONT20000FEV!F18+TONT20000MARS!F18+TONT20000AVRIL!F18+TONT20000MAI!F18+TONT20000JUIN!F18+TONT20000JUIL!F18+TONT20000AOUT!F18+TONT20000SEPT!F18+TONT20000OCT!F18+TONT20000NOV!G18 -> 338000 | P18: =TONT20000DEC2015!I18+TONT20000JANV!G18+TONT20000FEV!G18+TONT20000MARS!G18+TONT20000AVRIL!G18+TONT20000MAI!G18+TONT20000JUIN!G18+TONT20000JUIL!G18+TONT20000AOUT!G18+TONT20000SEPT!G18+TONT20000OCT!G18+TONT20000NOV!H18 -> 84000 | Q18: =TONT20000DEC2015!J18+TONT20000JANV!H18+TONT20000FEV!H18+TONT20000MARS!H18+TONT20000AVRIL!H18+TONT20000MAI!H18+TONT20000JUIN!H18+TONT20000JUIL!H18+TONT20000AOUT!H18+TONT20000SEPT!H18+TONT20000OCT!H18+TONT20000NOV!I18 -> 6000 | R18: =TONT20000DEC2015!K18+TONT20000JANV!I18+TONT20000FEV!I18+TONT20000MARS!I18+TONT20000AVRIL!I18+TONT20000MAI!I18+TONT20000JUIN!I18+TONT20000JUIL!I18+TONT20000AOUT!I18+TONT20000SEPT!I18+TONT20000OCT!I18+TONT20000NOV!J18 -> 12000 | S18: =TONT20000DEC2015!L18+TONT20000JANV!J18+TONT20000FEV!J18+TONT20000MARS!J18+TONT20000AVRIL!J18+TONT20000MAI!J18+TONT20000JUIN!J18+TONT20000JUIL!J18+TONT20000AOUT!J18+TONT20000SEPT!J18+TONT20000OCT!J18+TONT20000NOV!K18 -> 30000 | T18: =TONT20000DEC2015!M18+TONT20000JANV!K18+TONT20000FEV!K18+TONT20000MARS!K18+TONT20000AVRIL!K18+TONT20000MAI!K18+TONT20000JUIN!K18+TONT20000JUIL!K18+TONT20000AOUT!K18+TONT20000SEPT!K18+TONT20000OCT!K18+TONT20000NOV!L18 -> 50000 | U18: =TONT20000DEC2015!N18+TONT20000JANV!L18+TONT20000FEV!L18+TONT20000MARS!L18+TONT20000AVRIL!L18+TONT20000MAI!L18+TONT20000JUIN!L18+TONT20000JUIL!L18+TONT20000AOUT!L18+TONT20000SEPT!L18+TONT20000OCT!L18+TONT20000NOV!M18 -> 156000 | V18: =TONT20000DEC2015!O18+TONT20000JANV!M18+TONT20000FEV!M18+TONT20000MARS!M18+TONT20000AVRIL!M18+TONT20000MAI!M18+TONT20000JUIN!M18+TONT20000JUIL!M18+TONT20000AOUT!M18+TONT20000SEPT!M18+TONT20000OCT!M18+TONT20000NOV!N18 -> 0 | ... AA18: =TONT20000DEC2015!T18+TONT20000JANV!R18+TONT20000FEV!R18+TONT20000MARS!R18+TONT20000AVRIL!R18+TONT20000MAI!R18+TONT20000JUIN!R18+TONT20000JUIL!R18+TONT20000AOUT!R18+TONT20000SEPT!R18+TONT20000OCT!R18+TONT20000NOV!S18 -> 0
A19: AS201614 | B19: =VLOOKUP(A19,LISTADHERENT!A$5:H$52,2,0) -> KEPHE DAVID | C19: =VLOOKUP(A19,FONDSDECAISSE!A$5:C$52,3,0) -> 0 | D19: 12795 | E19: =C19+D19+P19 -> 18000 | F19: =TONT20000DEC2015!E19+TONT20000JANV!C19+TONT20000FEV!C19+TONT20000MARS!C19+TONT20000AVRIL!C19+TONT20000MAI!C19+TONT20000JUIN!C19+TONT20000JUIL!C19+TONT20000AOUT!C19+TONT20000SEPT!C19+TONT20000OCT!C19+TONT20000NOV!C19 -> 4006.3135 | G19: =TONT20000NOV!E19 -> 52801.313 | H19: =D19+F19+P19 -> 22006.313 | I19: =K19+L19+M19+N19 -> 25161 | J19: =H19-I19 -> -3154.6865 | M19: =50000-24839 -> 25161 | N19: =48000-(Q19+R19+S19) -> 0 | O19: =TONT20000DEC2015!H19+TONT20000JANV!F19+TONT20000FEV!F19+TONT20000MARS!F19+TONT20000AVRIL!F19+TONT20000MAI!F19+TONT20000JUIN!F19+TONT20000JUIL!F19+TONT20000AOUT!F19+TONT20000SEPT!F19+TONT20000OCT!F19+TONT20000NOV!G19 -> 240000 | P19: =TONT20000DEC2015!I19+TONT20000JANV!G19+TONT20000FEV!G19+TONT20000MARS!G19+TONT20000AVRIL!G19+TONT20000MAI!G19+TONT20000JUIN!G19+TONT20000JUIL!G19+TONT20000AOUT!G19+TONT20000SEPT!G19+TONT20000OCT!G19+TONT20000NOV!H19-30795 -> 5205 | Q19: =TONT20000DEC2015!J19+TONT20000JANV!H19+TONT20000FEV!H19+TONT20000MARS!H19+TONT20000AVRIL!H19+TONT20000MAI!H19+TONT20000JUIN!H19+TONT20000JUIL!H19+TONT20000AOUT!H19+TONT20000SEPT!H19+TONT20000OCT!H19+TONT20000NOV!I19 -> 6000 | R19: =TONT20000DEC2015!K19+TONT20000JANV!I19+TONT20000FEV!I19+TONT20000MARS!I19+TONT20000AVRIL!I19+TONT20000MAI!I19+TONT20000JUIN!I19+TONT20000JUIL!I19+TONT20000AOUT!I19+TONT20000SEPT!I19+TONT20000OCT!I19+TONT20000NOV!J19 -> 12000 | S19: =TONT20000DEC2015!L19+TONT20000JANV!J19+TONT20000FEV!J19+TONT20000MARS!J19+TONT20000AVRIL!J19+TONT20000MAI!J19+TONT20000JUIN!J19+TONT20000JUIL!J19+TONT20000AOUT!J19+TONT20000SEPT!J19+TONT20000OCT!J19+TONT20000NOV!K19 -> 30000 | T19: =TONT20000DEC2015!M19+TONT20000JANV!K19+TONT20000FEV!K19+TONT20000MARS!K19+TONT20000AVRIL!K19+TONT20000MAI!K19+TONT20000JUIN!K19+TONT20000JUIL!K19+TONT20000AOUT!K19+TONT20000SEPT!K19+TONT20000OCT!K19+TONT20000NOV!L19 -> 0 | U19: =TONT20000DEC2015!N19+TONT20000JANV!L19+TONT20000FEV!L19+TONT20000MARS!L19+TONT20000AVRIL!L19+TONT20000MAI!L19+TONT20000JUIN!L19+TONT20000JUIL!L19+TONT20000AOUT!L19+TONT20000SEPT!L19+TONT20000OCT!L19+TONT20000NOV!M19 -> 156000 | V19: =TONT20000DEC2015!O19+TONT20000JANV!M19+TONT20000FEV!M19+TONT20000MARS!M19+TONT20000AVRIL!M19+TONT20000MAI!M19+TONT20000JUIN!M19+TONT20000JUIL!M19+TONT20000AOUT!M19+TONT20000SEPT!M19+TONT20000OCT!M19+TONT20000NOV!N19 -> 0 | W19: =TONT20000DEC2015!P19+TONT20000JANV!N19+TONT20000FEV!N19+TONT20000MARS!N19+TONT20000AVRIL!N19+TONT20000MAI!N19+TONT20000JUIN!N19+TONT20000JUIL!N19+TONT20000AOUT!N19+TONT20000SEPT!N19+TONT20000OCT!N19+TONT20000NOV!O19 -> 0 | X19: =TONT20000DEC2015!Q19+TONT20000JANV!O19+TONT20000FEV!O19+TONT20000MARS!O19+TONT20000AVRIL!O19+TONT20000MAI!O19+TONT20000JUIN!O19+TONT20000JUIL!O19+TONT20000AOUT!O19+TONT20000SEPT!O19+TONT20000OCT!O19+TONT20000NOV!P19 -> 0 | ... AA19: =TONT20000DEC2015!T19+TONT20000JANV!R19+TONT20000FEV!R19+TONT20000MARS!R19+TONT20000AVRIL!R19+TONT20000MAI!R19+TONT20000JUIN!R19+TONT20000JUIL!R19+TONT20000AOUT!R19+TONT20000SEPT!R19+TONT20000OCT!R19+TONT20000NOV!S19 -> 0
A20: AS201615 | B20: =VLOOKUP(A20,LISTADHERENT!A$5:H$52,2,0) -> KEPSEU FRANCIS | C20: =VLOOKUP(A20,FONDSDECAISSE!A$5:C$52,3,0) -> 390000 | D20: 186997 | E20: =C20+D20+P20 -> 1128997 | F20: =TONT20000DEC2015!E20+TONT20000JANV!C20+TONT20000FEV!C20+TONT20000MARS!C20+TONT20000AVRIL!C20+TONT20000MAI!C20+TONT20000JUIN!C20+TONT20000JUIL!C20+TONT20000AOUT!C20+TONT20000SEPT!C20+TONT20000OCT!C20+TONT20000NOV!C20 -> 117428.8 | G20: =TONT20000NOV!E20 -> 1246425.8 | H20: =D20+F20+P20 -> 856425.8 | I20: =K20+L20+M20+N20 -> 80000 | J20: =H20-I20 -> 776425.8 | K20: 30000 | M20: 50000 | N20: =48000-(Q20+R20+S20) -> 0 | O20: =TONT20000DEC2015!H20+TONT20000JANV!F20+TONT20000FEV!F20+TONT20000MARS!F20+TONT20000AVRIL!F20+TONT20000MAI!F20+TONT20000JUIN!F20+TONT20000JUIL!F20+TONT20000AOUT!F20+TONT20000SEPT!F20+TONT20000OCT!F20+TONT20000NOV!G20 -> 756000 | P20: =TONT20000DEC2015!I20+TONT20000JANV!G20+TONT20000FEV!G20+TONT20000MARS!G20+TONT20000AVRIL!G20+TONT20000MAI!G20+TONT20000JUIN!G20+TONT20000JUIL!G20+TONT20000AOUT!G20+TONT20000SEPT!G20+TONT20000OCT!G20+TONT20000NOV!H20 -> 552000 | Q20: =TONT20000DEC2015!J20+TONT20000JANV!H20+TONT20000FEV!H20+TONT20000MARS!H20+TONT20000AVRIL!H20+TONT20000MAI!H20+TONT20000JUIN!H20+TONT20000JUIL!H20+TONT20000AOUT!H20+TONT20000SEPT!H20+TONT20000OCT!H20+TONT20000NOV!I20 -> 6000 | R20: =TONT20000DEC2015!K20+TONT20000JANV!I20+TONT20000FEV!I20+TONT20000MARS!I20+TONT20000AVRIL!I20+TONT20000MAI!I20+TONT20000JUIN!I20+TONT20000JUIL!I20+TONT20000AOUT!I20+TONT20000SEPT!I20+TONT20000OCT!I20+TONT20000NOV!J20 -> 12000 | S20: =TONT20000DEC2015!L20+TONT20000JANV!J20+TONT20000FEV!J20+TONT20000MARS!J20+TONT20000AVRIL!J20+TONT20000MAI!J20+TONT20000JUIN!J20+TONT20000JUIL!J20+TONT20000AOUT!J20+TONT20000SEPT!J20+TONT20000OCT!J20+TONT20000NOV!K20 -> 30000 | T20: =TONT20000DEC2015!M20+TONT20000JANV!K20+TONT20000FEV!K20+TONT20000MARS!K20+TONT20000AVRIL!K20+TONT20000MAI!K20+TONT20000JUIN!K20+TONT20000JUIL!K20+TONT20000AOUT!K20+TONT20000SEPT!K20+TONT20000OCT!K20+TONT20000NOV!L20 -> 0 | U20: =TONT20000DEC2015!N20+TONT20000JANV!L20+TONT20000FEV!L20+TONT20000MARS!L20+TONT20000AVRIL!L20+TONT20000MAI!L20+TONT20000JUIN!L20+TONT20000JUIL!L20+TONT20000AOUT!L20+TONT20000SEPT!L20+TONT20000OCT!L20+TONT20000NOV!M20 -> 156000 | V20: =TONT20000DEC2015!O20+TONT20000JANV!M20+TONT20000FEV!M20+TONT20000MARS!M20+TONT20000AVRIL!M20+TONT20000MAI!M20+TONT20000JUIN!M20+TONT20000JUIL!M20+TONT20000AOUT!M20+TONT20000SEPT!M20+TONT20000OCT!M20+TONT20000NOV!N20 -> 0 | ... AA20: =TONT20000DEC2015!T20+TONT20000JANV!R20+TONT20000FEV!R20+TONT20000MARS!R20+TONT20000AVRIL!R20+TONT20000MAI!R20+TONT20000JUIN!R20+TONT20000JUIL!R20+TONT20000AOUT!R20+TONT20000SEPT!R20+TONT20000OCT!R20+TONT20000NOV!S20 -> 0
A21: AS201616 | B21: =VLOOKUP(A21,LISTADHERENT!A$5:H$52,2,0) -> KOUAMOU EMMANUEL | C21: =VLOOKUP(A21,FONDSDECAISSE!A$5:C$52,3,0) -> 390000 | D21: 2723 | E21: =C21+D21+P21 -> 428723 | F21: =TONT20000DEC2015!E21+TONT20000JANV!C21+TONT20000FEV!C21+TONT20000MARS!C21+TONT20000AVRIL!C21+TONT20000MAI!C21+TONT20000JUIN!C21+TONT20000JUIL!C21+TONT20000AOUT!C21+TONT20000SEPT!C21+TONT20000OCT!C21+TONT20000NOV!C21 -> 48134.919 | G21: =TONT20000NOV!E21 -> 476857.92 | H21: =D21+F21+P21 -> 86857.919 | I21: =K21+L21+M21+N21 -> 80000 | J21: =H21-I21 -> 6857.9191 | K21: 30000 | M21: 50000 | N21: =48000-(Q21+R21+S21) -> 0 | O21: =TONT20000DEC2015!H21+TONT20000JANV!F21+TONT20000FEV!F21+TONT20000MARS!F21+TONT20000AVRIL!F21+TONT20000MAI!F21+TONT20000JUIN!F21+TONT20000JUIL!F21+TONT20000AOUT!F21+TONT20000SEPT!F21+TONT20000OCT!F21+TONT20000NOV!G21 -> 240000 | P21: =TONT20000DEC2015!I21+TONT20000JANV!G21+TONT20000FEV!G21+TONT20000MARS!G21+TONT20000AVRIL!G21+TONT20000MAI!G21+TONT20000JUIN!G21+TONT20000JUIL!G21+TONT20000AOUT!G21+TONT20000SEPT!G21+TONT20000OCT!G21+TONT20000NOV!H21 -> 36000 | Q21: =TONT20000DEC2015!J21+TONT20000JANV!H21+TONT20000FEV!H21+TONT20000MARS!H21+TONT20000AVRIL!H21+TONT20000MAI!H21+TONT20000JUIN!H21+TONT20000JUIL!H21+TONT20000AOUT!H21+TONT20000SEPT!H21+TONT20000OCT!H21+TONT20000NOV!I21 -> 6000 | R21: =TONT20000DEC2015!K21+TONT20000JANV!I21+TONT20000FEV!I21+TONT20000MARS!I21+TONT20000AVRIL!I21+TONT20000MAI!I21+TONT20000JUIN!I21+TONT20000JUIL!I21+TONT20000AOUT!I21+TONT20000SEPT!I21+TONT20000OCT!I21+TONT20000NOV!J21 -> 12000 | S21: =TONT20000DEC2015!L21+TONT20000JANV!J21+TONT20000FEV!J21+TONT20000MARS!J21+TONT20000AVRIL!J21+TONT20000MAI!J21+TONT20000JUIN!J21+TONT20000JUIL!J21+TONT20000AOUT!J21+TONT20000SEPT!J21+TONT20000OCT!J21+TONT20000NOV!K21 -> 30000 | T21: =TONT20000DEC2015!M21+TONT20000JANV!K21+TONT20000FEV!K21+TONT20000MARS!K21+TONT20000AVRIL!K21+TONT20000MAI!K21+TONT20000JUIN!K21+TONT20000JUIL!K21+TONT20000AOUT!K21+TONT20000SEPT!K21+TONT20000OCT!K21+TONT20000NOV!L21 -> 0 | U21: =TONT20000DEC2015!N21+TONT20000JANV!L21+TONT20000FEV!L21+TONT20000MARS!L21+TONT20000AVRIL!L21+TONT20000MAI!L21+TONT20000JUIN!L21+TONT20000JUIL!L21+TONT20000AOUT!L21+TONT20000SEPT!L21+TONT20000OCT!L21+TONT20000NOV!M21 -> 156000 | V21: =TONT20000DEC2015!O21+TONT20000JANV!M21+TONT20000FEV!M21+TONT20000MARS!M21+TONT20000AVRIL!M21+TONT20000MAI!M21+TONT20000JUIN!M21+TONT20000JUIL!M21+TONT20000AOUT!M21+TONT20000SEPT!M21+TONT20000OCT!M21+TONT20000NOV!N21 -> 1000000 | ... AA21: =TONT20000DEC2015!T21+TONT20000JANV!R21+TONT20000FEV!R21+TONT20000MARS!R21+TONT20000AVRIL!R21+TONT20000MAI!R21+TONT20000JUIN!R21+TONT20000JUIL!R21+TONT20000AOUT!R21+TONT20000SEPT!R21+TONT20000OCT!R21+TONT20000NOV!S21 -> 0
A22: AS201617 | B22: =VLOOKUP(A22,LISTADHERENT!A$5:H$52,2,0) -> KOUAMOU MOISE | C22: 390000 | D22: 2099 | E22: =C22+D22+P22 -> 428099 | F22: =TONT20000DEC2015!E22+TONT20000JANV!C22+TONT20000FEV!C22+TONT20000MARS!C22+TONT20000AVRIL!C22+TONT20000MAI!C22+TONT20000JUIN!C22+TONT20000JUIL!C22+TONT20000AOUT!C22+TONT20000SEPT!C22+TONT20000OCT!C22+TONT20000NOV!C22 -> 44949.508 | G22: =TONT20000NOV!E22 -> 473048.51 | H22: =D22+F22+P22 -> 83048.508 | I22: =K22+L22+M22+N22 -> 80000 | J22: =H22-I22 -> 3048.5081 | K22: 30000 | M22: 50000 | N22: =48000-(Q22+R22+S22) -> 0 | O22: =TONT20000DEC2015!H22+TONT20000JANV!F22+TONT20000FEV!F22+TONT20000MARS!F22+TONT20000AVRIL!F22+TONT20000MAI!F22+TONT20000JUIN!F22+TONT20000JUIL!F22+TONT20000AOUT!F22+TONT20000SEPT!F22+TONT20000OCT!F22+TONT20000NOV!G22 -> 240000 | P22: =TONT20000DEC2015!I22+TONT20000JANV!G22+TONT20000FEV!G22+TONT20000MARS!G22+TONT20000AVRIL!G22+TONT20000MAI!G22+TONT20000JUIN!G22+TONT20000JUIL!G22+TONT20000AOUT!G22+TONT20000SEPT!G22+TONT20000OCT!G22+TONT20000NOV!H22 -> 36000 | Q22: =TONT20000DEC2015!J22+TONT20000JANV!H22+TONT20000FEV!H22+TONT20000MARS!H22+TONT20000AVRIL!H22+TONT20000MAI!H22+TONT20000JUIN!H22+TONT20000JUIL!H22+TONT20000AOUT!H22+TONT20000SEPT!H22+TONT20000OCT!H22+TONT20000NOV!I22 -> 6000 | R22: =TONT20000DEC2015!K22+TONT20000JANV!I22+TONT20000FEV!I22+TONT20000MARS!I22+TONT20000AVRIL!I22+TONT20000MAI!I22+TONT20000JUIN!I22+TONT20000JUIL!I22+TONT20000AOUT!I22+TONT20000SEPT!I22+TONT20000OCT!I22+TONT20000NOV!J22 -> 12000 | S22: =TONT20000DEC2015!L22+TONT20000JANV!J22+TONT20000FEV!J22+TONT20000MARS!J22+TONT20000AVRIL!J22+TONT20000MAI!J22+TONT20000JUIN!J22+TONT20000JUIL!J22+TONT20000AOUT!J22+TONT20000SEPT!J22+TONT20000OCT!J22+TONT20000NOV!K22 -> 30000 | T22: =TONT20000DEC2015!M22+TONT20000JANV!K22+TONT20000FEV!K22+TONT20000MARS!K22+TONT20000AVRIL!K22+TONT20000MAI!K22+TONT20000JUIN!K22+TONT20000JUIL!K22+TONT20000AOUT!K22+TONT20000SEPT!K22+TONT20000OCT!K22+TONT20000NOV!L22 -> 0 | U22: =TONT20000DEC2015!N22+TONT20000JANV!L22+TONT20000FEV!L22+TONT20000MARS!L22+TONT20000AVRIL!L22+TONT20000MAI!L22+TONT20000JUIN!L22+TONT20000JUIL!L22+TONT20000AOUT!L22+TONT20000SEPT!L22+TONT20000OCT!L22+TONT20000NOV!M22 -> 156000 | V22: =TONT20000DEC2015!O22+TONT20000JANV!M22+TONT20000FEV!M22+TONT20000MARS!M22+TONT20000AVRIL!M22+TONT20000MAI!M22+TONT20000JUIN!M22+TONT20000JUIL!M22+TONT20000AOUT!M22+TONT20000SEPT!M22+TONT20000OCT!M22+TONT20000NOV!N22 -> 860000 | ... AA22: =TONT20000DEC2015!T22+TONT20000JANV!R22+TONT20000FEV!R22+TONT20000MARS!R22+TONT20000AVRIL!R22+TONT20000MAI!R22+TONT20000JUIN!R22+TONT20000JUIL!R22+TONT20000AOUT!R22+TONT20000SEPT!R22+TONT20000OCT!R22+TONT20000NOV!S22 -> 0
A23: AS201618 | B23: =VLOOKUP(A23,LISTADHERENT!A$5:H$52,2,0) -> KOUAMOU VICTOR PEGUY | C23: =VLOOKUP(A23,FONDSDECAISSE!A$5:C$52,3,0) -> 390000 | D23: 36629 | E23: =C23+D23+P23 -> 461629 | F23: =TONT20000DEC2015!E23+TONT20000JANV!C23+TONT20000FEV!C23+TONT20000MARS!C23+TONT20000AVRIL!C23+TONT20000MAI!C23+TONT20000JUIN!C23+TONT20000JUIL!C23+TONT20000AOUT!C23+TONT20000SEPT!C23+TONT20000OCT!C23+TONT20000NOV!C23 -> 52057.784 | G23: =TONT20000NOV!E23 -> 513686.78 | H23: =D23+F23+P23 -> 123686.78 | I23: =K23+L23+M23+N23 -> 80000 | J23: =H23-I23 -> 43686.784 | K23: 30000 | M23: 50000 | N23: =48000-(Q23+R23+S23) -> 0 | O23: =TONT20000DEC2015!H23+TONT20000JANV!F23+TONT20000FEV!F23+TONT20000MARS!F23+TONT20000AVRIL!F23+TONT20000MAI!F23+TONT20000JUIN!F23+TONT20000JUIL!F23+TONT20000AOUT!F23+TONT20000SEPT!F23+TONT20000OCT!F23+TONT20000NOV!G23 -> 239000 | P23: =TONT20000DEC2015!I23+TONT20000JANV!G23+TONT20000FEV!G23+TONT20000MARS!G23+TONT20000AVRIL!G23+TONT20000MAI!G23+TONT20000JUIN!G23+TONT20000JUIL!G23+TONT20000AOUT!G23+TONT20000SEPT!G23+TONT20000OCT!G23+TONT20000NOV!H23 -> 35000 | Q23: =TONT20000DEC2015!J23+TONT20000JANV!H23+TONT20000FEV!H23+TONT20000MARS!H23+TONT20000AVRIL!H23+TONT20000MAI!H23+TONT20000JUIN!H23+TONT20000JUIL!H23+TONT20000AOUT!H23+TONT20000SEPT!H23+TONT20000OCT!H23+TONT20000NOV!I23 -> 6000 | R23: =TONT20000DEC2015!K23+TONT20000JANV!I23+TONT20000FEV!I23+TONT20000MARS!I23+TONT20000AVRIL!I23+TONT20000MAI!I23+TONT20000JUIN!I23+TONT20000JUIL!I23+TONT20000AOUT!I23+TONT20000SEPT!I23+TONT20000OCT!I23+TONT20000NOV!J23 -> 12000 | S23: =TONT20000DEC2015!L23+TONT20000JANV!J23+TONT20000FEV!J23+TONT20000MARS!J23+TONT20000AVRIL!J23+TONT20000MAI!J23+TONT20000JUIN!J23+TONT20000JUIL!J23+TONT20000AOUT!J23+TONT20000SEPT!J23+TONT20000OCT!J23+TONT20000NOV!K23 -> 30000 | T23: =TONT20000DEC2015!M23+TONT20000JANV!K23+TONT20000FEV!K23+TONT20000MARS!K23+TONT20000AVRIL!K23+TONT20000MAI!K23+TONT20000JUIN!K23+TONT20000JUIL!K23+TONT20000AOUT!K23+TONT20000SEPT!K23+TONT20000OCT!K23+TONT20000NOV!L23 -> 0 | U23: =TONT20000DEC2015!N23+TONT20000JANV!L23+TONT20000FEV!L23+TONT20000MARS!L23+TONT20000AVRIL!L23+TONT20000MAI!L23+TONT20000JUIN!L23+TONT20000JUIL!L23+TONT20000AOUT!L23+TONT20000SEPT!L23+TONT20000OCT!L23+TONT20000NOV!M23 -> 156000 | V23: =TONT20000DEC2015!O23+TONT20000JANV!M23+TONT20000FEV!M23+TONT20000MARS!M23+TONT20000AVRIL!M23+TONT20000MAI!M23+TONT20000JUIN!M23+TONT20000JUIL!M23+TONT20000AOUT!M23+TONT20000SEPT!M23+TONT20000OCT!M23+TONT20000NOV!N23 -> 1800000 | ... AA23: =TONT20000DEC2015!T23+TONT20000JANV!R23+TONT20000FEV!R23+TONT20000MARS!R23+TONT20000AVRIL!R23+TONT20000MAI!R23+TONT20000JUIN!R23+TONT20000JUIL!R23+TONT20000AOUT!R23+TONT20000SEPT!R23+TONT20000OCT!R23+TONT20000NOV!S23 -> 0
A24: AS201619 | B24: =VLOOKUP(A24,LISTADHERENT!A$5:H$52,2,0) -> KOUATCHO MESSACK | C24: =VLOOKUP(A24,FONDSDECAISSE!A$5:C$52,3,0) -> 390000 | D24: 0 | E24: =C24+D24+P24 -> 426000 | F24: =TONT20000DEC2015!E24+TONT20000JANV!C24+TONT20000FEV!C24+TONT20000MARS!C24+TONT20000AVRIL!C24+TONT20000MAI!C24+TONT20000JUIN!C24+TONT20000JUIL!C24+TONT20000AOUT!C24+TONT20000SEPT!C24+TONT20000OCT!C24+TONT20000NOV!C24 -> 47818.643 | G24: =TONT20000NOV!E24 -> 473818.64 | H24: =D24+F24+P24 -> 83818.643 | I24: =K24+L24+M24+N24 -> 80000 | J24: =H24-I24 -> 3818.6429 | K24: 30000 | M24: 50000 | N24: =48000-(Q24+R24+S24) -> 0 | O24: =TONT20000DEC2015!H24+TONT20000JANV!F24+TONT20000FEV!F24+TONT20000MARS!F24+TONT20000AVRIL!F24+TONT20000MAI!F24+TONT20000JUIN!F24+TONT20000JUIL!F24+TONT20000AOUT!F24+TONT20000SEPT!F24+TONT20000OCT!F24+TONT20000NOV!G24 -> 240000 | P24: =TONT20000DEC2015!I24+TONT20000JANV!G24+TONT20000FEV!G24+TONT20000MARS!G24+TONT20000AVRIL!G24+TONT20000MAI!G24+TONT20000JUIN!G24+TONT20000JUIL!G24+TONT20000AOUT!G24+TONT20000SEPT!G24+TONT20000OCT!G24+TONT20000NOV!H24 -> 36000 | Q24: =TONT20000DEC2015!J24+TONT20000JANV!H24+TONT20000FEV!H24+TONT20000MARS!H24+TONT20000AVRIL!H24+TONT20000MAI!H24+TONT20000JUIN!H24+TONT20000JUIL!H24+TONT20000AOUT!H24+TONT20000SEPT!H24+TONT20000OCT!H24+TONT20000NOV!I24 -> 6000 | R24: =TONT20000DEC2015!K24+TONT20000JANV!I24+TONT20000FEV!I24+TONT20000MARS!I24+TONT20000AVRIL!I24+TONT20000MAI!I24+TONT20000JUIN!I24+TONT20000JUIL!I24+TONT20000AOUT!I24+TONT20000SEPT!I24+TONT20000OCT!I24+TONT20000NOV!J24 -> 12000 | S24: =TONT20000DEC2015!L24+TONT20000JANV!J24+TONT20000FEV!J24+TONT20000MARS!J24+TONT20000AVRIL!J24+TONT20000MAI!J24+TONT20000JUIN!J24+TONT20000JUIL!J24+TONT20000AOUT!J24+TONT20000SEPT!J24+TONT20000OCT!J24+TONT20000NOV!K24 -> 30000 | T24: =TONT20000DEC2015!M24+TONT20000JANV!K24+TONT20000FEV!K24+TONT20000MARS!K24+TONT20000AVRIL!K24+TONT20000MAI!K24+TONT20000JUIN!K24+TONT20000JUIL!K24+TONT20000AOUT!K24+TONT20000SEPT!K24+TONT20000OCT!K24+TONT20000NOV!L24 -> 0 | U24: =TONT20000DEC2015!N24+TONT20000JANV!L24+TONT20000FEV!L24+TONT20000MARS!L24+TONT20000AVRIL!L24+TONT20000MAI!L24+TONT20000JUIN!L24+TONT20000JUIL!L24+TONT20000AOUT!L24+TONT20000SEPT!L24+TONT20000OCT!L24+TONT20000NOV!M24 -> 156000 | V24: =TONT20000DEC2015!O24+TONT20000JANV!M24+TONT20000FEV!M24+TONT20000MARS!M24+TONT20000AVRIL!M24+TONT20000MAI!M24+TONT20000JUIN!M24+TONT20000JUIL!M24+TONT20000AOUT!M24+TONT20000SEPT!M24+TONT20000OCT!M24+TONT20000NOV!N24 -> 1600000 | ... AA24: =TONT20000DEC2015!T24+TONT20000JANV!R24+TONT20000FEV!R24+TONT20000MARS!R24+TONT20000AVRIL!R24+TONT20000MAI!R24+TONT20000JUIN!R24+TONT20000JUIL!R24+TONT20000AOUT!R24+TONT20000SEPT!R24+TONT20000OCT!R24+TONT20000NOV!S24 -> 0
A25: AS201620 | B25: =VLOOKUP(A25,LISTADHERENT!A$5:H$52,2,0) -> LOWE JEAN | C25: =VLOOKUP(A25,FONDSDECAISSE!A$5:C$52,3,0) -> 390000 | D25: 4331 | E25: =C25+D25+P25 -> 430331 | F25: =TONT20000DEC2015!E25+TONT20000JANV!C25+TONT20000FEV!C25+TONT20000MARS!C25+TONT20000AVRIL!C25+TONT20000MAI!C25+TONT20000JUIN!C25+TONT20000JUIL!C25+TONT20000AOUT!C25+TONT20000SEPT!C25+TONT20000OCT!C25+TONT20000NOV!C25 -> 48321.688 | G25: =TONT20000NOV!E25 -> 478652.69 | H25: =D25+F25+P25 -> 88652.688 | I25: =K25+L25+M25+N25 -> 80000 | J25: =H25-I25 -> 8652.6882 | K25: 30000 | M25: 50000 | N25: =48000-(Q25+R25+S25) -> 0 | O25: =TONT20000DEC2015!H25+TONT20000JANV!F25+TONT20000FEV!F25+TONT20000MARS!F25+TONT20000AVRIL!F25+TONT20000MAI!F25+TONT20000JUIN!F25+TONT20000JUIL!F25+TONT20000AOUT!F25+TONT20000SEPT!F25+TONT20000OCT!F25+TONT20000NOV!G25 -> 240000 | P25: =TONT20000DEC2015!I25+TONT20000JANV!G25+TONT20000FEV!G25+TONT20000MARS!G25+TONT20000AVRIL!G25+TONT20000MAI!G25+TONT20000JUIN!G25+TONT20000JUIL!G25+TONT20000AOUT!G25+TONT20000SEPT!G25+TONT20000OCT!G25+TONT20000NOV!H25 -> 36000 | Q25: =TONT20000DEC2015!J25+TONT20000JANV!H25+TONT20000FEV!H25+TONT20000MARS!H25+TONT20000AVRIL!H25+TONT20000MAI!H25+TONT20000JUIN!H25+TONT20000JUIL!H25+TONT20000AOUT!H25+TONT20000SEPT!H25+TONT20000OCT!H25+TONT20000NOV!I25 -> 6000 | R25: =TONT20000DEC2015!K25+TONT20000JANV!I25+TONT20000FEV!I25+TONT20000MARS!I25+TONT20000AVRIL!I25+TONT20000MAI!I25+TONT20000JUIN!I25+TONT20000JUIL!I25+TONT20000AOUT!I25+TONT20000SEPT!I25+TONT20000OCT!I25+TONT20000NOV!J25 -> 12000 | S25: =TONT20000DEC2015!L25+TONT20000JANV!J25+TONT20000FEV!J25+TONT20000MARS!J25+TONT20000AVRIL!J25+TONT20000MAI!J25+TONT20000JUIN!J25+TONT20000JUIL!J25+TONT20000AOUT!J25+TONT20000SEPT!J25+TONT20000OCT!J25+TONT20000NOV!K25 -> 30000 | T25: =TONT20000DEC2015!M25+TONT20000JANV!K25+TONT20000FEV!K25+TONT20000MARS!K25+TONT20000AVRIL!K25+TONT20000MAI!K25+TONT20000JUIN!K25+TONT20000JUIL!K25+TONT20000AOUT!K25+TONT20000SEPT!K25+TONT20000OCT!K25+TONT20000NOV!L25 -> 0 | U25: =TONT20000DEC2015!N25+TONT20000JANV!L25+TONT20000FEV!L25+TONT20000MARS!L25+TONT20000AVRIL!L25+TONT20000MAI!L25+TONT20000JUIN!L25+TONT20000JUIL!L25+TONT20000AOUT!L25+TONT20000SEPT!L25+TONT20000OCT!L25+TONT20000NOV!M25 -> 156000 | V25: =TONT20000DEC2015!O25+TONT20000JANV!M25+TONT20000FEV!M25+TONT20000MARS!M25+TONT20000AVRIL!M25+TONT20000MAI!M25+TONT20000JUIN!M25+TONT20000JUIL!M25+TONT20000AOUT!M25+TONT20000SEPT!M25+TONT20000OCT!M25+TONT20000NOV!N25 -> 240000 | ... AA25: =TONT20000DEC2015!T25+TONT20000JANV!R25+TONT20000FEV!R25+TONT20000MARS!R25+TONT20000AVRIL!R25+TONT20000MAI!R25+TONT20000JUIN!R25+TONT20000JUIL!R25+TONT20000AOUT!R25+TONT20000SEPT!R25+TONT20000OCT!R25+TONT20000NOV!S25 -> 0
A26: AS201621 | B26: =VLOOKUP(A26,LISTADHERENT!A$5:H$52,2,0) -> NANKAM APPOLINAIRE | C26: =VLOOKUP(A26,FONDSDECAISSE!A$5:C$52,3,0) -> 390000 | D26: 4411 | E26: =C26+D26+P26 -> 430411 | F26: =TONT20000DEC2015!E26+TONT20000JANV!C26+TONT20000FEV!C26+TONT20000MARS!C26+TONT20000AVRIL!C26+TONT20000MAI!C26+TONT20000JUIN!C26+TONT20000JUIL!C26+TONT20000AOUT!C26+TONT20000SEPT!C26+TONT20000OCT!C26+TONT20000NOV!C26 -> 48330.98 | G26: =TONT20000NOV!E26 -> 478741.98 | H26: =D26+F26+P26 -> 88741.98 | I26: =K26+L26+M26+N26 -> 80000 | J26: =H26-I26 -> 8741.9802 | K26: 30000 | M26: 50000 | N26: =48000-(Q26+R26+S26) -> 0 | O26: =TONT20000DEC2015!H26+TONT20000JANV!F26+TONT20000FEV!F26+TONT20000MARS!F26+TONT20000AVRIL!F26+TONT20000MAI!F26+TONT20000JUIN!F26+TONT20000JUIL!F26+TONT20000AOUT!F26+TONT20000SEPT!F26+TONT20000OCT!F26+TONT20000NOV!G26 -> 240000 | P26: =TONT20000DEC2015!I26+TONT20000JANV!G26+TONT20000FEV!G26+TONT20000MARS!G26+TONT20000AVRIL!G26+TONT20000MAI!G26+TONT20000JUIN!G26+TONT20000JUIL!G26+TONT20000AOUT!G26+TONT20000SEPT!G26+TONT20000OCT!G26+TONT20000NOV!H26 -> 36000 | Q26: =TONT20000DEC2015!J26+TONT20000JANV!H26+TONT20000FEV!H26+TONT20000MARS!H26+TONT20000AVRIL!H26+TONT20000MAI!H26+TONT20000JUIN!H26+TONT20000JUIL!H26+TONT20000AOUT!H26+TONT20000SEPT!H26+TONT20000OCT!H26+TONT20000NOV!I26 -> 6000 | R26: =TONT20000DEC2015!K26+TONT20000JANV!I26+TONT20000FEV!I26+TONT20000MARS!I26+TONT20000AVRIL!I26+TONT20000MAI!I26+TONT20000JUIN!I26+TONT20000JUIL!I26+TONT20000AOUT!I26+TONT20000SEPT!I26+TONT20000OCT!I26+TONT20000NOV!J26 -> 12000 | S26: =TONT20000DEC2015!L26+TONT20000JANV!J26+TONT20000FEV!J26+TONT20000MARS!J26+TONT20000AVRIL!J26+TONT20000MAI!J26+TONT20000JUIN!J26+TONT20000JUIL!J26+TONT20000AOUT!J26+TONT20000SEPT!J26+TONT20000OCT!J26+TONT20000NOV!K26 -> 30000 | T26: =TONT20000DEC2015!M26+TONT20000JANV!K26+TONT20000FEV!K26+TONT20000MARS!K26+TONT20000AVRIL!K26+TONT20000MAI!K26+TONT20000JUIN!K26+TONT20000JUIL!K26+TONT20000AOUT!K26+TONT20000SEPT!K26+TONT20000OCT!K26+TONT20000NOV!L26 -> 0 | U26: =TONT20000DEC2015!N26+TONT20000JANV!L26+TONT20000FEV!L26+TONT20000MARS!L26+TONT20000AVRIL!L26+TONT20000MAI!L26+TONT20000JUIN!L26+TONT20000JUIL!L26+TONT20000AOUT!L26+TONT20000SEPT!L26+TONT20000OCT!L26+TONT20000NOV!M26 -> 156000 | V26: =TONT20000DEC2015!O26+TONT20000JANV!M26+TONT20000FEV!M26+TONT20000MARS!M26+TONT20000AVRIL!M26+TONT20000MAI!M26+TONT20000JUIN!M26+TONT20000JUIL!M26+TONT20000AOUT!M26+TONT20000SEPT!M26+TONT20000OCT!M26+TONT20000NOV!N26 -> 1000000 | ... AA26: =TONT20000DEC2015!T26+TONT20000JANV!R26+TONT20000FEV!R26+TONT20000MARS!R26+TONT20000AVRIL!R26+TONT20000MAI!R26+TONT20000JUIN!R26+TONT20000JUIL!R26+TONT20000AOUT!R26+TONT20000SEPT!R26+TONT20000OCT!R26+TONT20000NOV!S26 -> 0
A27: AS201622 | B27: =VLOOKUP(A27,LISTADHERENT!A$5:H$52,2,0) -> NDJOMO ETIENNE | C27: =VLOOKUP(A27,FONDSDECAISSE!A$5:C$52,3,0) -> 390000 | D27: 2060 | E27: =C27+D27+P27 -> 488060 | F27: =TONT20000DEC2015!E27+TONT20000JANV!C27+TONT20000FEV!C27+TONT20000MARS!C27+TONT20000AVRIL!C27+TONT20000MAI!C27+TONT20000JUIN!C27+TONT20000JUIL!C27+TONT20000AOUT!C27+TONT20000SEPT!C27+TONT20000OCT!C27+TONT20000NOV!C27 -> 52258.204 | G27: =TONT20000NOV!E27 -> 540318.2 | H27: =D27+F27+P27 -> 150318.2 | I27: =K27+L27+M27+N27 -> 80000 | J27: =H27-I27 -> 70318.204 | K27: 30000 | M27: 50000 | N27: =48000-(Q27+R27+S27) -> 0 | O27: =TONT20000DEC2015!H27+TONT20000JANV!F27+TONT20000FEV!F27+TONT20000MARS!F27+TONT20000AVRIL!F27+TONT20000MAI!F27+TONT20000JUIN!F27+TONT20000JUIL!F27+TONT20000AOUT!F27+TONT20000SEPT!F27+TONT20000OCT!F27+TONT20000NOV!G27 -> 300000 | P27: =TONT20000DEC2015!I27+TONT20000JANV!G27+TONT20000FEV!G27+TONT20000MARS!G27+TONT20000AVRIL!G27+TONT20000MAI!G27+TONT20000JUIN!G27+TONT20000JUIL!G27+TONT20000AOUT!G27+TONT20000SEPT!G27+TONT20000OCT!G27+TONT20000NOV!H27 -> 96000 | Q27: =TONT20000DEC2015!J27+TONT20000JANV!H27+TONT20000FEV!H27+TONT20000MARS!H27+TONT20000AVRIL!H27+TONT20000MAI!H27+TONT20000JUIN!H27+TONT20000JUIL!H27+TONT20000AOUT!H27+TONT20000SEPT!H27+TONT20000OCT!H27+TONT20000NOV!I27 -> 6000 | R27: =TONT20000DEC2015!K27+TONT20000JANV!I27+TONT20000FEV!I27+TONT20000MARS!I27+TONT20000AVRIL!I27+TONT20000MAI!I27+TONT20000JUIN!I27+TONT20000JUIL!I27+TONT20000AOUT!I27+TONT20000SEPT!I27+TONT20000OCT!I27+TONT20000NOV!J27 -> 12000 | S27: =TONT20000DEC2015!L27+TONT20000JANV!J27+TONT20000FEV!J27+TONT20000MARS!J27+TONT20000AVRIL!J27+TONT20000MAI!J27+TONT20000JUIN!J27+TONT20000JUIL!J27+TONT20000AOUT!J27+TONT20000SEPT!J27+TONT20000OCT!J27+TONT20000NOV!K27 -> 30000 | T27: =TONT20000DEC2015!M27+TONT20000JANV!K27+TONT20000FEV!K27+TONT20000MARS!K27+TONT20000AVRIL!K27+TONT20000MAI!K27+TONT20000JUIN!K27+TONT20000JUIL!K27+TONT20000AOUT!K27+TONT20000SEPT!K27+TONT20000OCT!K27+TONT20000NOV!L27 -> 0 | U27: =TONT20000DEC2015!N27+TONT20000JANV!L27+TONT20000FEV!L27+TONT20000MARS!L27+TONT20000AVRIL!L27+TONT20000MAI!L27+TONT20000JUIN!L27+TONT20000JUIL!L27+TONT20000AOUT!L27+TONT20000SEPT!L27+TONT20000OCT!L27+TONT20000NOV!M27 -> 156000 | V27: =TONT20000DEC2015!O27+TONT20000JANV!M27+TONT20000FEV!M27+TONT20000MARS!M27+TONT20000AVRIL!M27+TONT20000MAI!M27+TONT20000JUIN!M27+TONT20000JUIL!M27+TONT20000AOUT!M27+TONT20000SEPT!M27+TONT20000OCT!M27+TONT20000NOV!N27 -> 1600000 | ... AA27: =TONT20000DEC2015!T27+TONT20000JANV!R27+TONT20000FEV!R27+TONT20000MARS!R27+TONT20000AVRIL!R27+TONT20000MAI!R27+TONT20000JUIN!R27+TONT20000JUIL!R27+TONT20000AOUT!R27+TONT20000SEPT!R27+TONT20000OCT!R27+TONT20000NOV!S27 -> 0
A28: AS201623 | B28: =VLOOKUP(A28,LISTADHERENT!A$5:H$52,2,0) -> NDOMBOU JEAN CLAUDE | C28: =VLOOKUP(A28,FONDSDECAISSE!A$5:C$52,3,0) -> 0 | D28: 0 | E28: =C28+D28+P28 -> 0 | F28: =TONT20000DEC2015!E28+TONT20000JANV!C28+TONT20000FEV!C28+TONT20000MARS!C28+TONT20000AVRIL!C28+TONT20000MAI!C28+TONT20000JUIN!C28+TONT20000JUIL!C28+TONT20000AOUT!C28+TONT20000SEPT!C28+TONT20000OCT!C28+TONT20000NOV!C28 -> 0 | G28: =TONT20000NOV!E28 -> 0 | H28: =D28+F28+P28 -> 0 | I28: =K28+L28+M28+N28 -> 0 | J28: =H28-I28 -> 0 | O28: =TONT20000DEC2015!H28+TONT20000JANV!F28+TONT20000FEV!F28+TONT20000MARS!F28+TONT20000AVRIL!F28+TONT20000MAI!F28+TONT20000JUIN!F28+TONT20000JUIL!F28+TONT20000AOUT!F28+TONT20000SEPT!F28+TONT20000OCT!F28+TONT20000NOV!G28 -> 0 | P28: =TONT20000DEC2015!I28+TONT20000JANV!G28+TONT20000FEV!G28+TONT20000MARS!G28+TONT20000AVRIL!G28+TONT20000MAI!G28+TONT20000JUIN!G28+TONT20000JUIL!G28+TONT20000AOUT!G28+TONT20000SEPT!G28+TONT20000OCT!G28+TONT20000NOV!H28 -> 0 | Q28: =TONT20000DEC2015!J28+TONT20000JANV!H28+TONT20000FEV!H28+TONT20000MARS!H28+TONT20000AVRIL!H28+TONT20000MAI!H28+TONT20000JUIN!H28+TONT20000JUIL!H28+TONT20000AOUT!H28+TONT20000SEPT!H28+TONT20000OCT!H28+TONT20000NOV!I28 -> 0 | R28: =TONT20000DEC2015!K28+TONT20000JANV!I28+TONT20000FEV!I28+TONT20000MARS!I28+TONT20000AVRIL!I28+TONT20000MAI!I28+TONT20000JUIN!I28+TONT20000JUIL!I28+TONT20000AOUT!I28+TONT20000SEPT!I28+TONT20000OCT!I28+TONT20000NOV!J28 -> 0 | S28: =TONT20000DEC2015!L28+TONT20000JANV!J28+TONT20000FEV!J28+TONT20000MARS!J28+TONT20000AVRIL!J28+TONT20000MAI!J28+TONT20000JUIN!J28+TONT20000JUIL!J28+TONT20000AOUT!J28+TONT20000SEPT!J28+TONT20000OCT!J28+TONT20000NOV!K28 -> 0 | T28: =TONT20000DEC2015!M28+TONT20000JANV!K28+TONT20000FEV!K28+TONT20000MARS!K28+TONT20000AVRIL!K28+TONT20000MAI!K28+TONT20000JUIN!K28+TONT20000JUIL!K28+TONT20000AOUT!K28+TONT20000SEPT!K28+TONT20000OCT!K28+TONT20000NOV!L28 -> 0 | U28: =TONT20000DEC2015!N28+TONT20000JANV!L28+TONT20000FEV!L28+TONT20000MARS!L28+TONT20000AVRIL!L28+TONT20000MAI!L28+TONT20000JUIN!L28+TONT20000JUIL!L28+TONT20000AOUT!L28+TONT20000SEPT!L28+TONT20000OCT!L28+TONT20000NOV!M28 -> 0 | V28: =TONT20000DEC2015!O28+TONT20000JANV!M28+TONT20000FEV!M28+TONT20000MARS!M28+TONT20000AVRIL!M28+TONT20000MAI!M28+TONT20000JUIN!M28+TONT20000JUIL!M28+TONT20000AOUT!M28+TONT20000SEPT!M28+TONT20000OCT!M28+TONT20000NOV!N28 -> 0 | ... AA28: =TONT20000DEC2015!T28+TONT20000JANV!R28+TONT20000FEV!R28+TONT20000MARS!R28+TONT20000AVRIL!R28+TONT20000MAI!R28+TONT20000JUIN!R28+TONT20000JUIL!R28+TONT20000AOUT!R28+TONT20000SEPT!R28+TONT20000OCT!R28+TONT20000NOV!S28 -> 0
A29: AS201624 | B29: =VLOOKUP(A29,LISTADHERENT!A$5:H$52,2,0) -> NGONDIEP CLAUDE | C29: =VLOOKUP(A29,FONDSDECAISSE!A$5:C$52,3,0) -> 390000 | D29: 179574 | E29: =C29+D29+P29 -> 605574 | F29: =TONT20000DEC2015!E29+TONT20000JANV!C29+TONT20000FEV!C29+TONT20000MARS!C29+TONT20000AVRIL!C29+TONT20000MAI!C29+TONT20000JUIN!C29+TONT20000JUIL!C29+TONT20000AOUT!C29+TONT20000SEPT!C29+TONT20000OCT!C29+TONT20000NOV!C29 -> 68676.148 | G29: =TONT20000NOV!E29 -> 674250.15 | H29: =D29+F29+P29 -> 284250.15 | I29: =K29+L29+M29+N29 -> 80000 | J29: =H29-I29 -> 204250.15 | K29: 30000 | M29: 50000 | N29: =48000-(Q29+R29+S29) -> 0 | O29: =TONT20000DEC2015!H29+TONT20000JANV!F29+TONT20000FEV!F29+TONT20000MARS!F29+TONT20000AVRIL!F29+TONT20000MAI!F29+TONT20000JUIN!F29+TONT20000JUIL!F29+TONT20000AOUT!F29+TONT20000SEPT!F29+TONT20000OCT!F29+TONT20000NOV!G29 -> 240000 | P29: =TONT20000DEC2015!I29+TONT20000JANV!G29+TONT20000FEV!G29+TONT20000MARS!G29+TONT20000AVRIL!G29+TONT20000MAI!G29+TONT20000JUIN!G29+TONT20000JUIL!G29+TONT20000AOUT!G29+TONT20000SEPT!G29+TONT20000OCT!G29+TONT20000NOV!H29 -> 36000 | Q29: =TONT20000DEC2015!J29+TONT20000JANV!H29+TONT20000FEV!H29+TONT20000MARS!H29+TONT20000AVRIL!H29+TONT20000MAI!H29+TONT20000JUIN!H29+TONT20000JUIL!H29+TONT20000AOUT!H29+TONT20000SEPT!H29+TONT20000OCT!H29+TONT20000NOV!I29 -> 6000 | R29: =TONT20000DEC2015!K29+TONT20000JANV!I29+TONT20000FEV!I29+TONT20000MARS!I29+TONT20000AVRIL!I29+TONT20000MAI!I29+TONT20000JUIN!I29+TONT20000JUIL!I29+TONT20000AOUT!I29+TONT20000SEPT!I29+TONT20000OCT!I29+TONT20000NOV!J29 -> 12000 | S29: =TONT20000DEC2015!L29+TONT20000JANV!J29+TONT20000FEV!J29+TONT20000MARS!J29+TONT20000AVRIL!J29+TONT20000MAI!J29+TONT20000JUIN!J29+TONT20000JUIL!J29+TONT20000AOUT!J29+TONT20000SEPT!J29+TONT20000OCT!J29+TONT20000NOV!K29 -> 30000 | T29: =TONT20000DEC2015!M29+TONT20000JANV!K29+TONT20000FEV!K29+TONT20000MARS!K29+TONT20000AVRIL!K29+TONT20000MAI!K29+TONT20000JUIN!K29+TONT20000JUIL!K29+TONT20000AOUT!K29+TONT20000SEPT!K29+TONT20000OCT!K29+TONT20000NOV!L29 -> 0 | U29: =TONT20000DEC2015!N29+TONT20000JANV!L29+TONT20000FEV!L29+TONT20000MARS!L29+TONT20000AVRIL!L29+TONT20000MAI!L29+TONT20000JUIN!L29+TONT20000JUIL!L29+TONT20000AOUT!L29+TONT20000SEPT!L29+TONT20000OCT!L29+TONT20000NOV!M29 -> 156000 | V29: =TONT20000DEC2015!O29+TONT20000JANV!M29+TONT20000FEV!M29+TONT20000MARS!M29+TONT20000AVRIL!M29+TONT20000MAI!M29+TONT20000JUIN!M29+TONT20000JUIL!M29+TONT20000AOUT!M29+TONT20000SEPT!M29+TONT20000OCT!M29+TONT20000NOV!N29 -> 0 | ... AA29: =TONT20000DEC2015!T29+TONT20000JANV!R29+TONT20000FEV!R29+TONT20000MARS!R29+TONT20000AVRIL!R29+TONT20000MAI!R29+TONT20000JUIN!R29+TONT20000JUIL!R29+TONT20000AOUT!R29+TONT20000SEPT!R29+TONT20000OCT!R29+TONT20000NOV!S29 -> 0
A30: AS201625 | B30: =VLOOKUP(A30,LISTADHERENT!A$5:H$52,2,0) -> NGONGANG JEAN THEODORE | C30: =VLOOKUP(A30,FONDSDECAISSE!A$5:C$52,3,0) -> 0 | D30: 0 | E30: =C30+D30+P30 -> 17782 | F30: =TONT20000DEC2015!E30+TONT20000JANV!C30+TONT20000FEV!C30+TONT20000MARS!C30+TONT20000AVRIL!C30+TONT20000MAI!C30+TONT20000JUIN!C30+TONT20000JUIL!C30+TONT20000AOUT!C30+TONT20000SEPT!C30+TONT20000OCT!C30+TONT20000NOV!C30 -> 2520.1753 | G30: =TONT20000NOV!E30 -> 38520.175 | H30: =D30+F30+P30 -> 20302.175 | I30: =K30+L30+M30+N30 -> 20196 | J30: =H30-I30 -> 106.1753 | M30: =50000-29804 -> 20196 | N30: =48000-(Q30+R30+S30) -> 0 | O30: =TONT20000DEC2015!H30+TONT20000JANV!F30+TONT20000FEV!F30+TONT20000MARS!F30+TONT20000AVRIL!F30+TONT20000MAI!F30+TONT20000JUIN!F30+TONT20000JUIL!F30+TONT20000AOUT!F30+TONT20000SEPT!F30+TONT20000OCT!F30+TONT20000NOV!G30 -> 240000 | P30: =TONT20000DEC2015!I30+TONT20000JANV!G30+TONT20000FEV!G30+TONT20000MARS!G30+TONT20000AVRIL!G30+TONT20000MAI!G30+TONT20000JUIN!G30+TONT20000JUIL!G30+TONT20000AOUT!G30+TONT20000SEPT!G30+TONT20000OCT!G30+TONT20000NOV!H30-18218 -> 17782 | Q30: =TONT20000DEC2015!J30+TONT20000JANV!H30+TONT20000FEV!H30+TONT20000MARS!H30+TONT20000AVRIL!H30+TONT20000MAI!H30+TONT20000JUIN!H30+TONT20000JUIL!H30+TONT20000AOUT!H30+TONT20000SEPT!H30+TONT20000OCT!H30+TONT20000NOV!I30 -> 6000 | R30: =TONT20000DEC2015!K30+TONT20000JANV!I30+TONT20000FEV!I30+TONT20000MARS!I30+TONT20000AVRIL!I30+TONT20000MAI!I30+TONT20000JUIN!I30+TONT20000JUIL!I30+TONT20000AOUT!I30+TONT20000SEPT!I30+TONT20000OCT!I30+TONT20000NOV!J30 -> 12000 | S30: =TONT20000DEC2015!L30+TONT20000JANV!J30+TONT20000FEV!J30+TONT20000MARS!J30+TONT20000AVRIL!J30+TONT20000MAI!J30+TONT20000JUIN!J30+TONT20000JUIL!J30+TONT20000AOUT!J30+TONT20000SEPT!J30+TONT20000OCT!J30+TONT20000NOV!K30 -> 30000 | T30: =TONT20000DEC2015!M30+TONT20000JANV!K30+TONT20000FEV!K30+TONT20000MARS!K30+TONT20000AVRIL!K30+TONT20000MAI!K30+TONT20000JUIN!K30+TONT20000JUIL!K30+TONT20000AOUT!K30+TONT20000SEPT!K30+TONT20000OCT!K30+TONT20000NOV!L30 -> 0 | U30: =TONT20000DEC2015!N30+TONT20000JANV!L30+TONT20000FEV!L30+TONT20000MARS!L30+TONT20000AVRIL!L30+TONT20000MAI!L30+TONT20000JUIN!L30+TONT20000JUIL!L30+TONT20000AOUT!L30+TONT20000SEPT!L30+TONT20000OCT!L30+TONT20000NOV!M30 -> 156000 | V30: =TONT20000DEC2015!O30+TONT20000JANV!M30+TONT20000FEV!M30+TONT20000MARS!M30+TONT20000AVRIL!M30+TONT20000MAI!M30+TONT20000JUIN!M30+TONT20000JUIL!M30+TONT20000AOUT!M30+TONT20000SEPT!M30+TONT20000OCT!M30+TONT20000NOV!N30 -> 0 | W30: =TONT20000DEC2015!P30+TONT20000JANV!N30+TONT20000FEV!N30+TONT20000MARS!N30+TONT20000AVRIL!N30+TONT20000MAI!N30+TONT20000JUIN!N30+TONT20000JUIL!N30+TONT20000AOUT!N30+TONT20000SEPT!N30+TONT20000OCT!N30+TONT20000NOV!O30 -> 0 | X30: =TONT20000DEC2015!Q30+TONT20000JANV!O30+TONT20000FEV!O30+TONT20000MARS!O30+TONT20000AVRIL!O30+TONT20000MAI!O30+TONT20000JUIN!O30+TONT20000JUIL!O30+TONT20000AOUT!O30+TONT20000SEPT!O30+TONT20000OCT!O30+TONT20000NOV!P30 -> 0 | ... AA30: =TONT20000DEC2015!T30+TONT20000JANV!R30+TONT20000FEV!R30+TONT20000MARS!R30+TONT20000AVRIL!R30+TONT20000MAI!R30+TONT20000JUIN!R30+TONT20000JUIL!R30+TONT20000AOUT!R30+TONT20000SEPT!R30+TONT20000OCT!R30+TONT20000NOV!S30 -> 0
A31: AS201626 | B31: =VLOOKUP(A31,LISTADHERENT!A$5:H$52,2,0) -> NGUIEMEGNI MATHIEU BLAISE | C31: 390000 | D31: 0 | E31: =C31+D31+P31 -> 945945 | F31: =TONT20000DEC2015!E31+TONT20000JANV!C31+TONT20000FEV!C31+TONT20000MARS!C31+TONT20000AVRIL!C31+TONT20000MAI!C31+TONT20000JUIN!C31+TONT20000JUIL!C31+TONT20000AOUT!C31+TONT20000SEPT!C31+TONT20000OCT!C31+TONT20000NOV!C31 -> 39243.09 | G31: =TONT20000NOV!E31 -> 985188.09 | H31: =D31+F31+P31 -> 595188.09 | I31: =K31+L31+M31+N31 -> 30000 | J31: =H31-I31 -> 565188.09 | K31: 30000 | M31: 0 | N31: =48000-(Q31+R31+S31) -> 0 | O31: =TONT20000DEC2015!H31+TONT20000JANV!F31+TONT20000FEV!F31+TONT20000MARS!F31+TONT20000AVRIL!F31+TONT20000MAI!F31+TONT20000JUIN!F31+TONT20000JUIL!F31+TONT20000AOUT!F31+TONT20000SEPT!F31+TONT20000OCT!F31+TONT20000NOV!G31 -> 860000 | P31: =TONT20000DEC2015!I31+TONT20000JANV!G31+TONT20000FEV!G31+TONT20000MARS!G31+TONT20000AVRIL!G31+TONT20000MAI!G31+TONT20000JUIN!G31+TONT20000JUIL!G31+TONT20000AOUT!G31+TONT20000SEPT!G31+TONT20000OCT!G31+TONT20000NOV!H31 -> 555945 | Q31: =TONT20000DEC2015!J31+TONT20000JANV!H31+TONT20000FEV!H31+TONT20000MARS!H31+TONT20000AVRIL!H31+TONT20000MAI!H31+TONT20000JUIN!H31+TONT20000JUIL!H31+TONT20000AOUT!H31+TONT20000SEPT!H31+TONT20000OCT!H31+TONT20000NOV!I31 -> 6000 | R31: =TONT20000DEC2015!K31+TONT20000JANV!I31+TONT20000FEV!I31+TONT20000MARS!I31+TONT20000AVRIL!I31+TONT20000MAI!I31+TONT20000JUIN!I31+TONT20000JUIL!I31+TONT20000AOUT!I31+TONT20000SEPT!I31+TONT20000OCT!I31+TONT20000NOV!J31 -> 12000 | S31: =TONT20000DEC2015!L31+TONT20000JANV!J31+TONT20000FEV!J31+TONT20000MARS!J31+TONT20000AVRIL!J31+TONT20000MAI!J31+TONT20000JUIN!J31+TONT20000JUIL!J31+TONT20000AOUT!J31+TONT20000SEPT!J31+TONT20000OCT!J31+TONT20000NOV!K31 -> 30000 | T31: =TONT20000DEC2015!M31+TONT20000JANV!K31+TONT20000FEV!K31+TONT20000MARS!K31+TONT20000AVRIL!K31+TONT20000MAI!K31+TONT20000JUIN!K31+TONT20000JUIL!K31+TONT20000AOUT!K31+TONT20000SEPT!K31+TONT20000OCT!K31+TONT20000NOV!L31 -> 50000 | U31: =TONT20000DEC2015!N31+TONT20000JANV!L31+TONT20000FEV!L31+TONT20000MARS!L31+TONT20000AVRIL!L31+TONT20000MAI!L31+TONT20000JUIN!L31+TONT20000JUIL!L31+TONT20000AOUT!L31+TONT20000SEPT!L31+TONT20000OCT!L31+TONT20000NOV!M31 -> 156000 | V31: =TONT20000DEC2015!O31+TONT20000JANV!M31+TONT20000FEV!M31+TONT20000MARS!M31+TONT20000AVRIL!M31+TONT20000MAI!M31+TONT20000JUIN!M31+TONT20000JUIL!M31+TONT20000AOUT!M31+TONT20000SEPT!M31+TONT20000OCT!M31+TONT20000NOV!N31 -> 0 | ... AA31: =TONT20000DEC2015!T31+TONT20000JANV!R31+TONT20000FEV!R31+TONT20000MARS!R31+TONT20000AVRIL!R31+TONT20000MAI!R31+TONT20000JUIN!R31+TONT20000JUIL!R31+TONT20000AOUT!R31+TONT20000SEPT!R31+TONT20000OCT!R31+TONT20000NOV!S31 -> 0
A32: AS201627 | B32: =VLOOKUP(A32,LISTADHERENT!A$5:H$52,2,0) -> NJEPDJIO MBOUKAM DELUXE | C32: =VLOOKUP(A32,FONDSDECAISSE!A$5:C$52,3,0) -> 390000 | D32: 1734 | E32: =C32+D32+P32 -> 443734 | F32: =TONT20000DEC2015!E32+TONT20000JANV!C32+TONT20000FEV!C32+TONT20000MARS!C32+TONT20000AVRIL!C32+TONT20000MAI!C32+TONT20000JUIN!C32+TONT20000JUIL!C32+TONT20000AOUT!C32+TONT20000SEPT!C32+TONT20000OCT!C32+TONT20000NOV!C32 -> 49539.713 | G32: =TONT20000NOV!E32 -> 493273.71 | H32: =D32+F32+P32 -> 103273.71 | I32: =K32+L32+M32+N32 -> 80000 | J32: =H32-I32 -> 23273.713 | K32: 30000 | M32: 50000 | N32: =48000-(Q32+R32+S32) -> 0 | O32: =TONT20000DEC2015!H32+TONT20000JANV!F32+TONT20000FEV!F32+TONT20000MARS!F32+TONT20000AVRIL!F32+TONT20000MAI!F32+TONT20000JUIN!F32+TONT20000JUIL!F32+TONT20000AOUT!F32+TONT20000SEPT!F32+TONT20000OCT!F32+TONT20000NOV!G32 -> 256000 | P32: =TONT20000DEC2015!I32+TONT20000JANV!G32+TONT20000FEV!G32+TONT20000MARS!G32+TONT20000AVRIL!G32+TONT20000MAI!G32+TONT20000JUIN!G32+TONT20000JUIL!G32+TONT20000AOUT!G32+TONT20000SEPT!G32+TONT20000OCT!G32+TONT20000NOV!H32 -> 52000 | Q32: =TONT20000DEC2015!J32+TONT20000JANV!H32+TONT20000FEV!H32+TONT20000MARS!H32+TONT20000AVRIL!H32+TONT20000MAI!H32+TONT20000JUIN!H32+TONT20000JUIL!H32+TONT20000AOUT!H32+TONT20000SEPT!H32+TONT20000OCT!H32+TONT20000NOV!I32 -> 6000 | R32: =TONT20000DEC2015!K32+TONT20000JANV!I32+TONT20000FEV!I32+TONT20000MARS!I32+TONT20000AVRIL!I32+TONT20000MAI!I32+TONT20000JUIN!I32+TONT20000JUIL!I32+TONT20000AOUT!I32+TONT20000SEPT!I32+TONT20000OCT!I32+TONT20000NOV!J32 -> 12000 | S32: =TONT20000DEC2015!L32+TONT20000JANV!J32+TONT20000FEV!J32+TONT20000MARS!J32+TONT20000AVRIL!J32+TONT20000MAI!J32+TONT20000JUIN!J32+TONT20000JUIL!J32+TONT20000AOUT!J32+TONT20000SEPT!J32+TONT20000OCT!J32+TONT20000NOV!K32 -> 30000 | T32: =TONT20000DEC2015!M32+TONT20000JANV!K32+TONT20000FEV!K32+TONT20000MARS!K32+TONT20000AVRIL!K32+TONT20000MAI!K32+TONT20000JUIN!K32+TONT20000JUIL!K32+TONT20000AOUT!K32+TONT20000SEPT!K32+TONT20000OCT!K32+TONT20000NOV!L32 -> 0 | U32: =TONT20000DEC2015!N32+TONT20000JANV!L32+TONT20000FEV!L32+TONT20000MARS!L32+TONT20000AVRIL!L32+TONT20000MAI!L32+TONT20000JUIN!L32+TONT20000JUIL!L32+TONT20000AOUT!L32+TONT20000SEPT!L32+TONT20000OCT!L32+TONT20000NOV!M32 -> 156000 | V32: =TONT20000DEC2015!O32+TONT20000JANV!M32+TONT20000FEV!M32+TONT20000MARS!M32+TONT20000AVRIL!M32+TONT20000MAI!M32+TONT20000JUIN!M32+TONT20000JUIL!M32+TONT20000AOUT!M32+TONT20000SEPT!M32+TONT20000OCT!M32+TONT20000NOV!N32 -> 2000000 | ... AA32: =TONT20000DEC2015!T32+TONT20000JANV!R32+TONT20000FEV!R32+TONT20000MARS!R32+TONT20000AVRIL!R32+TONT20000MAI!R32+TONT20000JUIN!R32+TONT20000JUIL!R32+TONT20000AOUT!R32+TONT20000SEPT!R32+TONT20000OCT!R32+TONT20000NOV!S32 -> 0
A33: AS201628 | B33: =VLOOKUP(A33,LISTADHERENT!A$5:H$52,2,0) -> NKAMGANG JUSTIN DEJOLIE | C33: 72000 | D33: 0 | E33: =C33+D33+P33 -> 478259 | F33: =TONT20000DEC2015!E33+TONT20000JANV!C33+TONT20000FEV!C33+TONT20000MARS!C33+TONT20000AVRIL!C33+TONT20000MAI!C33+TONT20000JUIN!C33+TONT20000JUIL!C33+TONT20000AOUT!C33+TONT20000SEPT!C33+TONT20000OCT!C33+TONT20000NOV!C33 -> 22208.015 | G33: =TONT20000NOV!E33 -> 539008.02 | H33: =D33+F33+P33 -> 428467.02 | I33: =K33+L33+M33+N33 -> 43204 | J33: =H33-I33 -> 385263.02 | M33: =50000-6796 -> 43204 | N33: =48000-(Q33+R33+S33) -> 0 | O33: =TONT20000DEC2015!H33+TONT20000JANV!F33+TONT20000FEV!F33+TONT20000MARS!F33+TONT20000AVRIL!F33+TONT20000MAI!F33+TONT20000JUIN!F33+TONT20000JUIL!F33+TONT20000AOUT!F33+TONT20000SEPT!F33+TONT20000OCT!F33+TONT20000NOV!G33 -> 648800 | P33: =TONT20000DEC2015!I33+TONT20000JANV!G33+TONT20000FEV!G33+TONT20000MARS!G33+TONT20000AVRIL!G33+TONT20000MAI!G33+TONT20000JUIN!G33+TONT20000JUIL!G33+TONT20000AOUT!G33+TONT20000SEPT!G33+TONT20000OCT!G33+TONT20000NOV!H33-38541 -> 406259 | Q33: =TONT20000DEC2015!J33+TONT20000JANV!H33+TONT20000FEV!H33+TONT20000MARS!H33+TONT20000AVRIL!H33+TONT20000MAI!H33+TONT20000JUIN!H33+TONT20000JUIL!H33+TONT20000AOUT!H33+TONT20000SEPT!H33+TONT20000OCT!H33+TONT20000NOV!I33 -> 6000 | R33: =TONT20000DEC2015!K33+TONT20000JANV!I33+TONT20000FEV!I33+TONT20000MARS!I33+TONT20000AVRIL!I33+TONT20000MAI!I33+TONT20000JUIN!I33+TONT20000JUIL!I33+TONT20000AOUT!I33+TONT20000SEPT!I33+TONT20000OCT!I33+TONT20000NOV!J33 -> 12000 | S33: =TONT20000DEC2015!L33+TONT20000JANV!J33+TONT20000FEV!J33+TONT20000MARS!J33+TONT20000AVRIL!J33+TONT20000MAI!J33+TONT20000JUIN!J33+TONT20000JUIL!J33+TONT20000AOUT!J33+TONT20000SEPT!J33+TONT20000OCT!J33+TONT20000NOV!K33 -> 30000 | T33: =TONT20000DEC2015!M33+TONT20000JANV!K33+TONT20000FEV!K33+TONT20000MARS!K33+TONT20000AVRIL!K33+TONT20000MAI!K33+TONT20000JUIN!K33+TONT20000JUIL!K33+TONT20000AOUT!K33+TONT20000SEPT!K33+TONT20000OCT!K33+TONT20000NOV!L33 -> 0 | U33: =TONT20000DEC2015!N33+TONT20000JANV!L33+TONT20000FEV!L33+TONT20000MARS!L33+TONT20000AVRIL!L33+TONT20000MAI!L33+TONT20000JUIN!L33+TONT20000JUIL!L33+TONT20000AOUT!L33+TONT20000SEPT!L33+TONT20000OCT!L33+TONT20000NOV!M33 -> 156000 | V33: =TONT20000DEC2015!O33+TONT20000JANV!M33+TONT20000FEV!M33+TONT20000MARS!M33+TONT20000AVRIL!M33+TONT20000MAI!M33+TONT20000JUIN!M33+TONT20000JUIL!M33+TONT20000AOUT!M33+TONT20000SEPT!M33+TONT20000OCT!M33+TONT20000NOV!N33 -> 1000000 | W33: =TONT20000DEC2015!P33+TONT20000JANV!N33+TONT20000FEV!N33+TONT20000MARS!N33+TONT20000AVRIL!N33+TONT20000MAI!N33+TONT20000JUIN!N33+TONT20000JUIL!N33+TONT20000AOUT!N33+TONT20000SEPT!N33+TONT20000OCT!N33+TONT20000NOV!O33 -> 120000 | X33: =TONT20000DEC2015!Q33+TONT20000JANV!O33+TONT20000FEV!O33+TONT20000MARS!O33+TONT20000AVRIL!O33+TONT20000MAI!O33+TONT20000JUIN!O33+TONT20000JUIL!O33+TONT20000AOUT!O33+TONT20000SEPT!O33+TONT20000OCT!O33+TONT20000NOV!P33 -> 0 | ... AA33: =TONT20000DEC2015!T33+TONT20000JANV!R33+TONT20000FEV!R33+TONT20000MARS!R33+TONT20000AVRIL!R33+TONT20000MAI!R33+TONT20000JUIN!R33+TONT20000JUIL!R33+TONT20000AOUT!R33+TONT20000SEPT!R33+TONT20000OCT!R33+TONT20000NOV!S33 -> 0
A34: AS201629 | B34: =VLOOKUP(A34,LISTADHERENT!A$5:H$52,2,0) -> NKEPSEU DIEUDONNE | C34: =VLOOKUP(A34,FONDSDECAISSE!A$5:C$52,3,0) -> 390000 | D34: 8739 | E34: =C34+D34+P34 -> 494739 | F34: =TONT20000DEC2015!E34+TONT20000JANV!C34+TONT20000FEV!C34+TONT20000MARS!C34+TONT20000AVRIL!C34+TONT20000MAI!C34+TONT20000JUIN!C34+TONT20000JUIL!C34+TONT20000AOUT!C34+TONT20000SEPT!C34+TONT20000OCT!C34+TONT20000NOV!C34 -> 53033.969 | G34: =TONT20000NOV!E34 -> 547772.97 | H34: =D34+F34+P34 -> 157772.97 | I34: =K34+L34+M34+N34 -> 30000 | J34: =H34-I34 -> 127772.97 | K34: 30000 | M34: 0 | N34: =48000-(Q34+R34+S34) -> 0 | O34: =TONT20000DEC2015!H34+TONT20000JANV!F34+TONT20000FEV!F34+TONT20000MARS!F34+TONT20000AVRIL!F34+TONT20000MAI!F34+TONT20000JUIN!F34+TONT20000JUIL!F34+TONT20000AOUT!F34+TONT20000SEPT!F34+TONT20000OCT!F34+TONT20000NOV!G34 -> 350000 | P34: =TONT20000DEC2015!I34+TONT20000JANV!G34+TONT20000FEV!G34+TONT20000MARS!G34+TONT20000AVRIL!G34+TONT20000MAI!G34+TONT20000JUIN!G34+TONT20000JUIL!G34+TONT20000AOUT!G34+TONT20000SEPT!G34+TONT20000OCT!G34+TONT20000NOV!H34 -> 96000 | Q34: =TONT20000DEC2015!J34+TONT20000JANV!H34+TONT20000FEV!H34+TONT20000MARS!H34+TONT20000AVRIL!H34+TONT20000MAI!H34+TONT20000JUIN!H34+TONT20000JUIL!H34+TONT20000AOUT!H34+TONT20000SEPT!H34+TONT20000OCT!H34+TONT20000NOV!I34 -> 6000 | R34: =TONT20000DEC2015!K34+TONT20000JANV!I34+TONT20000FEV!I34+TONT20000MARS!I34+TONT20000AVRIL!I34+TONT20000MAI!I34+TONT20000JUIN!I34+TONT20000JUIL!I34+TONT20000AOUT!I34+TONT20000SEPT!I34+TONT20000OCT!I34+TONT20000NOV!J34 -> 12000 | S34: =TONT20000DEC2015!L34+TONT20000JANV!J34+TONT20000FEV!J34+TONT20000MARS!J34+TONT20000AVRIL!J34+TONT20000MAI!J34+TONT20000JUIN!J34+TONT20000JUIL!J34+TONT20000AOUT!J34+TONT20000SEPT!J34+TONT20000OCT!J34+TONT20000NOV!K34 -> 30000 | T34: =TONT20000DEC2015!M34+TONT20000JANV!K34+TONT20000FEV!K34+TONT20000MARS!K34+TONT20000AVRIL!K34+TONT20000MAI!K34+TONT20000JUIN!K34+TONT20000JUIL!K34+TONT20000AOUT!K34+TONT20000SEPT!K34+TONT20000OCT!K34+TONT20000NOV!L34 -> 50000 | U34: =TONT20000DEC2015!N34+TONT20000JANV!L34+TONT20000FEV!L34+TONT20000MARS!L34+TONT20000AVRIL!L34+TONT20000MAI!L34+TONT20000JUIN!L34+TONT20000JUIL!L34+TONT20000AOUT!L34+TONT20000SEPT!L34+TONT20000OCT!L34+TONT20000NOV!M34 -> 156000 | V34: =TONT20000DEC2015!O34+TONT20000JANV!M34+TONT20000FEV!M34+TONT20000MARS!M34+TONT20000AVRIL!M34+TONT20000MAI!M34+TONT20000JUIN!M34+TONT20000JUIL!M34+TONT20000AOUT!M34+TONT20000SEPT!M34+TONT20000OCT!M34+TONT20000NOV!N34 -> 600000 | ... AA34: =TONT20000DEC2015!T34+TONT20000JANV!R34+TONT20000FEV!R34+TONT20000MARS!R34+TONT20000AVRIL!R34+TONT20000MAI!R34+TONT20000JUIN!R34+TONT20000JUIL!R34+TONT20000AOUT!R34+TONT20000SEPT!R34+TONT20000OCT!R34+TONT20000NOV!S34 -> 0
A35: AS201630 | B35: =VLOOKUP(A35,LISTADHERENT!A$5:H$52,2,0) -> NKEPSEU HENANG RENE | C35: =VLOOKUP(A35,FONDSDECAISSE!A$5:C$52,3,0) -> 390000 | D35: 7983 | E35: =C35+D35+P35 -> 424983 | F35: =TONT20000DEC2015!E35+TONT20000JANV!C35+TONT20000FEV!C35+TONT20000MARS!C35+TONT20000AVRIL!C35+TONT20000MAI!C35+TONT20000JUIN!C35+TONT20000JUIL!C35+TONT20000AOUT!C35+TONT20000SEPT!C35+TONT20000OCT!C35+TONT20000NOV!C35 -> 48528.488 | G35: =TONT20000NOV!E35 -> 473511.49 | H35: =D35+F35+P35 -> 83511.488 | I35: =K35+L35+M35+N35 -> 42000 | J35: =H35-I35 -> 41511.488 | K35: 30000 | N35: =48000-(Q35+R35+S35) -> 12000 | O35: =TONT20000DEC2015!H35+TONT20000JANV!F35+TONT20000FEV!F35+TONT20000MARS!F35+TONT20000AVRIL!F35+TONT20000MAI!F35+TONT20000JUIN!F35+TONT20000JUIL!F35+TONT20000AOUT!F35+TONT20000SEPT!F35+TONT20000OCT!F35+TONT20000NOV!G35 -> 180000 | P35: =TONT20000DEC2015!I35+TONT20000JANV!G35+TONT20000FEV!G35+TONT20000MARS!G35+TONT20000AVRIL!G35+TONT20000MAI!G35+TONT20000JUIN!G35+TONT20000JUIL!G35+TONT20000AOUT!G35+TONT20000SEPT!G35+TONT20000OCT!G35+TONT20000NOV!H35 -> 27000 | Q35: =TONT20000DEC2015!J35+TONT20000JANV!H35+TONT20000FEV!H35+TONT20000MARS!H35+TONT20000AVRIL!H35+TONT20000MAI!H35+TONT20000JUIN!H35+TONT20000JUIL!H35+TONT20000AOUT!H35+TONT20000SEPT!H35+TONT20000OCT!H35+TONT20000NOV!I35 -> 4500 | R35: =TONT20000DEC2015!K35+TONT20000JANV!I35+TONT20000FEV!I35+TONT20000MARS!I35+TONT20000AVRIL!I35+TONT20000MAI!I35+TONT20000JUIN!I35+TONT20000JUIL!I35+TONT20000AOUT!I35+TONT20000SEPT!I35+TONT20000OCT!I35+TONT20000NOV!J35 -> 9000 | S35: =TONT20000DEC2015!L35+TONT20000JANV!J35+TONT20000FEV!J35+TONT20000MARS!J35+TONT20000AVRIL!J35+TONT20000MAI!J35+TONT20000JUIN!J35+TONT20000JUIL!J35+TONT20000AOUT!J35+TONT20000SEPT!J35+TONT20000OCT!J35+TONT20000NOV!K35 -> 22500 | T35: =TONT20000DEC2015!M35+TONT20000JANV!K35+TONT20000FEV!K35+TONT20000MARS!K35+TONT20000AVRIL!K35+TONT20000MAI!K35+TONT20000JUIN!K35+TONT20000JUIL!K35+TONT20000AOUT!K35+TONT20000SEPT!K35+TONT20000OCT!K35+TONT20000NOV!L35 -> 0 | U35: =TONT20000DEC2015!N35+TONT20000JANV!L35+TONT20000FEV!L35+TONT20000MARS!L35+TONT20000AVRIL!L35+TONT20000MAI!L35+TONT20000JUIN!L35+TONT20000JUIL!L35+TONT20000AOUT!L35+TONT20000SEPT!L35+TONT20000OCT!L35+TONT20000NOV!M35 -> 117000 | V35: =TONT20000DEC2015!O35+TONT20000JANV!M35+TONT20000FEV!M35+TONT20000MARS!M35+TONT20000AVRIL!M35+TONT20000MAI!M35+TONT20000JUIN!M35+TONT20000JUIL!M35+TONT20000AOUT!M35+TONT20000SEPT!M35+TONT20000OCT!M35+TONT20000NOV!N35 -> 0 | ... AA35: =TONT20000DEC2015!T35+TONT20000JANV!R35+TONT20000FEV!R35+TONT20000MARS!R35+TONT20000AVRIL!R35+TONT20000MAI!R35+TONT20000JUIN!R35+TONT20000JUIL!R35+TONT20000AOUT!R35+TONT20000SEPT!R35+TONT20000OCT!R35+TONT20000NOV!S35 -> 0
A36: AS201631 | B36: =VLOOKUP(A36,LISTADHERENT!A$5:H$52,2,0) -> NTEPDIE TUEMAC MZ | C36: =VLOOKUP(A36,FONDSDECAISSE!A$5:C$52,3,0) -> 0 | D36: 0 | E36: =C36+D36+P36 -> 15000 | F36: =TONT20000DEC2015!E36+TONT20000JANV!C36+TONT20000FEV!C36+TONT20000MARS!C36+TONT20000AVRIL!C36+TONT20000MAI!C36+TONT20000JUIN!C36+TONT20000JUIL!C36+TONT20000AOUT!C36+TONT20000SEPT!C36+TONT20000OCT!C36+TONT20000NOV!C36 -> 895.44928 | G36: =TONT20000NOV!E36 -> 15895.449 | H36: =D36+F36+P36 -> 15895.449 | I36: =K36+L36+M36+N36 -> 28000 | J36: =H36-I36 -> -12104.551 | N36: =48000-(Q36+R36+S36) -> 28000 | O36: =TONT20000DEC2015!H36+TONT20000JANV!F36+TONT20000FEV!F36+TONT20000MARS!F36+TONT20000AVRIL!F36+TONT20000MAI!F36+TONT20000JUIN!F36+TONT20000JUIL!F36+TONT20000AOUT!F36+TONT20000SEPT!F36+TONT20000OCT!F36+TONT20000NOV!G36 -> 100000 | P36: =TONT20000DEC2015!I36+TONT20000JANV!G36+TONT20000FEV!G36+TONT20000MARS!G36+TONT20000AVRIL!G36+TONT20000MAI!G36+TONT20000JUIN!G36+TONT20000JUIL!G36+TONT20000AOUT!G36+TONT20000SEPT!G36+TONT20000OCT!G36+TONT20000NOV!H36 -> 15000 | Q36: =TONT20000DEC2015!J36+TONT20000JANV!H36+TONT20000FEV!H36+TONT20000MARS!H36+TONT20000AVRIL!H36+TONT20000MAI!H36+TONT20000JUIN!H36+TONT20000JUIL!H36+TONT20000AOUT!H36+TONT20000SEPT!H36+TONT20000OCT!H36+TONT20000NOV!I36 -> 2500 | R36: =TONT20000DEC2015!K36+TONT20000JANV!I36+TONT20000FEV!I36+TONT20000MARS!I36+TONT20000AVRIL!I36+TONT20000MAI!I36+TONT20000JUIN!I36+TONT20000JUIL!I36+TONT20000AOUT!I36+TONT20000SEPT!I36+TONT20000OCT!I36+TONT20000NOV!J36 -> 5000 | S36: =TONT20000DEC2015!L36+TONT20000JANV!J36+TONT20000FEV!J36+TONT20000MARS!J36+TONT20000AVRIL!J36+TONT20000MAI!J36+TONT20000JUIN!J36+TONT20000JUIL!J36+TONT20000AOUT!J36+TONT20000SEPT!J36+TONT20000OCT!J36+TONT20000NOV!K36 -> 12500 | T36: =TONT20000DEC2015!M36+TONT20000JANV!K36+TONT20000FEV!K36+TONT20000MARS!K36+TONT20000AVRIL!K36+TONT20000MAI!K36+TONT20000JUIN!K36+TONT20000JUIL!K36+TONT20000AOUT!K36+TONT20000SEPT!K36+TONT20000OCT!K36+TONT20000NOV!L36 -> 0 | U36: =TONT20000DEC2015!N36+TONT20000JANV!L36+TONT20000FEV!L36+TONT20000MARS!L36+TONT20000AVRIL!L36+TONT20000MAI!L36+TONT20000JUIN!L36+TONT20000JUIL!L36+TONT20000AOUT!L36+TONT20000SEPT!L36+TONT20000OCT!L36+TONT20000NOV!M36 -> 65000 | V36: =TONT20000DEC2015!O36+TONT20000JANV!M36+TONT20000FEV!M36+TONT20000MARS!M36+TONT20000AVRIL!M36+TONT20000MAI!M36+TONT20000JUIN!M36+TONT20000JUIL!M36+TONT20000AOUT!M36+TONT20000SEPT!M36+TONT20000OCT!M36+TONT20000NOV!N36 -> 0 | ... AA36: =TONT20000DEC2015!T36+TONT20000JANV!R36+TONT20000FEV!R36+TONT20000MARS!R36+TONT20000AVRIL!R36+TONT20000MAI!R36+TONT20000JUIN!R36+TONT20000JUIL!R36+TONT20000AOUT!R36+TONT20000SEPT!R36+TONT20000OCT!R36+TONT20000NOV!S36 -> 0
A37: AS201632 | B37: =VLOOKUP(A37,LISTADHERENT!A$5:H$52,2,0) -> NTOMBOU ADOLPHE | C37: =VLOOKUP(A37,FONDSDECAISSE!A$5:C$52,3,0) -> 0 | D37: 0 | E37: =C37+D37+P37 -> 27000 | F37: =TONT20000DEC2015!E37+TONT20000JANV!C37+TONT20000FEV!C37+TONT20000MARS!C37+TONT20000AVRIL!C37+TONT20000MAI!C37+TONT20000JUIN!C37+TONT20000JUIL!C37+TONT20000AOUT!C37+TONT20000SEPT!C37+TONT20000OCT!C37+TONT20000NOV!C37 -> 2302.7955 | G37: =TONT20000NOV!E37 -> 29302.795 | H37: =D37+F37+P37 -> 29302.795 | I37: =K37+L37+M37+N37 -> 12000 | J37: =H37-I37 -> 17302.795 | N37: =48000-(Q37+R37+S37) -> 12000 | O37: =TONT20000DEC2015!H37+TONT20000JANV!F37+TONT20000FEV!F37+TONT20000MARS!F37+TONT20000AVRIL!F37+TONT20000MAI!F37+TONT20000JUIN!F37+TONT20000JUIL!F37+TONT20000AOUT!F37+TONT20000SEPT!F37+TONT20000OCT!F37+TONT20000NOV!G37 -> 180000 | P37: =TONT20000DEC2015!I37+TONT20000JANV!G37+TONT20000FEV!G37+TONT20000MARS!G37+TONT20000AVRIL!G37+TONT20000MAI!G37+TONT20000JUIN!G37+TONT20000JUIL!G37+TONT20000AOUT!G37+TONT20000SEPT!G37+TONT20000OCT!G37+TONT20000NOV!H37 -> 27000 | Q37: =TONT20000DEC2015!J37+TONT20000JANV!H37+TONT20000FEV!H37+TONT20000MARS!H37+TONT20000AVRIL!H37+TONT20000MAI!H37+TONT20000JUIN!H37+TONT20000JUIL!H37+TONT20000AOUT!H37+TONT20000SEPT!H37+TONT20000OCT!H37+TONT20000NOV!I37 -> 4500 | R37: =TONT20000DEC2015!K37+TONT20000JANV!I37+TONT20000FEV!I37+TONT20000MARS!I37+TONT20000AVRIL!I37+TONT20000MAI!I37+TONT20000JUIN!I37+TONT20000JUIL!I37+TONT20000AOUT!I37+TONT20000SEPT!I37+TONT20000OCT!I37+TONT20000NOV!J37 -> 9000 | S37: =TONT20000DEC2015!L37+TONT20000JANV!J37+TONT20000FEV!J37+TONT20000MARS!J37+TONT20000AVRIL!J37+TONT20000MAI!J37+TONT20000JUIN!J37+TONT20000JUIL!J37+TONT20000AOUT!J37+TONT20000SEPT!J37+TONT20000OCT!J37+TONT20000NOV!K37 -> 22500 | T37: =TONT20000DEC2015!M37+TONT20000JANV!K37+TONT20000FEV!K37+TONT20000MARS!K37+TONT20000AVRIL!K37+TONT20000MAI!K37+TONT20000JUIN!K37+TONT20000JUIL!K37+TONT20000AOUT!K37+TONT20000SEPT!K37+TONT20000OCT!K37+TONT20000NOV!L37 -> 0 | U37: =TONT20000DEC2015!N37+TONT20000JANV!L37+TONT20000FEV!L37+TONT20000MARS!L37+TONT20000AVRIL!L37+TONT20000MAI!L37+TONT20000JUIN!L37+TONT20000JUIL!L37+TONT20000AOUT!L37+TONT20000SEPT!L37+TONT20000OCT!L37+TONT20000NOV!M37 -> 117000 | V37: =TONT20000DEC2015!O37+TONT20000JANV!M37+TONT20000FEV!M37+TONT20000MARS!M37+TONT20000AVRIL!M37+TONT20000MAI!M37+TONT20000JUIN!M37+TONT20000JUIL!M37+TONT20000AOUT!M37+TONT20000SEPT!M37+TONT20000OCT!M37+TONT20000NOV!N37 -> 0 | ... AA37: =TONT20000DEC2015!T37+TONT20000JANV!R37+TONT20000FEV!R37+TONT20000MARS!R37+TONT20000AVRIL!R37+TONT20000MAI!R37+TONT20000JUIN!R37+TONT20000JUIL!R37+TONT20000AOUT!R37+TONT20000SEPT!R37+TONT20000OCT!R37+TONT20000NOV!S37 -> 0
A38: AS201633 | B38: =VLOOKUP(A38,LISTADHERENT!A$5:H$52,2,0) -> PATEGO NJOSSU GUSTAVE | C38: =VLOOKUP(A38,FONDSDECAISSE!A$5:C$52,3,0) -> 390000 | D38: 140 | E38: =C38+D38+P38 -> 426140 | F38: =TONT20000DEC2015!E38+TONT20000JANV!C38+TONT20000FEV!C38+TONT20000MARS!C38+TONT20000AVRIL!C38+TONT20000MAI!C38+TONT20000JUIN!C38+TONT20000JUIL!C38+TONT20000AOUT!C38+TONT20000SEPT!C38+TONT20000OCT!C38+TONT20000NOV!C38 -> 47834.904 | G38: =TONT20000NOV!E38 -> 473974.9 | H38: =D38+F38+P38 -> 83974.904 | I38: =K38+L38+M38+N38 -> 80000 | J38: =H38-I38 -> 3974.9039 | K38: 30000 | M38: 50000 | N38: =48000-(Q38+R38+S38) -> 0 | O38: =TONT20000DEC2015!H38+TONT20000JANV!F38+TONT20000FEV!F38+TONT20000MARS!F38+TONT20000AVRIL!F38+TONT20000MAI!F38+TONT20000JUIN!F38+TONT20000JUIL!F38+TONT20000AOUT!F38+TONT20000SEPT!F38+TONT20000OCT!F38+TONT20000NOV!G38 -> 240000 | P38: =TONT20000DEC2015!I38+TONT20000JANV!G38+TONT20000FEV!G38+TONT20000MARS!G38+TONT20000AVRIL!G38+TONT20000MAI!G38+TONT20000JUIN!G38+TONT20000JUIL!G38+TONT20000AOUT!G38+TONT20000SEPT!G38+TONT20000OCT!G38+TONT20000NOV!H38 -> 36000 | Q38: =TONT20000DEC2015!J38+TONT20000JANV!H38+TONT20000FEV!H38+TONT20000MARS!H38+TONT20000AVRIL!H38+TONT20000MAI!H38+TONT20000JUIN!H38+TONT20000JUIL!H38+TONT20000AOUT!H38+TONT20000SEPT!H38+TONT20000OCT!H38+TONT20000NOV!I38 -> 6000 | R38: =TONT20000DEC2015!K38+TONT20000JANV!I38+TONT20000FEV!I38+TONT20000MARS!I38+TONT20000AVRIL!I38+TONT20000MAI!I38+TONT20000JUIN!I38+TONT20000JUIL!I38+TONT20000AOUT!I38+TONT20000SEPT!I38+TONT20000OCT!I38+TONT20000NOV!J38 -> 12000 | S38: =TONT20000DEC2015!L38+TONT20000JANV!J38+TONT20000FEV!J38+TONT20000MARS!J38+TONT20000AVRIL!J38+TONT20000MAI!J38+TONT20000JUIN!J38+TONT20000JUIL!J38+TONT20000AOUT!J38+TONT20000SEPT!J38+TONT20000OCT!J38+TONT20000NOV!K38 -> 30000 | T38: =TONT20000DEC2015!M38+TONT20000JANV!K38+TONT20000FEV!K38+TONT20000MARS!K38+TONT20000AVRIL!K38+TONT20000MAI!K38+TONT20000JUIN!K38+TONT20000JUIL!K38+TONT20000AOUT!K38+TONT20000SEPT!K38+TONT20000OCT!K38+TONT20000NOV!L38 -> 0 | U38: =TONT20000DEC2015!N38+TONT20000JANV!L38+TONT20000FEV!L38+TONT20000MARS!L38+TONT20000AVRIL!L38+TONT20000MAI!L38+TONT20000JUIN!L38+TONT20000JUIL!L38+TONT20000AOUT!L38+TONT20000SEPT!L38+TONT20000OCT!L38+TONT20000NOV!M38 -> 156000 | V38: =TONT20000DEC2015!O38+TONT20000JANV!M38+TONT20000FEV!M38+TONT20000MARS!M38+TONT20000AVRIL!M38+TONT20000MAI!M38+TONT20000JUIN!M38+TONT20000JUIL!M38+TONT20000AOUT!M38+TONT20000SEPT!M38+TONT20000OCT!M38+TONT20000NOV!N38 -> 0 | ... AA38: =TONT20000DEC2015!T38+TONT20000JANV!R38+TONT20000FEV!R38+TONT20000MARS!R38+TONT20000AVRIL!R38+TONT20000MAI!R38+TONT20000JUIN!R38+TONT20000JUIL!R38+TONT20000AOUT!R38+TONT20000SEPT!R38+TONT20000OCT!R38+TONT20000NOV!S38 -> 0
A39: AS201634 | B39: =VLOOKUP(A39,LISTADHERENT!A$5:H$52,2,0) -> SEUNOU RICHELOT | C39: =VLOOKUP(A39,FONDSDECAISSE!A$5:C$52,3,0) -> 390000 | D39: 2632 | E39: =C39+D39+P39 -> 428632 | F39: =TONT20000DEC2015!E39+TONT20000JANV!C39+TONT20000FEV!C39+TONT20000MARS!C39+TONT20000AVRIL!C39+TONT20000MAI!C39+TONT20000JUIN!C39+TONT20000JUIL!C39+TONT20000AOUT!C39+TONT20000SEPT!C39+TONT20000OCT!C39+TONT20000NOV!C39 -> 48124.349 | G39: =TONT20000NOV!E39 -> 476756.35 | H39: =D39+F39+P39 -> 86756.349 | I39: =K39+L39+M39+N39 -> 80000 | J39: =H39-I39 -> 6756.3495 | K39: 30000 | M39: 50000 | N39: =48000-(Q39+R39+S39) -> 0 | O39: =TONT20000DEC2015!H39+TONT20000JANV!F39+TONT20000FEV!F39+TONT20000MARS!F39+TONT20000AVRIL!F39+TONT20000MAI!F39+TONT20000JUIN!F39+TONT20000JUIL!F39+TONT20000AOUT!F39+TONT20000SEPT!F39+TONT20000OCT!F39+TONT20000NOV!G39 -> 240000 | P39: =TONT20000DEC2015!I39+TONT20000JANV!G39+TONT20000FEV!G39+TONT20000MARS!G39+TONT20000AVRIL!G39+TONT20000MAI!G39+TONT20000JUIN!G39+TONT20000JUIL!G39+TONT20000AOUT!G39+TONT20000SEPT!G39+TONT20000OCT!G39+TONT20000NOV!H39 -> 36000 | Q39: =TONT20000DEC2015!J39+TONT20000JANV!H39+TONT20000FEV!H39+TONT20000MARS!H39+TONT20000AVRIL!H39+TONT20000MAI!H39+TONT20000JUIN!H39+TONT20000JUIL!H39+TONT20000AOUT!H39+TONT20000SEPT!H39+TONT20000OCT!H39+TONT20000NOV!I39 -> 6000 | R39: =TONT20000DEC2015!K39+TONT20000JANV!I39+TONT20000FEV!I39+TONT20000MARS!I39+TONT20000AVRIL!I39+TONT20000MAI!I39+TONT20000JUIN!I39+TONT20000JUIL!I39+TONT20000AOUT!I39+TONT20000SEPT!I39+TONT20000OCT!I39+TONT20000NOV!J39 -> 12000 | S39: =TONT20000DEC2015!L39+TONT20000JANV!J39+TONT20000FEV!J39+TONT20000MARS!J39+TONT20000AVRIL!J39+TONT20000MAI!J39+TONT20000JUIN!J39+TONT20000JUIL!J39+TONT20000AOUT!J39+TONT20000SEPT!J39+TONT20000OCT!J39+TONT20000NOV!K39 -> 30000 | T39: =TONT20000DEC2015!M39+TONT20000JANV!K39+TONT20000FEV!K39+TONT20000MARS!K39+TONT20000AVRIL!K39+TONT20000MAI!K39+TONT20000JUIN!K39+TONT20000JUIL!K39+TONT20000AOUT!K39+TONT20000SEPT!K39+TONT20000OCT!K39+TONT20000NOV!L39 -> 0 | U39: =TONT20000DEC2015!N39+TONT20000JANV!L39+TONT20000FEV!L39+TONT20000MARS!L39+TONT20000AVRIL!L39+TONT20000MAI!L39+TONT20000JUIN!L39+TONT20000JUIL!L39+TONT20000AOUT!L39+TONT20000SEPT!L39+TONT20000OCT!L39+TONT20000NOV!M39 -> 156000 | V39: =TONT20000DEC2015!O39+TONT20000JANV!M39+TONT20000FEV!M39+TONT20000MARS!M39+TONT20000AVRIL!M39+TONT20000MAI!M39+TONT20000JUIN!M39+TONT20000JUIL!M39+TONT20000AOUT!M39+TONT20000SEPT!M39+TONT20000OCT!M39+TONT20000NOV!N39 -> 1000000 | ... AA39: =TONT20000DEC2015!T39+TONT20000JANV!R39+TONT20000FEV!R39+TONT20000MARS!R39+TONT20000AVRIL!R39+TONT20000MAI!R39+TONT20000JUIN!R39+TONT20000JUIL!R39+TONT20000AOUT!R39+TONT20000SEPT!R39+TONT20000OCT!R39+TONT20000NOV!S39 -> 0
A40: AS201635 | B40: =VLOOKUP(A40,LISTADHERENT!A$5:H$52,2,0) -> SIME ABEL | C40: 390000 | D40: 0 | E40: =C40+D40+P40 -> 398873 | F40: =TONT20000DEC2015!E40+TONT20000JANV!C40+TONT20000FEV!C40+TONT20000MARS!C40+TONT20000AVRIL!C40+TONT20000MAI!C40+TONT20000JUIN!C40+TONT20000JUIL!C40+TONT20000AOUT!C40+TONT20000SEPT!C40+TONT20000OCT!C40+TONT20000NOV!C40 -> 15621.347 | G40: =TONT20000NOV!E40 -> 441621.35 | H40: =D40+F40+P40 -> 24494.347 | I40: =K40+L40+M40+N40 -> 24006 | J40: =H40-I40 -> 488.34748 | M40: =50000-25994 -> 24006 | N40: =48000-(Q40+R40+S40) -> 0 | O40: =TONT20000DEC2015!H40+TONT20000JANV!F40+TONT20000FEV!F40+TONT20000MARS!F40+TONT20000AVRIL!F40+TONT20000MAI!F40+TONT20000JUIN!F40+TONT20000JUIL!F40+TONT20000AOUT!F40+TONT20000SEPT!F40+TONT20000OCT!F40+TONT20000NOV!G40 -> 240000 | P40: =TONT20000DEC2015!I40+TONT20000JANV!G40+TONT20000FEV!G40+TONT20000MARS!G40+TONT20000AVRIL!G40+TONT20000MAI!G40+TONT20000JUIN!G40+TONT20000JUIL!G40+TONT20000AOUT!G40+TONT20000SEPT!G40+TONT20000OCT!G40+TONT20000NOV!H40-27127 -> 8873 | Q40: =TONT20000DEC2015!J40+TONT20000JANV!H40+TONT20000FEV!H40+TONT20000MARS!H40+TONT20000AVRIL!H40+TONT20000MAI!H40+TONT20000JUIN!H40+TONT20000JUIL!H40+TONT20000AOUT!H40+TONT20000SEPT!H40+TONT20000OCT!H40+TONT20000NOV!I40 -> 6000 | R40: =TONT20000DEC2015!K40+TONT20000JANV!I40+TONT20000FEV!I40+TONT20000MARS!I40+TONT20000AVRIL!I40+TONT20000MAI!I40+TONT20000JUIN!I40+TONT20000JUIL!I40+TONT20000AOUT!I40+TONT20000SEPT!I40+TONT20000OCT!I40+TONT20000NOV!J40 -> 12000 | S40: =TONT20000DEC2015!L40+TONT20000JANV!J40+TONT20000FEV!J40+TONT20000MARS!J40+TONT20000AVRIL!J40+TONT20000MAI!J40+TONT20000JUIN!J40+TONT20000JUIL!J40+TONT20000AOUT!J40+TONT20000SEPT!J40+TONT20000OCT!J40+TONT20000NOV!K40 -> 30000 | T40: =TONT20000DEC2015!M40+TONT20000JANV!K40+TONT20000FEV!K40+TONT20000MARS!K40+TONT20000AVRIL!K40+TONT20000MAI!K40+TONT20000JUIN!K40+TONT20000JUIL!K40+TONT20000AOUT!K40+TONT20000SEPT!K40+TONT20000OCT!K40+TONT20000NOV!L40 -> 0 | U40: =TONT20000DEC2015!N40+TONT20000JANV!L40+TONT20000FEV!L40+TONT20000MARS!L40+TONT20000AVRIL!L40+TONT20000MAI!L40+TONT20000JUIN!L40+TONT20000JUIL!L40+TONT20000AOUT!L40+TONT20000SEPT!L40+TONT20000OCT!L40+TONT20000NOV!M40 -> 156000 | V40: =TONT20000DEC2015!O40+TONT20000JANV!M40+TONT20000FEV!M40+TONT20000MARS!M40+TONT20000AVRIL!M40+TONT20000MAI!M40+TONT20000JUIN!M40+TONT20000JUIL!M40+TONT20000AOUT!M40+TONT20000SEPT!M40+TONT20000OCT!M40+TONT20000NOV!N40 -> 0 | W40: =TONT20000DEC2015!P40+TONT20000JANV!N40+TONT20000FEV!N40+TONT20000MARS!N40+TONT20000AVRIL!N40+TONT20000MAI!N40+TONT20000JUIN!N40+TONT20000JUIL!N40+TONT20000AOUT!N40+TONT20000SEPT!N40+TONT20000OCT!N40+TONT20000NOV!O40 -> 0 | X40: =TONT20000DEC2015!Q40+TONT20000JANV!O40+TONT20000FEV!O40+TONT20000MARS!O40+TONT20000AVRIL!O40+TONT20000MAI!O40+TONT20000JUIN!O40+TONT20000JUIL!O40+TONT20000AOUT!O40+TONT20000SEPT!O40+TONT20000OCT!O40+TONT20000NOV!P40 -> 0 | ... AA40: =TONT20000DEC2015!T40+TONT20000JANV!R40+TONT20000FEV!R40+TONT20000MARS!R40+TONT20000AVRIL!R40+TONT20000MAI!R40+TONT20000JUIN!R40+TONT20000JUIL!R40+TONT20000AOUT!R40+TONT20000SEPT!R40+TONT20000OCT!R40+TONT20000NOV!S40 -> 0
A41: AS201636 | B41: =VLOOKUP(A41,LISTADHERENT!A$5:H$52,2,0) -> SIME FONGANG ERIC | C41: =VLOOKUP(A41,FONDSDECAISSE!A$5:C$52,3,0) -> 390000 | D41: 982 | E41: =C41+D41+P41 -> 426982 | F41: =TONT20000DEC2015!E41+TONT20000JANV!C41+TONT20000FEV!C41+TONT20000MARS!C41+TONT20000AVRIL!C41+TONT20000MAI!C41+TONT20000JUIN!C41+TONT20000JUIL!C41+TONT20000AOUT!C41+TONT20000SEPT!C41+TONT20000OCT!C41+TONT20000NOV!C41 -> 47932.702 | G41: =TONT20000NOV!E41 -> 474914.7 | H41: =D41+F41+P41 -> 84914.702 | I41: =K41+L41+M41+N41 -> 80000 | J41: =H41-I41 -> 4914.7021 | K41: 30000 | M41: 50000 | N41: =48000-(Q41+R41+S41) -> 0 | O41: =TONT20000DEC2015!H41+TONT20000JANV!F41+TONT20000FEV!F41+TONT20000MARS!F41+TONT20000AVRIL!F41+TONT20000MAI!F41+TONT20000JUIN!F41+TONT20000JUIL!F41+TONT20000AOUT!F41+TONT20000SEPT!F41+TONT20000OCT!F41+TONT20000NOV!G41 -> 240000 | P41: =TONT20000DEC2015!I41+TONT20000JANV!G41+TONT20000FEV!G41+TONT20000MARS!G41+TONT20000AVRIL!G41+TONT20000MAI!G41+TONT20000JUIN!G41+TONT20000JUIL!G41+TONT20000AOUT!G41+TONT20000SEPT!G41+TONT20000OCT!G41+TONT20000NOV!H41 -> 36000 | Q41: =TONT20000DEC2015!J41+TONT20000JANV!H41+TONT20000FEV!H41+TONT20000MARS!H41+TONT20000AVRIL!H41+TONT20000MAI!H41+TONT20000JUIN!H41+TONT20000JUIL!H41+TONT20000AOUT!H41+TONT20000SEPT!H41+TONT20000OCT!H41+TONT20000NOV!I41 -> 6000 | R41: =TONT20000DEC2015!K41+TONT20000JANV!I41+TONT20000FEV!I41+TONT20000MARS!I41+TONT20000AVRIL!I41+TONT20000MAI!I41+TONT20000JUIN!I41+TONT20000JUIL!I41+TONT20000AOUT!I41+TONT20000SEPT!I41+TONT20000OCT!I41+TONT20000NOV!J41 -> 12000 | S41: =TONT20000DEC2015!L41+TONT20000JANV!J41+TONT20000FEV!J41+TONT20000MARS!J41+TONT20000AVRIL!J41+TONT20000MAI!J41+TONT20000JUIN!J41+TONT20000JUIL!J41+TONT20000AOUT!J41+TONT20000SEPT!J41+TONT20000OCT!J41+TONT20000NOV!K41 -> 30000 | T41: =TONT20000DEC2015!M41+TONT20000JANV!K41+TONT20000FEV!K41+TONT20000MARS!K41+TONT20000AVRIL!K41+TONT20000MAI!K41+TONT20000JUIN!K41+TONT20000JUIL!K41+TONT20000AOUT!K41+TONT20000SEPT!K41+TONT20000OCT!K41+TONT20000NOV!L41 -> 0 | U41: =TONT20000DEC2015!N41+TONT20000JANV!L41+TONT20000FEV!L41+TONT20000MARS!L41+TONT20000AVRIL!L41+TONT20000MAI!L41+TONT20000JUIN!L41+TONT20000JUIL!L41+TONT20000AOUT!L41+TONT20000SEPT!L41+TONT20000OCT!L41+TONT20000NOV!M41 -> 156000 | V41: =TONT20000DEC2015!O41+TONT20000JANV!M41+TONT20000FEV!M41+TONT20000MARS!M41+TONT20000AVRIL!M41+TONT20000MAI!M41+TONT20000JUIN!M41+TONT20000JUIL!M41+TONT20000AOUT!M41+TONT20000SEPT!M41+TONT20000OCT!M41+TONT20000NOV!N41 -> 1000000 | ... AA41: =TONT20000DEC2015!T41+TONT20000JANV!R41+TONT20000FEV!R41+TONT20000MARS!R41+TONT20000AVRIL!R41+TONT20000MAI!R41+TONT20000JUIN!R41+TONT20000JUIL!R41+TONT20000AOUT!R41+TONT20000SEPT!R41+TONT20000OCT!R41+TONT20000NOV!S41 -> 0
A42: AS201637 | B42: =VLOOKUP(A42,LISTADHERENT!A$5:H$52,2,0) -> SIME MATHIEU | C42: =VLOOKUP(A42,FONDSDECAISSE!A$5:C$52,3,0) -> 390000 | D42: 636 | E42: =C42+D42+P42 -> 426636 | F42: =TONT20000DEC2015!E42+TONT20000JANV!C42+TONT20000FEV!C42+TONT20000MARS!C42+TONT20000AVRIL!C42+TONT20000MAI!C42+TONT20000JUIN!C42+TONT20000JUIL!C42+TONT20000AOUT!C42+TONT20000SEPT!C42+TONT20000OCT!C42+TONT20000NOV!C42 -> 47892.514 | G42: =TONT20000NOV!E42 -> 474528.51 | H42: =D42+F42+P42 -> 84528.514 | I42: =K42+L42+M42+N42 -> 80000 | J42: =H42-I42 -> 4528.5142 | K42: 30000 | M42: 50000 | N42: =48000-(Q42+R42+S42) -> 0 | O42: =TONT20000DEC2015!H42+TONT20000JANV!F42+TONT20000FEV!F42+TONT20000MARS!F42+TONT20000AVRIL!F42+TONT20000MAI!F42+TONT20000JUIN!F42+TONT20000JUIL!F42+TONT20000AOUT!F42+TONT20000SEPT!F42+TONT20000OCT!F42+TONT20000NOV!G42 -> 240000 | P42: =TONT20000DEC2015!I42+TONT20000JANV!G42+TONT20000FEV!G42+TONT20000MARS!G42+TONT20000AVRIL!G42+TONT20000MAI!G42+TONT20000JUIN!G42+TONT20000JUIL!G42+TONT20000AOUT!G42+TONT20000SEPT!G42+TONT20000OCT!G42+TONT20000NOV!H42 -> 36000 | Q42: =TONT20000DEC2015!J42+TONT20000JANV!H42+TONT20000FEV!H42+TONT20000MARS!H42+TONT20000AVRIL!H42+TONT20000MAI!H42+TONT20000JUIN!H42+TONT20000JUIL!H42+TONT20000AOUT!H42+TONT20000SEPT!H42+TONT20000OCT!H42+TONT20000NOV!I42 -> 6000 | R42: =TONT20000DEC2015!K42+TONT20000JANV!I42+TONT20000FEV!I42+TONT20000MARS!I42+TONT20000AVRIL!I42+TONT20000MAI!I42+TONT20000JUIN!I42+TONT20000JUIL!I42+TONT20000AOUT!I42+TONT20000SEPT!I42+TONT20000OCT!I42+TONT20000NOV!J42 -> 12000 | S42: =TONT20000DEC2015!L42+TONT20000JANV!J42+TONT20000FEV!J42+TONT20000MARS!J42+TONT20000AVRIL!J42+TONT20000MAI!J42+TONT20000JUIN!J42+TONT20000JUIL!J42+TONT20000AOUT!J42+TONT20000SEPT!J42+TONT20000OCT!J42+TONT20000NOV!K42 -> 30000 | T42: =TONT20000DEC2015!M42+TONT20000JANV!K42+TONT20000FEV!K42+TONT20000MARS!K42+TONT20000AVRIL!K42+TONT20000MAI!K42+TONT20000JUIN!K42+TONT20000JUIL!K42+TONT20000AOUT!K42+TONT20000SEPT!K42+TONT20000OCT!K42+TONT20000NOV!L42 -> 0 | U42: =TONT20000DEC2015!N42+TONT20000JANV!L42+TONT20000FEV!L42+TONT20000MARS!L42+TONT20000AVRIL!L42+TONT20000MAI!L42+TONT20000JUIN!L42+TONT20000JUIL!L42+TONT20000AOUT!L42+TONT20000SEPT!L42+TONT20000OCT!L42+TONT20000NOV!M42 -> 156000 | V42: =TONT20000DEC2015!O42+TONT20000JANV!M42+TONT20000FEV!M42+TONT20000MARS!M42+TONT20000AVRIL!M42+TONT20000MAI!M42+TONT20000JUIN!M42+TONT20000JUIL!M42+TONT20000AOUT!M42+TONT20000SEPT!M42+TONT20000OCT!M42+TONT20000NOV!N42 -> 800000 | ... AA42: =TONT20000DEC2015!T42+TONT20000JANV!R42+TONT20000FEV!R42+TONT20000MARS!R42+TONT20000AVRIL!R42+TONT20000MAI!R42+TONT20000JUIN!R42+TONT20000JUIL!R42+TONT20000AOUT!R42+TONT20000SEPT!R42+TONT20000OCT!R42+TONT20000NOV!S42 -> 0
A43: AS201638 | B43: =VLOOKUP(A43,LISTADHERENT!A$5:H$52,2,0) -> SIME PIERRE | C43: =VLOOKUP(A43,FONDSDECAISSE!A$5:C$52,3,0) -> 390000 | D43: 146079 | E43: =C43+D43+P43 -> 1147306 | F43: =TONT20000DEC2015!E43+TONT20000JANV!C43+TONT20000FEV!C43+TONT20000MARS!C43+TONT20000AVRIL!C43+TONT20000MAI!C43+TONT20000JUIN!C43+TONT20000JUIL!C43+TONT20000AOUT!C43+TONT20000SEPT!C43+TONT20000OCT!C43+TONT20000NOV!C43 -> 121669.85 | G43: =TONT20000NOV!E43 -> 1268975.9 | H43: =D43+F43+P43 -> 878975.85 | I43: =K43+L43+M43+N43 -> 80000 | J43: =H43-I43 -> 798975.85 | K43: 30000 | M43: 50000 | N43: =48000-(Q43+R43+S43) -> 0 | O43: =TONT20000DEC2015!H43+TONT20000JANV!F43+TONT20000FEV!F43+TONT20000MARS!F43+TONT20000AVRIL!F43+TONT20000MAI!F43+TONT20000JUIN!F43+TONT20000JUIL!F43+TONT20000AOUT!F43+TONT20000SEPT!F43+TONT20000OCT!F43+TONT20000NOV!G43 -> 1130000 | P43: =TONT20000DEC2015!I43+TONT20000JANV!G43+TONT20000FEV!G43+TONT20000MARS!G43+TONT20000AVRIL!G43+TONT20000MAI!G43+TONT20000JUIN!G43+TONT20000JUIL!G43+TONT20000AOUT!G43+TONT20000SEPT!G43+TONT20000OCT!G43+TONT20000NOV!H43-854773+550000 -> 611227 | Q43: =TONT20000DEC2015!J43+TONT20000JANV!H43+TONT20000FEV!H43+TONT20000MARS!H43+TONT20000AVRIL!H43+TONT20000MAI!H43+TONT20000JUIN!H43+TONT20000JUIL!H43+TONT20000AOUT!H43+TONT20000SEPT!H43+TONT20000OCT!H43+TONT20000NOV!I43 -> 6000 | R43: =TONT20000DEC2015!K43+TONT20000JANV!I43+TONT20000FEV!I43+TONT20000MARS!I43+TONT20000AVRIL!I43+TONT20000MAI!I43+TONT20000JUIN!I43+TONT20000JUIL!I43+TONT20000AOUT!I43+TONT20000SEPT!I43+TONT20000OCT!I43+TONT20000NOV!J43 -> 12000 | S43: =TONT20000DEC2015!L43+TONT20000JANV!J43+TONT20000FEV!J43+TONT20000MARS!J43+TONT20000AVRIL!J43+TONT20000MAI!J43+TONT20000JUIN!J43+TONT20000JUIL!J43+TONT20000AOUT!J43+TONT20000SEPT!J43+TONT20000OCT!J43+TONT20000NOV!K43 -> 30000 | T43: =TONT20000DEC2015!M43+TONT20000JANV!K43+TONT20000FEV!K43+TONT20000MARS!K43+TONT20000AVRIL!K43+TONT20000MAI!K43+TONT20000JUIN!K43+TONT20000JUIL!K43+TONT20000AOUT!K43+TONT20000SEPT!K43+TONT20000OCT!K43+TONT20000NOV!L43 -> 10000 | U43: =TONT20000DEC2015!N43+TONT20000JANV!L43+TONT20000FEV!L43+TONT20000MARS!L43+TONT20000AVRIL!L43+TONT20000MAI!L43+TONT20000JUIN!L43+TONT20000JUIL!L43+TONT20000AOUT!L43+TONT20000SEPT!L43+TONT20000OCT!L43+TONT20000NOV!M43 -> 156000 | V43: =TONT20000DEC2015!O43+TONT20000JANV!M43+TONT20000FEV!M43+TONT20000MARS!M43+TONT20000AVRIL!M43+TONT20000MAI!M43+TONT20000JUIN!M43+TONT20000JUIL!M43+TONT20000AOUT!M43+TONT20000SEPT!M43+TONT20000OCT!M43+TONT20000NOV!N43 -> 1110000 | W43: =TONT20000DEC2015!P43+TONT20000JANV!N43+TONT20000FEV!N43+TONT20000MARS!N43+TONT20000AVRIL!N43+TONT20000MAI!N43+TONT20000JUIN!N43+TONT20000JUIL!N43+TONT20000AOUT!N43+TONT20000SEPT!N43+TONT20000OCT!N43+TONT20000NOV!O43 -> 84600 | X43: =TONT20000DEC2015!Q43+TONT20000JANV!O43+TONT20000FEV!O43+TONT20000MARS!O43+TONT20000AVRIL!O43+TONT20000MAI!O43+TONT20000JUIN!O43+TONT20000JUIL!O43+TONT20000AOUT!O43+TONT20000SEPT!O43+TONT20000OCT!O43+TONT20000NOV!P43 -> 540000 | ... AA43: =TONT20000DEC2015!T43+TONT20000JANV!R43+TONT20000FEV!R43+TONT20000MARS!R43+TONT20000AVRIL!R43+TONT20000MAI!R43+TONT20000JUIN!R43+TONT20000JUIL!R43+TONT20000AOUT!R43+TONT20000SEPT!R43+TONT20000OCT!R43+TONT20000NOV!S43 -> 0
A44: AS201639 | B44: =VLOOKUP(A44,LISTADHERENT!A$5:H$52,2,0) -> TAGNE NANGUEN MARTIN | C44: 390000 | D44: 0 | E44: =C44+D44+P44 -> 426000 | F44: =TONT20000DEC2015!E44+TONT20000JANV!C44+TONT20000FEV!C44+TONT20000MARS!C44+TONT20000AVRIL!C44+TONT20000MAI!C44+TONT20000JUIN!C44+TONT20000JUIL!C44+TONT20000AOUT!C44+TONT20000SEPT!C44+TONT20000OCT!C44+TONT20000NOV!C44 -> 15621.347 | G44: =TONT20000NOV!E44 -> 441621.35 | H44: =D44+F44+P44 -> 51621.347 | I44: =K44+L44+M44+N44 -> 50000 | J44: =H44-I44 -> 1621.3475 | M44: 50000 | N44: =48000-(Q44+R44+S44) -> 0 | O44: =TONT20000DEC2015!H44+TONT20000JANV!F44+TONT20000FEV!F44+TONT20000MARS!F44+TONT20000AVRIL!F44+TONT20000MAI!F44+TONT20000JUIN!F44+TONT20000JUIL!F44+TONT20000AOUT!F44+TONT20000SEPT!F44+TONT20000OCT!F44+TONT20000NOV!G44 -> 240000 | P44: =TONT20000DEC2015!I44+TONT20000JANV!G44+TONT20000FEV!G44+TONT20000MARS!G44+TONT20000AVRIL!G44+TONT20000MAI!G44+TONT20000JUIN!G44+TONT20000JUIL!G44+TONT20000AOUT!G44+TONT20000SEPT!G44+TONT20000OCT!G44+TONT20000NOV!H44 -> 36000 | Q44: =TONT20000DEC2015!J44+TONT20000JANV!H44+TONT20000FEV!H44+TONT20000MARS!H44+TONT20000AVRIL!H44+TONT20000MAI!H44+TONT20000JUIN!H44+TONT20000JUIL!H44+TONT20000AOUT!H44+TONT20000SEPT!H44+TONT20000OCT!H44+TONT20000NOV!I44 -> 6000 | R44: =TONT20000DEC2015!K44+TONT20000JANV!I44+TONT20000FEV!I44+TONT20000MARS!I44+TONT20000AVRIL!I44+TONT20000MAI!I44+TONT20000JUIN!I44+TONT20000JUIL!I44+TONT20000AOUT!I44+TONT20000SEPT!I44+TONT20000OCT!I44+TONT20000NOV!J44 -> 12000 | S44: =TONT20000DEC2015!L44+TONT20000JANV!J44+TONT20000FEV!J44+TONT20000MARS!J44+TONT20000AVRIL!J44+TONT20000MAI!J44+TONT20000JUIN!J44+TONT20000JUIL!J44+TONT20000AOUT!J44+TONT20000SEPT!J44+TONT20000OCT!J44+TONT20000NOV!K44 -> 30000 | T44: =TONT20000DEC2015!M44+TONT20000JANV!K44+TONT20000FEV!K44+TONT20000MARS!K44+TONT20000AVRIL!K44+TONT20000MAI!K44+TONT20000JUIN!K44+TONT20000JUIL!K44+TONT20000AOUT!K44+TONT20000SEPT!K44+TONT20000OCT!K44+TONT20000NOV!L44 -> 0 | U44: =TONT20000DEC2015!N44+TONT20000JANV!L44+TONT20000FEV!L44+TONT20000MARS!L44+TONT20000AVRIL!L44+TONT20000MAI!L44+TONT20000JUIN!L44+TONT20000JUIL!L44+TONT20000AOUT!L44+TONT20000SEPT!L44+TONT20000OCT!L44+TONT20000NOV!M44 -> 156000 | V44: =TONT20000DEC2015!O44+TONT20000JANV!M44+TONT20000FEV!M44+TONT20000MARS!M44+TONT20000AVRIL!M44+TONT20000MAI!M44+TONT20000JUIN!M44+TONT20000JUIL!M44+TONT20000AOUT!M44+TONT20000SEPT!M44+TONT20000OCT!M44+TONT20000NOV!N44 -> 0 | ... AA44: =TONT20000DEC2015!T44+TONT20000JANV!R44+TONT20000FEV!R44+TONT20000MARS!R44+TONT20000AVRIL!R44+TONT20000MAI!R44+TONT20000JUIN!R44+TONT20000JUIL!R44+TONT20000AOUT!R44+TONT20000SEPT!R44+TONT20000OCT!R44+TONT20000NOV!S44 -> 0
A45: AS201640 | B45: =VLOOKUP(A45,LISTADHERENT!A$5:H$52,2,0) -> TCHOUAMOU JEAN PAUL | C45: =VLOOKUP(A45,FONDSDECAISSE!A$5:C$52,3,0) -> 0 | D45: 0 | E45: =C45+D45+P45 -> 12323 | F45: =TONT20000DEC2015!E45+TONT20000JANV!C45+TONT20000FEV!C45+TONT20000MARS!C45+TONT20000AVRIL!C45+TONT20000MAI!C45+TONT20000JUIN!C45+TONT20000JUIL!C45+TONT20000AOUT!C45+TONT20000SEPT!C45+TONT20000OCT!C45+TONT20000NOV!C45 -> 2520.1753 | G45: =TONT20000NOV!E45 -> 38520.175 | H45: =D45+F45+P45 -> 14843.175 | I45: =K45+L45+M45+N45 -> 14737 | J45: =H45-I45 -> 106.1753 | M45: =50000-35263 -> 14737 | N45: =48000-(Q45+R45+S45) -> 0 | O45: =TONT20000DEC2015!H45+TONT20000JANV!F45+TONT20000FEV!F45+TONT20000MARS!F45+TONT20000AVRIL!F45+TONT20000MAI!F45+TONT20000JUIN!F45+TONT20000JUIL!F45+TONT20000AOUT!F45+TONT20000SEPT!F45+TONT20000OCT!F45+TONT20000NOV!G45 -> 290000 | P45: =TONT20000DEC2015!I45+TONT20000JANV!G45+TONT20000FEV!G45+TONT20000MARS!G45+TONT20000AVRIL!G45+TONT20000MAI!G45+TONT20000JUIN!G45+TONT20000JUIL!G45+TONT20000AOUT!G45+TONT20000SEPT!G45+TONT20000OCT!G45+TONT20000NOV!H45-23677 -> 12323 | Q45: =TONT20000DEC2015!J45+TONT20000JANV!H45+TONT20000FEV!H45+TONT20000MARS!H45+TONT20000AVRIL!H45+TONT20000MAI!H45+TONT20000JUIN!H45+TONT20000JUIL!H45+TONT20000AOUT!H45+TONT20000SEPT!H45+TONT20000OCT!H45+TONT20000NOV!I45 -> 6000 | R45: =TONT20000DEC2015!K45+TONT20000JANV!I45+TONT20000FEV!I45+TONT20000MARS!I45+TONT20000AVRIL!I45+TONT20000MAI!I45+TONT20000JUIN!I45+TONT20000JUIL!I45+TONT20000AOUT!I45+TONT20000SEPT!I45+TONT20000OCT!I45+TONT20000NOV!J45 -> 12000 | S45: =TONT20000DEC2015!L45+TONT20000JANV!J45+TONT20000FEV!J45+TONT20000MARS!J45+TONT20000AVRIL!J45+TONT20000MAI!J45+TONT20000JUIN!J45+TONT20000JUIL!J45+TONT20000AOUT!J45+TONT20000SEPT!J45+TONT20000OCT!J45+TONT20000NOV!K45 -> 30000 | T45: =TONT20000DEC2015!M45+TONT20000JANV!K45+TONT20000FEV!K45+TONT20000MARS!K45+TONT20000AVRIL!K45+TONT20000MAI!K45+TONT20000JUIN!K45+TONT20000JUIL!K45+TONT20000AOUT!K45+TONT20000SEPT!K45+TONT20000OCT!K45+TONT20000NOV!L45 -> 50000 | U45: =TONT20000DEC2015!N45+TONT20000JANV!L45+TONT20000FEV!L45+TONT20000MARS!L45+TONT20000AVRIL!L45+TONT20000MAI!L45+TONT20000JUIN!L45+TONT20000JUIL!L45+TONT20000AOUT!L45+TONT20000SEPT!L45+TONT20000OCT!L45+TONT20000NOV!M45 -> 156000 | V45: =TONT20000DEC2015!O45+TONT20000JANV!M45+TONT20000FEV!M45+TONT20000MARS!M45+TONT20000AVRIL!M45+TONT20000MAI!M45+TONT20000JUIN!M45+TONT20000JUIL!M45+TONT20000AOUT!M45+TONT20000SEPT!M45+TONT20000OCT!M45+TONT20000NOV!N45 -> 0 | W45: =TONT20000DEC2015!P45+TONT20000JANV!N45+TONT20000FEV!N45+TONT20000MARS!N45+TONT20000AVRIL!N45+TONT20000MAI!N45+TONT20000JUIN!N45+TONT20000JUIL!N45+TONT20000AOUT!N45+TONT20000SEPT!N45+TONT20000OCT!N45+TONT20000NOV!O45 -> 0 | X45: =TONT20000DEC2015!Q45+TONT20000JANV!O45+TONT20000FEV!O45+TONT20000MARS!O45+TONT20000AVRIL!O45+TONT20000MAI!O45+TONT20000JUIN!O45+TONT20000JUIL!O45+TONT20000AOUT!O45+TONT20000SEPT!O45+TONT20000OCT!O45+TONT20000NOV!P45 -> 0 | ... AA45: =TONT20000DEC2015!T45+TONT20000JANV!R45+TONT20000FEV!R45+TONT20000MARS!R45+TONT20000AVRIL!R45+TONT20000MAI!R45+TONT20000JUIN!R45+TONT20000JUIL!R45+TONT20000AOUT!R45+TONT20000SEPT!R45+TONT20000OCT!R45+TONT20000NOV!S45 -> 0
A46: AS201641 | B46: =VLOOKUP(A46,LISTADHERENT!A$5:H$52,2,0) -> TCHOUAMOU MATHIEU | C46: =VLOOKUP(A46,FONDSDECAISSE!A$5:C$52,3,0) -> 390000 | D46: 3437 | E46: =C46+D46+P46 -> 429437 | F46: =TONT20000DEC2015!E46+TONT20000JANV!C46+TONT20000FEV!C46+TONT20000MARS!C46+TONT20000AVRIL!C46+TONT20000MAI!C46+TONT20000JUIN!C46+TONT20000JUIL!C46+TONT20000AOUT!C46+TONT20000SEPT!C46+TONT20000OCT!C46+TONT20000NOV!C46 -> 48217.85 | G46: =TONT20000NOV!E46 -> 477654.85 | H46: =D46+F46+P46 -> 87654.85 | I46: =K46+L46+M46+N46 -> 80000 | J46: =H46-I46 -> 7654.8502 | K46: 30000 | M46: 50000 | N46: =48000-(Q46+R46+S46) -> 0 | O46: =TONT20000DEC2015!H46+TONT20000JANV!F46+TONT20000FEV!F46+TONT20000MARS!F46+TONT20000AVRIL!F46+TONT20000MAI!F46+TONT20000JUIN!F46+TONT20000JUIL!F46+TONT20000AOUT!F46+TONT20000SEPT!F46+TONT20000OCT!F46+TONT20000NOV!G46 -> 240000 | P46: =TONT20000DEC2015!I46+TONT20000JANV!G46+TONT20000FEV!G46+TONT20000MARS!G46+TONT20000AVRIL!G46+TONT20000MAI!G46+TONT20000JUIN!G46+TONT20000JUIL!G46+TONT20000AOUT!G46+TONT20000SEPT!G46+TONT20000OCT!G46+TONT20000NOV!H46 -> 36000 | Q46: =TONT20000DEC2015!J46+TONT20000JANV!H46+TONT20000FEV!H46+TONT20000MARS!H46+TONT20000AVRIL!H46+TONT20000MAI!H46+TONT20000JUIN!H46+TONT20000JUIL!H46+TONT20000AOUT!H46+TONT20000SEPT!H46+TONT20000OCT!H46+TONT20000NOV!I46 -> 6000 | R46: =TONT20000DEC2015!K46+TONT20000JANV!I46+TONT20000FEV!I46+TONT20000MARS!I46+TONT20000AVRIL!I46+TONT20000MAI!I46+TONT20000JUIN!I46+TONT20000JUIL!I46+TONT20000AOUT!I46+TONT20000SEPT!I46+TONT20000OCT!I46+TONT20000NOV!J46 -> 12000 | S46: =TONT20000DEC2015!L46+TONT20000JANV!J46+TONT20000FEV!J46+TONT20000MARS!J46+TONT20000AVRIL!J46+TONT20000MAI!J46+TONT20000JUIN!J46+TONT20000JUIL!J46+TONT20000AOUT!J46+TONT20000SEPT!J46+TONT20000OCT!J46+TONT20000NOV!K46 -> 30000 | T46: =TONT20000DEC2015!M46+TONT20000JANV!K46+TONT20000FEV!K46+TONT20000MARS!K46+TONT20000AVRIL!K46+TONT20000MAI!K46+TONT20000JUIN!K46+TONT20000JUIL!K46+TONT20000AOUT!K46+TONT20000SEPT!K46+TONT20000OCT!K46+TONT20000NOV!L46 -> 0 | U46: =TONT20000DEC2015!N46+TONT20000JANV!L46+TONT20000FEV!L46+TONT20000MARS!L46+TONT20000AVRIL!L46+TONT20000MAI!L46+TONT20000JUIN!L46+TONT20000JUIL!L46+TONT20000AOUT!L46+TONT20000SEPT!L46+TONT20000OCT!L46+TONT20000NOV!M46 -> 156000 | V46: =TONT20000DEC2015!O46+TONT20000JANV!M46+TONT20000FEV!M46+TONT20000MARS!M46+TONT20000AVRIL!M46+TONT20000MAI!M46+TONT20000JUIN!M46+TONT20000JUIL!M46+TONT20000AOUT!M46+TONT20000SEPT!M46+TONT20000OCT!M46+TONT20000NOV!N46 -> 1500000 | ... AA46: =TONT20000DEC2015!T46+TONT20000JANV!R46+TONT20000FEV!R46+TONT20000MARS!R46+TONT20000AVRIL!R46+TONT20000MAI!R46+TONT20000JUIN!R46+TONT20000JUIL!R46+TONT20000AOUT!R46+TONT20000SEPT!R46+TONT20000OCT!R46+TONT20000NOV!S46 -> 0
A47: AS201642 | B47: =VLOOKUP(A47,LISTADHERENT!A$5:H$52,2,0) -> TCHOUANTE FRANCOIS | C47: 325719 | D47: 4925 | E47: =C47+D47+P47 -> 393644 | F47: =TONT20000DEC2015!E47+TONT20000JANV!C47+TONT20000FEV!C47+TONT20000MARS!C47+TONT20000AVRIL!C47+TONT20000MAI!C47+TONT20000JUIN!C47+TONT20000JUIL!C47+TONT20000AOUT!C47+TONT20000SEPT!C47+TONT20000OCT!C47+TONT20000NOV!C47 -> 37907.07 | G47: =TONT20000NOV!E47 -> 431551.07 | H47: =D47+F47+P47 -> 105832.07 | I47: =K47+L47+M47+N47 -> 80000 | J47: =H47-I47 -> 25832.07 | K47: 30000 | M47: 50000 | N47: =48000-(Q47+R47+S47) -> 0 | O47: =TONT20000DEC2015!H47+TONT20000JANV!F47+TONT20000FEV!F47+TONT20000MARS!F47+TONT20000AVRIL!F47+TONT20000MAI!F47+TONT20000JUIN!F47+TONT20000JUIL!F47+TONT20000AOUT!F47+TONT20000SEPT!F47+TONT20000OCT!F47+TONT20000NOV!G47 -> 267000 | P47: =TONT20000DEC2015!I47+TONT20000JANV!G47+TONT20000FEV!G47+TONT20000MARS!G47+TONT20000AVRIL!G47+TONT20000MAI!G47+TONT20000JUIN!G47+TONT20000JUIL!G47+TONT20000AOUT!G47+TONT20000SEPT!G47+TONT20000OCT!G47+TONT20000NOV!H47 -> 63000 | Q47: =TONT20000DEC2015!J47+TONT20000JANV!H47+TONT20000FEV!H47+TONT20000MARS!H47+TONT20000AVRIL!H47+TONT20000MAI!H47+TONT20000JUIN!H47+TONT20000JUIL!H47+TONT20000AOUT!H47+TONT20000SEPT!H47+TONT20000OCT!H47+TONT20000NOV!I47 -> 6000 | R47: =TONT20000DEC2015!K47+TONT20000JANV!I47+TONT20000FEV!I47+TONT20000MARS!I47+TONT20000AVRIL!I47+TONT20000MAI!I47+TONT20000JUIN!I47+TONT20000JUIL!I47+TONT20000AOUT!I47+TONT20000SEPT!I47+TONT20000OCT!I47+TONT20000NOV!J47 -> 12000 | S47: =TONT20000DEC2015!L47+TONT20000JANV!J47+TONT20000FEV!J47+TONT20000MARS!J47+TONT20000AVRIL!J47+TONT20000MAI!J47+TONT20000JUIN!J47+TONT20000JUIL!J47+TONT20000AOUT!J47+TONT20000SEPT!J47+TONT20000OCT!J47+TONT20000NOV!K47 -> 30000 | T47: =TONT20000DEC2015!M47+TONT20000JANV!K47+TONT20000FEV!K47+TONT20000MARS!K47+TONT20000AVRIL!K47+TONT20000MAI!K47+TONT20000JUIN!K47+TONT20000JUIL!K47+TONT20000AOUT!K47+TONT20000SEPT!K47+TONT20000OCT!K47+TONT20000NOV!L47 -> 0 | U47: =TONT20000DEC2015!N47+TONT20000JANV!L47+TONT20000FEV!L47+TONT20000MARS!L47+TONT20000AVRIL!L47+TONT20000MAI!L47+TONT20000JUIN!L47+TONT20000JUIL!L47+TONT20000AOUT!L47+TONT20000SEPT!L47+TONT20000OCT!L47+TONT20000NOV!M47 -> 156000 | V47: =TONT20000DEC2015!O47+TONT20000JANV!M47+TONT20000FEV!M47+TONT20000MARS!M47+TONT20000AVRIL!M47+TONT20000MAI!M47+TONT20000JUIN!M47+TONT20000JUIL!M47+TONT20000AOUT!M47+TONT20000SEPT!M47+TONT20000OCT!M47+TONT20000NOV!N47 -> 1250000 | ... AA47: =TONT20000DEC2015!T47+TONT20000JANV!R47+TONT20000FEV!R47+TONT20000MARS!R47+TONT20000AVRIL!R47+TONT20000MAI!R47+TONT20000JUIN!R47+TONT20000JUIL!R47+TONT20000AOUT!R47+TONT20000SEPT!R47+TONT20000OCT!R47+TONT20000NOV!S47 -> 0
A48: AS201643 | B48: =VLOOKUP(A48,LISTADHERENT!A$5:H$52,2,0) -> TCHOUTOU NANA CLAUDE | C48: =VLOOKUP(A48,FONDSDECAISSE!A$5:C$52,3,0) -> 0 | D48: 0 | E48: =C48+D48+P48 -> 14126 | F48: =TONT20000DEC2015!E48+TONT20000JANV!C48+TONT20000FEV!C48+TONT20000MARS!C48+TONT20000AVRIL!C48+TONT20000MAI!C48+TONT20000JUIN!C48+TONT20000JUIL!C48+TONT20000AOUT!C48+TONT20000SEPT!C48+TONT20000OCT!C48+TONT20000NOV!C48 -> 1437.0428 | G48: =TONT20000NOV!E48 -> 25437.043 | H48: =D48+F48+P48 -> 15563.043 | I48: =K48+L48+M48+N48 -> 16000 | J48: =H48-I48 -> -436.95716 | N48: =48000-(Q48+R48+S48) -> 16000 | O48: =TONT20000DEC2015!H48+TONT20000JANV!F48+TONT20000FEV!F48+TONT20000MARS!F48+TONT20000AVRIL!F48+TONT20000MAI!F48+TONT20000JUIN!F48+TONT20000JUIL!F48+TONT20000AOUT!F48+TONT20000SEPT!F48+TONT20000OCT!F48+TONT20000NOV!G48 -> 160000 | P48: =TONT20000DEC2015!I48+TONT20000JANV!G48+TONT20000FEV!G48+TONT20000MARS!G48+TONT20000AVRIL!G48+TONT20000MAI!G48+TONT20000JUIN!G48+TONT20000JUIL!G48+TONT20000AOUT!G48+TONT20000SEPT!G48+TONT20000OCT!G48+TONT20000NOV!H48-9874 -> 14126 | Q48: =TONT20000DEC2015!J48+TONT20000JANV!H48+TONT20000FEV!H48+TONT20000MARS!H48+TONT20000AVRIL!H48+TONT20000MAI!H48+TONT20000JUIN!H48+TONT20000JUIL!H48+TONT20000AOUT!H48+TONT20000SEPT!H48+TONT20000OCT!H48+TONT20000NOV!I48 -> 4000 | R48: =TONT20000DEC2015!K48+TONT20000JANV!I48+TONT20000FEV!I48+TONT20000MARS!I48+TONT20000AVRIL!I48+TONT20000MAI!I48+TONT20000JUIN!I48+TONT20000JUIL!I48+TONT20000AOUT!I48+TONT20000SEPT!I48+TONT20000OCT!I48+TONT20000NOV!J48 -> 8000 | S48: =TONT20000DEC2015!L48+TONT20000JANV!J48+TONT20000FEV!J48+TONT20000MARS!J48+TONT20000AVRIL!J48+TONT20000MAI!J48+TONT20000JUIN!J48+TONT20000JUIL!J48+TONT20000AOUT!J48+TONT20000SEPT!J48+TONT20000OCT!J48+TONT20000NOV!K48 -> 20000 | T48: =TONT20000DEC2015!M48+TONT20000JANV!K48+TONT20000FEV!K48+TONT20000MARS!K48+TONT20000AVRIL!K48+TONT20000MAI!K48+TONT20000JUIN!K48+TONT20000JUIL!K48+TONT20000AOUT!K48+TONT20000SEPT!K48+TONT20000OCT!K48+TONT20000NOV!L48 -> 0 | U48: =TONT20000DEC2015!N48+TONT20000JANV!L48+TONT20000FEV!L48+TONT20000MARS!L48+TONT20000AVRIL!L48+TONT20000MAI!L48+TONT20000JUIN!L48+TONT20000JUIL!L48+TONT20000AOUT!L48+TONT20000SEPT!L48+TONT20000OCT!L48+TONT20000NOV!M48 -> 104000 | V48: =TONT20000DEC2015!O48+TONT20000JANV!M48+TONT20000FEV!M48+TONT20000MARS!M48+TONT20000AVRIL!M48+TONT20000MAI!M48+TONT20000JUIN!M48+TONT20000JUIL!M48+TONT20000AOUT!M48+TONT20000SEPT!M48+TONT20000OCT!M48+TONT20000NOV!N48 -> 0 | W48: =TONT20000DEC2015!P48+TONT20000JANV!N48+TONT20000FEV!N48+TONT20000MARS!N48+TONT20000AVRIL!N48+TONT20000MAI!N48+TONT20000JUIN!N48+TONT20000JUIL!N48+TONT20000AOUT!N48+TONT20000SEPT!N48+TONT20000OCT!N48+TONT20000NOV!O48 -> 0 | X48: =TONT20000DEC2015!Q48+TONT20000JANV!O48+TONT20000FEV!O48+TONT20000MARS!O48+TONT20000AVRIL!O48+TONT20000MAI!O48+TONT20000JUIN!O48+TONT20000JUIL!O48+TONT20000AOUT!O48+TONT20000SEPT!O48+TONT20000OCT!O48+TONT20000NOV!P48 -> 0 | ... AA48: =TONT20000DEC2015!T48+TONT20000JANV!R48+TONT20000FEV!R48+TONT20000MARS!R48+TONT20000AVRIL!R48+TONT20000MAI!R48+TONT20000JUIN!R48+TONT20000JUIL!R48+TONT20000AOUT!R48+TONT20000SEPT!R48+TONT20000OCT!R48+TONT20000NOV!S48 -> 0
A49: AS201644 | B49: =VLOOKUP(A49,LISTADHERENT!A$5:H$52,2,0) -> TIEYAM ERNEST | C49: =VLOOKUP(A49,FONDSDECAISSE!A$5:C$52,3,0) -> 390000 | D49: 804 | E49: =C49+D49+P49 -> 426804 | F49: =TONT20000DEC2015!E49+TONT20000JANV!C49+TONT20000FEV!C49+TONT20000MARS!C49+TONT20000AVRIL!C49+TONT20000MAI!C49+TONT20000JUIN!C49+TONT20000JUIL!C49+TONT20000AOUT!C49+TONT20000SEPT!C49+TONT20000OCT!C49+TONT20000NOV!C49 -> 47789.289 | G49: =TONT20000NOV!E49 -> 474593.29 | H49: =D49+F49+P49 -> 84593.289 | I49: =K49+L49+M49+N49 -> 80000 | J49: =H49-I49 -> 4593.2893 | K49: 30000 | M49: 50000 | N49: =48000-(Q49+R49+S49) -> 0 | O49: =TONT20000DEC2015!H49+TONT20000JANV!F49+TONT20000FEV!F49+TONT20000MARS!F49+TONT20000AVRIL!F49+TONT20000MAI!F49+TONT20000JUIN!F49+TONT20000JUIL!F49+TONT20000AOUT!F49+TONT20000SEPT!F49+TONT20000OCT!F49+TONT20000NOV!G49 -> 240000 | P49: =TONT20000DEC2015!I49+TONT20000JANV!G49+TONT20000FEV!G49+TONT20000MARS!G49+TONT20000AVRIL!G49+TONT20000MAI!G49+TONT20000JUIN!G49+TONT20000JUIL!G49+TONT20000AOUT!G49+TONT20000SEPT!G49+TONT20000OCT!G49+TONT20000NOV!H49 -> 36000 | Q49: =TONT20000DEC2015!J49+TONT20000JANV!H49+TONT20000FEV!H49+TONT20000MARS!H49+TONT20000AVRIL!H49+TONT20000MAI!H49+TONT20000JUIN!H49+TONT20000JUIL!H49+TONT20000AOUT!H49+TONT20000SEPT!H49+TONT20000OCT!H49+TONT20000NOV!I49 -> 6000 | R49: =TONT20000DEC2015!K49+TONT20000JANV!I49+TONT20000FEV!I49+TONT20000MARS!I49+TONT20000AVRIL!I49+TONT20000MAI!I49+TONT20000JUIN!I49+TONT20000JUIL!I49+TONT20000AOUT!I49+TONT20000SEPT!I49+TONT20000OCT!I49+TONT20000NOV!J49 -> 12000 | S49: =TONT20000DEC2015!L49+TONT20000JANV!J49+TONT20000FEV!J49+TONT20000MARS!J49+TONT20000AVRIL!J49+TONT20000MAI!J49+TONT20000JUIN!J49+TONT20000JUIL!J49+TONT20000AOUT!J49+TONT20000SEPT!J49+TONT20000OCT!J49+TONT20000NOV!K49 -> 30000 | T49: =TONT20000DEC2015!M49+TONT20000JANV!K49+TONT20000FEV!K49+TONT20000MARS!K49+TONT20000AVRIL!K49+TONT20000MAI!K49+TONT20000JUIN!K49+TONT20000JUIL!K49+TONT20000AOUT!K49+TONT20000SEPT!K49+TONT20000OCT!K49+TONT20000NOV!L49 -> 0 | U49: =TONT20000DEC2015!N49+TONT20000JANV!L49+TONT20000FEV!L49+TONT20000MARS!L49+TONT20000AVRIL!L49+TONT20000MAI!L49+TONT20000JUIN!L49+TONT20000JUIL!L49+TONT20000AOUT!L49+TONT20000SEPT!L49+TONT20000OCT!L49+TONT20000NOV!M49 -> 156000 | V49: =TONT20000DEC2015!O49+TONT20000JANV!M49+TONT20000FEV!M49+TONT20000MARS!M49+TONT20000AVRIL!M49+TONT20000MAI!M49+TONT20000JUIN!M49+TONT20000JUIL!M49+TONT20000AOUT!M49+TONT20000SEPT!M49+TONT20000OCT!M49+TONT20000NOV!N49 -> 1000000 | ... AA49: =TONT20000DEC2015!T49+TONT20000JANV!R49+TONT20000FEV!R49+TONT20000MARS!R49+TONT20000AVRIL!R49+TONT20000MAI!R49+TONT20000JUIN!R49+TONT20000JUIL!R49+TONT20000AOUT!R49+TONT20000SEPT!R49+TONT20000OCT!R49+TONT20000NOV!S49 -> 0
A50: AS201645 | B50: =VLOOKUP(A50,LISTADHERENT!A$5:H$52,2,0) -> TUGMA PIERRE LOTI | C50: =VLOOKUP(A50,FONDSDECAISSE!A$5:C$52,3,0) -> 390000 | D50: 17636 | E50: =C50+D50+P50 -> 443636 | F50: =TONT20000DEC2015!E50+TONT20000JANV!C50+TONT20000FEV!C50+TONT20000MARS!C50+TONT20000AVRIL!C50+TONT20000MAI!C50+TONT20000JUIN!C50+TONT20000JUIL!C50+TONT20000AOUT!C50+TONT20000SEPT!C50+TONT20000OCT!C50+TONT20000NOV!C50 -> 49867.063 | G50: =TONT20000NOV!E50 -> 493503.06 | H50: =D50+F50+P50 -> 103503.06 | I50: =K50+L50+M50+N50 -> 80000 | J50: =H50-I50 -> 23503.063 | K50: 30000 | M50: 50000 | N50: =48000-(Q50+R50+S50) -> 0 | O50: =TONT20000DEC2015!H50+TONT20000JANV!F50+TONT20000FEV!F50+TONT20000MARS!F50+TONT20000AVRIL!F50+TONT20000MAI!F50+TONT20000JUIN!F50+TONT20000JUIL!F50+TONT20000AOUT!F50+TONT20000SEPT!F50+TONT20000OCT!F50+TONT20000NOV!G50 -> 240000 | P50: =TONT20000DEC2015!I50+TONT20000JANV!G50+TONT20000FEV!G50+TONT20000MARS!G50+TONT20000AVRIL!G50+TONT20000MAI!G50+TONT20000JUIN!G50+TONT20000JUIL!G50+TONT20000AOUT!G50+TONT20000SEPT!G50+TONT20000OCT!G50+TONT20000NOV!H50 -> 36000 | Q50: =TONT20000DEC2015!J50+TONT20000JANV!H50+TONT20000FEV!H50+TONT20000MARS!H50+TONT20000AVRIL!H50+TONT20000MAI!H50+TONT20000JUIN!H50+TONT20000JUIL!H50+TONT20000AOUT!H50+TONT20000SEPT!H50+TONT20000OCT!H50+TONT20000NOV!I50 -> 6000 | R50: =TONT20000DEC2015!K50+TONT20000JANV!I50+TONT20000FEV!I50+TONT20000MARS!I50+TONT20000AVRIL!I50+TONT20000MAI!I50+TONT20000JUIN!I50+TONT20000JUIL!I50+TONT20000AOUT!I50+TONT20000SEPT!I50+TONT20000OCT!I50+TONT20000NOV!J50 -> 12000 | S50: =TONT20000DEC2015!L50+TONT20000JANV!J50+TONT20000FEV!J50+TONT20000MARS!J50+TONT20000AVRIL!J50+TONT20000MAI!J50+TONT20000JUIN!J50+TONT20000JUIL!J50+TONT20000AOUT!J50+TONT20000SEPT!J50+TONT20000OCT!J50+TONT20000NOV!K50 -> 30000 | T50: =TONT20000DEC2015!M50+TONT20000JANV!K50+TONT20000FEV!K50+TONT20000MARS!K50+TONT20000AVRIL!K50+TONT20000MAI!K50+TONT20000JUIN!K50+TONT20000JUIL!K50+TONT20000AOUT!K50+TONT20000SEPT!K50+TONT20000OCT!K50+TONT20000NOV!L50 -> 0 | U50: =TONT20000DEC2015!N50+TONT20000JANV!L50+TONT20000FEV!L50+TONT20000MARS!L50+TONT20000AVRIL!L50+TONT20000MAI!L50+TONT20000JUIN!L50+TONT20000JUIL!L50+TONT20000AOUT!L50+TONT20000SEPT!L50+TONT20000OCT!L50+TONT20000NOV!M50 -> 156000 | V50: =TONT20000DEC2015!O50+TONT20000JANV!M50+TONT20000FEV!M50+TONT20000MARS!M50+TONT20000AVRIL!M50+TONT20000MAI!M50+TONT20000JUIN!M50+TONT20000JUIL!M50+TONT20000AOUT!M50+TONT20000SEPT!M50+TONT20000OCT!M50+TONT20000NOV!N50 -> 0 | ... AA50: =TONT20000DEC2015!T50+TONT20000JANV!R50+TONT20000FEV!R50+TONT20000MARS!R50+TONT20000AVRIL!R50+TONT20000MAI!R50+TONT20000JUIN!R50+TONT20000JUIL!R50+TONT20000AOUT!R50+TONT20000SEPT!R50+TONT20000OCT!R50+TONT20000NOV!S50 -> 0
A51: AS201646 | B51: =VLOOKUP(A51,LISTADHERENT!A$5:H$52,2,0) -> YEPMOU JEAN JACQUES | C51: =VLOOKUP(A51,FONDSDECAISSE!A$5:C$52,3,0) -> 390000 | D51: 421237 | E51: =C51+D51+P51 -> 847237 | F51: =TONT20000DEC2015!E51+TONT20000JANV!C51+TONT20000FEV!C51+TONT20000MARS!C51+TONT20000AVRIL!C51+TONT20000MAI!C51+TONT20000JUIN!C51+TONT20000JUIL!C51+TONT20000AOUT!C51+TONT20000SEPT!C51+TONT20000OCT!C51+TONT20000NOV!C51 -> 96745.285 | G51: =TONT20000NOV!E51 -> 943982.29 | H51: =D51+F51+P51 -> 553982.29 | I51: =K51+L51+M51+N51 -> 80000 | J51: =H51-I51 -> 473982.29 | K51: 30000 | M51: 50000 | N51: =48000-(Q51+R51+S51) -> 0 | O51: =TONT20000DEC2015!H51+TONT20000JANV!F51+TONT20000FEV!F51+TONT20000MARS!F51+TONT20000AVRIL!F51+TONT20000MAI!F51+TONT20000JUIN!F51+TONT20000JUIL!F51+TONT20000AOUT!F51+TONT20000SEPT!F51+TONT20000OCT!F51+TONT20000NOV!G51 -> 240000 | P51: =TONT20000DEC2015!I51+TONT20000JANV!G51+TONT20000FEV!G51+TONT20000MARS!G51+TONT20000AVRIL!G51+TONT20000MAI!G51+TONT20000JUIN!G51+TONT20000JUIL!G51+TONT20000AOUT!G51+TONT20000SEPT!G51+TONT20000OCT!G51+TONT20000NOV!H51 -> 36000 | Q51: =TONT20000DEC2015!J51+TONT20000JANV!H51+TONT20000FEV!H51+TONT20000MARS!H51+TONT20000AVRIL!H51+TONT20000MAI!H51+TONT20000JUIN!H51+TONT20000JUIL!H51+TONT20000AOUT!H51+TONT20000SEPT!H51+TONT20000OCT!H51+TONT20000NOV!I51 -> 6000 | R51: =TONT20000DEC2015!K51+TONT20000JANV!I51+TONT20000FEV!I51+TONT20000MARS!I51+TONT20000AVRIL!I51+TONT20000MAI!I51+TONT20000JUIN!I51+TONT20000JUIL!I51+TONT20000AOUT!I51+TONT20000SEPT!I51+TONT20000OCT!I51+TONT20000NOV!J51 -> 12000 | S51: =TONT20000DEC2015!L51+TONT20000JANV!J51+TONT20000FEV!J51+TONT20000MARS!J51+TONT20000AVRIL!J51+TONT20000MAI!J51+TONT20000JUIN!J51+TONT20000JUIL!J51+TONT20000AOUT!J51+TONT20000SEPT!J51+TONT20000OCT!J51+TONT20000NOV!K51 -> 30000 | T51: =TONT20000DEC2015!M51+TONT20000JANV!K51+TONT20000FEV!K51+TONT20000MARS!K51+TONT20000AVRIL!K51+TONT20000MAI!K51+TONT20000JUIN!K51+TONT20000JUIL!K51+TONT20000AOUT!K51+TONT20000SEPT!K51+TONT20000OCT!K51+TONT20000NOV!L51 -> 0 | U51: =TONT20000DEC2015!N51+TONT20000JANV!L51+TONT20000FEV!L51+TONT20000MARS!L51+TONT20000AVRIL!L51+TONT20000MAI!L51+TONT20000JUIN!L51+TONT20000JUIL!L51+TONT20000AOUT!L51+TONT20000SEPT!L51+TONT20000OCT!L51+TONT20000NOV!M51 -> 156000 | V51: =TONT20000DEC2015!O51+TONT20000JANV!M51+TONT20000FEV!M51+TONT20000MARS!M51+TONT20000AVRIL!M51+TONT20000MAI!M51+TONT20000JUIN!M51+TONT20000JUIL!M51+TONT20000AOUT!M51+TONT20000SEPT!M51+TONT20000OCT!M51+TONT20000NOV!N51 -> 0 | ... AA51: =TONT20000DEC2015!T51+TONT20000JANV!R51+TONT20000FEV!R51+TONT20000MARS!R51+TONT20000AVRIL!R51+TONT20000MAI!R51+TONT20000JUIN!R51+TONT20000JUIL!R51+TONT20000AOUT!R51+TONT20000SEPT!R51+TONT20000OCT!R51+TONT20000NOV!S51 -> 0
A52: AS201647 | B52: =VLOOKUP(A52,LISTADHERENT!A$5:H$52,2,0) -> YOUMBI EMMANUEL | C52: =VLOOKUP(A52,FONDSDECAISSE!A$5:C$52,3,0) -> 390000 | D52: 1003279 | E52: =C52+D52+P52 -> 1429279 | F52: =TONT20000DEC2015!E52+TONT20000JANV!C52+TONT20000FEV!C52+TONT20000MARS!C52+TONT20000AVRIL!C52+TONT20000MAI!C52+TONT20000JUIN!C52+TONT20000JUIL!C52+TONT20000AOUT!C52+TONT20000SEPT!C52+TONT20000OCT!C52+TONT20000NOV!C52 -> 164349.42 | G52: =TONT20000NOV!E52 -> 1593628.4 | H52: =D52+F52+P52 -> 1203628.4 | I52: =K52+L52+M52+N52 -> 80000 | J52: =H52-I52 -> 1123628.4 | K52: 30000 | M52: 50000 | N52: =48000-(Q52+R52+S52) -> 0 | O52: =TONT20000DEC2015!H52+TONT20000JANV!F52+TONT20000FEV!F52+TONT20000MARS!F52+TONT20000AVRIL!F52+TONT20000MAI!F52+TONT20000JUIN!F52+TONT20000JUIL!F52+TONT20000AOUT!F52+TONT20000SEPT!F52+TONT20000OCT!F52+TONT20000NOV!G52 -> 240000 | P52: =TONT20000DEC2015!I52+TONT20000JANV!G52+TONT20000FEV!G52+TONT20000MARS!G52+TONT20000AVRIL!G52+TONT20000MAI!G52+TONT20000JUIN!G52+TONT20000JUIL!G52+TONT20000AOUT!G52+TONT20000SEPT!G52+TONT20000OCT!G52+TONT20000NOV!H52 -> 36000 | Q52: =TONT20000DEC2015!J52+TONT20000JANV!H52+TONT20000FEV!H52+TONT20000MARS!H52+TONT20000AVRIL!H52+TONT20000MAI!H52+TONT20000JUIN!H52+TONT20000JUIL!H52+TONT20000AOUT!H52+TONT20000SEPT!H52+TONT20000OCT!H52+TONT20000NOV!I52 -> 6000 | R52: =TONT20000DEC2015!K52+TONT20000JANV!I52+TONT20000FEV!I52+TONT20000MARS!I52+TONT20000AVRIL!I52+TONT20000MAI!I52+TONT20000JUIN!I52+TONT20000JUIL!I52+TONT20000AOUT!I52+TONT20000SEPT!I52+TONT20000OCT!I52+TONT20000NOV!J52 -> 12000 | S52: =TONT20000DEC2015!L52+TONT20000JANV!J52+TONT20000FEV!J52+TONT20000MARS!J52+TONT20000AVRIL!J52+TONT20000MAI!J52+TONT20000JUIN!J52+TONT20000JUIL!J52+TONT20000AOUT!J52+TONT20000SEPT!J52+TONT20000OCT!J52+TONT20000NOV!K52 -> 30000 | T52: =TONT20000DEC2015!M52+TONT20000JANV!K52+TONT20000FEV!K52+TONT20000MARS!K52+TONT20000AVRIL!K52+TONT20000MAI!K52+TONT20000JUIN!K52+TONT20000JUIL!K52+TONT20000AOUT!K52+TONT20000SEPT!K52+TONT20000OCT!K52+TONT20000NOV!L52 -> 0 | U52: =TONT20000DEC2015!N52+TONT20000JANV!L52+TONT20000FEV!L52+TONT20000MARS!L52+TONT20000AVRIL!L52+TONT20000MAI!L52+TONT20000JUIN!L52+TONT20000JUIL!L52+TONT20000AOUT!L52+TONT20000SEPT!L52+TONT20000OCT!L52+TONT20000NOV!M52 -> 156000 | V52: =TONT20000DEC2015!O52+TONT20000JANV!M52+TONT20000FEV!M52+TONT20000MARS!M52+TONT20000AVRIL!M52+TONT20000MAI!M52+TONT20000JUIN!M52+TONT20000JUIL!M52+TONT20000AOUT!M52+TONT20000SEPT!M52+TONT20000OCT!M52+TONT20000NOV!N52 -> 0 | ... AA52: =TONT20000DEC2015!T52+TONT20000JANV!R52+TONT20000FEV!R52+TONT20000MARS!R52+TONT20000AVRIL!R52+TONT20000MAI!R52+TONT20000JUIN!R52+TONT20000JUIL!R52+TONT20000AOUT!R52+TONT20000SEPT!R52+TONT20000OCT!R52+TONT20000NOV!S52 -> 0
A54: TOTAL | C54: =SUM(C5:C53) -> 14487719 | D54: =SUM(D5:D53) -> 4617209 | E54: =SUM(E5:E53) -> 23319328 | F54: =SUM(F5:F53) -> 2282100 | G54: =SUM(G5:G53) -> 24623865 | H54: =SUM(H5:H53) -> 11113709 | I54: =SUM(I5:I53) -> 2850396 | J54: =SUM(J5:J53) -> 8263313 | ... AA54: =SUM(AA5:AA53) -> 0
A55: TOTAL A DISTRIBUER | J55: =J5+J6+J7+J8+J9+J10+J11+J12+J13+J14+J15+J16+J18+J20+J21+J22+J23+J24+J25+J26+J27+J29+J31+J32+J34+J35+J37+J38+J39+J41+J42+J43+J46+J47+J49+J50+J51+J52+J44 -> 7892785.1
J56: =J17+J19+J28+J30+J33+J36+J40+J45+J48 -> 370527.9
B57: CAPITAL A DISTRIBUER | G57: =E58+E59+E60 -> 11113709
D58: RELIQUAT 2015 | E58: =D54 -> 4617209
D59: INTERET 2016 | E59: =+F54 -> 2282100
D60: EPARGNE 2016 | E60: =P54 -> 4214400
B62: CAPITAL A DISTRIBUER | F62: =J55 -> 7892785.1
B63: RETOUR MUTUELLE | F63: =M54 -> 1716396
B64: COMPLEMENT FONDS | F64: =K54 -> 1050000
B65: FRAIS FIXE A COMPLETER | F65: =N54 -> 84000
B66: SANCTION | F66: =L54 -> 0
B68: TOTAL | G68: =F62+F63+F64+F65+F66 -> 10743181
B70: RELIQUAT | G70: =G57-G68 -> 370527.9

Sheet TRAVAUXINVENTAIRE
A1: ASSOCIATION | B1: ASELBY
A2: ANNEE | B2: 2016/2017
A3: TONTINE | B3: 20 000
A4: MATRICULE | B4: NOM ET PRENOM | C4: FONDS DE CAISSE | D4: RELIQUAT 2015 | E4: RELIQUAT 2016 | F4: CAPITAL DEPART | G4: REPARTITION INTERET | H4: CAPITAL COMPOSE FIN | I4: CAPITAL TOTAL A PERCEVOIR | J4: RETENUE | K4: CAPITAL A DISTRIBUER | L4: MONTANT EFFECTIVEMENT VERSE | M4: COMPLEMENT FONDS | N4: SANCTION | O4: RETOUR EN CAISSE MUTUELLE | P4: FRAIS FIXE A PRELEVER | Q4: MONTANT VERSE | R4: EPARGNE | S4: FONDS DE ROULEMENT | T4: FRAIS EXCEPTIONNEL | U4: COLLATION | V4: MUTUELLE | W4: TONTINE | X4: EMPRUNT | Y4: INTERET EMPRUNT | Z4: REMBOURSEMENT | AA4: PENALITE EMPRUNT | AB4: PENALITE FONDS | AC4: INTERET ACHAT | AD4: DATE ACHAT
A5: AS201648 | B5: =VLOOKUP(A5,LISTADHERENT!A$5:H$52,2,0) -> ASELBY | C5: =VLOOKUP(A5,FONDSDECAISSE!A$5:C$52,3,0) -> 0 | D5: 318145 | E5: =K5-L5 -> 2097 | F5: =C5+D5+R5 -> 318145 | G5: =INT(TONT20000DEC2015!E5+TONT20000JANV!C5+TONT20000FEV!C5+TONT20000MARS!C5+TONT20000AVRIL!C5+TONT20000MAI!C5+TONT20000JUIN!C5+TONT20000JUIL!C5+TONT20000AOUT!C5+TONT20000SEPT!C5+TONT20000OCT!C5+TONT20000NOV!C5) -> 36952 | H5: =TONT20000NOV!E5 -> 355097.52 | I5: =D5+G5+R5 -> 355097 | J5: =M5+N5+O5+P5 -> 0 | K5: =I5-J5 -> 355097 | L5: 353000 | M5: 0 | N5: 0 | O5: 0 | P5: 0 | Q5: =TONT20000DEC2015!H5+TONT20000JANV!F5+TONT20000FEV!F5+TONT20000MARS!F5+TONT20000AVRIL!F5+TONT20000MAI!F5+TONT20000JUIN!F5+TONT20000JUIL!F5+TONT20000AOUT!F5+TONT20000SEPT!F5+TONT20000OCT!F5+TONT20000NOV!G5 -> 0 | R5: =TONT20000DEC2015!I5+TONT20000JANV!G5+TONT20000FEV!G5+TONT20000MARS!G5+TONT20000AVRIL!G5+TONT20000MAI!G5+TONT20000JUIN!G5+TONT20000JUIL!G5+TONT20000AOUT!G5+TONT20000SEPT!G5+TONT20000OCT!G5+TONT20000NOV!H5 -> 0 | S5: =TONT20000DEC2015!J5+TONT20000JANV!H5+TONT20000FEV!H5+TONT20000MARS!H5+TONT20000AVRIL!H5+TONT20000MAI!H5+TONT20000JUIN!H5+TONT20000JUIL!H5+TONT20000AOUT!H5+TONT20000SEPT!H5+TONT20000OCT!H5+TONT20000NOV!I5 -> 0 | T5: =TONT20000DEC2015!K5+TONT20000JANV!I5+TONT20000FEV!I5+TONT20000MARS!I5+TONT20000AVRIL!I5+TONT20000MAI!I5+TONT20000JUIN!I5+TONT20000JUIL!I5+TONT20000AOUT!I5+TONT20000SEPT!I5+TONT20000OCT!I5+TONT20000NOV!J5 -> 0 | U5: =TONT20000DEC2015!L5+TONT20000JANV!J5+TONT20000FEV!J5+TONT20000MARS!J5+TONT20000AVRIL!J5+TONT20000MAI!J5+TONT20000JUIN!J5+TONT20000JUIL!J5+TONT20000AOUT!J5+TONT20000SEPT!J5+TONT20000OCT!J5+TONT20000NOV!K5 -> 0 | V5: =TONT20000DEC2015!M5+TONT20000JANV!K5+TONT20000FEV!K5+TONT20000MARS!K5+TONT20000AVRIL!K5+TONT20000MAI!K5+TONT20000JUIN!K5+TONT20000JUIL!K5+TONT20000AOUT!K5+TONT20000SEPT!K5+TONT20000OCT!K5+TONT20000NOV!L5 -> 0 | W5: =TONT20000DEC2015!N5+TONT20000JANV!L5+TONT20000FEV!L5+TONT20000MARS!L5+TONT20000AVRIL!L5+TONT20000MAI!L5+TONT20000JUIN!L5+TONT20000JUIL!L5+TONT20000AOUT!L5+TONT20000SEPT!L5+TONT20000OCT!L5+TONT20000NOV!M5 -> 0 | X5: =TONT20000DEC2015!O5+TONT20000JANV!M5+TONT20000FEV!M5+TONT20000MARS!M5+TONT20000AVRIL!M5+TONT20000MAI!M5+TONT20000JUIN!M5+TONT20000JUIL!M5+TONT20000AOUT!M5+TONT20000SEPT!M5+TONT20000OCT!M5+TONT20000NOV!N5 -> 0 | ... AC5: =TONT20000DEC2015!T5+TONT20000JANV!R5+TONT20000FEV!R5+TONT20000MARS!R5+TONT20000AVRIL!R5+TONT20000MAI!R5+TONT20000JUIN!R5+TONT20000JUIL!R5+TONT20000AOUT!R5+TONT20000SEPT!R5+TONT20000OCT!R5+TONT20000NOV!S5 -> 0
A6: AS201601 | B6: =VLOOKUP(A6,LISTADHERENT!A$5:H$52,2,0) -> BAKOP ACHILLE | C6: =VLOOKUP(A6,FONDSDECAISSE!A$5:C$52,3,0) -> 390000 | D6: 33536 | E6: =K6-L6 -> 51993 | F6: =C6+D6+R6 -> 453536 | G6: =INT(TONT20000DEC2015!E6+TONT20000JANV!C6+TONT20000FEV!C6+TONT20000MARS!C6+TONT20000AVRIL!C6+TONT20000MAI!C6+TONT20000JUIN!C6+TONT20000JUIL!C6+TONT20000AOUT!C6+TONT20000SEPT!C6+TONT20000OCT!C6+TONT20000NOV!C6) -> 51457 | H6: =TONT20000NOV!E6 -> 504993.98 | I6: =D6+G6+R6 -> 114993 | J6: =M6+N6+O6+P6 -> 63000 | K6: =I6-J6 -> 51993 | L6: 0 | M6: 30000 | O6: 25000 | P6: =48000-(S6+T6+U6) -> 8000 | Q6: =TONT20000DEC2015!H6+TONT20000JANV!F6+TONT20000FEV!F6+TONT20000MARS!F6+TONT20000AVRIL!F6+TONT20000MAI!F6+TONT20000JUIN!F6+TONT20000JUIL!F6+TONT20000AOUT!F6+TONT20000SEPT!F6+TONT20000OCT!F6+TONT20000NOV!G6 -> 225000 | R6: =TONT20000DEC2015!I6+TONT20000JANV!G6+TONT20000FEV!G6+TONT20000MARS!G6+TONT20000AVRIL!G6+TONT20000MAI!G6+TONT20000JUIN!G6+TONT20000JUIL!G6+TONT20000AOUT!G6+TONT20000SEPT!G6+TONT20000OCT!G6+TONT20000NOV!H6 -> 30000 | S6: =TONT20000DEC2015!J6+TONT20000JANV!H6+TONT20000FEV!H6+TONT20000MARS!H6+TONT20000AVRIL!H6+TONT20000MAI!H6+TONT20000JUIN!H6+TONT20000JUIL!H6+TONT20000AOUT!H6+TONT20000SEPT!H6+TONT20000OCT!H6+TONT20000NOV!I6 -> 5000 | T6: =TONT20000DEC2015!K6+TONT20000JANV!I6+TONT20000FEV!I6+TONT20000MARS!I6+TONT20000AVRIL!I6+TONT20000MAI!I6+TONT20000JUIN!I6+TONT20000JUIL!I6+TONT20000AOUT!I6+TONT20000SEPT!I6+TONT20000OCT!I6+TONT20000NOV!J6 -> 10000 | U6: =TONT20000DEC2015!L6+TONT20000JANV!J6+TONT20000FEV!J6+TONT20000MARS!J6+TONT20000AVRIL!J6+TONT20000MAI!J6+TONT20000JUIN!J6+TONT20000JUIL!J6+TONT20000AOUT!J6+TONT20000SEPT!J6+TONT20000OCT!J6+TONT20000NOV!K6 -> 25000 | V6: =TONT20000DEC2015!M6+TONT20000JANV!K6+TONT20000FEV!K6+TONT20000MARS!K6+TONT20000AVRIL!K6+TONT20000MAI!K6+TONT20000JUIN!K6+TONT20000JUIL!K6+TONT20000AOUT!K6+TONT20000SEPT!K6+TONT20000OCT!K6+TONT20000NOV!L6 -> 25000 | W6: =TONT20000DEC2015!N6+TONT20000JANV!L6+TONT20000FEV!L6+TONT20000MARS!L6+TONT20000AVRIL!L6+TONT20000MAI!L6+TONT20000JUIN!L6+TONT20000JUIL!L6+TONT20000AOUT!L6+TONT20000SEPT!L6+TONT20000OCT!L6+TONT20000NOV!M6 -> 130000 | X6: =TONT20000DEC2015!O6+TONT20000JANV!M6+TONT20000FEV!M6+TONT20000MARS!M6+TONT20000AVRIL!M6+TONT20000MAI!M6+TONT20000JUIN!M6+TONT20000JUIL!M6+TONT20000AOUT!M6+TONT20000SEPT!M6+TONT20000OCT!M6+TONT20000NOV!N6 -> 500000 | ... AC6: =TONT20000DEC2015!T6+TONT20000JANV!R6+TONT20000FEV!R6+TONT20000MARS!R6+TONT20000AVRIL!R6+TONT20000MAI!R6+TONT20000JUIN!R6+TONT20000JUIL!R6+TONT20000AOUT!R6+TONT20000SEPT!R6+TONT20000OCT!R6+TONT20000NOV!S6 -> 0
A7: AS201602 | B7: =VLOOKUP(A7,LISTADHERENT!A$5:H$52,2,0) -> BOUTCHOUANG WILLIAM | C7: =VLOOKUP(A7,FONDSDECAISSE!A$5:C$52,3,0) -> 390000 | D7: 1704 | E7: =K7-L7 -> 2720 | F7: =C7+D7+R7 -> 427704 | G7: =INT(TONT20000DEC2015!E7+TONT20000JANV!C7+TONT20000FEV!C7+TONT20000MARS!C7+TONT20000AVRIL!C7+TONT20000MAI!C7+TONT20000JUIN!C7+TONT20000JUIL!C7+TONT20000AOUT!C7+TONT20000SEPT!C7+TONT20000OCT!C7+TONT20000NOV!C7) -> 48016 | H7: =TONT20000NOV!E7 -> 475720.56 | I7: =D7+G7+R7 -> 85720 | J7: =M7+N7+O7+P7 -> 80000 | K7: =I7-J7 -> 5720 | L7: 3000 | M7: 30000 | O7: 50000 | P7: =48000-(S7+T7+U7) -> 0 | Q7: =TONT20000DEC2015!H7+TONT20000JANV!F7+TONT20000FEV!F7+TONT20000MARS!F7+TONT20000AVRIL!F7+TONT20000MAI!F7+TONT20000JUIN!F7+TONT20000JUIL!F7+TONT20000AOUT!F7+TONT20000SEPT!F7+TONT20000OCT!F7+TONT20000NOV!G7 -> 240000 | R7: =TONT20000DEC2015!I7+TONT20000JANV!G7+TONT20000FEV!G7+TONT20000MARS!G7+TONT20000AVRIL!G7+TONT20000MAI!G7+TONT20000JUIN!G7+TONT20000JUIL!G7+TONT20000AOUT!G7+TONT20000SEPT!G7+TONT20000OCT!G7+TONT20000NOV!H7 -> 36000 | S7: =TONT20000DEC2015!J7+TONT20000JANV!H7+TONT20000FEV!H7+TONT20000MARS!H7+TONT20000AVRIL!H7+TONT20000MAI!H7+TONT20000JUIN!H7+TONT20000JUIL!H7+TONT20000AOUT!H7+TONT20000SEPT!H7+TONT20000OCT!H7+TONT20000NOV!I7 -> 6000 | T7: =TONT20000DEC2015!K7+TONT20000JANV!I7+TONT20000FEV!I7+TONT20000MARS!I7+TONT20000AVRIL!I7+TONT20000MAI!I7+TONT20000JUIN!I7+TONT20000JUIL!I7+TONT20000AOUT!I7+TONT20000SEPT!I7+TONT20000OCT!I7+TONT20000NOV!J7 -> 12000 | U7: =TONT20000DEC2015!L7+TONT20000JANV!J7+TONT20000FEV!J7+TONT20000MARS!J7+TONT20000AVRIL!J7+TONT20000MAI!J7+TONT20000JUIN!J7+TONT20000JUIL!J7+TONT20000AOUT!J7+TONT20000SEPT!J7+TONT20000OCT!J7+TONT20000NOV!K7 -> 30000 | V7: =TONT20000DEC2015!M7+TONT20000JANV!K7+TONT20000FEV!K7+TONT20000MARS!K7+TONT20000AVRIL!K7+TONT20000MAI!K7+TONT20000JUIN!K7+TONT20000JUIL!K7+TONT20000AOUT!K7+TONT20000SEPT!K7+TONT20000OCT!K7+TONT20000NOV!L7 -> 0 | W7: =TONT20000DEC2015!N7+TONT20000JANV!L7+TONT20000FEV!L7+TONT20000MARS!L7+TONT20000AVRIL!L7+TONT20000MAI!L7+TONT20000JUIN!L7+TONT20000JUIL!L7+TONT20000AOUT!L7+TONT20000SEPT!L7+TONT20000OCT!L7+TONT20000NOV!M7 -> 156000 | X7: =TONT20000DEC2015!O7+TONT20000JANV!M7+TONT20000FEV!M7+TONT20000MARS!M7+TONT20000AVRIL!M7+TONT20000MAI!M7+TONT20000JUIN!M7+TONT20000JUIL!M7+TONT20000AOUT!M7+TONT20000SEPT!M7+TONT20000OCT!M7+TONT20000NOV!N7 -> 1700000 | ... AC7: =TONT20000DEC2015!T7+TONT20000JANV!R7+TONT20000FEV!R7+TONT20000MARS!R7+TONT20000AVRIL!R7+TONT20000MAI!R7+TONT20000JUIN!R7+TONT20000JUIL!R7+TONT20000AOUT!R7+TONT20000SEPT!R7+TONT20000OCT!R7+TONT20000NOV!S7 -> 0
A8: AS201603 | B8: =VLOOKUP(A8,LISTADHERENT!A$5:H$52,2,0) -> CHINGUE FABRICE | C8: =VLOOKUP(A8,FONDSDECAISSE!A$5:C$52,3,0) -> 390000 | D8: 1842 | E8: =K8-L8 -> 5874 | F8: =C8+D8+R8 -> 427842 | G8: =INT(TONT20000DEC2015!E8+TONT20000JANV!C8+TONT20000FEV!C8+TONT20000MARS!C8+TONT20000AVRIL!C8+TONT20000MAI!C8+TONT20000JUIN!C8+TONT20000JUIL!C8+TONT20000AOUT!C8+TONT20000SEPT!C8+TONT20000OCT!C8+TONT20000NOV!C8) -> 48032 | H8: =TONT20000NOV!E8 -> 475874.59 | I8: =D8+G8+R8 -> 85874 | J8: =M8+N8+O8+P8 -> 80000 | K8: =I8-J8 -> 5874 | L8: 0 | M8: 30000 | O8: 50000 | P8: =48000-(S8+T8+U8) -> 0 | Q8: =TONT20000DEC2015!H8+TONT20000JANV!F8+TONT20000FEV!F8+TONT20000MARS!F8+TONT20000AVRIL!F8+TONT20000MAI!F8+TONT20000JUIN!F8+TONT20000JUIL!F8+TONT20000AOUT!F8+TONT20000SEPT!F8+TONT20000OCT!F8+TONT20000NOV!G8 -> 240000 | R8: =TONT20000DEC2015!I8+TONT20000JANV!G8+TONT20000FEV!G8+TONT20000MARS!G8+TONT20000AVRIL!G8+TONT20000MAI!G8+TONT20000JUIN!G8+TONT20000JUIL!G8+TONT20000AOUT!G8+TONT20000SEPT!G8+TONT20000OCT!G8+TONT20000NOV!H8 -> 36000 | S8: =TONT20000DEC2015!J8+TONT20000JANV!H8+TONT20000FEV!H8+TONT20000MARS!H8+TONT20000AVRIL!H8+TONT20000MAI!H8+TONT20000JUIN!H8+TONT20000JUIL!H8+TONT20000AOUT!H8+TONT20000SEPT!H8+TONT20000OCT!H8+TONT20000NOV!I8 -> 6000 | T8: =TONT20000DEC2015!K8+TONT20000JANV!I8+TONT20000FEV!I8+TONT20000MARS!I8+TONT20000AVRIL!I8+TONT20000MAI!I8+TONT20000JUIN!I8+TONT20000JUIL!I8+TONT20000AOUT!I8+TONT20000SEPT!I8+TONT20000OCT!I8+TONT20000NOV!J8 -> 12000 | U8: =TONT20000DEC2015!L8+TONT20000JANV!J8+TONT20000FEV!J8+TONT20000MARS!J8+TONT20000AVRIL!J8+TONT20000MAI!J8+TONT20000JUIN!J8+TONT20000JUIL!J8+TONT20000AOUT!J8+TONT20000SEPT!J8+TONT20000OCT!J8+TONT20000NOV!K8 -> 30000 | V8: =TONT20000DEC2015!M8+TONT20000JANV!K8+TONT20000FEV!K8+TONT20000MARS!K8+TONT20000AVRIL!K8+TONT20000MAI!K8+TONT20000JUIN!K8+TONT20000JUIL!K8+TONT20000AOUT!K8+TONT20000SEPT!K8+TONT20000OCT!K8+TONT20000NOV!L8 -> 0 | W8: =TONT20000DEC2015!N8+TONT20000JANV!L8+TONT20000FEV!L8+TONT20000MARS!L8+TONT20000AVRIL!L8+TONT20000MAI!L8+TONT20000JUIN!L8+TONT20000JUIL!L8+TONT20000AOUT!L8+TONT20000SEPT!L8+TONT20000OCT!L8+TONT20000NOV!M8 -> 156000 | X8: =TONT20000DEC2015!O8+TONT20000JANV!M8+TONT20000FEV!M8+TONT20000MARS!M8+TONT20000AVRIL!M8+TONT20000MAI!M8+TONT20000JUIN!M8+TONT20000JUIL!M8+TONT20000AOUT!M8+TONT20000SEPT!M8+TONT20000OCT!M8+TONT20000NOV!N8 -> 2000000 | ... AC8: =TONT20000DEC2015!T8+TONT20000JANV!R8+TONT20000FEV!R8+TONT20000MARS!R8+TONT20000AVRIL!R8+TONT20000MAI!R8+TONT20000JUIN!R8+TONT20000JUIL!R8+TONT20000AOUT!R8+TONT20000SEPT!R8+TONT20000OCT!R8+TONT20000NOV!S8 -> 0
A9: AS201604 | B9: =VLOOKUP(A9,LISTADHERENT!A$5:H$52,2,0) -> DJOMO JEAN PAUL | C9: =VLOOKUP(A9,FONDSDECAISSE!A$5:C$52,3,0) -> 390000 | D9: 8156 | E9: =K9-L9 -> 2570 | F9: =C9+D9+R9 -> 441156 | G9: =INT(TONT20000DEC2015!E9+TONT20000JANV!C9+TONT20000FEV!C9+TONT20000MARS!C9+TONT20000AVRIL!C9+TONT20000MAI!C9+TONT20000JUIN!C9+TONT20000JUIL!C9+TONT20000AOUT!C9+TONT20000SEPT!C9+TONT20000OCT!C9+TONT20000NOV!C9) -> 48914 | H9: =TONT20000NOV!E9 -> 490070.36 | I9: =D9+G9+R9 -> 100070 | J9: =M9+N9+O9+P9 -> 80000 | K9: =I9-J9 -> 20070 | L9: 17500 | M9: 30000 | O9: 50000 | P9: =48000-(S9+T9+U9) -> 0 | Q9: =TONT20000DEC2015!H9+TONT20000JANV!F9+TONT20000FEV!F9+TONT20000MARS!F9+TONT20000AVRIL!F9+TONT20000MAI!F9+TONT20000JUIN!F9+TONT20000JUIL!F9+TONT20000AOUT!F9+TONT20000SEPT!F9+TONT20000OCT!F9+TONT20000NOV!G9 -> 247000 | R9: =TONT20000DEC2015!I9+TONT20000JANV!G9+TONT20000FEV!G9+TONT20000MARS!G9+TONT20000AVRIL!G9+TONT20000MAI!G9+TONT20000JUIN!G9+TONT20000JUIL!G9+TONT20000AOUT!G9+TONT20000SEPT!G9+TONT20000OCT!G9+TONT20000NOV!H9 -> 43000 | S9: =TONT20000DEC2015!J9+TONT20000JANV!H9+TONT20000FEV!H9+TONT20000MARS!H9+TONT20000AVRIL!H9+TONT20000MAI!H9+TONT20000JUIN!H9+TONT20000JUIL!H9+TONT20000AOUT!H9+TONT20000SEPT!H9+TONT20000OCT!H9+TONT20000NOV!I9 -> 6000 | T9: =TONT20000DEC2015!K9+TONT20000JANV!I9+TONT20000FEV!I9+TONT20000MARS!I9+TONT20000AVRIL!I9+TONT20000MAI!I9+TONT20000JUIN!I9+TONT20000JUIL!I9+TONT20000AOUT!I9+TONT20000SEPT!I9+TONT20000OCT!I9+TONT20000NOV!J9 -> 12000 | U9: =TONT20000DEC2015!L9+TONT20000JANV!J9+TONT20000FEV!J9+TONT20000MARS!J9+TONT20000AVRIL!J9+TONT20000MAI!J9+TONT20000JUIN!J9+TONT20000JUIL!J9+TONT20000AOUT!J9+TONT20000SEPT!J9+TONT20000OCT!J9+TONT20000NOV!K9 -> 30000 | V9: =TONT20000DEC2015!M9+TONT20000JANV!K9+TONT20000FEV!K9+TONT20000MARS!K9+TONT20000AVRIL!K9+TONT20000MAI!K9+TONT20000JUIN!K9+TONT20000JUIL!K9+TONT20000AOUT!K9+TONT20000SEPT!K9+TONT20000OCT!K9+TONT20000NOV!L9 -> 0 | W9: =TONT20000DEC2015!N9+TONT20000JANV!L9+TONT20000FEV!L9+TONT20000MARS!L9+TONT20000AVRIL!L9+TONT20000MAI!L9+TONT20000JUIN!L9+TONT20000JUIL!L9+TONT20000AOUT!L9+TONT20000SEPT!L9+TONT20000OCT!L9+TONT20000NOV!M9 -> 156000 | X9: =TONT20000DEC2015!O9+TONT20000JANV!M9+TONT20000FEV!M9+TONT20000MARS!M9+TONT20000AVRIL!M9+TONT20000MAI!M9+TONT20000JUIN!M9+TONT20000JUIL!M9+TONT20000AOUT!M9+TONT20000SEPT!M9+TONT20000OCT!M9+TONT20000NOV!N9 -> 200000 | ... AC9: =TONT20000DEC2015!T9+TONT20000JANV!R9+TONT20000FEV!R9+TONT20000MARS!R9+TONT20000AVRIL!R9+TONT20000MAI!R9+TONT20000JUIN!R9+TONT20000JUIL!R9+TONT20000AOUT!R9+TONT20000SEPT!R9+TONT20000OCT!R9+TONT20000NOV!S9 -> 0
A10: AS201605 | B10: =VLOOKUP(A10,LISTADHERENT!A$5:H$52,2,0) -> DJOUKWE GUY | C10: =VLOOKUP(A10,FONDSDECAISSE!A$5:C$52,3,0) -> 390000 | D10: 5905 | E10: =K10-L10 -> 2697 | F10: =C10+D10+R10 -> 471905 | G10: =INT(TONT20000DEC2015!E10+TONT20000JANV!C10+TONT20000FEV!C10+TONT20000MARS!C10+TONT20000AVRIL!C10+TONT20000MAI!C10+TONT20000JUIN!C10+TONT20000JUIL!C10+TONT20000AOUT!C10+TONT20000SEPT!C10+TONT20000OCT!C10+TONT20000NOV!C10) -> 51792 | H10: =TONT20000NOV!E10 -> 523697.05 | I10: =D10+G10+R10 -> 133697 | J10: =M10+N10+O10+P10 -> 80000 | K10: =I10-J10 -> 53697 | L10: 51000 | M10: 30000 | O10: 50000 | P10: =48000-(S10+T10+U10) -> 0 | Q10: =TONT20000DEC2015!H10+TONT20000JANV!F10+TONT20000FEV!F10+TONT20000MARS!F10+TONT20000AVRIL!F10+TONT20000MAI!F10+TONT20000JUIN!F10+TONT20000JUIL!F10+TONT20000AOUT!F10+TONT20000SEPT!F10+TONT20000OCT!F10+TONT20000NOV!G10 -> 280000 | R10: =TONT20000DEC2015!I10+TONT20000JANV!G10+TONT20000FEV!G10+TONT20000MARS!G10+TONT20000AVRIL!G10+TONT20000MAI!G10+TONT20000JUIN!G10+TONT20000JUIL!G10+TONT20000AOUT!G10+TONT20000SEPT!G10+TONT20000OCT!G10+TONT20000NOV!H10 -> 76000 | S10: =TONT20000DEC2015!J10+TONT20000JANV!H10+TONT20000FEV!H10+TONT20000MARS!H10+TONT20000AVRIL!H10+TONT20000MAI!H10+TONT20000JUIN!H10+TONT20000JUIL!H10+TONT20000AOUT!H10+TONT20000SEPT!H10+TONT20000OCT!H10+TONT20000NOV!I10 -> 6000 | T10: =TONT20000DEC2015!K10+TONT20000JANV!I10+TONT20000FEV!I10+TONT20000MARS!I10+TONT20000AVRIL!I10+TONT20000MAI!I10+TONT20000JUIN!I10+TONT20000JUIL!I10+TONT20000AOUT!I10+TONT20000SEPT!I10+TONT20000OCT!I10+TONT20000NOV!J10 -> 12000 | U10: =TONT20000DEC2015!L10+TONT20000JANV!J10+TONT20000FEV!J10+TONT20000MARS!J10+TONT20000AVRIL!J10+TONT20000MAI!J10+TONT20000JUIN!J10+TONT20000JUIL!J10+TONT20000AOUT!J10+TONT20000SEPT!J10+TONT20000OCT!J10+TONT20000NOV!K10 -> 30000 | V10: =TONT20000DEC2015!M10+TONT20000JANV!K10+TONT20000FEV!K10+TONT20000MARS!K10+TONT20000AVRIL!K10+TONT20000MAI!K10+TONT20000JUIN!K10+TONT20000JUIL!K10+TONT20000AOUT!K10+TONT20000SEPT!K10+TONT20000OCT!K10+TONT20000NOV!L10 -> 0 | W10: =TONT20000DEC2015!N10+TONT20000JANV!L10+TONT20000FEV!L10+TONT20000MARS!L10+TONT20000AVRIL!L10+TONT20000MAI!L10+TONT20000JUIN!L10+TONT20000JUIL!L10+TONT20000AOUT!L10+TONT20000SEPT!L10+TONT20000OCT!L10+TONT20000NOV!M10 -> 156000 | X10: =TONT20000DEC2015!O10+TONT20000JANV!M10+TONT20000FEV!M10+TONT20000MARS!M10+TONT20000AVRIL!M10+TONT20000MAI!M10+TONT20000JUIN!M10+TONT20000JUIL!M10+TONT20000AOUT!M10+TONT20000SEPT!M10+TONT20000OCT!M10+TONT20000NOV!N10 -> 250000 | ... AC10: =TONT20000DEC2015!T10+TONT20000JANV!R10+TONT20000FEV!R10+TONT20000MARS!R10+TONT20000AVRIL!R10+TONT20000MAI!R10+TONT20000JUIN!R10+TONT20000JUIL!R10+TONT20000AOUT!R10+TONT20000SEPT!R10+TONT20000OCT!R10+TONT20000NOV!S10 -> 0
A11: AS201606 | B11: =VLOOKUP(A11,LISTADHERENT!A$5:H$52,2,0) -> DJOSSEU JOSUE | E11: =K11-L11 -> 0
A12: AS201607 | B12: =VLOOKUP(A12,LISTADHERENT!A$5:H$52,2,0) -> DJOUNKEP SAMUEL | C12: =VLOOKUP(A12,FONDSDECAISSE!A$5:C$52,3,0) -> 390000 | D12: 1055294 | E12: =K12-L12 -> 635540 | F12: =C12+D12+R12 -> 2001294 | G12: =INT(TONT20000DEC2015!E12+TONT20000JANV!C12+TONT20000FEV!C12+TONT20000MARS!C12+TONT20000AVRIL!C12+TONT20000MAI!C12+TONT20000JUIN!C12+TONT20000JUIL!C12+TONT20000AOUT!C12+TONT20000SEPT!C12+TONT20000OCT!C12+TONT20000NOV!C12) -> 204246 | H12: =TONT20000NOV!E12 -> 2135835.7 | I12: =D12+G12+R12 -> 1815540 | J12: =M12+N12+O12+P12 -> 80000 | K12: =I12-J12 -> 1735540 | L12: 1100000 | M12: 30000 | O12: 50000 | P12: =48000-(S12+T12+U12) -> 0 | Q12: =TONT20000DEC2015!H12+TONT20000JANV!F12+TONT20000FEV!F12+TONT20000MARS!F12+TONT20000AVRIL!F12+TONT20000MAI!F12+TONT20000JUIN!F12+TONT20000JUIL!F12+TONT20000AOUT!F12+TONT20000SEPT!F12+TONT20000OCT!F12+TONT20000NOV!G12 -> 760000 | R12: =TONT20000DEC2015!I12+TONT20000JANV!G12+TONT20000FEV!G12+TONT20000MARS!G12+TONT20000AVRIL!G12+TONT20000MAI!G12+TONT20000JUIN!G12+TONT20000JUIL!G12+TONT20000AOUT!G12+TONT20000SEPT!G12+TONT20000OCT!G12+TONT20000NOV!H12 -> 556000 | S12: =TONT20000DEC2015!J12+TONT20000JANV!H12+TONT20000FEV!H12+TONT20000MARS!H12+TONT20000AVRIL!H12+TONT20000MAI!H12+TONT20000JUIN!H12+TONT20000JUIL!H12+TONT20000AOUT!H12+TONT20000SEPT!H12+TONT20000OCT!H12+TONT20000NOV!I12 -> 6000 | T12: =TONT20000DEC2015!K12+TONT20000JANV!I12+TONT20000FEV!I12+TONT20000MARS!I12+TONT20000AVRIL!I12+TONT20000MAI!I12+TONT20000JUIN!I12+TONT20000JUIL!I12+TONT20000AOUT!I12+TONT20000SEPT!I12+TONT20000OCT!I12+TONT20000NOV!J12 -> 12000 | U12: =TONT20000DEC2015!L12+TONT20000JANV!J12+TONT20000FEV!J12+TONT20000MARS!J12+TONT20000AVRIL!J12+TONT20000MAI!J12+TONT20000JUIN!J12+TONT20000JUIL!J12+TONT20000AOUT!J12+TONT20000SEPT!J12+TONT20000OCT!J12+TONT20000NOV!K12 -> 30000 | V12: =TONT20000DEC2015!M12+TONT20000JANV!K12+TONT20000FEV!K12+TONT20000MARS!K12+TONT20000AVRIL!K12+TONT20000MAI!K12+TONT20000JUIN!K12+TONT20000JUIL!K12+TONT20000AOUT!K12+TONT20000SEPT!K12+TONT20000OCT!K12+TONT20000NOV!L12 -> 0 | W12: =TONT20000DEC2015!N12+TONT20000JANV!L12+TONT20000FEV!L12+TONT20000MARS!L12+TONT20000AVRIL!L12+TONT20000MAI!L12+TONT20000JUIN!L12+TONT20000JUIL!L12+TONT20000AOUT!L12+TONT20000SEPT!L12+TONT20000OCT!L12+TONT20000NOV!M12 -> 156000 | X12: =TONT20000DEC2015!O12+TONT20000JANV!M12+TONT20000FEV!M12+TONT20000MARS!M12+TONT20000AVRIL!M12+TONT20000MAI!M12+TONT20000JUIN!M12+TONT20000JUIL!M12+TONT20000AOUT!M12+TONT20000SEPT!M12+TONT20000OCT!M12+TONT20000NOV!N12 -> 0 | ... AC12: =TONT20000DEC2015!T12+TONT20000JANV!R12+TONT20000FEV!R12+TONT20000MARS!R12+TONT20000AVRIL!R12+TONT20000MAI!R12+TONT20000JUIN!R12+TONT20000JUIL!R12+TONT20000AOUT!R12+TONT20000SEPT!R12+TONT20000OCT!R12+TONT20000NOV!S12 -> 0
A13: AS201608 | B13: =VLOOKUP(A13,LISTADHERENT!A$5:H$52,2,0) -> DJUOMBESSY ANTOINE | C13: 390000 | D13: 0 | E13: =K13-L13 -> 2746 | F13: =C13+D13+R13 -> 457560 | G13: =INT(TONT20000DEC2015!E13+TONT20000JANV!C13+TONT20000FEV!C13+TONT20000MARS!C13+TONT20000AVRIL!C13+TONT20000MAI!C13+TONT20000JUIN!C13+TONT20000JUIL!C13+TONT20000AOUT!C13+TONT20000SEPT!C13+TONT20000OCT!C13+TONT20000NOV!C13) -> 43186 | H13: =TONT20000NOV!E13 -> 500746.25 | I13: =D13+G13+R13 -> 110746 | J13: =M13+N13+O13+P13 -> 80000 | K13: =I13-J13 -> 30746 | L13: 28000 | M13: 30000 | O13: 50000 | P13: =48000-(S13+T13+U13) -> 0 | Q13: =TONT20000DEC2015!H13+TONT20000JANV!F13+TONT20000FEV!F13+TONT20000MARS!F13+TONT20000AVRIL!F13+TONT20000MAI!F13+TONT20000JUIN!F13+TONT20000JUIL!F13+TONT20000AOUT!F13+TONT20000SEPT!F13+TONT20000OCT!F13+TONT20000NOV!G13 -> 271560 | R13: =TONT20000DEC2015!I13+TONT20000JANV!G13+TONT20000FEV!G13+TONT20000MARS!G13+TONT20000AVRIL!G13+TONT20000MAI!G13+TONT20000JUIN!G13+TONT20000JUIL!G13+TONT20000AOUT!G13+TONT20000SEPT!G13+TONT20000OCT!G13+TONT20000NOV!H13 -> 67560 | S13: =TONT20000DEC2015!J13+TONT20000JANV!H13+TONT20000FEV!H13+TONT20000MARS!H13+TONT20000AVRIL!H13+TONT20000MAI!H13+TONT20000JUIN!H13+TONT20000JUIL!H13+TONT20000AOUT!H13+TONT20000SEPT!H13+TONT20000OCT!H13+TONT20000NOV!I13 -> 6000 | T13: =TONT20000DEC2015!K13+TONT20000JANV!I13+TONT20000FEV!I13+TONT20000MARS!I13+TONT20000AVRIL!I13+TONT20000MAI!I13+TONT20000JUIN!I13+TONT20000JUIL!I13+TONT20000AOUT!I13+TONT20000SEPT!I13+TONT20000OCT!I13+TONT20000NOV!J13 -> 12000 | U13: =TONT20000DEC2015!L13+TONT20000JANV!J13+TONT20000FEV!J13+TONT20000MARS!J13+TONT20000AVRIL!J13+TONT20000MAI!J13+TONT20000JUIN!J13+TONT20000JUIL!J13+TONT20000AOUT!J13+TONT20000SEPT!J13+TONT20000OCT!J13+TONT20000NOV!K13 -> 30000 | V13: =TONT20000DEC2015!M13+TONT20000JANV!K13+TONT20000FEV!K13+TONT20000MARS!K13+TONT20000AVRIL!K13+TONT20000MAI!K13+TONT20000JUIN!K13+TONT20000JUIL!K13+TONT20000AOUT!K13+TONT20000SEPT!K13+TONT20000OCT!K13+TONT20000NOV!L13 -> 0 | W13: =TONT20000DEC2015!N13+TONT20000JANV!L13+TONT20000FEV!L13+TONT20000MARS!L13+TONT20000AVRIL!L13+TONT20000MAI!L13+TONT20000JUIN!L13+TONT20000JUIL!L13+TONT20000AOUT!L13+TONT20000SEPT!L13+TONT20000OCT!L13+TONT20000NOV!M13 -> 156000 | X13: =TONT20000DEC2015!O13+TONT20000JANV!M13+TONT20000FEV!M13+TONT20000MARS!M13+TONT20000AVRIL!M13+TONT20000MAI!M13+TONT20000JUIN!M13+TONT20000JUIL!M13+TONT20000AOUT!M13+TONT20000SEPT!M13+TONT20000OCT!M13+TONT20000NOV!N13 -> 700000 | ... AC13: =TONT20000DEC2015!T13+TONT20000JANV!R13+TONT20000FEV!R13+TONT20000MARS!R13+TONT20000AVRIL!R13+TONT20000MAI!R13+TONT20000JUIN!R13+TONT20000JUIL!R13+TONT20000AOUT!R13+TONT20000SEPT!R13+TONT20000OCT!R13+TONT20000NOV!S13 -> 0
A14: AS201609 | B14: =VLOOKUP(A14,LISTADHERENT!A$5:H$52,2,0) -> DONHOU DAVID | C14: =VLOOKUP(A14,FONDSDECAISSE!A$5:C$52,3,0) -> 390000 | D14: 44734 | E14: =K14-L14 -> 53748 | F14: =C14+D14+R14 -> 470734 | G14: =INT(TONT20000DEC2015!E14+TONT20000JANV!C14+TONT20000FEV!C14+TONT20000MARS!C14+TONT20000AVRIL!C14+TONT20000MAI!C14+TONT20000JUIN!C14+TONT20000JUIL!C14+TONT20000AOUT!C14+TONT20000SEPT!C14+TONT20000OCT!C14+TONT20000NOV!C14) -> 53014 | H14: =TONT20000NOV!E14 -> 523748.49 | I14: =D14+G14+R14 -> 133748 | J14: =M14+N14+O14+P14 -> 80000 | K14: =I14-J14 -> 53748 | L14: 0 | M14: 30000 | O14: 50000 | P14: =48000-(S14+T14+U14) -> 0 | Q14: =TONT20000DEC2015!H14+TONT20000JANV!F14+TONT20000FEV!F14+TONT20000MARS!F14+TONT20000AVRIL!F14+TONT20000MAI!F14+TONT20000JUIN!F14+TONT20000JUIL!F14+TONT20000AOUT!F14+TONT20000SEPT!F14+TONT20000OCT!F14+TONT20000NOV!G14 -> 240000 | R14: =TONT20000DEC2015!I14+TONT20000JANV!G14+TONT20000FEV!G14+TONT20000MARS!G14+TONT20000AVRIL!G14+TONT20000MAI!G14+TONT20000JUIN!G14+TONT20000JUIL!G14+TONT20000AOUT!G14+TONT20000SEPT!G14+TONT20000OCT!G14+TONT20000NOV!H14 -> 36000 | S14: =TONT20000DEC2015!J14+TONT20000JANV!H14+TONT20000FEV!H14+TONT20000MARS!H14+TONT20000AVRIL!H14+TONT20000MAI!H14+TONT20000JUIN!H14+TONT20000JUIL!H14+TONT20000AOUT!H14+TONT20000SEPT!H14+TONT20000OCT!H14+TONT20000NOV!I14 -> 6000 | T14: =TONT20000DEC2015!K14+TONT20000JANV!I14+TONT20000FEV!I14+TONT20000MARS!I14+TONT20000AVRIL!I14+TONT20000MAI!I14+TONT20000JUIN!I14+TONT20000JUIL!I14+TONT20000AOUT!I14+TONT20000SEPT!I14+TONT20000OCT!I14+TONT20000NOV!J14 -> 12000 | U14: =TONT20000DEC2015!L14+TONT20000JANV!J14+TONT20000FEV!J14+TONT20000MARS!J14+TONT20000AVRIL!J14+TONT20000MAI!J14+TONT20000JUIN!J14+TONT20000JUIL!J14+TONT20000AOUT!J14+TONT20000SEPT!J14+TONT20000OCT!J14+TONT20000NOV!K14 -> 30000 | V14: =TONT20000DEC2015!M14+TONT20000JANV!K14+TONT20000FEV!K14+TONT20000MARS!K14+TONT20000AVRIL!K14+TONT20000MAI!K14+TONT20000JUIN!K14+TONT20000JUIL!K14+TONT20000AOUT!K14+TONT20000SEPT!K14+TONT20000OCT!K14+TONT20000NOV!L14 -> 0 | W14: =TONT20000DEC2015!N14+TONT20000JANV!L14+TONT20000FEV!L14+TONT20000MARS!L14+TONT20000AVRIL!L14+TONT20000MAI!L14+TONT20000JUIN!L14+TONT20000JUIL!L14+TONT20000AOUT!L14+TONT20000SEPT!L14+TONT20000OCT!L14+TONT20000NOV!M14 -> 156000 | X14: =TONT20000DEC2015!O14+TONT20000JANV!M14+TONT20000FEV!M14+TONT20000MARS!M14+TONT20000AVRIL!M14+TONT20000MAI!M14+TONT20000JUIN!M14+TONT20000JUIL!M14+TONT20000AOUT!M14+TONT20000SEPT!M14+TONT20000OCT!M14+TONT20000NOV!N14 -> 0 | ... AC14: =TONT20000DEC2015!T14+TONT20000JANV!R14+TONT20000FEV!R14+TONT20000MARS!R14+TONT20000AVRIL!R14+TONT20000MAI!R14+TONT20000JUIN!R14+TONT20000JUIL!R14+TONT20000AOUT!R14+TONT20000SEPT!R14+TONT20000OCT!R14+TONT20000NOV!S14 -> 0
A15: AS201610 | B15: =VLOOKUP(A15,LISTADHERENT!A$5:H$52,2,0) -> FOTSO THOMAS | C15: =VLOOKUP(A15,FONDSDECAISSE!A$5:C$52,3,0) -> 390000 | D15: 3318 | E15: =K15-L15 -> 2522 | F15: =C15+D15+R15 -> 429318 | G15: =INT(TONT20000DEC2015!E15+TONT20000JANV!C15+TONT20000FEV!C15+TONT20000MARS!C15+TONT20000AVRIL!C15+TONT20000MAI!C15+TONT20000JUIN!C15+TONT20000JUIL!C15+TONT20000AOUT!C15+TONT20000SEPT!C15+TONT20000OCT!C15+TONT20000NOV!C15) -> 48204 | H15: =TONT20000NOV!E15 -> 477522.03 | I15: =D15+G15+R15 -> 87522 | J15: =M15+N15+O15+P15 -> 80000 | K15: =I15-J15 -> 7522 | L15: 5000 | M15: 30000 | O15: 50000 | P15: =48000-(S15+T15+U15) -> 0 | Q15: =TONT20000DEC2015!H15+TONT20000JANV!F15+TONT20000FEV!F15+TONT20000MARS!F15+TONT20000AVRIL!F15+TONT20000MAI!F15+TONT20000JUIN!F15+TONT20000JUIL!F15+TONT20000AOUT!F15+TONT20000SEPT!F15+TONT20000OCT!F15+TONT20000NOV!G15 -> 240000 | R15: =TONT20000DEC2015!I15+TONT20000JANV!G15+TONT20000FEV!G15+TONT20000MARS!G15+TONT20000AVRIL!G15+TONT20000MAI!G15+TONT20000JUIN!G15+TONT20000JUIL!G15+TONT20000AOUT!G15+TONT20000SEPT!G15+TONT20000OCT!G15+TONT20000NOV!H15 -> 36000 | S15: =TONT20000DEC2015!J15+TONT20000JANV!H15+TONT20000FEV!H15+TONT20000MARS!H15+TONT20000AVRIL!H15+TONT20000MAI!H15+TONT20000JUIN!H15+TONT20000JUIL!H15+TONT20000AOUT!H15+TONT20000SEPT!H15+TONT20000OCT!H15+TONT20000NOV!I15 -> 6000 | T15: =TONT20000DEC2015!K15+TONT20000JANV!I15+TONT20000FEV!I15+TONT20000MARS!I15+TONT20000AVRIL!I15+TONT20000MAI!I15+TONT20000JUIN!I15+TONT20000JUIL!I15+TONT20000AOUT!I15+TONT20000SEPT!I15+TONT20000OCT!I15+TONT20000NOV!J15 -> 12000 | U15: =TONT20000DEC2015!L15+TONT20000JANV!J15+TONT20000FEV!J15+TONT20000MARS!J15+TONT20000AVRIL!J15+TONT20000MAI!J15+TONT20000JUIN!J15+TONT20000JUIL!J15+TONT20000AOUT!J15+TONT20000SEPT!J15+TONT20000OCT!J15+TONT20000NOV!K15 -> 30000 | V15: =TONT20000DEC2015!M15+TONT20000JANV!K15+TONT20000FEV!K15+TONT20000MARS!K15+TONT20000AVRIL!K15+TONT20000MAI!K15+TONT20000JUIN!K15+TONT20000JUIL!K15+TONT20000AOUT!K15+TONT20000SEPT!K15+TONT20000OCT!K15+TONT20000NOV!L15 -> 0 | W15: =TONT20000DEC2015!N15+TONT20000JANV!L15+TONT20000FEV!L15+TONT20000MARS!L15+TONT20000AVRIL!L15+TONT20000MAI!L15+TONT20000JUIN!L15+TONT20000JUIL!L15+TONT20000AOUT!L15+TONT20000SEPT!L15+TONT20000OCT!L15+TONT20000NOV!M15 -> 156000 | X15: =TONT20000DEC2015!O15+TONT20000JANV!M15+TONT20000FEV!M15+TONT20000MARS!M15+TONT20000AVRIL!M15+TONT20000MAI!M15+TONT20000JUIN!M15+TONT20000JUIL!M15+TONT20000AOUT!M15+TONT20000SEPT!M15+TONT20000OCT!M15+TONT20000NOV!N15 -> 1000000 | ... AC15: =TONT20000DEC2015!T15+TONT20000JANV!R15+TONT20000FEV!R15+TONT20000MARS!R15+TONT20000AVRIL!R15+TONT20000MAI!R15+TONT20000JUIN!R15+TONT20000JUIL!R15+TONT20000AOUT!R15+TONT20000SEPT!R15+TONT20000OCT!R15+TONT20000NOV!S15 -> 0
A16: AS201611 | B16: =VLOOKUP(A16,LISTADHERENT!A$5:H$52,2,0) -> HENGUE PAUL OMER | C16: =VLOOKUP(A16,FONDSDECAISSE!A$5:C$52,3,0) -> 390000 | E16: =K16-L16 -> -10298 | F16: =C16+D16+R16 -> 420000 | G16: =INT(TONT20000DEC2015!E16+TONT20000JANV!C16+TONT20000FEV!C16+TONT20000MARS!C16+TONT20000AVRIL!C16+TONT20000MAI!C16+TONT20000JUIN!C16+TONT20000JUIL!C16+TONT20000AOUT!C16+TONT20000SEPT!C16+TONT20000OCT!C16+TONT20000NOV!C16) -> 47702 | H16: =TONT20000NOV!E16 -> 467702.04 | I16: =D16+G16+R16 -> 77702 | J16: =M16+N16+O16+P16 -> 88000 | K16: =I16-J16 -> -10298 | L16: 0 | M16: 30000 | O16: 50000 | P16: =48000-(S16+T16+U16) -> 8000 | Q16: =TONT20000DEC2015!H16+TONT20000JANV!F16+TONT20000FEV!F16+TONT20000MARS!F16+TONT20000AVRIL!F16+TONT20000MAI!F16+TONT20000JUIN!F16+TONT20000JUIL!F16+TONT20000AOUT!F16+TONT20000SEPT!F16+TONT20000OCT!F16+TONT20000NOV!G16 -> 200000 | R16: =TONT20000DEC2015!I16+TONT20000JANV!G16+TONT20000FEV!G16+TONT20000MARS!G16+TONT20000AVRIL!G16+TONT20000MAI!G16+TONT20000JUIN!G16+TONT20000JUIL!G16+TONT20000AOUT!G16+TONT20000SEPT!G16+TONT20000OCT!G16+TONT20000NOV!H16 -> 30000 | S16: =TONT20000DEC2015!J16+TONT20000JANV!H16+TONT20000FEV!H16+TONT20000MARS!H16+TONT20000AVRIL!H16+TONT20000MAI!H16+TONT20000JUIN!H16+TONT20000JUIL!H16+TONT20000AOUT!H16+TONT20000SEPT!H16+TONT20000OCT!H16+TONT20000NOV!I16 -> 5000 | T16: =TONT20000DEC2015!K16+TONT20000JANV!I16+TONT20000FEV!I16+TONT20000MARS!I16+TONT20000AVRIL!I16+TONT20000MAI!I16+TONT20000JUIN!I16+TONT20000JUIL!I16+TONT20000AOUT!I16+TONT20000SEPT!I16+TONT20000OCT!I16+TONT20000NOV!J16 -> 10000 | U16: =TONT20000DEC2015!L16+TONT20000JANV!J16+TONT20000FEV!J16+TONT20000MARS!J16+TONT20000AVRIL!J16+TONT20000MAI!J16+TONT20000JUIN!J16+TONT20000JUIL!J16+TONT20000AOUT!J16+TONT20000SEPT!J16+TONT20000OCT!J16+TONT20000NOV!K16 -> 25000 | V16: =TONT20000DEC2015!M16+TONT20000JANV!K16+TONT20000FEV!K16+TONT20000MARS!K16+TONT20000AVRIL!K16+TONT20000MAI!K16+TONT20000JUIN!K16+TONT20000JUIL!K16+TONT20000AOUT!K16+TONT20000SEPT!K16+TONT20000OCT!K16+TONT20000NOV!L16 -> 0 | W16: =TONT20000DEC2015!N16+TONT20000JANV!L16+TONT20000FEV!L16+TONT20000MARS!L16+TONT20000AVRIL!L16+TONT20000MAI!L16+TONT20000JUIN!L16+TONT20000JUIL!L16+TONT20000AOUT!L16+TONT20000SEPT!L16+TONT20000OCT!L16+TONT20000NOV!M16 -> 130000 | X16: =TONT20000DEC2015!O16+TONT20000JANV!M16+TONT20000FEV!M16+TONT20000MARS!M16+TONT20000AVRIL!M16+TONT20000MAI!M16+TONT20000JUIN!M16+TONT20000JUIL!M16+TONT20000AOUT!M16+TONT20000SEPT!M16+TONT20000OCT!M16+TONT20000NOV!N16 -> 0 | ... AC16: =TONT20000DEC2015!T16+TONT20000JANV!R16+TONT20000FEV!R16+TONT20000MARS!R16+TONT20000AVRIL!R16+TONT20000MAI!R16+TONT20000JUIN!R16+TONT20000JUIL!R16+TONT20000AOUT!R16+TONT20000SEPT!R16+TONT20000OCT!R16+TONT20000NOV!S16 -> 0
A17: AS201612 | B17: =VLOOKUP(A17,LISTADHERENT!A$5:H$52,2,0) -> HODIEP JULES | C17: 50000 | D17: 0 | E17: =K17-L17 -> 260 | F17: =C17+D17+R17 -> 58100 | G17: =INT(TONT20000DEC2015!E17+TONT20000JANV!C17+TONT20000FEV!C17+TONT20000MARS!C17+TONT20000AVRIL!C17+TONT20000MAI!C17+TONT20000JUIN!C17+TONT20000JUIL!C17+TONT20000AOUT!C17+TONT20000SEPT!C17+TONT20000OCT!C17+TONT20000NOV!C17) -> 6252 | H17: =TONT20000NOV!E17 -> 92252.382 | I17: =D17+G17+R17 -> 14352 | J17: =M17+N17+O17+P17 -> 14092 | K17: =I17-J17 -> 260 | L17: 0 | O17: =50000-35908 -> 14092 | P17: =48000-(S17+T17+U17) -> 0 | Q17: =TONT20000DEC2015!H17+TONT20000JANV!F17+TONT20000FEV!F17+TONT20000MARS!F17+TONT20000AVRIL!F17+TONT20000MAI!F17+TONT20000JUIN!F17+TONT20000JUIL!F17+TONT20000AOUT!F17+TONT20000SEPT!F17+TONT20000OCT!F17+TONT20000NOV!G17 -> 240000 | R17: =TONT20000DEC2015!I17+TONT20000JANV!G17+TONT20000FEV!G17+TONT20000MARS!G17+TONT20000AVRIL!G17+TONT20000MAI!G17+TONT20000JUIN!G17+TONT20000JUIL!G17+TONT20000AOUT!G17+TONT20000SEPT!G17+TONT20000OCT!G17+TONT20000NOV!H17-18000-9900 -> 8100 | S17: =TONT20000DEC2015!J17+TONT20000JANV!H17+TONT20000FEV!H17+TONT20000MARS!H17+TONT20000AVRIL!H17+TONT20000MAI!H17+TONT20000JUIN!H17+TONT20000JUIL!H17+TONT20000AOUT!H17+TONT20000SEPT!H17+TONT20000OCT!H17+TONT20000NOV!I17 -> 6000 | T17: =TONT20000DEC2015!K17+TONT20000JANV!I17+TONT20000FEV!I17+TONT20000MARS!I17+TONT20000AVRIL!I17+TONT20000MAI!I17+TONT20000JUIN!I17+TONT20000JUIL!I17+TONT20000AOUT!I17+TONT20000SEPT!I17+TONT20000OCT!I17+TONT20000NOV!J17 -> 12000 | U17: =TONT20000DEC2015!L17+TONT20000JANV!J17+TONT20000FEV!J17+TONT20000MARS!J17+TONT20000AVRIL!J17+TONT20000MAI!J17+TONT20000JUIN!J17+TONT20000JUIL!J17+TONT20000AOUT!J17+TONT20000SEPT!J17+TONT20000OCT!J17+TONT20000NOV!K17 -> 30000 | V17: =TONT20000DEC2015!M17+TONT20000JANV!K17+TONT20000FEV!K17+TONT20000MARS!K17+TONT20000AVRIL!K17+TONT20000MAI!K17+TONT20000JUIN!K17+TONT20000JUIL!K17+TONT20000AOUT!K17+TONT20000SEPT!K17+TONT20000OCT!K17+TONT20000NOV!L17 -> 0 | W17: =TONT20000DEC2015!N17+TONT20000JANV!L17+TONT20000FEV!L17+TONT20000MARS!L17+TONT20000AVRIL!L17+TONT20000MAI!L17+TONT20000JUIN!L17+TONT20000JUIL!L17+TONT20000AOUT!L17+TONT20000SEPT!L17+TONT20000OCT!L17+TONT20000NOV!M17 -> 156000 | X17: =TONT20000DEC2015!O17+TONT20000JANV!M17+TONT20000FEV!M17+TONT20000MARS!M17+TONT20000AVRIL!M17+TONT20000MAI!M17+TONT20000JUIN!M17+TONT20000JUIL!M17+TONT20000AOUT!M17+TONT20000SEPT!M17+TONT20000OCT!M17+TONT20000NOV!N17 -> 0 | Y17: =TONT20000DEC2015!P17+TONT20000JANV!N17+TONT20000FEV!N17+TONT20000MARS!N17+TONT20000AVRIL!N17+TONT20000MAI!N17+TONT20000JUIN!N17+TONT20000JUIL!N17+TONT20000AOUT!N17+TONT20000SEPT!N17+TONT20000OCT!N17+TONT20000NOV!O17 -> 0 | Z17: =TONT20000DEC2015!Q17+TONT20000JANV!O17+TONT20000FEV!O17+TONT20000MARS!O17+TONT20000AVRIL!O17+TONT20000MAI!O17+TONT20000JUIN!O17+TONT20000JUIL!O17+TONT20000AOUT!O17+TONT20000SEPT!O17+TONT20000OCT!O17+TONT20000NOV!P17 -> 0 | ... AC17: =TONT20000DEC2015!T17+TONT20000JANV!R17+TONT20000FEV!R17+TONT20000MARS!R17+TONT20000AVRIL!R17+TONT20000MAI!R17+TONT20000JUIN!R17+TONT20000JUIL!R17+TONT20000AOUT!R17+TONT20000SEPT!R17+TONT20000OCT!R17+TONT20000NOV!S17 -> 0
A18: AS201613 | B18: =VLOOKUP(A18,LISTADHERENT!A$5:H$52,2,0) -> HOTCHO BENJAMIN | C18: =VLOOKUP(A18,FONDSDECAISSE!A$5:C$52,3,0) -> 390000 | D18: 8723 | E18: =K18-L18 -> 112685 | F18: =C18+D18+R18 -> 482723 | G18: =INT(TONT20000DEC2015!E18+TONT20000JANV!C18+TONT20000FEV!C18+TONT20000MARS!C18+TONT20000AVRIL!C18+TONT20000MAI!C18+TONT20000JUIN!C18+TONT20000JUIL!C18+TONT20000AOUT!C18+TONT20000SEPT!C18+TONT20000OCT!C18+TONT20000NOV!C18) -> 49962 | H18: =TONT20000NOV!E18 -> 532685.38 | I18: =D18+G18+R18 -> 142685 | J18: =M18+N18+O18+P18 -> 30000 | K18: =I18-J18 -> 112685 | L18: 0 | M18: 30000 | O18: 0 | P18: =48000-(S18+T18+U18) -> 0 | Q18: =TONT20000DEC2015!H18+TONT20000JANV!F18+TONT20000FEV!F18+TONT20000MARS!F18+TONT20000AVRIL!F18+TONT20000MAI!F18+TONT20000JUIN!F18+TONT20000JUIL!F18+TONT20000AOUT!F18+TONT20000SEPT!F18+TONT20000OCT!F18+TONT20000NOV!G18 -> 338000 | R18: =TONT20000DEC2015!I18+TONT20000JANV!G18+TONT20000FEV!G18+TONT20000MARS!G18+TONT20000AVRIL!G18+TONT20000MAI!G18+TONT20000JUIN!G18+TONT20000JUIL!G18+TONT20000AOUT!G18+TONT20000SEPT!G18+TONT20000OCT!G18+TONT20000NOV!H18 -> 84000 | S18: =TONT20000DEC2015!J18+TONT20000JANV!H18+TONT20000FEV!H18+TONT20000MARS!H18+TONT20000AVRIL!H18+TONT20000MAI!H18+TONT20000JUIN!H18+TONT20000JUIL!H18+TONT20000AOUT!H18+TONT20000SEPT!H18+TONT20000OCT!H18+TONT20000NOV!I18 -> 6000 | T18: =TONT20000DEC2015!K18+TONT20000JANV!I18+TONT20000FEV!I18+TONT20000MARS!I18+TONT20000AVRIL!I18+TONT20000MAI!I18+TONT20000JUIN!I18+TONT20000JUIL!I18+TONT20000AOUT!I18+TONT20000SEPT!I18+TONT20000OCT!I18+TONT20000NOV!J18 -> 12000 | U18: =TONT20000DEC2015!L18+TONT20000JANV!J18+TONT20000FEV!J18+TONT20000MARS!J18+TONT20000AVRIL!J18+TONT20000MAI!J18+TONT20000JUIN!J18+TONT20000JUIL!J18+TONT20000AOUT!J18+TONT20000SEPT!J18+TONT20000OCT!J18+TONT20000NOV!K18 -> 30000 | V18: =TONT20000DEC2015!M18+TONT20000JANV!K18+TONT20000FEV!K18+TONT20000MARS!K18+TONT20000AVRIL!K18+TONT20000MAI!K18+TONT20000JUIN!K18+TONT20000JUIL!K18+TONT20000AOUT!K18+TONT20000SEPT!K18+TONT20000OCT!K18+TONT20000NOV!L18 -> 50000 | W18: =TONT20000DEC2015!N18+TONT20000JANV!L18+TONT20000FEV!L18+TONT20000MARS!L18+TONT20000AVRIL!L18+TONT20000MAI!L18+TONT20000JUIN!L18+TONT20000JUIL!L18+TONT20000AOUT!L18+TONT20000SEPT!L18+TONT20000OCT!L18+TONT20000NOV!M18 -> 156000 | X18: =TONT20000DEC2015!O18+TONT20000JANV!M18+TONT20000FEV!M18+TONT20000MARS!M18+TONT20000AVRIL!M18+TONT20000MAI!M18+TONT20000JUIN!M18+TONT20000JUIL!M18+TONT20000AOUT!M18+TONT20000SEPT!M18+TONT20000OCT!M18+TONT20000NOV!N18 -> 0 | ... AC18: =TONT20000DEC2015!T18+TONT20000JANV!R18+TONT20000FEV!R18+TONT20000MARS!R18+TONT20000AVRIL!R18+TONT20000MAI!R18+TONT20000JUIN!R18+TONT20000JUIL!R18+TONT20000AOUT!R18+TONT20000SEPT!R18+TONT20000OCT!R18+TONT20000NOV!S18 -> 0
A19: AS201614 | B19: =VLOOKUP(A19,LISTADHERENT!A$5:H$52,2,0) -> KEPHE DAVID | C19: =VLOOKUP(A19,FONDSDECAISSE!A$5:C$52,3,0) -> 0 | D19: 12795 | E19: =K19-L19 -> 177 | F19: =C19+D19+R19 -> 18000 | G19: =INT(TONT20000DEC2015!E19+TONT20000JANV!C19+TONT20000FEV!C19+TONT20000MARS!C19+TONT20000AVRIL!C19+TONT20000MAI!C19+TONT20000JUIN!C19+TONT20000JUIL!C19+TONT20000AOUT!C19+TONT20000SEPT!C19+TONT20000OCT!C19+TONT20000NOV!C19) -> 4006 | H19: =TONT20000NOV!E19 -> 52801.313 | I19: =D19+G19+R19 -> 22006 | J19: =M19+N19+O19+P19 -> 21829 | K19: =I19-J19 -> 177 | L19: 0 | O19: =50000-24839-3332 -> 21829 | P19: =48000-(S19+T19+U19) -> 0 | Q19: =TONT20000DEC2015!H19+TONT20000JANV!F19+TONT20000FEV!F19+TONT20000MARS!F19+TONT20000AVRIL!F19+TONT20000MAI!F19+TONT20000JUIN!F19+TONT20000JUIL!F19+TONT20000AOUT!F19+TONT20000SEPT!F19+TONT20000OCT!F19+TONT20000NOV!G19 -> 240000 | R19: =TONT20000DEC2015!I19+TONT20000JANV!G19+TONT20000FEV!G19+TONT20000MARS!G19+TONT20000AVRIL!G19+TONT20000MAI!G19+TONT20000JUIN!G19+TONT20000JUIL!G19+TONT20000AOUT!G19+TONT20000SEPT!G19+TONT20000OCT!G19+TONT20000NOV!H19-30795 -> 5205 | S19: =TONT20000DEC2015!J19+TONT20000JANV!H19+TONT20000FEV!H19+TONT20000MARS!H19+TONT20000AVRIL!H19+TONT20000MAI!H19+TONT20000JUIN!H19+TONT20000JUIL!H19+TONT20000AOUT!H19+TONT20000SEPT!H19+TONT20000OCT!H19+TONT20000NOV!I19 -> 6000 | T19: =TONT20000DEC2015!K19+TONT20000JANV!I19+TONT20000FEV!I19+TONT20000MARS!I19+TONT20000AVRIL!I19+TONT20000MAI!I19+TONT20000JUIN!I19+TONT20000JUIL!I19+TONT20000AOUT!I19+TONT20000SEPT!I19+TONT20000OCT!I19+TONT20000NOV!J19 -> 12000 | U19: =TONT20000DEC2015!L19+TONT20000JANV!J19+TONT20000FEV!J19+TONT20000MARS!J19+TONT20000AVRIL!J19+TONT20000MAI!J19+TONT20000JUIN!J19+TONT20000JUIL!J19+TONT20000AOUT!J19+TONT20000SEPT!J19+TONT20000OCT!J19+TONT20000NOV!K19 -> 30000 | V19: =TONT20000DEC2015!M19+TONT20000JANV!K19+TONT20000FEV!K19+TONT20000MARS!K19+TONT20000AVRIL!K19+TONT20000MAI!K19+TONT20000JUIN!K19+TONT20000JUIL!K19+TONT20000AOUT!K19+TONT20000SEPT!K19+TONT20000OCT!K19+TONT20000NOV!L19 -> 0 | W19: =TONT20000DEC2015!N19+TONT20000JANV!L19+TONT20000FEV!L19+TONT20000MARS!L19+TONT20000AVRIL!L19+TONT20000MAI!L19+TONT20000JUIN!L19+TONT20000JUIL!L19+TONT20000AOUT!L19+TONT20000SEPT!L19+TONT20000OCT!L19+TONT20000NOV!M19 -> 156000 | X19: =TONT20000DEC2015!O19+TONT20000JANV!M19+TONT20000FEV!M19+TONT20000MARS!M19+TONT20000AVRIL!M19+TONT20000MAI!M19+TONT20000JUIN!M19+TONT20000JUIL!M19+TONT20000AOUT!M19+TONT20000SEPT!M19+TONT20000OCT!M19+TONT20000NOV!N19 -> 0 | Y19: =TONT20000DEC2015!P19+TONT20000JANV!N19+TONT20000FEV!N19+TONT20000MARS!N19+TONT20000AVRIL!N19+TONT20000MAI!N19+TONT20000JUIN!N19+TONT20000JUIL!N19+TONT20000AOUT!N19+TONT20000SEPT!N19+TONT20000OCT!N19+TONT20000NOV!O19 -> 0 | Z19: =TONT20000DEC2015!Q19+TONT20000JANV!O19+TONT20000FEV!O19+TONT20000MARS!O19+TONT20000AVRIL!O19+TONT20000MAI!O19+TONT20000JUIN!O19+TONT20000JUIL!O19+TONT20000AOUT!O19+TONT20000SEPT!O19+TONT20000OCT!O19+TONT20000NOV!P19 -> 0 | ... AC19: =TONT20000DEC2015!T19+TONT20000JANV!R19+TONT20000FEV!R19+TONT20000MARS!R19+TONT20000AVRIL!R19+TONT20000MAI!R19+TONT20000JUIN!R19+TONT20000JUIL!R19+TONT20000AOUT!R19+TONT20000SEPT!R19+TONT20000OCT!R19+TONT20000NOV!S19 -> 0
A20: AS201615 | B20: =VLOOKUP(A20,LISTADHERENT!A$5:H$52,2,0) -> KEPSEU FRANCIS | C20: =VLOOKUP(A20,FONDSDECAISSE!A$5:C$52,3,0) -> 390000 | D20: 186997 | E20: =K20-L20 -> 705425 | F20: =C20+D20+R20 -> 1128997 | G20: =INT(TONT20000DEC2015!E20+TONT20000JANV!C20+TONT20000FEV!C20+TONT20000MARS!C20+TONT20000AVRIL!C20+TONT20000MAI!C20+TONT20000JUIN!C20+TONT20000JUIL!C20+TONT20000AOUT!C20+TONT20000SEPT!C20+TONT20000OCT!C20+TONT20000NOV!C20) -> 117428 | H20: =TONT20000NOV!E20 -> 1246425.8 | I20: =D20+G20+R20 -> 856425 | J20: =M20+N20+O20+P20 -> 80000 | K20: =I20-J20 -> 776425 | L20: 71000 | M20: 30000 | O20: 50000 | P20: =48000-(S20+T20+U20) -> 0 | Q20: =TONT20000DEC2015!H20+TONT20000JANV!F20+TONT20000FEV!F20+TONT20000MARS!F20+TONT20000AVRIL!F20+TONT20000MAI!F20+TONT20000JUIN!F20+TONT20000JUIL!F20+TONT20000AOUT!F20+TONT20000SEPT!F20+TONT20000OCT!F20+TONT20000NOV!G20 -> 756000 | R20: =TONT20000DEC2015!I20+TONT20000JANV!G20+TONT20000FEV!G20+TONT20000MARS!G20+TONT20000AVRIL!G20+TONT20000MAI!G20+TONT20000JUIN!G20+TONT20000JUIL!G20+TONT20000AOUT!G20+TONT20000SEPT!G20+TONT20000OCT!G20+TONT20000NOV!H20 -> 552000 | S20: =TONT20000DEC2015!J20+TONT20000JANV!H20+TONT20000FEV!H20+TONT20000MARS!H20+TONT20000AVRIL!H20+TONT20000MAI!H20+TONT20000JUIN!H20+TONT20000JUIL!H20+TONT20000AOUT!H20+TONT20000SEPT!H20+TONT20000OCT!H20+TONT20000NOV!I20 -> 6000 | T20: =TONT20000DEC2015!K20+TONT20000JANV!I20+TONT20000FEV!I20+TONT20000MARS!I20+TONT20000AVRIL!I20+TONT20000MAI!I20+TONT20000JUIN!I20+TONT20000JUIL!I20+TONT20000AOUT!I20+TONT20000SEPT!I20+TONT20000OCT!I20+TONT20000NOV!J20 -> 12000 | U20: =TONT20000DEC2015!L20+TONT20000JANV!J20+TONT20000FEV!J20+TONT20000MARS!J20+TONT20000AVRIL!J20+TONT20000MAI!J20+TONT20000JUIN!J20+TONT20000JUIL!J20+TONT20000AOUT!J20+TONT20000SEPT!J20+TONT20000OCT!J20+TONT20000NOV!K20 -> 30000 | V20: =TONT20000DEC2015!M20+TONT20000JANV!K20+TONT20000FEV!K20+TONT20000MARS!K20+TONT20000AVRIL!K20+TONT20000MAI!K20+TONT20000JUIN!K20+TONT20000JUIL!K20+TONT20000AOUT!K20+TONT20000SEPT!K20+TONT20000OCT!K20+TONT20000NOV!L20 -> 0 | W20: =TONT20000DEC2015!N20+TONT20000JANV!L20+TONT20000FEV!L20+TONT20000MARS!L20+TONT20000AVRIL!L20+TONT20000MAI!L20+TONT20000JUIN!L20+TONT20000JUIL!L20+TONT20000AOUT!L20+TONT20000SEPT!L20+TONT20000OCT!L20+TONT20000NOV!M20 -> 156000 | X20: =TONT20000DEC2015!O20+TONT20000JANV!M20+TONT20000FEV!M20+TONT20000MARS!M20+TONT20000AVRIL!M20+TONT20000MAI!M20+TONT20000JUIN!M20+TONT20000JUIL!M20+TONT20000AOUT!M20+TONT20000SEPT!M20+TONT20000OCT!M20+TONT20000NOV!N20 -> 0 | ... AC20: =TONT20000DEC2015!T20+TONT20000JANV!R20+TONT20000FEV!R20+TONT20000MARS!R20+TONT20000AVRIL!R20+TONT20000MAI!R20+TONT20000JUIN!R20+TONT20000JUIL!R20+TONT20000AOUT!R20+TONT20000SEPT!R20+TONT20000OCT!R20+TONT20000NOV!S20 -> 0
