Workbook
Name BANQUE: #REF!
Name BANQUE: #REF!
Name MODEPAID: [1]Feuil2!$A$1:$A$3
Name MODEVERSEMENT: #REF!
Name MODEVERSEMENT: #REF!
Name MODEVERSEMENTS: [2]MODEVERSEMENT!$A$1:$A$3
Name VALMODEPAID: [4]MODEPAID!$A$1:$A$3

Sheet MOUVEMENT TRESORERIE
A1: MOUVEMENT TRESORERIE
A2: DATE | B2: 42904 | G2: DATE | H2: 42932
A3: COMPTE CAISSE | D3: COMPTE BANQUE | G3: COMPTE CAISSE | J3: COMPTE BANQUE CCA
A4: LIBELLE | B4: ENTREE | C4: SORTIE | D4: LIBELLE | E4: SORTIE | F4: ENTREE | G4: LIBELLE | H4: ENTREE | I4: SORTIE | J4: LIBELLE | K4: SORTIE | L4: ENTREE
A6: TONTINE13 000 | B6: =[2]TONT20000JUIN2017!$L$72-14000 -> 1100500 | D6: TONTINE 13 000 | F6: =[2]TONT20000JUIN2017!$L$73 -> 1879000 | G6: TONTINE 13 000 | H6: =[2]TONT20000JUIL2017!$F$71 -> 283000 | J6: TONTINE 13 000 | L6: =[2]TONT20000JUIL2017!$F$72 -> 521500
A7: TONTINE 60 000 | B7: =[3]TONTJUIN!$F$36 -> 540000 | D7: TONTINE 60 000 | F7: =[3]TONTJUIN!$F$37 -> 1112000 | G7: TONTINE 60 000 | H7: =[3]TONTJUIL!$C$36 -> 600000 | J7: TONTINE 60 000 | L7: =[3]TONTJUIL!$C$37 -> 900000
A8: TONTINE 100 000 | B8: =[4]TONTJUIN!$F$36 -> 875000 | D8: TONTINE 100 000 | F8: =[4]TONTJUIN!$F$37 -> 2305000 | G8: TONTINE 100 000 | H8: =+[4]TONTJUIL!$C$36 -> 900000 | J8: TONTINE 100 000 | L8: =+[4]TONTJUIL!$C$37 -> 1700000
A9: PENALITE RETARD | B9: 14000 | G9: PENALITE RETARD | H9: =[2]TONT20000JUIL2017!$G$56 -> 15000 | J9: PENALITE RETARD
A10: APPERITIF DOHOU DAVID | C10: 100000 | G10: REMBBOURSEMENT PRÊT FONDS | J10: REMBOURSEMENT
A11: ACHAT INTERET T60 000 | D11: PRÊT FONDS | G11: NGONDIEP CLAUDE | H11: 100000 | J11: T60 000 DJOMO JP | L11: 61000
A12: NKAMGANG | C12: 120000 | D12: SEUNOU RICHELOT | E12: 900000 | G12: REMBOURSEMENT 100 000 | J12: T13 000 CHINGUIE | L12: 20000
A13: SIME ABEL | C13: 120000 | D13: NGONDIEP CLAUDE | E13: 2399500 | G13: NKAMGANG JUSTIN DEJOLIE | H13: 204000 | J13: REMBBOURSEMENT PRÊT FONDS
A14: TYAM ERNEST | C14: 120000 | D14: DJUOMBESSY ANTOINE | E14: 131000 | G14: KOUAMOU MOISE | H14: 31500 | J14: NGONDIEP CLAUDE | L14: 100000
A15: NJEPJO DELUXE | C15: 120000 | D15: SIMO PIERRE | E15: 400000 | G15: TIEYAM ERNEST | H15: 207000 | J15: NANKAM APPOLINAIRE | L15: 100000
A16: DJOMO J P | C16: 120000 | D16: HOTCHO BENJAMIN | E16: 700000 | G16: KOUAMO VICTOR PEGUY | H16: 36000
A17: SEUNOU RICHELOT | C17: 32000 | D17: DJOUOKEP SAMUEL | E17: 1000000 | G17: REMBOURSEMENT 13 000
A18: NKOUTCHO | C18: 120000 | G18: CHINGUIE | H18: 4500
A19: INTERET T100 000 | G19: FOTSO THOMAS | H19: 24500
A20: TYAM ERNEST | C20: 200000 | G20: REMBOURSEMENT 60 000
A21: NKAMGANG | C21: 200000 | G21: TYAMERNEST | H21: 122500
A22: KOUMOU MOISE | C22: 31000 | G22: SIMEABEL | H22: 122500
A23: BENEFICIAIRE T13 000 | G23: NKAMGANG JD | H23: 122000
A24: NGONDIEP CLAUDE | C24: 115500 | G24: SEUMOU RICHELOT | H24: 32500
A25: SIME MATHIEU | C25: 140000 | G25: KOUATCHO MESSACK | H25: 122000
A26: PRÊT FONDS | G26: T60 000 DJOMO JP | H26: 61500
A27: DJUOMBESSY ANTOINE | C27: 569000 | G27: PRÊT T60 000
A28: COMMISSION | G28: FOTSO THOMAS | I28: 50000
A29: KEPSEU FRANCIS | C29: 15000 | G29: SIME ABEL | I29: 31000
A30: BUREAU | C30: 33000 | G30: TCHOUANTE FRANCOIS | I30: 100000
A31: BENEFICIAIRE T100000 | G31: TIEYAM ERNEST | I31: 100000
A32: KEPSEU FRANCIS | C32: 374000 | G32: PRÊT T100 000
G33: KOUAMOU MOISE | I33: 100000
G34: NKAMGANG JUSTIN DEJOLIE | I34: 100000
G35: TIEYAM ERNEST | I35: 100000
G36: NKAMGANG DEJOLIE(CPTEMBAKOP) | H36: 72450
A46: TOTAL | B46: =SUM(B5:B45) -> 2529500 | C46: =SUM(C5:C45) -> 2529500 | E46: =SUM(E5:E45) -> 5530500 | F46: =SUM(F5:F45) -> 5296000 | H46: =SUM(H5:H45) -> 3060950 | I46: =SUM(I5:I45) -> 581000 | K46: =SUM(K5:K45) -> 0 | L46: =SUM(L5:L45) -> 3402500

Sheet COMPTE TRESORERIE
A1: COMPTE TRESORERIE
A3: DATE | B3: COMPTE CAISSE | F3: COMPTE BANQUE CCA
B4: LIBELLE | C4: ENTREE | D4: SORTIE | E4: SOLDE | F4: LIBELLE | G4: SORTIE | H4: ENTREE | I4: SOLDE
A5: REPORT | C5: 0 | H5: 8418637
A6: 42934 | B6: MOUVEMENT ESPECES | C6: ='MOUVEMENT TRESORERIE'!B46 -> 2529500 | D6: ='MOUVEMENT TRESORERIE'!C46 -> 2529500 | E6: =C5+C6-D6 -> 0 | F6: MOUVEMENT BANQUE | G6: ='MOUVEMENT TRESORERIE'!E46 -> 5530500 | H6: ='MOUVEMENT TRESORERIE'!F46 -> 5296000 | I6: =H5+H6-G6 -> 8184137
A7: 42932 | B7: MOUVEMENT ESPECES | C7: ='MOUVEMENT TRESORERIE'!H46 -> 3060950 | D7: ='MOUVEMENT TRESORERIE'!I46 -> 581000 | E7: =E6+C7-D7 -> 2479950 | F7: MOUVEMENT BANQUE | G7: ='MOUVEMENT TRESORERIE'!K46 -> 0 | H7: ='MOUVEMENT TRESORERIE'!L46 -> 3402500 | I7: =I6+H7-G7 -> 11586637
