Workbook
Name BANQUE: #REF!
Name BANQUE: #REF!
Name BANQUE: #REF!
Name BANQUE: #REF!
Name BANQUE: #REF!
Name BANQUE: #REF!
Name BANQUE: #REF!
Name BANQUE: #REF!
Name BANQUE: #REF!
Name BANQUE: #REF!
Name BANQUE: #REF!
Name BANQUE: #REF!
Name BANQUE: #REF!
Name BANQUE: #REF!
Name MODEPAID: MODEPAID!$A$1:$A$3
Name MODEPAID: [1]Feuil2!$A$1:$A$3
Name MODEPAID: [1]Feuil2!$A$1:$A$3
Name MODEPAID: [1]Feuil2!$A$1:$A$3
Name MODEPAID: [1]Feuil2!$A$1:$A$3
Name MODEPAID: [1]Feuil2!$A$1:$A$3
Name MODEPAID: [1]Feuil2!$A$1:$A$3
Name MODEPAID: [1]Feuil2!$A$1:$A$3
Name MODEPAID: [1]Feuil2!$A$1:$A$3
Name MODEPAID: [1]Feuil2!$A$1:$A$3
Name MODEPAID: [1]Feuil2!$A$1:$A$3
Name MODEPAID: [1]Feuil2!$A$1:$A$3
Name MODEPAID: [1]Feuil2!$A$1:$A$3
Name MODEPAID: [1]Feuil2!$A$1:$A$3
Name MODEPAID: #REF!
Name MODET25000: [2]MODEVERSEMENT!$A$1:$A$3
Name MODEVERSEMENT: #REF!
Name MODEVERSEMENT: #REF!
Name MODEVERSEMENT: #REF!
Name MODEVERSEMENT: #REF!
Name MODEVERSEMENT: #REF!
Name MODEVERSEMENT: #REF!
Name MODEVERSEMENT: #REF!
Name MODEVERSEMENT: #REF!
Name MODEVERSEMENT: #REF!
Name MODEVERSEMENT: #REF!
Name MODEVERSEMENT: #REF!
Name MODEVERSEMENT: #REF!
Name MODEVERSEMENT: #REF!
Name MODEVERSEMENT: #REF!
Name MODEVERSEMENTS: [3]MODEVERSEMENT!$A$1:$A$3
Name MODEVERSEMENTS: [3]MODEVERSEMENT!$A$1:$A$3
Name MODEVERSEMENTS: [3]MODEVERSEMENT!$A$1:$A$3
Name MODEVERSEMENTS: [3]MODEVERSEMENT!$A$1:$A$3
Name MODEVERSEMENTS: [3]MODEVERSEMENT!$A$1:$A$3
Name MODEVERSEMENTS: [3]MODEVERSEMENT!$A$1:$A$3
Name MODEVERSEMENTS: [3]MODEVERSEMENT!$A$1:$A$3
Name MODEVERSEMENTS: [3]MODEVERSEMENT!$A$1:$A$3
Name MODEVERSEMENTS: [3]MODEVERSEMENT!$A$1:$A$3
Name MODEVERSEMENTS: [3]MODEVERSEMENT!$A$1:$A$3
Name MODEVERSEMENTS: [3]MODEVERSEMENT!$A$1:$A$3
Name MODEVERSEMENTS: [3]MODEVERSEMENT!$A$1:$A$3
Name MODEVERSEMENTS: [3]MODEVERSEMENT!$A$1:$A$3
Name MODEVERSEMENTS: [4]MODEVERSEMENT!$A$1:$A$3
Name MODPAID: TONTAOUT23!#REF!
Name MODPAID: TONTAVRIL23!#REF!

Sheet MODEPAID
A1: BANQUE
A2: ESPECES
A3: ECHEC

Sheet TONTJANV23
A1: ASSOCIATION | B1: ASELBY
A2: ANNEE | B2: 2023 | C2: TONIINE | D2: NBRE PART
A3: TAUX TONTINE | B3: 100000 | C3: =B3*12 -> 1200000 | D3: =ROUNDDOWN(L22/C3,0) -> 3
C4: 44939
A5: MATRICULE | B5: NBREPART | C5: NOM ET PRENOM | D5: MONTANT TONTINE | E5: MODE VERSEMENT | F5: VENTE PETIT LOT | G5: INTERET PETIT LOT | H5: MODE VERSEMENT VENTE PETIT LOT | I5: NUMERO CHEQUE | J5: MONTANT A REMBOURSER PETIT LOT | K5: REMBOURSEMENT PETIT LOT | L5: MODE VERSEMENT REMBOURSEMENT | M5: MODE VERSEMENTLOT PRINCIPAL | N5: NUMERO CHEQUE | O5: MONTANT LOT PRINCIPAL | P5: INTERET LOT PRINCIPAL
A6: AS201648 | B6: =IF(D6=0,0,VLOOKUP($A6,[6]HISTOJANV23!$A$6:$BQ$45,14,0)) -> 1 | C6: =VLOOKUP(A6,[7]LISTADHERENT!A$5:H$60,3,0) -> ASELBY | D6: =IF(E6="ECHEC",0,VLOOKUP($A6,[6]HISTOJANV23!$A$6:$BB$45,15,0)) -> 100000 | E6: =VLOOKUP($A6,[6]HISTOJANV23!$A$6:$BB$45,8,0) -> BANQUE | F6: =VLOOKUP($A6,[6]HISTOJANV23!$A$6:$BB$45,37,0) -> 0 | G6: =VLOOKUP($A6,[6]HISTOJANV23!$A$6:$BB$45,40,0) -> 0 | H6: =IF(F6<>0,VLOOKUP($A6,[6]HISTOJANV23!$A$6:$BB$45,42,0),"ECHEC") -> ECHEC | I6: =VLOOKUP($A6,[6]HISTOJANV23!$A$6:$BB$45,41,0) -> 0 | K6: =VLOOKUP($A6,[6]HISTOJANV23!$A$6:$BB$45,18,0) -> 0 | L6: =IF(K6<>0,VLOOKUP($A6,[6]HISTOJANV23!$A$6:$BB$45,42,0),"ECHEC") -> ECHEC | M6: =IF(P6<>0,VLOOKUP($A6,[6]HISTOJANV23!$A$6:$BB$45,32,0),"ECHEC") -> ECHEC | N6: =VLOOKUP($A6,[6]HISTOJANV23!$A$6:$BB$45,33,0) -> 0 | O6: =IF(P6=0,0,($C$3-P6)) -> 0 | P6: =VLOOKUP($A6,[6]HISTOJANV23!$A$6:$BB$45,31,0) -> 0
A7: AS201604 | B7: =IF(D7=0,0,VLOOKUP($A7,[6]HISTOJANV23!$A$6:$BQ$45,14,0)) -> 1 | C7: =VLOOKUP(A7,[7]LISTADHERENT!A$5:H$60,3,0) -> DJOMO JEAN PAUL | D7: =IF(E7="ECHEC",0,VLOOKUP($A7,[6]HISTOJANV23!$A$6:$BB$45,15,0)) -> 100000 | E7: =VLOOKUP($A7,[6]HISTOJANV23!$A$6:$BB$45,8,0) -> BANQUE | F7: =VLOOKUP($A7,[6]HISTOJANV23!$A$6:$BB$45,37,0) -> 50000 | G7: =VLOOKUP($A7,[6]HISTOJANV23!$A$6:$BB$45,40,0) -> 2000 | H7: =IF(F7<>0,VLOOKUP($A7,[6]HISTOJANV23!$A$6:$BB$45,42,0),"ECHEC") -> BANQUE | I7: =VLOOKUP($A7,[6]HISTOJANV23!$A$6:$BB$45,41,0) -> 0 | K7: =VLOOKUP($A7,[6]HISTOJANV23!$A$6:$BB$45,18,0) -> 0 | L7: =IF(K7<>0,VLOOKUP($A7,[6]HISTOJANV23!$A$6:$BB$45,42,0),"ECHEC") -> ECHEC | M7: =IF(P7<>0,VLOOKUP($A7,[6]HISTOJANV23!$A$6:$BB$45,32,0),"ECHEC") -> ECHEC | N7: =VLOOKUP($A7,[6]HISTOJANV23!$A$6:$BB$45,33,0) -> 0 | O7: =IF(P7=0,0,($C$3-P7)) -> 0 | P7: =VLOOKUP($A7,[6]HISTOJANV23!$A$6:$BB$45,31,0) -> 0
A8: AS201608 | B8: =IF(D8=0,0,VLOOKUP($A8,[6]HISTOJANV23!$A$6:$BQ$45,14,0)) -> 2 | C8: =VLOOKUP(A8,[7]LISTADHERENT!A$5:H$60,3,0) -> DJUOMBESSY ANTOINE | D8: =IF(E8="ECHEC",0,VLOOKUP($A8,[6]HISTOJANV23!$A$6:$BB$45,15,0)) -> 200000 | E8: =VLOOKUP($A8,[6]HISTOJANV23!$A$6:$BB$45,8,0) -> BANQUE | F8: =VLOOKUP($A8,[6]HISTOJANV23!$A$6:$BB$45,37,0) -> 0 | G8: =VLOOKUP($A8,[6]HISTOJANV23!$A$6:$BB$45,40,0) -> 0 | H8: =IF(F8<>0,VLOOKUP($A8,[6]HISTOJANV23!$A$6:$BB$45,42,0),"ECHEC") -> ECHEC | I8: =VLOOKUP($A8,[6]HISTOJANV23!$A$6:$BB$45,41,0) -> 0 | K8: =VLOOKUP($A8,[6]HISTOJANV23!$A$6:$BB$45,18,0) -> 0 | L8: =IF(K8<>0,VLOOKUP($A8,[6]HISTOJANV23!$A$6:$BB$45,42,0),"ECHEC") -> ECHEC | M8: =IF(P8<>0,VLOOKUP($A8,[6]HISTOJANV23!$A$6:$BB$45,32,0),"ECHEC") -> ECHEC | N8: =VLOOKUP($A8,[6]HISTOJANV23!$A$6:$BB$45,33,0) -> 0 | O8: =IF(P8=0,0,($C$3-P8)) -> 0 | P8: =VLOOKUP($A8,[6]HISTOJANV23!$A$6:$BB$45,31,0) -> 0
A9: AS201613 | B9: =IF(D9=0,0,VLOOKUP($A9,[6]HISTOJANV23!$A$6:$BQ$45,14,0)) -> 1 | C9: =VLOOKUP(A9,[7]LISTADHERENT!A$5:H$60,3,0) -> HOTCHO BENJAMIN | D9: =IF(E9="ECHEC",0,VLOOKUP($A9,[6]HISTOJANV23!$A$6:$BB$45,15,0)) -> 100000 | E9: =VLOOKUP($A9,[6]HISTOJANV23!$A$6:$BB$45,8,0) -> BANQUE | F9: =VLOOKUP($A9,[6]HISTOJANV23!$A$6:$BB$45,37,0) -> 0 | G9: =VLOOKUP($A9,[6]HISTOJANV23!$A$6:$BB$45,40,0) -> 0 | H9: =IF(F9<>0,VLOOKUP($A9,[6]HISTOJANV23!$A$6:$BB$45,42,0),"ECHEC") -> ECHEC | I9: =VLOOKUP($A9,[6]HISTOJANV23!$A$6:$BB$45,41,0) -> 0 | K9: =VLOOKUP($A9,[6]HISTOJANV23!$A$6:$BB$45,18,0) -> 0 | L9: =IF(K9<>0,VLOOKUP($A9,[6]HISTOJANV23!$A$6:$BB$45,42,0),"ECHEC") -> ECHEC | M9: =IF(P9<>0,VLOOKUP($A9,[6]HISTOJANV23!$A$6:$BB$45,32,0),"ECHEC") -> ECHEC | N9: =VLOOKUP($A9,[6]HISTOJANV23!$A$6:$BB$45,33,0) -> 0 | O9: =IF(P9=0,0,($C$3-P9)) -> 0 | P9: =VLOOKUP($A9,[6]HISTOJANV23!$A$6:$BB$45,31,0) -> 0
A10: AS201617 | B10: =IF(D10=0,0,VLOOKUP($A10,[6]HISTOJANV23!$A$6:$BQ$45,14,0)) -> 1 | C10: =VLOOKUP(A10,[7]LISTADHERENT!A$5:H$60,3,0) -> KOUAMOU MOISE | D10: =IF(E10="ECHEC",0,VLOOKUP($A10,[6]HISTOJANV23!$A$6:$BB$45,15,0)) -> 100000 | E10: =VLOOKUP($A10,[6]HISTOJANV23!$A$6:$BB$45,8,0) -> BANQUE | F10: =VLOOKUP($A10,[6]HISTOJANV23!$A$6:$BB$45,37,0) -> 0 | G10: =VLOOKUP($A10,[6]HISTOJANV23!$A$6:$BB$45,40,0) -> 0 | H10: =IF(F10<>0,VLOOKUP($A10,[6]HISTOJANV23!$A$6:$BB$45,42,0),"ECHEC") -> ECHEC | I10: =VLOOKUP($A10,[6]HISTOJANV23!$A$6:$BB$45,41,0) -> 0 | K10: =VLOOKUP($A10,[6]HISTOJANV23!$A$6:$BB$45,18,0) -> 0 | L10: =IF(K10<>0,VLOOKUP($A10,[6]HISTOJANV23!$A$6:$BB$45,42,0),"ECHEC") -> ECHEC | M10: =IF(P10<>0,VLOOKUP($A10,[6]HISTOJANV23!$A$6:$BB$45,32,0),"ECHEC") -> ECHEC | N10: =VLOOKUP($A10,[6]HISTOJANV23!$A$6:$BB$45,33,0) -> 0 | O10: =IF(P10=0,0,($C$3-P10)) -> 0 | P10: =VLOOKUP($A10,[6]HISTOJANV23!$A$6:$BB$45,31,0) -> 0
A11: AS201619 | B11: =IF(D11=0,0,VLOOKUP($A11,[6]HISTOJANV23!$A$6:$BQ$45,14,0)) -> 1 | C11: =VLOOKUP(A11,[7]LISTADHERENT!A$5:H$60,3,0) -> KOUATCHO MESSACK | D11: =IF(E11="ECHEC",0,VLOOKUP($A11,[6]HISTOJANV23!$A$6:$BB$45,15,0)) -> 100000 | E11: =VLOOKUP($A11,[6]HISTOJANV23!$A$6:$BB$45,8,0) -> BANQUE | F11: =VLOOKUP($A11,[6]HISTOJANV23!$A$6:$BB$45,37,0) -> 0 | G11: =VLOOKUP($A11,[6]HISTOJANV23!$A$6:$BB$45,40,0) -> 0 | H11: =IF(F11<>0,VLOOKUP($A11,[6]HISTOJANV23!$A$6:$BB$45,42,0),"ECHEC") -> ECHEC | I11: =VLOOKUP($A11,[6]HISTOJANV23!$A$6:$BB$45,41,0) -> 0 | K11: =VLOOKUP($A11,[6]HISTOJANV23!$A$6:$BB$45,18,0) -> 0 | L11: =IF(K11<>0,VLOOKUP($A11,[6]HISTOJANV23!$A$6:$BB$45,42,0),"ECHEC") -> ECHEC | M11: =IF(P11<>0,VLOOKUP($A11,[6]HISTOJANV23!$A$6:$BB$45,32,0),"ECHEC") -> BANQUE | N11: =VLOOKUP($A11,[6]HISTOJANV23!$A$6:$BB$45,33,0) -> 0 | O11: =IF(P11=0,0,($C$3-P11)) -> 1075000 | P11: =VLOOKUP($A11,[6]HISTOJANV23!$A$6:$BB$45,31,0) -> 125000
A12: AS201649 | B12: =IF(D12=0,0,VLOOKUP($A12,[6]HISTOJANV23!$A$6:$BQ$45,14,0)) -> 1 | C12: =VLOOKUP(A12,[7]LISTADHERENT!A$5:H$60,3,0) -> MBOGNING TUGMA GUY | D12: =IF(E12="ECHEC",0,VLOOKUP($A12,[6]HISTOJANV23!$A$6:$BB$45,15,0)) -> 100000 | E12: =VLOOKUP($A12,[6]HISTOJANV23!$A$6:$BB$45,8,0) -> BANQUE | F12: =VLOOKUP($A12,[6]HISTOJANV23!$A$6:$BB$45,37,0) -> 0 | G12: =VLOOKUP($A12,[6]HISTOJANV23!$A$6:$BB$45,40,0) -> 0 | H12: =IF(F12<>0,VLOOKUP($A12,[6]HISTOJANV23!$A$6:$BB$45,42,0),"ECHEC") -> ECHEC | I12: =VLOOKUP($A12,[6]HISTOJANV23!$A$6:$BB$45,41,0) -> 0 | K12: =VLOOKUP($A12,[6]HISTOJANV23!$A$6:$BB$45,18,0) -> 0 | L12: =IF(K12<>0,VLOOKUP($A12,[6]HISTOJANV23!$A$6:$BB$45,42,0),"ECHEC") -> ECHEC | M12: =IF(P12<>0,VLOOKUP($A12,[6]HISTOJANV23!$A$6:$BB$45,32,0),"ECHEC") -> BANQUE | N12: =VLOOKUP($A12,[6]HISTOJANV23!$A$6:$BB$45,33,0) -> 0 | O12: =IF(P12=0,0,($C$3-P12)) -> 1075000 | P12: =VLOOKUP($A12,[6]HISTOJANV23!$A$6:$BB$45,31,0) -> 125000
A13: AS201622 | B13: =IF(D13=0,0,VLOOKUP($A13,[6]HISTOJANV23!$A$6:$BQ$45,14,0)) -> 2 | C13: =VLOOKUP(A13,[7]LISTADHERENT!A$5:H$60,3,0) -> NDJOMO ETIENNE | D13: =IF(E13="ECHEC",0,VLOOKUP($A13,[6]HISTOJANV23!$A$6:$BB$45,15,0)) -> 200000 | E13: =VLOOKUP($A13,[6]HISTOJANV23!$A$6:$BB$45,8,0) -> BANQUE | F13: =VLOOKUP($A13,[6]HISTOJANV23!$A$6:$BB$45,37,0) -> 0 | G13: =VLOOKUP($A13,[6]HISTOJANV23!$A$6:$BB$45,40,0) -> 0 | H13: =IF(F13<>0,VLOOKUP($A13,[6]HISTOJANV23!$A$6:$BB$45,42,0),"ECHEC") -> ECHEC | I13: =VLOOKUP($A13,[6]HISTOJANV23!$A$6:$BB$45,41,0) -> 0 | K13: =VLOOKUP($A13,[6]HISTOJANV23!$A$6:$BB$45,18,0) -> 0 | L13: =IF(K13<>0,VLOOKUP($A13,[6]HISTOJANV23!$A$6:$BB$45,42,0),"ECHEC") -> ECHEC | M13: =IF(P13<>0,VLOOKUP($A13,[6]HISTOJANV23!$A$6:$BB$45,32,0),"ECHEC") -> ECHEC | N13: =VLOOKUP($A13,[6]HISTOJANV23!$A$6:$BB$45,33,0) -> 0 | O13: =IF(P13=0,0,($C$3-P13)) -> 0 | P13: =VLOOKUP($A13,[6]HISTOJANV23!$A$6:$BB$45,31,0) -> 0
A14: AS201624 | B14: =IF(D14=0,0,VLOOKUP($A14,[6]HISTOJANV23!$A$6:$BQ$45,14,0)) -> 1 | C14: =VLOOKUP(A14,[7]LISTADHERENT!A$5:H$60,3,0) -> NGONDIEP CLAUDE | D14: =IF(E14="ECHEC",0,VLOOKUP($A14,[6]HISTOJANV23!$A$6:$BB$45,15,0)) -> 100000 | E14: =VLOOKUP($A14,[6]HISTOJANV23!$A$6:$BB$45,8,0) -> BANQUE | F14: =VLOOKUP($A14,[6]HISTOJANV23!$A$6:$BB$45,37,0) -> 200000 | G14: =VLOOKUP($A14,[6]HISTOJANV23!$A$6:$BB$45,40,0) -> 8000 | H14: =IF(F14<>0,VLOOKUP($A14,[6]HISTOJANV23!$A$6:$BB$45,42,0),"ECHEC") -> BANQUE | I14: =VLOOKUP($A14,[6]HISTOJANV23!$A$6:$BB$45,41,0) -> 0 | K14: =VLOOKUP($A14,[6]HISTOJANV23!$A$6:$BB$45,18,0) -> 0 | L14: =IF(K14<>0,VLOOKUP($A14,[6]HISTOJANV23!$A$6:$BB$45,42,0),"ECHEC") -> ECHEC | M14: =IF(P14<>0,VLOOKUP($A14,[6]HISTOJANV23!$A$6:$BB$45,32,0),"ECHEC") -> BANQUE | N14: =VLOOKUP($A14,[6]HISTOJANV23!$A$6:$BB$45,33,0) -> 0 | O14: =IF(P14=0,0,($C$3-P14)) -> 1075000 | P14: =VLOOKUP($A14,[6]HISTOJANV23!$A$6:$BB$45,31,0) -> 125000
A15: AS201626 | B15: =IF(D15=0,0,VLOOKUP($A15,[6]HISTOJANV23!$A$6:$BQ$45,14,0)) -> 1 | C15: =VLOOKUP(A15,[7]LISTADHERENT!A$5:H$60,3,0) -> NGUIEMEGNI MATHIEU BLAISE | D15: =IF(E15="ECHEC",0,VLOOKUP($A15,[6]HISTOJANV23!$A$6:$BB$45,15,0)) -> 100000 | E15: =VLOOKUP($A15,[6]HISTOJANV23!$A$6:$BB$45,8,0) -> BANQUE | F15: =VLOOKUP($A15,[6]HISTOJANV23!$A$6:$BB$45,37,0) -> 75000 | G15: =VLOOKUP($A15,[6]HISTOJANV23!$A$6:$BB$45,40,0) -> 3000 | H15: =IF(F15<>0,VLOOKUP($A15,[6]HISTOJANV23!$A$6:$BB$45,42,0),"ECHEC") -> BANQUE | I15: =VLOOKUP($A15,[6]HISTOJANV23!$A$6:$BB$45,41,0) -> 0 | K15: =VLOOKUP($A15,[6]HISTOJANV23!$A$6:$BB$45,18,0) -> 0 | L15: =IF(K15<>0,VLOOKUP($A15,[6]HISTOJANV23!$A$6:$BB$45,42,0),"ECHEC") -> ECHEC | M15: =IF(P15<>0,VLOOKUP($A15,[6]HISTOJANV23!$A$6:$BB$45,32,0),"ECHEC") -> ECHEC | N15: =VLOOKUP($A15,[6]HISTOJANV23!$A$6:$BB$45,33,0) -> 0 | O15: =IF(P15=0,0,($C$3-P15)) -> 0 | P15: =VLOOKUP($A15,[6]HISTOJANV23!$A$6:$BB$45,31,0) -> 0
A16: AS201638 | B16: =IF(D16=0,0,VLOOKUP($A16,[6]HISTOJANV23!$A$6:$BQ$45,14,0)) -> 1 | C16: =VLOOKUP(A16,[7]LISTADHERENT!A$5:H$60,3,0) -> SIMO PIERRE | D16: =IF(E16="ECHEC",0,VLOOKUP($A16,[6]HISTOJANV23!$A$6:$BB$45,15,0)) -> 100000 | E16: =VLOOKUP($A16,[6]HISTOJANV23!$A$6:$BB$45,8,0) -> BANQUE | F16: =VLOOKUP($A16,[6]HISTOJANV23!$A$6:$BB$45,37,0) -> 0 | G16: =VLOOKUP($A16,[6]HISTOJANV23!$A$6:$BB$45,40,0) -> 0 | H16: =IF(F16<>0,VLOOKUP($A16,[6]HISTOJANV23!$A$6:$BB$45,42,0),"ECHEC") -> ECHEC | I16: =VLOOKUP($A16,[6]HISTOJANV23!$A$6:$BB$45,41,0) -> 0 | K16: =VLOOKUP($A16,[6]HISTOJANV23!$A$6:$BB$45,18,0) -> 0 | L16: =IF(K16<>0,VLOOKUP($A16,[6]HISTOJANV23!$A$6:$BB$45,42,0),"ECHEC") -> ECHEC | M16: =IF(P16<>0,VLOOKUP($A16,[6]HISTOJANV23!$A$6:$BB$45,32,0),"ECHEC") -> ECHEC | N16: =VLOOKUP($A16,[6]HISTOJANV23!$A$6:$BB$45,33,0) -> 0 | O16: =IF(P16=0,0,($C$3-P16)) -> 0 | P16: =VLOOKUP($A16,[6]HISTOJANV23!$A$6:$BB$45,31,0) -> 0
A17: AS201647 | B17: =IF(D17=0,0,VLOOKUP($A17,[6]HISTOJANV23!$A$6:$BQ$45,14,0)) -> 1 | C17: =VLOOKUP(A17,[7]LISTADHERENT!A$5:H$60,3,0) -> YOUMBI EMMANUEL | D17: =IF(E17="ECHEC",0,VLOOKUP($A17,[6]HISTOJANV23!$A$6:$BB$45,15,0)) -> 100000 | E17: =VLOOKUP($A17,[6]HISTOJANV23!$A$6:$BB$45,8,0) -> BANQUE | F17: =VLOOKUP($A17,[6]HISTOJANV23!$A$6:$BB$45,37,0) -> 0 | G17: =VLOOKUP($A17,[6]HISTOJANV23!$A$6:$BB$45,40,0) -> 0 | H17: =IF(F17<>0,VLOOKUP($A17,[6]HISTOJANV23!$A$6:$BB$45,42,0),"ECHEC") -> ECHEC | I17: =VLOOKUP($A17,[6]HISTOJANV23!$A$6:$BB$45,41,0) -> 0 | K17: =VLOOKUP($A17,[6]HISTOJANV23!$A$6:$BB$45,18,0) -> 0 | L17: =IF(K17<>0,VLOOKUP($A17,[6]HISTOJANV23!$A$6:$BB$45,42,0),"ECHEC") -> ECHEC | M17: =IF(P17<>0,VLOOKUP($A17,[6]HISTOJANV23!$A$6:$BB$45,32,0),"ECHEC") -> ECHEC | N17: =VLOOKUP($A17,[6]HISTOJANV23!$A$6:$BB$45,33,0) -> 0 | O17: =IF(P17=0,0,($C$3-P17)) -> 0 | P17: =VLOOKUP($A17,[6]HISTOJANV23!$A$6:$BB$45,31,0) -> 0
A19: TOTAL PART | B19: =SUM(B6:B18) -> 14
A20: NBRE ADHERENT | B20: =+COUNT(D6:D18) -> 12 | D20: =SUM(D6:D18) -> 1400000 | E20: =SUM(E6:E18) -> 0 | F20: =SUM(F6:F18) -> 325000 | G20: =SUM(G6:G18) -> 13000 | H20: =SUM(H6:H18) -> 0 | I20: =SUM(I6:I18) -> 0 | J20: =SUM(J6:J18) -> 0 | K20: =SUM(K6:K18) -> 0 | ... P20: =SUM(P6:P18) -> 375000
M21: NBRE PART | N21: PART VENDUE
D22: MONTANT TONTINE | E22: REMBOURSEMENT PETIT LOT | F22: VENTE PETIT LOT | G22: VENTE LOT PRINCIPAL | H22: SOLDE EN CAISSE | K22: TONTINE + REMB + INTERET VENTE | L22: =D26+E26+P20 -> 4175000
C23: ESPECES | D23: =SUMIFS(D6:D18,E6:E18,"ESPECES") -> 0 | E23: =SUMIFS(K6:K18,L6:L18,"ESPECES") -> 0 | F23: =SUMIFS(F6:F18,H6:H18,"ESPECES") -> 0 | G23: =SUMIFS(O6:O18,M6:M18,"ESPECES") -> 0 | H23: =D23+E23-F23-G23 -> 0 | K23: LOT PRINCIPAL | L23: =C3*COUNTIF(O6:O18,">0") -> 3600000 | M23: =D3 -> 3 | N23: =COUNTIF(O8:O17,">0") -> 3
C24: BANQUE | D24: =SUMIFS(D6:D18,E6:E18,"BANQUE")+2400000 -> 3800000 | E24: =SUMIFS(K6:K18,L6:L18,"BANQUE") -> 0 | F24: =SUMIFS(F6:F18,H6:H18,"BANQUE") -> 325000 | G24: =SUMIFS(O6:O18,M6:M18,"BANQUE") -> 3225000 | H24: =D24+E24-F24-G24 -> 250000
K25: PETIT LOT | L25: =L22-L23 -> 575000
C26: TOTAL | D26: =D23+D24 -> 3800000 | E26: =E23+E24 -> 0 | F26: =F23+F24 -> 325000 | G26: =G23+G24 -> 3225000 | H26: =H23+H24 -> 250000
K27: RELIQUAT | L27: =L25-F20 -> 250000 | N27: =L27 -> 250000 | O27: CUMUL
K29: ECHEC TONTINE MOIS | L29: =COUNTIFS(E6:E24,"ECHEC")*100000 -> 0 | N29: =L29 -> 0 | O29: CUMUL
K30: ECHEC REMBOURSEMENT MOIS | L30: =J20-E26 -> 0 | N30: =L30 -> 0 | O30: CUMUL

Sheet TONTFEV23
A1: ASSOCIATION | B1: ASELBY
A2: ANNEE | B2: 2023 | C2: TONIINE | D2: NBRE PART
A3: TAUX TONTINE | B3: 100000 | C3: =B3*12 -> 1200000 | D3: =ROUNDDOWN(L22/C3,0) -> 2
C4: 44970
A5: MATRICULE | B5: NBREPART | C5: NOM ET PRENOM | D5: MONTANT TONTINE | E5: MODE VERSEMENT | F5: VENTE PETIT LOT | G5: INTERET PETIT LOT | H5: MODE VERSEMENT VENTE PETIT LOT | I5: NUMERO CHEQUE | J5: MONTANT A REMBOURSER PETIT LOT | K5: REMBOURSEMENT PETIT LOT | L5: MODE VERSEMENT REMBOURSEMENT | M5: MODE VERSEMENTLOT PRINCIPAL | N5: NUMERO CHEQUE | O5: MONTANT LOT PRINCIPAL | P5: INTERET LOT PRINCIPAL
A6: AS201648 | B6: =IF(D6=0,0,VLOOKUP($A6,[6]HISTOFEV23!$A$6:$BQ$45,14,0)) -> 1 | C6: =VLOOKUP(A6,[7]LISTADHERENT!A$5:H$60,3,0) -> ASELBY | D6: =IF(E6="ECHEC",0,VLOOKUP($A6,[6]HISTOFEV23!$A$6:$BB$45,15,0)) -> 100000 | E6: =VLOOKUP($A6,[6]HISTOFEV23!$A$6:$BB$45,8,0) -> BANQUE | F6: =VLOOKUP($A6,[6]HISTOFEV23!$A$6:$BB$45,37,0) -> 0 | G6: =VLOOKUP($A6,[6]HISTOFEV23!$A$6:$BB$45,40,0) -> 0 | H6: =IF(F6<>0,VLOOKUP($A6,[6]HISTOFEV23!$A$6:$BB$45,42,0),"ECHEC") -> ECHEC | I6: =VLOOKUP($A6,[6]HISTOFEV23!$A$6:$BB$45,41,0) -> 0 | J6: =TONTJANV23!F6+TONTJANV23!G6 -> 0 | K6: =VLOOKUP($A6,[6]HISTOFEV23!$A$6:$BB$45,18,0) -> 0 | L6: =IF(K6<>0,VLOOKUP($A6,[6]HISTOFEV23!$A$6:$BB$45,42,0),"ECHEC") -> ECHEC | M6: =IF(P6<>0,VLOOKUP($A6,[6]HISTOFEV23!$A$6:$BB$45,32,0),"ECHEC") -> ECHEC | N6: =VLOOKUP($A6,[6]HISTOFEV23!$A$6:$BB$45,33,0) -> 0 | O6: =IF(P6=0,0,($C$3-P6)) -> 0 | P6: =VLOOKUP($A6,[6]HISTOFEV23!$A$6:$BB$45,31,0) -> 0
A7: AS201604 | B7: =IF(D7=0,0,VLOOKUP($A7,[6]HISTOFEV23!$A$6:$BQ$45,14,0)) -> 1 | C7: =VLOOKUP(A7,[7]LISTADHERENT!A$5:H$60,3,0) -> DJOMO JEAN PAUL | D7: =IF(E7="ECHEC",0,VLOOKUP($A7,[6]HISTOFEV23!$A$6:$BB$45,15,0)) -> 100000 | E7: =VLOOKUP($A7,[6]HISTOFEV23!$A$6:$BB$45,8,0) -> BANQUE | F7: =VLOOKUP($A7,[6]HISTOFEV23!$A$6:$BB$45,37,0) -> 0 | G7: =VLOOKUP($A7,[6]HISTOFEV23!$A$6:$BB$45,40,0) -> 0 | H7: =IF(F7<>0,VLOOKUP($A7,[6]HISTOFEV23!$A$6:$BB$45,42,0),"ECHEC") -> ECHEC | I7: =VLOOKUP($A7,[6]HISTOFEV23!$A$6:$BB$45,41,0) -> 0 | J7: =TONTJANV23!F7+TONTJANV23!G7 -> 52000 | K7: =VLOOKUP($A7,[6]HISTOFEV23!$A$6:$BB$45,18,0) -> 52000 | L7: =IF(K7<>0,VLOOKUP($A7,[6]HISTOFEV23!$A$6:$BB$45,42,0),"ECHEC") -> BANQUE | M7: =IF(P7<>0,VLOOKUP($A7,[6]HISTOFEV23!$A$6:$BB$45,32,0),"ECHEC") -> ECHEC | N7: =VLOOKUP($A7,[6]HISTOFEV23!$A$6:$BB$45,33,0) -> 0 | O7: =IF(P7=0,0,($C$3-P7)) -> 0 | P7: =VLOOKUP($A7,[6]HISTOFEV23!$A$6:$BB$45,31,0) -> 0
A8: AS201608 | B8: =IF(D8=0,0,VLOOKUP($A8,[6]HISTOFEV23!$A$6:$BQ$45,14,0)) -> 2 | C8: =VLOOKUP(A8,[7]LISTADHERENT!A$5:H$60,3,0) -> DJUOMBESSY ANTOINE | D8: =IF(E8="ECHEC",0,VLOOKUP($A8,[6]HISTOFEV23!$A$6:$BB$45,15,0)) -> 200000 | E8: =VLOOKUP($A8,[6]HISTOFEV23!$A$6:$BB$45,8,0) -> BANQUE | F8: =VLOOKUP($A8,[6]HISTOFEV23!$A$6:$BB$45,37,0) -> 0 | G8: =VLOOKUP($A8,[6]HISTOFEV23!$A$6:$BB$45,40,0) -> 0 | H8: =IF(F8<>0,VLOOKUP($A8,[6]HISTOFEV23!$A$6:$BB$45,42,0),"ECHEC") -> ECHEC | I8: =VLOOKUP($A8,[6]HISTOFEV23!$A$6:$BB$45,41,0) -> 0 | J8: =TONTJANV23!F8+TONTJANV23!G8 -> 0 | K8: =VLOOKUP($A8,[6]HISTOFEV23!$A$6:$BB$45,18,0) -> 0 | L8: =IF(K8<>0,VLOOKUP($A8,[6]HISTOFEV23!$A$6:$BB$45,42,0),"ECHEC") -> ECHEC | M8: =IF(P8<>0,VLOOKUP($A8,[6]HISTOFEV23!$A$6:$BB$45,32,0),"ECHEC") -> ECHEC | N8: =VLOOKUP($A8,[6]HISTOFEV23!$A$6:$BB$45,33,0) -> 0 | O8: =IF(P8=0,0,($C$3-P8)) -> 0 | P8: =VLOOKUP($A8,[6]HISTOFEV23!$A$6:$BB$45,31,0) -> 0
A9: AS201613 | B9: =IF(D9=0,0,VLOOKUP($A9,[6]HISTOFEV23!$A$6:$BQ$45,14,0)) -> 1 | C9: =VLOOKUP(A9,[7]LISTADHERENT!A$5:H$60,3,0) -> HOTCHO BENJAMIN | D9: =IF(E9="ECHEC",0,VLOOKUP($A9,[6]HISTOFEV23!$A$6:$BB$45,15,0)) -> 100000 | E9: =VLOOKUP($A9,[6]HISTOFEV23!$A$6:$BB$45,8,0) -> BANQUE | F9: =VLOOKUP($A9,[6]HISTOFEV23!$A$6:$BB$45,37,0) -> 0 | G9: =VLOOKUP($A9,[6]HISTOFEV23!$A$6:$BB$45,40,0) -> 0 | H9: =IF(F9<>0,VLOOKUP($A9,[6]HISTOFEV23!$A$6:$BB$45,42,0),"ECHEC") -> ECHEC | I9: =VLOOKUP($A9,[6]HISTOFEV23!$A$6:$BB$45,41,0) -> 0 | J9: =TONTJANV23!F9+TONTJANV23!G9 -> 0 | K9: =VLOOKUP($A9,[6]HISTOFEV23!$A$6:$BB$45,18,0) -> 0 | L9: =IF(K9<>0,VLOOKUP($A9,[6]HISTOFEV23!$A$6:$BB$45,42,0),"ECHEC") -> ECHEC | M9: =IF(P9<>0,VLOOKUP($A9,[6]HISTOFEV23!$A$6:$BB$45,32,0),"ECHEC") -> BANQUE | N9: =VLOOKUP($A9,[6]HISTOFEV23!$A$6:$BB$45,33,0) -> 0 | O9: =IF(P9=0,0,($C$3-P9)) -> 1172000 | P9: =VLOOKUP($A9,[6]HISTOFEV23!$A$6:$BB$45,31,0) -> 28000
A10: AS201617 | B10: =IF(D10=0,0,VLOOKUP($A10,[6]HISTOFEV23!$A$6:$BQ$45,14,0)) -> 1 | C10: =VLOOKUP(A10,[7]LISTADHERENT!A$5:H$60,3,0) -> KOUAMOU MOISE | D10: =IF(E10="ECHEC",0,VLOOKUP($A10,[6]HISTOFEV23!$A$6:$BB$45,15,0)) -> 100000 | E10: =VLOOKUP($A10,[6]HISTOFEV23!$A$6:$BB$45,8,0) -> BANQUE | F10: =VLOOKUP($A10,[6]HISTOFEV23!$A$6:$BB$45,37,0) -> 0 | G10: =VLOOKUP($A10,[6]HISTOFEV23!$A$6:$BB$45,40,0) -> 0 | H10: =IF(F10<>0,VLOOKUP($A10,[6]HISTOFEV23!$A$6:$BB$45,42,0),"ECHEC") -> ECHEC | I10: =VLOOKUP($A10,[6]HISTOFEV23!$A$6:$BB$45,41,0) -> 0 | J10: =TONTJANV23!F10+TONTJANV23!G10 -> 0 | K10: =VLOOKUP($A10,[6]HISTOFEV23!$A$6:$BB$45,18,0) -> 0 | L10: =IF(K10<>0,VLOOKUP($A10,[6]HISTOFEV23!$A$6:$BB$45,42,0),"ECHEC") -> ECHEC | M10: =IF(P10<>0,VLOOKUP($A10,[6]HISTOFEV23!$A$6:$BB$45,32,0),"ECHEC") -> BANQUE | N10: =VLOOKUP($A10,[6]HISTOFEV23!$A$6:$BB$45,33,0) -> 0 | O10: =IF(P10=0,0,($C$3-P10)) -> 1172000 | P10: =VLOOKUP($A10,[6]HISTOFEV23!$A$6:$BB$45,31,0) -> 28000
A11: AS201619 | B11: =IF(D11=0,0,VLOOKUP($A11,[6]HISTOFEV23!$A$6:$BQ$45,14,0)) -> 1 | C11: =VLOOKUP(A11,[7]LISTADHERENT!A$5:H$60,3,0) -> KOUATCHO MESSACK | D11: =IF(E11="ECHEC",0,VLOOKUP($A11,[6]HISTOFEV23!$A$6:$BB$45,15,0)) -> 100000 | E11: =VLOOKUP($A11,[6]HISTOFEV23!$A$6:$BB$45,8,0) -> BANQUE | F11: =VLOOKUP($A11,[6]HISTOFEV23!$A$6:$BB$45,37,0) -> 0 | G11: =VLOOKUP($A11,[6]HISTOFEV23!$A$6:$BB$45,40,0) -> 0 | H11: =IF(F11<>0,VLOOKUP($A11,[6]HISTOFEV23!$A$6:$BB$45,42,0),"ECHEC") -> ECHEC | I11: =VLOOKUP($A11,[6]HISTOFEV23!$A$6:$BB$45,41,0) -> 0 | J11: =TONTJANV23!F11+TONTJANV23!G11 -> 0 | K11: =VLOOKUP($A11,[6]HISTOFEV23!$A$6:$BB$45,18,0) -> 0 | L11: =IF(K11<>0,VLOOKUP($A11,[6]HISTOFEV23!$A$6:$BB$45,42,0),"ECHEC") -> ECHEC | M11: =IF(P11<>0,VLOOKUP($A11,[6]HISTOFEV23!$A$6:$BB$45,32,0),"ECHEC") -> ECHEC | N11: =VLOOKUP($A11,[6]HISTOFEV23!$A$6:$BB$45,33,0) -> 0 | O11: =IF(P11=0,0,($C$3-P11)) -> 0 | P11: =VLOOKUP($A11,[6]HISTOFEV23!$A$6:$BB$45,31,0) -> 0
A12: AS201649 | B12: =IF(D12=0,0,VLOOKUP($A12,[6]HISTOFEV23!$A$6:$BQ$45,14,0)) -> 1 | C12: =VLOOKUP(A12,[7]LISTADHERENT!A$5:H$60,3,0) -> MBOGNING TUGMA GUY | D12: =IF(E12="ECHEC",0,VLOOKUP($A12,[6]HISTOFEV23!$A$6:$BB$45,15,0)) -> 100000 | E12: =VLOOKUP($A12,[6]HISTOFEV23!$A$6:$BB$45,8,0) -> BANQUE | F12: =VLOOKUP($A12,[6]HISTOFEV23!$A$6:$BB$45,37,0) -> 0 | G12: =VLOOKUP($A12,[6]HISTOFEV23!$A$6:$BB$45,40,0) -> 0 | H12: =IF(F12<>0,VLOOKUP($A12,[6]HISTOFEV23!$A$6:$BB$45,42,0),"ECHEC") -> ECHEC | I12: =VLOOKUP($A12,[6]HISTOFEV23!$A$6:$BB$45,41,0) -> 0 | J12: =TONTJANV23!F12+TONTJANV23!G12 -> 0 | K12: =VLOOKUP($A12,[6]HISTOFEV23!$A$6:$BB$45,18,0) -> 0 | L12: =IF(K12<>0,VLOOKUP($A12,[6]HISTOFEV23!$A$6:$BB$45,42,0),"ECHEC") -> ECHEC | M12: =IF(P12<>0,VLOOKUP($A12,[6]HISTOFEV23!$A$6:$BB$45,32,0),"ECHEC") -> ECHEC | N12: =VLOOKUP($A12,[6]HISTOFEV23!$A$6:$BB$45,33,0) -> 0 | O12: =IF(P12=0,0,($C$3-P12)) -> 0 | P12: =VLOOKUP($A12,[6]HISTOFEV23!$A$6:$BB$45,31,0) -> 0
A13: AS201622 | B13: =IF(D13=0,0,VLOOKUP($A13,[6]HISTOFEV23!$A$6:$BQ$45,14,0)) -> 2 | C13: =VLOOKUP(A13,[7]LISTADHERENT!A$5:H$60,3,0) -> NDJOMO ETIENNE | D13: =IF(E13="ECHEC",0,VLOOKUP($A13,[6]HISTOFEV23!$A$6:$BB$45,15,0)) -> 200000 | E13: =VLOOKUP($A13,[6]HISTOFEV23!$A$6:$BB$45,8,0) -> BANQUE | F13: =VLOOKUP($A13,[6]HISTOFEV23!$A$6:$BB$45,37,0) -> 0 | G13: =VLOOKUP($A13,[6]HISTOFEV23!$A$6:$BB$45,40,0) -> 0 | H13: =IF(F13<>0,VLOOKUP($A13,[6]HISTOFEV23!$A$6:$BB$45,42,0),"ECHEC") -> ECHEC | I13: =VLOOKUP($A13,[6]HISTOFEV23!$A$6:$BB$45,41,0) -> 0 | J13: =TONTJANV23!F13+TONTJANV23!G13 -> 0 | K13: =VLOOKUP($A13,[6]HISTOFEV23!$A$6:$BB$45,18,0) -> 0 | L13: =IF(K13<>0,VLOOKUP($A13,[6]HISTOFEV23!$A$6:$BB$45,42,0),"ECHEC") -> ECHEC | M13: =IF(P13<>0,VLOOKUP($A13,[6]HISTOFEV23!$A$6:$BB$45,32,0),"ECHEC") -> ECHEC | N13: =VLOOKUP($A13,[6]HISTOFEV23!$A$6:$BB$45,33,0) -> 0 | O13: =IF(P13=0,0,($C$3-P13)) -> 0 | P13: =VLOOKUP($A13,[6]HISTOFEV23!$A$6:$BB$45,31,0) -> 0
A14: AS201624 | B14: =IF(D14=0,0,VLOOKUP($A14,[6]HISTOFEV23!$A$6:$BQ$45,14,0)) -> 1 | C14: =VLOOKUP(A14,[7]LISTADHERENT!A$5:H$60,3,0) -> NGONDIEP CLAUDE | D14: =IF(E14="ECHEC",0,VLOOKUP($A14,[6]HISTOFEV23!$A$6:$BB$45,15,0)) -> 100000 | E14: =VLOOKUP($A14,[6]HISTOFEV23!$A$6:$BB$45,8,0) -> BANQUE | F14: =VLOOKUP($A14,[6]HISTOFEV23!$A$6:$BB$45,37,0) -> 0 | G14: =VLOOKUP($A14,[6]HISTOFEV23!$A$6:$BB$45,40,0) -> 0 | H14: =IF(F14<>0,VLOOKUP($A14,[6]HISTOFEV23!$A$6:$BB$45,42,0),"ECHEC") -> ECHEC | I14: =VLOOKUP($A14,[6]HISTOFEV23!$A$6:$BB$45,41,0) -> 0 | J14: =TONTJANV23!F14+TONTJANV23!G14 -> 208000 | K14: =VLOOKUP($A14,[6]HISTOFEV23!$A$6:$BB$45,18,0) -> 208000 | L14: =IF(K14<>0,VLOOKUP($A14,[6]HISTOFEV23!$A$6:$BB$45,42,0),"ECHEC") -> BANQUE | M14: =IF(P14<>0,VLOOKUP($A14,[6]HISTOFEV23!$A$6:$BB$45,32,0),"ECHEC") -> ECHEC | N14: =VLOOKUP($A14,[6]HISTOFEV23!$A$6:$BB$45,33,0) -> 0 | O14: =IF(P14=0,0,($C$3-P14)) -> 0 | P14: =VLOOKUP($A14,[6]HISTOFEV23!$A$6:$BB$45,31,0) -> 0
A15: AS201626 | B15: =IF(D15=0,0,VLOOKUP($A15,[6]HISTOFEV23!$A$6:$BQ$45,14,0)) -> 1 | C15: =VLOOKUP(A15,[7]LISTADHERENT!A$5:H$60,3,0) -> NGUIEMEGNI MATHIEU BLAISE | D15: =IF(E15="ECHEC",0,VLOOKUP($A15,[6]HISTOFEV23!$A$6:$BB$45,15,0)) -> 100000 | E15: =VLOOKUP($A15,[6]HISTOFEV23!$A$6:$BB$45,8,0) -> BANQUE | F15: =VLOOKUP($A15,[6]HISTOFEV23!$A$6:$BB$45,37,0) -> 0 | G15: =VLOOKUP($A15,[6]HISTOFEV23!$A$6:$BB$45,40,0) -> 0 | H15: =IF(F15<>0,VLOOKUP($A15,[6]HISTOFEV23!$A$6:$BB$45,42,0),"ECHEC") -> ECHEC | I15: =VLOOKUP($A15,[6]HISTOFEV23!$A$6:$BB$45,41,0) -> 0 | J15: =TONTJANV23!F15+TONTJANV23!G15 -> 78000 | K15: =VLOOKUP($A15,[6]HISTOFEV23!$A$6:$BB$45,18,0) -> 78000 | L15: =IF(K15<>0,VLOOKUP($A15,[6]HISTOFEV23!$A$6:$BB$45,42,0),"ECHEC") -> BANQUE | M15: =IF(P15<>0,VLOOKUP($A15,[6]HISTOFEV23!$A$6:$BB$45,32,0),"ECHEC") -> ECHEC | N15: =VLOOKUP($A15,[6]HISTOFEV23!$A$6:$BB$45,33,0) -> 0 | O15: =IF(P15=0,0,($C$3-P15)) -> 0 | P15: =VLOOKUP($A15,[6]HISTOFEV23!$A$6:$BB$45,31,0) -> 0
A16: AS201638 | B16: =IF(D16=0,0,VLOOKUP($A16,[6]HISTOFEV23!$A$6:$BQ$45,14,0)) -> 1 | C16: =VLOOKUP(A16,[7]LISTADHERENT!A$5:H$60,3,0) -> SIMO PIERRE | D16: =IF(E16="ECHEC",0,VLOOKUP($A16,[6]HISTOFEV23!$A$6:$BB$45,15,0)) -> 100000 | E16: =VLOOKUP($A16,[6]HISTOFEV23!$A$6:$BB$45,8,0) -> ESPECES | F16: =VLOOKUP($A16,[6]HISTOFEV23!$A$6:$BB$45,37,0) -> 0 | G16: =VLOOKUP($A16,[6]HISTOFEV23!$A$6:$BB$45,40,0) -> 0 | H16: =IF(F16<>0,VLOOKUP($A16,[6]HISTOFEV23!$A$6:$BB$45,42,0),"ECHEC") -> ECHEC | I16: =VLOOKUP($A16,[6]HISTOFEV23!$A$6:$BB$45,41,0) -> 0 | J16: =TONTJANV23!F16+TONTJANV23!G16 -> 0 | K16: =VLOOKUP($A16,[6]HISTOFEV23!$A$6:$BB$45,18,0) -> 0 | L16: =IF(K16<>0,VLOOKUP($A16,[6]HISTOFEV23!$A$6:$BB$45,42,0),"ECHEC") -> ECHEC | M16: =IF(P16<>0,VLOOKUP($A16,[6]HISTOFEV23!$A$6:$BB$45,32,0),"ECHEC") -> ECHEC | N16: =VLOOKUP($A16,[6]HISTOFEV23!$A$6:$BB$45,33,0) -> 0 | O16: =IF(P16=0,0,($C$3-P16)) -> 0 | P16: =VLOOKUP($A16,[6]HISTOFEV23!$A$6:$BB$45,31,0) -> 0
A17: AS201647 | B17: =IF(D17=0,0,VLOOKUP($A17,[6]HISTOFEV23!$A$6:$BQ$45,14,0)) -> 1 | C17: =VLOOKUP(A17,[7]LISTADHERENT!A$5:H$60,3,0) -> YOUMBI EMMANUEL | D17: =IF(E17="ECHEC",0,VLOOKUP($A17,[6]HISTOFEV23!$A$6:$BB$45,15,0)) -> 100000 | E17: =VLOOKUP($A17,[6]HISTOFEV23!$A$6:$BB$45,8,0) -> BANQUE | F17: =VLOOKUP($A17,[6]HISTOFEV23!$A$6:$BB$45,37,0) -> 0 | G17: =VLOOKUP($A17,[6]HISTOFEV23!$A$6:$BB$45,40,0) -> 0 | H17: =IF(F17<>0,VLOOKUP($A17,[6]HISTOFEV23!$A$6:$BB$45,42,0),"ECHEC") -> ECHEC | I17: =VLOOKUP($A17,[6]HISTOFEV23!$A$6:$BB$45,41,0) -> 0 | J17: =TONTJANV23!F17+TONTJANV23!G17 -> 0 | K17: =VLOOKUP($A17,[6]HISTOFEV23!$A$6:$BB$45,18,0) -> 0 | L17: =IF(K17<>0,VLOOKUP($A17,[6]HISTOFEV23!$A$6:$BB$45,42,0),"ECHEC") -> ECHEC | M17: =IF(P17<>0,VLOOKUP($A17,[6]HISTOFEV23!$A$6:$BB$45,32,0),"ECHEC") -> ECHEC | N17: =VLOOKUP($A17,[6]HISTOFEV23!$A$6:$BB$45,33,0) -> 0 | O17: =IF(P17=0,0,($C$3-P17)) -> 0 | P17: =VLOOKUP($A17,[6]HISTOFEV23!$A$6:$BB$45,31,0) -> 0
A19: TOTAL PART | B19: =SUM(B6:B18) -> 14
A20: NBRE ADHERENT | B20: =+COUNT(D6:D18) -> 12 | D20: =SUM(D6:D18) -> 1400000 | F20: =SUM(F6:F18) -> 0 | G20: =SUM(G6:G18) -> 0 | I20: =SUM(I6:I18) -> 0 | J20: =SUM(J6:J18) -> 338000 | K20: =SUM(K6:K18) -> 338000 | N20: =SUM(N6:N18) -> 0 | O20: =SUM(O6:O18) -> 2344000 | P20: =SUM(P6:P18) -> 56000
M21: NBRE PART | N21: PART VENDUE
D22: MONTANT TONTINE | E22: REMBOURSEMENT PETIT LOT | F22: VENTE PETIT LOT | G22: VENTE LOT PRINCIPAL | H22: SOLDE EN CAISSE | K22: TONTINE + REMB + INTERET VENTE | L22: =D26+E26+P20+TONTJANV23!N27 -> 3244000
C23: ESPECES | D23: =SUMIFS(D6:D18,E6:E18,"ESPECES") -> 100000 | E23: =SUMIFS(K6:K18,L6:L18,"ESPECES") -> 0 | F23: =SUMIFS(F6:F18,H6:H18,"ESPECES") -> 0 | G23: =SUMIFS(O6:O18,M6:M18,"ESPECES") -> 0 | H23: =D23+E23-F23-G23 -> 100000 | K23: LOT PRINCIPAL | L23: =C3*COUNTIF(O6:O18,">0") -> 2400000 | M23: =D3 -> 2 | N23: =COUNTIF(O8:O17,">0") -> 2
C24: BANQUE | D24: =SUMIFS(D6:D18,E6:E18,"BANQUE")+1200000 -> 2500000 | E24: =SUMIFS(K6:K18,L6:L18,"BANQUE") -> 338000 | F24: =SUMIFS(F6:F18,H6:H18,"BANQUE") -> 0 | G24: =SUMIFS(O6:O18,M6:M18,"BANQUE") -> 2344000 | H24: =D24+E24-F24-G24 -> 494000
K25: PETIT LOT | L25: =L22-L23 -> 844000 | M25: 816000 | N25: 28000 | O25: ACHAT HOTCHO
C26: TOTAL | D26: =D23+D24 -> 2600000 | E26: =E23+E24 -> 338000 | F26: =F23+F24 -> 0 | G26: =G23+G24 -> 2344000 | H26: =H23+H24 -> 594000
K27: RELIQUAT | L27: =L25-F20 -> 844000 | N27: =TONTFEV23!L27 -> 844000 | O27: CUMUL
K29: ECHEC TONTINE MOIS | L29: =COUNTIFS(E6:E24,"ECHEC")*100000 -> 0 | N29: =TONTJANV23!N29+TONTFEV23!L29 -> 0 | O29: CUMUL
K30: ECHEC REMBOURSEMENT MOIS | L30: =J20-E26 -> 0 | N30: =TONTJANV23!N30+TONTFEV23!L30 -> 0 | O30: CUMUL

Sheet TONTMARS23
A1: ASSOCIATION | B1: ASELBY
A2: ANNEE | B2: 2023 | C2: TONIINE | D2: NBRE PART
A3: TAUX TONTINE | B3: 100000 | C3: =B3*12 -> 1200000 | D3: =ROUNDDOWN(L22/C3,0) -> 2
C4: 44998
A5: MATRICULE | B5: NBREPART | C5: NOM ET PRENOM | D5: MONTANT TONTINE | E5: MODE VERSEMENT | F5: VENTE PETIT LOT | G5: INTERET PETIT LOT | H5: MODE VERSEMENT VENTE PETIT LOT | I5: NUMERO CHEQUE | J5: MONTANT A REMBOURSER PETIT LOT | K5: REMBOURSEMENT PETIT LOT | L5: MODE VERSEMENT REMBOURSEMENT | M5: MODE VERSEMENTLOT PRINCIPAL | N5: NUMERO CHEQUE | O5: MONTANT LOT PRINCIPAL | P5: INTERET LOT PRINCIPAL
A6: AS201648 | B6: =IF(D6=0,0,VLOOKUP($A6,[6]HISTOMARS23!$A$6:$BQ$45,14,0)) -> 1 | C6: =VLOOKUP(A6,[7]LISTADHERENT!A$5:H$60,3,0) -> ASELBY | D6: =IF(E6="ECHEC",0,VLOOKUP($A6,[6]HISTOMARS23!$A$6:$BB$45,15,0)) -> 100000 | E6: =VLOOKUP($A6,[6]HISTOMARS23!$A$6:$BB$45,8,0) -> BANQUE | F6: =VLOOKUP($A6,[6]HISTOMARS23!$A$6:$BB$45,37,0) -> 0 | G6: =VLOOKUP($A6,[6]HISTOMARS23!$A$6:$BB$45,40,0) -> 0 | H6: =IF(F6<>0,VLOOKUP($A6,[6]HISTOMARS23!$A$6:$BB$45,42,0),"ECHEC") -> ECHEC | I6: =VLOOKUP($A6,[6]HISTOMARS23!$A$6:$BB$45,41,0) -> 0 | J6: =TONTFEV23!F6+TONTFEV23!G6 -> 0 | K6: =VLOOKUP($A6,[6]HISTOMARS23!$A$6:$BB$45,18,0) -> 0 | L6: =IF(K6<>0,VLOOKUP($A6,[6]HISTOMARS23!$A$6:$BB$45,42,0),"ECHEC") -> ECHEC | M6: =IF(P6<>0,VLOOKUP($A6,[6]HISTOMARS23!$A$6:$BB$45,32,0),"ECHEC") -> ECHEC | N6: =VLOOKUP($A6,[6]HISTOMARS23!$A$6:$BB$45,33,0) -> 0 | O6: =IF(P6=0,0,($C$3-P6)) -> 0 | P6: =VLOOKUP($A6,[6]HISTOMARS23!$A$6:$BB$45,31,0) -> 0
A7: AS201604 | B7: =IF(D7=0,0,VLOOKUP($A7,[6]HISTOMARS23!$A$6:$BQ$45,14,0)) -> 1 | C7: =VLOOKUP(A7,[7]LISTADHERENT!A$5:H$60,3,0) -> DJOMO JEAN PAUL | D7: =IF(E7="ECHEC",0,VLOOKUP($A7,[6]HISTOMARS23!$A$6:$BB$45,15,0)) -> 100000 | E7: =VLOOKUP($A7,[6]HISTOMARS23!$A$6:$BB$45,8,0) -> BANQUE | F7: =VLOOKUP($A7,[6]HISTOMARS23!$A$6:$BB$45,37,0) -> 0 | G7: =VLOOKUP($A7,[6]HISTOMARS23!$A$6:$BB$45,40,0) -> 0 | H7: =IF(F7<>0,VLOOKUP($A7,[6]HISTOMARS23!$A$6:$BB$45,42,0),"ECHEC") -> ECHEC | I7: =VLOOKUP($A7,[6]HISTOMARS23!$A$6:$BB$45,41,0) -> 0 | J7: =TONTFEV23!F7+TONTFEV23!G7 -> 0 | K7: =VLOOKUP($A7,[6]HISTOMARS23!$A$6:$BB$45,18,0) -> 0 | L7: =IF(K7<>0,VLOOKUP($A7,[6]HISTOMARS23!$A$6:$BB$45,42,0),"ECHEC") -> ECHEC | M7: =IF(P7<>0,VLOOKUP($A7,[6]HISTOMARS23!$A$6:$BB$45,32,0),"ECHEC") -> 0 | N7: =VLOOKUP($A7,[6]HISTOMARS23!$A$6:$BB$45,33,0) -> 0 | O7: =IF(P7=0,0,($C$3-P7)) -> 1190000 | P7: =VLOOKUP($A7,[6]HISTOMARS23!$A$6:$BB$45,31,0) -> 10000
A8: AS201608 | B8: =IF(D8=0,0,VLOOKUP($A8,[6]HISTOMARS23!$A$6:$BQ$45,14,0)) -> 2 | C8: =VLOOKUP(A8,[7]LISTADHERENT!A$5:H$60,3,0) -> DJUOMBESSY ANTOINE | D8: =IF(E8="ECHEC",0,VLOOKUP($A8,[6]HISTOMARS23!$A$6:$BB$45,15,0)) -> 200000 | E8: =VLOOKUP($A8,[6]HISTOMARS23!$A$6:$BB$45,8,0) -> BANQUE | F8: =VLOOKUP($A8,[6]HISTOMARS23!$A$6:$BB$45,37,0) -> 0 | G8: =VLOOKUP($A8,[6]HISTOMARS23!$A$6:$BB$45,40,0) -> 0 | H8: =IF(F8<>0,VLOOKUP($A8,[6]HISTOMARS23!$A$6:$BB$45,42,0),"ECHEC") -> ECHEC | I8: =VLOOKUP($A8,[6]HISTOMARS23!$A$6:$BB$45,41,0) -> 0 | J8: =TONTFEV23!F8+TONTFEV23!G8 -> 0 | K8: =VLOOKUP($A8,[6]HISTOMARS23!$A$6:$BB$45,18,0) -> 0 | L8: =IF(K8<>0,VLOOKUP($A8,[6]HISTOMARS23!$A$6:$BB$45,42,0),"ECHEC") -> ECHEC | M8: =IF(P8<>0,VLOOKUP($A8,[6]HISTOMARS23!$A$6:$BB$45,32,0),"ECHEC") -> 0 | N8: =VLOOKUP($A8,[6]HISTOMARS23!$A$6:$BB$45,33,0) -> 0 | O8: =IF(P8=0,0,($C$3-P8)) -> 1190000 | P8: =VLOOKUP($A8,[6]HISTOMARS23!$A$6:$BB$45,31,0) -> 10000
A9: AS201613 | B9: =IF(D9=0,0,VLOOKUP($A9,[6]HISTOMARS23!$A$6:$BQ$45,14,0)) -> 1 | C9: =VLOOKUP(A9,[7]LISTADHERENT!A$5:H$60,3,0) -> HOTCHO BENJAMIN | D9: =IF(E9="ECHEC",0,VLOOKUP($A9,[6]HISTOMARS23!$A$6:$BB$45,15,0)) -> 100000 | E9: =VLOOKUP($A9,[6]HISTOMARS23!$A$6:$BB$45,8,0) -> BANQUE | F9: =VLOOKUP($A9,[6]HISTOMARS23!$A$6:$BB$45,37,0) -> 164000 | G9: =VLOOKUP($A9,[6]HISTOMARS23!$A$6:$BB$45,40,0) -> 1000 | H9: =IF(F9<>0,VLOOKUP($A9,[6]HISTOMARS23!$A$6:$BB$45,42,0),"ECHEC") -> 0 | I9: =VLOOKUP($A9,[6]HISTOMARS23!$A$6:$BB$45,41,0) -> 0 | J9: =TONTFEV23!F9+TONTFEV23!G9 -> 0 | K9: =VLOOKUP($A9,[6]HISTOMARS23!$A$6:$BB$45,18,0) -> 0 | L9: =IF(K9<>0,VLOOKUP($A9,[6]HISTOMARS23!$A$6:$BB$45,42,0),"ECHEC") -> ECHEC | M9: =IF(P9<>0,VLOOKUP($A9,[6]HISTOMARS23!$A$6:$BB$45,32,0),"ECHEC") -> ECHEC | N9: =VLOOKUP($A9,[6]HISTOMARS23!$A$6:$BB$45,33,0) -> 0 | O9: =IF(P9=0,0,($C$3-P9)) -> 0 | P9: =VLOOKUP($A9,[6]HISTOMARS23!$A$6:$BB$45,31,0) -> 0
A10: AS201617 | B10: =IF(D10=0,0,VLOOKUP($A10,[6]HISTOMARS23!$A$6:$BQ$45,14,0)) -> 1 | C10: =VLOOKUP(A10,[7]LISTADHERENT!A$5:H$60,3,0) -> KOUAMOU MOISE | D10: =IF(E10="ECHEC",0,VLOOKUP($A10,[6]HISTOMARS23!$A$6:$BB$45,15,0)) -> 100000 | E10: =VLOOKUP($A10,[6]HISTOMARS23!$A$6:$BB$45,8,0) -> BANQUE | F10: =VLOOKUP($A10,[6]HISTOMARS23!$A$6:$BB$45,37,0) -> 200000 | G10: =VLOOKUP($A10,[6]HISTOMARS23!$A$6:$BB$45,40,0) -> 2000 | H10: =IF(F10<>0,VLOOKUP($A10,[6]HISTOMARS23!$A$6:$BB$45,42,0),"ECHEC") -> 0 | I10: =VLOOKUP($A10,[6]HISTOMARS23!$A$6:$BB$45,41,0) -> 0 | J10: =TONTFEV23!F10+TONTFEV23!G10 -> 0 | K10: =VLOOKUP($A10,[6]HISTOMARS23!$A$6:$BB$45,18,0) -> 0 | L10: =IF(K10<>0,VLOOKUP($A10,[6]HISTOMARS23!$A$6:$BB$45,42,0),"ECHEC") -> ECHEC | M10: =IF(P10<>0,VLOOKUP($A10,[6]HISTOMARS23!$A$6:$BB$45,32,0),"ECHEC") -> ECHEC | N10: =VLOOKUP($A10,[6]HISTOMARS23!$A$6:$BB$45,33,0) -> 0 | O10: =IF(P10=0,0,($C$3-P10)) -> 0 | P10: =VLOOKUP($A10,[6]HISTOMARS23!$A$6:$BB$45,31,0) -> 0
A11: AS201619 | B11: =IF(D11=0,0,VLOOKUP($A11,[6]HISTOMARS23!$A$6:$BQ$45,14,0)) -> 1 | C11: =VLOOKUP(A11,[7]LISTADHERENT!A$5:H$60,3,0) -> KOUATCHO MESSACK | D11: =IF(E11="ECHEC",0,VLOOKUP($A11,[6]HISTOMARS23!$A$6:$BB$45,15,0)) -> 100000 | E11: =VLOOKUP($A11,[6]HISTOMARS23!$A$6:$BB$45,8,0) -> BANQUE | F11: =VLOOKUP($A11,[6]HISTOMARS23!$A$6:$BB$45,37,0) -> 200000 | G11: =VLOOKUP($A11,[6]HISTOMARS23!$A$6:$BB$45,40,0) -> 2000 | H11: =IF(F11<>0,VLOOKUP($A11,[6]HISTOMARS23!$A$6:$BB$45,42,0),"ECHEC") -> 0 | I11: =VLOOKUP($A11,[6]HISTOMARS23!$A$6:$BB$45,41,0) -> 0 | J11: =TONTFEV23!F11+TONTFEV23!G11 -> 0 | K11: =VLOOKUP($A11,[6]HISTOMARS23!$A$6:$BB$45,18,0) -> 0 | L11: =IF(K11<>0,VLOOKUP($A11,[6]HISTOMARS23!$A$6:$BB$45,42,0),"ECHEC") -> ECHEC | M11: =IF(P11<>0,VLOOKUP($A11,[6]HISTOMARS23!$A$6:$BB$45,32,0),"ECHEC") -> ECHEC | N11: =VLOOKUP($A11,[6]HISTOMARS23!$A$6:$BB$45,33,0) -> 0 | O11: =IF(P11=0,0,($C$3-P11)) -> 0 | P11: =VLOOKUP($A11,[6]HISTOMARS23!$A$6:$BB$45,31,0) -> 0
A12: AS201649 | B12: =IF(D12=0,0,VLOOKUP($A12,[6]HISTOMARS23!$A$6:$BQ$45,14,0)) -> 1 | C12: =VLOOKUP(A12,[7]LISTADHERENT!A$5:H$60,3,0) -> MBOGNING TUGMA GUY | D12: =IF(E12="ECHEC",0,VLOOKUP($A12,[6]HISTOMARS23!$A$6:$BB$45,15,0)) -> 100000 | E12: =VLOOKUP($A12,[6]HISTOMARS23!$A$6:$BB$45,8,0) -> BANQUE | F12: =VLOOKUP($A12,[6]HISTOMARS23!$A$6:$BB$45,37,0) -> 200000 | G12: =VLOOKUP($A12,[6]HISTOMARS23!$A$6:$BB$45,40,0) -> 2000 | H12: =IF(F12<>0,VLOOKUP($A12,[6]HISTOMARS23!$A$6:$BB$45,42,0),"ECHEC") -> 0 | I12: =VLOOKUP($A12,[6]HISTOMARS23!$A$6:$BB$45,41,0) -> 0 | J12: =TONTFEV23!F12+TONTFEV23!G12 -> 0 | K12: =VLOOKUP($A12,[6]HISTOMARS23!$A$6:$BB$45,18,0) -> 0 | L12: =IF(K12<>0,VLOOKUP($A12,[6]HISTOMARS23!$A$6:$BB$45,42,0),"ECHEC") -> ECHEC | M12: =IF(P12<>0,VLOOKUP($A12,[6]HISTOMARS23!$A$6:$BB$45,32,0),"ECHEC") -> ECHEC | N12: =VLOOKUP($A12,[6]HISTOMARS23!$A$6:$BB$45,33,0) -> 0 | O12: =IF(P12=0,0,($C$3-P12)) -> 0 | P12: =VLOOKUP($A12,[6]HISTOMARS23!$A$6:$BB$45,31,0) -> 0
A13: AS201622 | B13: =IF(D13=0,0,VLOOKUP($A13,[6]HISTOMARS23!$A$6:$BQ$45,14,0)) -> 2 | C13: =VLOOKUP(A13,[7]LISTADHERENT!A$5:H$60,3,0) -> NDJOMO ETIENNE | D13: =IF(E13="ECHEC",0,VLOOKUP($A13,[6]HISTOMARS23!$A$6:$BB$45,15,0)) -> 200000 | E13: =VLOOKUP($A13,[6]HISTOMARS23!$A$6:$BB$45,8,0) -> BANQUE | F13: =VLOOKUP($A13,[6]HISTOMARS23!$A$6:$BB$45,37,0) -> 200000 | G13: =VLOOKUP($A13,[6]HISTOMARS23!$A$6:$BB$45,40,0) -> 2000 | H13: =IF(F13<>0,VLOOKUP($A13,[6]HISTOMARS23!$A$6:$BB$45,42,0),"ECHEC") -> 0 | I13: =VLOOKUP($A13,[6]HISTOMARS23!$A$6:$BB$45,41,0) -> 0 | J13: =TONTFEV23!F13+TONTFEV23!G13 -> 0 | K13: =VLOOKUP($A13,[6]HISTOMARS23!$A$6:$BB$45,18,0) -> 0 | L13: =IF(K13<>0,VLOOKUP($A13,[6]HISTOMARS23!$A$6:$BB$45,42,0),"ECHEC") -> ECHEC | M13: =IF(P13<>0,VLOOKUP($A13,[6]HISTOMARS23!$A$6:$BB$45,32,0),"ECHEC") -> ECHEC | N13: =VLOOKUP($A13,[6]HISTOMARS23!$A$6:$BB$45,33,0) -> 0 | O13: =IF(P13=0,0,($C$3-P13)) -> 0 | P13: =VLOOKUP($A13,[6]HISTOMARS23!$A$6:$BB$45,31,0) -> 0
A14: AS201624 | B14: =IF(D14=0,0,VLOOKUP($A14,[6]HISTOMARS23!$A$6:$BQ$45,14,0)) -> 1 | C14: =VLOOKUP(A14,[7]LISTADHERENT!A$5:H$60,3,0) -> NGONDIEP CLAUDE | D14: =IF(E14="ECHEC",0,VLOOKUP($A14,[6]HISTOMARS23!$A$6:$BB$45,15,0)) -> 100000 | E14: =VLOOKUP($A14,[6]HISTOMARS23!$A$6:$BB$45,8,0) -> ESPECES | F14: =VLOOKUP($A14,[6]HISTOMARS23!$A$6:$BB$45,37,0) -> 0 | G14: =VLOOKUP($A14,[6]HISTOMARS23!$A$6:$BB$45,40,0) -> 0 | H14: =IF(F14<>0,VLOOKUP($A14,[6]HISTOMARS23!$A$6:$BB$45,42,0),"ECHEC") -> ECHEC | I14: =VLOOKUP($A14,[6]HISTOMARS23!$A$6:$BB$45,41,0) -> 0 | J14: =TONTFEV23!F14+TONTFEV23!G14 -> 0 | K14: =VLOOKUP($A14,[6]HISTOMARS23!$A$6:$BB$45,18,0) -> 0 | L14: =IF(K14<>0,VLOOKUP($A14,[6]HISTOMARS23!$A$6:$BB$45,42,0),"ECHEC") -> ECHEC | M14: =IF(P14<>0,VLOOKUP($A14,[6]HISTOMARS23!$A$6:$BB$45,32,0),"ECHEC") -> ECHEC | N14: =VLOOKUP($A14,[6]HISTOMARS23!$A$6:$BB$45,33,0) -> 0 | O14: =IF(P14=0,0,($C$3-P14)) -> 0 | P14: =VLOOKUP($A14,[6]HISTOMARS23!$A$6:$BB$45,31,0) -> 0
A15: AS201626 | B15: =IF(D15=0,0,VLOOKUP($A15,[6]HISTOMARS23!$A$6:$BQ$45,14,0)) -> 1 | C15: =VLOOKUP(A15,[7]LISTADHERENT!A$5:H$60,3,0) -> NGUIEMEGNI MATHIEU BLAISE | D15: =IF(E15="ECHEC",0,VLOOKUP($A15,[6]HISTOMARS23!$A$6:$BB$45,15,0)) -> 100000 | E15: =VLOOKUP($A15,[6]HISTOMARS23!$A$6:$BB$45,8,0) -> BANQUE | F15: =VLOOKUP($A15,[6]HISTOMARS23!$A$6:$BB$45,37,0) -> 0 | G15: =VLOOKUP($A15,[6]HISTOMARS23!$A$6:$BB$45,40,0) -> 0 | H15: =IF(F15<>0,VLOOKUP($A15,[6]HISTOMARS23!$A$6:$BB$45,42,0),"ECHEC") -> ECHEC | I15: =VLOOKUP($A15,[6]HISTOMARS23!$A$6:$BB$45,41,0) -> 0 | J15: =TONTFEV23!F15+TONTFEV23!G15 -> 0 | K15: =VLOOKUP($A15,[6]HISTOMARS23!$A$6:$BB$45,18,0) -> 0 | L15: =IF(K15<>0,VLOOKUP($A15,[6]HISTOMARS23!$A$6:$BB$45,42,0),"ECHEC") -> ECHEC | M15: =IF(P15<>0,VLOOKUP($A15,[6]HISTOMARS23!$A$6:$BB$45,32,0),"ECHEC") -> ECHEC | N15: =VLOOKUP($A15,[6]HISTOMARS23!$A$6:$BB$45,33,0) -> 0 | O15: =IF(P15=0,0,($C$3-P15)) -> 0 | P15: =VLOOKUP($A15,[6]HISTOMARS23!$A$6:$BB$45,31,0) -> 0
A16: AS201638 | B16: =IF(D16=0,0,VLOOKUP($A16,[6]HISTOMARS23!$A$6:$BQ$45,14,0)) -> 1 | C16: =VLOOKUP(A16,[7]LISTADHERENT!A$5:H$60,3,0) -> SIMO PIERRE | D16: =IF(E16="ECHEC",0,VLOOKUP($A16,[6]HISTOMARS23!$A$6:$BB$45,15,0)) -> 100000 | E16: =VLOOKUP($A16,[6]HISTOMARS23!$A$6:$BB$45,8,0) -> BANQUE | F16: =VLOOKUP($A16,[6]HISTOMARS23!$A$6:$BB$45,37,0) -> 0 | G16: =VLOOKUP($A16,[6]HISTOMARS23!$A$6:$BB$45,40,0) -> 0 | H16: =IF(F16<>0,VLOOKUP($A16,[6]HISTOMARS23!$A$6:$BB$45,42,0),"ECHEC") -> ECHEC | I16: =VLOOKUP($A16,[6]HISTOMARS23!$A$6:$BB$45,41,0) -> 0 | J16: =TONTFEV23!F16+TONTFEV23!G16 -> 0 | K16: =VLOOKUP($A16,[6]HISTOMARS23!$A$6:$BB$45,18,0) -> 0 | L16: =IF(K16<>0,VLOOKUP($A16,[6]HISTOMARS23!$A$6:$BB$45,42,0),"ECHEC") -> ECHEC | M16: =IF(P16<>0,VLOOKUP($A16,[6]HISTOMARS23!$A$6:$BB$45,32,0),"ECHEC") -> ECHEC | N16: =VLOOKUP($A16,[6]HISTOMARS23!$A$6:$BB$45,33,0) -> 0 | O16: =IF(P16=0,0,($C$3-P16)) -> 0 | P16: =VLOOKUP($A16,[6]HISTOMARS23!$A$6:$BB$45,31,0) -> 0
A17: AS201647 | B17: =IF(D17=0,0,VLOOKUP($A17,[6]HISTOMARS23!$A$6:$BQ$45,14,0)) -> 1 | C17: =VLOOKUP(A17,[7]LISTADHERENT!A$5:H$60,3,0) -> YOUMBI EMMANUEL | D17: =IF(E17="ECHEC",0,VLOOKUP($A17,[6]HISTOMARS23!$A$6:$BB$45,15,0)) -> 100000 | E17: =VLOOKUP($A17,[6]HISTOMARS23!$A$6:$BB$45,8,0) -> BANQUE | F17: =VLOOKUP($A17,[6]HISTOMARS23!$A$6:$BB$45,37,0) -> 0 | G17: =VLOOKUP($A17,[6]HISTOMARS23!$A$6:$BB$45,40,0) -> 0 | H17: =IF(F17<>0,VLOOKUP($A17,[6]HISTOMARS23!$A$6:$BB$45,42,0),"ECHEC") -> ECHEC | I17: =VLOOKUP($A17,[6]HISTOMARS23!$A$6:$BB$45,41,0) -> 0 | J17: =TONTFEV23!F17+TONTFEV23!G17 -> 0 | K17: =VLOOKUP($A17,[6]HISTOMARS23!$A$6:$BB$45,18,0) -> 0 | L17: =IF(K17<>0,VLOOKUP($A17,[6]HISTOMARS23!$A$6:$BB$45,42,0),"ECHEC") -> ECHEC | M17: =IF(P17<>0,VLOOKUP($A17,[6]HISTOMARS23!$A$6:$BB$45,32,0),"ECHEC") -> ECHEC | N17: =VLOOKUP($A17,[6]HISTOMARS23!$A$6:$BB$45,33,0) -> 0 | O17: =IF(P17=0,0,($C$3-P17)) -> 0 | P17: =VLOOKUP($A17,[6]HISTOMARS23!$A$6:$BB$45,31,0) -> 0
A19: TOTAL PART | B19: =SUM(B6:B18) -> 14
A20: NBRE ADHERENT | B20: =+COUNT(D6:D18) -> 12 | D20: =SUM(D6:D18) -> 1400000 | F20: =SUM(F6:F18) -> 964000 | G20: =SUM(G6:G18) -> 9000 | I20: =SUM(I6:I18) -> 0 | J20: =SUM(J6:J18) -> 0 | K20: =SUM(K6:K18) -> 0 | N20: =SUM(N6:N18) -> 0 | O20: =SUM(O6:O18) -> 2380000 | P20: =SUM(P6:P18) -> 20000
M21: NBRE PART | N21: PART VENDUE
D22: MONTANT TONTINE | E22: REMBOURSEMENT PETIT LOT | F22: VENTE PETIT LOT | G22: VENTE LOT PRINCIPAL | H22: SOLDE EN CAISSE | K22: TONTINE + REMB + INTERET VENTE | L22: =D26+E26+P20+TONTFEV23!N27 -> 3464000
C23: ESPECES | D23: =SUMIFS(D6:D18,E6:E18,"ESPECES") -> 100000 | E23: =SUMIFS(K6:K18,L6:L18,"ESPECES") -> 0 | F23: =SUMIFS(F6:F18,H6:H18,"ESPECES") -> 0 | G23: =SUMIFS(O6:O18,M6:M18,"ESPECES") -> 0 | H23: =D23+E23-F23-G23 -> 100000 | K23: LOT PRINCIPAL | L23: =C3*COUNTIF(O6:O18,">0") -> 2400000 | M23: =D3 -> 2 | N23: =COUNTIF(O8:O17,">0") -> 1
C24: BANQUE | D24: =SUMIFS(D6:D18,E6:E18,"BANQUE")+1200000 -> 2500000 | E24: =SUMIFS(K6:K18,L6:L18,"BANQUE") -> 0 | F24: =SUMIFS(F6:F18,H6:H18,"BANQUE") -> 0 | G24: =SUMIFS(O6:O18,M6:M18,"BANQUE") -> 0 | H24: =D24+E24-F24-G24 -> 2500000
K25: PETIT LOT | L25: =L22-L23 -> 1064000
C26: TOTAL | D26: =D23+D24 -> 2600000 | E26: =E23+E24 -> 0 | F26: =F23+F24 -> 0 | G26: =G23+G24 -> 0 | H26: =H23+H24 -> 2600000
K27: RELIQUAT | L27: =L25-F20 -> 100000 | N27: =TONTMARS23!L27 -> 100000 | O27: CUMUL
K29: ECHEC TONTINE MOIS | L29: =COUNTIFS(E6:E24,"ECHEC")*100000 -> 0 | N29: =TONTFEV23!N29+TONTMARS23!L29 -> 0 | O29: CUMUL
K30: ECHEC REMBOURSEMENT MOIS | L30: =J20-E26 -> 0 | N30: =TONTFEV23!N30+TONTMARS23!L30 -> 0 | O30: CUMUL

Sheet TONTAVRIL23
A1: ASSOCIATION | B1: ASELBY
A2: ANNEE | B2: 2023 | C2: TONIINE | D2: NBRE PART
A3: TAUX TONTINE | B3: 100000 | C3: =B3*12 -> 1200000 | D3: =ROUNDDOWN(L22/C3,0) -> 2
C4: 45029
A5: MATRICULE | B5: NBREPART | C5: NOM ET PRENOM | D5: MONTANT TONTINE | E5: MODE VERSEMENT | F5: VENTE PETIT LOT | G5: INTERET PETIT LOT | H5: MODE VERSEMENT VENTE PETIT LOT | I5: NUMERO CHEQUE | J5: MONTANT A REMBOURSER PETIT LOT | K5: REMBOURSEMENT PETIT LOT | L5: MODE VERSEMENT REMBOURSEMENT | M5: MODE VERSEMENTLOT PRINCIPAL | N5: NUMERO CHEQUE | O5: MONTANT LOT PRINCIPAL | P5: INTERET LOT PRINCIPAL
A6: AS201648 | B6: =IF(D6=0,0,VLOOKUP($A6,[6]HISTOAVRIL23!$A$6:$BQ$45,14,0)) -> 1 | C6: =VLOOKUP(A6,[7]LISTADHERENT!A$5:H$60,3,0) -> ASELBY | D6: =IF(E6="ECHEC",0,VLOOKUP($A6,[6]HISTOAVRIL23!$A$6:$BB$45,15,0)) -> 100000 | E6: =VLOOKUP($A6,[6]HISTOAVRIL23!$A$6:$BB$45,8,0) -> BANQUE | F6: =VLOOKUP($A6,[6]HISTOAVRIL23!$A$6:$BB$45,37,0) -> 0 | G6: =VLOOKUP($A6,[6]HISTOAVRIL23!$A$6:$BB$45,40,0) -> 0 | H6: =IF(F6<>0,VLOOKUP($A6,[6]HISTOAVRIL23!$A$6:$BB$45,42,0),"ECHEC") -> ECHEC | I6: =VLOOKUP($A6,[6]HISTOAVRIL23!$A$6:$BB$45,41,0) -> 0 | J6: =TONTMARS23!F6+TONTMARS23!G6 -> 0 | K6: =VLOOKUP($A6,[6]HISTOAVRIL23!$A$6:$BB$45,18,0) -> 0 | L6: =IF(K6<>0,VLOOKUP($A6,[6]HISTOAVRIL23!$A$6:$BB$45,42,0),"ECHEC") -> ECHEC | M6: =IF(P6<>0,VLOOKUP($A6,[6]HISTOAVRIL23!$A$6:$BB$45,32,0),"ECHEC") -> ECHEC | N6: =VLOOKUP($A6,[6]HISTOAVRIL23!$A$6:$BB$45,33,0) -> 0 | O6: =IF(P6=0,0,($C$3-P6)) -> 0 | P6: =VLOOKUP($A6,[6]HISTOAVRIL23!$A$6:$BB$45,31,0) -> 0
A7: AS201604 | B7: =IF(D7=0,0,VLOOKUP($A7,[6]HISTOAVRIL23!$A$6:$BQ$45,14,0)) -> 1 | C7: =VLOOKUP(A7,[7]LISTADHERENT!A$5:H$60,3,0) -> DJOMO JEAN PAUL | D7: =IF(E7="ECHEC",0,VLOOKUP($A7,[6]HISTOAVRIL23!$A$6:$BB$45,15,0)) -> 100000 | E7: =VLOOKUP($A7,[6]HISTOAVRIL23!$A$6:$BB$45,8,0) -> BANQUE | F7: =VLOOKUP($A7,[6]HISTOAVRIL23!$A$6:$BB$45,37,0) -> 0 | G7: =VLOOKUP($A7,[6]HISTOAVRIL23!$A$6:$BB$45,40,0) -> 0 | H7: =IF(F7<>0,VLOOKUP($A7,[6]HISTOAVRIL23!$A$6:$BB$45,42,0),"ECHEC") -> ECHEC | I7: =VLOOKUP($A7,[6]HISTOAVRIL23!$A$6:$BB$45,41,0) -> 0 | J7: =TONTMARS23!F7+TONTMARS23!G7 -> 0 | K7: =VLOOKUP($A7,[6]HISTOAVRIL23!$A$6:$BB$45,18,0) -> 0 | L7: =IF(K7<>0,VLOOKUP($A7,[6]HISTOAVRIL23!$A$6:$BB$45,42,0),"ECHEC") -> ECHEC | M7: =IF(P7<>0,VLOOKUP($A7,[6]HISTOAVRIL23!$A$6:$BB$45,32,0),"ECHEC") -> ECHEC | N7: =VLOOKUP($A7,[6]HISTOAVRIL23!$A$6:$BB$45,33,0) -> 0 | O7: =IF(P7=0,0,($C$3-P7)) -> 0 | P7: =VLOOKUP($A7,[6]HISTOAVRIL23!$A$6:$BB$45,31,0) -> 0
A8: AS201608 | B8: =IF(D8=0,0,VLOOKUP($A8,[6]HISTOAVRIL23!$A$6:$BQ$45,14,0)) -> 2 | C8: =VLOOKUP(A8,[7]LISTADHERENT!A$5:H$60,3,0) -> DJUOMBESSY ANTOINE | D8: =IF(E8="ECHEC",0,VLOOKUP($A8,[6]HISTOAVRIL23!$A$6:$BB$45,15,0)) -> 200000 | E8: =VLOOKUP($A8,[6]HISTOAVRIL23!$A$6:$BB$45,8,0) -> BANQUE | F8: =VLOOKUP($A8,[6]HISTOAVRIL23!$A$6:$BB$45,37,0) -> 0 | G8: =VLOOKUP($A8,[6]HISTOAVRIL23!$A$6:$BB$45,40,0) -> 0 | H8: =IF(F8<>0,VLOOKUP($A8,[6]HISTOAVRIL23!$A$6:$BB$45,42,0),"ECHEC") -> ECHEC | I8: =VLOOKUP($A8,[6]HISTOAVRIL23!$A$6:$BB$45,41,0) -> 0 | J8: =TONTMARS23!F8+TONTMARS23!G8 -> 0 | K8: =VLOOKUP($A8,[6]HISTOAVRIL23!$A$6:$BB$45,18,0) -> 0 | L8: =IF(K8<>0,VLOOKUP($A8,[6]HISTOAVRIL23!$A$6:$BB$45,42,0),"ECHEC") -> ECHEC | M8: =IF(P8<>0,VLOOKUP($A8,[6]HISTOAVRIL23!$A$6:$BB$45,32,0),"ECHEC") -> ECHEC | N8: =VLOOKUP($A8,[6]HISTOAVRIL23!$A$6:$BB$45,33,0) -> 0 | O8: =IF(P8=0,0,($C$3-P8)) -> 0 | P8: =VLOOKUP($A8,[6]HISTOAVRIL23!$A$6:$BB$45,31,0) -> 0
A9: AS201613 | B9: =IF(D9=0,0,VLOOKUP($A9,[6]HISTOAVRIL23!$A$6:$BQ$45,14,0)) -> 1 | C9: =VLOOKUP(A9,[7]LISTADHERENT!A$5:H$60,3,0) -> HOTCHO BENJAMIN | D9: =IF(E9="ECHEC",0,VLOOKUP($A9,[6]HISTOAVRIL23!$A$6:$BB$45,15,0)) -> 100000 | E9: =VLOOKUP($A9,[6]HISTOAVRIL23!$A$6:$BB$45,8,0) -> BANQUE | F9: =VLOOKUP($A9,[6]HISTOAVRIL23!$A$6:$BB$45,37,0) -> 0 | G9: =VLOOKUP($A9,[6]HISTOAVRIL23!$A$6:$BB$45,40,0) -> 0 | H9: =IF(F9<>0,VLOOKUP($A9,[6]HISTOAVRIL23!$A$6:$BB$45,42,0),"ECHEC") -> ECHEC | I9: =VLOOKUP($A9,[6]HISTOAVRIL23!$A$6:$BB$45,41,0) -> 0 | J9: =TONTMARS23!F9+TONTMARS23!G9 -> 165000 | K9: =VLOOKUP($A9,[6]HISTOAVRIL23!$A$6:$BB$45,18,0) -> 165000 | L9: =IF(K9<>0,VLOOKUP($A9,[6]HISTOAVRIL23!$A$6:$BB$45,42,0),"ECHEC") -> BANQUE | M9: =IF(P9<>0,VLOOKUP($A9,[6]HISTOAVRIL23!$A$6:$BB$45,32,0),"ECHEC") -> ECHEC | N9: =VLOOKUP($A9,[6]HISTOAVRIL23!$A$6:$BB$45,33,0) -> 0 | O9: =IF(P9=0,0,($C$3-P9)) -> 0 | P9: =VLOOKUP($A9,[6]HISTOAVRIL23!$A$6:$BB$45,31,0) -> 0
A10: AS201617 | B10: =IF(D10=0,0,VLOOKUP($A10,[6]HISTOAVRIL23!$A$6:$BQ$45,14,0)) -> 1 | C10: =VLOOKUP(A10,[7]LISTADHERENT!A$5:H$60,3,0) -> KOUAMOU MOISE | D10: =IF(E10="ECHEC",0,VLOOKUP($A10,[6]HISTOAVRIL23!$A$6:$BB$45,15,0)) -> 100000 | E10: =VLOOKUP($A10,[6]HISTOAVRIL23!$A$6:$BB$45,8,0) -> BANQUE | F10: =VLOOKUP($A10,[6]HISTOAVRIL23!$A$6:$BB$45,37,0) -> 0 | G10: =VLOOKUP($A10,[6]HISTOAVRIL23!$A$6:$BB$45,40,0) -> 0 | H10: =IF(F10<>0,VLOOKUP($A10,[6]HISTOAVRIL23!$A$6:$BB$45,42,0),"ECHEC") -> ECHEC | I10: =VLOOKUP($A10,[6]HISTOAVRIL23!$A$6:$BB$45,41,0) -> 0 | J10: =TONTMARS23!F10+TONTMARS23!G10 -> 202000 | K10: =VLOOKUP($A10,[6]HISTOAVRIL23!$A$6:$BB$45,18,0) -> 202000 | L10: =IF(K10<>0,VLOOKUP($A10,[6]HISTOAVRIL23!$A$6:$BB$45,42,0),"ECHEC") -> BANQUE | M10: =IF(P10<>0,VLOOKUP($A10,[6]HISTOAVRIL23!$A$6:$BB$45,32,0),"ECHEC") -> ECHEC | N10: =VLOOKUP($A10,[6]HISTOAVRIL23!$A$6:$BB$45,33,0) -> 0 | O10: =IF(P10=0,0,($C$3-P10)) -> 0 | P10: =VLOOKUP($A10,[6]HISTOAVRIL23!$A$6:$BB$45,31,0) -> 0
A11: AS201619 | B11: =IF(D11=0,0,VLOOKUP($A11,[6]HISTOAVRIL23!$A$6:$BQ$45,14,0)) -> 1 | C11: =VLOOKUP(A11,[7]LISTADHERENT!A$5:H$60,3,0) -> KOUATCHO MESSACK | D11: =IF(E11="ECHEC",0,VLOOKUP($A11,[6]HISTOAVRIL23!$A$6:$BB$45,15,0)) -> 100000 | E11: =VLOOKUP($A11,[6]HISTOAVRIL23!$A$6:$BB$45,8,0) -> BANQUE | F11: =VLOOKUP($A11,[6]HISTOAVRIL23!$A$6:$BB$45,37,0) -> 0 | G11: =VLOOKUP($A11,[6]HISTOAVRIL23!$A$6:$BB$45,40,0) -> 0 | H11: =IF(F11<>0,VLOOKUP($A11,[6]HISTOAVRIL23!$A$6:$BB$45,42,0),"ECHEC") -> ECHEC | I11: =VLOOKUP($A11,[6]HISTOAVRIL23!$A$6:$BB$45,41,0) -> 0 | J11: =TONTMARS23!F11+TONTMARS23!G11 -> 202000 | K11: =VLOOKUP($A11,[6]HISTOAVRIL23!$A$6:$BB$45,18,0) -> 202000 | L11: =IF(K11<>0,VLOOKUP($A11,[6]HISTOAVRIL23!$A$6:$BB$45,42,0),"ECHEC") -> BANQUE | M11: =IF(P11<>0,VLOOKUP($A11,[6]HISTOAVRIL23!$A$6:$BB$45,32,0),"ECHEC") -> ECHEC | N11: =VLOOKUP($A11,[6]HISTOAVRIL23!$A$6:$BB$45,33,0) -> 0 | O11: =IF(P11=0,0,($C$3-P11)) -> 0 | P11: =VLOOKUP($A11,[6]HISTOAVRIL23!$A$6:$BB$45,31,0) -> 0
A12: AS201649 | B12: =IF(D12=0,0,VLOOKUP($A12,[6]HISTOAVRIL23!$A$6:$BQ$45,14,0)) -> 1 | C12: =VLOOKUP(A12,[7]LISTADHERENT!A$5:H$60,3,0) -> MBOGNING TUGMA GUY | D12: =IF(E12="ECHEC",0,VLOOKUP($A12,[6]HISTOAVRIL23!$A$6:$BB$45,15,0)) -> 100000 | E12: =VLOOKUP($A12,[6]HISTOAVRIL23!$A$6:$BB$45,8,0) -> BANQUE | F12: =VLOOKUP($A12,[6]HISTOAVRIL23!$A$6:$BB$45,37,0) -> 0 | G12: =VLOOKUP($A12,[6]HISTOAVRIL23!$A$6:$BB$45,40,0) -> 0 | H12: =IF(F12<>0,VLOOKUP($A12,[6]HISTOAVRIL23!$A$6:$BB$45,42,0),"ECHEC") -> ECHEC | I12: =VLOOKUP($A12,[6]HISTOAVRIL23!$A$6:$BB$45,41,0) -> 0 | J12: =TONTMARS23!F12+TONTMARS23!G12 -> 202000 | K12: =VLOOKUP($A12,[6]HISTOAVRIL23!$A$6:$BB$45,18,0) -> 202000 | L12: =IF(K12<>0,VLOOKUP($A12,[6]HISTOAVRIL23!$A$6:$BB$45,42,0),"ECHEC") -> BANQUE | M12: =IF(P12<>0,VLOOKUP($A12,[6]HISTOAVRIL23!$A$6:$BB$45,32,0),"ECHEC") -> ECHEC | N12: =VLOOKUP($A12,[6]HISTOAVRIL23!$A$6:$BB$45,33,0) -> 0 | O12: =IF(P12=0,0,($C$3-P12)) -> 0 | P12: =VLOOKUP($A12,[6]HISTOAVRIL23!$A$6:$BB$45,31,0) -> 0
A13: AS201622 | B13: =IF(D13=0,0,VLOOKUP($A13,[6]HISTOAVRIL23!$A$6:$BQ$45,14,0)) -> 2 | C13: =VLOOKUP(A13,[7]LISTADHERENT!A$5:H$60,3,0) -> NDJOMO ETIENNE | D13: =IF(E13="ECHEC",0,VLOOKUP($A13,[6]HISTOAVRIL23!$A$6:$BB$45,15,0)) -> 200000 | E13: =VLOOKUP($A13,[6]HISTOAVRIL23!$A$6:$BB$45,8,0) -> BANQUE | F13: =VLOOKUP($A13,[6]HISTOAVRIL23!$A$6:$BB$45,37,0) -> 0 | G13: =VLOOKUP($A13,[6]HISTOAVRIL23!$A$6:$BB$45,40,0) -> 0 | H13: =IF(F13<>0,VLOOKUP($A13,[6]HISTOAVRIL23!$A$6:$BB$45,42,0),"ECHEC") -> ECHEC | I13: =VLOOKUP($A13,[6]HISTOAVRIL23!$A$6:$BB$45,41,0) -> 0 | J13: =TONTMARS23!F13+TONTMARS23!G13 -> 202000 | K13: =VLOOKUP($A13,[6]HISTOAVRIL23!$A$6:$BB$45,18,0) -> 202000 | L13: =IF(K13<>0,VLOOKUP($A13,[6]HISTOAVRIL23!$A$6:$BB$45,42,0),"ECHEC") -> BANQUE | M13: =IF(P13<>0,VLOOKUP($A13,[6]HISTOAVRIL23!$A$6:$BB$45,32,0),"ECHEC") -> ECHEC | N13: =VLOOKUP($A13,[6]HISTOAVRIL23!$A$6:$BB$45,33,0) -> 0 | O13: =IF(P13=0,0,($C$3-P13)) -> 0 | P13: =VLOOKUP($A13,[6]HISTOAVRIL23!$A$6:$BB$45,31,0) -> 0
A14: AS201624 | B14: =IF(D14=0,0,VLOOKUP($A14,[6]HISTOAVRIL23!$A$6:$BQ$45,14,0)) -> 1 | C14: =VLOOKUP(A14,[7]LISTADHERENT!A$5:H$60,3,0) -> NGONDIEP CLAUDE | D14: =IF(E14="ECHEC",0,VLOOKUP($A14,[6]HISTOAVRIL23!$A$6:$BB$45,15,0)) -> 100000 | E14: =VLOOKUP($A14,[6]HISTOAVRIL23!$A$6:$BB$45,8,0) -> BANQUE | F14: =VLOOKUP($A14,[6]HISTOAVRIL23!$A$6:$BB$45,37,0) -> 0 | G14: =VLOOKUP($A14,[6]HISTOAVRIL23!$A$6:$BB$45,40,0) -> 0 | H14: =IF(F14<>0,VLOOKUP($A14,[6]HISTOAVRIL23!$A$6:$BB$45,42,0),"ECHEC") -> ECHEC | I14: =VLOOKUP($A14,[6]HISTOAVRIL23!$A$6:$BB$45,41,0) -> 0 | J14: =TONTMARS23!F14+TONTMARS23!G14 -> 0 | K14: =VLOOKUP($A14,[6]HISTOAVRIL23!$A$6:$BB$45,18,0) -> 0 | L14: =IF(K14<>0,VLOOKUP($A14,[6]HISTOAVRIL23!$A$6:$BB$45,42,0),"ECHEC") -> ECHEC | M14: =IF(P14<>0,VLOOKUP($A14,[6]HISTOAVRIL23!$A$6:$BB$45,32,0),"ECHEC") -> ECHEC | N14: =VLOOKUP($A14,[6]HISTOAVRIL23!$A$6:$BB$45,33,0) -> 0 | O14: =IF(P14=0,0,($C$3-P14)) -> 0 | P14: =VLOOKUP($A14,[6]HISTOAVRIL23!$A$6:$BB$45,31,0) -> 0
A15: AS201626 | B15: =IF(D15=0,0,VLOOKUP($A15,[6]HISTOAVRIL23!$A$6:$BQ$45,14,0)) -> 1 | C15: =VLOOKUP(A15,[7]LISTADHERENT!A$5:H$60,3,0) -> NGUIEMEGNI MATHIEU BLAISE | D15: =IF(E15="ECHEC",0,VLOOKUP($A15,[6]HISTOAVRIL23!$A$6:$BB$45,15,0)) -> 100000 | E15: =VLOOKUP($A15,[6]HISTOAVRIL23!$A$6:$BB$45,8,0) -> BANQUE | F15: =VLOOKUP($A15,[6]HISTOAVRIL23!$A$6:$BB$45,37,0) -> 93000 | G15: =VLOOKUP($A15,[6]HISTOAVRIL23!$A$6:$BB$45,40,0) -> 6000 | H15: =IF(F15<>0,VLOOKUP($A15,[6]HISTOAVRIL23!$A$6:$BB$45,42,0),"ECHEC") -> BANQUE | I15: =VLOOKUP($A15,[6]HISTOAVRIL23!$A$6:$BB$45,41,0) -> 0 | J15: =TONTMARS23!F15+TONTMARS23!G15 -> 0 | K15: =VLOOKUP($A15,[6]HISTOAVRIL23!$A$6:$BB$45,18,0) -> 0 | L15: =IF(K15<>0,VLOOKUP($A15,[6]HISTOAVRIL23!$A$6:$BB$45,42,0),"ECHEC") -> ECHEC | M15: =IF(P15<>0,VLOOKUP($A15,[6]HISTOAVRIL23!$A$6:$BB$45,32,0),"ECHEC") -> BANQUE | N15: =VLOOKUP($A15,[6]HISTOAVRIL23!$A$6:$BB$45,33,0) -> 0 | O15: =IF(P15=0,0,($C$3-P15)) -> 1180000 | P15: =VLOOKUP($A15,[6]HISTOAVRIL23!$A$6:$BB$45,31,0) -> 20000
A16: AS201638 | B16: =IF(D16=0,0,VLOOKUP($A16,[6]HISTOAVRIL23!$A$6:$BQ$45,14,0)) -> 1 | C16: =VLOOKUP(A16,[7]LISTADHERENT!A$5:H$60,3,0) -> SIMO PIERRE | D16: =IF(E16="ECHEC",0,VLOOKUP($A16,[6]HISTOAVRIL23!$A$6:$BB$45,15,0)) -> 100000 | E16: =VLOOKUP($A16,[6]HISTOAVRIL23!$A$6:$BB$45,8,0) -> BANQUE | F16: =VLOOKUP($A16,[6]HISTOAVRIL23!$A$6:$BB$45,37,0) -> 0 | G16: =VLOOKUP($A16,[6]HISTOAVRIL23!$A$6:$BB$45,40,0) -> 0 | H16: =IF(F16<>0,VLOOKUP($A16,[6]HISTOAVRIL23!$A$6:$BB$45,42,0),"ECHEC") -> ECHEC | I16: =VLOOKUP($A16,[6]HISTOAVRIL23!$A$6:$BB$45,41,0) -> 0 | J16: =TONTMARS23!F16+TONTMARS23!G16 -> 0 | K16: =VLOOKUP($A16,[6]HISTOAVRIL23!$A$6:$BB$45,18,0) -> 0 | L16: =IF(K16<>0,VLOOKUP($A16,[6]HISTOAVRIL23!$A$6:$BB$45,42,0),"ECHEC") -> ECHEC | M16: =IF(P16<>0,VLOOKUP($A16,[6]HISTOAVRIL23!$A$6:$BB$45,32,0),"ECHEC") -> ECHEC | N16: =VLOOKUP($A16,[6]HISTOAVRIL23!$A$6:$BB$45,33,0) -> 0 | O16: =IF(P16=0,0,($C$3-P16)) -> 0 | P16: =VLOOKUP($A16,[6]HISTOAVRIL23!$A$6:$BB$45,31,0) -> 0
A17: AS201647 | B17: =IF(D17=0,0,VLOOKUP($A17,[6]HISTOAVRIL23!$A$6:$BQ$45,14,0)) -> 1 | C17: =VLOOKUP(A17,[7]LISTADHERENT!A$5:H$60,3,0) -> YOUMBI EMMANUEL | D17: =IF(E17="ECHEC",0,VLOOKUP($A17,[6]HISTOAVRIL23!$A$6:$BB$45,15,0)) -> 100000 | E17: =VLOOKUP($A17,[6]HISTOAVRIL23!$A$6:$BB$45,8,0) -> BANQUE | F17: =VLOOKUP($A17,[6]HISTOAVRIL23!$A$6:$BB$45,37,0) -> 0 | G17: =VLOOKUP($A17,[6]HISTOAVRIL23!$A$6:$BB$45,40,0) -> 0 | H17: =IF(F17<>0,VLOOKUP($A17,[6]HISTOAVRIL23!$A$6:$BB$45,42,0),"ECHEC") -> ECHEC | I17: =VLOOKUP($A17,[6]HISTOAVRIL23!$A$6:$BB$45,41,0) -> 0 | J17: =TONTMARS23!F17+TONTMARS23!G17 -> 0 | K17: =VLOOKUP($A17,[6]HISTOAVRIL23!$A$6:$BB$45,18,0) -> 0 | L17: =IF(K17<>0,VLOOKUP($A17,[6]HISTOAVRIL23!$A$6:$BB$45,42,0),"ECHEC") -> ECHEC | M17: =IF(P17<>0,VLOOKUP($A17,[6]HISTOAVRIL23!$A$6:$BB$45,32,0),"ECHEC") -> ECHEC | N17: =VLOOKUP($A17,[6]HISTOAVRIL23!$A$6:$BB$45,33,0) -> 0 | O17: =IF(P17=0,0,($C$3-P17)) -> 0 | P17: =VLOOKUP($A17,[6]HISTOAVRIL23!$A$6:$BB$45,31,0) -> 0
A19: TOTAL PART | B19: =SUM(B6:B18) -> 14
A20: NBRE ADHERENT | B20: =+COUNT(D6:D18) -> 12 | D20: =SUM(D6:D18) -> 1400000 | F20: =SUM(F6:F18) -> 93000 | G20: =SUM(G6:G18) -> 6000 | I20: =SUM(I6:I18) -> 0 | J20: =SUM(J6:J18) -> 973000 | K20: =SUM(K6:K18) -> 973000 | N20: =SUM(N6:N18) -> 0 | O20: =SUM(O6:O18) -> 1180000 | P20: =SUM(P6:P18) -> 20000
M21: NBRE PART | N21: PART VENDUE
D22: MONTANT TONTINE | E22: REMBOURSEMENT PETIT LOT | F22: VENTE PETIT LOT | G22: VENTE LOT PRINCIPAL | H22: SOLDE EN CAISSE | K22: TONTINE + REMB + INTERET VENTE | L22: =D26+E26+P20+TONTMARS23!N27 -> 2493000
C23: ESPECES | D23: =SUMIFS(D6:D18,E6:E18,"ESPECES") -> 0 | E23: =SUMIFS(K6:K18,L6:L18,"ESPECES") -> 0 | F23: =SUMIFS(F6:F18,H6:H18,"ESPECES") -> 0 | G23: =SUMIFS(O6:O18,M6:M18,"ESPECES") -> 0 | H23: =D23+E23-F23-G23 -> 0 | K23: LOT PRINCIPAL | L23: =C3*COUNTIF(O6:O18,">0") -> 1200000 | M23: =D3 -> 2 | N23: =COUNTIF(O8:O17,">0") -> 1
C24: BANQUE | D24: =SUMIFS(D6:D18,E6:E18,"BANQUE") -> 1400000 | E24: =SUMIFS(K6:K18,L6:L18,"BANQUE") -> 973000 | F24: =SUMIFS(F6:F18,H6:H18,"BANQUE") -> 93000 | G24: =SUMIFS(O6:O18,M6:M18,"BANQUE") -> 1180000 | H24: =D24+E24-F24-G24 -> 1100000
K25: PETIT LOT | L25: =L22-L23 -> 1293000
C26: TOTAL | D26: =D23+D24 -> 1400000 | E26: =E23+E24 -> 973000 | F26: =F23+F24 -> 93000 | G26: =G23+G24 -> 1180000 | H26: =H23+H24 -> 1100000
K27: RELIQUAT | L27: =L25-F20 -> 1200000 | N27: =TONTAVRIL23!L27 -> 1200000 | O27: CUMUL
K29: ECHEC TONTINE MOIS | L29: =COUNTIFS(E6:E24,"ECHEC")*100000 -> 0 | N29: =TONTMARS23!N29+TONTAVRIL23!L29 -> 0 | O29: CUMUL
K30: ECHEC REMBOURSEMENT MOIS | L30: =J20-E26 -> 0 | N30: =TONTMARS23!N30+TONTAVRIL23!L30 -> 0 | O30: CUMUL

Sheet TONTMAI23
A1: ASSOCIATION | B1: ASELBY
A2: ANNEE | B2: 2023 | C2: TONIINE | D2: NBRE PART
A3: TAUX TONTINE | B3: 100000 | C3: =B3*12 -> 1200000 | D3: =ROUNDDOWN(L22/C3,0) -> 2
C4: 45059
A5: MATRICULE | B5: NBREPART | C5: NOM ET PRENOM | D5: MONTANT TONTINE | E5: MODE VERSEMENT | F5: VENTE PETIT LOT | G5: INTERET PETIT LOT | H5: MODE VERSEMENT VENTE PETIT LOT | I5: NUMERO CHEQUE | J5: MONTANT A REMBOURSER PETIT LOT | K5: REMBOURSEMENT PETIT LOT | L5: MODE VERSEMENT REMBOURSEMENT | M5: MODE VERSEMENTLOT PRINCIPAL | N5: NUMERO CHEQUE | O5: MONTANT LOT PRINCIPAL | P5: INTERET LOT PRINCIPAL
A6: AS201648 | B6: =IF(D6=0,0,VLOOKUP($A6,[6]HISTOMAI23!$A$6:$BQ$45,14,0)) -> 1 | C6: =VLOOKUP(A6,[7]LISTADHERENT!A$5:H$60,3,0) -> ASELBY | D6: =IF(E6="ECHEC",0,VLOOKUP($A6,[6]HISTOMAI23!$A$6:$BB$45,15,0)) -> 100000 | E6: =VLOOKUP($A6,[6]HISTOMAI23!$A$6:$BB$45,8,0) -> BANQUE | F6: =VLOOKUP($A6,[6]HISTOMAI23!$A$6:$BB$45,37,0) -> 0 | G6: =VLOOKUP($A6,[6]HISTOMAI23!$A$6:$BB$45,40,0) -> 0 | H6: =IF(F6<>0,VLOOKUP($A6,[6]HISTOMAI23!$A$6:$BB$45,42,0),"ECHEC") -> ECHEC | I6: =VLOOKUP($A6,[6]HISTOMAI23!$A$6:$BB$45,41,0) -> 0 | J6: =TONTAVRIL23!F6+TONTAVRIL23!G6 -> 0 | K6: =VLOOKUP($A6,[6]HISTOMAI23!$A$6:$BB$45,18,0) -> 0 | L6: =IF(K6<>0,VLOOKUP($A6,[6]HISTOMAI23!$A$6:$BB$45,42,0),"ECHEC") -> ECHEC | M6: =IF(P6<>0,VLOOKUP($A6,[6]HISTOMAI23!$A$6:$BB$45,32,0),"ECHEC") -> ECHEC | N6: =VLOOKUP($A6,[6]HISTOMAI23!$A$6:$BB$45,33,0) -> 0 | O6: =IF(P6=0,0,($C$3-P6)) -> 0 | P6: =VLOOKUP($A6,[6]HISTOMAI23!$A$6:$BB$45,31,0) -> 0
A7: AS201604 | B7: =IF(D7=0,0,VLOOKUP($A7,[6]HISTOMAI23!$A$6:$BQ$45,14,0)) -> 1 | C7: =VLOOKUP(A7,[7]LISTADHERENT!A$5:H$60,3,0) -> DJOMO JEAN PAUL | D7: =IF(E7="ECHEC",0,VLOOKUP($A7,[6]HISTOMAI23!$A$6:$BB$45,15,0)) -> 100000 | E7: =VLOOKUP($A7,[6]HISTOMAI23!$A$6:$BB$45,8,0) -> BANQUE | F7: =VLOOKUP($A7,[6]HISTOMAI23!$A$6:$BB$45,37,0) -> 50000 | G7: =VLOOKUP($A7,[6]HISTOMAI23!$A$6:$BB$45,40,0) -> 1000 | H7: =IF(F7<>0,VLOOKUP($A7,[6]HISTOMAI23!$A$6:$BB$45,42,0),"ECHEC") -> BANQUE | I7: =VLOOKUP($A7,[6]HISTOMAI23!$A$6:$BB$45,41,0) -> 0 | J7: =TONTAVRIL23!F7+TONTAVRIL23!G7 -> 0 | K7: =VLOOKUP($A7,[6]HISTOMAI23!$A$6:$BB$45,18,0) -> 0 | L7: =IF(K7<>0,VLOOKUP($A7,[6]HISTOMAI23!$A$6:$BB$45,42,0),"ECHEC") -> ECHEC | M7: =IF(P7<>0,VLOOKUP($A7,[6]HISTOMAI23!$A$6:$BB$45,32,0),"ECHEC") -> ECHEC | N7: =VLOOKUP($A7,[6]HISTOMAI23!$A$6:$BB$45,33,0) -> 0 | O7: =IF(P7=0,0,($C$3-P7)) -> 0 | P7: =VLOOKUP($A7,[6]HISTOMAI23!$A$6:$BB$45,31,0) -> 0
A8: AS201608 | B8: =IF(D8=0,0,VLOOKUP($A8,[6]HISTOMAI23!$A$6:$BQ$45,14,0)) -> 2 | C8: =VLOOKUP(A8,[7]LISTADHERENT!A$5:H$60,3,0) -> DJUOMBESSY ANTOINE | D8: =IF(E8="ECHEC",0,VLOOKUP($A8,[6]HISTOMAI23!$A$6:$BB$45,15,0)) -> 200000 | E8: =VLOOKUP($A8,[6]HISTOMAI23!$A$6:$BB$45,8,0) -> BANQUE | F8: =VLOOKUP($A8,[6]HISTOMAI23!$A$6:$BB$45,37,0) -> 200000 | G8: =VLOOKUP($A8,[6]HISTOMAI23!$A$6:$BB$45,40,0) -> 2000 | H8: =IF(F8<>0,VLOOKUP($A8,[6]HISTOMAI23!$A$6:$BB$45,42,0),"ECHEC") -> 0 | I8: =VLOOKUP($A8,[6]HISTOMAI23!$A$6:$BB$45,41,0) -> 0 | J8: =TONTAVRIL23!F8+TONTAVRIL23!G8 -> 0 | K8: =VLOOKUP($A8,[6]HISTOMAI23!$A$6:$BB$45,18,0) -> 0 | L8: =IF(K8<>0,VLOOKUP($A8,[6]HISTOMAI23!$A$6:$BB$45,42,0),"ECHEC") -> ECHEC | M8: =IF(P8<>0,VLOOKUP($A8,[6]HISTOMAI23!$A$6:$BB$45,32,0),"ECHEC") -> ECHEC | N8: =VLOOKUP($A8,[6]HISTOMAI23!$A$6:$BB$45,33,0) -> 0 | O8: =IF(P8=0,0,($C$3-P8)) -> 0 | P8: =VLOOKUP($A8,[6]HISTOMAI23!$A$6:$BB$45,31,0) -> 0
A9: AS201613 | B9: =IF(D9=0,0,VLOOKUP($A9,[6]HISTOMAI23!$A$6:$BQ$45,14,0)) -> 1 | C9: =VLOOKUP(A9,[7]LISTADHERENT!A$5:H$60,3,0) -> HOTCHO BENJAMIN | D9: =IF(E9="ECHEC",0,VLOOKUP($A9,[6]HISTOMAI23!$A$6:$BB$45,15,0)) -> 100000 | E9: =VLOOKUP($A9,[6]HISTOMAI23!$A$6:$BB$45,8,0) -> BANQUE | F9: =VLOOKUP($A9,[6]HISTOMAI23!$A$6:$BB$45,37,0) -> 0 | G9: =VLOOKUP($A9,[6]HISTOMAI23!$A$6:$BB$45,40,0) -> 0 | H9: =IF(F9<>0,VLOOKUP($A9,[6]HISTOMAI23!$A$6:$BB$45,42,0),"ECHEC") -> ECHEC | I9: =VLOOKUP($A9,[6]HISTOMAI23!$A$6:$BB$45,41,0) -> 0 | J9: =TONTAVRIL23!F9+TONTAVRIL23!G9 -> 0 | K9: =VLOOKUP($A9,[6]HISTOMAI23!$A$6:$BB$45,18,0) -> 0 | L9: =IF(K9<>0,VLOOKUP($A9,[6]HISTOMAI23!$A$6:$BB$45,42,0),"ECHEC") -> ECHEC | M9: =IF(P9<>0,VLOOKUP($A9,[6]HISTOMAI23!$A$6:$BB$45,32,0),"ECHEC") -> ECHEC | N9: =VLOOKUP($A9,[6]HISTOMAI23!$A$6:$BB$45,33,0) -> 0 | O9: =IF(P9=0,0,($C$3-P9)) -> 0 | P9: =VLOOKUP($A9,[6]HISTOMAI23!$A$6:$BB$45,31,0) -> 0
A10: AS201617 | B10: =IF(D10=0,0,VLOOKUP($A10,[6]HISTOMAI23!$A$6:$BQ$45,14,0)) -> 1 | C10: =VLOOKUP(A10,[7]LISTADHERENT!A$5:H$60,3,0) -> KOUAMOU MOISE | D10: =IF(E10="ECHEC",0,VLOOKUP($A10,[6]HISTOMAI23!$A$6:$BB$45,15,0)) -> 100000 | E10: =VLOOKUP($A10,[6]HISTOMAI23!$A$6:$BB$45,8,0) -> BANQUE | F10: =VLOOKUP($A10,[6]HISTOMAI23!$A$6:$BB$45,37,0) -> 0 | G10: =VLOOKUP($A10,[6]HISTOMAI23!$A$6:$BB$45,40,0) -> 0 | H10: =IF(F10<>0,VLOOKUP($A10,[6]HISTOMAI23!$A$6:$BB$45,42,0),"ECHEC") -> ECHEC | I10: =VLOOKUP($A10,[6]HISTOMAI23!$A$6:$BB$45,41,0) -> 0 | J10: =TONTAVRIL23!F10+TONTAVRIL23!G10 -> 0 | K10: =VLOOKUP($A10,[6]HISTOMAI23!$A$6:$BB$45,18,0) -> 0 | L10: =IF(K10<>0,VLOOKUP($A10,[6]HISTOMAI23!$A$6:$BB$45,42,0),"ECHEC") -> ECHEC | M10: =IF(P10<>0,VLOOKUP($A10,[6]HISTOMAI23!$A$6:$BB$45,32,0),"ECHEC") -> ECHEC | N10: =VLOOKUP($A10,[6]HISTOMAI23!$A$6:$BB$45,33,0) -> 0 | O10: =IF(P10=0,0,($C$3-P10)) -> 0 | P10: =VLOOKUP($A10,[6]HISTOMAI23!$A$6:$BB$45,31,0) -> 0
A11: AS201619 | B11: =IF(D11=0,0,VLOOKUP($A11,[6]HISTOMAI23!$A$6:$BQ$45,14,0)) -> 1 | C11: =VLOOKUP(A11,[7]LISTADHERENT!A$5:H$60,3,0) -> KOUATCHO MESSACK | D11: =IF(E11="ECHEC",0,VLOOKUP($A11,[6]HISTOMAI23!$A$6:$BB$45,15,0)) -> 100000 | E11: =VLOOKUP($A11,[6]HISTOMAI23!$A$6:$BB$45,8,0) -> BANQUE | F11: =VLOOKUP($A11,[6]HISTOMAI23!$A$6:$BB$45,37,0) -> 0 | G11: =VLOOKUP($A11,[6]HISTOMAI23!$A$6:$BB$45,40,0) -> 0 | H11: =IF(F11<>0,VLOOKUP($A11,[6]HISTOMAI23!$A$6:$BB$45,42,0),"ECHEC") -> ECHEC | I11: =VLOOKUP($A11,[6]HISTOMAI23!$A$6:$BB$45,41,0) -> 0 | J11: =TONTAVRIL23!F11+TONTAVRIL23!G11 -> 0 | K11: =VLOOKUP($A11,[6]HISTOMAI23!$A$6:$BB$45,18,0) -> 0 | L11: =IF(K11<>0,VLOOKUP($A11,[6]HISTOMAI23!$A$6:$BB$45,42,0),"ECHEC") -> ECHEC | M11: =IF(P11<>0,VLOOKUP($A11,[6]HISTOMAI23!$A$6:$BB$45,32,0),"ECHEC") -> ECHEC | N11: =VLOOKUP($A11,[6]HISTOMAI23!$A$6:$BB$45,33,0) -> 0 | O11: =IF(P11=0,0,($C$3-P11)) -> 0 | P11: =VLOOKUP($A11,[6]HISTOMAI23!$A$6:$BB$45,31,0) -> 0
A12: AS201649 | B12: =IF(D12=0,0,VLOOKUP($A12,[6]HISTOMAI23!$A$6:$BQ$45,14,0)) -> 1 | C12: =VLOOKUP(A12,[7]LISTADHERENT!A$5:H$60,3,0) -> MBOGNING TUGMA GUY | D12: =IF(E12="ECHEC",0,VLOOKUP($A12,[6]HISTOMAI23!$A$6:$BB$45,15,0)) -> 100000 | E12: =VLOOKUP($A12,[6]HISTOMAI23!$A$6:$BB$45,8,0) -> BANQUE | F12: =VLOOKUP($A12,[6]HISTOMAI23!$A$6:$BB$45,37,0) -> 0 | G12: =VLOOKUP($A12,[6]HISTOMAI23!$A$6:$BB$45,40,0) -> 0 | H12: =IF(F12<>0,VLOOKUP($A12,[6]HISTOMAI23!$A$6:$BB$45,42,0),"ECHEC") -> ECHEC | I12: =VLOOKUP($A12,[6]HISTOMAI23!$A$6:$BB$45,41,0) -> 0 | J12: =TONTAVRIL23!F12+TONTAVRIL23!G12 -> 0 | K12: =VLOOKUP($A12,[6]HISTOMAI23!$A$6:$BB$45,18,0) -> 0 | L12: =IF(K12<>0,VLOOKUP($A12,[6]HISTOMAI23!$A$6:$BB$45,42,0),"ECHEC") -> ECHEC | M12: =IF(P12<>0,VLOOKUP($A12,[6]HISTOMAI23!$A$6:$BB$45,32,0),"ECHEC") -> ECHEC | N12: =VLOOKUP($A12,[6]HISTOMAI23!$A$6:$BB$45,33,0) -> 0 | O12: =IF(P12=0,0,($C$3-P12)) -> 0 | P12: =VLOOKUP($A12,[6]HISTOMAI23!$A$6:$BB$45,31,0) -> 0
A13: AS201622 | B13: =IF(D13=0,0,VLOOKUP($A13,[6]HISTOMAI23!$A$6:$BQ$45,14,0)) -> 2 | C13: =VLOOKUP(A13,[7]LISTADHERENT!A$5:H$60,3,0) -> NDJOMO ETIENNE | D13: =IF(E13="ECHEC",0,VLOOKUP($A13,[6]HISTOMAI23!$A$6:$BB$45,15,0)) -> 200000 | E13: =VLOOKUP($A13,[6]HISTOMAI23!$A$6:$BB$45,8,0) -> BANQUE | F13: =VLOOKUP($A13,[6]HISTOMAI23!$A$6:$BB$45,37,0) -> 200000 | G13: =VLOOKUP($A13,[6]HISTOMAI23!$A$6:$BB$45,40,0) -> 2000 | H13: =IF(F13<>0,VLOOKUP($A13,[6]HISTOMAI23!$A$6:$BB$45,42,0),"ECHEC") -> 0 | I13: =VLOOKUP($A13,[6]HISTOMAI23!$A$6:$BB$45,41,0) -> 0 | J13: =TONTAVRIL23!F13+TONTAVRIL23!G13 -> 0 | K13: =VLOOKUP($A13,[6]HISTOMAI23!$A$6:$BB$45,18,0) -> 0 | L13: =IF(K13<>0,VLOOKUP($A13,[6]HISTOMAI23!$A$6:$BB$45,42,0),"ECHEC") -> ECHEC | M13: =IF(P13<>0,VLOOKUP($A13,[6]HISTOMAI23!$A$6:$BB$45,32,0),"ECHEC") -> ECHEC | N13: =VLOOKUP($A13,[6]HISTOMAI23!$A$6:$BB$45,33,0) -> 0 | O13: =IF(P13=0,0,($C$3-P13)) -> 0 | P13: =VLOOKUP($A13,[6]HISTOMAI23!$A$6:$BB$45,31,0) -> 0
A14: AS201624 | B14: =IF(D14=0,0,VLOOKUP($A14,[6]HISTOMAI23!$A$6:$BQ$45,14,0)) -> 1 | C14: =VLOOKUP(A14,[7]LISTADHERENT!A$5:H$60,3,0) -> NGONDIEP CLAUDE | D14: =IF(E14="ECHEC",0,VLOOKUP($A14,[6]HISTOMAI23!$A$6:$BB$45,15,0)) -> 100000 | E14: =VLOOKUP($A14,[6]HISTOMAI23!$A$6:$BB$45,8,0) -> BANQUE | F14: =VLOOKUP($A14,[6]HISTOMAI23!$A$6:$BB$45,37,0) -> 0 | G14: =VLOOKUP($A14,[6]HISTOMAI23!$A$6:$BB$45,40,0) -> 0 | H14: =IF(F14<>0,VLOOKUP($A14,[6]HISTOMAI23!$A$6:$BB$45,42,0),"ECHEC") -> ECHEC | I14: =VLOOKUP($A14,[6]HISTOMAI23!$A$6:$BB$45,41,0) -> 0 | J14: =TONTAVRIL23!F14+TONTAVRIL23!G14 -> 0 | K14: =VLOOKUP($A14,[6]HISTOMAI23!$A$6:$BB$45,18,0) -> 0 | L14: =IF(K14<>0,VLOOKUP($A14,[6]HISTOMAI23!$A$6:$BB$45,42,0),"ECHEC") -> ECHEC | M14: =IF(P14<>0,VLOOKUP($A14,[6]HISTOMAI23!$A$6:$BB$45,32,0),"ECHEC") -> ECHEC | N14: =VLOOKUP($A14,[6]HISTOMAI23!$A$6:$BB$45,33,0) -> 0 | O14: =IF(P14=0,0,($C$3-P14)) -> 0 | P14: =VLOOKUP($A14,[6]HISTOMAI23!$A$6:$BB$45,31,0) -> 0
A15: AS201626 | B15: =IF(D15=0,0,VLOOKUP($A15,[6]HISTOMAI23!$A$6:$BQ$45,14,0)) -> 1 | C15: =VLOOKUP(A15,[7]LISTADHERENT!A$5:H$60,3,0) -> NGUIEMEGNI MATHIEU BLAISE | D15: =IF(E15="ECHEC",0,VLOOKUP($A15,[6]HISTOMAI23!$A$6:$BB$45,15,0)) -> 100000 | E15: =VLOOKUP($A15,[6]HISTOMAI23!$A$6:$BB$45,8,0) -> BANQUE | F15: =VLOOKUP($A15,[6]HISTOMAI23!$A$6:$BB$45,37,0) -> 0 | G15: =VLOOKUP($A15,[6]HISTOMAI23!$A$6:$BB$45,40,0) -> 0 | H15: =IF(F15<>0,VLOOKUP($A15,[6]HISTOMAI23!$A$6:$BB$45,42,0),"ECHEC") -> ECHEC | I15: =VLOOKUP($A15,[6]HISTOMAI23!$A$6:$BB$45,41,0) -> 0 | J15: =TONTAVRIL23!F15+TONTAVRIL23!G15 -> 99000 | K15: =VLOOKUP($A15,[6]HISTOMAI23!$A$6:$BB$45,18,0) -> 99000 | L15: =IF(K15<>0,VLOOKUP($A15,[6]HISTOMAI23!$A$6:$BB$45,42,0),"ECHEC") -> BANQUE | M15: =IF(P15<>0,VLOOKUP($A15,[6]HISTOMAI23!$A$6:$BB$45,32,0),"ECHEC") -> ECHEC | N15: =VLOOKUP($A15,[6]HISTOMAI23!$A$6:$BB$45,33,0) -> 0 | O15: =IF(P15=0,0,($C$3-P15)) -> 0 | P15: =VLOOKUP($A15,[6]HISTOMAI23!$A$6:$BB$45,31,0) -> 0
A16: AS201638 | B16: =IF(D16=0,0,VLOOKUP($A16,[6]HISTOMAI23!$A$6:$BQ$45,14,0)) -> 1 | C16: =VLOOKUP(A16,[7]LISTADHERENT!A$5:H$60,3,0) -> SIMO PIERRE | D16: =IF(E16="ECHEC",0,VLOOKUP($A16,[6]HISTOMAI23!$A$6:$BB$45,15,0)) -> 100000 | E16: =VLOOKUP($A16,[6]HISTOMAI23!$A$6:$BB$45,8,0) -> BANQUE | F16: =VLOOKUP($A16,[6]HISTOMAI23!$A$6:$BB$45,37,0) -> 0 | G16: =VLOOKUP($A16,[6]HISTOMAI23!$A$6:$BB$45,40,0) -> 0 | H16: =IF(F16<>0,VLOOKUP($A16,[6]HISTOMAI23!$A$6:$BB$45,42,0),"ECHEC") -> ECHEC | I16: =VLOOKUP($A16,[6]HISTOMAI23!$A$6:$BB$45,41,0) -> 0 | J16: =TONTAVRIL23!F16+TONTAVRIL23!G16 -> 0 | K16: =VLOOKUP($A16,[6]HISTOMAI23!$A$6:$BB$45,18,0) -> 0 | L16: =IF(K16<>0,VLOOKUP($A16,[6]HISTOMAI23!$A$6:$BB$45,42,0),"ECHEC") -> ECHEC | M16: =IF(P16<>0,VLOOKUP($A16,[6]HISTOMAI23!$A$6:$BB$45,32,0),"ECHEC") -> BANQUE | N16: =VLOOKUP($A16,[6]HISTOMAI23!$A$6:$BB$45,33,0) -> 0 | O16: =IF(P16=0,0,($C$3-P16)) -> 1190000 | P16: =VLOOKUP($A16,[6]HISTOMAI23!$A$6:$BB$45,31,0) -> 10000
A17: AS201647 | B17: =IF(D17=0,0,VLOOKUP($A17,[6]HISTOMAI23!$A$6:$BQ$45,14,0)) -> 1 | C17: =VLOOKUP(A17,[7]LISTADHERENT!A$5:H$60,3,0) -> YOUMBI EMMANUEL | D17: =IF(E17="ECHEC",0,VLOOKUP($A17,[6]HISTOMAI23!$A$6:$BB$45,15,0)) -> 100000 | E17: =VLOOKUP($A17,[6]HISTOMAI23!$A$6:$BB$45,8,0) -> BANQUE | F17: =VLOOKUP($A17,[6]HISTOMAI23!$A$6:$BB$45,37,0) -> 0 | G17: =VLOOKUP($A17,[6]HISTOMAI23!$A$6:$BB$45,40,0) -> 0 | H17: =IF(F17<>0,VLOOKUP($A17,[6]HISTOMAI23!$A$6:$BB$45,42,0),"ECHEC") -> ECHEC | I17: =VLOOKUP($A17,[6]HISTOMAI23!$A$6:$BB$45,41,0) -> 0 | J17: =TONTAVRIL23!F17+TONTAVRIL23!G17 -> 0 | K17: =VLOOKUP($A17,[6]HISTOMAI23!$A$6:$BB$45,18,0) -> 0 | L17: =IF(K17<>0,VLOOKUP($A17,[6]HISTOMAI23!$A$6:$BB$45,42,0),"ECHEC") -> ECHEC | M17: =IF(P17<>0,VLOOKUP($A17,[6]HISTOMAI23!$A$6:$BB$45,32,0),"ECHEC") -> ECHEC | N17: =VLOOKUP($A17,[6]HISTOMAI23!$A$6:$BB$45,33,0) -> 0 | O17: =IF(P17=0,0,($C$3-P17)) -> 0 | P17: =VLOOKUP($A17,[6]HISTOMAI23!$A$6:$BB$45,31,0) -> 0
A19: TOTAL PART | B19: =SUM(B6:B18) -> 14
A20: NBRE ADHERENT | B20: =+COUNT(D6:D18) -> 12 | D20: =SUM(D6:D18) -> 1400000 | F20: =SUM(F6:F18) -> 450000 | G20: =SUM(G6:G18) -> 5000 | I20: =SUM(I6:I18) -> 0 | J20: =SUM(J6:J18) -> 99000 | K20: =SUM(K6:K18) -> 99000 | N20: =SUM(N6:N18) -> 0 | O20: =SUM(O6:O18) -> 1190000 | P20: =SUM(P6:P18) -> 10000
M21: NBRE PART | N21: PART VENDUE
D22: MONTANT TONTINE | E22: REMBOURSEMENT PETIT LOT | F22: VENTE PETIT LOT | G22: VENTE LOT PRINCIPAL | H22: SOLDE EN CAISSE | K22: TONTINE + REMB + INTERET VENTE | L22: =D26+E26+P20+TONTAVRIL23!N27 -> 2709000
C23: ESPECES | D23: =SUMIFS(D6:D18,E6:E18,"ESPECES") -> 0 | E23: =SUMIFS(K6:K18,L6:L18,"ESPECES") -> 0 | F23: =SUMIFS(F6:F18,H6:H18,"ESPECES") -> 0 | G23: =SUMIFS(O6:O18,M6:M18,"ESPECES") -> 0 | H23: =D23+E23-F23-G23 -> 0 | K23: LOT PRINCIPAL | L23: =C3*COUNTIF(O6:O18,">0") -> 1200000 | M23: =D3 -> 2 | N23: =COUNTIF(O8:O17,">0") -> 1
C24: BANQUE | D24: =SUMIFS(D6:D18,E6:E18,"BANQUE") -> 1400000 | E24: =SUMIFS(K6:K18,L6:L18,"BANQUE") -> 99000 | F24: =SUMIFS(F6:F18,H6:H18,"BANQUE") -> 50000 | G24: =SUMIFS(O6:O18,M6:M18,"BANQUE") -> 1190000 | H24: =D24+E24-F24-G24 -> 259000
K25: PETIT LOT | L25: =L22-L23 -> 1509000
C26: TOTAL | D26: =D23+D24 -> 1400000 | E26: =E23+E24 -> 99000 | F26: =F23+F24 -> 50000 | G26: =G23+G24 -> 1190000 | H26: =H23+H24 -> 259000
K27: RELIQUAT | L27: =L25-F20 -> 1059000 | N27: =TONTMAI23!L27 -> 1059000 | O27: CUMUL | P27: 1109000 | Q27: REGISTRE
K29: ECHEC TONTINE MOIS | L29: =COUNTIFS(E6:E24,"ECHEC")*100000 -> 0 | N29: =TONTAVRIL23!N29+TONTMAI23!L29 -> 0 | O29: CUMUL
K30: ECHEC REMBOURSEMENT MOIS | L30: =J20-E26 -> 0 | N30: =TONTAVRIL23!N30+TONTMAI23!L30 -> 0 | O30: CUMUL

Sheet TONTJUIN23
A1: ASSOCIATION | B1: ASELBY
A2: ANNEE | B2: 2023 | C2: TONIINE | D2: NBRE PART
A3: TAUX TONTINE | B3: 100000 | C3: =B3*12 -> 1200000 | D3: =ROUNDDOWN(L22/C3,0) -> 2
C4: 45090
A5: MATRICULE | B5: NBREPART | C5: NOM ET PRENOM | D5: MONTANT TONTINE | E5: MODE VERSEMENT | F5: VENTE PETIT LOT | G5: INTERET PETIT LOT | H5: MODE VERSEMENT VENTE PETIT LOT | I5: NUMERO CHEQUE | J5: MONTANT A REMBOURSER PETIT LOT | K5: REMBOURSEMENT PETIT LOT | L5: MODE VERSEMENT REMBOURSEMENT | M5: MODE VERSEMENTLOT PRINCIPAL | N5: NUMERO CHEQUE | O5: MONTANT LOT PRINCIPAL | P5: INTERET LOT PRINCIPAL
A6: AS201648 | B6: =IF(D6=0,0,VLOOKUP($A6,[6]HISTOJUIN23!$A$6:$BQ$45,14,0)) -> 1 | C6: =VLOOKUP(A6,[7]LISTADHERENT!A$5:H$60,3,0) -> ASELBY | D6: =IF(E6="ECHEC",0,VLOOKUP($A6,[6]HISTOJUIN23!$A$6:$BB$45,15,0)) -> 100000 | E6: =VLOOKUP($A6,[6]HISTOJUIN23!$A$6:$BB$45,8,0) -> BANQUE | F6: =VLOOKUP($A6,[6]HISTOJUIN23!$A$6:$BB$45,37,0) -> 0 | G6: =VLOOKUP($A6,[6]HISTOJUIN23!$A$6:$BB$45,40,0) -> 0 | H6: =IF(F6<>0,VLOOKUP($A6,[6]HISTOJUIN23!$A$6:$BB$45,42,0),"ECHEC") -> ECHEC | I6: =VLOOKUP($A6,[6]HISTOJUIN23!$A$6:$BB$45,41,0) -> 0 | J6: =TONTMAI23!F6+TONTMAI23!G6 -> 0 | K6: =VLOOKUP($A6,[6]HISTOJUIN23!$A$6:$BB$45,18,0) -> 0 | L6: =IF(K6<>0,VLOOKUP($A6,[6]HISTOJUIN23!$A$6:$BB$45,42,0),"ECHEC") -> ECHEC | M6: =IF(P6<>0,VLOOKUP($A6,[6]HISTOJUIN23!$A$6:$BB$45,32,0),"ECHEC") -> ECHEC | N6: =VLOOKUP($A6,[6]HISTOJUIN23!$A$6:$BB$45,33,0) -> 0 | O6: =IF(P6=0,0,($C$3-P6)) -> 0 | P6: =VLOOKUP($A6,[6]HISTOJUIN23!$A$6:$BB$45,31,0) -> 0
A7: AS201604 | B7: =IF(D7=0,0,VLOOKUP($A7,[6]HISTOJUIN23!$A$6:$BQ$45,14,0)) -> 1 | C7: =VLOOKUP(A7,[7]LISTADHERENT!A$5:H$60,3,0) -> DJOMO JEAN PAUL | D7: =IF(E7="ECHEC",0,VLOOKUP($A7,[6]HISTOJUIN23!$A$6:$BB$45,15,0)) -> 100000 | E7: =VLOOKUP($A7,[6]HISTOJUIN23!$A$6:$BB$45,8,0) -> BANQUE | F7: =VLOOKUP($A7,[6]HISTOJUIN23!$A$6:$BB$45,37,0) -> 184000 | G7: =VLOOKUP($A7,[6]HISTOJUIN23!$A$6:$BB$45,40,0) -> 1500 | H7: =IF(F7<>0,VLOOKUP($A7,[6]HISTOJUIN23!$A$6:$BB$45,42,0),"ECHEC") -> BANQUE | I7: =VLOOKUP($A7,[6]HISTOJUIN23!$A$6:$BB$45,41,0) -> 0 | J7: =TONTMAI23!F7+TONTMAI23!G7 -> 51000 | K7: =VLOOKUP($A7,[6]HISTOJUIN23!$A$6:$BB$45,18,0) -> 51000 | L7: =IF(K7<>0,VLOOKUP($A7,[6]HISTOJUIN23!$A$6:$BB$45,42,0),"ECHEC") -> BANQUE | M7: =IF(P7<>0,VLOOKUP($A7,[6]HISTOJUIN23!$A$6:$BB$45,32,0),"ECHEC") -> ECHEC | N7: =VLOOKUP($A7,[6]HISTOJUIN23!$A$6:$BB$45,33,0) -> 0 | O7: =IF(P7=0,0,($C$3-P7)) -> 0 | P7: =VLOOKUP($A7,[6]HISTOJUIN23!$A$6:$BB$45,31,0) -> 0
A8: AS201608 | B8: =IF(D8=0,0,VLOOKUP($A8,[6]HISTOJUIN23!$A$6:$BQ$45,14,0)) -> 2 | C8: =VLOOKUP(A8,[7]LISTADHERENT!A$5:H$60,3,0) -> DJUOMBESSY ANTOINE | D8: =IF(E8="ECHEC",0,VLOOKUP($A8,[6]HISTOJUIN23!$A$6:$BB$45,15,0)) -> 200000 | E8: =VLOOKUP($A8,[6]HISTOJUIN23!$A$6:$BB$45,8,0) -> BANQUE | F8: =VLOOKUP($A8,[6]HISTOJUIN23!$A$6:$BB$45,37,0) -> 0 | G8: =VLOOKUP($A8,[6]HISTOJUIN23!$A$6:$BB$45,40,0) -> 0 | H8: =IF(F8<>0,VLOOKUP($A8,[6]HISTOJUIN23!$A$6:$BB$45,42,0),"ECHEC") -> ECHEC | I8: =VLOOKUP($A8,[6]HISTOJUIN23!$A$6:$BB$45,41,0) -> 0 | J8: =TONTMAI23!F8+TONTMAI23!G8 -> 202000 | K8: =VLOOKUP($A8,[6]HISTOJUIN23!$A$6:$BB$45,18,0) -> 202000 | L8: =IF(K8<>0,VLOOKUP($A8,[6]HISTOJUIN23!$A$6:$BB$45,42,0),"ECHEC") -> BANQUE | M8: =IF(P8<>0,VLOOKUP($A8,[6]HISTOJUIN23!$A$6:$BB$45,32,0),"ECHEC") -> ECHEC | N8: =VLOOKUP($A8,[6]HISTOJUIN23!$A$6:$BB$45,33,0) -> 0 | O8: =IF(P8=0,0,($C$3-P8)) -> 0 | P8: =VLOOKUP($A8,[6]HISTOJUIN23!$A$6:$BB$45,31,0) -> 0
A9: AS201613 | B9: =IF(D9=0,0,VLOOKUP($A9,[6]HISTOJUIN23!$A$6:$BQ$45,14,0)) -> 1 | C9: =VLOOKUP(A9,[7]LISTADHERENT!A$5:H$60,3,0) -> HOTCHO BENJAMIN | D9: =IF(E9="ECHEC",0,VLOOKUP($A9,[6]HISTOJUIN23!$A$6:$BB$45,15,0)) -> 100000 | E9: =VLOOKUP($A9,[6]HISTOJUIN23!$A$6:$BB$45,8,0) -> BANQUE | F9: =VLOOKUP($A9,[6]HISTOJUIN23!$A$6:$BB$45,37,0) -> 0 | G9: =VLOOKUP($A9,[6]HISTOJUIN23!$A$6:$BB$45,40,0) -> 0 | H9: =IF(F9<>0,VLOOKUP($A9,[6]HISTOJUIN23!$A$6:$BB$45,42,0),"ECHEC") -> ECHEC | I9: =VLOOKUP($A9,[6]HISTOJUIN23!$A$6:$BB$45,41,0) -> 0 | J9: =TONTMAI23!F9+TONTMAI23!G9 -> 0 | K9: =VLOOKUP($A9,[6]HISTOJUIN23!$A$6:$BB$45,18,0) -> 0 | L9: =IF(K9<>0,VLOOKUP($A9,[6]HISTOJUIN23!$A$6:$BB$45,42,0),"ECHEC") -> ECHEC | M9: =IF(P9<>0,VLOOKUP($A9,[6]HISTOJUIN23!$A$6:$BB$45,32,0),"ECHEC") -> ECHEC | N9: =VLOOKUP($A9,[6]HISTOJUIN23!$A$6:$BB$45,33,0) -> 0 | O9: =IF(P9=0,0,($C$3-P9)) -> 0 | P9: =VLOOKUP($A9,[6]HISTOJUIN23!$A$6:$BB$45,31,0) -> 0
A10: AS201617 | B10: =IF(D10=0,0,VLOOKUP($A10,[6]HISTOJUIN23!$A$6:$BQ$45,14,0)) -> 1 | C10: =VLOOKUP(A10,[7]LISTADHERENT!A$5:H$60,3,0) -> KOUAMOU MOISE | D10: =IF(E10="ECHEC",0,VLOOKUP($A10,[6]HISTOJUIN23!$A$6:$BB$45,15,0)) -> 100000 | E10: =VLOOKUP($A10,[6]HISTOJUIN23!$A$6:$BB$45,8,0) -> BANQUE | F10: =VLOOKUP($A10,[6]HISTOJUIN23!$A$6:$BB$45,37,0) -> 0 | G10: =VLOOKUP($A10,[6]HISTOJUIN23!$A$6:$BB$45,40,0) -> 0 | H10: =IF(F10<>0,VLOOKUP($A10,[6]HISTOJUIN23!$A$6:$BB$45,42,0),"ECHEC") -> ECHEC | I10: =VLOOKUP($A10,[6]HISTOJUIN23!$A$6:$BB$45,41,0) -> 0 | J10: =TONTMAI23!F10+TONTMAI23!G10 -> 0 | K10: =VLOOKUP($A10,[6]HISTOJUIN23!$A$6:$BB$45,18,0) -> 0 | L10: =IF(K10<>0,VLOOKUP($A10,[6]HISTOJUIN23!$A$6:$BB$45,42,0),"ECHEC") -> ECHEC | M10: =IF(P10<>0,VLOOKUP($A10,[6]HISTOJUIN23!$A$6:$BB$45,32,0),"ECHEC") -> ECHEC | N10: =VLOOKUP($A10,[6]HISTOJUIN23!$A$6:$BB$45,33,0) -> 0 | O10: =IF(P10=0,0,($C$3-P10)) -> 0 | P10: =VLOOKUP($A10,[6]HISTOJUIN23!$A$6:$BB$45,31,0) -> 0
A11: AS201619 | B11: =IF(D11=0,0,VLOOKUP($A11,[6]HISTOJUIN23!$A$6:$BQ$45,14,0)) -> 1 | C11: =VLOOKUP(A11,[7]LISTADHERENT!A$5:H$60,3,0) -> KOUATCHO MESSACK | D11: =IF(E11="ECHEC",0,VLOOKUP($A11,[6]HISTOJUIN23!$A$6:$BB$45,15,0)) -> 100000 | E11: =VLOOKUP($A11,[6]HISTOJUIN23!$A$6:$BB$45,8,0) -> BANQUE | F11: =VLOOKUP($A11,[6]HISTOJUIN23!$A$6:$BB$45,37,0) -> 0 | G11: =VLOOKUP($A11,[6]HISTOJUIN23!$A$6:$BB$45,40,0) -> 0 | H11: =IF(F11<>0,VLOOKUP($A11,[6]HISTOJUIN23!$A$6:$BB$45,42,0),"ECHEC") -> ECHEC | I11: =VLOOKUP($A11,[6]HISTOJUIN23!$A$6:$BB$45,41,0) -> 0 | J11: =TONTMAI23!F11+TONTMAI23!G11 -> 0 | K11: =VLOOKUP($A11,[6]HISTOJUIN23!$A$6:$BB$45,18,0) -> 0 | L11: =IF(K11<>0,VLOOKUP($A11,[6]HISTOJUIN23!$A$6:$BB$45,42,0),"ECHEC") -> ECHEC | M11: =IF(P11<>0,VLOOKUP($A11,[6]HISTOJUIN23!$A$6:$BB$45,32,0),"ECHEC") -> ECHEC | N11: =VLOOKUP($A11,[6]HISTOJUIN23!$A$6:$BB$45,33,0) -> 0 | O11: =IF(P11=0,0,($C$3-P11)) -> 0 | P11: =VLOOKUP($A11,[6]HISTOJUIN23!$A$6:$BB$45,31,0) -> 0
A12: AS201649 | B12: =IF(D12=0,0,VLOOKUP($A12,[6]HISTOJUIN23!$A$6:$BQ$45,14,0)) -> 1 | C12: =VLOOKUP(A12,[7]LISTADHERENT!A$5:H$60,3,0) -> MBOGNING TUGMA GUY | D12: =IF(E12="ECHEC",0,VLOOKUP($A12,[6]HISTOJUIN23!$A$6:$BB$45,15,0)) -> 100000 | E12: =VLOOKUP($A12,[6]HISTOJUIN23!$A$6:$BB$45,8,0) -> BANQUE | F12: =VLOOKUP($A12,[6]HISTOJUIN23!$A$6:$BB$45,37,0) -> 200000 | G12: =VLOOKUP($A12,[6]HISTOJUIN23!$A$6:$BB$45,40,0) -> 2000 | H12: =IF(F12<>0,VLOOKUP($A12,[6]HISTOJUIN23!$A$6:$BB$45,42,0),"ECHEC") -> BANQUE | I12: =VLOOKUP($A12,[6]HISTOJUIN23!$A$6:$BB$45,41,0) -> 0 | J12: =TONTMAI23!F12+TONTMAI23!G12 -> 0 | K12: =VLOOKUP($A12,[6]HISTOJUIN23!$A$6:$BB$45,18,0) -> 0 | L12: =IF(K12<>0,VLOOKUP($A12,[6]HISTOJUIN23!$A$6:$BB$45,42,0),"ECHEC") -> ECHEC | M12: =IF(P12<>0,VLOOKUP($A12,[6]HISTOJUIN23!$A$6:$BB$45,32,0),"ECHEC") -> ECHEC | N12: =VLOOKUP($A12,[6]HISTOJUIN23!$A$6:$BB$45,33,0) -> 0 | O12: =IF(P12=0,0,($C$3-P12)) -> 0 | P12: =VLOOKUP($A12,[6]HISTOJUIN23!$A$6:$BB$45,31,0) -> 0
A13: AS201622 | B13: =IF(D13=0,0,VLOOKUP($A13,[6]HISTOJUIN23!$A$6:$BQ$45,14,0)) -> 2 | C13: =VLOOKUP(A13,[7]LISTADHERENT!A$5:H$60,3,0) -> NDJOMO ETIENNE | D13: =IF(E13="ECHEC",0,VLOOKUP($A13,[6]HISTOJUIN23!$A$6:$BB$45,15,0)) -> 200000 | E13: =VLOOKUP($A13,[6]HISTOJUIN23!$A$6:$BB$45,8,0) -> BANQUE | F13: =VLOOKUP($A13,[6]HISTOJUIN23!$A$6:$BB$45,37,0) -> 200000 | G13: =VLOOKUP($A13,[6]HISTOJUIN23!$A$6:$BB$45,40,0) -> 2000 | H13: =IF(F13<>0,VLOOKUP($A13,[6]HISTOJUIN23!$A$6:$BB$45,42,0),"ECHEC") -> BANQUE | I13: =VLOOKUP($A13,[6]HISTOJUIN23!$A$6:$BB$45,41,0) -> 0 | J13: =TONTMAI23!F13+TONTMAI23!G13 -> 202000 | K13: =VLOOKUP($A13,[6]HISTOJUIN23!$A$6:$BB$45,18,0) -> 202000 | L13: =IF(K13<>0,VLOOKUP($A13,[6]HISTOJUIN23!$A$6:$BB$45,42,0),"ECHEC") -> BANQUE | M13: =IF(P13<>0,VLOOKUP($A13,[6]HISTOJUIN23!$A$6:$BB$45,32,0),"ECHEC") -> BANQUE | N13: =VLOOKUP($A13,[6]HISTOJUIN23!$A$6:$BB$45,33,0) -> 0 | O13: =IF(P13=0,0,($C$3-P13)) -> 1190000 | P13: =VLOOKUP($A13,[6]HISTOJUIN23!$A$6:$BB$45,31,0) -> 10000
A14: AS201624 | B14: =IF(D14=0,0,VLOOKUP($A14,[6]HISTOJUIN23!$A$6:$BQ$45,14,0)) -> 1 | C14: =VLOOKUP(A14,[7]LISTADHERENT!A$5:H$60,3,0) -> NGONDIEP CLAUDE | D14: =IF(E14="ECHEC",0,VLOOKUP($A14,[6]HISTOJUIN23!$A$6:$BB$45,15,0)) -> 100000 | E14: =VLOOKUP($A14,[6]HISTOJUIN23!$A$6:$BB$45,8,0) -> BANQUE | F14: =VLOOKUP($A14,[6]HISTOJUIN23!$A$6:$BB$45,37,0) -> 0 | G14: =VLOOKUP($A14,[6]HISTOJUIN23!$A$6:$BB$45,40,0) -> 0 | H14: =IF(F14<>0,VLOOKUP($A14,[6]HISTOJUIN23!$A$6:$BB$45,42,0),"ECHEC") -> ECHEC | I14: =VLOOKUP($A14,[6]HISTOJUIN23!$A$6:$BB$45,41,0) -> 0 | J14: =TONTMAI23!F14+TONTMAI23!G14 -> 0 | K14: =VLOOKUP($A14,[6]HISTOJUIN23!$A$6:$BB$45,18,0) -> 0 | L14: =IF(K14<>0,VLOOKUP($A14,[6]HISTOJUIN23!$A$6:$BB$45,42,0),"ECHEC") -> ECHEC | M14: =IF(P14<>0,VLOOKUP($A14,[6]HISTOJUIN23!$A$6:$BB$45,32,0),"ECHEC") -> ECHEC | N14: =VLOOKUP($A14,[6]HISTOJUIN23!$A$6:$BB$45,33,0) -> 0 | O14: =IF(P14=0,0,($C$3-P14)) -> 0 | P14: =VLOOKUP($A14,[6]HISTOJUIN23!$A$6:$BB$45,31,0) -> 0
A15: AS201626 | B15: =IF(D15=0,0,VLOOKUP($A15,[6]HISTOJUIN23!$A$6:$BQ$45,14,0)) -> 1 | C15: =VLOOKUP(A15,[7]LISTADHERENT!A$5:H$60,3,0) -> NGUIEMEGNI MATHIEU BLAISE | D15: =IF(E15="ECHEC",0,VLOOKUP($A15,[6]HISTOJUIN23!$A$6:$BB$45,15,0)) -> 100000 | E15: =VLOOKUP($A15,[6]HISTOJUIN23!$A$6:$BB$45,8,0) -> BANQUE | F15: =VLOOKUP($A15,[6]HISTOJUIN23!$A$6:$BB$45,37,0) -> 0 | G15: =VLOOKUP($A15,[6]HISTOJUIN23!$A$6:$BB$45,40,0) -> 0 | H15: =IF(F15<>0,VLOOKUP($A15,[6]HISTOJUIN23!$A$6:$BB$45,42,0),"ECHEC") -> ECHEC | I15: =VLOOKUP($A15,[6]HISTOJUIN23!$A$6:$BB$45,41,0) -> 0 | J15: =TONTMAI23!F15+TONTMAI23!G15 -> 0 | K15: =VLOOKUP($A15,[6]HISTOJUIN23!$A$6:$BB$45,18,0) -> 0 | L15: =IF(K15<>0,VLOOKUP($A15,[6]HISTOJUIN23!$A$6:$BB$45,42,0),"ECHEC") -> ECHEC | M15: =IF(P15<>0,VLOOKUP($A15,[6]HISTOJUIN23!$A$6:$BB$45,32,0),"ECHEC") -> ECHEC | N15: =VLOOKUP($A15,[6]HISTOJUIN23!$A$6:$BB$45,33,0) -> 0 | O15: =IF(P15=0,0,($C$3-P15)) -> 0 | P15: =VLOOKUP($A15,[6]HISTOJUIN23!$A$6:$BB$45,31,0) -> 0
A16: AS201638 | B16: =IF(D16=0,0,VLOOKUP($A16,[6]HISTOJUIN23!$A$6:$BQ$45,14,0)) -> 1 | C16: =VLOOKUP(A16,[7]LISTADHERENT!A$5:H$60,3,0) -> SIMO PIERRE | D16: =IF(E16="ECHEC",0,VLOOKUP($A16,[6]HISTOJUIN23!$A$6:$BB$45,15,0)) -> 100000 | E16: =VLOOKUP($A16,[6]HISTOJUIN23!$A$6:$BB$45,8,0) -> BANQUE | F16: =VLOOKUP($A16,[6]HISTOJUIN23!$A$6:$BB$45,37,0) -> 0 | G16: =VLOOKUP($A16,[6]HISTOJUIN23!$A$6:$BB$45,40,0) -> 0 | H16: =IF(F16<>0,VLOOKUP($A16,[6]HISTOJUIN23!$A$6:$BB$45,42,0),"ECHEC") -> ECHEC | I16: =VLOOKUP($A16,[6]HISTOJUIN23!$A$6:$BB$45,41,0) -> 0 | J16: =TONTMAI23!F16+TONTMAI23!G16 -> 0 | K16: =VLOOKUP($A16,[6]HISTOJUIN23!$A$6:$BB$45,18,0) -> 0 | L16: =IF(K16<>0,VLOOKUP($A16,[6]HISTOJUIN23!$A$6:$BB$45,42,0),"ECHEC") -> ECHEC | M16: =IF(P16<>0,VLOOKUP($A16,[6]HISTOJUIN23!$A$6:$BB$45,32,0),"ECHEC") -> ECHEC | N16: =VLOOKUP($A16,[6]HISTOJUIN23!$A$6:$BB$45,33,0) -> 0 | O16: =IF(P16=0,0,($C$3-P16)) -> 0 | P16: =VLOOKUP($A16,[6]HISTOJUIN23!$A$6:$BB$45,31,0) -> 0
A17: AS201647 | B17: =IF(D17=0,0,VLOOKUP($A17,[6]HISTOJUIN23!$A$6:$BQ$45,14,0)) -> 1 | C17: =VLOOKUP(A17,[7]LISTADHERENT!A$5:H$60,3,0) -> YOUMBI EMMANUEL | D17: =IF(E17="ECHEC",0,VLOOKUP($A17,[6]HISTOJUIN23!$A$6:$BB$45,15,0)) -> 100000 | E17: =VLOOKUP($A17,[6]HISTOJUIN23!$A$6:$BB$45,8,0) -> BANQUE | F17: =VLOOKUP($A17,[6]HISTOJUIN23!$A$6:$BB$45,37,0) -> 0 | G17: =VLOOKUP($A17,[6]HISTOJUIN23!$A$6:$BB$45,40,0) -> 0 | H17: =IF(F17<>0,VLOOKUP($A17,[6]HISTOJUIN23!$A$6:$BB$45,42,0),"ECHEC") -> ECHEC | I17: =VLOOKUP($A17,[6]HISTOJUIN23!$A$6:$BB$45,41,0) -> 0 | J17: =TONTMAI23!F17+TONTMAI23!G17 -> 0 | K17: =VLOOKUP($A17,[6]HISTOJUIN23!$A$6:$BB$45,18,0) -> 0 | L17: =IF(K17<>0,VLOOKUP($A17,[6]HISTOJUIN23!$A$6:$BB$45,42,0),"ECHEC") -> ECHEC | M17: =IF(P17<>0,VLOOKUP($A17,[6]HISTOJUIN23!$A$6:$BB$45,32,0),"ECHEC") -> BANQUE | N17: =VLOOKUP($A17,[6]HISTOJUIN23!$A$6:$BB$45,33,0) -> 0 | O17: =IF(P17=0,0,($C$3-P17)) -> 1190000 | P17: =VLOOKUP($A17,[6]HISTOJUIN23!$A$6:$BB$45,31,0) -> 10000
A19: TOTAL PART | B19: =SUM(B6:B18) -> 14
A20: NBRE ADHERENT | B20: =+COUNT(D6:D18) -> 12 | D20: =SUM(D6:D18) -> 1400000 | F20: =SUM(F6:F18) -> 584000 | G20: =SUM(G6:G18) -> 5500 | I20: =SUM(I6:I18) -> 0 | J20: =SUM(J6:J18) -> 455000 | K20: =SUM(K6:K18) -> 455000 | N20: =SUM(N6:N18) -> 0 | O20: =SUM(O6:O18) -> 2380000 | P20: =SUM(P6:P18) -> 20000
M21: NBRE PART | N21: PART VENDUE
D22: MONTANT TONTINE | E22: REMBOURSEMENT PETIT LOT | F22: VENTE PETIT LOT | G22: VENTE LOT PRINCIPAL | H22: SOLDE EN CAISSE | K22: TONTINE + REMB + INTERET VENTE | L22: =D26+E26+P20+TONTMAI23!N27 -> 2934000
C23: ESPECES | D23: =SUMIFS(D6:D18,E6:E18,"ESPECES") -> 0 | E23: =SUMIFS(K6:K18,L6:L18,"ESPECES") -> 0 | F23: =SUMIFS(F6:F18,H6:H18,"ESPECES") -> 0 | G23: =SUMIFS(O6:O18,M6:M18,"ESPECES") -> 0 | H23: =D23+E23-F23-G23 -> 0 | K23: LOT PRINCIPAL | L23: =C3*COUNTIF(O6:O18,">0") -> 2400000 | M23: =D3 -> 2 | N23: =COUNTIF(O8:O17,">0") -> 2
C24: BANQUE | D24: =SUMIFS(D6:D18,E6:E18,"BANQUE") -> 1400000 | E24: =SUMIFS(K6:K18,L6:L18,"BANQUE") -> 455000 | F24: =SUMIFS(F6:F18,H6:H18,"BANQUE") -> 584000 | G24: =SUMIFS(O6:O18,M6:M18,"BANQUE") -> 2380000 | H24: =D24+E24-F24-G24 -> -1109000
K25: PETIT LOT | L25: =L22-L23 -> 534000
C26: TOTAL | D26: =D23+D24 -> 1400000 | E26: =E23+E24 -> 455000 | F26: =F23+F24 -> 584000 | G26: =G23+G24 -> 2380000 | H26: =H23+H24 -> -1109000
K27: RELIQUAT | L27: =L25-F20 -> -50000 | N27: =TONTJUIN23!L27 -> -50000 | O27: CUMUL
K29: ECHEC TONTINE MOIS | L29: =COUNTIFS(E6:E24,"ECHEC")*100000 -> 0 | N29: =TONTMAI23!N29+TONTJUIN23!L29 -> 0 | O29: CUMUL
K30: ECHEC REMBOURSEMENT MOIS | L30: =J20-E26 -> 0 | N30: =TONTAVRIL23!N30+TONTMAI23!L30 -> 0 | O30: CUMUL

Sheet TONTJUIL23
A1: ASSOCIATION | B1: ASELBY
A2: ANNEE | B2: 2023 | C2: TONIINE | D2: NBRE PART
A3: TAUX TONTINE | B3: 100000 | C3: =B3*12 -> 1200000 | D3: =ROUNDDOWN(L22/C3,0) -> 1
C4: 45120
A5: MATRICULE | B5: NBREPART | C5: NOM ET PRENOM | D5: MONTANT TONTINE | E5: MODE VERSEMENT | F5: VENTE PETIT LOT | G5: INTERET PETIT LOT | H5: MODE VERSEMENT VENTE PETIT LOT | I5: NUMERO CHEQUE | J5: MONTANT A REMBOURSER PETIT LOT | K5: REMBOURSEMENT PETIT LOT | L5: MODE VERSEMENT REMBOURSEMENT | M5: MODE VERSEMENTLOT PRINCIPAL | N5: NUMERO CHEQUE | O5: MONTANT LOT PRINCIPAL | P5: INTERET LOT PRINCIPAL
A6: AS201648 | B6: =IF(D6=0,0,VLOOKUP($A6,[6]HISTOJUIL23!$A$6:$BQ$45,14,0)) -> 1 | C6: =VLOOKUP(A6,[7]LISTADHERENT!A$5:H$60,3,0) -> ASELBY | D6: =IF(E6="ECHEC",0,VLOOKUP($A6,[6]HISTOJUIL23!$A$6:$BB$45,15,0)) -> 100000 | E6: =VLOOKUP($A6,[6]HISTOJUIL23!$A$6:$BB$45,8,0) -> BANQUE | F6: =VLOOKUP($A6,[6]HISTOJUIL23!$A$6:$BB$45,37,0) -> 0 | G6: =VLOOKUP($A6,[6]HISTOJUIL23!$A$6:$BB$45,40,0) -> 0 | H6: =IF(F6<>0,VLOOKUP($A6,[6]HISTOJUIL23!$A$6:$BB$45,42,0),"ECHEC") -> ECHEC | I6: =VLOOKUP($A6,[6]HISTOJUIL23!$A$6:$BB$45,41,0) -> 0 | J6: =TONTJUIN23!F6+TONTJUIN23!G6 -> 0 | K6: =VLOOKUP($A6,[6]HISTOJUIL23!$A$6:$BB$45,18,0) -> 0 | L6: =IF(K6<>0,VLOOKUP($A6,[6]HISTOJUIL23!$A$6:$BB$45,42,0),"ECHEC") -> ECHEC | M6: =IF(P6<>0,VLOOKUP($A6,[6]HISTOJUIL23!$A$6:$BB$45,32,0),"ECHEC") -> ECHEC | N6: =VLOOKUP($A6,[6]HISTOJUIL23!$A$6:$BB$45,33,0) -> 0 | O6: =IF(P6=0,0,($C$3-P6)) -> 0 | P6: =VLOOKUP($A6,[6]HISTOJUIL23!$A$6:$BB$45,31,0) -> 0
A7: AS201604 | B7: =IF(D7=0,0,VLOOKUP($A7,[6]HISTOJUIL23!$A$6:$BQ$45,14,0)) -> 1 | C7: =VLOOKUP(A7,[7]LISTADHERENT!A$5:H$60,3,0) -> DJOMO JEAN PAUL | D7: =IF(E7="ECHEC",0,VLOOKUP($A7,[6]HISTOJUIL23!$A$6:$BB$45,15,0)) -> 100000 | E7: =VLOOKUP($A7,[6]HISTOJUIL23!$A$6:$BB$45,8,0) -> BANQUE | F7: =VLOOKUP($A7,[6]HISTOJUIL23!$A$6:$BB$45,37,0) -> 200000 | G7: =VLOOKUP($A7,[6]HISTOJUIL23!$A$6:$BB$45,40,0) -> 2000 | H7: =IF(F7<>0,VLOOKUP($A7,[6]HISTOJUIL23!$A$6:$BB$45,42,0),"ECHEC") -> BANQUE | I7: =VLOOKUP($A7,[6]HISTOJUIL23!$A$6:$BB$45,41,0) -> 0 | J7: =TONTJUIN23!F7+TONTJUIN23!G7 -> 185500 | K7: =VLOOKUP($A7,[6]HISTOJUIL23!$A$6:$BB$45,18,0) -> 185500 | L7: =IF(K7<>0,VLOOKUP($A7,[6]HISTOJUIL23!$A$6:$BB$45,42,0),"ECHEC") -> BANQUE | M7: =IF(P7<>0,VLOOKUP($A7,[6]HISTOJUIL23!$A$6:$BB$45,32,0),"ECHEC") -> ECHEC | N7: =VLOOKUP($A7,[6]HISTOJUIL23!$A$6:$BB$45,33,0) -> 0 | O7: =IF(P7=0,0,($C$3-P7)) -> 0 | P7: =VLOOKUP($A7,[6]HISTOJUIL23!$A$6:$BB$45,31,0) -> 0
A8: AS201608 | B8: =IF(D8=0,0,VLOOKUP($A8,[6]HISTOJUIL23!$A$6:$BQ$45,14,0)) -> 2 | C8: =VLOOKUP(A8,[7]LISTADHERENT!A$5:H$60,3,0) -> DJUOMBESSY ANTOINE | D8: =IF(E8="ECHEC",0,VLOOKUP($A8,[6]HISTOJUIL23!$A$6:$BB$45,15,0)) -> 200000 | E8: =VLOOKUP($A8,[6]HISTOJUIL23!$A$6:$BB$45,8,0) -> BANQUE | F8: =VLOOKUP($A8,[6]HISTOJUIL23!$A$6:$BB$45,37,0) -> 0 | G8: =VLOOKUP($A8,[6]HISTOJUIL23!$A$6:$BB$45,40,0) -> 0 | H8: =IF(F8<>0,VLOOKUP($A8,[6]HISTOJUIL23!$A$6:$BB$45,42,0),"ECHEC") -> ECHEC | I8: =VLOOKUP($A8,[6]HISTOJUIL23!$A$6:$BB$45,41,0) -> 0 | J8: =TONTJUIN23!F8+TONTJUIN23!G8 -> 0 | K8: =VLOOKUP($A8,[6]HISTOJUIL23!$A$6:$BB$45,18,0) -> 0 | L8: =IF(K8<>0,VLOOKUP($A8,[6]HISTOJUIL23!$A$6:$BB$45,42,0),"ECHEC") -> ECHEC | M8: =IF(P8<>0,VLOOKUP($A8,[6]HISTOJUIL23!$A$6:$BB$45,32,0),"ECHEC") -> ECHEC | N8: =VLOOKUP($A8,[6]HISTOJUIL23!$A$6:$BB$45,33,0) -> 0 | O8: =IF(P8=0,0,($C$3-P8)) -> 0 | P8: =VLOOKUP($A8,[6]HISTOJUIL23!$A$6:$BB$45,31,0) -> 0
A9: AS201613 | B9: =IF(D9=0,0,VLOOKUP($A9,[6]HISTOJUIL23!$A$6:$BQ$45,14,0)) -> 1 | C9: =VLOOKUP(A9,[7]LISTADHERENT!A$5:H$60,3,0) -> HOTCHO BENJAMIN | D9: =IF(E9="ECHEC",0,VLOOKUP($A9,[6]HISTOJUIL23!$A$6:$BB$45,15,0)) -> 100000 | E9: =VLOOKUP($A9,[6]HISTOJUIL23!$A$6:$BB$45,8,0) -> BANQUE | F9: =VLOOKUP($A9,[6]HISTOJUIL23!$A$6:$BB$45,37,0) -> 0 | G9: =VLOOKUP($A9,[6]HISTOJUIL23!$A$6:$BB$45,40,0) -> 0 | H9: =IF(F9<>0,VLOOKUP($A9,[6]HISTOJUIL23!$A$6:$BB$45,42,0),"ECHEC") -> ECHEC | I9: =VLOOKUP($A9,[6]HISTOJUIL23!$A$6:$BB$45,41,0) -> 0 | J9: =TONTJUIN23!F9+TONTJUIN23!G9 -> 0 | K9: =VLOOKUP($A9,[6]HISTOJUIL23!$A$6:$BB$45,18,0) -> 0 | L9: =IF(K9<>0,VLOOKUP($A9,[6]HISTOJUIL23!$A$6:$BB$45,42,0),"ECHEC") -> ECHEC | M9: =IF(P9<>0,VLOOKUP($A9,[6]HISTOJUIL23!$A$6:$BB$45,32,0),"ECHEC") -> ECHEC | N9: =VLOOKUP($A9,[6]HISTOJUIL23!$A$6:$BB$45,33,0) -> 0 | O9: =IF(P9=0,0,($C$3-P9)) -> 0 | P9: =VLOOKUP($A9,[6]HISTOJUIL23!$A$6:$BB$45,31,0) -> 0
A10: AS201617 | B10: =IF(D10=0,0,VLOOKUP($A10,[6]HISTOJUIL23!$A$6:$BQ$45,14,0)) -> 1 | C10: =VLOOKUP(A10,[7]LISTADHERENT!A$5:H$60,3,0) -> KOUAMOU MOISE | D10: =IF(E10="ECHEC",0,VLOOKUP($A10,[6]HISTOJUIL23!$A$6:$BB$45,15,0)) -> 100000 | E10: =VLOOKUP($A10,[6]HISTOJUIL23!$A$6:$BB$45,8,0) -> BANQUE | F10: =VLOOKUP($A10,[6]HISTOJUIL23!$A$6:$BB$45,37,0) -> 100000 | G10: =VLOOKUP($A10,[6]HISTOJUIL23!$A$6:$BB$45,40,0) -> 1000 | H10: =IF(F10<>0,VLOOKUP($A10,[6]HISTOJUIL23!$A$6:$BB$45,42,0),"ECHEC") -> BANQUE | I10: =VLOOKUP($A10,[6]HISTOJUIL23!$A$6:$BB$45,41,0) -> 0 | J10: =TONTJUIN23!F10+TONTJUIN23!G10 -> 0 | K10: =VLOOKUP($A10,[6]HISTOJUIL23!$A$6:$BB$45,18,0) -> 0 | L10: =IF(K10<>0,VLOOKUP($A10,[6]HISTOJUIL23!$A$6:$BB$45,42,0),"ECHEC") -> ECHEC | M10: =IF(P10<>0,VLOOKUP($A10,[6]HISTOJUIL23!$A$6:$BB$45,32,0),"ECHEC") -> ECHEC | N10: =VLOOKUP($A10,[6]HISTOJUIL23!$A$6:$BB$45,33,0) -> 0 | O10: =IF(P10=0,0,($C$3-P10)) -> 0 | P10: =VLOOKUP($A10,[6]HISTOJUIL23!$A$6:$BB$45,31,0) -> 0
A11: AS201619 | B11: =IF(D11=0,0,VLOOKUP($A11,[6]HISTOJUIL23!$A$6:$BQ$45,14,0)) -> 1 | C11: =VLOOKUP(A11,[7]LISTADHERENT!A$5:H$60,3,0) -> KOUATCHO MESSACK | D11: =IF(E11="ECHEC",0,VLOOKUP($A11,[6]HISTOJUIL23!$A$6:$BB$45,15,0)) -> 100000 | E11: =VLOOKUP($A11,[6]HISTOJUIL23!$A$6:$BB$45,8,0) -> BANQUE | F11: =VLOOKUP($A11,[6]HISTOJUIL23!$A$6:$BB$45,37,0) -> 0 | G11: =VLOOKUP($A11,[6]HISTOJUIL23!$A$6:$BB$45,40,0) -> 0 | H11: =IF(F11<>0,VLOOKUP($A11,[6]HISTOJUIL23!$A$6:$BB$45,42,0),"ECHEC") -> ECHEC | I11: =VLOOKUP($A11,[6]HISTOJUIL23!$A$6:$BB$45,41,0) -> 0 | J11: =TONTJUIN23!F11+TONTJUIN23!G11 -> 0 | K11: =VLOOKUP($A11,[6]HISTOJUIL23!$A$6:$BB$45,18,0) -> 0 | L11: =IF(K11<>0,VLOOKUP($A11,[6]HISTOJUIL23!$A$6:$BB$45,42,0),"ECHEC") -> ECHEC | M11: =IF(P11<>0,VLOOKUP($A11,[6]HISTOJUIL23!$A$6:$BB$45,32,0),"ECHEC") -> ECHEC | N11: =VLOOKUP($A11,[6]HISTOJUIL23!$A$6:$BB$45,33,0) -> 0 | O11: =IF(P11=0,0,($C$3-P11)) -> 0 | P11: =VLOOKUP($A11,[6]HISTOJUIL23!$A$6:$BB$45,31,0) -> 0
A12: AS201649 | B12: =IF(D12=0,0,VLOOKUP($A12,[6]HISTOJUIL23!$A$6:$BQ$45,14,0)) -> 1 | C12: =VLOOKUP(A12,[7]LISTADHERENT!A$5:H$60,3,0) -> MBOGNING TUGMA GUY | D12: =IF(E12="ECHEC",0,VLOOKUP($A12,[6]HISTOJUIL23!$A$6:$BB$45,15,0)) -> 100000 | E12: =VLOOKUP($A12,[6]HISTOJUIL23!$A$6:$BB$45,8,0) -> BANQUE | F12: =VLOOKUP($A12,[6]HISTOJUIL23!$A$6:$BB$45,37,0) -> 289500 | G12: =VLOOKUP($A12,[6]HISTOJUIL23!$A$6:$BB$45,40,0) -> 2000 | H12: =IF(F12<>0,VLOOKUP($A12,[6]HISTOJUIL23!$A$6:$BB$45,42,0),"ECHEC") -> BANQUE | I12: =VLOOKUP($A12,[6]HISTOJUIL23!$A$6:$BB$45,41,0) -> 0 | J12: =TONTJUIN23!F12+TONTJUIN23!G12 -> 202000 | K12: =VLOOKUP($A12,[6]HISTOJUIL23!$A$6:$BB$45,18,0) -> 202000 | L12: =IF(K12<>0,VLOOKUP($A12,[6]HISTOJUIL23!$A$6:$BB$45,42,0),"ECHEC") -> BANQUE | M12: =IF(P12<>0,VLOOKUP($A12,[6]HISTOJUIL23!$A$6:$BB$45,32,0),"ECHEC") -> ECHEC | N12: =VLOOKUP($A12,[6]HISTOJUIL23!$A$6:$BB$45,33,0) -> 0 | O12: =IF(P12=0,0,($C$3-P12)) -> 0 | P12: =VLOOKUP($A12,[6]HISTOJUIL23!$A$6:$BB$45,31,0) -> 0
A13: AS201622 | B13: =IF(D13=0,0,VLOOKUP($A13,[6]HISTOJUIL23!$A$6:$BQ$45,14,0)) -> 2 | C13: =VLOOKUP(A13,[7]LISTADHERENT!A$5:H$60,3,0) -> NDJOMO ETIENNE | D13: =IF(E13="ECHEC",0,VLOOKUP($A13,[6]HISTOJUIL23!$A$6:$BB$45,15,0)) -> 200000 | E13: =VLOOKUP($A13,[6]HISTOJUIL23!$A$6:$BB$45,8,0) -> BANQUE | F13: =VLOOKUP($A13,[6]HISTOJUIL23!$A$6:$BB$45,37,0) -> 0 | G13: =VLOOKUP($A13,[6]HISTOJUIL23!$A$6:$BB$45,40,0) -> 0 | H13: =IF(F13<>0,VLOOKUP($A13,[6]HISTOJUIL23!$A$6:$BB$45,42,0),"ECHEC") -> ECHEC | I13: =VLOOKUP($A13,[6]HISTOJUIL23!$A$6:$BB$45,41,0) -> 0 | J13: =TONTJUIN23!F13+TONTJUIN23!G13 -> 202000 | K13: =VLOOKUP($A13,[6]HISTOJUIL23!$A$6:$BB$45,18,0) -> 202000 | L13: =IF(K13<>0,VLOOKUP($A13,[6]HISTOJUIL23!$A$6:$BB$45,42,0),"ECHEC") -> BANQUE | M13: =IF(P13<>0,VLOOKUP($A13,[6]HISTOJUIL23!$A$6:$BB$45,32,0),"ECHEC") -> ECHEC | N13: =VLOOKUP($A13,[6]HISTOJUIL23!$A$6:$BB$45,33,0) -> 0 | O13: =IF(P13=0,0,($C$3-P13)) -> 0 | P13: =VLOOKUP($A13,[6]HISTOJUIL23!$A$6:$BB$45,31,0) -> 0
A14: AS201624 | B14: =IF(D14=0,0,VLOOKUP($A14,[6]HISTOJUIL23!$A$6:$BQ$45,14,0)) -> 1 | C14: =VLOOKUP(A14,[7]LISTADHERENT!A$5:H$60,3,0) -> NGONDIEP CLAUDE | D14: =IF(E14="ECHEC",0,VLOOKUP($A14,[6]HISTOJUIL23!$A$6:$BB$45,15,0)) -> 100000 | E14: =VLOOKUP($A14,[6]HISTOJUIL23!$A$6:$BB$45,8,0) -> BANQUE | F14: =VLOOKUP($A14,[6]HISTOJUIL23!$A$6:$BB$45,37,0) -> 100000 | G14: =VLOOKUP($A14,[6]HISTOJUIL23!$A$6:$BB$45,40,0) -> 1000 | H14: =IF(F14<>0,VLOOKUP($A14,[6]HISTOJUIL23!$A$6:$BB$45,42,0),"ECHEC") -> BANQUE | I14: =VLOOKUP($A14,[6]HISTOJUIL23!$A$6:$BB$45,41,0) -> 0 | J14: =TONTJUIN23!F14+TONTJUIN23!G14 -> 0 | K14: =VLOOKUP($A14,[6]HISTOJUIL23!$A$6:$BB$45,18,0) -> 0 | L14: =IF(K14<>0,VLOOKUP($A14,[6]HISTOJUIL23!$A$6:$BB$45,42,0),"ECHEC") -> ECHEC | M14: =IF(P14<>0,VLOOKUP($A14,[6]HISTOJUIL23!$A$6:$BB$45,32,0),"ECHEC") -> ECHEC | N14: =VLOOKUP($A14,[6]HISTOJUIL23!$A$6:$BB$45,33,0) -> 0 | O14: =IF(P14=0,0,($C$3-P14)) -> 0 | P14: =VLOOKUP($A14,[6]HISTOJUIL23!$A$6:$BB$45,31,0) -> 0
A15: AS201626 | B15: =IF(D15=0,0,VLOOKUP($A15,[6]HISTOJUIL23!$A$6:$BQ$45,14,0)) -> 1 | C15: =VLOOKUP(A15,[7]LISTADHERENT!A$5:H$60,3,0) -> NGUIEMEGNI MATHIEU BLAISE | D15: =IF(E15="ECHEC",0,VLOOKUP($A15,[6]HISTOJUIL23!$A$6:$BB$45,15,0)) -> 100000 | E15: =VLOOKUP($A15,[6]HISTOJUIL23!$A$6:$BB$45,8,0) -> BANQUE | F15: =VLOOKUP($A15,[6]HISTOJUIL23!$A$6:$BB$45,37,0) -> 100000 | G15: =VLOOKUP($A15,[6]HISTOJUIL23!$A$6:$BB$45,40,0) -> 1000 | H15: =IF(F15<>0,VLOOKUP($A15,[6]HISTOJUIL23!$A$6:$BB$45,42,0),"ECHEC") -> BANQUE | I15: =VLOOKUP($A15,[6]HISTOJUIL23!$A$6:$BB$45,41,0) -> 0 | J15: =TONTJUIN23!F15+TONTJUIN23!G15 -> 0 | K15: =VLOOKUP($A15,[6]HISTOJUIL23!$A$6:$BB$45,18,0) -> 0 | L15: =IF(K15<>0,VLOOKUP($A15,[6]HISTOJUIL23!$A$6:$BB$45,42,0),"ECHEC") -> ECHEC | M15: =IF(P15<>0,VLOOKUP($A15,[6]HISTOJUIL23!$A$6:$BB$45,32,0),"ECHEC") -> ECHEC | N15: =VLOOKUP($A15,[6]HISTOJUIL23!$A$6:$BB$45,33,0) -> 0 | O15: =IF(P15=0,0,($C$3-P15)) -> 0 | P15: =VLOOKUP($A15,[6]HISTOJUIL23!$A$6:$BB$45,31,0) -> 0
A16: AS201638 | B16: =IF(D16=0,0,VLOOKUP($A16,[6]HISTOJUIL23!$A$6:$BQ$45,14,0)) -> 1 | C16: =VLOOKUP(A16,[7]LISTADHERENT!A$5:H$60,3,0) -> SIMO PIERRE | D16: =IF(E16="ECHEC",0,VLOOKUP($A16,[6]HISTOJUIL23!$A$6:$BB$45,15,0)) -> 100000 | E16: =VLOOKUP($A16,[6]HISTOJUIL23!$A$6:$BB$45,8,0) -> BANQUE | F16: =VLOOKUP($A16,[6]HISTOJUIL23!$A$6:$BB$45,37,0) -> 0 | G16: =VLOOKUP($A16,[6]HISTOJUIL23!$A$6:$BB$45,40,0) -> 0 | H16: =IF(F16<>0,VLOOKUP($A16,[6]HISTOJUIL23!$A$6:$BB$45,42,0),"ECHEC") -> ECHEC | I16: =VLOOKUP($A16,[6]HISTOJUIL23!$A$6:$BB$45,41,0) -> 0 | J16: =TONTJUIN23!F16+TONTJUIN23!G16 -> 0 | K16: =VLOOKUP($A16,[6]HISTOJUIL23!$A$6:$BB$45,18,0) -> 0 | L16: =IF(K16<>0,VLOOKUP($A16,[6]HISTOJUIL23!$A$6:$BB$45,42,0),"ECHEC") -> ECHEC | M16: =IF(P16<>0,VLOOKUP($A16,[6]HISTOJUIL23!$A$6:$BB$45,32,0),"ECHEC") -> ECHEC | N16: =VLOOKUP($A16,[6]HISTOJUIL23!$A$6:$BB$45,33,0) -> 0 | O16: =IF(P16=0,0,($C$3-P16)) -> 0 | P16: =VLOOKUP($A16,[6]HISTOJUIL23!$A$6:$BB$45,31,0) -> 0
A17: AS201647 | B17: =IF(D17=0,0,VLOOKUP($A17,[6]HISTOJUIL23!$A$6:$BQ$45,14,0)) -> 1 | C17: =VLOOKUP(A17,[7]LISTADHERENT!A$5:H$60,3,0) -> YOUMBI EMMANUEL | D17: =IF(E17="ECHEC",0,VLOOKUP($A17,[6]HISTOJUIL23!$A$6:$BB$45,15,0)) -> 100000 | E17: =VLOOKUP($A17,[6]HISTOJUIL23!$A$6:$BB$45,8,0) -> BANQUE | F17: =VLOOKUP($A17,[6]HISTOJUIL23!$A$6:$BB$45,37,0) -> 0 | G17: =VLOOKUP($A17,[6]HISTOJUIL23!$A$6:$BB$45,40,0) -> 0 | H17: =IF(F17<>0,VLOOKUP($A17,[6]HISTOJUIL23!$A$6:$BB$45,42,0),"ECHEC") -> ECHEC | I17: =VLOOKUP($A17,[6]HISTOJUIL23!$A$6:$BB$45,41,0) -> 0 | J17: =TONTJUIN23!F17+TONTJUIN23!G17 -> 0 | K17: =VLOOKUP($A17,[6]HISTOJUIL23!$A$6:$BB$45,18,0) -> 0 | L17: =IF(K17<>0,VLOOKUP($A17,[6]HISTOJUIL23!$A$6:$BB$45,42,0),"ECHEC") -> ECHEC | M17: =IF(P17<>0,VLOOKUP($A17,[6]HISTOJUIL23!$A$6:$BB$45,32,0),"ECHEC") -> ECHEC | N17: =VLOOKUP($A17,[6]HISTOJUIL23!$A$6:$BB$45,33,0) -> 0 | O17: =IF(P17=0,0,($C$3-P17)) -> 0 | P17: =VLOOKUP($A17,[6]HISTOJUIL23!$A$6:$BB$45,31,0) -> 0
A19: TOTAL PART | B19: =SUM(B6:B18) -> 14
A20: NBRE ADHERENT | B20: =+COUNT(D6:D18) -> 12 | D20: =SUM(D6:D18) -> 1400000 | F20: =SUM(F6:F18) -> 789500 | G20: =SUM(G6:G18) -> 7000 | I20: =SUM(I6:I18) -> 0 | J20: =SUM(J6:J18) -> 589500 | K20: =SUM(K6:K18) -> 589500 | N20: =SUM(N6:N18) -> 0 | O20: =SUM(O6:O18) -> 0 | P20: =SUM(P6:P18) -> 0
M21: NBRE PART | N21: PART VENDUE
D22: MONTANT TONTINE | E22: REMBOURSEMENT PETIT LOT | F22: VENTE PETIT LOT | G22: VENTE LOT PRINCIPAL | H22: SOLDE EN CAISSE | K22: TONTINE + REMB + INTERET VENTE | L22: =D26+E26+P20+TONTJUIN23!N27 -> 1939500
C23: ESPECES | D23: =SUMIFS(D6:D18,E6:E18,"ESPECES") -> 0 | E23: =SUMIFS(K6:K18,L6:L18,"ESPECES") -> 0 | F23: =SUMIFS(F6:F18,H6:H18,"ESPECES") -> 0 | G23: =SUMIFS(O6:O18,M6:M18,"ESPECES") -> 0 | H23: =D23+E23-F23-G23 -> 0 | K23: LOT PRINCIPAL | L23: =C3*COUNTIF(O6:O18,">0") -> 0 | M23: =D3 -> 1 | N23: =COUNTIF(O8:O17,">0") -> 0
C24: BANQUE | D24: =SUMIFS(D6:D18,E6:E18,"BANQUE") -> 1400000 | E24: =SUMIFS(K6:K18,L6:L18,"BANQUE") -> 589500 | F24: =SUMIFS(F6:F18,H6:H18,"BANQUE") -> 789500 | G24: =SUMIFS(O6:O18,M6:M18,"BANQUE") -> 0 | H24: =D24+E24-F24-G24 -> 1200000
K25: PETIT LOT | L25: =L22-L23 -> 1939500
C26: TOTAL | D26: =D23+D24 -> 1400000 | E26: =E23+E24 -> 589500 | F26: =F23+F24 -> 789500 | G26: =G23+G24 -> 0 | H26: =H23+H24 -> 1200000
K27: RELIQUAT | L27: =L25-F20 -> 1150000 | N27: =TONTJUIL23!L27 -> 1150000 | O27: CUMUL
K29: ECHEC TONTINE MOIS | L29: =COUNTIFS(E6:E24,"ECHEC")*100000 -> 0 | N29: =TONTJUIN23!N29+TONTJUIL23!L29 -> 0 | O29: CUMUL
K30: ECHEC REMBOURSEMENT MOIS | L30: =J20-E26 -> 0 | N30: =TONTJUIN23!N30+TONTJUIL23!L30 -> 0 | O30: CUMUL

Sheet TONTAOUT23
A1: ASSOCIATION | B1: ASELBY
A2: ANNEE | B2: 2023 | C2: TONIINE | D2: NBRE PART
A3: TAUX TONTINE | B3: 100000 | C3: =B3*12 -> 1200000 | D3: =ROUNDDOWN(L22/C3,0) -> 2
C4: 45151
A5: MATRICULE | B5: NBREPART | C5: NOM ET PRENOM | D5: MONTANT TONTINE | E5: MODE VERSEMENT | F5: VENTE PETIT LOT | G5: INTERET PETIT LOT | H5: MODE VERSEMENT VENTE PETIT LOT | I5: NUMERO CHEQUE | J5: MONTANT A REMBOURSER PETIT LOT | K5: REMBOURSEMENT PETIT LOT | L5: MODE VERSEMENT REMBOURSEMENT | M5: MODE VERSEMENTLOT PRINCIPAL | N5: NUMERO CHEQUE | O5: MONTANT LOT PRINCIPAL | P5: INTERET LOT PRINCIPAL
A6: AS201648 | B6: =IF(D6=0,0,VLOOKUP($A6,[6]HISTOAOUT23!$A$6:$BQ$45,14,0)) -> 1 | C6: =VLOOKUP(A6,[7]LISTADHERENT!A$5:H$60,3,0) -> ASELBY | D6: =IF(E6="ECHEC",0,VLOOKUP($A6,[6]HISTOAOUT23!$A$6:$BB$45,15,0)) -> 100000 | E6: =VLOOKUP($A6,[6]HISTOAOUT23!$A$6:$BB$45,8,0) -> BANQUE | F6: =VLOOKUP($A6,[6]HISTOAOUT23!$A$6:$BB$45,37,0) -> 0 | G6: =VLOOKUP($A6,[6]HISTOAOUT23!$A$6:$BB$45,40,0) -> 0 | H6: =IF(F6<>0,VLOOKUP($A6,[6]HISTOAOUT23!$A$6:$BB$45,42,0),"ECHEC") -> ECHEC | I6: =VLOOKUP($A6,[6]HISTOAOUT23!$A$6:$BB$45,41,0) -> 0 | J6: =TONTJUIL23!F6+TONTJUIL23!G6 -> 0 | K6: =VLOOKUP($A6,[6]HISTOAOUT23!$A$6:$BB$45,18,0) -> 0 | L6: =IF(K6<>0,VLOOKUP($A6,[6]HISTOAOUT23!$A$6:$BB$45,42,0),"ECHEC") -> ECHEC | M6: =IF(P6<>0,VLOOKUP($A6,[6]HISTOAOUT23!$A$6:$BB$45,32,0),"ECHEC") -> ECHEC | N6: =VLOOKUP($A6,[6]HISTOAOUT23!$A$6:$BB$45,33,0) -> 0 | O6: =IF(P6=0,0,($C$3-P6)) -> 0 | P6: =VLOOKUP($A6,[6]HISTOAOUT23!$A$6:$BB$45,31,0) -> 0
A7: AS201604 | B7: =IF(D7=0,0,VLOOKUP($A7,[6]HISTOAOUT23!$A$6:$BQ$45,14,0)) -> 1 | C7: =VLOOKUP(A7,[7]LISTADHERENT!A$5:H$60,3,0) -> DJOMO JEAN PAUL | D7: =IF(E7="ECHEC",0,VLOOKUP($A7,[6]HISTOAOUT23!$A$6:$BB$45,15,0)) -> 100000 | E7: =VLOOKUP($A7,[6]HISTOAOUT23!$A$6:$BB$45,8,0) -> BANQUE | F7: =VLOOKUP($A7,[6]HISTOAOUT23!$A$6:$BB$45,37,0) -> 300000 | G7: =VLOOKUP($A7,[6]HISTOAOUT23!$A$6:$BB$45,40,0) -> 3000 | H7: =IF(F7<>0,VLOOKUP($A7,[6]HISTOAOUT23!$A$6:$BB$45,42,0),"ECHEC") -> BANQUE | I7: =VLOOKUP($A7,[6]HISTOAOUT23!$A$6:$BB$45,41,0) -> 0 | J7: =TONTJUIL23!F7+TONTJUIL23!G7 -> 202000 | K7: =VLOOKUP($A7,[6]HISTOAOUT23!$A$6:$BB$45,18,0) -> 202000 | L7: =IF(K7<>0,VLOOKUP($A7,[6]HISTOAOUT23!$A$6:$BB$45,42,0),"ECHEC") -> BANQUE | M7: =IF(P7<>0,VLOOKUP($A7,[6]HISTOAOUT23!$A$6:$BB$45,32,0),"ECHEC") -> ECHEC | N7: =VLOOKUP($A7,[6]HISTOAOUT23!$A$6:$BB$45,33,0) -> 0 | O7: =IF(P7=0,0,($C$3-P7)) -> 0 | P7: =VLOOKUP($A7,[6]HISTOAOUT23!$A$6:$BB$45,31,0) -> 0
A8: AS201608 | B8: =IF(D8=0,0,VLOOKUP($A8,[6]HISTOAOUT23!$A$6:$BQ$45,14,0)) -> 2 | C8: =VLOOKUP(A8,[7]LISTADHERENT!A$5:H$60,3,0) -> DJUOMBESSY ANTOINE | D8: =IF(E8="ECHEC",0,VLOOKUP($A8,[6]HISTOAOUT23!$A$6:$BB$45,15,0)) -> 200000 | E8: =VLOOKUP($A8,[6]HISTOAOUT23!$A$6:$BB$45,8,0) -> BANQUE | F8: =VLOOKUP($A8,[6]HISTOAOUT23!$A$6:$BB$45,37,0) -> 0 | G8: =VLOOKUP($A8,[6]HISTOAOUT23!$A$6:$BB$45,40,0) -> 0 | H8: =IF(F8<>0,VLOOKUP($A8,[6]HISTOAOUT23!$A$6:$BB$45,42,0),"ECHEC") -> ECHEC | I8: =VLOOKUP($A8,[6]HISTOAOUT23!$A$6:$BB$45,41,0) -> 0 | J8: =TONTJUIL23!F8+TONTJUIL23!G8 -> 0 | K8: =VLOOKUP($A8,[6]HISTOAOUT23!$A$6:$BB$45,18,0) -> 0 | L8: =IF(K8<>0,VLOOKUP($A8,[6]HISTOAOUT23!$A$6:$BB$45,42,0),"ECHEC") -> ECHEC | M8: =IF(P8<>0,VLOOKUP($A8,[6]HISTOAOUT23!$A$6:$BB$45,32,0),"ECHEC") -> BANQUE | N8: =VLOOKUP($A8,[6]HISTOAOUT23!$A$6:$BB$45,33,0) -> 0 | O8: =IF(P8=0,0,($C$3-P8)) -> 1190000 | P8: =VLOOKUP($A8,[6]HISTOAOUT23!$A$6:$BB$45,31,0) -> 10000
A9: AS201613 | B9: =IF(D9=0,0,VLOOKUP($A9,[6]HISTOAOUT23!$A$6:$BQ$45,14,0)) -> 1 | C9: =VLOOKUP(A9,[7]LISTADHERENT!A$5:H$60,3,0) -> HOTCHO BENJAMIN | D9: =IF(E9="ECHEC",0,VLOOKUP($A9,[6]HISTOAOUT23!$A$6:$BB$45,15,0)) -> 100000 | E9: =VLOOKUP($A9,[6]HISTOAOUT23!$A$6:$BB$45,8,0) -> BANQUE | F9: =VLOOKUP($A9,[6]HISTOAOUT23!$A$6:$BB$45,37,0) -> 0 | G9: =VLOOKUP($A9,[6]HISTOAOUT23!$A$6:$BB$45,40,0) -> 0 | H9: =IF(F9<>0,VLOOKUP($A9,[6]HISTOAOUT23!$A$6:$BB$45,42,0),"ECHEC") -> ECHEC | I9: =VLOOKUP($A9,[6]HISTOAOUT23!$A$6:$BB$45,41,0) -> 0 | J9: =TONTJUIL23!F9+TONTJUIL23!G9 -> 0 | K9: =VLOOKUP($A9,[6]HISTOAOUT23!$A$6:$BB$45,18,0) -> 0 | L9: =IF(K9<>0,VLOOKUP($A9,[6]HISTOAOUT23!$A$6:$BB$45,42,0),"ECHEC") -> ECHEC | M9: =IF(P9<>0,VLOOKUP($A9,[6]HISTOAOUT23!$A$6:$BB$45,32,0),"ECHEC") -> ECHEC | N9: =VLOOKUP($A9,[6]HISTOAOUT23!$A$6:$BB$45,33,0) -> 0 | O9: =IF(P9=0,0,($C$3-P9)) -> 0 | P9: =VLOOKUP($A9,[6]HISTOAOUT23!$A$6:$BB$45,31,0) -> 0
A10: AS201617 | B10: =IF(D10=0,0,VLOOKUP($A10,[6]HISTOAOUT23!$A$6:$BQ$45,14,0)) -> 1 | C10: =VLOOKUP(A10,[7]LISTADHERENT!A$5:H$60,3,0) -> KOUAMOU MOISE | D10: =IF(E10="ECHEC",0,VLOOKUP($A10,[6]HISTOAOUT23!$A$6:$BB$45,15,0)) -> 100000 | E10: =VLOOKUP($A10,[6]HISTOAOUT23!$A$6:$BB$45,8,0) -> BANQUE | F10: =VLOOKUP($A10,[6]HISTOAOUT23!$A$6:$BB$45,37,0) -> 0 | G10: =VLOOKUP($A10,[6]HISTOAOUT23!$A$6:$BB$45,40,0) -> 0 | H10: =IF(F10<>0,VLOOKUP($A10,[6]HISTOAOUT23!$A$6:$BB$45,42,0),"ECHEC") -> ECHEC | I10: =VLOOKUP($A10,[6]HISTOAOUT23!$A$6:$BB$45,41,0) -> 0 | J10: =TONTJUIL23!F10+TONTJUIL23!G10 -> 101000 | K10: =VLOOKUP($A10,[6]HISTOAOUT23!$A$6:$BB$45,18,0) -> 101000 | L10: =IF(K10<>0,VLOOKUP($A10,[6]HISTOAOUT23!$A$6:$BB$45,42,0),"ECHEC") -> BANQUE | M10: =IF(P10<>0,VLOOKUP($A10,[6]HISTOAOUT23!$A$6:$BB$45,32,0),"ECHEC") -> ECHEC | N10: =VLOOKUP($A10,[6]HISTOAOUT23!$A$6:$BB$45,33,0) -> 0 | O10: =IF(P10=0,0,($C$3-P10)) -> 0 | P10: =VLOOKUP($A10,[6]HISTOAOUT23!$A$6:$BB$45,31,0) -> 0
A11: AS201619 | B11: =IF(D11=0,0,VLOOKUP($A11,[6]HISTOAOUT23!$A$6:$BQ$45,14,0)) -> 1 | C11: =VLOOKUP(A11,[7]LISTADHERENT!A$5:H$60,3,0) -> KOUATCHO MESSACK | D11: =IF(E11="ECHEC",0,VLOOKUP($A11,[6]HISTOAOUT23!$A$6:$BB$45,15,0)) -> 100000 | E11: =VLOOKUP($A11,[6]HISTOAOUT23!$A$6:$BB$45,8,0) -> BANQUE | F11: =VLOOKUP($A11,[6]HISTOAOUT23!$A$6:$BB$45,37,0) -> 0 | G11: =VLOOKUP($A11,[6]HISTOAOUT23!$A$6:$BB$45,40,0) -> 0 | H11: =IF(F11<>0,VLOOKUP($A11,[6]HISTOAOUT23!$A$6:$BB$45,42,0),"ECHEC") -> ECHEC | I11: =VLOOKUP($A11,[6]HISTOAOUT23!$A$6:$BB$45,41,0) -> 0 | J11: =TONTJUIL23!F11+TONTJUIL23!G11 -> 0 | K11: =VLOOKUP($A11,[6]HISTOAOUT23!$A$6:$BB$45,18,0) -> 0 | L11: =IF(K11<>0,VLOOKUP($A11,[6]HISTOAOUT23!$A$6:$BB$45,42,0),"ECHEC") -> ECHEC | M11: =IF(P11<>0,VLOOKUP($A11,[6]HISTOAOUT23!$A$6:$BB$45,32,0),"ECHEC") -> ECHEC | N11: =VLOOKUP($A11,[6]HISTOAOUT23!$A$6:$BB$45,33,0) -> 0 | O11: =IF(P11=0,0,($C$3-P11)) -> 0 | P11: =VLOOKUP($A11,[6]HISTOAOUT23!$A$6:$BB$45,31,0) -> 0
A12: AS201649 | B12: =IF(D12=0,0,VLOOKUP($A12,[6]HISTOAOUT23!$A$6:$BQ$45,14,0)) -> 1 | C12: =VLOOKUP(A12,[7]LISTADHERENT!A$5:H$60,3,0) -> MBOGNING TUGMA GUY | D12: =IF(E12="ECHEC",0,VLOOKUP($A12,[6]HISTOAOUT23!$A$6:$BB$45,15,0)) -> 100000 | E12: =VLOOKUP($A12,[6]HISTOAOUT23!$A$6:$BB$45,8,0) -> BANQUE | F12: =VLOOKUP($A12,[6]HISTOAOUT23!$A$6:$BB$45,37,0) -> 100000 | G12: =VLOOKUP($A12,[6]HISTOAOUT23!$A$6:$BB$45,40,0) -> 1000 | H12: =IF(F12<>0,VLOOKUP($A12,[6]HISTOAOUT23!$A$6:$BB$45,42,0),"ECHEC") -> BANQUE | I12: =VLOOKUP($A12,[6]HISTOAOUT23!$A$6:$BB$45,41,0) -> 0 | J12: =TONTJUIL23!F12+TONTJUIL23!G12 -> 291500 | K12: =VLOOKUP($A12,[6]HISTOAOUT23!$A$6:$BB$45,18,0) -> 291500 | L12: =IF(K12<>0,VLOOKUP($A12,[6]HISTOAOUT23!$A$6:$BB$45,42,0),"ECHEC") -> BANQUE | M12: =IF(P12<>0,VLOOKUP($A12,[6]HISTOAOUT23!$A$6:$BB$45,32,0),"ECHEC") -> ECHEC | N12: =VLOOKUP($A12,[6]HISTOAOUT23!$A$6:$BB$45,33,0) -> 0 | O12: =IF(P12=0,0,($C$3-P12)) -> 0 | P12: =VLOOKUP($A12,[6]HISTOAOUT23!$A$6:$BB$45,31,0) -> 0
A13: AS201622 | B13: =IF(D13=0,0,VLOOKUP($A13,[6]HISTOAOUT23!$A$6:$BQ$45,14,0)) -> 2 | C13: =VLOOKUP(A13,[7]LISTADHERENT!A$5:H$60,3,0) -> NDJOMO ETIENNE | D13: =IF(E13="ECHEC",0,VLOOKUP($A13,[6]HISTOAOUT23!$A$6:$BB$45,15,0)) -> 200000 | E13: =VLOOKUP($A13,[6]HISTOAOUT23!$A$6:$BB$45,8,0) -> BANQUE | F13: =VLOOKUP($A13,[6]HISTOAOUT23!$A$6:$BB$45,37,0) -> 0 | G13: =VLOOKUP($A13,[6]HISTOAOUT23!$A$6:$BB$45,40,0) -> 0 | H13: =IF(F13<>0,VLOOKUP($A13,[6]HISTOAOUT23!$A$6:$BB$45,42,0),"ECHEC") -> ECHEC | I13: =VLOOKUP($A13,[6]HISTOAOUT23!$A$6:$BB$45,41,0) -> 0 | J13: =TONTJUIL23!F13+TONTJUIL23!G13 -> 0 | K13: =VLOOKUP($A13,[6]HISTOAOUT23!$A$6:$BB$45,18,0) -> 0 | L13: =IF(K13<>0,VLOOKUP($A13,[6]HISTOAOUT23!$A$6:$BB$45,42,0),"ECHEC") -> ECHEC | M13: =IF(P13<>0,VLOOKUP($A13,[6]HISTOAOUT23!$A$6:$BB$45,32,0),"ECHEC") -> BANQUE | N13: =VLOOKUP($A13,[6]HISTOAOUT23!$A$6:$BB$45,33,0) -> 0 | O13: =IF(P13=0,0,($C$3-P13)) -> 1190000 | P13: =VLOOKUP($A13,[6]HISTOAOUT23!$A$6:$BB$45,31,0) -> 10000
A14: AS201624 | B14: =IF(D14=0,0,VLOOKUP($A14,[6]HISTOAOUT23!$A$6:$BQ$45,14,0)) -> 1 | C14: =VLOOKUP(A14,[7]LISTADHERENT!A$5:H$60,3,0) -> NGONDIEP CLAUDE | D14: =IF(E14="ECHEC",0,VLOOKUP($A14,[6]HISTOAOUT23!$A$6:$BB$45,15,0)) -> 100000 | E14: =VLOOKUP($A14,[6]HISTOAOUT23!$A$6:$BB$45,8,0) -> BANQUE | H14: =IF(F14<>0,VLOOKUP($A14,[6]HISTOAOUT23!$A$6:$BB$45,42,0),"ECHEC") -> ECHEC | I14: =VLOOKUP($A14,[6]HISTOAOUT23!$A$6:$BB$45,41,0) -> 0 | J14: =TONTJUIL23!F14+TONTJUIL23!G14 -> 101000 | K14: =VLOOKUP($A14,[6]HISTOAOUT23!$A$6:$BB$45,18,0) -> 101000 | L14: =IF(K14<>0,VLOOKUP($A14,[6]HISTOAOUT23!$A$6:$BB$45,42,0),"ECHEC") -> BANQUE | M14: =IF(P14<>0,VLOOKUP($A14,[6]HISTOAOUT23!$A$6:$BB$45,32,0),"ECHEC") -> ECHEC | N14: =VLOOKUP($A14,[6]HISTOAOUT23!$A$6:$BB$45,33,0) -> 0 | O14: =IF(P14=0,0,($C$3-P14)) -> 0 | P14: =VLOOKUP($A14,[6]HISTOAOUT23!$A$6:$BB$45,31,0) -> 0
A15: AS201626 | B15: =IF(D15=0,0,VLOOKUP($A15,[6]HISTOAOUT23!$A$6:$BQ$45,14,0)) -> 1 | C15: =VLOOKUP(A15,[7]LISTADHERENT!A$5:H$60,3,0) -> NGUIEMEGNI MATHIEU BLAISE | D15: =IF(E15="ECHEC",0,VLOOKUP($A15,[6]HISTOAOUT23!$A$6:$BB$45,15,0)) -> 100000 | E15: =VLOOKUP($A15,[6]HISTOAOUT23!$A$6:$BB$45,8,0) -> BANQUE | F15: =VLOOKUP($A15,[6]HISTOAOUT23!$A$6:$BB$45,37,0) -> 0 | G15: =VLOOKUP($A15,[6]HISTOAOUT23!$A$6:$BB$45,40,0) -> 0 | H15: =IF(F15<>0,VLOOKUP($A15,[6]HISTOAOUT23!$A$6:$BB$45,42,0),"ECHEC") -> ECHEC | I15: =VLOOKUP($A15,[6]HISTOAOUT23!$A$6:$BB$45,41,0) -> 0 | J15: =TONTJUIL23!F15+TONTJUIL23!G15 -> 101000 | K15: =VLOOKUP($A15,[6]HISTOAOUT23!$A$6:$BB$45,18,0) -> 101000 | L15: =IF(K15<>0,VLOOKUP($A15,[6]HISTOAOUT23!$A$6:$BB$45,42,0),"ECHEC") -> BANQUE | M15: =IF(P15<>0,VLOOKUP($A15,[6]HISTOAOUT23!$A$6:$BB$45,32,0),"ECHEC") -> ECHEC | N15: =VLOOKUP($A15,[6]HISTOAOUT23!$A$6:$BB$45,33,0) -> 0 | O15: =IF(P15=0,0,($C$3-P15)) -> 0 | P15: =VLOOKUP($A15,[6]HISTOAOUT23!$A$6:$BB$45,31,0) -> 0
A16: AS201638 | B16: =IF(D16=0,0,VLOOKUP($A16,[6]HISTOAOUT23!$A$6:$BQ$45,14,0)) -> 1 | C16: =VLOOKUP(A16,[7]LISTADHERENT!A$5:H$60,3,0) -> SIMO PIERRE | D16: =IF(E16="ECHEC",0,VLOOKUP($A16,[6]HISTOAOUT23!$A$6:$BB$45,15,0)) -> 100000 | E16: =VLOOKUP($A16,[6]HISTOAOUT23!$A$6:$BB$45,8,0) -> BANQUE | F16: =VLOOKUP($A16,[6]HISTOAOUT23!$A$6:$BB$45,37,0) -> 0 | G16: =VLOOKUP($A16,[6]HISTOAOUT23!$A$6:$BB$45,40,0) -> 0 | H16: =IF(F16<>0,VLOOKUP($A16,[6]HISTOAOUT23!$A$6:$BB$45,42,0),"ECHEC") -> ECHEC | I16: =VLOOKUP($A16,[6]HISTOAOUT23!$A$6:$BB$45,41,0) -> 0 | J16: =TONTJUIL23!F16+TONTJUIL23!G16 -> 0 | K16: =VLOOKUP($A16,[6]HISTOAOUT23!$A$6:$BB$45,18,0) -> 0 | L16: =IF(K16<>0,VLOOKUP($A16,[6]HISTOAOUT23!$A$6:$BB$45,42,0),"ECHEC") -> ECHEC | M16: =IF(P16<>0,VLOOKUP($A16,[6]HISTOAOUT23!$A$6:$BB$45,32,0),"ECHEC") -> ECHEC | N16: =VLOOKUP($A16,[6]HISTOAOUT23!$A$6:$BB$45,33,0) -> 0 | O16: =IF(P16=0,0,($C$3-P16)) -> 0 | P16: =VLOOKUP($A16,[6]HISTOAOUT23!$A$6:$BB$45,31,0) -> 0
A17: AS201647 | B17: =IF(D17=0,0,VLOOKUP($A17,[6]HISTOAOUT23!$A$6:$BQ$45,14,0)) -> 1 | C17: =VLOOKUP(A17,[7]LISTADHERENT!A$5:H$60,3,0) -> YOUMBI EMMANUEL | D17: =IF(E17="ECHEC",0,VLOOKUP($A17,[6]HISTOAOUT23!$A$6:$BB$45,15,0)) -> 100000 | E17: =VLOOKUP($A17,[6]HISTOAOUT23!$A$6:$BB$45,8,0) -> BANQUE | F17: =VLOOKUP($A17,[6]HISTOAOUT23!$A$6:$BB$45,37,0) -> 0 | G17: =VLOOKUP($A17,[6]HISTOAOUT23!$A$6:$BB$45,40,0) -> 0 | H17: =IF(F17<>0,VLOOKUP($A17,[6]HISTOAOUT23!$A$6:$BB$45,42,0),"ECHEC") -> ECHEC | I17: =VLOOKUP($A17,[6]HISTOAOUT23!$A$6:$BB$45,41,0) -> 0 | J17: =TONTJUIL23!F17+TONTJUIL23!G17 -> 0 | K17: =VLOOKUP($A17,[6]HISTOAOUT23!$A$6:$BB$45,18,0) -> 0 | L17: =IF(K17<>0,VLOOKUP($A17,[6]HISTOAOUT23!$A$6:$BB$45,42,0),"ECHEC") -> ECHEC | M17: =IF(P17<>0,VLOOKUP($A17,[6]HISTOAOUT23!$A$6:$BB$45,32,0),"ECHEC") -> ECHEC | N17: =VLOOKUP($A17,[6]HISTOAOUT23!$A$6:$BB$45,33,0) -> 0 | O17: =IF(P17=0,0,($C$3-P17)) -> 0 | P17: =VLOOKUP($A17,[6]HISTOAOUT23!$A$6:$BB$45,31,0) -> 0
A19: TOTAL PART | B19: =SUM(B6:B18) -> 14
A20: NBRE ADHERENT | B20: =+COUNT(D6:D18) -> 12 | D20: =SUM(D6:D18) -> 1400000 | F20: =SUM(F6:F18) -> 400000 | G20: =SUM(G6:G18) -> 4000 | I20: =SUM(I6:I18) -> 0 | J20: =SUM(J6:J18) -> 796500 | K20: =SUM(K6:K18) -> 796500 | N20: =SUM(N6:N18) -> 0 | O20: =SUM(O6:O18) -> 2380000 | P20: =SUM(P6:P18) -> 20000
M21: NBRE PART | N21: PART VENDUE
D22: MONTANT TONTINE | E22: REMBOURSEMENT PETIT LOT | F22: VENTE PETIT LOT | G22: VENTE LOT PRINCIPAL | H22: SOLDE EN CAISSE | K22: TONTINE + REMB + INTERET VENTE | L22: =D26+E26+P20+TONTJUIL23!N27 -> 3366500
C23: ESPECES | D23: =SUMIFS(D6:D18,E6:E18,"ESPECES") -> 0 | E23: =SUMIFS(K6:K18,L6:L18,"ESPECES") -> 0 | F23: =SUMIFS(F6:F18,H6:H18,"ESPECES") -> 0 | G23: =SUMIFS(O6:O18,M6:M18,"ESPECES") -> 0 | H23: =D23+E23-F23-G23 -> 0 | K23: LOT PRINCIPAL | L23: =C3*COUNTIF(O6:O18,">0") -> 2400000 | M23: =D3 -> 2 | N23: =COUNTIF(O8:O17,">0") -> 2
C24: BANQUE | D24: =SUMIFS(D6:D18,E6:E18,"BANQUE") -> 1400000 | E24: =SUMIFS(K6:K18,L6:L18,"BANQUE") -> 796500 | F24: =SUMIFS(F6:F18,H6:H18,"BANQUE") -> 400000 | G24: =SUMIFS(O6:O18,M6:M18,"BANQUE") -> 2380000 | H24: =D24+E24-F24-G24 -> -583500
K25: PETIT LOT | L25: =L22-L23 -> 966500
C26: TOTAL | D26: =D23+D24 -> 1400000 | E26: =E23+E24 -> 796500 | F26: =F23+F24 -> 400000 | G26: =G23+G24 -> 2380000 | H26: =H23+H24 -> -583500
K27: RELIQUAT | L27: =L25-F20 -> 566500 | N27: =TONTAOUT23!L27 -> 566500 | O27: CUMUL
K29: ECHEC TONTINE MOIS | L29: =COUNTIFS(E6:E24,"ECHEC")*100000 -> 0 | N29: =TONTJUIL23!N29+TONTAOUT23!L29 -> 0 | O29: CUMUL
K30: ECHEC REMBOURSEMENT MOIS | L30: =J20-E26 -> 0 | N30: =TONTAVRIL23!N30+TONTMAI23!L30 -> 0 | O30: CUMUL

Sheet TONTSEPT23
A1: ASSOCIATION | B1: ASELBY
A2: ANNEE | B2: 2023 | C2: TONIINE | D2: NBRE PART
A3: TAUX TONTINE | B3: 100000 | C3: =B3*12 -> 1200000 | D3: =ROUNDDOWN(L22/C3,0) -> 1
C4: 45182
A5: MATRICULE | B5: NBREPART | C5: NOM ET PRENOM | D5: MONTANT TONTINE | E5: MODE VERSEMENT | F5: VENTE PETIT LOT | G5: INTERET PETIT LOT | H5: MODE VERSEMENT VENTE PETIT LOT | I5: NUMERO CHEQUE | J5: MONTANT A REMBOURSER PETIT LOT | K5: REMBOURSEMENT PETIT LOT | L5: MODE VERSEMENT REMBOURSEMENT | M5: MODE VERSEMENTLOT PRINCIPAL | N5: NUMERO CHEQUE | O5: MONTANT LOT PRINCIPAL | P5: INTERET LOT PRINCIPAL
A6: AS201648 | B6: =IF(D6=0,0,VLOOKUP($A6,[6]HISTOSEPT23!$A$6:$BQ$45,14,0)) -> 1 | C6: =VLOOKUP(A6,[7]LISTADHERENT!A$5:H$60,3,0) -> ASELBY | D6: =IF(E6="ECHEC",0,VLOOKUP($A6,[6]HISTOSEPT23!$A$6:$BB$45,15,0)) -> 100000 | E6: =VLOOKUP($A6,[6]HISTOSEPT23!$A$6:$BB$45,8,0) -> BANQUE | F6: =VLOOKUP($A6,[6]HISTOSEPT23!$A$6:$BB$45,37,0) -> 0 | G6: =VLOOKUP($A6,[6]HISTOSEPT23!$A$6:$BB$45,40,0) -> 0 | H6: =IF(F6<>0,VLOOKUP($A6,[6]HISTOSEPT23!$A$6:$BB$45,42,0),"ECHEC") -> ECHEC | I6: =VLOOKUP($A6,[6]HISTOSEPT23!$A$6:$BB$45,41,0) -> 0 | J6: =TONTAOUT23!F6+TONTAOUT23!G6 -> 0 | K6: =VLOOKUP($A6,[6]HISTOSEPT23!$A$6:$BB$45,18,0) -> 0 | L6: =IF(K6<>0,VLOOKUP($A6,[6]HISTOSEPT23!$A$6:$BB$45,42,0),"ECHEC") -> ECHEC | M6: =IF(P6<>0,VLOOKUP($A6,[6]HISTOSEPT23!$A$6:$BB$45,32,0),"ECHEC") -> ECHEC | N6: =VLOOKUP($A6,[6]HISTOSEPT23!$A$6:$BB$45,33,0) -> 0 | O6: =IF(P6=0,0,($C$3-P6)) -> 0 | P6: =VLOOKUP($A6,[6]HISTOSEPT23!$A$6:$BB$45,31,0) -> 0
A7: AS201604 | B7: =IF(D7=0,0,VLOOKUP($A7,[6]HISTOSEPT23!$A$6:$BQ$45,14,0)) -> 1 | C7: =VLOOKUP(A7,[7]LISTADHERENT!A$5:H$60,3,0) -> DJOMO JEAN PAUL | D7: =IF(E7="ECHEC",0,VLOOKUP($A7,[6]HISTOSEPT23!$A$6:$BB$45,15,0)) -> 100000 | E7: =VLOOKUP($A7,[6]HISTOSEPT23!$A$6:$BB$45,8,0) -> BANQUE | F7: =VLOOKUP($A7,[6]HISTOSEPT23!$A$6:$BB$45,37,0) -> 200000 | G7: =VLOOKUP($A7,[6]HISTOSEPT23!$A$6:$BB$45,40,0) -> 2000 | H7: =IF(F7<>0,VLOOKUP($A7,[6]HISTOSEPT23!$A$6:$BB$45,42,0),"ECHEC") -> BANQUE | I7: =VLOOKUP($A7,[6]HISTOSEPT23!$A$6:$BB$45,41,0) -> 0 | J7: =TONTAOUT23!F7+TONTAOUT23!G7 -> 303000 | K7: =VLOOKUP($A7,[6]HISTOSEPT23!$A$6:$BB$45,18,0) -> 303000 | L7: =IF(K7<>0,VLOOKUP($A7,[6]HISTOSEPT23!$A$6:$BB$45,42,0),"ECHEC") -> BANQUE | M7: =IF(P7<>0,VLOOKUP($A7,[6]HISTOSEPT23!$A$6:$BB$45,32,0),"ECHEC") -> ECHEC | N7: =VLOOKUP($A7,[6]HISTOSEPT23!$A$6:$BB$45,33,0) -> 0 | O7: =IF(P7=0,0,($C$3-P7)) -> 0 | P7: =VLOOKUP($A7,[6]HISTOSEPT23!$A$6:$BB$45,31,0) -> 0
A8: AS201608 | B8: =IF(D8=0,0,VLOOKUP($A8,[6]HISTOSEPT23!$A$6:$BQ$45,14,0)) -> 2 | C8: =VLOOKUP(A8,[7]LISTADHERENT!A$5:H$60,3,0) -> DJUOMBESSY ANTOINE | D8: =IF(E8="ECHEC",0,VLOOKUP($A8,[6]HISTOSEPT23!$A$6:$BB$45,15,0)) -> 200000 | E8: =VLOOKUP($A8,[6]HISTOSEPT23!$A$6:$BB$45,8,0) -> BANQUE | F8: =VLOOKUP($A8,[6]HISTOSEPT23!$A$6:$BB$45,37,0) -> 200000 | G8: =VLOOKUP($A8,[6]HISTOSEPT23!$A$6:$BB$45,40,0) -> 2000 | H8: =IF(F8<>0,VLOOKUP($A8,[6]HISTOSEPT23!$A$6:$BB$45,42,0),"ECHEC") -> BANQUE | I8: =VLOOKUP($A8,[6]HISTOSEPT23!$A$6:$BB$45,41,0) -> 0 | J8: =TONTAOUT23!F8+TONTAOUT23!G8 -> 0 | K8: =VLOOKUP($A8,[6]HISTOSEPT23!$A$6:$BB$45,18,0) -> 0 | L8: =IF(K8<>0,VLOOKUP($A8,[6]HISTOSEPT23!$A$6:$BB$45,42,0),"ECHEC") -> ECHEC | M8: =IF(P8<>0,VLOOKUP($A8,[6]HISTOSEPT23!$A$6:$BB$45,32,0),"ECHEC") -> ECHEC | N8: =VLOOKUP($A8,[6]HISTOSEPT23!$A$6:$BB$45,33,0) -> 0 | O8: =IF(P8=0,0,($C$3-P8)) -> 0 | P8: =VLOOKUP($A8,[6]HISTOSEPT23!$A$6:$BB$45,31,0) -> 0
A9: AS201613 | B9: =IF(D9=0,0,VLOOKUP($A9,[6]HISTOSEPT23!$A$6:$BQ$45,14,0)) -> 1 | C9: =VLOOKUP(A9,[7]LISTADHERENT!A$5:H$60,3,0) -> HOTCHO BENJAMIN | D9: =IF(E9="ECHEC",0,VLOOKUP($A9,[6]HISTOSEPT23!$A$6:$BB$45,15,0)) -> 100000 | E9: =VLOOKUP($A9,[6]HISTOSEPT23!$A$6:$BB$45,8,0) -> BANQUE | F9: =VLOOKUP($A9,[6]HISTOSEPT23!$A$6:$BB$45,37,0) -> 200000 | G9: =VLOOKUP($A9,[6]HISTOSEPT23!$A$6:$BB$45,40,0) -> 2000 | H9: =IF(F9<>0,VLOOKUP($A9,[6]HISTOSEPT23!$A$6:$BB$45,42,0),"ECHEC") -> 0 | I9: =VLOOKUP($A9,[6]HISTOSEPT23!$A$6:$BB$45,41,0) -> 0 | J9: =TONTAOUT23!F9+TONTAOUT23!G9 -> 0 | K9: =VLOOKUP($A9,[6]HISTOSEPT23!$A$6:$BB$45,18,0) -> 0 | L9: =IF(K9<>0,VLOOKUP($A9,[6]HISTOSEPT23!$A$6:$BB$45,42,0),"ECHEC") -> ECHEC | M9: =IF(P9<>0,VLOOKUP($A9,[6]HISTOSEPT23!$A$6:$BB$45,32,0),"ECHEC") -> ECHEC | N9: =VLOOKUP($A9,[6]HISTOSEPT23!$A$6:$BB$45,33,0) -> 0 | O9: =IF(P9=0,0,($C$3-P9)) -> 0 | P9: =VLOOKUP($A9,[6]HISTOSEPT23!$A$6:$BB$45,31,0) -> 0
A10: AS201617 | B10: =IF(D10=0,0,VLOOKUP($A10,[6]HISTOSEPT23!$A$6:$BQ$45,14,0)) -> 1 | C10: =VLOOKUP(A10,[7]LISTADHERENT!A$5:H$60,3,0) -> KOUAMOU MOISE | D10: =IF(E10="ECHEC",0,VLOOKUP($A10,[6]HISTOSEPT23!$A$6:$BB$45,15,0)) -> 100000 | E10: =VLOOKUP($A10,[6]HISTOSEPT23!$A$6:$BB$45,8,0) -> BANQUE | F10: =VLOOKUP($A10,[6]HISTOSEPT23!$A$6:$BB$45,37,0) -> 0 | G10: =VLOOKUP($A10,[6]HISTOSEPT23!$A$6:$BB$45,40,0) -> 0 | H10: =IF(F10<>0,VLOOKUP($A10,[6]HISTOSEPT23!$A$6:$BB$45,42,0),"ECHEC") -> ECHEC | I10: =VLOOKUP($A10,[6]HISTOSEPT23!$A$6:$BB$45,41,0) -> 0 | J10: =TONTAOUT23!F10+TONTAOUT23!G10 -> 0 | K10: =VLOOKUP($A10,[6]HISTOSEPT23!$A$6:$BB$45,18,0) -> 0 | L10: =IF(K10<>0,VLOOKUP($A10,[6]HISTOSEPT23!$A$6:$BB$45,42,0),"ECHEC") -> ECHEC | M10: =IF(P10<>0,VLOOKUP($A10,[6]HISTOSEPT23!$A$6:$BB$45,32,0),"ECHEC") -> ECHEC | N10: =VLOOKUP($A10,[6]HISTOSEPT23!$A$6:$BB$45,33,0) -> 0 | O10: =IF(P10=0,0,($C$3-P10)) -> 0 | P10: =VLOOKUP($A10,[6]HISTOSEPT23!$A$6:$BB$45,31,0) -> 0
A11: AS201619 | B11: =IF(D11=0,0,VLOOKUP($A11,[6]HISTOSEPT23!$A$6:$BQ$45,14,0)) -> 1 | C11: =VLOOKUP(A11,[7]LISTADHERENT!A$5:H$60,3,0) -> KOUATCHO MESSACK | D11: =IF(E11="ECHEC",0,VLOOKUP($A11,[6]HISTOSEPT23!$A$6:$BB$45,15,0)) -> 100000 | E11: =VLOOKUP($A11,[6]HISTOSEPT23!$A$6:$BB$45,8,0) -> BANQUE | F11: =VLOOKUP($A11,[6]HISTOSEPT23!$A$6:$BB$45,37,0) -> 100000 | G11: =VLOOKUP($A11,[6]HISTOSEPT23!$A$6:$BB$45,40,0) -> 1000 | H11: =IF(F11<>0,VLOOKUP($A11,[6]HISTOSEPT23!$A$6:$BB$45,42,0),"ECHEC") -> 0 | I11: =VLOOKUP($A11,[6]HISTOSEPT23!$A$6:$BB$45,41,0) -> 0 | J11: =TONTAOUT23!F11+TONTAOUT23!G11 -> 0 | K11: =VLOOKUP($A11,[6]HISTOSEPT23!$A$6:$BB$45,18,0) -> 0 | L11: =IF(K11<>0,VLOOKUP($A11,[6]HISTOSEPT23!$A$6:$BB$45,42,0),"ECHEC") -> ECHEC | M11: =IF(P11<>0,VLOOKUP($A11,[6]HISTOSEPT23!$A$6:$BB$45,32,0),"ECHEC") -> ECHEC | N11: =VLOOKUP($A11,[6]HISTOSEPT23!$A$6:$BB$45,33,0) -> 0 | O11: =IF(P11=0,0,($C$3-P11)) -> 0 | P11: =VLOOKUP($A11,[6]HISTOSEPT23!$A$6:$BB$45,31,0) -> 0
A12: AS201649 | B12: =IF(D12=0,0,VLOOKUP($A12,[6]HISTOSEPT23!$A$6:$BQ$45,14,0)) -> 1 | C12: =VLOOKUP(A12,[7]LISTADHERENT!A$5:H$60,3,0) -> MBOGNING TUGMA GUY | D12: =IF(E12="ECHEC",0,VLOOKUP($A12,[6]HISTOSEPT23!$A$6:$BB$45,15,0)) -> 100000 | E12: =VLOOKUP($A12,[6]HISTOSEPT23!$A$6:$BB$45,8,0) -> BANQUE | F12: =VLOOKUP($A12,[6]HISTOSEPT23!$A$6:$BB$45,37,0) -> 200000 | G12: =VLOOKUP($A12,[6]HISTOSEPT23!$A$6:$BB$45,40,0) -> 2000 | H12: =IF(F12<>0,VLOOKUP($A12,[6]HISTOSEPT23!$A$6:$BB$45,42,0),"ECHEC") -> BANQUE | I12: =VLOOKUP($A12,[6]HISTOSEPT23!$A$6:$BB$45,41,0) -> 0 | J12: =TONTAOUT23!F12+TONTAOUT23!G12 -> 101000 | K12: =VLOOKUP($A12,[6]HISTOSEPT23!$A$6:$BB$45,18,0) -> 101000 | L12: =IF(K12<>0,VLOOKUP($A12,[6]HISTOSEPT23!$A$6:$BB$45,42,0),"ECHEC") -> BANQUE | M12: =IF(P12<>0,VLOOKUP($A12,[6]HISTOSEPT23!$A$6:$BB$45,32,0),"ECHEC") -> ECHEC | N12: =VLOOKUP($A12,[6]HISTOSEPT23!$A$6:$BB$45,33,0) -> 0 | O12: =IF(P12=0,0,($C$3-P12)) -> 0 | P12: =VLOOKUP($A12,[6]HISTOSEPT23!$A$6:$BB$45,31,0) -> 0
A13: AS201622 | B13: =IF(D13=0,0,VLOOKUP($A13,[6]HISTOSEPT23!$A$6:$BQ$45,14,0)) -> 2 | C13: =VLOOKUP(A13,[7]LISTADHERENT!A$5:H$60,3,0) -> NDJOMO ETIENNE | D13: =IF(E13="ECHEC",0,VLOOKUP($A13,[6]HISTOSEPT23!$A$6:$BB$45,15,0)) -> 200000 | E13: =VLOOKUP($A13,[6]HISTOSEPT23!$A$6:$BB$45,8,0) -> BANQUE | F13: =VLOOKUP($A13,[6]HISTOSEPT23!$A$6:$BB$45,37,0) -> 100000 | G13: =VLOOKUP($A13,[6]HISTOSEPT23!$A$6:$BB$45,40,0) -> 1000 | H13: =IF(F13<>0,VLOOKUP($A13,[6]HISTOSEPT23!$A$6:$BB$45,42,0),"ECHEC") -> 0 | I13: =VLOOKUP($A13,[6]HISTOSEPT23!$A$6:$BB$45,41,0) -> 0 | J13: =TONTAOUT23!F13+TONTAOUT23!G13 -> 0 | K13: =VLOOKUP($A13,[6]HISTOSEPT23!$A$6:$BB$45,18,0) -> 0 | L13: =IF(K13<>0,VLOOKUP($A13,[6]HISTOSEPT23!$A$6:$BB$45,42,0),"ECHEC") -> ECHEC | M13: =IF(P13<>0,VLOOKUP($A13,[6]HISTOSEPT23!$A$6:$BB$45,32,0),"ECHEC") -> ECHEC | N13: =VLOOKUP($A13,[6]HISTOSEPT23!$A$6:$BB$45,33,0) -> 0 | O13: =IF(P13=0,0,($C$3-P13)) -> 0 | P13: =VLOOKUP($A13,[6]HISTOSEPT23!$A$6:$BB$45,31,0) -> 0
A14: AS201624 | B14: =IF(D14=0,0,VLOOKUP($A14,[6]HISTOSEPT23!$A$6:$BQ$45,14,0)) -> 1 | C14: =VLOOKUP(A14,[7]LISTADHERENT!A$5:H$60,3,0) -> NGONDIEP CLAUDE | D14: =IF(E14="ECHEC",0,VLOOKUP($A14,[6]HISTOSEPT23!$A$6:$BB$45,15,0)) -> 100000 | E14: =VLOOKUP($A14,[6]HISTOSEPT23!$A$6:$BB$45,8,0) -> BANQUE | F14: =VLOOKUP($A14,[6]HISTOSEPT23!$A$6:$BB$45,37,0) -> 200000 | G14: =VLOOKUP($A14,[6]HISTOSEPT23!$A$6:$BB$45,40,0) -> 2000 | H14: =IF(F14<>0,VLOOKUP($A14,[6]HISTOSEPT23!$A$6:$BB$45,42,0),"ECHEC") -> 0 | I14: =VLOOKUP($A14,[6]HISTOSEPT23!$A$6:$BB$45,41,0) -> 0 | J14: =TONTAOUT23!F14+TONTAOUT23!G14 -> 0 | K14: =VLOOKUP($A14,[6]HISTOSEPT23!$A$6:$BB$45,18,0) -> 0 | L14: =IF(K14<>0,VLOOKUP($A14,[6]HISTOSEPT23!$A$6:$BB$45,42,0),"ECHEC") -> ECHEC | M14: =IF(P14<>0,VLOOKUP($A14,[6]HISTOSEPT23!$A$6:$BB$45,32,0),"ECHEC") -> ECHEC | N14: =VLOOKUP($A14,[6]HISTOSEPT23!$A$6:$BB$45,33,0) -> 0 | O14: =IF(P14=0,0,($C$3-P14)) -> 0 | P14: =VLOOKUP($A14,[6]HISTOSEPT23!$A$6:$BB$45,31,0) -> 0
A15: AS201626 | B15: =IF(D15=0,0,VLOOKUP($A15,[6]HISTOSEPT23!$A$6:$BQ$45,14,0)) -> 1 | C15: =VLOOKUP(A15,[7]LISTADHERENT!A$5:H$60,3,0) -> NGUIEMEGNI MATHIEU BLAISE | D15: =IF(E15="ECHEC",0,VLOOKUP($A15,[6]HISTOSEPT23!$A$6:$BB$45,15,0)) -> 100000 | E15: =VLOOKUP($A15,[6]HISTOSEPT23!$A$6:$BB$45,8,0) -> BANQUE | F15: =VLOOKUP($A15,[6]HISTOSEPT23!$A$6:$BB$45,37,0) -> 200000 | G15: =VLOOKUP($A15,[6]HISTOSEPT23!$A$6:$BB$45,40,0) -> 2000 | H15: =IF(F15<>0,VLOOKUP($A15,[6]HISTOSEPT23!$A$6:$BB$45,42,0),"ECHEC") -> 0 | I15: =VLOOKUP($A15,[6]HISTOSEPT23!$A$6:$BB$45,41,0) -> 0 | J15: =TONTAOUT23!F15+TONTAOUT23!G15 -> 0 | K15: =VLOOKUP($A15,[6]HISTOSEPT23!$A$6:$BB$45,18,0) -> 0 | L15: =IF(K15<>0,VLOOKUP($A15,[6]HISTOSEPT23!$A$6:$BB$45,42,0),"ECHEC") -> ECHEC | M15: =IF(P15<>0,VLOOKUP($A15,[6]HISTOSEPT23!$A$6:$BB$45,32,0),"ECHEC") -> ECHEC | N15: =VLOOKUP($A15,[6]HISTOSEPT23!$A$6:$BB$45,33,0) -> 0 | O15: =IF(P15=0,0,($C$3-P15)) -> 0 | P15: =VLOOKUP($A15,[6]HISTOSEPT23!$A$6:$BB$45,31,0) -> 0
A16: AS201638 | B16: =IF(D16=0,0,VLOOKUP($A16,[6]HISTOSEPT23!$A$6:$BQ$45,14,0)) -> 1 | C16: =VLOOKUP(A16,[7]LISTADHERENT!A$5:H$60,3,0) -> SIMO PIERRE | D16: =IF(E16="ECHEC",0,VLOOKUP($A16,[6]HISTOSEPT23!$A$6:$BB$45,15,0)) -> 100000 | E16: =VLOOKUP($A16,[6]HISTOSEPT23!$A$6:$BB$45,8,0) -> BANQUE | F16: =VLOOKUP($A16,[6]HISTOSEPT23!$A$6:$BB$45,37,0) -> 30000 | G16: =VLOOKUP($A16,[6]HISTOSEPT23!$A$6:$BB$45,40,0) -> 1000 | H16: =IF(F16<>0,VLOOKUP($A16,[6]HISTOSEPT23!$A$6:$BB$45,42,0),"ECHEC") -> 0 | I16: =VLOOKUP($A16,[6]HISTOSEPT23!$A$6:$BB$45,41,0) -> 0 | J16: =TONTAOUT23!F16+TONTAOUT23!G16 -> 0 | K16: =VLOOKUP($A16,[6]HISTOSEPT23!$A$6:$BB$45,18,0) -> 0 | L16: =IF(K16<>0,VLOOKUP($A16,[6]HISTOSEPT23!$A$6:$BB$45,42,0),"ECHEC") -> ECHEC | M16: =IF(P16<>0,VLOOKUP($A16,[6]HISTOSEPT23!$A$6:$BB$45,32,0),"ECHEC") -> ECHEC | N16: =VLOOKUP($A16,[6]HISTOSEPT23!$A$6:$BB$45,33,0) -> 0 | O16: =IF(P16=0,0,($C$3-P16)) -> 0 | P16: =VLOOKUP($A16,[6]HISTOSEPT23!$A$6:$BB$45,31,0) -> 0
A17: AS201647 | B17: =IF(D17=0,0,VLOOKUP($A17,[6]HISTOSEPT23!$A$6:$BQ$45,14,0)) -> 1 | C17: =VLOOKUP(A17,[7]LISTADHERENT!A$5:H$60,3,0) -> YOUMBI EMMANUEL | D17: =IF(E17="ECHEC",0,VLOOKUP($A17,[6]HISTOSEPT23!$A$6:$BB$45,15,0)) -> 100000 | E17: =VLOOKUP($A17,[6]HISTOSEPT23!$A$6:$BB$45,8,0) -> BANQUE | F17: =VLOOKUP($A17,[6]HISTOSEPT23!$A$6:$BB$45,37,0) -> 0 | G17: =VLOOKUP($A17,[6]HISTOSEPT23!$A$6:$BB$45,40,0) -> 0 | H17: =IF(F17<>0,VLOOKUP($A17,[6]HISTOSEPT23!$A$6:$BB$45,42,0),"ECHEC") -> ECHEC | I17: =VLOOKUP($A17,[6]HISTOSEPT23!$A$6:$BB$45,41,0) -> 0 | J17: =TONTAOUT23!F17+TONTAOUT23!G17 -> 0 | K17: =VLOOKUP($A17,[6]HISTOSEPT23!$A$6:$BB$45,18,0) -> 0 | L17: =IF(K17<>0,VLOOKUP($A17,[6]HISTOSEPT23!$A$6:$BB$45,42,0),"ECHEC") -> ECHEC | M17: =IF(P17<>0,VLOOKUP($A17,[6]HISTOSEPT23!$A$6:$BB$45,32,0),"ECHEC") -> ECHEC | N17: =VLOOKUP($A17,[6]HISTOSEPT23!$A$6:$BB$45,33,0) -> 0 | O17: =IF(P17=0,0,($C$3-P17)) -> 0 | P17: =VLOOKUP($A17,[6]HISTOSEPT23!$A$6:$BB$45,31,0) -> 0
A19: TOTAL PART | B19: =SUM(B6:B18) -> 14
A20: NBRE ADHERENT | B20: =+COUNT(D6:D18) -> 12 | D20: =SUM(D6:D18) -> 1400000 | F20: =SUM(F6:F18) -> 1430000 | G20: =SUM(G6:G18) -> 15000 | I20: =SUM(I6:I18) -> 0 | J20: =SUM(J6:J18) -> 404000 | K20: =SUM(K6:K18) -> 404000 | N20: =SUM(N6:N18) -> 0 | O20: =SUM(O6:O18) -> 0 | P20: =SUM(P6:P18) -> 0
M21: NBRE PART | N21: PART VENDUE
D22: MONTANT TONTINE | E22: REMBOURSEMENT PETIT LOT | F22: VENTE PETIT LOT | G22: VENTE LOT PRINCIPAL | H22: SOLDE EN CAISSE | K22: TONTINE + REMB + INTERET VENTE | L22: =D26+E26+P20+TONTAOUT23!N27 -> 2370500
C23: ESPECES | D23: =SUMIFS(D6:D18,E6:E18,"ESPECES") -> 0 | E23: =SUMIFS(K6:K18,L6:L18,"ESPECES") -> 0 | F23: =SUMIFS(F6:F18,H6:H18,"ESPECES") -> 0 | G23: =SUMIFS(O6:O18,M6:M18,"ESPECES") -> 0 | H23: =D23+E23-F23-G23 -> 0 | K23: LOT PRINCIPAL | L23: =C3*COUNTIF(O6:O18,">0") -> 0 | M23: =D3 -> 1 | N23: =COUNTIF(O8:O17,">0") -> 0
C24: BANQUE | D24: =SUMIFS(D6:D18,E6:E18,"BANQUE") -> 1400000 | E24: =SUMIFS(K6:K18,L6:L18,"BANQUE") -> 404000 | F24: =SUMIFS(F6:F18,H6:H18,"BANQUE") -> 600000 | G24: =SUMIFS(O6:O18,M6:M18,"BANQUE") -> 0 | H24: =D24+E24-F24-G24 -> 1204000
K25: PETIT LOT | L25: =L22-L23 -> 2370500
C26: TOTAL | D26: =D23+D24 -> 1400000 | E26: =E23+E24 -> 404000 | F26: =F23+F24 -> 600000 | G26: =G23+G24 -> 0 | H26: =H23+H24 -> 1204000
K27: RELIQUAT | L27: =L25-F20 -> 940500 | N27: =TONTSEPT23!L27 -> 940500 | O27: CUMUL
K29: ECHEC TONTINE MOIS | L29: =COUNTIFS(E6:E24,"ECHEC")*100000 -> 0 | N29: =TONTAOUT23!N29+TONTSEPT23!L29 -> 0 | O29: CUMUL
K30: ECHEC REMBOURSEMENT MOIS | L30: =J20-E26 -> 0 | N30: =TONTAVRIL23!N30+TONTMAI23!L30 -> 0 | O30: CUMUL

Sheet TONTOCT23
A1: ASSOCIATION | B1: ASELBY
A2: ANNEE | B2: 2023 | C2: TONIINE | D2: NBRE PART
A3: TAUX TONTINE | B3: 100000 | C3: =B3*12 -> 1200000 | D3: =ROUNDDOWN(L22/C3,0) -> 3
C4: 45212
A5: MATRICULE | B5: NBREPART | C5: NOM ET PRENOM | D5: MONTANT TONTINE | E5: MODE VERSEMENT | F5: VENTE PETIT LOT | G5: INTERET PETIT LOT | H5: MODE VERSEMENT VENTE PETIT LOT | I5: NUMERO CHEQUE | J5: MONTANT A REMBOURSER PETIT LOT | K5: REMBOURSEMENT PETIT LOT | L5: MODE VERSEMENT REMBOURSEMENT | M5: MODE VERSEMENTLOT PRINCIPAL | N5: NUMERO CHEQUE | O5: MONTANT LOT PRINCIPAL | P5: INTERET LOT PRINCIPAL
A6: AS201648 | B6: =IF(D6=0,0,VLOOKUP($A6,[6]HISTOOCT23!$A$6:$BQ$45,14,0)) -> 1 | C6: =VLOOKUP(A6,[7]LISTADHERENT!A$5:H$60,3,0) -> ASELBY | D6: =IF(E6="ECHEC",0,VLOOKUP($A6,[6]HISTOOCT23!$A$6:$BB$45,15,0)) -> 100000 | E6: =VLOOKUP($A6,[6]HISTOOCT23!$A$6:$BB$45,8,0) -> BANQUE | F6: =VLOOKUP($A6,[6]HISTOOCT23!$A$6:$BB$45,37,0) -> 0 | G6: =VLOOKUP($A6,[6]HISTOOCT23!$A$6:$BB$45,40,0) -> 0 | H6: =IF(F6<>0,VLOOKUP($A6,[6]HISTOOCT23!$A$6:$BB$45,42,0),"ECHEC") -> ECHEC | I6: =VLOOKUP($A6,[6]HISTOOCT23!$A$6:$BB$45,41,0) -> 0 | J6: =TONTSEPT23!F6+TONTSEPT23!G6 -> 0 | K6: =VLOOKUP($A6,[6]HISTOOCT23!$A$6:$BB$45,18,0) -> 0 | L6: =IF(K6<>0,VLOOKUP($A6,[6]HISTOOCT23!$A$6:$BB$45,42,0),"ECHEC") -> ECHEC | M6: =IF(P6<>0,VLOOKUP($A6,[6]HISTOOCT23!$A$6:$BB$45,32,0),"ECHEC") -> ECHEC | N6: =VLOOKUP($A6,[6]HISTOOCT23!$A$6:$BB$45,33,0) -> 0 | O6: =IF(P6=0,0,($C$3-P6)) -> 0 | P6: =VLOOKUP($A6,[6]HISTOOCT23!$A$6:$BB$45,31,0) -> 0
A7: AS201604 | B7: =IF(D7=0,0,VLOOKUP($A7,[6]HISTOOCT23!$A$6:$BQ$45,14,0)) -> 1 | C7: =VLOOKUP(A7,[7]LISTADHERENT!A$5:H$60,3,0) -> DJOMO JEAN PAUL | D7: =IF(E7="ECHEC",0,VLOOKUP($A7,[6]HISTOOCT23!$A$6:$BB$45,15,0)) -> 100000 | E7: =VLOOKUP($A7,[6]HISTOOCT23!$A$6:$BB$45,8,0) -> BANQUE | F7: =VLOOKUP($A7,[6]HISTOOCT23!$A$6:$BB$45,37,0) -> 200000 | G7: =VLOOKUP($A7,[6]HISTOOCT23!$A$6:$BB$45,40,0) -> 2000 | H7: =IF(F7<>0,VLOOKUP($A7,[6]HISTOOCT23!$A$6:$BB$45,42,0),"ECHEC") -> BANQUE | I7: =VLOOKUP($A7,[6]HISTOOCT23!$A$6:$BB$45,41,0) -> 0 | J7: =TONTSEPT23!F7+TONTSEPT23!G7 -> 202000 | K7: =VLOOKUP($A7,[6]HISTOOCT23!$A$6:$BB$45,18,0) -> 202000 | L7: =IF(K7<>0,VLOOKUP($A7,[6]HISTOOCT23!$A$6:$BB$45,42,0),"ECHEC") -> BANQUE | M7: =IF(P7<>0,VLOOKUP($A7,[6]HISTOOCT23!$A$6:$BB$45,32,0),"ECHEC") -> ECHEC | N7: =VLOOKUP($A7,[6]HISTOOCT23!$A$6:$BB$45,33,0) -> 0 | O7: =IF(P7=0,0,($C$3-P7)) -> 0 | P7: =VLOOKUP($A7,[6]HISTOOCT23!$A$6:$BB$45,31,0) -> 0
A8: AS201608 | B8: =IF(D8=0,0,VLOOKUP($A8,[6]HISTOOCT23!$A$6:$BQ$45,14,0)) -> 2 | C8: =VLOOKUP(A8,[7]LISTADHERENT!A$5:H$60,3,0) -> DJUOMBESSY ANTOINE | D8: =IF(E8="ECHEC",0,VLOOKUP($A8,[6]HISTOOCT23!$A$6:$BB$45,15,0)) -> 200000 | E8: =VLOOKUP($A8,[6]HISTOOCT23!$A$6:$BB$45,8,0) -> BANQUE | F8: =VLOOKUP($A8,[6]HISTOOCT23!$A$6:$BB$45,37,0) -> 200000 | G8: =VLOOKUP($A8,[6]HISTOOCT23!$A$6:$BB$45,40,0) -> 2000 | H8: =IF(F8<>0,VLOOKUP($A8,[6]HISTOOCT23!$A$6:$BB$45,42,0),"ECHEC") -> BANQUE | I8: =VLOOKUP($A8,[6]HISTOOCT23!$A$6:$BB$45,41,0) -> 0 | J8: =TONTSEPT23!F8+TONTSEPT23!G8 -> 202000 | K8: =VLOOKUP($A8,[6]HISTOOCT23!$A$6:$BB$45,18,0) -> 202000 | L8: =IF(K8<>0,VLOOKUP($A8,[6]HISTOOCT23!$A$6:$BB$45,42,0),"ECHEC") -> BANQUE | M8: =IF(P8<>0,VLOOKUP($A8,[6]HISTOOCT23!$A$6:$BB$45,32,0),"ECHEC") -> ECHEC | N8: =VLOOKUP($A8,[6]HISTOOCT23!$A$6:$BB$45,33,0) -> 0 | O8: =IF(P8=0,0,($C$3-P8)) -> 0 | P8: =VLOOKUP($A8,[6]HISTOOCT23!$A$6:$BB$45,31,0) -> 0
A9: AS201613 | B9: =IF(D9=0,0,VLOOKUP($A9,[6]HISTOOCT23!$A$6:$BQ$45,14,0)) -> 1 | C9: =VLOOKUP(A9,[7]LISTADHERENT!A$5:H$60,3,0) -> HOTCHO BENJAMIN | D9: =IF(E9="ECHEC",0,VLOOKUP($A9,[6]HISTOOCT23!$A$6:$BB$45,15,0)) -> 100000 | E9: =VLOOKUP($A9,[6]HISTOOCT23!$A$6:$BB$45,8,0) -> BANQUE | F9: =VLOOKUP($A9,[6]HISTOOCT23!$A$6:$BB$45,37,0) -> 200000 | G9: =VLOOKUP($A9,[6]HISTOOCT23!$A$6:$BB$45,40,0) -> 2000 | H9: =IF(F9<>0,VLOOKUP($A9,[6]HISTOOCT23!$A$6:$BB$45,42,0),"ECHEC") -> BANQUE | I9: =VLOOKUP($A9,[6]HISTOOCT23!$A$6:$BB$45,41,0) -> 0 | J9: =TONTSEPT23!F9+TONTSEPT23!G9 -> 202000 | K9: =VLOOKUP($A9,[6]HISTOOCT23!$A$6:$BB$45,18,0) -> 202000 | L9: =IF(K9<>0,VLOOKUP($A9,[6]HISTOOCT23!$A$6:$BB$45,42,0),"ECHEC") -> BANQUE | M9: =IF(P9<>0,VLOOKUP($A9,[6]HISTOOCT23!$A$6:$BB$45,32,0),"ECHEC") -> ECHEC | N9: =VLOOKUP($A9,[6]HISTOOCT23!$A$6:$BB$45,33,0) -> 0 | O9: =IF(P9=0,0,($C$3-P9)) -> 0 | P9: =VLOOKUP($A9,[6]HISTOOCT23!$A$6:$BB$45,31,0) -> 0
A10: AS201617 | B10: =IF(D10=0,0,VLOOKUP($A10,[6]HISTOOCT23!$A$6:$BQ$45,14,0)) -> 1 | C10: =VLOOKUP(A10,[7]LISTADHERENT!A$5:H$60,3,0) -> KOUAMOU MOISE | D10: =IF(E10="ECHEC",0,VLOOKUP($A10,[6]HISTOOCT23!$A$6:$BB$45,15,0)) -> 100000 | E10: =VLOOKUP($A10,[6]HISTOOCT23!$A$6:$BB$45,8,0) -> BANQUE | F10: =VLOOKUP($A10,[6]HISTOOCT23!$A$6:$BB$45,37,0) -> 0 | G10: =VLOOKUP($A10,[6]HISTOOCT23!$A$6:$BB$45,40,0) -> 0 | H10: =IF(F10<>0,VLOOKUP($A10,[6]HISTOOCT23!$A$6:$BB$45,42,0),"ECHEC") -> ECHEC | I10: =VLOOKUP($A10,[6]HISTOOCT23!$A$6:$BB$45,41,0) -> 0 | J10: =TONTSEPT23!F10+TONTSEPT23!G10 -> 0 | K10: =VLOOKUP($A10,[6]HISTOOCT23!$A$6:$BB$45,18,0) -> 0 | L10: =IF(K10<>0,VLOOKUP($A10,[6]HISTOOCT23!$A$6:$BB$45,42,0),"ECHEC") -> ECHEC | M10: =IF(P10<>0,VLOOKUP($A10,[6]HISTOOCT23!$A$6:$BB$45,32,0),"ECHEC") -> ECHEC | N10: =VLOOKUP($A10,[6]HISTOOCT23!$A$6:$BB$45,33,0) -> 0 | O10: =IF(P10=0,0,($C$3-P10)) -> 0 | P10: =VLOOKUP($A10,[6]HISTOOCT23!$A$6:$BB$45,31,0) -> 0
A11: AS201619 | B11: =IF(D11=0,0,VLOOKUP($A11,[6]HISTOOCT23!$A$6:$BQ$45,14,0)) -> 1 | C11: =VLOOKUP(A11,[7]LISTADHERENT!A$5:H$60,3,0) -> KOUATCHO MESSACK | D11: =IF(E11="ECHEC",0,VLOOKUP($A11,[6]HISTOOCT23!$A$6:$BB$45,15,0)) -> 100000 | E11: =VLOOKUP($A11,[6]HISTOOCT23!$A$6:$BB$45,8,0) -> BANQUE | F11: =VLOOKUP($A11,[6]HISTOOCT23!$A$6:$BB$45,37,0) -> 0 | G11: =VLOOKUP($A11,[6]HISTOOCT23!$A$6:$BB$45,40,0) -> 0 | H11: =IF(F11<>0,VLOOKUP($A11,[6]HISTOOCT23!$A$6:$BB$45,42,0),"ECHEC") -> ECHEC | I11: =VLOOKUP($A11,[6]HISTOOCT23!$A$6:$BB$45,41,0) -> 0 | J11: =TONTSEPT23!F11+TONTSEPT23!G11 -> 101000 | K11: =VLOOKUP($A11,[6]HISTOOCT23!$A$6:$BB$45,18,0) -> 101000 | L11: =IF(K11<>0,VLOOKUP($A11,[6]HISTOOCT23!$A$6:$BB$45,42,0),"ECHEC") -> BANQUE | M11: =IF(P11<>0,VLOOKUP($A11,[6]HISTOOCT23!$A$6:$BB$45,32,0),"ECHEC") -> ECHEC | N11: =VLOOKUP($A11,[6]HISTOOCT23!$A$6:$BB$45,33,0) -> 0 | O11: =IF(P11=0,0,($C$3-P11)) -> 0 | P11: =VLOOKUP($A11,[6]HISTOOCT23!$A$6:$BB$45,31,0) -> 0
A12: AS201649 | B12: =IF(D12=0,0,VLOOKUP($A12,[6]HISTOOCT23!$A$6:$BQ$45,14,0)) -> 1 | C12: =VLOOKUP(A12,[7]LISTADHERENT!A$5:H$60,3,0) -> MBOGNING TUGMA GUY | D12: =IF(E12="ECHEC",0,VLOOKUP($A12,[6]HISTOOCT23!$A$6:$BB$45,15,0)) -> 100000 | E12: =VLOOKUP($A12,[6]HISTOOCT23!$A$6:$BB$45,8,0) -> BANQUE | F12: =VLOOKUP($A12,[6]HISTOOCT23!$A$6:$BB$45,37,0) -> 200000 | G12: =VLOOKUP($A12,[6]HISTOOCT23!$A$6:$BB$45,40,0) -> 2000 | H12: =IF(F12<>0,VLOOKUP($A12,[6]HISTOOCT23!$A$6:$BB$45,42,0),"ECHEC") -> BANQUE | I12: =VLOOKUP($A12,[6]HISTOOCT23!$A$6:$BB$45,41,0) -> 0 | J12: =TONTSEPT23!F12+TONTSEPT23!G12 -> 202000 | K12: =VLOOKUP($A12,[6]HISTOOCT23!$A$6:$BB$45,18,0) -> 202000 | L12: =IF(K12<>0,VLOOKUP($A12,[6]HISTOOCT23!$A$6:$BB$45,42,0),"ECHEC") -> BANQUE | M12: =IF(P12<>0,VLOOKUP($A12,[6]HISTOOCT23!$A$6:$BB$45,32,0),"ECHEC") -> ECHEC | N12: =VLOOKUP($A12,[6]HISTOOCT23!$A$6:$BB$45,33,0) -> 0 | O12: =IF(P12=0,0,($C$3-P12)) -> 0 | P12: =VLOOKUP($A12,[6]HISTOOCT23!$A$6:$BB$45,31,0) -> 0
A13: AS201622 | B13: =IF(D13=0,0,VLOOKUP($A13,[6]HISTOOCT23!$A$6:$BQ$45,14,0)) -> 2 | C13: =VLOOKUP(A13,[7]LISTADHERENT!A$5:H$60,3,0) -> NDJOMO ETIENNE | D13: =IF(E13="ECHEC",0,VLOOKUP($A13,[6]HISTOOCT23!$A$6:$BB$45,15,0)) -> 200000 | E13: =VLOOKUP($A13,[6]HISTOOCT23!$A$6:$BB$45,8,0) -> BANQUE | F13: =VLOOKUP($A13,[6]HISTOOCT23!$A$6:$BB$45,37,0) -> 0 | G13: =VLOOKUP($A13,[6]HISTOOCT23!$A$6:$BB$45,40,0) -> 0 | H13: =IF(F13<>0,VLOOKUP($A13,[6]HISTOOCT23!$A$6:$BB$45,42,0),"ECHEC") -> ECHEC | I13: =VLOOKUP($A13,[6]HISTOOCT23!$A$6:$BB$45,41,0) -> 0 | J13: =TONTSEPT23!F13+TONTSEPT23!G13 -> 101000 | K13: =VLOOKUP($A13,[6]HISTOOCT23!$A$6:$BB$45,18,0) -> 101000 | L13: =IF(K13<>0,VLOOKUP($A13,[6]HISTOOCT23!$A$6:$BB$45,42,0),"ECHEC") -> BANQUE | M13: =IF(P13<>0,VLOOKUP($A13,[6]HISTOOCT23!$A$6:$BB$45,32,0),"ECHEC") -> ECHEC | N13: =VLOOKUP($A13,[6]HISTOOCT23!$A$6:$BB$45,33,0) -> 0 | O13: =IF(P13=0,0,($C$3-P13)) -> 0 | P13: =VLOOKUP($A13,[6]HISTOOCT23!$A$6:$BB$45,31,0) -> 0
A14: AS201624 | B14: =IF(D14=0,0,VLOOKUP($A14,[6]HISTOOCT23!$A$6:$BQ$45,14,0)) -> 1 | C14: =VLOOKUP(A14,[7]LISTADHERENT!A$5:H$60,3,0) -> NGONDIEP CLAUDE | D14: =IF(E14="ECHEC",0,VLOOKUP($A14,[6]HISTOOCT23!$A$6:$BB$45,15,0)) -> 100000 | E14: =VLOOKUP($A14,[6]HISTOOCT23!$A$6:$BB$45,8,0) -> BANQUE | F14: =VLOOKUP($A14,[6]HISTOOCT23!$A$6:$BB$45,37,0) -> 200000 | G14: =VLOOKUP($A14,[6]HISTOOCT23!$A$6:$BB$45,40,0) -> 2000 | H14: =IF(F14<>0,VLOOKUP($A14,[6]HISTOOCT23!$A$6:$BB$45,42,0),"ECHEC") -> BANQUE | I14: =VLOOKUP($A14,[6]HISTOOCT23!$A$6:$BB$45,41,0) -> 0 | J14: =TONTSEPT23!F14+TONTSEPT23!G14 -> 202000 | K14: =VLOOKUP($A14,[6]HISTOOCT23!$A$6:$BB$45,18,0) -> 202000 | L14: =IF(K14<>0,VLOOKUP($A14,[6]HISTOOCT23!$A$6:$BB$45,42,0),"ECHEC") -> BANQUE | M14: =IF(P14<>0,VLOOKUP($A14,[6]HISTOOCT23!$A$6:$BB$45,32,0),"ECHEC") -> ECHEC | N14: =VLOOKUP($A14,[6]HISTOOCT23!$A$6:$BB$45,33,0) -> 0 | O14: =IF(P14=0,0,($C$3-P14)) -> 0 | P14: =VLOOKUP($A14,[6]HISTOOCT23!$A$6:$BB$45,31,0) -> 0
A15: AS201626 | B15: =IF(D15=0,0,VLOOKUP($A15,[6]HISTOOCT23!$A$6:$BQ$45,14,0)) -> 1 | C15: =VLOOKUP(A15,[7]LISTADHERENT!A$5:H$60,3,0) -> NGUIEMEGNI MATHIEU BLAISE | D15: =IF(E15="ECHEC",0,VLOOKUP($A15,[6]HISTOOCT23!$A$6:$BB$45,15,0)) -> 100000 | E15: =VLOOKUP($A15,[6]HISTOOCT23!$A$6:$BB$45,8,0) -> BANQUE | F15: =VLOOKUP($A15,[6]HISTOOCT23!$A$6:$BB$45,37,0) -> 200000 | G15: =VLOOKUP($A15,[6]HISTOOCT23!$A$6:$BB$45,40,0) -> 2000 | H15: =IF(F15<>0,VLOOKUP($A15,[6]HISTOOCT23!$A$6:$BB$45,42,0),"ECHEC") -> BANQUE | I15: =VLOOKUP($A15,[6]HISTOOCT23!$A$6:$BB$45,41,0) -> 0 | J15: =TONTSEPT23!F15+TONTSEPT23!G15 -> 202000 | K15: =VLOOKUP($A15,[6]HISTOOCT23!$A$6:$BB$45,18,0) -> 202000 | L15: =IF(K15<>0,VLOOKUP($A15,[6]HISTOOCT23!$A$6:$BB$45,42,0),"ECHEC") -> BANQUE | M15: =IF(P15<>0,VLOOKUP($A15,[6]HISTOOCT23!$A$6:$BB$45,32,0),"ECHEC") -> ECHEC | N15: =VLOOKUP($A15,[6]HISTOOCT23!$A$6:$BB$45,33,0) -> 0 | O15: =IF(P15=0,0,($C$3-P15)) -> 0 | P15: =VLOOKUP($A15,[6]HISTOOCT23!$A$6:$BB$45,31,0) -> 0
A16: AS201638 | B16: =IF(D16=0,0,VLOOKUP($A16,[6]HISTOOCT23!$A$6:$BQ$45,14,0)) -> 1 | C16: =VLOOKUP(A16,[7]LISTADHERENT!A$5:H$60,3,0) -> SIMO PIERRE | D16: =IF(E16="ECHEC",0,VLOOKUP($A16,[6]HISTOOCT23!$A$6:$BB$45,15,0)) -> 100000 | E16: =VLOOKUP($A16,[6]HISTOOCT23!$A$6:$BB$45,8,0) -> BANQUE | F16: =VLOOKUP($A16,[6]HISTOOCT23!$A$6:$BB$45,37,0) -> 0 | G16: =VLOOKUP($A16,[6]HISTOOCT23!$A$6:$BB$45,40,0) -> 0 | H16: =IF(F16<>0,VLOOKUP($A16,[6]HISTOOCT23!$A$6:$BB$45,42,0),"ECHEC") -> ECHEC | I16: =VLOOKUP($A16,[6]HISTOOCT23!$A$6:$BB$45,41,0) -> 0 | J16: =TONTSEPT23!F16+TONTSEPT23!G16 -> 31000 | K16: =VLOOKUP($A16,[6]HISTOOCT23!$A$6:$BB$45,18,0) -> 31000 | L16: =IF(K16<>0,VLOOKUP($A16,[6]HISTOOCT23!$A$6:$BB$45,42,0),"ECHEC") -> BANQUE | M16: =IF(P16<>0,VLOOKUP($A16,[6]HISTOOCT23!$A$6:$BB$45,32,0),"ECHEC") -> ECHEC | N16: =VLOOKUP($A16,[6]HISTOOCT23!$A$6:$BB$45,33,0) -> 0 | O16: =IF(P16=0,0,($C$3-P16)) -> 0 | P16: =VLOOKUP($A16,[6]HISTOOCT23!$A$6:$BB$45,31,0) -> 0
A17: AS201647 | B17: =IF(D17=0,0,VLOOKUP($A17,[6]HISTOOCT23!$A$6:$BQ$45,14,0)) -> 1 | C17: =VLOOKUP(A17,[7]LISTADHERENT!A$5:H$60,3,0) -> YOUMBI EMMANUEL | D17: =IF(E17="ECHEC",0,VLOOKUP($A17,[6]HISTOOCT23!$A$6:$BB$45,15,0)) -> 100000 | E17: =VLOOKUP($A17,[6]HISTOOCT23!$A$6:$BB$45,8,0) -> BANQUE | F17: =VLOOKUP($A17,[6]HISTOOCT23!$A$6:$BB$45,37,0) -> 0 | G17: =VLOOKUP($A17,[6]HISTOOCT23!$A$6:$BB$45,40,0) -> 0 | H17: =IF(F17<>0,VLOOKUP($A17,[6]HISTOOCT23!$A$6:$BB$45,42,0),"ECHEC") -> ECHEC | I17: =VLOOKUP($A17,[6]HISTOOCT23!$A$6:$BB$45,41,0) -> 0 | J17: =TONTSEPT23!F17+TONTSEPT23!G17 -> 0 | K17: =VLOOKUP($A17,[6]HISTOOCT23!$A$6:$BB$45,18,0) -> 0 | L17: =IF(K17<>0,VLOOKUP($A17,[6]HISTOOCT23!$A$6:$BB$45,42,0),"ECHEC") -> ECHEC | M17: =IF(P17<>0,VLOOKUP($A17,[6]HISTOOCT23!$A$6:$BB$45,32,0),"ECHEC") -> ECHEC | N17: =VLOOKUP($A17,[6]HISTOOCT23!$A$6:$BB$45,33,0) -> 0 | O17: =IF(P17=0,0,($C$3-P17)) -> 0 | P17: =VLOOKUP($A17,[6]HISTOOCT23!$A$6:$BB$45,31,0) -> 0
A19: TOTAL PART | B19: =SUM(B6:B18) -> 14
A20: NBRE ADHERENT | B20: =+COUNT(D6:D18) -> 12 | D20: =SUM(D6:D18) -> 1400000 | F20: =SUM(F6:F18) -> 1200000 | G20: =SUM(G6:G18) -> 12000 | I20: =SUM(I6:I18) -> 0 | J20: =SUM(J6:J18) -> 1445000 | K20: =SUM(K6:K18) -> 1445000 | N20: =SUM(N6:N18) -> 0 | O20: =SUM(O6:O18) -> 0 | P20: =SUM(P6:P18) -> 0
M21: NBRE PART | N21: PART VENDUE
D22: MONTANT TONTINE | E22: REMBOURSEMENT PETIT LOT | F22: VENTE PETIT LOT | G22: VENTE LOT PRINCIPAL | H22: SOLDE EN CAISSE | K22: TONTINE + REMB + INTERET VENTE | L22: =D26+E26+P20+TONTSEPT23!N27 -> 3785500
C23: ESPECES | D23: =SUMIFS(D6:D18,E6:E18,"ESPECES") -> 0 | E23: =SUMIFS(K6:K18,L6:L18,"ESPECES") -> 0 | F23: =SUMIFS(F6:F18,H6:H18,"ESPECES") -> 0 | G23: =SUMIFS(O6:O18,M6:M18,"ESPECES") -> 0 | H23: =D23+E23-F23-G23 -> 0 | K23: LOT PRINCIPAL | L23: =C3*COUNTIF(O6:O18,">0") -> 0 | M23: =D3 -> 3 | N23: =COUNTIF(O8:O17,">0") -> 0
C24: BANQUE | D24: =SUMIFS(D6:D18,E6:E18,"BANQUE") -> 1400000 | E24: =SUMIFS(K6:K18,L6:L18,"BANQUE") -> 1445000 | F24: =SUMIFS(F6:F18,H6:H18,"BANQUE") -> 1200000 | G24: =SUMIFS(O6:O18,M6:M18,"BANQUE") -> 0 | H24: =D24+E24-F24-G24 -> 1645000
K25: PETIT LOT | L25: =L22-L23 -> 3785500
C26: TOTAL | D26: =D23+D24 -> 1400000 | E26: =E23+E24 -> 1445000 | F26: =F23+F24 -> 1200000 | G26: =G23+G24 -> 0 | H26: =H23+H24 -> 1645000
K27: RELIQUAT | L27: =L25-F20 -> 2585500 | N27: =TONTOCT23!L27 -> 2585500 | O27: CUMUL | P27: 2635000 | Q27: =N27-P27 -> -49500
K29: ECHEC TONTINE MOIS | L29: =COUNTIFS(E6:E24,"ECHEC")*100000 -> 0 | N29: =TONTSEPT23!N29+TONTOCT23!L29 -> 0 | O29: CUMUL
K30: ECHEC REMBOURSEMENT MOIS | L30: =J20-E26 -> 0 | N30: =TONTSEPT23!N30+TONTOCT23!L30 -> 0 | O30: CUMUL

Sheet TONTNOV23
A1: ASSOCIATION | B1: ASELBY
A2: ANNEE | B2: 2023 | C2: TONIINE | D2: NBRE PART
A3: TAUX TONTINE | B3: 100000 | C3: =B3*12 -> 1200000 | D3: =ROUNDDOWN(L22/C3,0) -> 4
C4: 45243
A5: MATRICULE | B5: NBREPART | C5: NOM ET PRENOM | D5: MONTANT TONTINE | E5: MODE VERSEMENT | F5: VENTE PETIT LOT | G5: INTERET PETIT LOT | H5: MODE VERSEMENT VENTE PETIT LOT | I5: NUMERO CHEQUE | J5: MONTANT A REMBOURSER PETIT LOT | K5: REMBOURSEMENT PETIT LOT | L5: MODE VERSEMENT REMBOURSEMENT | M5: MODE VERSEMENTLOT PRINCIPAL | N5: NUMERO CHEQUE | O5: MONTANT LOT PRINCIPAL | P5: INTERET LOT PRINCIPAL
A6: AS201648 | B6: =IF(D6=0,0,VLOOKUP($A6,[6]HISTONOV23!$A$6:$BQ$45,14,0)) -> 1 | C6: =VLOOKUP(A6,[7]LISTADHERENT!A$5:H$60,3,0) -> ASELBY | D6: =IF(E6="ECHEC",0,VLOOKUP($A6,[6]HISTONOV23!$A$6:$BB$45,15,0)) -> 100000 | E6: =VLOOKUP($A6,[6]HISTONOV23!$A$6:$BB$45,8,0) -> BANQUE | F6: =VLOOKUP($A6,[6]HISTONOV23!$A$6:$BB$45,37,0) -> 0 | G6: =VLOOKUP($A6,[6]HISTONOV23!$A$6:$BB$45,40,0) -> 0 | H6: =IF(F6<>0,VLOOKUP($A6,[6]HISTONOV23!$A$6:$BB$45,42,0),"ECHEC") -> ECHEC | I6: =VLOOKUP($A6,[6]HISTONOV23!$A$6:$BB$45,41,0) -> 0 | J6: =TONTOCT23!F6+TONTOCT23!G6 -> 0 | K6: =VLOOKUP($A6,[6]HISTONOV23!$A$6:$BB$45,18,0) -> 0 | L6: =IF(K6<>0,VLOOKUP($A6,[6]HISTONOV23!$A$6:$BB$45,42,0),"ECHEC") -> ECHEC | M6: =IF(P6<>0,VLOOKUP($A6,[6]HISTONOV23!$A$6:$BB$45,32,0),"ECHEC") -> ECHEC | N6: =VLOOKUP($A6,[6]HISTONOV23!$A$6:$BB$45,33,0) -> 0 | O6: =IF(P6=0,0,($C$3-P6)) -> 0 | P6: =VLOOKUP($A6,[6]HISTONOV23!$A$6:$BB$45,31,0) -> 0
A7: AS201604 | B7: =IF(D7=0,0,VLOOKUP($A7,[6]HISTONOV23!$A$6:$BQ$45,14,0)) -> 1 | C7: =VLOOKUP(A7,[7]LISTADHERENT!A$5:H$60,3,0) -> DJOMO JEAN PAUL | D7: =IF(E7="ECHEC",0,VLOOKUP($A7,[6]HISTONOV23!$A$6:$BB$45,15,0)) -> 100000 | E7: =VLOOKUP($A7,[6]HISTONOV23!$A$6:$BB$45,8,0) -> BANQUE | F7: =VLOOKUP($A7,[6]HISTONOV23!$A$6:$BB$45,37,0) -> 0 | G7: =VLOOKUP($A7,[6]HISTONOV23!$A$6:$BB$45,40,0) -> 0 | H7: =IF(F7<>0,VLOOKUP($A7,[6]HISTONOV23!$A$6:$BB$45,42,0),"ECHEC") -> ECHEC | I7: =VLOOKUP($A7,[6]HISTONOV23!$A$6:$BB$45,41,0) -> 0 | J7: =TONTOCT23!F7+TONTOCT23!G7 -> 202000 | K7: =VLOOKUP($A7,[6]HISTONOV23!$A$6:$BB$45,18,0) -> 202000 | L7: =IF(K7<>0,VLOOKUP($A7,[6]HISTONOV23!$A$6:$BB$45,42,0),"ECHEC") -> BANQUE | M7: =IF(P7<>0,VLOOKUP($A7,[6]HISTONOV23!$A$6:$BB$45,32,0),"ECHEC") -> ECHEC | N7: =VLOOKUP($A7,[6]HISTONOV23!$A$6:$BB$45,33,0) -> 0 | O7: =IF(P7=0,0,($C$3-P7)) -> 0 | P7: =VLOOKUP($A7,[6]HISTONOV23!$A$6:$BB$45,31,0) -> 0
A8: AS201608 | B8: =IF(D8=0,0,VLOOKUP($A8,[6]HISTONOV23!$A$6:$BQ$45,14,0)) -> 2 | C8: =VLOOKUP(A8,[7]LISTADHERENT!A$5:H$60,3,0) -> DJUOMBESSY ANTOINE | D8: =IF(E8="ECHEC",0,VLOOKUP($A8,[6]HISTONOV23!$A$6:$BB$45,15,0)) -> 200000 | E8: =VLOOKUP($A8,[6]HISTONOV23!$A$6:$BB$45,8,0) -> BANQUE | F8: =VLOOKUP($A8,[6]HISTONOV23!$A$6:$BB$45,37,0) -> 202000 | G8: =VLOOKUP($A8,[6]HISTONOV23!$A$6:$BB$45,40,0) -> 4000 | H8: =IF(F8<>0,VLOOKUP($A8,[6]HISTONOV23!$A$6:$BB$45,42,0),"ECHEC") -> BANQUE | I8: =VLOOKUP($A8,[6]HISTONOV23!$A$6:$BB$45,41,0) -> 0 | J8: =TONTOCT23!F8+TONTOCT23!G8 -> 202000 | K8: =VLOOKUP($A8,[6]HISTONOV23!$A$6:$BB$45,18,0) -> 202000 | L8: =IF(K8<>0,VLOOKUP($A8,[6]HISTONOV23!$A$6:$BB$45,42,0),"ECHEC") -> BANQUE | M8: =IF(P8<>0,VLOOKUP($A8,[6]HISTONOV23!$A$6:$BB$45,32,0),"ECHEC") -> ECHEC | N8: =VLOOKUP($A8,[6]HISTONOV23!$A$6:$BB$45,33,0) -> 0 | O8: =IF(P8=0,0,($C$3-P8)) -> 0 | P8: =VLOOKUP($A8,[6]HISTONOV23!$A$6:$BB$45,31,0) -> 0
A9: AS201613 | B9: =IF(D9=0,0,VLOOKUP($A9,[6]HISTONOV23!$A$6:$BQ$45,14,0)) -> 1 | C9: =VLOOKUP(A9,[7]LISTADHERENT!A$5:H$60,3,0) -> HOTCHO BENJAMIN | D9: =IF(E9="ECHEC",0,VLOOKUP($A9,[6]HISTONOV23!$A$6:$BB$45,15,0)) -> 100000 | E9: =VLOOKUP($A9,[6]HISTONOV23!$A$6:$BB$45,8,0) -> BANQUE | F9: =VLOOKUP($A9,[6]HISTONOV23!$A$6:$BB$45,37,0) -> 202000 | G9: =VLOOKUP($A9,[6]HISTONOV23!$A$6:$BB$45,40,0) -> 4000 | H9: =IF(F9<>0,VLOOKUP($A9,[6]HISTONOV23!$A$6:$BB$45,42,0),"ECHEC") -> BANQUE | I9: =VLOOKUP($A9,[6]HISTONOV23!$A$6:$BB$45,41,0) -> 0 | J9: =TONTOCT23!F9+TONTOCT23!G9 -> 202000 | K9: =VLOOKUP($A9,[6]HISTONOV23!$A$6:$BB$45,18,0) -> 202000 | L9: =IF(K9<>0,VLOOKUP($A9,[6]HISTONOV23!$A$6:$BB$45,42,0),"ECHEC") -> BANQUE | M9: =IF(P9<>0,VLOOKUP($A9,[6]HISTONOV23!$A$6:$BB$45,32,0),"ECHEC") -> ECHEC | N9: =VLOOKUP($A9,[6]HISTONOV23!$A$6:$BB$45,33,0) -> 0 | O9: =IF(P9=0,0,($C$3-P9)) -> 0 | P9: =VLOOKUP($A9,[6]HISTONOV23!$A$6:$BB$45,31,0) -> 0
A10: AS201617 | B10: =IF(D10=0,0,VLOOKUP($A10,[6]HISTONOV23!$A$6:$BQ$45,14,0)) -> 1 | C10: =VLOOKUP(A10,[7]LISTADHERENT!A$5:H$60,3,0) -> KOUAMOU MOISE | D10: =IF(E10="ECHEC",0,VLOOKUP($A10,[6]HISTONOV23!$A$6:$BB$45,15,0)) -> 100000 | E10: =VLOOKUP($A10,[6]HISTONOV23!$A$6:$BB$45,8,0) -> BANQUE | F10: =VLOOKUP($A10,[6]HISTONOV23!$A$6:$BB$45,37,0) -> 0 | G10: =VLOOKUP($A10,[6]HISTONOV23!$A$6:$BB$45,40,0) -> 0 | H10: =IF(F10<>0,VLOOKUP($A10,[6]HISTONOV23!$A$6:$BB$45,42,0),"ECHEC") -> ECHEC | I10: =VLOOKUP($A10,[6]HISTONOV23!$A$6:$BB$45,41,0) -> 0 | J10: =TONTOCT23!F10+TONTOCT23!G10 -> 0 | K10: =VLOOKUP($A10,[6]HISTONOV23!$A$6:$BB$45,18,0) -> 0 | L10: =IF(K10<>0,VLOOKUP($A10,[6]HISTONOV23!$A$6:$BB$45,42,0),"ECHEC") -> ECHEC | M10: =IF(P10<>0,VLOOKUP($A10,[6]HISTONOV23!$A$6:$BB$45,32,0),"ECHEC") -> ECHEC | N10: =VLOOKUP($A10,[6]HISTONOV23!$A$6:$BB$45,33,0) -> 0 | O10: =IF(P10=0,0,($C$3-P10)) -> 0 | P10: =VLOOKUP($A10,[6]HISTONOV23!$A$6:$BB$45,31,0) -> 0
A11: AS201619 | B11: =IF(D11=0,0,VLOOKUP($A11,[6]HISTONOV23!$A$6:$BQ$45,14,0)) -> 1 | C11: =VLOOKUP(A11,[7]LISTADHERENT!A$5:H$60,3,0) -> KOUATCHO MESSACK | D11: =IF(E11="ECHEC",0,VLOOKUP($A11,[6]HISTONOV23!$A$6:$BB$45,15,0)) -> 100000 | E11: =VLOOKUP($A11,[6]HISTONOV23!$A$6:$BB$45,8,0) -> BANQUE | F11: =VLOOKUP($A11,[6]HISTONOV23!$A$6:$BB$45,37,0) -> 0 | G11: =VLOOKUP($A11,[6]HISTONOV23!$A$6:$BB$45,40,0) -> 0 | H11: =IF(F11<>0,VLOOKUP($A11,[6]HISTONOV23!$A$6:$BB$45,42,0),"ECHEC") -> ECHEC | I11: =VLOOKUP($A11,[6]HISTONOV23!$A$6:$BB$45,41,0) -> 0 | J11: =TONTOCT23!F11+TONTOCT23!G11 -> 0 | K11: =VLOOKUP($A11,[6]HISTONOV23!$A$6:$BB$45,18,0) -> 0 | L11: =IF(K11<>0,VLOOKUP($A11,[6]HISTONOV23!$A$6:$BB$45,42,0),"ECHEC") -> ECHEC | M11: =IF(P11<>0,VLOOKUP($A11,[6]HISTONOV23!$A$6:$BB$45,32,0),"ECHEC") -> ECHEC | N11: =VLOOKUP($A11,[6]HISTONOV23!$A$6:$BB$45,33,0) -> 0 | O11: =IF(P11=0,0,($C$3-P11)) -> 0 | P11: =VLOOKUP($A11,[6]HISTONOV23!$A$6:$BB$45,31,0) -> 0
A12: AS201649 | B12: =IF(D12=0,0,VLOOKUP($A12,[6]HISTONOV23!$A$6:$BQ$45,14,0)) -> 1 | C12: =VLOOKUP(A12,[7]LISTADHERENT!A$5:H$60,3,0) -> MBOGNING TUGMA GUY | D12: =IF(E12="ECHEC",0,VLOOKUP($A12,[6]HISTONOV23!$A$6:$BB$45,15,0)) -> 100000 | E12: =VLOOKUP($A12,[6]HISTONOV23!$A$6:$BB$45,8,0) -> BANQUE | F12: =VLOOKUP($A12,[6]HISTONOV23!$A$6:$BB$45,37,0) -> 302000 | G12: =VLOOKUP($A12,[6]HISTONOV23!$A$6:$BB$45,40,0) -> 5000 | H12: =IF(F12<>0,VLOOKUP($A12,[6]HISTONOV23!$A$6:$BB$45,42,0),"ECHEC") -> BANQUE | I12: =VLOOKUP($A12,[6]HISTONOV23!$A$6:$BB$45,41,0) -> 0 | J12: =TONTOCT23!F12+TONTOCT23!G12 -> 202000 | K12: =VLOOKUP($A12,[6]HISTONOV23!$A$6:$BB$45,18,0) -> 202000 | L12: =IF(K12<>0,VLOOKUP($A12,[6]HISTONOV23!$A$6:$BB$45,42,0),"ECHEC") -> BANQUE | M12: =IF(P12<>0,VLOOKUP($A12,[6]HISTONOV23!$A$6:$BB$45,32,0),"ECHEC") -> ECHEC | N12: =VLOOKUP($A12,[6]HISTONOV23!$A$6:$BB$45,33,0) -> 0 | O12: =IF(P12=0,0,($C$3-P12)) -> 0 | P12: =VLOOKUP($A12,[6]HISTONOV23!$A$6:$BB$45,31,0) -> 0
A13: AS201622 | B13: =IF(D13=0,0,VLOOKUP($A13,[6]HISTONOV23!$A$6:$BQ$45,14,0)) -> 2 | C13: =VLOOKUP(A13,[7]LISTADHERENT!A$5:H$60,3,0) -> NDJOMO ETIENNE | D13: =IF(E13="ECHEC",0,VLOOKUP($A13,[6]HISTONOV23!$A$6:$BB$45,15,0)) -> 200000 | E13: =VLOOKUP($A13,[6]HISTONOV23!$A$6:$BB$45,8,0) -> BANQUE | F13: =VLOOKUP($A13,[6]HISTONOV23!$A$6:$BB$45,37,0) -> 0 | G13: =VLOOKUP($A13,[6]HISTONOV23!$A$6:$BB$45,40,0) -> 0 | H13: =IF(F13<>0,VLOOKUP($A13,[6]HISTONOV23!$A$6:$BB$45,42,0),"ECHEC") -> ECHEC | I13: =VLOOKUP($A13,[6]HISTONOV23!$A$6:$BB$45,41,0) -> 0 | J13: =TONTOCT23!F13+TONTOCT23!G13 -> 0 | K13: =VLOOKUP($A13,[6]HISTONOV23!$A$6:$BB$45,18,0) -> 0 | L13: =IF(K13<>0,VLOOKUP($A13,[6]HISTONOV23!$A$6:$BB$45,42,0),"ECHEC") -> ECHEC | M13: =IF(P13<>0,VLOOKUP($A13,[6]HISTONOV23!$A$6:$BB$45,32,0),"ECHEC") -> ECHEC | N13: =VLOOKUP($A13,[6]HISTONOV23!$A$6:$BB$45,33,0) -> 0 | O13: =IF(P13=0,0,($C$3-P13)) -> 0 | P13: =VLOOKUP($A13,[6]HISTONOV23!$A$6:$BB$45,31,0) -> 0
A14: AS201624 | B14: =IF(D14=0,0,VLOOKUP($A14,[6]HISTONOV23!$A$6:$BQ$45,14,0)) -> 1 | C14: =VLOOKUP(A14,[7]LISTADHERENT!A$5:H$60,3,0) -> NGONDIEP CLAUDE | D14: =IF(E14="ECHEC",0,VLOOKUP($A14,[6]HISTONOV23!$A$6:$BB$45,15,0)) -> 100000 | E14: =VLOOKUP($A14,[6]HISTONOV23!$A$6:$BB$45,8,0) -> BANQUE | F14: =VLOOKUP($A14,[6]HISTONOV23!$A$6:$BB$45,37,0) -> 200000 | G14: =VLOOKUP($A14,[6]HISTONOV23!$A$6:$BB$45,40,0) -> 2000 | H14: =IF(F14<>0,VLOOKUP($A14,[6]HISTONOV23!$A$6:$BB$45,42,0),"ECHEC") -> BANQUE | I14: =VLOOKUP($A14,[6]HISTONOV23!$A$6:$BB$45,41,0) -> 0 | J14: =TONTOCT23!F14+TONTOCT23!G14 -> 202000 | K14: =VLOOKUP($A14,[6]HISTONOV23!$A$6:$BB$45,18,0) -> 202000 | L14: =IF(K14<>0,VLOOKUP($A14,[6]HISTONOV23!$A$6:$BB$45,42,0),"ECHEC") -> BANQUE | M14: =IF(P14<>0,VLOOKUP($A14,[6]HISTONOV23!$A$6:$BB$45,32,0),"ECHEC") -> ECHEC | N14: =VLOOKUP($A14,[6]HISTONOV23!$A$6:$BB$45,33,0) -> 0 | O14: =IF(P14=0,0,($C$3-P14)) -> 0 | P14: =VLOOKUP($A14,[6]HISTONOV23!$A$6:$BB$45,31,0) -> 0
A15: AS201626 | B15: =IF(D15=0,0,VLOOKUP($A15,[6]HISTONOV23!$A$6:$BQ$45,14,0)) -> 1 | C15: =VLOOKUP(A15,[7]LISTADHERENT!A$5:H$60,3,0) -> NGUIEMEGNI MATHIEU BLAISE | D15: =IF(E15="ECHEC",0,VLOOKUP($A15,[6]HISTONOV23!$A$6:$BB$45,15,0)) -> 100000 | E15: =VLOOKUP($A15,[6]HISTONOV23!$A$6:$BB$45,8,0) -> BANQUE | F15: =VLOOKUP($A15,[6]HISTONOV23!$A$6:$BB$45,37,0) -> 200000 | G15: =VLOOKUP($A15,[6]HISTONOV23!$A$6:$BB$45,40,0) -> 2000 | H15: =IF(F15<>0,VLOOKUP($A15,[6]HISTONOV23!$A$6:$BB$45,42,0),"ECHEC") -> BANQUE | I15: =VLOOKUP($A15,[6]HISTONOV23!$A$6:$BB$45,41,0) -> 0 | J15: =TONTOCT23!F15+TONTOCT23!G15 -> 202000 | K15: =VLOOKUP($A15,[6]HISTONOV23!$A$6:$BB$45,18,0) -> 202000 | L15: =IF(K15<>0,VLOOKUP($A15,[6]HISTONOV23!$A$6:$BB$45,42,0),"ECHEC") -> BANQUE | M15: =IF(P15<>0,VLOOKUP($A15,[6]HISTONOV23!$A$6:$BB$45,32,0),"ECHEC") -> ECHEC | N15: =VLOOKUP($A15,[6]HISTONOV23!$A$6:$BB$45,33,0) -> 0 | O15: =IF(P15=0,0,($C$3-P15)) -> 0 | P15: =VLOOKUP($A15,[6]HISTONOV23!$A$6:$BB$45,31,0) -> 0
A16: AS201638 | B16: =IF(D16=0,0,VLOOKUP($A16,[6]HISTONOV23!$A$6:$BQ$45,14,0)) -> 1 | C16: =VLOOKUP(A16,[7]LISTADHERENT!A$5:H$60,3,0) -> SIMO PIERRE | D16: =IF(E16="ECHEC",0,VLOOKUP($A16,[6]HISTONOV23!$A$6:$BB$45,15,0)) -> 100000 | E16: =VLOOKUP($A16,[6]HISTONOV23!$A$6:$BB$45,8,0) -> BANQUE | F16: =VLOOKUP($A16,[6]HISTONOV23!$A$6:$BB$45,37,0) -> 30000 | G16: =VLOOKUP($A16,[6]HISTONOV23!$A$6:$BB$45,40,0) -> 1000 | H16: =IF(F16<>0,VLOOKUP($A16,[6]HISTONOV23!$A$6:$BB$45,42,0),"ECHEC") -> 0 | I16: =VLOOKUP($A16,[6]HISTONOV23!$A$6:$BB$45,41,0) -> 0 | J16: =TONTOCT23!F16+TONTOCT23!G16 -> 0 | K16: =VLOOKUP($A16,[6]HISTONOV23!$A$6:$BB$45,18,0) -> 0 | L16: =IF(K16<>0,VLOOKUP($A16,[6]HISTONOV23!$A$6:$BB$45,42,0),"ECHEC") -> ECHEC | M16: =IF(P16<>0,VLOOKUP($A16,[6]HISTONOV23!$A$6:$BB$45,32,0),"ECHEC") -> ECHEC | N16: =VLOOKUP($A16,[6]HISTONOV23!$A$6:$BB$45,33,0) -> 0 | O16: =IF(P16=0,0,($C$3-P16)) -> 0 | P16: =VLOOKUP($A16,[6]HISTONOV23!$A$6:$BB$45,31,0) -> 0
A17: AS201647 | B17: =IF(D17=0,0,VLOOKUP($A17,[6]HISTONOV23!$A$6:$BQ$45,14,0)) -> 1 | C17: =VLOOKUP(A17,[7]LISTADHERENT!A$5:H$60,3,0) -> YOUMBI EMMANUEL | D17: =IF(E17="ECHEC",0,VLOOKUP($A17,[6]HISTONOV23!$A$6:$BB$45,15,0)) -> 100000 | E17: =VLOOKUP($A17,[6]HISTONOV23!$A$6:$BB$45,8,0) -> BANQUE | F17: =VLOOKUP($A17,[6]HISTONOV23!$A$6:$BB$45,37,0) -> 0 | G17: =VLOOKUP($A17,[6]HISTONOV23!$A$6:$BB$45,40,0) -> 0 | H17: =IF(F17<>0,VLOOKUP($A17,[6]HISTONOV23!$A$6:$BB$45,42,0),"ECHEC") -> ECHEC | I17: =VLOOKUP($A17,[6]HISTONOV23!$A$6:$BB$45,41,0) -> 0 | J17: =TONTOCT23!F17+TONTOCT23!G17 -> 0 | K17: =VLOOKUP($A17,[6]HISTONOV23!$A$6:$BB$45,18,0) -> 0 | L17: =IF(K17<>0,VLOOKUP($A17,[6]HISTONOV23!$A$6:$BB$45,42,0),"ECHEC") -> ECHEC | M17: =IF(P17<>0,VLOOKUP($A17,[6]HISTONOV23!$A$6:$BB$45,32,0),"ECHEC") -> ECHEC | N17: =VLOOKUP($A17,[6]HISTONOV23!$A$6:$BB$45,33,0) -> 0 | O17: =IF(P17=0,0,($C$3-P17)) -> 0 | P17: =VLOOKUP($A17,[6]HISTONOV23!$A$6:$BB$45,31,0) -> 0
A19: TOTAL PART | B19: =SUM(B6:B18) -> 14
A20: NBRE ADHERENT | B20: =+COUNT(D6:D18) -> 12 | D20: =SUM(D6:D18) -> 1400000 | F20: =SUM(F6:F18) -> 1136000 | G20: =SUM(G6:G18) -> 18000 | I20: =SUM(I6:I18) -> 0 | J20: =SUM(J6:J18) -> 1212000 | K20: =SUM(K6:K18) -> 1212000 | N20: =SUM(N6:N18) -> 0 | O20: =SUM(O6:O18) -> 0 | P20: =SUM(P6:P18) -> 0
M21: NBRE PART | N21: PART VENDUE
D22: MONTANT TONTINE | E22: REMBOURSEMENT PETIT LOT | F22: VENTE PETIT LOT | G22: VENTE LOT PRINCIPAL | H22: SOLDE EN CAISSE | K22: TONTINE + REMB + INTERET VENTE | L22: =D26+E26+P20+TONTOCT23!N27 -> 5197500
C23: ESPECES | D23: =SUMIFS(D6:D18,E6:E18,"ESPECES") -> 0 | E23: =SUMIFS(K6:K18,L6:L18,"ESPECES") -> 0 | F23: =SUMIFS(F6:F18,H6:H18,"ESPECES") -> 0 | G23: =SUMIFS(O6:O18,M6:M18,"ESPECES") -> 0 | H23: =D23+E23-F23-G23 -> 0 | K23: LOT PRINCIPAL | L23: =C3*COUNTIF(O6:O18,">0") -> 0 | M23: =D3 -> 4 | N23: =COUNTIF(O8:O17,">0") -> 0
C24: BANQUE | D24: =SUMIFS(D6:D18,E6:E18,"BANQUE") -> 1400000 | E24: =SUMIFS(K6:K18,L6:L18,"BANQUE") -> 1212000 | F24: =SUMIFS(F6:F18,H6:H18,"BANQUE") -> 1106000 | G24: =SUMIFS(O6:O18,M6:M18,"BANQUE") -> 0 | H24: =D24+E24-F24-G24 -> 1506000
K25: PETIT LOT | L25: =L22-L23 -> 5197500
C26: TOTAL | D26: =D23+D24 -> 1400000 | E26: =E23+E24 -> 1212000 | F26: =F23+F24 -> 1106000 | G26: =G23+G24 -> 0 | H26: =H23+H24 -> 1506000
K27: RELIQUAT | L27: =L25-F20 -> 4061500 | N27: =TONTNOV23!L27 -> 4061500 | O27: CUMUL
K29: ECHEC TONTINE MOIS | L29: =COUNTIFS(E6:E24,"ECHEC")*100000 -> 0 | N29: =TONTOCT23!N29+TONTNOV23!L29 -> 0 | O29: CUMUL
K30: ECHEC REMBOURSEMENT MOIS | L30: =J20-E26 -> 0 | N30: =TONTOCT23!N30+TONTNOV23!L30 -> 0 | O30: CUMUL

Sheet TONTDEC23
A1: ASSOCIATION | B1: ASELBY
A2: ANNEE | B2: 2023 | C2: TONIINE | D2: NBRE PART
A3: TAUX TONTINE | B3: 100000 | C3: =B3*12 -> 1200000 | D3: =ROUNDDOWN(L22/C3,0) -> 4
C4: 45273
A5: MATRICULE | B5: NBREPART | C5: NOM ET PRENOM | D5: MONTANT TONTINE | E5: MODE VERSEMENT | F5: VENTE PETIT LOT | G5: INTERET PETIT LOT | H5: MODE VERSEMENT VENTE PETIT LOT | I5: NUMERO CHEQUE | J5: MONTANT A REMBOURSER PETIT LOT | K5: REMBOURSEMENT PETIT LOT | L5: MODE VERSEMENT REMBOURSEMENT | M5: MODE VERSEMENTLOT PRINCIPAL | N5: NUMERO CHEQUE | O5: MONTANT LOT PRINCIPAL | P5: INTERET LOT PRINCIPAL
A6: AS201648 | B6: =IF(D6=0,0,VLOOKUP($A6,[6]HISTODEC23!$A$6:$BQ$45,14,0)) -> 1 | C6: =VLOOKUP(A6,[7]LISTADHERENT!A$5:H$60,3,0) -> ASELBY | D6: =IF(E6="ECHEC",0,VLOOKUP($A6,[6]HISTODEC23!$A$6:$BB$45,15,0)) -> 100000 | E6: =VLOOKUP($A6,[6]HISTODEC23!$A$6:$BB$45,8,0) -> BANQUE | F6: =VLOOKUP($A6,[6]HISTODEC23!$A$6:$BB$45,37,0) -> 0 | G6: =VLOOKUP($A6,[6]HISTODEC23!$A$6:$BB$45,40,0) -> 0 | H6: =IF(F6<>0,VLOOKUP($A6,[6]HISTODEC23!$A$6:$BB$45,42,0),"ECHEC") -> ECHEC | I6: =VLOOKUP($A6,[6]HISTODEC23!$A$6:$BB$45,41,0) -> 0 | J6: =TONTNOV23!F6+TONTNOV23!G6 -> 0 | K6: =VLOOKUP($A6,[6]HISTODEC23!$A$6:$BB$45,18,0) -> 0 | L6: =IF(K6<>0,VLOOKUP($A6,[6]HISTODEC23!$A$6:$BB$45,42,0),"ECHEC") -> ECHEC | M6: =IF(P6<>0,VLOOKUP($A6,[6]HISTODEC23!$A$6:$BB$45,32,0),"ECHEC") -> 0 | N6: =VLOOKUP($A6,[6]HISTODEC23!$A$6:$BB$45,33,0) -> 0 | O6: =IF(P6=0,0,($C$3-P6)) -> 1190000 | P6: =VLOOKUP($A6,[6]HISTODEC23!$A$6:$BB$45,31,0) -> 10000
A7: AS201604 | B7: =IF(D7=0,0,VLOOKUP($A7,[6]HISTODEC23!$A$6:$BQ$45,14,0)) -> 1 | C7: =VLOOKUP(A7,[7]LISTADHERENT!A$5:H$60,3,0) -> DJOMO JEAN PAUL | D7: =IF(E7="ECHEC",0,VLOOKUP($A7,[6]HISTODEC23!$A$6:$BB$45,15,0)) -> 100000 | E7: =VLOOKUP($A7,[6]HISTODEC23!$A$6:$BB$45,8,0) -> BANQUE | F7: =VLOOKUP($A7,[6]HISTODEC23!$A$6:$BB$45,37,0) -> 0 | G7: =VLOOKUP($A7,[6]HISTODEC23!$A$6:$BB$45,40,0) -> 0 | H7: =IF(F7<>0,VLOOKUP($A7,[6]HISTODEC23!$A$6:$BB$45,42,0),"ECHEC") -> ECHEC | I7: =VLOOKUP($A7,[6]HISTODEC23!$A$6:$BB$45,41,0) -> 0 | J7: =TONTNOV23!F7+TONTNOV23!G7 -> 0 | K7: =VLOOKUP($A7,[6]HISTODEC23!$A$6:$BB$45,18,0) -> 0 | L7: =IF(K7<>0,VLOOKUP($A7,[6]HISTODEC23!$A$6:$BB$45,42,0),"ECHEC") -> ECHEC | M7: =IF(P7<>0,VLOOKUP($A7,[6]HISTODEC23!$A$6:$BB$45,32,0),"ECHEC") -> ECHEC | N7: =VLOOKUP($A7,[6]HISTODEC23!$A$6:$BB$45,33,0) -> 0 | O7: =IF(P7=0,0,($C$3-P7)) -> 0 | P7: =VLOOKUP($A7,[6]HISTODEC23!$A$6:$BB$45,31,0) -> 0
A8: AS201608 | B8: =IF(D8=0,0,VLOOKUP($A8,[6]HISTODEC23!$A$6:$BQ$45,14,0)) -> 2 | C8: =VLOOKUP(A8,[7]LISTADHERENT!A$5:H$60,3,0) -> DJUOMBESSY ANTOINE | D8: =IF(E8="ECHEC",0,VLOOKUP($A8,[6]HISTODEC23!$A$6:$BB$45,15,0)) -> 200000 | E8: =VLOOKUP($A8,[6]HISTODEC23!$A$6:$BB$45,8,0) -> BANQUE | F8: =VLOOKUP($A8,[6]HISTODEC23!$A$6:$BB$45,37,0) -> 0 | G8: =VLOOKUP($A8,[6]HISTODEC23!$A$6:$BB$45,40,0) -> 0 | H8: =IF(F8<>0,VLOOKUP($A8,[6]HISTODEC23!$A$6:$BB$45,42,0),"ECHEC") -> ECHEC | I8: =VLOOKUP($A8,[6]HISTODEC23!$A$6:$BB$45,41,0) -> 0 | J8: =TONTNOV23!F8+TONTNOV23!G8 -> 206000 | K8: =VLOOKUP($A8,[6]HISTODEC23!$A$6:$BB$45,18,0) -> 206000 | L8: =IF(K8<>0,VLOOKUP($A8,[6]HISTODEC23!$A$6:$BB$45,42,0),"ECHEC") -> 0 | M8: =IF(P8<>0,VLOOKUP($A8,[6]HISTODEC23!$A$6:$BB$45,32,0),"ECHEC") -> ECHEC | N8: =VLOOKUP($A8,[6]HISTODEC23!$A$6:$BB$45,33,0) -> 0 | O8: =IF(P8=0,0,($C$3-P8)) -> 0 | P8: =VLOOKUP($A8,[6]HISTODEC23!$A$6:$BB$45,31,0) -> 0
A9: AS201613 | B9: =IF(D9=0,0,VLOOKUP($A9,[6]HISTODEC23!$A$6:$BQ$45,14,0)) -> 1 | C9: =VLOOKUP(A9,[7]LISTADHERENT!A$5:H$60,3,0) -> HOTCHO BENJAMIN | D9: =IF(E9="ECHEC",0,VLOOKUP($A9,[6]HISTODEC23!$A$6:$BB$45,15,0)) -> 100000 | E9: =VLOOKUP($A9,[6]HISTODEC23!$A$6:$BB$45,8,0) -> BANQUE | F9: =VLOOKUP($A9,[6]HISTODEC23!$A$6:$BB$45,37,0) -> 0 | G9: =VLOOKUP($A9,[6]HISTODEC23!$A$6:$BB$45,40,0) -> 0 | H9: =IF(F9<>0,VLOOKUP($A9,[6]HISTODEC23!$A$6:$BB$45,42,0),"ECHEC") -> ECHEC | I9: =VLOOKUP($A9,[6]HISTODEC23!$A$6:$BB$45,41,0) -> 0 | J9: =TONTNOV23!F9+TONTNOV23!G9 -> 206000 | K9: =VLOOKUP($A9,[6]HISTODEC23!$A$6:$BB$45,18,0) -> 206000 | L9: =IF(K9<>0,VLOOKUP($A9,[6]HISTODEC23!$A$6:$BB$45,42,0),"ECHEC") -> 0 | M9: =IF(P9<>0,VLOOKUP($A9,[6]HISTODEC23!$A$6:$BB$45,32,0),"ECHEC") -> ECHEC | N9: =VLOOKUP($A9,[6]HISTODEC23!$A$6:$BB$45,33,0) -> 0 | O9: =IF(P9=0,0,($C$3-P9)) -> 0 | P9: =VLOOKUP($A9,[6]HISTODEC23!$A$6:$BB$45,31,0) -> 0
A10: AS201617 | B10: =IF(D10=0,0,VLOOKUP($A10,[6]HISTODEC23!$A$6:$BQ$45,14,0)) -> 1 | C10: =VLOOKUP(A10,[7]LISTADHERENT!A$5:H$60,3,0) -> KOUAMOU MOISE | D10: =IF(E10="ECHEC",0,VLOOKUP($A10,[6]HISTODEC23!$A$6:$BB$45,15,0)) -> 100000 | E10: =VLOOKUP($A10,[6]HISTODEC23!$A$6:$BB$45,8,0) -> BANQUE | F10: =VLOOKUP($A10,[6]HISTODEC23!$A$6:$BB$45,37,0) -> 0 | G10: =VLOOKUP($A10,[6]HISTODEC23!$A$6:$BB$45,40,0) -> 0 | H10: =IF(F10<>0,VLOOKUP($A10,[6]HISTODEC23!$A$6:$BB$45,42,0),"ECHEC") -> ECHEC | I10: =VLOOKUP($A10,[6]HISTODEC23!$A$6:$BB$45,41,0) -> 0 | J10: =TONTNOV23!F10+TONTNOV23!G10 -> 0 | K10: =VLOOKUP($A10,[6]HISTODEC23!$A$6:$BB$45,18,0) -> 0 | L10: =IF(K10<>0,VLOOKUP($A10,[6]HISTODEC23!$A$6:$BB$45,42,0),"ECHEC") -> ECHEC | M10: =IF(P10<>0,VLOOKUP($A10,[6]HISTODEC23!$A$6:$BB$45,32,0),"ECHEC") -> ECHEC | N10: =VLOOKUP($A10,[6]HISTODEC23!$A$6:$BB$45,33,0) -> 0 | O10: =IF(P10=0,0,($C$3-P10)) -> 0 | P10: =VLOOKUP($A10,[6]HISTODEC23!$A$6:$BB$45,31,0) -> 0
A11: AS201619 | B11: =IF(D11=0,0,VLOOKUP($A11,[6]HISTODEC23!$A$6:$BQ$45,14,0)) -> 1 | C11: =VLOOKUP(A11,[7]LISTADHERENT!A$5:H$60,3,0) -> KOUATCHO MESSACK | D11: =IF(E11="ECHEC",0,VLOOKUP($A11,[6]HISTODEC23!$A$6:$BB$45,15,0)) -> 100000 | E11: =VLOOKUP($A11,[6]HISTODEC23!$A$6:$BB$45,8,0) -> BANQUE | F11: =VLOOKUP($A11,[6]HISTODEC23!$A$6:$BB$45,37,0) -> 0 | G11: =VLOOKUP($A11,[6]HISTODEC23!$A$6:$BB$45,40,0) -> 0 | H11: =IF(F11<>0,VLOOKUP($A11,[6]HISTODEC23!$A$6:$BB$45,42,0),"ECHEC") -> ECHEC | I11: =VLOOKUP($A11,[6]HISTODEC23!$A$6:$BB$45,41,0) -> 0 | J11: =TONTNOV23!F11+TONTNOV23!G11 -> 0 | K11: =VLOOKUP($A11,[6]HISTODEC23!$A$6:$BB$45,18,0) -> 0 | L11: =IF(K11<>0,VLOOKUP($A11,[6]HISTODEC23!$A$6:$BB$45,42,0),"ECHEC") -> ECHEC | M11: =IF(P11<>0,VLOOKUP($A11,[6]HISTODEC23!$A$6:$BB$45,32,0),"ECHEC") -> ECHEC | N11: =VLOOKUP($A11,[6]HISTODEC23!$A$6:$BB$45,33,0) -> 0 | O11: =IF(P11=0,0,($C$3-P11)) -> 0 | P11: =VLOOKUP($A11,[6]HISTODEC23!$A$6:$BB$45,31,0) -> 0
A12: AS201649 | B12: =IF(D12=0,0,VLOOKUP($A12,[6]HISTODEC23!$A$6:$BQ$45,14,0)) -> 1 | C12: =VLOOKUP(A12,[7]LISTADHERENT!A$5:H$60,3,0) -> MBOGNING TUGMA GUY | D12: =IF(E12="ECHEC",0,VLOOKUP($A12,[6]HISTODEC23!$A$6:$BB$45,15,0)) -> 100000 | E12: =VLOOKUP($A12,[6]HISTODEC23!$A$6:$BB$45,8,0) -> ESPECES | F12: =VLOOKUP($A12,[6]HISTODEC23!$A$6:$BB$45,37,0) -> 0 | G12: =VLOOKUP($A12,[6]HISTODEC23!$A$6:$BB$45,40,0) -> 0 | H12: =IF(F12<>0,VLOOKUP($A12,[6]HISTODEC23!$A$6:$BB$45,42,0),"ECHEC") -> ECHEC | I12: =VLOOKUP($A12,[6]HISTODEC23!$A$6:$BB$45,41,0) -> 0 | J12: =TONTNOV23!F12+TONTNOV23!G12 -> 307000 | K12: =VLOOKUP($A12,[6]HISTODEC23!$A$6:$BB$45,18,0) -> 307000 | L12: =IF(K12<>0,VLOOKUP($A12,[6]HISTODEC23!$A$6:$BB$45,42,0),"ECHEC") -> 0 | M12: =IF(P12<>0,VLOOKUP($A12,[6]HISTODEC23!$A$6:$BB$45,32,0),"ECHEC") -> ECHEC | N12: =VLOOKUP($A12,[6]HISTODEC23!$A$6:$BB$45,33,0) -> 0 | O12: =IF(P12=0,0,($C$3-P12)) -> 0 | P12: =VLOOKUP($A12,[6]HISTODEC23!$A$6:$BB$45,31,0) -> 0
A13: AS201622 | B13: =IF(D13=0,0,VLOOKUP($A13,[6]HISTODEC23!$A$6:$BQ$45,14,0)) -> 2 | C13: =VLOOKUP(A13,[7]LISTADHERENT!A$5:H$60,3,0) -> NDJOMO ETIENNE | D13: =IF(E13="ECHEC",0,VLOOKUP($A13,[6]HISTODEC23!$A$6:$BB$45,15,0)) -> 200000 | E13: =VLOOKUP($A13,[6]HISTODEC23!$A$6:$BB$45,8,0) -> BANQUE | F13: =VLOOKUP($A13,[6]HISTODEC23!$A$6:$BB$45,37,0) -> 0 | G13: =VLOOKUP($A13,[6]HISTODEC23!$A$6:$BB$45,40,0) -> 0 | H13: =IF(F13<>0,VLOOKUP($A13,[6]HISTODEC23!$A$6:$BB$45,42,0),"ECHEC") -> ECHEC | I13: =VLOOKUP($A13,[6]HISTODEC23!$A$6:$BB$45,41,0) -> 0 | J13: =TONTNOV23!F13+TONTNOV23!G13 -> 0 | K13: =VLOOKUP($A13,[6]HISTODEC23!$A$6:$BB$45,18,0) -> 0 | L13: =IF(K13<>0,VLOOKUP($A13,[6]HISTODEC23!$A$6:$BB$45,42,0),"ECHEC") -> ECHEC | M13: =IF(P13<>0,VLOOKUP($A13,[6]HISTODEC23!$A$6:$BB$45,32,0),"ECHEC") -> ECHEC | N13: =VLOOKUP($A13,[6]HISTODEC23!$A$6:$BB$45,33,0) -> 0 | O13: =IF(P13=0,0,($C$3-P13)) -> 0 | P13: =VLOOKUP($A13,[6]HISTODEC23!$A$6:$BB$45,31,0) -> 0
A14: AS201624 | B14: =IF(D14=0,0,VLOOKUP($A14,[6]HISTODEC23!$A$6:$BQ$45,14,0)) -> 1 | C14: =VLOOKUP(A14,[7]LISTADHERENT!A$5:H$60,3,0) -> NGONDIEP CLAUDE | D14: =IF(E14="ECHEC",0,VLOOKUP($A14,[6]HISTODEC23!$A$6:$BB$45,15,0)) -> 100000 | E14: =VLOOKUP($A14,[6]HISTODEC23!$A$6:$BB$45,8,0) -> BANQUE | F14: =VLOOKUP($A14,[6]HISTODEC23!$A$6:$BB$45,37,0) -> 0 | G14: =VLOOKUP($A14,[6]HISTODEC23!$A$6:$BB$45,40,0) -> 0 | H14: =IF(F14<>0,VLOOKUP($A14,[6]HISTODEC23!$A$6:$BB$45,42,0),"ECHEC") -> ECHEC | I14: =VLOOKUP($A14,[6]HISTODEC23!$A$6:$BB$45,41,0) -> 0 | J14: =TONTNOV23!F14+TONTNOV23!G14 -> 202000 | K14: =VLOOKUP($A14,[6]HISTODEC23!$A$6:$BB$45,18,0) -> 202000 | L14: =IF(K14<>0,VLOOKUP($A14,[6]HISTODEC23!$A$6:$BB$45,42,0),"ECHEC") -> 0 | M14: =IF(P14<>0,VLOOKUP($A14,[6]HISTODEC23!$A$6:$BB$45,32,0),"ECHEC") -> ECHEC | N14: =VLOOKUP($A14,[6]HISTODEC23!$A$6:$BB$45,33,0) -> 0 | O14: =IF(P14=0,0,($C$3-P14)) -> 0 | P14: =VLOOKUP($A14,[6]HISTODEC23!$A$6:$BB$45,31,0) -> 0
A15: AS201626 | B15: =IF(D15=0,0,VLOOKUP($A15,[6]HISTODEC23!$A$6:$BQ$45,14,0)) -> 1 | C15: =VLOOKUP(A15,[7]LISTADHERENT!A$5:H$60,3,0) -> NGUIEMEGNI MATHIEU BLAISE | D15: =IF(E15="ECHEC",0,VLOOKUP($A15,[6]HISTODEC23!$A$6:$BB$45,15,0)) -> 100000 | E15: =VLOOKUP($A15,[6]HISTODEC23!$A$6:$BB$45,8,0) -> BANQUE | F15: =VLOOKUP($A15,[6]HISTODEC23!$A$6:$BB$45,37,0) -> 0 | G15: =VLOOKUP($A15,[6]HISTODEC23!$A$6:$BB$45,40,0) -> 0 | H15: =IF(F15<>0,VLOOKUP($A15,[6]HISTODEC23!$A$6:$BB$45,42,0),"ECHEC") -> ECHEC | I15: =VLOOKUP($A15,[6]HISTODEC23!$A$6:$BB$45,41,0) -> 0 | J15: =TONTNOV23!F15+TONTNOV23!G15 -> 202000 | K15: =VLOOKUP($A15,[6]HISTODEC23!$A$6:$BB$45,18,0) -> 202000 | L15: =IF(K15<>0,VLOOKUP($A15,[6]HISTODEC23!$A$6:$BB$45,42,0),"ECHEC") -> 0 | M15: =IF(P15<>0,VLOOKUP($A15,[6]HISTODEC23!$A$6:$BB$45,32,0),"ECHEC") -> ECHEC | N15: =VLOOKUP($A15,[6]HISTODEC23!$A$6:$BB$45,33,0) -> 0 | O15: =IF(P15=0,0,($C$3-P15)) -> 0 | P15: =VLOOKUP($A15,[6]HISTODEC23!$A$6:$BB$45,31,0) -> 0
A16: AS201638 | B16: =IF(D16=0,0,VLOOKUP($A16,[6]HISTODEC23!$A$6:$BQ$45,14,0)) -> 1 | C16: =VLOOKUP(A16,[7]LISTADHERENT!A$5:H$60,3,0) -> SIMO PIERRE | D16: =IF(E16="ECHEC",0,VLOOKUP($A16,[6]HISTODEC23!$A$6:$BB$45,15,0)) -> 100000 | E16: =VLOOKUP($A16,[6]HISTODEC23!$A$6:$BB$45,8,0) -> BANQUE | F16: =VLOOKUP($A16,[6]HISTODEC23!$A$6:$BB$45,37,0) -> 0 | G16: =VLOOKUP($A16,[6]HISTODEC23!$A$6:$BB$45,40,0) -> 0 | H16: =IF(F16<>0,VLOOKUP($A16,[6]HISTODEC23!$A$6:$BB$45,42,0),"ECHEC") -> ECHEC | I16: =VLOOKUP($A16,[6]HISTODEC23!$A$6:$BB$45,41,0) -> 0 | J16: =TONTNOV23!F16+TONTNOV23!G16 -> 31000 | K16: =VLOOKUP($A16,[6]HISTODEC23!$A$6:$BB$45,18,0) -> 31000 | L16: =IF(K16<>0,VLOOKUP($A16,[6]HISTODEC23!$A$6:$BB$45,42,0),"ECHEC") -> 0 | M16: =IF(P16<>0,VLOOKUP($A16,[6]HISTODEC23!$A$6:$BB$45,32,0),"ECHEC") -> ECHEC | N16: =VLOOKUP($A16,[6]HISTODEC23!$A$6:$BB$45,33,0) -> 0 | O16: =IF(P16=0,0,($C$3-P16)) -> 0 | P16: =VLOOKUP($A16,[6]HISTODEC23!$A$6:$BB$45,31,0) -> 0
A17: AS201647 | B17: =IF(D17=0,0,VLOOKUP($A17,[6]HISTODEC23!$A$6:$BQ$45,14,0)) -> 1 | C17: =VLOOKUP(A17,[7]LISTADHERENT!A$5:H$60,3,0) -> YOUMBI EMMANUEL | D17: =IF(E17="ECHEC",0,VLOOKUP($A17,[6]HISTODEC23!$A$6:$BB$45,15,0)) -> 100000 | E17: =VLOOKUP($A17,[6]HISTODEC23!$A$6:$BB$45,8,0) -> BANQUE | F17: =VLOOKUP($A17,[6]HISTODEC23!$A$6:$BB$45,37,0) -> 0 | G17: =VLOOKUP($A17,[6]HISTODEC23!$A$6:$BB$45,40,0) -> 0 | H17: =IF(F17<>0,VLOOKUP($A17,[6]HISTODEC23!$A$6:$BB$45,42,0),"ECHEC") -> ECHEC | I17: =VLOOKUP($A17,[6]HISTODEC23!$A$6:$BB$45,41,0) -> 0 | J17: =TONTNOV23!F17+TONTNOV23!G17 -> 0 | K17: =VLOOKUP($A17,[6]HISTODEC23!$A$6:$BB$45,18,0) -> 0 | L17: =IF(K17<>0,VLOOKUP($A17,[6]HISTODEC23!$A$6:$BB$45,42,0),"ECHEC") -> ECHEC | M17: =IF(P17<>0,VLOOKUP($A17,[6]HISTODEC23!$A$6:$BB$45,32,0),"ECHEC") -> ECHEC | N17: =VLOOKUP($A17,[6]HISTODEC23!$A$6:$BB$45,33,0) -> 0 | O17: =IF(P17=0,0,($C$3-P17)) -> 0 | P17: =VLOOKUP($A17,[6]HISTODEC23!$A$6:$BB$45,31,0) -> 0
A19: TOTAL PART | B19: =SUM(B6:B18) -> 14
A20: NBRE ADHERENT | B20: =+COUNT(D6:D18) -> 12 | D20: =SUM(D6:D18) -> 1400000 | F20: =SUM(F6:F18) -> 0 | G20: =SUM(G6:G18) -> 0 | I20: =SUM(I6:I18) -> 0 | J20: =SUM(J6:J18) -> 1154000 | K20: =SUM(K6:K18) -> 1154000 | N20: =SUM(N6:N18) -> 0 | O20: =SUM(O6:O18) -> 1190000 | P20: =SUM(P6:P18) -> 10000
M21: NBRE PART | N21: PART VENDUE
D22: MONTANT TONTINE | E22: REMBOURSEMENT PETIT LOT | F22: VENTE PETIT LOT | G22: VENTE LOT PRINCIPAL | H22: SOLDE EN CAISSE | K22: TONTINE + REMB + INTERET VENTE | L22: =D26+E26+P20+TONTNOV23!N27 -> 5471500
C23: ESPECES | D23: =SUMIFS(D6:D18,E6:E18,"ESPECES") -> 100000 | E23: =SUMIFS(K6:K18,L6:L18,"ESPECES") -> 0 | F23: =SUMIFS(F6:F18,H6:H18,"ESPECES") -> 0 | G23: =SUMIFS(O6:O18,M6:M18,"ESPECES") -> 0 | H23: =D23+E23-F23-G23 -> 100000 | K23: LOT PRINCIPAL | L23: =C3*COUNTIF(O6:O18,">0") -> 1200000 | M23: =D3 -> 4 | N23: =COUNTIF(O6:O17,">0") -> 1
C24: BANQUE | D24: =SUMIFS(D6:D18,E6:E18,"BANQUE") -> 1300000 | E24: =SUMIFS(K6:K18,L6:L18,"BANQUE") -> 0 | F24: =SUMIFS(F6:F18,H6:H18,"BANQUE") -> 0 | G24: =SUMIFS(O6:O18,M6:M18,"BANQUE") -> 0 | H24: =D24+E24-F24-G24 -> 1300000
K25: PETIT LOT | L25: =L22-L23 -> 4271500
C26: TOTAL | D26: =D23+D24 -> 1400000 | E26: =E23+E24 -> 0 | F26: =F23+F24 -> 0 | G26: =G23+G24 -> 0 | H26: =H23+H24 -> 1400000
K27: RELIQUAT | L27: =L25-F20 -> 4271500 | N27: =TONTDEC23!L27 -> 4271500 | O27: CUMUL
K29: ECHEC TONTINE MOIS | L29: =COUNTIFS(E6:E24,"ECHEC")*100000 -> 0 | N29: =TONTNOV23!N29+TONTDEC23!L29 -> 0 | O29: CUMUL
K30: ECHEC REMBOURSEMENT MOIS | L30: =J19-E26 -> 0 | N30: =L20-G26 -> 0 | O30: CUMUL

Sheet TONTRESUME23
A1: ASSOCIATION | B1: ASELBY
A2: ANNEE | B2: 2023 | C2: TONIINE | D2: NBRE PART
A3: TAUX TONTINE | B3: 100000 | C3: =B3*12 -> 1200000 | D3: =ROUNDDOWN(L22/C3,0) -> 15
C4: SYNTHESE
A5: MATRICULE | B5: NBREPART | C5: NOM ET PRENOM | D5: MONTANT TONTINE | E5: MODE VERSEMENT | F5: VENTE PETIT LOT | G5: INTERET PETIT LOT | H5: MODE VERSEMENT VENTE PETIT LOT | I5: NUMERO CHEQUE | J5: MONTANT A REMBOURSER PETIT LOT | K5: REMBOURSEMENT PETIT LOT | L5: MODE VERSEMENT REMBOURSEMENT | M5: MODE VERSEMENTLOT PRINCIPAL | N5: NUMERO CHEQUE | O5: MONTANT LOT PRINCIPAL | P5: INTERET LOT PRINCIPAL | Q5: MOIS OBTENTION | R5: MOIS OBTENTION 2 | S5: REPARTITION INTERET | V5: SYNTHESE
A6: AS201648 | B6: =TONTJANV23!B6+TONTFEV23!B6+TONTMARS23!B6+TONTAVRIL23!B6+TONTMAI23!B6+TONTJUIN23!B6+TONTJUIL23!B6+TONTAOUT23!B6+TONTSEPT23!B6+TONTOCT23!B6+TONTNOV23!B6+TONTDEC23!B6 -> 12 | C6: =VLOOKUP(A6,[7]LISTADHERENT!A$5:H$60,3,0) -> ASELBY | D6: =TONTJANV23!D6+TONTFEV23!D6+TONTMARS23!D6+TONTAVRIL23!D6+TONTMAI23!D6+TONTJUIN23!D6+TONTJUIL23!D6+TONTAOUT23!D6+TONTSEPT23!D6+TONTOCT23!D6+TONTNOV23!D6+TONTDEC23!D6 -> 1200000 | E6: =VLOOKUP($A6,[6]HISTOMARS23!$A$6:$BB$45,8,0) -> BANQUE | F6: =TONTJANV23!F6+TONTFEV23!F6+TONTMARS23!F6+TONTAVRIL23!F6+TONTMAI23!F6+TONTJUIN23!F6+TONTJUIL23!F6+TONTAOUT23!F6+TONTSEPT23!F6+TONTOCT23!F6+TONTNOV23!F6+TONTDEC23!F6 -> 0 | G6: =TONTJANV23!G6+TONTFEV23!G6+TONTMARS23!G6+TONTAVRIL23!G6+TONTMAI23!G6+TONTJUIN23!G6+TONTJUIL23!G6+TONTAOUT23!G6+TONTSEPT23!G6+TONTOCT23!G6+TONTNOV23!G6+TONTDEC23!G6 -> 0 | J6: =TONTJANV23!J6+TONTFEV23!J6+TONTMARS23!J6+TONTAVRIL23!J6+TONTMAI23!J6+TONTJUIN23!J6+TONTJUIL23!J6+TONTAOUT23!J6+TONTSEPT23!J6+TONTOCT23!J6+TONTNOV23!J6+TONTDEC23!J6 -> 0 | K6: =TONTJANV23!K6+TONTFEV23!K6+TONTMARS23!K6+TONTAVRIL23!K6+TONTMAI23!K6+TONTJUIN23!K6+TONTJUIL23!K6+TONTAOUT23!K6+TONTSEPT23!K6+TONTOCT23!K6+TONTNOV23!K6+TONTDEC23!K6 -> 0 | O6: =TONTJANV23!O6+TONTFEV23!O6+TONTMARS23!O6+TONTAVRIL23!O6+TONTMAI23!O6+TONTJUIN23!O6+TONTJUIL23!O6+TONTAOUT23!O6+TONTSEPT23!O6+TONTOCT23!O6+TONTNOV23!O6+TONTDEC23!O6 -> 1190000 | P6: =TONTJANV23!P6+TONTFEV23!P6+TONTMARS23!P6+TONTAVRIL23!P6+TONTMAI23!P6+TONTJUIN23!P6+TONTJUIL23!P6+TONTAOUT23!P6+TONTSEPT23!P6+TONTOCT23!P6+TONTNOV23!P6+TONTDEC23!P6 -> 10000 | Q6: 45261 | S6: =$Q$28 -> 44678.571 | T6: 44000
A7: AS201604 | B7: =TONTJANV23!B7+TONTFEV23!B7+TONTMARS23!B7+TONTAVRIL23!B7+TONTMAI23!B7+TONTJUIN23!B7+TONTJUIL23!B7+TONTAOUT23!B7+TONTSEPT23!B7+TONTOCT23!B7+TONTNOV23!B7+TONTDEC23!B7 -> 12 | C7: =VLOOKUP(A7,[7]LISTADHERENT!A$5:H$60,3,0) -> DJOMO JEAN PAUL | D7: =TONTJANV23!D7+TONTFEV23!D7+TONTMARS23!D7+TONTAVRIL23!D7+TONTMAI23!D7+TONTJUIN23!D7+TONTJUIL23!D7+TONTAOUT23!D7+TONTSEPT23!D7+TONTOCT23!D7+TONTNOV23!D7+TONTDEC23!D7 -> 1200000 | E7: =VLOOKUP($A7,[6]HISTOMARS23!$A$6:$BB$45,8,0) -> BANQUE | F7: =TONTJANV23!F7+TONTFEV23!F7+TONTMARS23!F7+TONTAVRIL23!F7+TONTMAI23!F7+TONTJUIN23!F7+TONTJUIL23!F7+TONTAOUT23!F7+TONTSEPT23!F7+TONTOCT23!F7+TONTNOV23!F7+TONTDEC23!F7 -> 1184000 | G7: =TONTJANV23!G7+TONTFEV23!G7+TONTMARS23!G7+TONTAVRIL23!G7+TONTMAI23!G7+TONTJUIN23!G7+TONTJUIL23!G7+TONTAOUT23!G7+TONTSEPT23!G7+TONTOCT23!G7+TONTNOV23!G7+TONTDEC23!G7 -> 13500 | J7: =TONTJANV23!J7+TONTFEV23!J7+TONTMARS23!J7+TONTAVRIL23!J7+TONTMAI23!J7+TONTJUIN23!J7+TONTJUIL23!J7+TONTAOUT23!J7+TONTSEPT23!J7+TONTOCT23!J7+TONTNOV23!J7+TONTDEC23!J7 -> 1197500 | K7: =TONTJANV23!K7+TONTFEV23!K7+TONTMARS23!K7+TONTAVRIL23!K7+TONTMAI23!K7+TONTJUIN23!K7+TONTJUIL23!K7+TONTAOUT23!K7+TONTSEPT23!K7+TONTOCT23!K7+TONTNOV23!K7+TONTDEC23!K7 -> 1197500 | O7: =TONTJANV23!O7+TONTFEV23!O7+TONTMARS23!O7+TONTAVRIL23!O7+TONTMAI23!O7+TONTJUIN23!O7+TONTJUIL23!O7+TONTAOUT23!O7+TONTSEPT23!O7+TONTOCT23!O7+TONTNOV23!O7+TONTDEC23!O7 -> 1190000 | P7: =TONTJANV23!P7+TONTFEV23!P7+TONTMARS23!P7+TONTAVRIL23!P7+TONTMAI23!P7+TONTJUIN23!P7+TONTJUIL23!P7+TONTAOUT23!P7+TONTSEPT23!P7+TONTOCT23!P7+TONTNOV23!P7+TONTDEC23!P7 -> 10000 | Q7: 44986 | S7: =$Q$28 -> 44678.571 | T7: 44000
A8: AS201608 | B8: =TONTJANV23!B8+TONTFEV23!B8+TONTMARS23!B8+TONTAVRIL23!B8+TONTMAI23!B8+TONTJUIN23!B8+TONTJUIL23!B8+TONTAOUT23!B8+TONTSEPT23!B8+TONTOCT23!B8+TONTNOV23!B8+TONTDEC23!B8 -> 24 | C8: =VLOOKUP(A8,[7]LISTADHERENT!A$5:H$60,3,0) -> DJUOMBESSY ANTOINE | D8: =TONTJANV23!D8+TONTFEV23!D8+TONTMARS23!D8+TONTAVRIL23!D8+TONTMAI23!D8+TONTJUIN23!D8+TONTJUIL23!D8+TONTAOUT23!D8+TONTSEPT23!D8+TONTOCT23!D8+TONTNOV23!D8+TONTDEC23!D8 -> 2400000 | E8: =VLOOKUP($A8,[6]HISTOMARS23!$A$6:$BB$45,8,0) -> BANQUE | F8: =TONTJANV23!F8+TONTFEV23!F8+TONTMARS23!F8+TONTAVRIL23!F8+TONTMAI23!F8+TONTJUIN23!F8+TONTJUIL23!F8+TONTAOUT23!F8+TONTSEPT23!F8+TONTOCT23!F8+TONTNOV23!F8+TONTDEC23!F8 -> 802000 | G8: =TONTJANV23!G8+TONTFEV23!G8+TONTMARS23!G8+TONTAVRIL23!G8+TONTMAI23!G8+TONTJUIN23!G8+TONTJUIL23!G8+TONTAOUT23!G8+TONTSEPT23!G8+TONTOCT23!G8+TONTNOV23!G8+TONTDEC23!G8 -> 10000 | J8: =TONTJANV23!J8+TONTFEV23!J8+TONTMARS23!J8+TONTAVRIL23!J8+TONTMAI23!J8+TONTJUIN23!J8+TONTJUIL23!J8+TONTAOUT23!J8+TONTSEPT23!J8+TONTOCT23!J8+TONTNOV23!J8+TONTDEC23!J8 -> 812000 | K8: =TONTJANV23!K8+TONTFEV23!K8+TONTMARS23!K8+TONTAVRIL23!K8+TONTMAI23!K8+TONTJUIN23!K8+TONTJUIL23!K8+TONTAOUT23!K8+TONTSEPT23!K8+TONTOCT23!K8+TONTNOV23!K8+TONTDEC23!K8 -> 812000 | O8: =TONTJANV23!O8+TONTFEV23!O8+TONTMARS23!O8+TONTAVRIL23!O8+TONTMAI23!O8+TONTJUIN23!O8+TONTJUIL23!O8+TONTAOUT23!O8+TONTSEPT23!O8+TONTOCT23!O8+TONTNOV23!O8+TONTDEC23!O8 -> 2380000 | P8: =TONTJANV23!P8+TONTFEV23!P8+TONTMARS23!P8+TONTAVRIL23!P8+TONTMAI23!P8+TONTJUIN23!P8+TONTJUIL23!P8+TONTAOUT23!P8+TONTSEPT23!P8+TONTOCT23!P8+TONTNOV23!P8+TONTDEC23!P8 -> 20000 | Q8: 44986 | R8: 45139 | S8: =$Q$28*2 -> 89357.143 | T8: 88000
A9: AS201613 | B9: =TONTJANV23!B9+TONTFEV23!B9+TONTMARS23!B9+TONTAVRIL23!B9+TONTMAI23!B9+TONTJUIN23!B9+TONTJUIL23!B9+TONTAOUT23!B9+TONTSEPT23!B9+TONTOCT23!B9+TONTNOV23!B9+TONTDEC23!B9 -> 12 | C9: =VLOOKUP(A9,[7]LISTADHERENT!A$5:H$60,3,0) -> HOTCHO BENJAMIN | D9: =TONTJANV23!D9+TONTFEV23!D9+TONTMARS23!D9+TONTAVRIL23!D9+TONTMAI23!D9+TONTJUIN23!D9+TONTJUIL23!D9+TONTAOUT23!D9+TONTSEPT23!D9+TONTOCT23!D9+TONTNOV23!D9+TONTDEC23!D9 -> 1200000 | E9: =VLOOKUP($A9,[6]HISTOMARS23!$A$6:$BB$45,8,0) -> BANQUE | F9: =TONTJANV23!F9+TONTFEV23!F9+TONTMARS23!F9+TONTAVRIL23!F9+TONTMAI23!F9+TONTJUIN23!F9+TONTJUIL23!F9+TONTAOUT23!F9+TONTSEPT23!F9+TONTOCT23!F9+TONTNOV23!F9+TONTDEC23!F9 -> 766000 | G9: =TONTJANV23!G9+TONTFEV23!G9+TONTMARS23!G9+TONTAVRIL23!G9+TONTMAI23!G9+TONTJUIN23!G9+TONTJUIL23!G9+TONTAOUT23!G9+TONTSEPT23!G9+TONTOCT23!G9+TONTNOV23!G9+TONTDEC23!G9 -> 9000 | J9: =TONTJANV23!J9+TONTFEV23!J9+TONTMARS23!J9+TONTAVRIL23!J9+TONTMAI23!J9+TONTJUIN23!J9+TONTJUIL23!J9+TONTAOUT23!J9+TONTSEPT23!J9+TONTOCT23!J9+TONTNOV23!J9+TONTDEC23!J9 -> 775000 | K9: =TONTJANV23!K9+TONTFEV23!K9+TONTMARS23!K9+TONTAVRIL23!K9+TONTMAI23!K9+TONTJUIN23!K9+TONTJUIL23!K9+TONTAOUT23!K9+TONTSEPT23!K9+TONTOCT23!K9+TONTNOV23!K9+TONTDEC23!K9 -> 775000 | O9: =TONTJANV23!O9+TONTFEV23!O9+TONTMARS23!O9+TONTAVRIL23!O9+TONTMAI23!O9+TONTJUIN23!O9+TONTJUIL23!O9+TONTAOUT23!O9+TONTSEPT23!O9+TONTOCT23!O9+TONTNOV23!O9+TONTDEC23!O9 -> 1172000 | P9: =TONTJANV23!P9+TONTFEV23!P9+TONTMARS23!P9+TONTAVRIL23!P9+TONTMAI23!P9+TONTJUIN23!P9+TONTJUIL23!P9+TONTAOUT23!P9+TONTSEPT23!P9+TONTOCT23!P9+TONTNOV23!P9+TONTDEC23!P9 -> 28000 | Q9: 44958 | S9: =$Q$28 -> 44678.571 | T9: 44000
A10: AS201617 | B10: =TONTJANV23!B10+TONTFEV23!B10+TONTMARS23!B10+TONTAVRIL23!B10+TONTMAI23!B10+TONTJUIN23!B10+TONTJUIL23!B10+TONTAOUT23!B10+TONTSEPT23!B10+TONTOCT23!B10+TONTNOV23!B10+TONTDEC23!B10 -> 12 | C10: =VLOOKUP(A10,[7]LISTADHERENT!A$5:H$60,3,0) -> KOUAMOU MOISE | D10: =TONTJANV23!D10+TONTFEV23!D10+TONTMARS23!D10+TONTAVRIL23!D10+TONTMAI23!D10+TONTJUIN23!D10+TONTJUIL23!D10+TONTAOUT23!D10+TONTSEPT23!D10+TONTOCT23!D10+TONTNOV23!D10+TONTDEC23!D10 -> 1200000 | E10: =VLOOKUP($A10,[6]HISTOMARS23!$A$6:$BB$45,8,0) -> BANQUE | F10: =TONTJANV23!F10+TONTFEV23!F10+TONTMARS23!F10+TONTAVRIL23!F10+TONTMAI23!F10+TONTJUIN23!F10+TONTJUIL23!F10+TONTAOUT23!F10+TONTSEPT23!F10+TONTOCT23!F10+TONTNOV23!F10+TONTDEC23!F10 -> 300000 | G10: =TONTJANV23!G10+TONTFEV23!G10+TONTMARS23!G10+TONTAVRIL23!G10+TONTMAI23!G10+TONTJUIN23!G10+TONTJUIL23!G10+TONTAOUT23!G10+TONTSEPT23!G10+TONTOCT23!G10+TONTNOV23!G10+TONTDEC23!G10 -> 3000 | J10: =TONTJANV23!J10+TONTFEV23!J10+TONTMARS23!J10+TONTAVRIL23!J10+TONTMAI23!J10+TONTJUIN23!J10+TONTJUIL23!J10+TONTAOUT23!J10+TONTSEPT23!J10+TONTOCT23!J10+TONTNOV23!J10+TONTDEC23!J10 -> 303000 | K10: =TONTJANV23!K10+TONTFEV23!K10+TONTMARS23!K10+TONTAVRIL23!K10+TONTMAI23!K10+TONTJUIN23!K10+TONTJUIL23!K10+TONTAOUT23!K10+TONTSEPT23!K10+TONTOCT23!K10+TONTNOV23!K10+TONTDEC23!K10 -> 303000 | O10: =TONTJANV23!O10+TONTFEV23!O10+TONTMARS23!O10+TONTAVRIL23!O10+TONTMAI23!O10+TONTJUIN23!O10+TONTJUIL23!O10+TONTAOUT23!O10+TONTSEPT23!O10+TONTOCT23!O10+TONTNOV23!O10+TONTDEC23!O10 -> 1172000 | P10: =TONTJANV23!P10+TONTFEV23!P10+TONTMARS23!P10+TONTAVRIL23!P10+TONTMAI23!P10+TONTJUIN23!P10+TONTJUIL23!P10+TONTAOUT23!P10+TONTSEPT23!P10+TONTOCT23!P10+TONTNOV23!P10+TONTDEC23!P10 -> 28000 | Q10: 44958 | S10: =$Q$28 -> 44678.571 | T10: 44000
A11: AS201619 | B11: =TONTJANV23!B11+TONTFEV23!B11+TONTMARS23!B11+TONTAVRIL23!B11+TONTMAI23!B11+TONTJUIN23!B11+TONTJUIL23!B11+TONTAOUT23!B11+TONTSEPT23!B11+TONTOCT23!B11+TONTNOV23!B11+TONTDEC23!B11 -> 12 | C11: =VLOOKUP(A11,[7]LISTADHERENT!A$5:H$60,3,0) -> KOUATCHO MESSACK | D11: =TONTJANV23!D11+TONTFEV23!D11+TONTMARS23!D11+TONTAVRIL23!D11+TONTMAI23!D11+TONTJUIN23!D11+TONTJUIL23!D11+TONTAOUT23!D11+TONTSEPT23!D11+TONTOCT23!D11+TONTNOV23!D11+TONTDEC23!D11 -> 1200000 | E11: =VLOOKUP($A11,[6]HISTOMARS23!$A$6:$BB$45,8,0) -> BANQUE | F11: =TONTJANV23!F11+TONTFEV23!F11+TONTMARS23!F11+TONTAVRIL23!F11+TONTMAI23!F11+TONTJUIN23!F11+TONTJUIL23!F11+TONTAOUT23!F11+TONTSEPT23!F11+TONTOCT23!F11+TONTNOV23!F11+TONTDEC23!F11 -> 300000 | G11: =TONTJANV23!G11+TONTFEV23!G11+TONTMARS23!G11+TONTAVRIL23!G11+TONTMAI23!G11+TONTJUIN23!G11+TONTJUIL23!G11+TONTAOUT23!G11+TONTSEPT23!G11+TONTOCT23!G11+TONTNOV23!G11+TONTDEC23!G11 -> 3000 | J11: =TONTJANV23!J11+TONTFEV23!J11+TONTMARS23!J11+TONTAVRIL23!J11+TONTMAI23!J11+TONTJUIN23!J11+TONTJUIL23!J11+TONTAOUT23!J11+TONTSEPT23!J11+TONTOCT23!J11+TONTNOV23!J11+TONTDEC23!J11 -> 303000 | K11: =TONTJANV23!K11+TONTFEV23!K11+TONTMARS23!K11+TONTAVRIL23!K11+TONTMAI23!K11+TONTJUIN23!K11+TONTJUIL23!K11+TONTAOUT23!K11+TONTSEPT23!K11+TONTOCT23!K11+TONTNOV23!K11+TONTDEC23!K11 -> 303000 | O11: =TONTJANV23!O11+TONTFEV23!O11+TONTMARS23!O11+TONTAVRIL23!O11+TONTMAI23!O11+TONTJUIN23!O11+TONTJUIL23!O11+TONTAOUT23!O11+TONTSEPT23!O11+TONTOCT23!O11+TONTNOV23!O11+TONTDEC23!O11 -> 1075000 | P11: =TONTJANV23!P11+TONTFEV23!P11+TONTMARS23!P11+TONTAVRIL23!P11+TONTMAI23!P11+TONTJUIN23!P11+TONTJUIL23!P11+TONTAOUT23!P11+TONTSEPT23!P11+TONTOCT23!P11+TONTNOV23!P11+TONTDEC23!P11 -> 125000 | Q11: 44927 | S11: =$Q$28 -> 44678.571 | T11: 44000
A12: AS201649 | B12: =TONTJANV23!B12+TONTFEV23!B12+TONTMARS23!B12+TONTAVRIL23!B12+TONTMAI23!B12+TONTJUIN23!B12+TONTJUIL23!B12+TONTAOUT23!B12+TONTSEPT23!B12+TONTOCT23!B12+TONTNOV23!B12+TONTDEC23!B12 -> 12 | C12: =VLOOKUP(A12,[7]LISTADHERENT!A$5:H$60,3,0) -> MBOGNING TUGMA GUY | D12: =TONTJANV23!D12+TONTFEV23!D12+TONTMARS23!D12+TONTAVRIL23!D12+TONTMAI23!D12+TONTJUIN23!D12+TONTJUIL23!D12+TONTAOUT23!D12+TONTSEPT23!D12+TONTOCT23!D12+TONTNOV23!D12+TONTDEC23!D12 -> 1200000 | E12: =VLOOKUP($A12,[6]HISTOMARS23!$A$6:$BB$45,8,0) -> BANQUE | F12: =TONTJANV23!F12+TONTFEV23!F12+TONTMARS23!F12+TONTAVRIL23!F12+TONTMAI23!F12+TONTJUIN23!F12+TONTJUIL23!F12+TONTAOUT23!F12+TONTSEPT23!F12+TONTOCT23!F12+TONTNOV23!F12+TONTDEC23!F12 -> 1491500 | G12: =TONTJANV23!G12+TONTFEV23!G12+TONTMARS23!G12+TONTAVRIL23!G12+TONTMAI23!G12+TONTJUIN23!G12+TONTJUIL23!G12+TONTAOUT23!G12+TONTSEPT23!G12+TONTOCT23!G12+TONTNOV23!G12+TONTDEC23!G12 -> 16000 | J12: =TONTJANV23!J12+TONTFEV23!J12+TONTMARS23!J12+TONTAVRIL23!J12+TONTMAI23!J12+TONTJUIN23!J12+TONTJUIL23!J12+TONTAOUT23!J12+TONTSEPT23!J12+TONTOCT23!J12+TONTNOV23!J12+TONTDEC23!J12 -> 1507500 | K12: =TONTJANV23!K12+TONTFEV23!K12+TONTMARS23!K12+TONTAVRIL23!K12+TONTMAI23!K12+TONTJUIN23!K12+TONTJUIL23!K12+TONTAOUT23!K12+TONTSEPT23!K12+TONTOCT23!K12+TONTNOV23!K12+TONTDEC23!K12 -> 1507500 | O12: =TONTJANV23!O12+TONTFEV23!O12+TONTMARS23!O12+TONTAVRIL23!O12+TONTMAI23!O12+TONTJUIN23!O12+TONTJUIL23!O12+TONTAOUT23!O12+TONTSEPT23!O12+TONTOCT23!O12+TONTNOV23!O12+TONTDEC23!O12 -> 1075000 | P12: =TONTJANV23!P12+TONTFEV23!P12+TONTMARS23!P12+TONTAVRIL23!P12+TONTMAI23!P12+TONTJUIN23!P12+TONTJUIL23!P12+TONTAOUT23!P12+TONTSEPT23!P12+TONTOCT23!P12+TONTNOV23!P12+TONTDEC23!P12 -> 125000 | Q12: 44927 | S12: =$Q$28 -> 44678.571 | T12: 44000
A13: AS201622 | B13: =TONTJANV23!B13+TONTFEV23!B13+TONTMARS23!B13+TONTAVRIL23!B13+TONTMAI23!B13+TONTJUIN23!B13+TONTJUIL23!B13+TONTAOUT23!B13+TONTSEPT23!B13+TONTOCT23!B13+TONTNOV23!B13+TONTDEC23!B13 -> 24 | C13: =VLOOKUP(A13,[7]LISTADHERENT!A$5:H$60,3,0) -> NDJOMO ETIENNE | D13: =TONTJANV23!D13+TONTFEV23!D13+TONTMARS23!D13+TONTAVRIL23!D13+TONTMAI23!D13+TONTJUIN23!D13+TONTJUIL23!D13+TONTAOUT23!D13+TONTSEPT23!D13+TONTOCT23!D13+TONTNOV23!D13+TONTDEC23!D13 -> 2400000 | E13: =VLOOKUP($A13,[6]HISTOMARS23!$A$6:$BB$45,8,0) -> BANQUE | F13: =TONTJANV23!F13+TONTFEV23!F13+TONTMARS23!F13+TONTAVRIL23!F13+TONTMAI23!F13+TONTJUIN23!F13+TONTJUIL23!F13+TONTAOUT23!F13+TONTSEPT23!F13+TONTOCT23!F13+TONTNOV23!F13+TONTDEC23!F13 -> 700000 | G13: =TONTJANV23!G13+TONTFEV23!G13+TONTMARS23!G13+TONTAVRIL23!G13+TONTMAI23!G13+TONTJUIN23!G13+TONTJUIL23!G13+TONTAOUT23!G13+TONTSEPT23!G13+TONTOCT23!G13+TONTNOV23!G13+TONTDEC23!G13 -> 7000 | J13: =TONTJANV23!J13+TONTFEV23!J13+TONTMARS23!J13+TONTAVRIL23!J13+TONTMAI23!J13+TONTJUIN23!J13+TONTJUIL23!J13+TONTAOUT23!J13+TONTSEPT23!J13+TONTOCT23!J13+TONTNOV23!J13+TONTDEC23!J13 -> 707000 | K13: =TONTJANV23!K13+TONTFEV23!K13+TONTMARS23!K13+TONTAVRIL23!K13+TONTMAI23!K13+TONTJUIN23!K13+TONTJUIL23!K13+TONTAOUT23!K13+TONTSEPT23!K13+TONTOCT23!K13+TONTNOV23!K13+TONTDEC23!K13 -> 707000 | O13: =TONTJANV23!O13+TONTFEV23!O13+TONTMARS23!O13+TONTAVRIL23!O13+TONTMAI23!O13+TONTJUIN23!O13+TONTJUIL23!O13+TONTAOUT23!O13+TONTSEPT23!O13+TONTOCT23!O13+TONTNOV23!O13+TONTDEC23!O13 -> 2380000 | P13: =TONTJANV23!P13+TONTFEV23!P13+TONTMARS23!P13+TONTAVRIL23!P13+TONTMAI23!P13+TONTJUIN23!P13+TONTJUIL23!P13+TONTAOUT23!P13+TONTSEPT23!P13+TONTOCT23!P13+TONTNOV23!P13+TONTDEC23!P13 -> 20000 | Q13: 45078 | R13: 45139 | S13: =$Q$28*2 -> 89357.143 | T13: 88000
A14: AS201624 | B14: =TONTJANV23!B14+TONTFEV23!B14+TONTMARS23!B14+TONTAVRIL23!B14+TONTMAI23!B14+TONTJUIN23!B14+TONTJUIL23!B14+TONTAOUT23!B14+TONTSEPT23!B14+TONTOCT23!B14+TONTNOV23!B14+TONTDEC23!B14 -> 12 | C14: =VLOOKUP(A14,[7]LISTADHERENT!A$5:H$60,3,0) -> NGONDIEP CLAUDE | D14: =TONTJANV23!D14+TONTFEV23!D14+TONTMARS23!D14+TONTAVRIL23!D14+TONTMAI23!D14+TONTJUIN23!D14+TONTJUIL23!D14+TONTAOUT23!D14+TONTSEPT23!D14+TONTOCT23!D14+TONTNOV23!D14+TONTDEC23!D14 -> 1200000 | E14: =VLOOKUP($A14,[6]HISTOMARS23!$A$6:$BB$45,8,0) -> ESPECES | F14: =TONTJANV23!F14+TONTFEV23!F14+TONTMARS23!F14+TONTAVRIL23!F14+TONTMAI23!F14+TONTJUIN23!F14+TONTJUIL23!F14+TONTAOUT23!F14+TONTSEPT23!F14+TONTOCT23!F14+TONTNOV23!F14+TONTDEC23!F14 -> 900000 | G14: =TONTJANV23!G14+TONTFEV23!G14+TONTMARS23!G14+TONTAVRIL23!G14+TONTMAI23!G14+TONTJUIN23!G14+TONTJUIL23!G14+TONTAOUT23!G14+TONTSEPT23!G14+TONTOCT23!G14+TONTNOV23!G14+TONTDEC23!G14 -> 15000 | J14: =TONTJANV23!J14+TONTFEV23!J14+TONTMARS23!J14+TONTAVRIL23!J14+TONTMAI23!J14+TONTJUIN23!J14+TONTJUIL23!J14+TONTAOUT23!J14+TONTSEPT23!J14+TONTOCT23!J14+TONTNOV23!J14+TONTDEC23!J14 -> 915000 | K14: =TONTJANV23!K14+TONTFEV23!K14+TONTMARS23!K14+TONTAVRIL23!K14+TONTMAI23!K14+TONTJUIN23!K14+TONTJUIL23!K14+TONTAOUT23!K14+TONTSEPT23!K14+TONTOCT23!K14+TONTNOV23!K14+TONTDEC23!K14 -> 915000 | O14: =TONTJANV23!O14+TONTFEV23!O14+TONTMARS23!O14+TONTAVRIL23!O14+TONTMAI23!O14+TONTJUIN23!O14+TONTJUIL23!O14+TONTAOUT23!O14+TONTSEPT23!O14+TONTOCT23!O14+TONTNOV23!O14+TONTDEC23!O14 -> 1075000 | P14: =TONTJANV23!P14+TONTFEV23!P14+TONTMARS23!P14+TONTAVRIL23!P14+TONTMAI23!P14+TONTJUIN23!P14+TONTJUIL23!P14+TONTAOUT23!P14+TONTSEPT23!P14+TONTOCT23!P14+TONTNOV23!P14+TONTDEC23!P14 -> 125000 | Q14: 44927 | S14: =$Q$28 -> 44678.571 | T14: 44000
A15: AS201626 | B15: =TONTJANV23!B15+TONTFEV23!B15+TONTMARS23!B15+TONTAVRIL23!B15+TONTMAI23!B15+TONTJUIN23!B15+TONTJUIL23!B15+TONTAOUT23!B15+TONTSEPT23!B15+TONTOCT23!B15+TONTNOV23!B15+TONTDEC23!B15 -> 12 | C15: =VLOOKUP(A15,[7]LISTADHERENT!A$5:H$60,3,0) -> NGUIEMEGNI MATHIEU BLAISE | D15: =TONTJANV23!D15+TONTFEV23!D15+TONTMARS23!D15+TONTAVRIL23!D15+TONTMAI23!D15+TONTJUIN23!D15+TONTJUIL23!D15+TONTAOUT23!D15+TONTSEPT23!D15+TONTOCT23!D15+TONTNOV23!D15+TONTDEC23!D15 -> 1200000 | E15: =VLOOKUP($A15,[6]HISTOMARS23!$A$6:$BB$45,8,0) -> BANQUE | F15: =TONTJANV23!F15+TONTFEV23!F15+TONTMARS23!F15+TONTAVRIL23!F15+TONTMAI23!F15+TONTJUIN23!F15+TONTJUIL23!F15+TONTAOUT23!F15+TONTSEPT23!F15+TONTOCT23!F15+TONTNOV23!F15+TONTDEC23!F15 -> 868000 | G15: =TONTJANV23!G15+TONTFEV23!G15+TONTMARS23!G15+TONTAVRIL23!G15+TONTMAI23!G15+TONTJUIN23!G15+TONTJUIL23!G15+TONTAOUT23!G15+TONTSEPT23!G15+TONTOCT23!G15+TONTNOV23!G15+TONTDEC23!G15 -> 16000 | J15: =TONTJANV23!J15+TONTFEV23!J15+TONTMARS23!J15+TONTAVRIL23!J15+TONTMAI23!J15+TONTJUIN23!J15+TONTJUIL23!J15+TONTAOUT23!J15+TONTSEPT23!J15+TONTOCT23!J15+TONTNOV23!J15+TONTDEC23!J15 -> 884000 | K15: =TONTJANV23!K15+TONTFEV23!K15+TONTMARS23!K15+TONTAVRIL23!K15+TONTMAI23!K15+TONTJUIN23!K15+TONTJUIL23!K15+TONTAOUT23!K15+TONTSEPT23!K15+TONTOCT23!K15+TONTNOV23!K15+TONTDEC23!K15 -> 884000 | O15: =TONTJANV23!O15+TONTFEV23!O15+TONTMARS23!O15+TONTAVRIL23!O15+TONTMAI23!O15+TONTJUIN23!O15+TONTJUIL23!O15+TONTAOUT23!O15+TONTSEPT23!O15+TONTOCT23!O15+TONTNOV23!O15+TONTDEC23!O15 -> 1180000 | P15: =TONTJANV23!P15+TONTFEV23!P15+TONTMARS23!P15+TONTAVRIL23!P15+TONTMAI23!P15+TONTJUIN23!P15+TONTJUIL23!P15+TONTAOUT23!P15+TONTSEPT23!P15+TONTOCT23!P15+TONTNOV23!P15+TONTDEC23!P15 -> 20000 | Q15: 45017 | S15: =$Q$28 -> 44678.571 | T15: 44000
A16: AS201638 | B16: =TONTJANV23!B16+TONTFEV23!B16+TONTMARS23!B16+TONTAVRIL23!B16+TONTMAI23!B16+TONTJUIN23!B16+TONTJUIL23!B16+TONTAOUT23!B16+TONTSEPT23!B16+TONTOCT23!B16+TONTNOV23!B16+TONTDEC23!B16 -> 12 | C16: =VLOOKUP(A16,[7]LISTADHERENT!A$5:H$60,3,0) -> SIMO PIERRE | D16: =TONTJANV23!D16+TONTFEV23!D16+TONTMARS23!D16+TONTAVRIL23!D16+TONTMAI23!D16+TONTJUIN23!D16+TONTJUIL23!D16+TONTAOUT23!D16+TONTSEPT23!D16+TONTOCT23!D16+TONTNOV23!D16+TONTDEC23!D16 -> 1200000 | E16: =VLOOKUP($A16,[6]HISTOMARS23!$A$6:$BB$45,8,0) -> BANQUE | F16: =TONTJANV23!F16+TONTFEV23!F16+TONTMARS23!F16+TONTAVRIL23!F16+TONTMAI23!F16+TONTJUIN23!F16+TONTJUIL23!F16+TONTAOUT23!F16+TONTSEPT23!F16+TONTOCT23!F16+TONTNOV23!F16+TONTDEC23!F16 -> 60000 | G16: =TONTJANV23!G16+TONTFEV23!G16+TONTMARS23!G16+TONTAVRIL23!G16+TONTMAI23!G16+TONTJUIN23!G16+TONTJUIL23!G16+TONTAOUT23!G16+TONTSEPT23!G16+TONTOCT23!G16+TONTNOV23!G16+TONTDEC23!G16 -> 2000 | J16: =TONTJANV23!J16+TONTFEV23!J16+TONTMARS23!J16+TONTAVRIL23!J16+TONTMAI23!J16+TONTJUIN23!J16+TONTJUIL23!J16+TONTAOUT23!J16+TONTSEPT23!J16+TONTOCT23!J16+TONTNOV23!J16+TONTDEC23!J16 -> 62000 | K16: =TONTJANV23!K16+TONTFEV23!K16+TONTMARS23!K16+TONTAVRIL23!K16+TONTMAI23!K16+TONTJUIN23!K16+TONTJUIL23!K16+TONTAOUT23!K16+TONTSEPT23!K16+TONTOCT23!K16+TONTNOV23!K16+TONTDEC23!K16 -> 62000 | O16: =TONTJANV23!O16+TONTFEV23!O16+TONTMARS23!O16+TONTAVRIL23!O16+TONTMAI23!O16+TONTJUIN23!O16+TONTJUIL23!O16+TONTAOUT23!O16+TONTSEPT23!O16+TONTOCT23!O16+TONTNOV23!O16+TONTDEC23!O16 -> 1190000 | P16: =TONTJANV23!P16+TONTFEV23!P16+TONTMARS23!P16+TONTAVRIL23!P16+TONTMAI23!P16+TONTJUIN23!P16+TONTJUIL23!P16+TONTAOUT23!P16+TONTSEPT23!P16+TONTOCT23!P16+TONTNOV23!P16+TONTDEC23!P16 -> 10000 | Q16: 45047 | S16: =$Q$28 -> 44678.571 | T16: 44000
A17: AS201647 | B17: =TONTJANV23!B17+TONTFEV23!B17+TONTMARS23!B17+TONTAVRIL23!B17+TONTMAI23!B17+TONTJUIN23!B17+TONTJUIL23!B17+TONTAOUT23!B17+TONTSEPT23!B17+TONTOCT23!B17+TONTNOV23!B17+TONTDEC23!B17 -> 12 | C17: =VLOOKUP(A17,[7]LISTADHERENT!A$5:H$60,3,0) -> YOUMBI EMMANUEL | D17: =TONTJANV23!D17+TONTFEV23!D17+TONTMARS23!D17+TONTAVRIL23!D17+TONTMAI23!D17+TONTJUIN23!D17+TONTJUIL23!D17+TONTAOUT23!D17+TONTSEPT23!D17+TONTOCT23!D17+TONTNOV23!D17+TONTDEC23!D17 -> 1200000 | E17: =VLOOKUP($A17,[6]HISTOMARS23!$A$6:$BB$45,8,0) -> BANQUE | F17: =TONTJANV23!F17+TONTFEV23!F17+TONTMARS23!F17+TONTAVRIL23!F17+TONTMAI23!F17+TONTJUIN23!F17+TONTJUIL23!F17+TONTAOUT23!F17+TONTSEPT23!F17+TONTOCT23!F17+TONTNOV23!F17+TONTDEC23!F17 -> 0 | G17: =TONTJANV23!G17+TONTFEV23!G17+TONTMARS23!G17+TONTAVRIL23!G17+TONTMAI23!G17+TONTJUIN23!G17+TONTJUIL23!G17+TONTAOUT23!G17+TONTSEPT23!G17+TONTOCT23!G17+TONTNOV23!G17+TONTDEC23!G17 -> 0 | J17: =TONTJANV23!J17+TONTFEV23!J17+TONTMARS23!J17+TONTAVRIL23!J17+TONTMAI23!J17+TONTJUIN23!J17+TONTJUIL23!J17+TONTAOUT23!J17+TONTSEPT23!J17+TONTOCT23!J17+TONTNOV23!J17+TONTDEC23!J17 -> 0 | K17: =TONTJANV23!K17+TONTFEV23!K17+TONTMARS23!K17+TONTAVRIL23!K17+TONTMAI23!K17+TONTJUIN23!K17+TONTJUIL23!K17+TONTAOUT23!K17+TONTSEPT23!K17+TONTOCT23!K17+TONTNOV23!K17+TONTDEC23!K17 -> 0 | O17: =TONTJANV23!O17+TONTFEV23!O17+TONTMARS23!O17+TONTAVRIL23!O17+TONTMAI23!O17+TONTJUIN23!O17+TONTJUIL23!O17+TONTAOUT23!O17+TONTSEPT23!O17+TONTOCT23!O17+TONTNOV23!O17+TONTDEC23!O17 -> 1190000 | P17: =TONTJANV23!P17+TONTFEV23!P17+TONTMARS23!P17+TONTAVRIL23!P17+TONTMAI23!P17+TONTJUIN23!P17+TONTJUIL23!P17+TONTAOUT23!P17+TONTSEPT23!P17+TONTOCT23!P17+TONTNOV23!P17+TONTDEC23!P17 -> 10000 | Q17: 45078 | S17: =$Q$28 -> 44678.571 | T17: 44000
A19: TOTAL PART | B19: =SUM(B6:B18) -> 168
A20: NBRE ADHERENT | B20: =+COUNT(D6:D18) -> 12 | D20: =SUM(D6:D18) -> 16800000 | F20: =SUM(F6:F18) -> 7371500 | G20: =SUM(G6:G18) -> 94500 | I20: =SUM(I6:I18) -> 0 | J20: =SUM(J6:J18) -> 7466000 | K20: =SUM(K6:K18) -> 7466000 | N20: =SUM(N6:N18) -> 0 | O20: =SUM(O6:O18) -> 16269000 | P20: =SUM(P6:P18) -> 531000 | S20: =SUM(S6:S18) -> 625500 | T20: =SUM(T6:T18) -> 616000 | V20: =S20-T20 -> 9500
M21: NBRE PART | N21: PART VENDUE
D22: MONTANT TONTINE | E22: REMBOURSEMENT PETIT LOT | F22: VENTE PETIT LOT | G22: VENTE LOT PRINCIPAL | H22: SOLDE EN CAISSE | K22: TONTINE + REMB + INTERET VENTE | L22: =D26+E26+P20+TONTFEV23!N27 -> 18175000
C23: ESPECES | D23: =SUMIFS(D6:D18,E6:E18,"ESPECES") -> 1200000 | E23: =SUMIFS(K6:K18,L6:L18,"ESPECES") -> 0 | F23: =SUMIFS(F6:F18,H6:H18,"ESPECES") -> 0 | G23: =SUMIFS(O6:O18,M6:M18,"ESPECES") -> 0 | H23: =D23+E23-F23-G23 -> 1200000 | K23: LOT PRINCIPAL | L23: =C3*COUNTIF(O6:O18,">0") -> 14400000 | M23: =D3 -> 15 | N23: =COUNTIF(O8:O17,">0") -> 10
C24: BANQUE | D24: =SUMIFS(D6:D18,E6:E18,"BANQUE") -> 15600000 | E24: =SUMIFS(K6:K18,L6:L18,"BANQUE") -> 0 | F24: =SUMIFS(F6:F18,H6:H18,"BANQUE") -> 0 | G24: =SUMIFS(O6:O18,M6:M18,"BANQUE") -> 0 | H24: =D24+E24-F24-G24 -> 15600000 | P24: INTERET PETIT LOT | Q24: =G20 -> 94500 | S24: =[8]TONTRESUME23!$X$38+[9]TONTRESUME23!$U$23+V20 -> 56000
K25: PETIT LOT | L25: =L22-L23 -> 3775000 | T25: =S24/7 -> 8000
C26: TOTAL | D26: =D23+D24 -> 16800000 | E26: =E23+E24 -> 0 | F26: =F23+F24 -> 0 | G26: =G23+G24 -> 0 | H26: =H23+H24 -> 16800000 | P26: INTERET A REPARTIR | Q26: =P20+Q24 -> 625500
K27: RELIQUAT | L27: =L25-F20 -> -3596500 | N27: =TONTRESUME23!L27 -> -3596500 | O27: CUMUL
P28: INTERET/ADHERENT | Q28: =Q26/14 -> 44678.571
K29: ECHEC TONTINE MOIS | L29: =COUNTIFS(E6:E24,"ECHEC")*100000 -> 0 | N29: =TONTFEV23!N29+TONTRESUME23!L29 -> 0 | O29: CUMUL
K30: ECHEC REMBOURSEMENT MOIS | L30: =J20-E26 -> 7466000 | N30: =TONTFEV23!N30+TONTRESUME23!L30 -> 7466000 | O30: CUMUL

Sheet SYNTHESE
