Workbook
Name BANQUE: #REF!
Name BANQUE: #REF!
Name BANQUE: #REF!
Name BANQUE: #REF!
Name BANQUE: #REF!
Name BANQUE: #REF!
Name BANQUE: #REF!
Name BANQUE: #REF!
Name BANQUE: #REF!
Name BANQUE: #REF!
Name BANQUE: #REF!
Name BANQUE: #REF!
Name BANQUE: #REF!
Name BANQUE: #REF!
Name BANQUE: #REF!
Name MODEPAID: #REF!
Name MODEPAID: [1]Feuil2!$A$1:$A$3
Name MODET25000: [2]MODEVERSEMENT!$A$1:$A$3
Name MODEVERSEMENT: #REF!
Name MODEVERSEMENT: #REF!
Name MODEVERSEMENT: #REF!
Name MODEVERSEMENT: #REF!
Name MODEVERSEMENT: #REF!
Name MODEVERSEMENT: #REF!
Name MODEVERSEMENT: #REF!
Name MODEVERSEMENT: #REF!
Name MODEVERSEMENT: #REF!
Name MODEVERSEMENT: #REF!
Name MODEVERSEMENT: #REF!
Name MODEVERSEMENT: #REF!
Name MODEVERSEMENT: #REF!
Name MODEVERSEMENT: #REF!
Name MODEVERSEMENT: #REF!
Name MODEVERSEMENTS: [3]MODEVERSEMENT!$A$1:$A$3
Name MODEVERSEMENTS: [3]MODEVERSEMENT!$A$1:$A$3
Name MODEVERSEMENTS: [3]MODEVERSEMENT!$A$1:$A$3
Name MODEVERSEMENTS: [3]MODEVERSEMENT!$A$1:$A$3
Name MODEVERSEMENTS: [3]MODEVERSEMENT!$A$1:$A$3
Name MODEVERSEMENTS: [3]MODEVERSEMENT!$A$1:$A$3
Name MODEVERSEMENTS: [3]MODEVERSEMENT!$A$1:$A$3
Name MODEVERSEMENTS: [3]MODEVERSEMENT!$A$1:$A$3
Name MODEVERSEMENTS: [3]MODEVERSEMENT!$A$1:$A$3
Name MODEVERSEMENTS: [3]MODEVERSEMENT!$A$1:$A$3
Name MODEVERSEMENTS: [3]MODEVERSEMENT!$A$1:$A$3
Name MODEVERSEMENTS: [3]MODEVERSEMENT!$A$1:$A$3
Name MODEVERSEMENTS: [3]MODEVERSEMENT!$A$1:$A$3
Name MODEVERSEMENTS: MODEVERSEMENT!$A$1:$A$3
Name MODPAID: TONTAOUT23!#REF!
Name MODPAID: TONTAVRIL23!#REF!
Name MODPAID: TONTDEC23!#REF!
Name MODPAID: TONTFEV23!#REF!
Name MODPAID: TONTJANV23!#REF!
Name MODPAID: TONTJUIL23!#REF!
Name MODPAID: TONTJUIN23!#REF!
Name MODPAID: TONTMAI23!#REF!
Name MODPAID: TONTMARS23!#REF!
Name MODPAID: TONTNOV23!#REF!
Name MODPAID: TONTOCT23!#REF!
Name MODPAID: TONTRESUME23!#REF!
Name MODPAID: TONTSEPT23!#REF!

Sheet MODEVERSEMENT
A1: BANQUE
A2: ESPECES
A3: ECHEC

Sheet TONTJANV23
A1: ASSOCIATION | B1: ASELBY
A2: ANNEE | B2: 2023 | C2: TONIINE | D2: NBRE PART
A3: TAUX TONTINE | B3: 25000 | C3: =B3*12 -> 300000 | D3: =ROUNDDOWN(M40/C3,0) -> 2
C4: 44939
A5: MATRICULE | B5: NBREPART | C5: NOM ET PRENOM | D5: MONTANT TONTINE | E5: MONTANT VERSE | F5: PENALITE VERSEMENT ESPECES | G5: MODE VERSEMENT | H5: VENTE PETIT LOT | I5: INTERET PETIT LOT | J5: MODE VERSEMENT VENTE PETIT LOT | K5: NUMERO CHEQUE | L5: MONTANT A REMBOURSER PETIT LOT | M5: REMBOURSEMENT PETIT LOT | N5: MODE VERSEMENT REMBOURSEMENT | O5: MODE VERSEMENTLOT PRINCIPAL | P5: NUMERO CHEQUE | Q5: MONTANT LOT PRINCIPAL | R5: INTERET LOT PRINCIPAL
A6: AS201601 | B6: =IF(D6=0,0,VLOOKUP($A6,[6]HISTOJANV23!$A$6:$BP$42,10,0)) -> 1 | C6: =VLOOKUP(A6,[7]LISTADHERENT!A$5:H$60,3,0) -> BAKOP ACHILLE | D6: =IF(G6="ECHEC",0,B$3) -> 25000 | E6: =D6+VLOOKUP($A6,[6]HISTOJANV23!$A$7:$AU$40,45,0)+F6 -> 104000 | F6: =VLOOKUP($A6,[6]HISTOJANV23!$A$6:$AV$47,7,0) -> 0 | G6: =VLOOKUP($A6,[6]HISTOJANV23!$A$6:$AV$47,8,0) -> ESPECES | H6: =VLOOKUP($A6,[6]HISTOJANV23!$A$6:$AV$47,35,0) -> 0 | I6: =VLOOKUP($A6,[6]HISTOJANV23!$A$6:$AV$47,38,0) -> 0 | J6: =IF(H6=0,0,VLOOKUP($A6,[6]HISTOJANV23!$A$6:$AV$47,42,0)) -> 0 | K6: =VLOOKUP($A6,[6]HISTOJANV23!$A$6:$AV$47,41,0) -> 0 | M6: =VLOOKUP($A6,[6]HISTOJANV23!$A$6:$AV$47,16,0) -> 0 | N6: =IF(M6<>0,VLOOKUP($A6,[6]HISTOJANV23!$A$6:$AV$47,8,0),"ECHEC") -> ECHEC | O6: =IF(R6=0,0,VLOOKUP($A6,[6]HISTOJANV23!$A$6:$AV$47,32,0)) -> 0 | P6: =VLOOKUP($A6,[6]HISTOJANV23!$A$6:$AV$47,33,0) -> 0 | Q6: =IF(R6=0,0,($C$3-R6)) -> 0 | R6: =VLOOKUP($A6,[6]HISTOJANV23!$A$6:$AV$47,29,0) -> 0
A7: AS201602 | B7: =IF(D7=0,0,VLOOKUP($A7,[6]HISTOJANV23!$A$6:$BP$42,10,0)) -> 1 | C7: =VLOOKUP(A7,[7]LISTADHERENT!A$5:H$60,3,0) -> BOUTCHOUANG WILLIAM | D7: =IF(G7="ECHEC",0,B$3) -> 25000 | E7: =D7+VLOOKUP($A7,[6]HISTOJANV23!$A$7:$AU$40,45,0)+F7 -> 40000 | F7: =VLOOKUP($A7,[6]HISTOJANV23!$A$6:$AV$47,7,0) -> 0 | G7: =VLOOKUP($A7,[6]HISTOJANV23!$A$6:$AV$47,8,0) -> BANQUE | H7: =VLOOKUP($A7,[6]HISTOJANV23!$A$6:$AV$47,35,0) -> 0 | I7: =VLOOKUP($A7,[6]HISTOJANV23!$A$6:$AV$47,38,0) -> 0 | J7: =IF(H7=0,0,VLOOKUP($A7,[6]HISTOJANV23!$A$6:$AV$47,42,0)) -> 0 | K7: =VLOOKUP($A7,[6]HISTOJANV23!$A$6:$AV$47,41,0) -> 0 | M7: =VLOOKUP($A7,[6]HISTOJANV23!$A$6:$AV$47,16,0) -> 0 | N7: =IF(M7<>0,VLOOKUP($A7,[6]HISTOJANV23!$A$6:$AV$47,8,0),"ECHEC") -> ECHEC | O7: =IF(R7=0,0,VLOOKUP($A7,[6]HISTOJANV23!$A$6:$AV$47,32,0)) -> 0 | P7: =VLOOKUP($A7,[6]HISTOJANV23!$A$6:$AV$47,33,0) -> 0 | Q7: =IF(R7=0,0,($C$3-R7)) -> 0 | R7: =VLOOKUP($A7,[6]HISTOJANV23!$A$6:$AV$47,29,0) -> 0
A8: AS201604 | B8: =IF(D8=0,0,VLOOKUP($A8,[6]HISTOJANV23!$A$6:$BP$42,10,0)) -> 1 | C8: =VLOOKUP(A8,[7]LISTADHERENT!A$5:H$60,3,0) -> DJOMO JEAN PAUL | D8: =IF(G8="ECHEC",0,B$3) -> 25000 | E8: =D8+VLOOKUP($A8,[6]HISTOJANV23!$A$7:$AU$40,45,0)+F8 -> 60000 | F8: =VLOOKUP($A8,[6]HISTOJANV23!$A$6:$AV$47,7,0) -> 0 | G8: =VLOOKUP($A8,[6]HISTOJANV23!$A$6:$AV$47,8,0) -> BANQUE | H8: =VLOOKUP($A8,[6]HISTOJANV23!$A$6:$AV$47,35,0) -> 0 | I8: =VLOOKUP($A8,[6]HISTOJANV23!$A$6:$AV$47,38,0) -> 0 | J8: =IF(H8=0,0,VLOOKUP($A8,[6]HISTOJANV23!$A$6:$AV$47,42,0)) -> 0 | K8: =VLOOKUP($A8,[6]HISTOJANV23!$A$6:$AV$47,41,0) -> 0 | M8: =VLOOKUP($A8,[6]HISTOJANV23!$A$6:$AV$47,16,0) -> 0 | N8: =IF(M8<>0,VLOOKUP($A8,[6]HISTOJANV23!$A$6:$AV$47,8,0),"ECHEC") -> ECHEC | O8: =IF(R8=0,0,VLOOKUP($A8,[6]HISTOJANV23!$A$6:$AV$47,32,0)) -> BANQUE | P8: =VLOOKUP($A8,[6]HISTOJANV23!$A$6:$AV$47,33,0) -> 0 | Q8: =IF(R8=0,0,($C$3-R8)) -> 255000 | R8: =VLOOKUP($A8,[6]HISTOJANV23!$A$6:$AV$47,29,0) -> 45000
A9: AS201654 | B9: =IF(D9=0,0,VLOOKUP($A9,[6]HISTOJANV23!$A$6:$BP$42,10,0)) -> 1 | C9: =VLOOKUP(A9,[7]LISTADHERENT!A$5:H$60,3,0) -> DJOMOU TCHAPDA | D9: =IF(G9="ECHEC",0,B$3) -> 25000 | E9: =D9+VLOOKUP($A9,[6]HISTOJANV23!$A$7:$AU$40,45,0)+F9 -> 40000 | F9: =VLOOKUP($A9,[6]HISTOJANV23!$A$6:$AV$47,7,0) -> 0 | G9: =VLOOKUP($A9,[6]HISTOJANV23!$A$6:$AV$47,8,0) -> BANQUE | H9: =VLOOKUP($A9,[6]HISTOJANV23!$A$6:$AV$47,35,0) -> 60000 | I9: =VLOOKUP($A9,[6]HISTOJANV23!$A$6:$AV$47,38,0) -> 3000 | J9: =IF(H9=0,0,VLOOKUP($A9,[6]HISTOJANV23!$A$6:$AV$47,42,0)) -> BANQUE | K9: =VLOOKUP($A9,[6]HISTOJANV23!$A$6:$AV$47,41,0) -> 0 | M9: =VLOOKUP($A9,[6]HISTOJANV23!$A$6:$AV$47,16,0) -> 0 | N9: =IF(M9<>0,VLOOKUP($A9,[6]HISTOJANV23!$A$6:$AV$47,8,0),"ECHEC") -> ECHEC | O9: =IF(R9=0,0,VLOOKUP($A9,[6]HISTOJANV23!$A$6:$AV$47,32,0)) -> 0 | P9: =VLOOKUP($A9,[6]HISTOJANV23!$A$6:$AV$47,33,0) -> 0 | Q9: =IF(R9=0,0,($C$3-R9)) -> 0 | R9: =VLOOKUP($A9,[6]HISTOJANV23!$A$6:$AV$47,29,0) -> 0
A10: AS201605 | B10: =IF(D10=0,0,VLOOKUP($A10,[6]HISTOJANV23!$A$6:$BP$42,10,0)) -> 1 | C10: =VLOOKUP(A10,[7]LISTADHERENT!A$5:H$60,3,0) -> DJOUKWE NANGUEN GUY BLAISE | D10: =IF(G10="ECHEC",0,B$3) -> 25000 | E10: =D10+VLOOKUP($A10,[6]HISTOJANV23!$A$7:$AU$40,45,0)+F10 -> 40000 | F10: =VLOOKUP($A10,[6]HISTOJANV23!$A$6:$AV$47,7,0) -> 0 | G10: =VLOOKUP($A10,[6]HISTOJANV23!$A$6:$AV$47,8,0) -> BANQUE | H10: =VLOOKUP($A10,[6]HISTOJANV23!$A$6:$AV$47,35,0) -> 60000 | I10: =VLOOKUP($A10,[6]HISTOJANV23!$A$6:$AV$47,38,0) -> 2000 | J10: =IF(H10=0,0,VLOOKUP($A10,[6]HISTOJANV23!$A$6:$AV$47,42,0)) -> BANQUE | K10: =VLOOKUP($A10,[6]HISTOJANV23!$A$6:$AV$47,41,0) -> 0 | M10: =VLOOKUP($A10,[6]HISTOJANV23!$A$6:$AV$47,16,0) -> 0 | N10: =IF(M10<>0,VLOOKUP($A10,[6]HISTOJANV23!$A$6:$AV$47,8,0),"ECHEC") -> ECHEC | O10: =IF(R10=0,0,VLOOKUP($A10,[6]HISTOJANV23!$A$6:$AV$47,32,0)) -> 0 | P10: =VLOOKUP($A10,[6]HISTOJANV23!$A$6:$AV$47,33,0) -> 0 | Q10: =IF(R10=0,0,($C$3-R10)) -> 0 | R10: =VLOOKUP($A10,[6]HISTOJANV23!$A$6:$AV$47,29,0) -> 0
A11: AS201608 | B11: =IF(D11=0,0,VLOOKUP($A11,[6]HISTOJANV23!$A$6:$BP$42,10,0)) -> 1 | C11: =VLOOKUP(A11,[7]LISTADHERENT!A$5:H$60,3,0) -> DJUOMBESSY ANTOINE | D11: =IF(G11="ECHEC",0,B$3) -> 25000 | E11: =D11+VLOOKUP($A11,[6]HISTOJANV23!$A$7:$AU$40,45,0)+F11 -> 45000 | F11: =VLOOKUP($A11,[6]HISTOJANV23!$A$6:$AV$47,7,0) -> 0 | G11: =VLOOKUP($A11,[6]HISTOJANV23!$A$6:$AV$47,8,0) -> BANQUE | H11: =VLOOKUP($A11,[6]HISTOJANV23!$A$6:$AV$47,35,0) -> 0 | I11: =VLOOKUP($A11,[6]HISTOJANV23!$A$6:$AV$47,38,0) -> 0 | J11: =IF(H11=0,0,VLOOKUP($A11,[6]HISTOJANV23!$A$6:$AV$47,42,0)) -> 0 | K11: =VLOOKUP($A11,[6]HISTOJANV23!$A$6:$AV$47,41,0) -> 0 | M11: =VLOOKUP($A11,[6]HISTOJANV23!$A$6:$AV$47,16,0) -> 0 | N11: =IF(M11<>0,VLOOKUP($A11,[6]HISTOJANV23!$A$6:$AV$47,8,0),"ECHEC") -> ECHEC | O11: =IF(R11=0,0,VLOOKUP($A11,[6]HISTOJANV23!$A$6:$AV$47,32,0)) -> 0 | P11: =VLOOKUP($A11,[6]HISTOJANV23!$A$6:$AV$47,33,0) -> 0 | Q11: =IF(R11=0,0,($C$3-R11)) -> 0 | R11: =VLOOKUP($A11,[6]HISTOJANV23!$A$6:$AV$47,29,0) -> 0
A12: AS201651 | B12: =IF(D12=0,0,VLOOKUP($A12,[6]HISTOJANV23!$A$6:$BP$42,10,0)) -> 1 | C12: =VLOOKUP(A12,[7]LISTADHERENT!A$5:H$60,3,0) -> DOMOU FABIEN | D12: =IF(G12="ECHEC",0,B$3) -> 25000 | E12: =D12+VLOOKUP($A12,[6]HISTOJANV23!$A$7:$AU$40,45,0)+F12 -> 40000 | F12: =VLOOKUP($A12,[6]HISTOJANV23!$A$6:$AV$47,7,0) -> 0 | G12: =VLOOKUP($A12,[6]HISTOJANV23!$A$6:$AV$47,8,0) -> BANQUE | H12: =VLOOKUP($A12,[6]HISTOJANV23!$A$6:$AV$47,35,0) -> 0 | I12: =VLOOKUP($A12,[6]HISTOJANV23!$A$6:$AV$47,38,0) -> 0 | J12: =IF(H12=0,0,VLOOKUP($A12,[6]HISTOJANV23!$A$6:$AV$47,42,0)) -> 0 | K12: =VLOOKUP($A12,[6]HISTOJANV23!$A$6:$AV$47,41,0) -> 0 | M12: =VLOOKUP($A12,[6]HISTOJANV23!$A$6:$AV$47,16,0) -> 0 | N12: =IF(M12<>0,VLOOKUP($A12,[6]HISTOJANV23!$A$6:$AV$47,8,0),"ECHEC") -> ECHEC | O12: =IF(R12=0,0,VLOOKUP($A12,[6]HISTOJANV23!$A$6:$AV$47,32,0)) -> 0 | P12: =VLOOKUP($A12,[6]HISTOJANV23!$A$6:$AV$47,33,0) -> 0 | Q12: =IF(R12=0,0,($C$3-R12)) -> 0 | R12: =VLOOKUP($A12,[6]HISTOJANV23!$A$6:$AV$47,29,0) -> 0
A13: AS201609 | B13: =IF(D13=0,0,VLOOKUP($A13,[6]HISTOJANV23!$A$6:$BP$42,10,0)) -> 1 | C13: =VLOOKUP(A13,[7]LISTADHERENT!A$5:H$60,3,0) -> DONHOU DAVID | D13: =IF(G13="ECHEC",0,B$3) -> 25000 | E13: =D13+VLOOKUP($A13,[6]HISTOJANV23!$A$7:$AU$40,45,0)+F13 -> 40000 | F13: =VLOOKUP($A13,[6]HISTOJANV23!$A$6:$AV$47,7,0) -> 0 | G13: =VLOOKUP($A13,[6]HISTOJANV23!$A$6:$AV$47,8,0) -> BANQUE | H13: =VLOOKUP($A13,[6]HISTOJANV23!$A$6:$AV$47,35,0) -> 0 | I13: =VLOOKUP($A13,[6]HISTOJANV23!$A$6:$AV$47,38,0) -> 0 | J13: =IF(H13=0,0,VLOOKUP($A13,[6]HISTOJANV23!$A$6:$AV$47,42,0)) -> 0 | K13: =VLOOKUP($A13,[6]HISTOJANV23!$A$6:$AV$47,41,0) -> 0 | M13: =VLOOKUP($A13,[6]HISTOJANV23!$A$6:$AV$47,16,0) -> 0 | N13: =IF(M13<>0,VLOOKUP($A13,[6]HISTOJANV23!$A$6:$AV$47,8,0),"ECHEC") -> ECHEC | O13: =IF(R13=0,0,VLOOKUP($A13,[6]HISTOJANV23!$A$6:$AV$47,32,0)) -> 0 | P13: =VLOOKUP($A13,[6]HISTOJANV23!$A$6:$AV$47,33,0) -> 0 | Q13: =IF(R13=0,0,($C$3-R13)) -> 0 | R13: =VLOOKUP($A13,[6]HISTOJANV23!$A$6:$AV$47,29,0) -> 0
A14: AS201611 | B14: =IF(D14=0,0,VLOOKUP($A14,[6]HISTOJANV23!$A$6:$BP$42,10,0)) -> 1 | C14: =VLOOKUP(A14,[7]LISTADHERENT!A$5:H$60,3,0) -> HENGUE PAUL OMER | D14: =IF(G14="ECHEC",0,B$3) -> 25000 | E14: =D14+VLOOKUP($A14,[6]HISTOJANV23!$A$7:$AU$40,45,0)+F14 -> 40000 | F14: =VLOOKUP($A14,[6]HISTOJANV23!$A$6:$AV$47,7,0) -> 0 | G14: =VLOOKUP($A14,[6]HISTOJANV23!$A$6:$AV$47,8,0) -> BANQUE | H14: =VLOOKUP($A14,[6]HISTOJANV23!$A$6:$AV$47,35,0) -> 0 | I14: =VLOOKUP($A14,[6]HISTOJANV23!$A$6:$AV$47,38,0) -> 0 | J14: =IF(H14=0,0,VLOOKUP($A14,[6]HISTOJANV23!$A$6:$AV$47,42,0)) -> 0 | K14: =VLOOKUP($A14,[6]HISTOJANV23!$A$6:$AV$47,41,0) -> 0 | M14: =VLOOKUP($A14,[6]HISTOJANV23!$A$6:$AV$47,16,0) -> 0 | N14: =IF(M14<>0,VLOOKUP($A14,[6]HISTOJANV23!$A$6:$AV$47,8,0),"ECHEC") -> ECHEC | O14: =IF(R14=0,0,VLOOKUP($A14,[6]HISTOJANV23!$A$6:$AV$47,32,0)) -> 0 | P14: =VLOOKUP($A14,[6]HISTOJANV23!$A$6:$AV$47,33,0) -> 0 | Q14: =IF(R14=0,0,($C$3-R14)) -> 0 | R14: =VLOOKUP($A14,[6]HISTOJANV23!$A$6:$AV$47,29,0) -> 0
A15: AS201613 | B15: =IF(D15=0,0,VLOOKUP($A15,[6]HISTOJANV23!$A$6:$BP$42,10,0)) -> 1 | C15: =VLOOKUP(A15,[7]LISTADHERENT!A$5:H$60,3,0) -> HOTCHO BENJAMIN | D15: =IF(G15="ECHEC",0,B$3) -> 25000 | E15: =D15+VLOOKUP($A15,[6]HISTOJANV23!$A$7:$AU$40,45,0)+F15 -> 75000 | F15: =VLOOKUP($A15,[6]HISTOJANV23!$A$6:$AV$47,7,0) -> 0 | G15: =VLOOKUP($A15,[6]HISTOJANV23!$A$6:$AV$47,8,0) -> BANQUE | H15: =VLOOKUP($A15,[6]HISTOJANV23!$A$6:$AV$47,35,0) -> 0 | I15: =VLOOKUP($A15,[6]HISTOJANV23!$A$6:$AV$47,38,0) -> 0 | J15: =IF(H15=0,0,VLOOKUP($A15,[6]HISTOJANV23!$A$6:$AV$47,42,0)) -> 0 | K15: =VLOOKUP($A15,[6]HISTOJANV23!$A$6:$AV$47,41,0) -> 0 | M15: =VLOOKUP($A15,[6]HISTOJANV23!$A$6:$AV$47,16,0) -> 0 | N15: =IF(M15<>0,VLOOKUP($A15,[6]HISTOJANV23!$A$6:$AV$47,8,0),"ECHEC") -> ECHEC | O15: =IF(R15=0,0,VLOOKUP($A15,[6]HISTOJANV23!$A$6:$AV$47,32,0)) -> 0 | P15: =VLOOKUP($A15,[6]HISTOJANV23!$A$6:$AV$47,33,0) -> 0 | Q15: =IF(R15=0,0,($C$3-R15)) -> 0 | R15: =VLOOKUP($A15,[6]HISTOJANV23!$A$6:$AV$47,29,0) -> 0
A16: AS201617 | B16: =IF(D16=0,0,VLOOKUP($A16,[6]HISTOJANV23!$A$6:$BP$42,10,0)) -> 1 | C16: =VLOOKUP(A16,[7]LISTADHERENT!A$5:H$60,3,0) -> KOUAMOU MOISE | D16: =IF(G16="ECHEC",0,B$3) -> 25000 | E16: =D16+VLOOKUP($A16,[6]HISTOJANV23!$A$7:$AU$40,45,0)+F16 -> 40000 | F16: =VLOOKUP($A16,[6]HISTOJANV23!$A$6:$AV$47,7,0) -> 0 | G16: =VLOOKUP($A16,[6]HISTOJANV23!$A$6:$AV$47,8,0) -> BANQUE | H16: =VLOOKUP($A16,[6]HISTOJANV23!$A$6:$AV$47,35,0) -> 0 | I16: =VLOOKUP($A16,[6]HISTOJANV23!$A$6:$AV$47,38,0) -> 0 | J16: =IF(H16=0,0,VLOOKUP($A16,[6]HISTOJANV23!$A$6:$AV$47,42,0)) -> 0 | K16: =VLOOKUP($A16,[6]HISTOJANV23!$A$6:$AV$47,41,0) -> 0 | M16: =VLOOKUP($A16,[6]HISTOJANV23!$A$6:$AV$47,16,0) -> 0 | N16: =IF(M16<>0,VLOOKUP($A16,[6]HISTOJANV23!$A$6:$AV$47,8,0),"ECHEC") -> ECHEC | O16: =IF(R16=0,0,VLOOKUP($A16,[6]HISTOJANV23!$A$6:$AV$47,32,0)) -> 0 | P16: =VLOOKUP($A16,[6]HISTOJANV23!$A$6:$AV$47,33,0) -> 0 | Q16: =IF(R16=0,0,($C$3-R16)) -> 0 | R16: =VLOOKUP($A16,[6]HISTOJANV23!$A$6:$AV$47,29,0) -> 0
A17: AS201619 | B17: =IF(D17=0,0,VLOOKUP($A17,[6]HISTOJANV23!$A$6:$BP$42,10,0)) -> 1 | C17: =VLOOKUP(A17,[7]LISTADHERENT!A$5:H$60,3,0) -> KOUATCHO MESSACK | D17: =IF(G17="ECHEC",0,B$3) -> 25000 | E17: =D17+VLOOKUP($A17,[6]HISTOJANV23!$A$7:$AU$40,45,0)+F17 -> 40000 | F17: =VLOOKUP($A17,[6]HISTOJANV23!$A$6:$AV$47,7,0) -> 0 | G17: =VLOOKUP($A17,[6]HISTOJANV23!$A$6:$AV$47,8,0) -> BANQUE | H17: =VLOOKUP($A17,[6]HISTOJANV23!$A$6:$AV$47,35,0) -> 0 | I17: =VLOOKUP($A17,[6]HISTOJANV23!$A$6:$AV$47,38,0) -> 0 | J17: =IF(H17=0,0,VLOOKUP($A17,[6]HISTOJANV23!$A$6:$AV$47,42,0)) -> 0 | K17: =VLOOKUP($A17,[6]HISTOJANV23!$A$6:$AV$47,41,0) -> 0 | M17: =VLOOKUP($A17,[6]HISTOJANV23!$A$6:$AV$47,16,0) -> 0 | N17: =IF(M17<>0,VLOOKUP($A17,[6]HISTOJANV23!$A$6:$AV$47,8,0),"ECHEC") -> ECHEC | O17: =IF(R17=0,0,VLOOKUP($A17,[6]HISTOJANV23!$A$6:$AV$47,32,0)) -> BANQUE | P17: =VLOOKUP($A17,[6]HISTOJANV23!$A$6:$AV$47,33,0) -> 0 | Q17: =IF(R17=0,0,($C$3-R17)) -> 260000 | R17: =VLOOKUP($A17,[6]HISTOJANV23!$A$6:$AV$47,29,0) -> 40000
... A35: AS201647 | B35: =IF(D35=0,0,VLOOKUP($A35,[6]HISTOJANV23!$A$6:$BP$42,10,0)) -> 1 | C35: =VLOOKUP(A35,[7]LISTADHERENT!A$5:H$60,3,0) -> YOUMBI EMMANUEL | D35: =IF(G35="ECHEC",0,B$3) -> 25000 | E35: =D35+VLOOKUP($A35,[6]HISTOJANV23!$A$7:$AU$40,45,0)+F35 -> 40000 | F35: =VLOOKUP($A35,[6]HISTOJANV23!$A$6:$AV$47,7,0) -> 0 | G35: =VLOOKUP($A35,[6]HISTOJANV23!$A$6:$AV$47,8,0) -> BANQUE | H35: =VLOOKUP($A35,[6]HISTOJANV23!$A$6:$AV$47,35,0) -> 0 | I35: =VLOOKUP($A35,[6]HISTOJANV23!$A$6:$AV$47,38,0) -> 0 | J35: =IF(H35=0,0,VLOOKUP($A35,[6]HISTOJANV23!$A$6:$AV$47,42,0)) -> 0 | K35: =VLOOKUP($A35,[6]HISTOJANV23!$A$6:$AV$47,41,0) -> 0 | M35: =VLOOKUP($A35,[6]HISTOJANV23!$A$6:$AV$47,16,0) -> 0 | N35: =IF(M35<>0,VLOOKUP($A35,[6]HISTOJANV23!$A$6:$AV$47,8,0),"ECHEC") -> ECHEC | O35: =IF(R35=0,0,VLOOKUP($A35,[6]HISTOJANV23!$A$6:$AV$47,32,0)) -> 0 | P35: =VLOOKUP($A35,[6]HISTOJANV23!$A$6:$AV$47,33,0) -> 0 | Q35: =IF(R35=0,0,($C$3-R35)) -> 0 | R35: =VLOOKUP($A35,[6]HISTOJANV23!$A$6:$AV$47,29,0) -> 0
A37: TOTAL PART | B37: =SUM(B6:B36) -> 30
A38: NBRE ADHERENT | B38: =COUNT(D6:D36) -> 30 | D38: =SUM(D6:D37) -> 750000 | F38: =SUM(F6:F37) -> 0 | G38: =SUM(G6:G37) -> 0 | H38: =SUM(H6:H37) -> 235000 | I38: =SUM(I6:I37) -> 9000 | J38: =SUM(J6:J37) -> 0 | K38: =SUM(K6:K37) -> 0 | L38: =SUM(L6:L37) -> 0 | M38: =SUM(M6:M37) -> 0 | ... R38: =SUM(R6:R37) -> 85000
N39: NBRE PART | O39: PART VENDUE
D40: MONTANT TONTINE | G40: REMBOURSEMENT PETIT LOT | H40: VENTE PETIT LOT | I40: VENTE LOT PRINCIPAL | J40: SOLDE EN CAISSE | L40: TONTINE + REMB + INTERET VENTE | M40: =D44+G44+R38 -> 835000
D41: =SUMIFS(D6:D37,G6:G37,"ESPECES") -> 125000 | F41: ESPECES | G41: =SUMIFS(M6:M32,N6:N32,"ESPECES") -> 0 | H41: =SUMIFS(H6:H37,J6:J37,"ESPECES") -> 0 | I41: =SUMIFS(Q6:Q37,O6:O37,"ESPECES") -> 0 | J41: =D41+G41-H41-I41 -> 125000 | L41: LOT PRINCIPAL | M41: =C3*COUNTIF(Q7:Q37,">0") -> 600000 | N41: =D3 -> 2 | O41: =COUNTIF(Q7:Q32,">0") -> 2
D42: =SUMIFS(D6:D37,G6:G37,"BANQUE") -> 625000 | F42: BANQUE | G42: =SUMIFS(M6:M32,N6:N32,"BANQUE") -> 0 | H42: =SUMIFS(H6:H37,J6:J37,"BANQUE") -> 235000 | I42: =SUMIFS(Q6:Q37,O6:O37,"BANQUE") -> 515000 | J42: =D42+G42-H42-I42 -> -125000
L43: PETIT LOT | M43: =M40-M41 -> 235000
D44: =D41+D42 -> 750000 | F44: TOTAL | G44: =G41+G42 -> 0 | H44: =H41+H42 -> 235000 | I44: =I41+I42 -> 515000 | J44: =J41+J42 -> 0
F45: TOTAL+DEPOT | L45: RELIQUAT | M45: =M43-H38 -> 0 | O45: =M45 -> 0 | P45: CUMUL
L47: ECHEC TONTINE MOIS | M47: =COUNTIFS(G7:G36,"ECHEC")*23000 -> 0 | P47: CUMUL
L48: ECHEC REMBOURSEMENT MOIS | M48: =L38-G44 -> 0 | P48: CUMUL

Sheet TONTFEV23
A1: ASSOCIATION | B1: ASELBY
A2: ANNEE | B2: 2023 | C2: TONIINE | D2: NBRE PART
A3: TAUX TONTINE | B3: 25000 | C3: =B3*12 -> 300000 | D3: =ROUNDDOWN(M40/C3,0) -> 3
C4: 44970
A5: MATRICULE | B5: NBREPART | C5: NOM ET PRENOM | D5: MONTANT TONTINE | E5: MONTANT VERSE | F5: PENALITE VERSEMENT ESPECES | G5: MODE VERSEMENT | H5: VENTE PETIT LOT | I5: INTERET PETIT LOT | J5: MODE VERSEMENT VENTE PETIT LOT | K5: NUMERO CHEQUE | L5: MONTANT A REMBOURSER PETIT LOT | M5: REMBOURSEMENT PETIT LOT | N5: MODE VERSEMENT REMBOURSEMENT | O5: MODE VERSEMENTLOT PRINCIPAL | P5: NUMERO CHEQUE | Q5: MONTANT LOT PRINCIPAL | R5: INTERET LOT PRINCIPAL
A6: AS201601 | B6: =IF(D6=0,0,VLOOKUP($A6,[6]HISTOFEV23!$A$6:$BO$40,10,0)) -> 1 | C6: =VLOOKUP(A6,[7]LISTADHERENT!A$5:H$60,3,0) -> BAKOP ACHILLE | D6: =IF(G6="ECHEC",0,B$3) -> 25000 | E6: =D6+VLOOKUP($A6,[6]HISTOFEV23!$A$7:$AU$40,45,0)+F6 -> 40000 | F6: =VLOOKUP($A6,[6]HISTOFEV23!$A$7:$AU$45,7,0) -> 0 | G6: =VLOOKUP($A6,[6]HISTOFEV23!$A$7:$AU$45,8,0) -> ESPECES | H6: =VLOOKUP($A6,[6]HISTOFEV23!$A$6:$AU$45,35,0) -> 0 | I6: =VLOOKUP($A6,[6]HISTOFEV23!$A$7:$AU$45,38,0) -> 0 | J6: =IF(I6=0,0,VLOOKUP($A6,[6]HISTOFEV23!$A$7:$AU$45,42,0)) -> 0 | K6: =VLOOKUP($A6,[6]HISTOFEV23!$A$7:$AU$45,41,0) -> 0 | L6: =TONTJANV23!H6+TONTJANV23!I6 -> 0 | M6: =VLOOKUP($A6,[6]HISTOFEV23!$A$7:$AU$45,16,0) -> 0 | N6: =IF(M6<>0,VLOOKUP($A6,[6]HISTOFEV23!$A$7:$AU$45,8,0),"ECHEC") -> ECHEC | O6: =IF(R6=0,0,VLOOKUP($A6,[6]HISTOFEV23!$A$7:$AU$45,32,0)) -> 0 | P6: =VLOOKUP($A6,[6]HISTOFEV23!$A$7:$AU$45,33,0) -> 0 | Q6: =IF(R6=0,0,($C$3-R6)) -> 0 | R6: =VLOOKUP($A6,[6]HISTOFEV23!$A$7:$AU$45,29,0) -> 0
A7: AS201602 | B7: =IF(D7=0,0,VLOOKUP($A7,[6]HISTOFEV23!$A$6:$BO$40,10,0)) -> 1 | C7: =VLOOKUP(A7,[7]LISTADHERENT!A$5:H$60,3,0) -> BOUTCHOUANG WILLIAM | D7: =IF(G7="ECHEC",0,B$3) -> 25000 | E7: =D7+VLOOKUP($A7,[6]HISTOFEV23!$A$7:$AU$40,45,0)+F7 -> 40000 | F7: =VLOOKUP($A7,[6]HISTOFEV23!$A$7:$AU$45,7,0) -> 0 | G7: =VLOOKUP($A7,[6]HISTOFEV23!$A$7:$AU$45,8,0) -> BANQUE | H7: =VLOOKUP($A7,[6]HISTOFEV23!$A$6:$AU$45,35,0) -> 0 | I7: =VLOOKUP($A7,[6]HISTOFEV23!$A$7:$AU$45,38,0) -> 0 | J7: =IF(I7=0,0,VLOOKUP($A7,[6]HISTOFEV23!$A$7:$AU$45,42,0)) -> 0 | K7: =VLOOKUP($A7,[6]HISTOFEV23!$A$7:$AU$45,41,0) -> 0 | L7: =TONTJANV23!H7+TONTJANV23!I7 -> 0 | M7: =VLOOKUP($A7,[6]HISTOFEV23!$A$7:$AU$45,16,0) -> 0 | N7: =IF(M7<>0,VLOOKUP($A7,[6]HISTOFEV23!$A$7:$AU$45,8,0),"ECHEC") -> ECHEC | O7: =IF(R7=0,0,VLOOKUP($A7,[6]HISTOFEV23!$A$7:$AU$45,32,0)) -> 0 | P7: =VLOOKUP($A7,[6]HISTOFEV23!$A$7:$AU$45,33,0) -> 0 | Q7: =IF(R7=0,0,($C$3-R7)) -> 0 | R7: =VLOOKUP($A7,[6]HISTOFEV23!$A$7:$AU$45,29,0) -> 0
A8: AS201604 | B8: =IF(D8=0,0,VLOOKUP($A8,[6]HISTOFEV23!$A$6:$BO$40,10,0)) -> 1 | C8: =VLOOKUP(A8,[7]LISTADHERENT!A$5:H$60,3,0) -> DJOMO JEAN PAUL | D8: =IF(G8="ECHEC",0,B$3) -> 25000 | E8: =D8+VLOOKUP($A8,[6]HISTOFEV23!$A$7:$AU$40,45,0)+F8 -> 48000 | F8: =VLOOKUP($A8,[6]HISTOFEV23!$A$7:$AU$45,7,0) -> 0 | G8: =VLOOKUP($A8,[6]HISTOFEV23!$A$7:$AU$45,8,0) -> BANQUE | H8: =VLOOKUP($A8,[6]HISTOFEV23!$A$6:$AU$45,35,0) -> 0 | I8: =VLOOKUP($A8,[6]HISTOFEV23!$A$7:$AU$45,38,0) -> 0 | J8: =IF(I8=0,0,VLOOKUP($A8,[6]HISTOFEV23!$A$7:$AU$45,42,0)) -> 0 | K8: =VLOOKUP($A8,[6]HISTOFEV23!$A$7:$AU$45,41,0) -> 0 | L8: =TONTJANV23!H8+TONTJANV23!I8 -> 0 | M8: =VLOOKUP($A8,[6]HISTOFEV23!$A$7:$AU$45,16,0) -> 0 | N8: =IF(M8<>0,VLOOKUP($A8,[6]HISTOFEV23!$A$7:$AU$45,8,0),"ECHEC") -> ECHEC | O8: =IF(R8=0,0,VLOOKUP($A8,[6]HISTOFEV23!$A$7:$AU$45,32,0)) -> 0 | P8: =VLOOKUP($A8,[6]HISTOFEV23!$A$7:$AU$45,33,0) -> 0 | Q8: =IF(R8=0,0,($C$3-R8)) -> 0 | R8: =VLOOKUP($A8,[6]HISTOFEV23!$A$7:$AU$45,29,0) -> 0
A9: AS201654 | B9: =IF(D9=0,0,VLOOKUP($A9,[6]HISTOFEV23!$A$6:$BO$40,10,0)) -> 1 | C9: =VLOOKUP(A9,[7]LISTADHERENT!A$5:H$60,3,0) -> DJOMOU TCHAPDA | D9: =IF(G9="ECHEC",0,B$3) -> 25000 | E9: =D9+VLOOKUP($A9,[6]HISTOFEV23!$A$7:$AU$40,45,0)+F9 -> 40000 | F9: =VLOOKUP($A9,[6]HISTOFEV23!$A$7:$AU$45,7,0) -> 0 | G9: =VLOOKUP($A9,[6]HISTOFEV23!$A$7:$AU$45,8,0) -> BANQUE | H9: =VLOOKUP($A9,[6]HISTOFEV23!$A$6:$AU$45,35,0) -> 40000 | I9: =VLOOKUP($A9,[6]HISTOFEV23!$A$7:$AU$45,38,0) -> 1000 | J9: =IF(I9=0,0,VLOOKUP($A9,[6]HISTOFEV23!$A$7:$AU$45,42,0)) -> BANQUE | K9: =VLOOKUP($A9,[6]HISTOFEV23!$A$7:$AU$45,41,0) -> 0 | L9: =TONTJANV23!H9+TONTJANV23!I9 -> 63000 | M9: =VLOOKUP($A9,[6]HISTOFEV23!$A$7:$AU$45,16,0) -> 63000 | N9: =IF(M9<>0,VLOOKUP($A9,[6]HISTOFEV23!$A$7:$AU$45,8,0),"ECHEC") -> BANQUE | O9: =IF(R9=0,0,VLOOKUP($A9,[6]HISTOFEV23!$A$7:$AU$45,32,0)) -> 0 | P9: =VLOOKUP($A9,[6]HISTOFEV23!$A$7:$AU$45,33,0) -> 0 | Q9: =IF(R9=0,0,($C$3-R9)) -> 0 | R9: =VLOOKUP($A9,[6]HISTOFEV23!$A$7:$AU$45,29,0) -> 0
A10: AS201605 | B10: =IF(D10=0,0,VLOOKUP($A10,[6]HISTOFEV23!$A$6:$BO$40,10,0)) -> 1 | C10: =VLOOKUP(A10,[7]LISTADHERENT!A$5:H$60,3,0) -> DJOUKWE NANGUEN GUY BLAISE | D10: =IF(G10="ECHEC",0,B$3) -> 25000 | E10: =D10+VLOOKUP($A10,[6]HISTOFEV23!$A$7:$AU$40,45,0)+F10 -> 40000 | F10: =VLOOKUP($A10,[6]HISTOFEV23!$A$7:$AU$45,7,0) -> 0 | G10: =VLOOKUP($A10,[6]HISTOFEV23!$A$7:$AU$45,8,0) -> BANQUE | H10: =VLOOKUP($A10,[6]HISTOFEV23!$A$6:$AU$45,35,0) -> 0 | I10: =VLOOKUP($A10,[6]HISTOFEV23!$A$7:$AU$45,38,0) -> 0 | J10: =IF(I10=0,0,VLOOKUP($A10,[6]HISTOFEV23!$A$7:$AU$45,42,0)) -> 0 | K10: =VLOOKUP($A10,[6]HISTOFEV23!$A$7:$AU$45,41,0) -> 0 | L10: =TONTJANV23!H10+TONTJANV23!I10 -> 62000 | M10: =VLOOKUP($A10,[6]HISTOFEV23!$A$7:$AU$45,16,0) -> 62000 | N10: =IF(M10<>0,VLOOKUP($A10,[6]HISTOFEV23!$A$7:$AU$45,8,0),"ECHEC") -> BANQUE | O10: =IF(R10=0,0,VLOOKUP($A10,[6]HISTOFEV23!$A$7:$AU$45,32,0)) -> 0 | P10: =VLOOKUP($A10,[6]HISTOFEV23!$A$7:$AU$45,33,0) -> 0 | Q10: =IF(R10=0,0,($C$3-R10)) -> 0 | R10: =VLOOKUP($A10,[6]HISTOFEV23!$A$7:$AU$45,29,0) -> 0
A11: AS201608 | B11: =IF(D11=0,0,VLOOKUP($A11,[6]HISTOFEV23!$A$6:$BO$40,10,0)) -> 1 | C11: =VLOOKUP(A11,[7]LISTADHERENT!A$5:H$60,3,0) -> DJUOMBESSY ANTOINE | D11: =IF(G11="ECHEC",0,B$3) -> 25000 | E11: =D11+VLOOKUP($A11,[6]HISTOFEV23!$A$7:$AU$40,45,0)+F11 -> 45000 | F11: =VLOOKUP($A11,[6]HISTOFEV23!$A$7:$AU$45,7,0) -> 0 | G11: =VLOOKUP($A11,[6]HISTOFEV23!$A$7:$AU$45,8,0) -> BANQUE | H11: =VLOOKUP($A11,[6]HISTOFEV23!$A$6:$AU$45,35,0) -> 0 | I11: =VLOOKUP($A11,[6]HISTOFEV23!$A$7:$AU$45,38,0) -> 0 | J11: =IF(I11=0,0,VLOOKUP($A11,[6]HISTOFEV23!$A$7:$AU$45,42,0)) -> 0 | K11: =VLOOKUP($A11,[6]HISTOFEV23!$A$7:$AU$45,41,0) -> 0 | L11: =TONTJANV23!H11+TONTJANV23!I11 -> 0 | M11: =VLOOKUP($A11,[6]HISTOFEV23!$A$7:$AU$45,16,0) -> 0 | N11: =IF(M11<>0,VLOOKUP($A11,[6]HISTOFEV23!$A$7:$AU$45,8,0),"ECHEC") -> ECHEC | O11: =IF(R11=0,0,VLOOKUP($A11,[6]HISTOFEV23!$A$7:$AU$45,32,0)) -> 0 | P11: =VLOOKUP($A11,[6]HISTOFEV23!$A$7:$AU$45,33,0) -> 0 | Q11: =IF(R11=0,0,($C$3-R11)) -> 0 | R11: =VLOOKUP($A11,[6]HISTOFEV23!$A$7:$AU$45,29,0) -> 0
A12: AS201651 | B12: =IF(D12=0,0,VLOOKUP($A12,[6]HISTOFEV23!$A$6:$BO$40,10,0)) -> 1 | C12: =VLOOKUP(A12,[7]LISTADHERENT!A$5:H$60,3,0) -> DOMOU FABIEN | D12: =IF(G12="ECHEC",0,B$3) -> 25000 | E12: =D12+VLOOKUP($A12,[6]HISTOFEV23!$A$7:$AU$40,45,0)+F12 -> 40000 | F12: =VLOOKUP($A12,[6]HISTOFEV23!$A$7:$AU$45,7,0) -> 0 | G12: =VLOOKUP($A12,[6]HISTOFEV23!$A$7:$AU$45,8,0) -> ESPECES | H12: =VLOOKUP($A12,[6]HISTOFEV23!$A$6:$AU$45,35,0) -> 0 | I12: =VLOOKUP($A12,[6]HISTOFEV23!$A$7:$AU$45,38,0) -> 0 | J12: =IF(I12=0,0,VLOOKUP($A12,[6]HISTOFEV23!$A$7:$AU$45,42,0)) -> 0 | K12: =VLOOKUP($A12,[6]HISTOFEV23!$A$7:$AU$45,41,0) -> 0 | L12: =TONTJANV23!H12+TONTJANV23!I12 -> 0 | M12: =VLOOKUP($A12,[6]HISTOFEV23!$A$7:$AU$45,16,0) -> 0 | N12: =IF(M12<>0,VLOOKUP($A12,[6]HISTOFEV23!$A$7:$AU$45,8,0),"ECHEC") -> ECHEC | O12: =IF(R12=0,0,VLOOKUP($A12,[6]HISTOFEV23!$A$7:$AU$45,32,0)) -> 0 | P12: =VLOOKUP($A12,[6]HISTOFEV23!$A$7:$AU$45,33,0) -> 0 | Q12: =IF(R12=0,0,($C$3-R12)) -> 0 | R12: =VLOOKUP($A12,[6]HISTOFEV23!$A$7:$AU$45,29,0) -> 0
A13: AS201609 | B13: =IF(D13=0,0,VLOOKUP($A13,[6]HISTOFEV23!$A$6:$BO$40,10,0)) -> 1 | C13: =VLOOKUP(A13,[7]LISTADHERENT!A$5:H$60,3,0) -> DONHOU DAVID | D13: =IF(G13="ECHEC",0,B$3) -> 25000 | E13: =D13+VLOOKUP($A13,[6]HISTOFEV23!$A$7:$AU$40,45,0)+F13 -> 40000 | F13: =VLOOKUP($A13,[6]HISTOFEV23!$A$7:$AU$45,7,0) -> 0 | G13: =VLOOKUP($A13,[6]HISTOFEV23!$A$7:$AU$45,8,0) -> BANQUE | H13: =VLOOKUP($A13,[6]HISTOFEV23!$A$6:$AU$45,35,0) -> 0 | I13: =VLOOKUP($A13,[6]HISTOFEV23!$A$7:$AU$45,38,0) -> 0 | J13: =IF(I13=0,0,VLOOKUP($A13,[6]HISTOFEV23!$A$7:$AU$45,42,0)) -> 0 | K13: =VLOOKUP($A13,[6]HISTOFEV23!$A$7:$AU$45,41,0) -> 0 | L13: =TONTJANV23!H13+TONTJANV23!I13 -> 0 | M13: =VLOOKUP($A13,[6]HISTOFEV23!$A$7:$AU$45,16,0) -> 0 | N13: =IF(M13<>0,VLOOKUP($A13,[6]HISTOFEV23!$A$7:$AU$45,8,0),"ECHEC") -> ECHEC | O13: =IF(R13=0,0,VLOOKUP($A13,[6]HISTOFEV23!$A$7:$AU$45,32,0)) -> 0 | P13: =VLOOKUP($A13,[6]HISTOFEV23!$A$7:$AU$45,33,0) -> 0 | Q13: =IF(R13=0,0,($C$3-R13)) -> 0 | R13: =VLOOKUP($A13,[6]HISTOFEV23!$A$7:$AU$45,29,0) -> 0
A14: AS201611 | B14: =IF(D14=0,0,VLOOKUP($A14,[6]HISTOFEV23!$A$6:$BO$40,10,0)) -> 1 | C14: =VLOOKUP(A14,[7]LISTADHERENT!A$5:H$60,3,0) -> HENGUE PAUL OMER | D14: =IF(G14="ECHEC",0,B$3) -> 25000 | E14: =D14+VLOOKUP($A14,[6]HISTOFEV23!$A$7:$AU$40,45,0)+F14 -> 40000 | F14: =VLOOKUP($A14,[6]HISTOFEV23!$A$7:$AU$45,7,0) -> 0 | G14: =VLOOKUP($A14,[6]HISTOFEV23!$A$7:$AU$45,8,0) -> BANQUE | H14: =VLOOKUP($A14,[6]HISTOFEV23!$A$6:$AU$45,35,0) -> 0 | I14: =VLOOKUP($A14,[6]HISTOFEV23!$A$7:$AU$45,38,0) -> 0 | J14: =IF(I14=0,0,VLOOKUP($A14,[6]HISTOFEV23!$A$7:$AU$45,42,0)) -> 0 | K14: =VLOOKUP($A14,[6]HISTOFEV23!$A$7:$AU$45,41,0) -> 0 | L14: =TONTJANV23!H14+TONTJANV23!I14 -> 0 | M14: =VLOOKUP($A14,[6]HISTOFEV23!$A$7:$AU$45,16,0) -> 0 | N14: =IF(M14<>0,VLOOKUP($A14,[6]HISTOFEV23!$A$7:$AU$45,8,0),"ECHEC") -> ECHEC | O14: =IF(R14=0,0,VLOOKUP($A14,[6]HISTOFEV23!$A$7:$AU$45,32,0)) -> 0 | P14: =VLOOKUP($A14,[6]HISTOFEV23!$A$7:$AU$45,33,0) -> 0 | Q14: =IF(R14=0,0,($C$3-R14)) -> 0 | R14: =VLOOKUP($A14,[6]HISTOFEV23!$A$7:$AU$45,29,0) -> 0
A15: AS201613 | B15: =IF(D15=0,0,VLOOKUP($A15,[6]HISTOFEV23!$A$6:$BO$40,10,0)) -> 1 | C15: =VLOOKUP(A15,[7]LISTADHERENT!A$5:H$60,3,0) -> HOTCHO BENJAMIN | D15: =IF(G15="ECHEC",0,B$3) -> 25000 | E15: =D15+VLOOKUP($A15,[6]HISTOFEV23!$A$7:$AU$40,45,0)+F15 -> 75000 | F15: =VLOOKUP($A15,[6]HISTOFEV23!$A$7:$AU$45,7,0) -> 0 | G15: =VLOOKUP($A15,[6]HISTOFEV23!$A$7:$AU$45,8,0) -> BANQUE | H15: =VLOOKUP($A15,[6]HISTOFEV23!$A$6:$AU$45,35,0) -> 0 | I15: =VLOOKUP($A15,[6]HISTOFEV23!$A$7:$AU$45,38,0) -> 0 | J15: =IF(I15=0,0,VLOOKUP($A15,[6]HISTOFEV23!$A$7:$AU$45,42,0)) -> 0 | K15: =VLOOKUP($A15,[6]HISTOFEV23!$A$7:$AU$45,41,0) -> 0 | L15: =TONTJANV23!H15+TONTJANV23!I15 -> 0 | M15: =VLOOKUP($A15,[6]HISTOFEV23!$A$7:$AU$45,16,0) -> 0 | N15: =IF(M15<>0,VLOOKUP($A15,[6]HISTOFEV23!$A$7:$AU$45,8,0),"ECHEC") -> ECHEC | O15: =IF(R15=0,0,VLOOKUP($A15,[6]HISTOFEV23!$A$7:$AU$45,32,0)) -> 0 | P15: =VLOOKUP($A15,[6]HISTOFEV23!$A$7:$AU$45,33,0) -> 0 | Q15: =IF(R15=0,0,($C$3-R15)) -> 0 | R15: =VLOOKUP($A15,[6]HISTOFEV23!$A$7:$AU$45,29,0) -> 0
A16: AS201617 | B16: =IF(D16=0,0,VLOOKUP($A16,[6]HISTOFEV23!$A$6:$BO$40,10,0)) -> 1 | C16: =VLOOKUP(A16,[7]LISTADHERENT!A$5:H$60,3,0) -> KOUAMOU MOISE | D16: =IF(G16="ECHEC",0,B$3) -> 25000 | E16: =D16+VLOOKUP($A16,[6]HISTOFEV23!$A$7:$AU$40,45,0)+F16 -> 40000 | F16: =VLOOKUP($A16,[6]HISTOFEV23!$A$7:$AU$45,7,0) -> 0 | G16: =VLOOKUP($A16,[6]HISTOFEV23!$A$7:$AU$45,8,0) -> BANQUE | H16: =VLOOKUP($A16,[6]HISTOFEV23!$A$6:$AU$45,35,0) -> 0 | I16: =VLOOKUP($A16,[6]HISTOFEV23!$A$7:$AU$45,38,0) -> 0 | J16: =IF(I16=0,0,VLOOKUP($A16,[6]HISTOFEV23!$A$7:$AU$45,42,0)) -> 0 | K16: =VLOOKUP($A16,[6]HISTOFEV23!$A$7:$AU$45,41,0) -> 0 | L16: =TONTJANV23!H16+TONTJANV23!I16 -> 0 | M16: =VLOOKUP($A16,[6]HISTOFEV23!$A$7:$AU$45,16,0) -> 0 | N16: =IF(M16<>0,VLOOKUP($A16,[6]HISTOFEV23!$A$7:$AU$45,8,0),"ECHEC") -> ECHEC | O16: =IF(R16=0,0,VLOOKUP($A16,[6]HISTOFEV23!$A$7:$AU$45,32,0)) -> BANQUE | P16: =VLOOKUP($A16,[6]HISTOFEV23!$A$7:$AU$45,33,0) -> 0 | Q16: =IF(R16=0,0,($C$3-R16)) -> 293500 | R16: =VLOOKUP($A16,[6]HISTOFEV23!$A$7:$AU$45,29,0) -> 6500
A17: AS201619 | B17: =IF(D17=0,0,VLOOKUP($A17,[6]HISTOFEV23!$A$6:$BO$40,10,0)) -> 1 | C17: =VLOOKUP(A17,[7]LISTADHERENT!A$5:H$60,3,0) -> KOUATCHO MESSACK | D17: =IF(G17="ECHEC",0,B$3) -> 25000 | E17: =D17+VLOOKUP($A17,[6]HISTOFEV23!$A$7:$AU$40,45,0)+F17 -> 40000 | F17: =VLOOKUP($A17,[6]HISTOFEV23!$A$7:$AU$45,7,0) -> 0 | G17: =VLOOKUP($A17,[6]HISTOFEV23!$A$7:$AU$45,8,0) -> BANQUE | H17: =VLOOKUP($A17,[6]HISTOFEV23!$A$6:$AU$45,35,0) -> 0 | I17: =VLOOKUP($A17,[6]HISTOFEV23!$A$7:$AU$45,38,0) -> 0 | J17: =IF(I17=0,0,VLOOKUP($A17,[6]HISTOFEV23!$A$7:$AU$45,42,0)) -> 0 | K17: =VLOOKUP($A17,[6]HISTOFEV23!$A$7:$AU$45,41,0) -> 0 | L17: =TONTJANV23!H17+TONTJANV23!I17 -> 0 | M17: =VLOOKUP($A17,[6]HISTOFEV23!$A$7:$AU$45,16,0) -> 0 | N17: =IF(M17<>0,VLOOKUP($A17,[6]HISTOFEV23!$A$7:$AU$45,8,0),"ECHEC") -> ECHEC | O17: =IF(R17=0,0,VLOOKUP($A17,[6]HISTOFEV23!$A$7:$AU$45,32,0)) -> 0 | P17: =VLOOKUP($A17,[6]HISTOFEV23!$A$7:$AU$45,33,0) -> 0 | Q17: =IF(R17=0,0,($C$3-R17)) -> 0 | R17: =VLOOKUP($A17,[6]HISTOFEV23!$A$7:$AU$45,29,0) -> 0
... A35: AS201647 | B35: =IF(D35=0,0,VLOOKUP($A35,[6]HISTOFEV23!$A$6:$BO$40,10,0)) -> 1 | C35: =VLOOKUP(A35,[7]LISTADHERENT!A$5:H$60,3,0) -> YOUMBI EMMANUEL | D35: =IF(G35="ECHEC",0,B$3) -> 25000 | E35: =D35+VLOOKUP($A35,[6]HISTOFEV23!$A$7:$AU$40,45,0)+F35 -> 40000 | F35: =VLOOKUP($A35,[6]HISTOFEV23!$A$7:$AU$45,7,0) -> 0 | G35: =VLOOKUP($A35,[6]HISTOFEV23!$A$7:$AU$45,8,0) -> BANQUE | H35: =VLOOKUP($A35,[6]HISTOFEV23!$A$6:$AU$45,35,0) -> 0 | I35: =VLOOKUP($A35,[6]HISTOFEV23!$A$7:$AU$45,38,0) -> 0 | J35: =IF(I35=0,0,VLOOKUP($A35,[6]HISTOFEV23!$A$7:$AU$45,42,0)) -> 0 | K35: =VLOOKUP($A35,[6]HISTOFEV23!$A$7:$AU$45,41,0) -> 0 | L35: =TONTJANV23!H35+TONTJANV23!I35 -> 0 | M35: =VLOOKUP($A35,[6]HISTOFEV23!$A$7:$AU$45,16,0) -> 0 | N35: =IF(M35<>0,VLOOKUP($A35,[6]HISTOFEV23!$A$7:$AU$45,8,0),"ECHEC") -> ECHEC | O35: =IF(R35=0,0,VLOOKUP($A35,[6]HISTOFEV23!$A$7:$AU$45,32,0)) -> 0 | P35: =VLOOKUP($A35,[6]HISTOFEV23!$A$7:$AU$45,33,0) -> 0 | Q35: =IF(R35=0,0,($C$3-R35)) -> 0 | R35: =VLOOKUP($A35,[6]HISTOFEV23!$A$7:$AU$45,29,0) -> 0
A37: TOTAL PART | B37: =SUM(B6:B36) -> 30
A38: NBRE ADHERENT | B38: =COUNT(D6:D35) -> 30 | D38: =SUM(D6:D37) -> 750000 | E38: =SUM(E6:E37) -> 1258000 | F38: =SUM(F6:F37) -> 0 | H38: =SUM(H6:H37) -> 111500 | I38: =SUM(I6:I37) -> 3000 | L38: =SUM(L6:L37) -> 244000 | M38: =SUM(M6:M37) -> 244000 | N38: =SUM(N6:N37) -> 0 | O38: =SUM(O6:O37) -> 0 | P38: =SUM(P6:P37) -> 0 | Q38: =SUM(Q6:Q37) -> 882500 | R38: =SUM(R6:R37) -> 17500
N39: NBRE PART | O39: PART VENDUE
D40: MONTANT TONTINE | E40: MONTANT VERSE | G40: REMBOURSEMENT PETIT LOT | H40: VENTE PETIT LOT | I40: VENTE LOT PRINCIPAL | J40: SOLDE EN CAISSE | L40: TONTINE + REMB + INTERET VENTE | M40: =D44+G44+R38+TONTJANV23!O45 -> 1011500
D41: =SUMIFS(D6:D37,G6:G37,"ESPECES") -> 150000 | E41: =SUMIFS(E6:E37,G6:G37,"ESPECES") -> 240000 | F41: ESPECES | G41: =SUMIFS(M6:M35,N6:N35,"ESPECES") -> 62000 | H41: =SUMIFS(H6:H37,J6:J37,"ESPECES") -> 0 | I41: =SUMIFS(Q6:Q37,O6:O37,"ESPECES") -> 0 | J41: =D41+G41-H41-I41 -> 212000 | L41: LOT PRINCIPAL | M41: =C3*COUNTIF(Q6:Q37,">0") -> 900000 | N41: =D3 -> 3 | O41: =COUNTIF(Q6:Q35,">0") -> 3
D42: =SUMIFS(D6:D37,G6:G37,"BANQUE") -> 600000 | E42: =SUMIFS(E6:E38,G6:G38,"BANQUE") -> 1018000 | F42: BANQUE | G42: =SUMIFS(M6:M35,N6:N35,"BANQUE") -> 182000 | H42: =SUMIFS(H6:H37,J6:J37,"BANQUE") -> 111500 | I42: =SUMIFS(Q6:Q37,O6:O37,"BANQUE") -> 882500 | J42: =D42+G42-H42-I42 -> -212000
L43: PETIT LOT | M43: =M40-M41 -> 111500
D44: =D41+D42 -> 750000 | E44: =E41+E42 -> 1258000 | F44: TOTAL | G44: =G41+G42 -> 244000 | H44: =H41+H42 -> 111500 | I44: =I41+I42 -> 882500 | J44: =J41+J42 -> 0
F45: TOTAL+DEPOT | L45: RELIQUAT | M45: =M43-H38 -> 0 | O45: =TONTFEV23!M45 -> 0 | P45: CUMUL
L47: ECHEC TONTINE MOIS | M47: =COUNTIFS(G6:G36,"ECHEC")*25000 -> 0 | O47: =TONTFEV23!M47 -> 0 | P47: CUMUL
L48: ECHEC REMBOURSEMENT MOIS | M48: =L38-G44 -> 0 | O48: =TONTFEV23!M48 -> 0 | P48: CUMUL

Sheet TONTMARS23
A1: ASSOCIATION | B1: ASELBY
A2: ANNEE | B2: 2023 | C2: TONIINE | D2: NBRE PART
A3: TAUX TONTINE | B3: 25000 | C3: =B3*12 -> 300000 | D3: =ROUNDDOWN(M40/C3,0) -> 2
C4: 44998
A5: MATRICULE | B5: NBREPART | C5: NOM ET PRENOM | D5: MONTANT TONTINE | E5: MONTANT VERSE | F5: PENALITE VERSEMENT ESPECES | G5: MODE VERSEMENT | H5: VENTE PETIT LOT | I5: INTERET PETIT LOT | J5: MODE VERSEMENT VENTE PETIT LOT | K5: NUMERO CHEQUE | L5: MONTANT A REMBOURSER PETIT LOT | M5: REMBOURSEMENT PETIT LOT | N5: MODE VERSEMENT REMBOURSEMENT | O5: MODE VERSEMENTLOT PRINCIPAL | P5: NUMERO CHEQUE | Q5: MONTANT LOT PRINCIPAL | R5: INTERET LOT PRINCIPAL
A6: AS201601 | B6: =IF(D6=0,0,VLOOKUP($A6,[6]HISTOMARS23!$A$6:$BO$40,10,0)) -> 1 | C6: =VLOOKUP(A6,[7]LISTADHERENT!A$5:H$60,3,0) -> BAKOP ACHILLE | D6: =IF(G6="ECHEC",0,B$3) -> 25000 | E6: =D6+VLOOKUP($A6,[6]HISTOMARS23!$A$7:$AU$40,45,0)+F6 -> 40000 | F6: =VLOOKUP($A6,[6]HISTOMARS23!$A$7:$AU$45,7,0) -> 0 | G6: =VLOOKUP($A6,[6]HISTOMARS23!$A$7:$AU$45,8,0) -> BANQUE | H6: =VLOOKUP($A6,[6]HISTOMARS23!$A$6:$AU$45,35,0) -> 0 | I6: =VLOOKUP($A6,[6]HISTOMARS23!$A$7:$AU$45,38,0) -> 0 | J6: =IF(I6=0,0,VLOOKUP($A6,[6]HISTOMARS23!$A$7:$AU$45,42,0)) -> 0 | K6: =VLOOKUP($A6,[6]HISTOMARS23!$A$7:$AU$45,41,0) -> 0 | L6: =TONTFEV23!H6+TONTFEV23!I6 -> 0 | M6: =VLOOKUP($A6,[6]HISTOMARS23!$A$7:$AU$45,16,0) -> 0 | N6: =IF(M6<>0,VLOOKUP($A6,[6]HISTOMARS23!$A$7:$AU$45,8,0),"ECHEC") -> ECHEC | O6: =IF(R6=0,0,VLOOKUP($A6,[6]HISTOMARS23!$A$7:$AU$45,32,0)) -> 0 | P6: =VLOOKUP($A6,[6]HISTOMARS23!$A$7:$AU$45,33,0) -> 0 | Q6: =IF(R6=0,0,($C$3-R6)) -> 0 | R6: =VLOOKUP($A6,[6]HISTOMARS23!$A$7:$AU$45,29,0) -> 0
A7: AS201602 | B7: =IF(D7=0,0,VLOOKUP($A7,[6]HISTOMARS23!$A$6:$BO$40,10,0)) -> 1 | C7: =VLOOKUP(A7,[7]LISTADHERENT!A$5:H$60,3,0) -> BOUTCHOUANG WILLIAM | D7: =IF(G7="ECHEC",0,B$3) -> 25000 | E7: =D7+VLOOKUP($A7,[6]HISTOMARS23!$A$7:$AU$40,45,0)+F7 -> 40000 | F7: =VLOOKUP($A7,[6]HISTOMARS23!$A$7:$AU$45,7,0) -> 0 | G7: =VLOOKUP($A7,[6]HISTOMARS23!$A$7:$AU$45,8,0) -> BANQUE | H7: =VLOOKUP($A7,[6]HISTOMARS23!$A$6:$AU$45,35,0) -> 0 | I7: =VLOOKUP($A7,[6]HISTOMARS23!$A$7:$AU$45,38,0) -> 0 | J7: =IF(I7=0,0,VLOOKUP($A7,[6]HISTOMARS23!$A$7:$AU$45,42,0)) -> 0 | K7: =VLOOKUP($A7,[6]HISTOMARS23!$A$7:$AU$45,41,0) -> 0 | L7: =TONTFEV23!H7+TONTFEV23!I7 -> 0 | M7: =VLOOKUP($A7,[6]HISTOMARS23!$A$7:$AU$45,16,0) -> 0 | N7: =IF(M7<>0,VLOOKUP($A7,[6]HISTOMARS23!$A$7:$AU$45,8,0),"ECHEC") -> ECHEC | O7: =IF(R7=0,0,VLOOKUP($A7,[6]HISTOMARS23!$A$7:$AU$45,32,0)) -> 0 | P7: =VLOOKUP($A7,[6]HISTOMARS23!$A$7:$AU$45,33,0) -> 0 | Q7: =IF(R7=0,0,($C$3-R7)) -> 0 | R7: =VLOOKUP($A7,[6]HISTOMARS23!$A$7:$AU$45,29,0) -> 0
A8: AS201604 | B8: =IF(D8=0,0,VLOOKUP($A8,[6]HISTOMARS23!$A$6:$BO$40,10,0)) -> 1 | C8: =VLOOKUP(A8,[7]LISTADHERENT!A$5:H$60,3,0) -> DJOMO JEAN PAUL | D8: =IF(G8="ECHEC",0,B$3) -> 25000 | E8: =D8+VLOOKUP($A8,[6]HISTOMARS23!$A$7:$AU$40,45,0)+F8 -> 40000 | F8: =VLOOKUP($A8,[6]HISTOMARS23!$A$7:$AU$45,7,0) -> 0 | G8: =VLOOKUP($A8,[6]HISTOMARS23!$A$7:$AU$45,8,0) -> BANQUE | H8: =VLOOKUP($A8,[6]HISTOMARS23!$A$6:$AU$45,35,0) -> 0 | I8: =VLOOKUP($A8,[6]HISTOMARS23!$A$7:$AU$45,38,0) -> 0 | J8: =IF(I8=0,0,VLOOKUP($A8,[6]HISTOMARS23!$A$7:$AU$45,42,0)) -> 0 | K8: =VLOOKUP($A8,[6]HISTOMARS23!$A$7:$AU$45,41,0) -> 0 | L8: =TONTFEV23!H8+TONTFEV23!I8 -> 0 | M8: =VLOOKUP($A8,[6]HISTOMARS23!$A$7:$AU$45,16,0) -> 0 | N8: =IF(M8<>0,VLOOKUP($A8,[6]HISTOMARS23!$A$7:$AU$45,8,0),"ECHEC") -> ECHEC | O8: =IF(R8=0,0,VLOOKUP($A8,[6]HISTOMARS23!$A$7:$AU$45,32,0)) -> 0 | P8: =VLOOKUP($A8,[6]HISTOMARS23!$A$7:$AU$45,33,0) -> 0 | Q8: =IF(R8=0,0,($C$3-R8)) -> 0 | R8: =VLOOKUP($A8,[6]HISTOMARS23!$A$7:$AU$45,29,0) -> 0
A9: AS201654 | B9: =IF(D9=0,0,VLOOKUP($A9,[6]HISTOMARS23!$A$6:$BO$40,10,0)) -> 1 | C9: =VLOOKUP(A9,[7]LISTADHERENT!A$5:H$60,3,0) -> DJOMOU TCHAPDA | D9: =IF(G9="ECHEC",0,B$3) -> 25000 | E9: =D9+VLOOKUP($A9,[6]HISTOMARS23!$A$7:$AU$40,45,0)+F9 -> 41000 | F9: =VLOOKUP($A9,[6]HISTOMARS23!$A$7:$AU$45,7,0) -> 0 | G9: =VLOOKUP($A9,[6]HISTOMARS23!$A$7:$AU$45,8,0) -> BANQUE | H9: =VLOOKUP($A9,[6]HISTOMARS23!$A$6:$AU$45,35,0) -> 0 | I9: =VLOOKUP($A9,[6]HISTOMARS23!$A$7:$AU$45,38,0) -> 0 | J9: =IF(I9=0,0,VLOOKUP($A9,[6]HISTOMARS23!$A$7:$AU$45,42,0)) -> 0 | K9: =VLOOKUP($A9,[6]HISTOMARS23!$A$7:$AU$45,41,0) -> 0 | L9: =TONTFEV23!H9+TONTFEV23!I9 -> 41000 | M9: =VLOOKUP($A9,[6]HISTOMARS23!$A$7:$AU$45,16,0) -> 41000 | N9: =IF(M9<>0,VLOOKUP($A9,[6]HISTOMARS23!$A$7:$AU$45,8,0),"ECHEC") -> BANQUE | O9: =IF(R9=0,0,VLOOKUP($A9,[6]HISTOMARS23!$A$7:$AU$45,32,0)) -> 0 | P9: =VLOOKUP($A9,[6]HISTOMARS23!$A$7:$AU$45,33,0) -> 0 | Q9: =IF(R9=0,0,($C$3-R9)) -> 0 | R9: =VLOOKUP($A9,[6]HISTOMARS23!$A$7:$AU$45,29,0) -> 0
A10: AS201605 | B10: =IF(D10=0,0,VLOOKUP($A10,[6]HISTOMARS23!$A$6:$BO$40,10,0)) -> 1 | C10: =VLOOKUP(A10,[7]LISTADHERENT!A$5:H$60,3,0) -> DJOUKWE NANGUEN GUY BLAISE | D10: =IF(G10="ECHEC",0,B$3) -> 25000 | E10: =D10+VLOOKUP($A10,[6]HISTOMARS23!$A$7:$AU$40,45,0)+F10 -> 45000 | F10: =VLOOKUP($A10,[6]HISTOMARS23!$A$7:$AU$45,7,0) -> 0 | G10: =VLOOKUP($A10,[6]HISTOMARS23!$A$7:$AU$45,8,0) -> BANQUE | H10: =VLOOKUP($A10,[6]HISTOMARS23!$A$6:$AU$45,35,0) -> 0 | I10: =VLOOKUP($A10,[6]HISTOMARS23!$A$7:$AU$45,38,0) -> 0 | J10: =IF(I10=0,0,VLOOKUP($A10,[6]HISTOMARS23!$A$7:$AU$45,42,0)) -> 0 | K10: =VLOOKUP($A10,[6]HISTOMARS23!$A$7:$AU$45,41,0) -> 0 | L10: =TONTFEV23!H10+TONTFEV23!I10 -> 0 | M10: =VLOOKUP($A10,[6]HISTOMARS23!$A$7:$AU$45,16,0) -> 0 | N10: =IF(M10<>0,VLOOKUP($A10,[6]HISTOMARS23!$A$7:$AU$45,8,0),"ECHEC") -> ECHEC | O10: =IF(R10=0,0,VLOOKUP($A10,[6]HISTOMARS23!$A$7:$AU$45,32,0)) -> 0 | P10: =VLOOKUP($A10,[6]HISTOMARS23!$A$7:$AU$45,33,0) -> 0 | Q10: =IF(R10=0,0,($C$3-R10)) -> 0 | R10: =VLOOKUP($A10,[6]HISTOMARS23!$A$7:$AU$45,29,0) -> 0
A11: AS201608 | B11: =IF(D11=0,0,VLOOKUP($A11,[6]HISTOMARS23!$A$6:$BO$40,10,0)) -> 1 | C11: =VLOOKUP(A11,[7]LISTADHERENT!A$5:H$60,3,0) -> DJUOMBESSY ANTOINE | D11: =IF(G11="ECHEC",0,B$3) -> 25000 | E11: =D11+VLOOKUP($A11,[6]HISTOMARS23!$A$7:$AU$40,45,0)+F11 -> 45000 | F11: =VLOOKUP($A11,[6]HISTOMARS23!$A$7:$AU$45,7,0) -> 0 | G11: =VLOOKUP($A11,[6]HISTOMARS23!$A$7:$AU$45,8,0) -> BANQUE | H11: =VLOOKUP($A11,[6]HISTOMARS23!$A$6:$AU$45,35,0) -> 0 | I11: =VLOOKUP($A11,[6]HISTOMARS23!$A$7:$AU$45,38,0) -> 0 | J11: =IF(I11=0,0,VLOOKUP($A11,[6]HISTOMARS23!$A$7:$AU$45,42,0)) -> 0 | K11: =VLOOKUP($A11,[6]HISTOMARS23!$A$7:$AU$45,41,0) -> 0 | L11: =TONTFEV23!H11+TONTFEV23!I11 -> 0 | M11: =VLOOKUP($A11,[6]HISTOMARS23!$A$7:$AU$45,16,0) -> 0 | N11: =IF(M11<>0,VLOOKUP($A11,[6]HISTOMARS23!$A$7:$AU$45,8,0),"ECHEC") -> ECHEC | O11: =IF(R11=0,0,VLOOKUP($A11,[6]HISTOMARS23!$A$7:$AU$45,32,0)) -> 0 | P11: =VLOOKUP($A11,[6]HISTOMARS23!$A$7:$AU$45,33,0) -> 0 | Q11: =IF(R11=0,0,($C$3-R11)) -> 0 | R11: =VLOOKUP($A11,[6]HISTOMARS23!$A$7:$AU$45,29,0) -> 0
A12: AS201651 | B12: =IF(D12=0,0,VLOOKUP($A12,[6]HISTOMARS23!$A$6:$BO$40,10,0)) -> 1 | C12: =VLOOKUP(A12,[7]LISTADHERENT!A$5:H$60,3,0) -> DOMOU FABIEN | D12: =IF(G12="ECHEC",0,B$3) -> 25000 | E12: =D12+VLOOKUP($A12,[6]HISTOMARS23!$A$7:$AU$40,45,0)+F12 -> 40000 | F12: =VLOOKUP($A12,[6]HISTOMARS23!$A$7:$AU$45,7,0) -> 0 | G12: =VLOOKUP($A12,[6]HISTOMARS23!$A$7:$AU$45,8,0) -> BANQUE | H12: =VLOOKUP($A12,[6]HISTOMARS23!$A$6:$AU$45,35,0) -> 0 | I12: =VLOOKUP($A12,[6]HISTOMARS23!$A$7:$AU$45,38,0) -> 0 | J12: =IF(I12=0,0,VLOOKUP($A12,[6]HISTOMARS23!$A$7:$AU$45,42,0)) -> 0 | K12: =VLOOKUP($A12,[6]HISTOMARS23!$A$7:$AU$45,41,0) -> 0 | L12: =TONTFEV23!H12+TONTFEV23!I12 -> 0 | M12: =VLOOKUP($A12,[6]HISTOMARS23!$A$7:$AU$45,16,0) -> 0 | N12: =IF(M12<>0,VLOOKUP($A12,[6]HISTOMARS23!$A$7:$AU$45,8,0),"ECHEC") -> ECHEC | O12: =IF(R12=0,0,VLOOKUP($A12,[6]HISTOMARS23!$A$7:$AU$45,32,0)) -> 0 | P12: =VLOOKUP($A12,[6]HISTOMARS23!$A$7:$AU$45,33,0) -> 0 | Q12: =IF(R12=0,0,($C$3-R12)) -> 290000 | R12: =VLOOKUP($A12,[6]HISTOMARS23!$A$7:$AU$45,29,0) -> 10000
A13: AS201609 | B13: =IF(D13=0,0,VLOOKUP($A13,[6]HISTOMARS23!$A$6:$BO$40,10,0)) -> 1 | C13: =VLOOKUP(A13,[7]LISTADHERENT!A$5:H$60,3,0) -> DONHOU DAVID | D13: =IF(G13="ECHEC",0,B$3) -> 25000 | E13: =D13+VLOOKUP($A13,[6]HISTOMARS23!$A$7:$AU$40,45,0)+F13 -> 40000 | F13: =VLOOKUP($A13,[6]HISTOMARS23!$A$7:$AU$45,7,0) -> 0 | G13: =VLOOKUP($A13,[6]HISTOMARS23!$A$7:$AU$45,8,0) -> BANQUE | H13: =VLOOKUP($A13,[6]HISTOMARS23!$A$6:$AU$45,35,0) -> 0 | I13: =VLOOKUP($A13,[6]HISTOMARS23!$A$7:$AU$45,38,0) -> 0 | J13: =IF(I13=0,0,VLOOKUP($A13,[6]HISTOMARS23!$A$7:$AU$45,42,0)) -> 0 | K13: =VLOOKUP($A13,[6]HISTOMARS23!$A$7:$AU$45,41,0) -> 0 | L13: =TONTFEV23!H13+TONTFEV23!I13 -> 0 | M13: =VLOOKUP($A13,[6]HISTOMARS23!$A$7:$AU$45,16,0) -> 0 | N13: =IF(M13<>0,VLOOKUP($A13,[6]HISTOMARS23!$A$7:$AU$45,8,0),"ECHEC") -> ECHEC | O13: =IF(R13=0,0,VLOOKUP($A13,[6]HISTOMARS23!$A$7:$AU$45,32,0)) -> 0 | P13: =VLOOKUP($A13,[6]HISTOMARS23!$A$7:$AU$45,33,0) -> 0 | Q13: =IF(R13=0,0,($C$3-R13)) -> 0 | R13: =VLOOKUP($A13,[6]HISTOMARS23!$A$7:$AU$45,29,0) -> 0
A14: AS201611 | B14: =IF(D14=0,0,VLOOKUP($A14,[6]HISTOMARS23!$A$6:$BO$40,10,0)) -> 1 | C14: =VLOOKUP(A14,[7]LISTADHERENT!A$5:H$60,3,0) -> HENGUE PAUL OMER | D14: =IF(G14="ECHEC",0,B$3) -> 25000 | E14: =D14+VLOOKUP($A14,[6]HISTOMARS23!$A$7:$AU$40,45,0)+F14 -> 40000 | F14: =VLOOKUP($A14,[6]HISTOMARS23!$A$7:$AU$45,7,0) -> 0 | G14: =VLOOKUP($A14,[6]HISTOMARS23!$A$7:$AU$45,8,0) -> BANQUE | H14: =VLOOKUP($A14,[6]HISTOMARS23!$A$6:$AU$45,35,0) -> 0 | I14: =VLOOKUP($A14,[6]HISTOMARS23!$A$7:$AU$45,38,0) -> 0 | J14: =IF(I14=0,0,VLOOKUP($A14,[6]HISTOMARS23!$A$7:$AU$45,42,0)) -> 0 | K14: =VLOOKUP($A14,[6]HISTOMARS23!$A$7:$AU$45,41,0) -> 0 | L14: =TONTFEV23!H14+TONTFEV23!I14 -> 0 | M14: =VLOOKUP($A14,[6]HISTOMARS23!$A$7:$AU$45,16,0) -> 0 | N14: =IF(M14<>0,VLOOKUP($A14,[6]HISTOMARS23!$A$7:$AU$45,8,0),"ECHEC") -> ECHEC | O14: =IF(R14=0,0,VLOOKUP($A14,[6]HISTOMARS23!$A$7:$AU$45,32,0)) -> 0 | P14: =VLOOKUP($A14,[6]HISTOMARS23!$A$7:$AU$45,33,0) -> 0 | Q14: =IF(R14=0,0,($C$3-R14)) -> 0 | R14: =VLOOKUP($A14,[6]HISTOMARS23!$A$7:$AU$45,29,0) -> 0
A15: AS201613 | B15: =IF(D15=0,0,VLOOKUP($A15,[6]HISTOMARS23!$A$6:$BO$40,10,0)) -> 1 | C15: =VLOOKUP(A15,[7]LISTADHERENT!A$5:H$60,3,0) -> HOTCHO BENJAMIN | D15: =IF(G15="ECHEC",0,B$3) -> 25000 | E15: =D15+VLOOKUP($A15,[6]HISTOMARS23!$A$7:$AU$40,45,0)+F15 -> 75000 | F15: =VLOOKUP($A15,[6]HISTOMARS23!$A$7:$AU$45,7,0) -> 0 | G15: =VLOOKUP($A15,[6]HISTOMARS23!$A$7:$AU$45,8,0) -> BANQUE | H15: =VLOOKUP($A15,[6]HISTOMARS23!$A$6:$AU$45,35,0) -> 0 | I15: =VLOOKUP($A15,[6]HISTOMARS23!$A$7:$AU$45,38,0) -> 0 | J15: =IF(I15=0,0,VLOOKUP($A15,[6]HISTOMARS23!$A$7:$AU$45,42,0)) -> 0 | K15: =VLOOKUP($A15,[6]HISTOMARS23!$A$7:$AU$45,41,0) -> 0 | L15: =TONTFEV23!H15+TONTFEV23!I15 -> 0 | M15: =VLOOKUP($A15,[6]HISTOMARS23!$A$7:$AU$45,16,0) -> 0 | N15: =IF(M15<>0,VLOOKUP($A15,[6]HISTOMARS23!$A$7:$AU$45,8,0),"ECHEC") -> ECHEC | O15: =IF(R15=0,0,VLOOKUP($A15,[6]HISTOMARS23!$A$7:$AU$45,32,0)) -> 0 | P15: =VLOOKUP($A15,[6]HISTOMARS23!$A$7:$AU$45,33,0) -> 0 | Q15: =IF(R15=0,0,($C$3-R15)) -> 0 | R15: =VLOOKUP($A15,[6]HISTOMARS23!$A$7:$AU$45,29,0) -> 0
A16: AS201617 | B16: =IF(D16=0,0,VLOOKUP($A16,[6]HISTOMARS23!$A$6:$BO$40,10,0)) -> 1 | C16: =VLOOKUP(A16,[7]LISTADHERENT!A$5:H$60,3,0) -> KOUAMOU MOISE | D16: =IF(G16="ECHEC",0,B$3) -> 25000 | E16: =D16+VLOOKUP($A16,[6]HISTOMARS23!$A$7:$AU$40,45,0)+F16 -> 40000 | F16: =VLOOKUP($A16,[6]HISTOMARS23!$A$7:$AU$45,7,0) -> 0 | G16: =VLOOKUP($A16,[6]HISTOMARS23!$A$7:$AU$45,8,0) -> BANQUE | H16: =VLOOKUP($A16,[6]HISTOMARS23!$A$6:$AU$45,35,0) -> 0 | I16: =VLOOKUP($A16,[6]HISTOMARS23!$A$7:$AU$45,38,0) -> 0 | J16: =IF(I16=0,0,VLOOKUP($A16,[6]HISTOMARS23!$A$7:$AU$45,42,0)) -> 0 | K16: =VLOOKUP($A16,[6]HISTOMARS23!$A$7:$AU$45,41,0) -> 0 | L16: =TONTFEV23!H16+TONTFEV23!I16 -> 0 | M16: =VLOOKUP($A16,[6]HISTOMARS23!$A$7:$AU$45,16,0) -> 0 | N16: =IF(M16<>0,VLOOKUP($A16,[6]HISTOMARS23!$A$7:$AU$45,8,0),"ECHEC") -> ECHEC | O16: =IF(R16=0,0,VLOOKUP($A16,[6]HISTOMARS23!$A$7:$AU$45,32,0)) -> 0 | P16: =VLOOKUP($A16,[6]HISTOMARS23!$A$7:$AU$45,33,0) -> 0 | Q16: =IF(R16=0,0,($C$3-R16)) -> 0 | R16: =VLOOKUP($A16,[6]HISTOMARS23!$A$7:$AU$45,29,0) -> 0
A17: AS201619 | B17: =IF(D17=0,0,VLOOKUP($A17,[6]HISTOMARS23!$A$6:$BO$40,10,0)) -> 1 | C17: =VLOOKUP(A17,[7]LISTADHERENT!A$5:H$60,3,0) -> KOUATCHO MESSACK | D17: =IF(G17="ECHEC",0,B$3) -> 25000 | E17: =D17+VLOOKUP($A17,[6]HISTOMARS23!$A$7:$AU$40,45,0)+F17 -> 39000 | F17: =VLOOKUP($A17,[6]HISTOMARS23!$A$7:$AU$45,7,0) -> 0 | G17: =VLOOKUP($A17,[6]HISTOMARS23!$A$7:$AU$45,8,0) -> BANQUE | H17: =VLOOKUP($A17,[6]HISTOMARS23!$A$6:$AU$45,35,0) -> 0 | I17: =VLOOKUP($A17,[6]HISTOMARS23!$A$7:$AU$45,38,0) -> 0 | J17: =IF(I17=0,0,VLOOKUP($A17,[6]HISTOMARS23!$A$7:$AU$45,42,0)) -> 0 | K17: =VLOOKUP($A17,[6]HISTOMARS23!$A$7:$AU$45,41,0) -> 0 | L17: =TONTFEV23!H17+TONTFEV23!I17 -> 0 | M17: =VLOOKUP($A17,[6]HISTOMARS23!$A$7:$AU$45,16,0) -> 0 | N17: =IF(M17<>0,VLOOKUP($A17,[6]HISTOMARS23!$A$7:$AU$45,8,0),"ECHEC") -> ECHEC | O17: =IF(R17=0,0,VLOOKUP($A17,[6]HISTOMARS23!$A$7:$AU$45,32,0)) -> 0 | P17: =VLOOKUP($A17,[6]HISTOMARS23!$A$7:$AU$45,33,0) -> 0 | Q17: =IF(R17=0,0,($C$3-R17)) -> 0 | R17: =VLOOKUP($A17,[6]HISTOMARS23!$A$7:$AU$45,29,0) -> 0
... A35: AS201647 | B35: =IF(D35=0,0,VLOOKUP($A35,[6]HISTOMARS23!$A$6:$BO$40,10,0)) -> 1 | C35: =VLOOKUP(A35,[7]LISTADHERENT!A$5:H$60,3,0) -> YOUMBI EMMANUEL | D35: =IF(G35="ECHEC",0,B$3) -> 25000 | E35: =D35+VLOOKUP($A35,[6]HISTOMARS23!$A$7:$AU$40,45,0)+F35 -> 40000 | F35: =VLOOKUP($A35,[6]HISTOMARS23!$A$7:$AU$45,7,0) -> 0 | G35: =VLOOKUP($A35,[6]HISTOMARS23!$A$7:$AU$45,8,0) -> BANQUE | H35: =VLOOKUP($A35,[6]HISTOMARS23!$A$6:$AU$45,35,0) -> 0 | I35: =VLOOKUP($A35,[6]HISTOMARS23!$A$7:$AU$45,38,0) -> 0 | J35: =IF(I35=0,0,VLOOKUP($A35,[6]HISTOMARS23!$A$7:$AU$45,42,0)) -> 0 | K35: =VLOOKUP($A35,[6]HISTOMARS23!$A$7:$AU$45,41,0) -> 0 | L35: =TONTFEV23!H35+TONTFEV23!I35 -> 0 | M35: =VLOOKUP($A35,[6]HISTOMARS23!$A$7:$AU$45,16,0) -> 0 | N35: =IF(M35<>0,VLOOKUP($A35,[6]HISTOMARS23!$A$7:$AU$45,8,0),"ECHEC") -> ECHEC | O35: =IF(R35=0,0,VLOOKUP($A35,[6]HISTOMARS23!$A$7:$AU$45,32,0)) -> 0 | P35: =VLOOKUP($A35,[6]HISTOMARS23!$A$7:$AU$45,33,0) -> 0 | Q35: =IF(R35=0,0,($C$3-R35)) -> 0 | R35: =VLOOKUP($A35,[6]HISTOMARS23!$A$7:$AU$45,29,0) -> 0
A37: TOTAL PART | B37: =SUM(B6:B36) -> 30
A38: NBRE ADHERENT | B38: =COUNT(D6:D35) -> 30 | D38: =SUM(D6:D37) -> 750000 | E38: =SUM(E6:E37) -> 1283000 | F38: =SUM(F6:F37) -> 6000 | H38: =SUM(H6:H37) -> 0 | I38: =SUM(I6:I37) -> 0 | L38: =SUM(L6:L37) -> 114500 | M38: =SUM(M6:M37) -> 114500 | N38: =SUM(N6:N37) -> 0 | O38: =SUM(O6:O37) -> 0 | P38: =SUM(P6:P37) -> 0 | Q38: =SUM(Q6:Q37) -> 868000 | R38: =SUM(R6:R37) -> 32000
N39: NBRE PART | O39: PART VENDUE
D40: MONTANT TONTINE | E40: MONTANT VERSE | G40: REMBOURSEMENT PETIT LOT | H40: VENTE PETIT LOT | I40: VENTE LOT PRINCIPAL | J40: SOLDE EN CAISSE | L40: TONTINE + REMB + INTERET VENTE | M40: =D44+G44+R38+TONTFEV23!O45 -> 896500
D41: =SUMIFS(D6:D37,G6:G37,"ESPECES") -> 50000 | E41: =SUMIFS(E6:E37,G6:G37,"ESPECES") -> 86000 | F41: ESPECES | G41: =SUMIFS(M6:M35,N6:N35,"ESPECES") -> 41000 | H41: =SUMIFS(H6:H37,J6:J37,"ESPECES") -> 0 | I41: =SUMIFS(Q6:Q37,O6:O37,"ESPECES") -> 0 | J41: =D41+G41-H41-I41 -> 91000 | L41: LOT PRINCIPAL | M41: =C3*COUNTIF(Q6:Q37,">0") -> 900000 | N41: =D3 -> 2 | O41: =COUNTIF(Q6:Q35,">0") -> 3
D42: =SUMIFS(D6:D37,G6:G37,"BANQUE") -> 700000 | E42: =SUMIFS(E6:E38,G6:G38,"BANQUE") -> 1197000 | F42: BANQUE | G42: =SUMIFS(M6:M35,N6:N35,"BANQUE") -> 73500 | H42: =SUMIFS(H6:H37,J6:J37,"BANQUE") -> 0 | I42: =SUMIFS(Q6:Q37,O6:O37,"BANQUE") -> 0 | J42: =D42+G42-H42-I42 -> 773500
L43: PETIT LOT | M43: =M40-M41 -> -3500
D44: =D41+D42 -> 750000 | E44: =E41+E42 -> 1283000 | F44: TOTAL | G44: =G41+G42 -> 114500 | H44: =H41+H42 -> 0 | I44: =I41+I42 -> 0 | J44: =J41+J42 -> 864500
F45: TOTAL+DEPOT | L45: RELIQUAT | M45: =M43-H38 -> -3500 | O45: =TONTMARS23!M45 -> -3500 | P45: CUMUL
L47: ECHEC TONTINE MOIS | M47: =COUNTIFS(G6:G36,"ECHEC")*25000 -> 0 | O47: =TONTFEV23!O47+TONTMARS23!M47 -> 0 | P47: CUMUL
L48: ECHEC REMBOURSEMENT MOIS | M48: =L38-G44 -> 0 | O48: =TONTFEV23!O48+TONTMARS23!M48 -> 0 | P48: CUMUL

Sheet TONTAVRIL23
A1: ASSOCIATION | B1: ASELBY
A2: ANNEE | B2: 2023 | C2: TONIINE | D2: NBRE PART
A3: TAUX TONTINE | B3: 25000 | C3: =B3*12 -> 300000 | D3: =ROUNDDOWN(M40/C3,0) -> 2
C4: 45029
A5: MATRICULE | B5: NBREPART | C5: NOM ET PRENOM | D5: MONTANT TONTINE | E5: MONTANT VERSE | F5: PENALITE VERSEMENT ESPECES | G5: MODE VERSEMENT | H5: VENTE PETIT LOT | I5: INTERET PETIT LOT | J5: MODE VERSEMENT VENTE PETIT LOT | K5: NUMERO CHEQUE | L5: MONTANT A REMBOURSER PETIT LOT | M5: REMBOURSEMENT PETIT LOT | N5: MODE VERSEMENT REMBOURSEMENT | O5: MODE VERSEMENTLOT PRINCIPAL | P5: NUMERO CHEQUE | Q5: MONTANT LOT PRINCIPAL | R5: INTERET LOT PRINCIPAL
A6: AS201601 | B6: =IF(D6=0,0,VLOOKUP($A6,[6]HISTOAVRIL23!$A$6:$BO$40,10,0)) -> 1 | C6: =VLOOKUP(A6,[7]LISTADHERENT!A$5:H$60,3,0) -> BAKOP ACHILLE | D6: =IF(G6="ECHEC",0,B$3) -> 25000 | E6: =D6+VLOOKUP($A6,[6]HISTOAVRIL23!$A$7:$AU$40,45,0)+F6 -> 40000 | F6: =VLOOKUP($A6,[6]HISTOAVRIL23!$A$7:$AU$45,7,0) -> 0 | G6: =VLOOKUP($A6,[6]HISTOAVRIL23!$A$7:$AU$45,8,0) -> BANQUE | H6: =VLOOKUP($A6,[6]HISTOAVRIL23!$A$6:$AU$45,35,0) -> 0 | I6: =VLOOKUP($A6,[6]HISTOAVRIL23!$A$7:$AU$45,38,0) -> 0 | J6: =IF(I6=0,0,VLOOKUP($A6,[6]HISTOAVRIL23!$A$7:$AU$45,42,0)) -> 0 | K6: =VLOOKUP($A6,[6]HISTOAVRIL23!$A$7:$AU$45,41,0) -> 0 | L6: =TONTMARS23!H6+TONTMARS23!I6 -> 0 | M6: =VLOOKUP($A6,[6]HISTOAVRIL23!$A$7:$AU$45,16,0) -> 0 | N6: =IF(M6<>0,VLOOKUP($A6,[6]HISTOAVRIL23!$A$7:$AU$45,8,0),"ECHEC") -> ECHEC | O6: =IF(R6=0,0,VLOOKUP($A6,[6]HISTOAVRIL23!$A$7:$AU$45,32,0)) -> 0 | P6: =VLOOKUP($A6,[6]HISTOAVRIL23!$A$7:$AU$45,33,0) -> 0 | Q6: =IF(R6=0,0,($C$3-R6)) -> 0 | R6: =VLOOKUP($A6,[6]HISTOAVRIL23!$A$7:$AU$45,29,0) -> 0
A7: AS201602 | B7: =IF(D7=0,0,VLOOKUP($A7,[6]HISTOAVRIL23!$A$6:$BO$40,10,0)) -> 1 | C7: =VLOOKUP(A7,[7]LISTADHERENT!A$5:H$60,3,0) -> BOUTCHOUANG WILLIAM | D7: =IF(G7="ECHEC",0,B$3) -> 25000 | E7: =D7+VLOOKUP($A7,[6]HISTOAVRIL23!$A$7:$AU$40,45,0)+F7 -> 40000 | F7: =VLOOKUP($A7,[6]HISTOAVRIL23!$A$7:$AU$45,7,0) -> 0 | G7: =VLOOKUP($A7,[6]HISTOAVRIL23!$A$7:$AU$45,8,0) -> BANQUE | H7: =VLOOKUP($A7,[6]HISTOAVRIL23!$A$6:$AU$45,35,0) -> 0 | I7: =VLOOKUP($A7,[6]HISTOAVRIL23!$A$7:$AU$45,38,0) -> 0 | J7: =IF(I7=0,0,VLOOKUP($A7,[6]HISTOAVRIL23!$A$7:$AU$45,42,0)) -> 0 | K7: =VLOOKUP($A7,[6]HISTOAVRIL23!$A$7:$AU$45,41,0) -> 0 | L7: =TONTMARS23!H7+TONTMARS23!I7 -> 0 | M7: =VLOOKUP($A7,[6]HISTOAVRIL23!$A$7:$AU$45,16,0) -> 0 | N7: =IF(M7<>0,VLOOKUP($A7,[6]HISTOAVRIL23!$A$7:$AU$45,8,0),"ECHEC") -> ECHEC | O7: =IF(R7=0,0,VLOOKUP($A7,[6]HISTOAVRIL23!$A$7:$AU$45,32,0)) -> 0 | P7: =VLOOKUP($A7,[6]HISTOAVRIL23!$A$7:$AU$45,33,0) -> 0 | Q7: =IF(R7=0,0,($C$3-R7)) -> 0 | R7: =VLOOKUP($A7,[6]HISTOAVRIL23!$A$7:$AU$45,29,0) -> 0
A8: AS201604 | B8: =IF(D8=0,0,VLOOKUP($A8,[6]HISTOAVRIL23!$A$6:$BO$40,10,0)) -> 1 | C8: =VLOOKUP(A8,[7]LISTADHERENT!A$5:H$60,3,0) -> DJOMO JEAN PAUL | D8: =IF(G8="ECHEC",0,B$3) -> 25000 | E8: =D8+VLOOKUP($A8,[6]HISTOAVRIL23!$A$7:$AU$40,45,0)+F8 -> 45000 | F8: =VLOOKUP($A8,[6]HISTOAVRIL23!$A$7:$AU$45,7,0) -> 0 | G8: =VLOOKUP($A8,[6]HISTOAVRIL23!$A$7:$AU$45,8,0) -> BANQUE | H8: =VLOOKUP($A8,[6]HISTOAVRIL23!$A$6:$AU$45,35,0) -> 22500 | I8: =VLOOKUP($A8,[6]HISTOAVRIL23!$A$7:$AU$45,38,0) -> 500 | J8: =IF(I8=0,0,VLOOKUP($A8,[6]HISTOAVRIL23!$A$7:$AU$45,42,0)) -> 0 | K8: =VLOOKUP($A8,[6]HISTOAVRIL23!$A$7:$AU$45,41,0) -> 0 | L8: =TONTMARS23!H8+TONTMARS23!I8 -> 0 | M8: =VLOOKUP($A8,[6]HISTOAVRIL23!$A$7:$AU$45,16,0) -> 0 | N8: =IF(M8<>0,VLOOKUP($A8,[6]HISTOAVRIL23!$A$7:$AU$45,8,0),"ECHEC") -> ECHEC | O8: =IF(R8=0,0,VLOOKUP($A8,[6]HISTOAVRIL23!$A$7:$AU$45,32,0)) -> 0 | P8: =VLOOKUP($A8,[6]HISTOAVRIL23!$A$7:$AU$45,33,0) -> 0 | Q8: =IF(R8=0,0,($C$3-R8)) -> 0 | R8: =VLOOKUP($A8,[6]HISTOAVRIL23!$A$7:$AU$45,29,0) -> 0
A9: AS201654 | B9: =IF(D9=0,0,VLOOKUP($A9,[6]HISTOAVRIL23!$A$6:$BO$40,10,0)) -> 1 | C9: =VLOOKUP(A9,[7]LISTADHERENT!A$5:H$60,3,0) -> DJOMOU TCHAPDA | D9: =IF(G9="ECHEC",0,B$3) -> 25000 | E9: =D9+VLOOKUP($A9,[6]HISTOAVRIL23!$A$7:$AU$40,45,0)+F9 -> 43000 | F9: =VLOOKUP($A9,[6]HISTOAVRIL23!$A$7:$AU$45,7,0) -> 3000 | G9: =VLOOKUP($A9,[6]HISTOAVRIL23!$A$7:$AU$45,8,0) -> ESPECES | H9: =VLOOKUP($A9,[6]HISTOAVRIL23!$A$6:$AU$45,35,0) -> 60000 | I9: =VLOOKUP($A9,[6]HISTOAVRIL23!$A$7:$AU$45,38,0) -> 2000 | J9: =IF(I9=0,0,VLOOKUP($A9,[6]HISTOAVRIL23!$A$7:$AU$45,42,0)) -> 0 | K9: =VLOOKUP($A9,[6]HISTOAVRIL23!$A$7:$AU$45,41,0) -> 0 | L9: =TONTMARS23!H9+TONTMARS23!I9 -> 0 | M9: =VLOOKUP($A9,[6]HISTOAVRIL23!$A$7:$AU$45,16,0) -> 0 | N9: =IF(M9<>0,VLOOKUP($A9,[6]HISTOAVRIL23!$A$7:$AU$45,8,0),"ECHEC") -> ECHEC | O9: =IF(R9=0,0,VLOOKUP($A9,[6]HISTOAVRIL23!$A$7:$AU$45,32,0)) -> 0 | P9: =VLOOKUP($A9,[6]HISTOAVRIL23!$A$7:$AU$45,33,0) -> 0 | Q9: =IF(R9=0,0,($C$3-R9)) -> 289000 | R9: =VLOOKUP($A9,[6]HISTOAVRIL23!$A$7:$AU$45,29,0) -> 11000
A10: AS201605 | B10: =IF(D10=0,0,VLOOKUP($A10,[6]HISTOAVRIL23!$A$6:$BO$40,10,0)) -> 1 | C10: =VLOOKUP(A10,[7]LISTADHERENT!A$5:H$60,3,0) -> DJOUKWE NANGUEN GUY BLAISE | D10: =IF(G10="ECHEC",0,B$3) -> 25000 | E10: =D10+VLOOKUP($A10,[6]HISTOAVRIL23!$A$7:$AU$40,45,0)+F10 -> 40000 | F10: =VLOOKUP($A10,[6]HISTOAVRIL23!$A$7:$AU$45,7,0) -> 0 | G10: =VLOOKUP($A10,[6]HISTOAVRIL23!$A$7:$AU$45,8,0) -> BANQUE | H10: =VLOOKUP($A10,[6]HISTOAVRIL23!$A$6:$AU$45,35,0) -> 0 | I10: =VLOOKUP($A10,[6]HISTOAVRIL23!$A$7:$AU$45,38,0) -> 0 | J10: =IF(I10=0,0,VLOOKUP($A10,[6]HISTOAVRIL23!$A$7:$AU$45,42,0)) -> 0 | K10: =VLOOKUP($A10,[6]HISTOAVRIL23!$A$7:$AU$45,41,0) -> 0 | L10: =TONTMARS23!H10+TONTMARS23!I10 -> 0 | M10: =VLOOKUP($A10,[6]HISTOAVRIL23!$A$7:$AU$45,16,0) -> 0 | N10: =IF(M10<>0,VLOOKUP($A10,[6]HISTOAVRIL23!$A$7:$AU$45,8,0),"ECHEC") -> ECHEC | O10: =IF(R10=0,0,VLOOKUP($A10,[6]HISTOAVRIL23!$A$7:$AU$45,32,0)) -> 0 | P10: =VLOOKUP($A10,[6]HISTOAVRIL23!$A$7:$AU$45,33,0) -> 0 | Q10: =IF(R10=0,0,($C$3-R10)) -> 290000 | R10: =VLOOKUP($A10,[6]HISTOAVRIL23!$A$7:$AU$45,29,0) -> 10000
A11: AS201608 | B11: =IF(D11=0,0,VLOOKUP($A11,[6]HISTOAVRIL23!$A$6:$BO$40,10,0)) -> 1 | C11: =VLOOKUP(A11,[7]LISTADHERENT!A$5:H$60,3,0) -> DJUOMBESSY ANTOINE | D11: =IF(G11="ECHEC",0,B$3) -> 25000 | E11: =D11+VLOOKUP($A11,[6]HISTOAVRIL23!$A$7:$AU$40,45,0)+F11 -> 45000 | F11: =VLOOKUP($A11,[6]HISTOAVRIL23!$A$7:$AU$45,7,0) -> 0 | G11: =VLOOKUP($A11,[6]HISTOAVRIL23!$A$7:$AU$45,8,0) -> BANQUE | H11: =VLOOKUP($A11,[6]HISTOAVRIL23!$A$6:$AU$45,35,0) -> 0 | I11: =VLOOKUP($A11,[6]HISTOAVRIL23!$A$7:$AU$45,38,0) -> 0 | J11: =IF(I11=0,0,VLOOKUP($A11,[6]HISTOAVRIL23!$A$7:$AU$45,42,0)) -> 0 | K11: =VLOOKUP($A11,[6]HISTOAVRIL23!$A$7:$AU$45,41,0) -> 0 | L11: =TONTMARS23!H11+TONTMARS23!I11 -> 0 | M11: =VLOOKUP($A11,[6]HISTOAVRIL23!$A$7:$AU$45,16,0) -> 0 | N11: =IF(M11<>0,VLOOKUP($A11,[6]HISTOAVRIL23!$A$7:$AU$45,8,0),"ECHEC") -> ECHEC | O11: =IF(R11=0,0,VLOOKUP($A11,[6]HISTOAVRIL23!$A$7:$AU$45,32,0)) -> 0 | P11: =VLOOKUP($A11,[6]HISTOAVRIL23!$A$7:$AU$45,33,0) -> 0 | Q11: =IF(R11=0,0,($C$3-R11)) -> 0 | R11: =VLOOKUP($A11,[6]HISTOAVRIL23!$A$7:$AU$45,29,0) -> 0
A12: AS201651 | B12: =IF(D12=0,0,VLOOKUP($A12,[6]HISTOAVRIL23!$A$6:$BO$40,10,0)) -> 1 | C12: =VLOOKUP(A12,[7]LISTADHERENT!A$5:H$60,3,0) -> DOMOU FABIEN | D12: =IF(G12="ECHEC",0,B$3) -> 25000 | E12: =D12+VLOOKUP($A12,[6]HISTOAVRIL23!$A$7:$AU$40,45,0)+F12 -> 40000 | F12: =VLOOKUP($A12,[6]HISTOAVRIL23!$A$7:$AU$45,7,0) -> 0 | G12: =VLOOKUP($A12,[6]HISTOAVRIL23!$A$7:$AU$45,8,0) -> BANQUE | H12: =VLOOKUP($A12,[6]HISTOAVRIL23!$A$6:$AU$45,35,0) -> 0 | I12: =VLOOKUP($A12,[6]HISTOAVRIL23!$A$7:$AU$45,38,0) -> 0 | J12: =IF(I12=0,0,VLOOKUP($A12,[6]HISTOAVRIL23!$A$7:$AU$45,42,0)) -> 0 | K12: =VLOOKUP($A12,[6]HISTOAVRIL23!$A$7:$AU$45,41,0) -> 0 | L12: =TONTMARS23!H12+TONTMARS23!I12 -> 0 | M12: =VLOOKUP($A12,[6]HISTOAVRIL23!$A$7:$AU$45,16,0) -> 0 | N12: =IF(M12<>0,VLOOKUP($A12,[6]HISTOAVRIL23!$A$7:$AU$45,8,0),"ECHEC") -> ECHEC | O12: =IF(R12=0,0,VLOOKUP($A12,[6]HISTOAVRIL23!$A$7:$AU$45,32,0)) -> 0 | P12: =VLOOKUP($A12,[6]HISTOAVRIL23!$A$7:$AU$45,33,0) -> 0 | Q12: =IF(R12=0,0,($C$3-R12)) -> 0 | R12: =VLOOKUP($A12,[6]HISTOAVRIL23!$A$7:$AU$45,29,0) -> 0
A13: AS201609 | B13: =IF(D13=0,0,VLOOKUP($A13,[6]HISTOAVRIL23!$A$6:$BO$40,10,0)) -> 1 | C13: =VLOOKUP(A13,[7]LISTADHERENT!A$5:H$60,3,0) -> DONHOU DAVID | D13: =IF(G13="ECHEC",0,B$3) -> 25000 | E13: =D13+VLOOKUP($A13,[6]HISTOAVRIL23!$A$7:$AU$40,45,0)+F13 -> 40000 | F13: =VLOOKUP($A13,[6]HISTOAVRIL23!$A$7:$AU$45,7,0) -> 0 | G13: =VLOOKUP($A13,[6]HISTOAVRIL23!$A$7:$AU$45,8,0) -> BANQUE | H13: =VLOOKUP($A13,[6]HISTOAVRIL23!$A$6:$AU$45,35,0) -> 0 | I13: =VLOOKUP($A13,[6]HISTOAVRIL23!$A$7:$AU$45,38,0) -> 0 | J13: =IF(I13=0,0,VLOOKUP($A13,[6]HISTOAVRIL23!$A$7:$AU$45,42,0)) -> 0 | K13: =VLOOKUP($A13,[6]HISTOAVRIL23!$A$7:$AU$45,41,0) -> 0 | L13: =TONTMARS23!H13+TONTMARS23!I13 -> 0 | M13: =VLOOKUP($A13,[6]HISTOAVRIL23!$A$7:$AU$45,16,0) -> 0 | N13: =IF(M13<>0,VLOOKUP($A13,[6]HISTOAVRIL23!$A$7:$AU$45,8,0),"ECHEC") -> ECHEC | O13: =IF(R13=0,0,VLOOKUP($A13,[6]HISTOAVRIL23!$A$7:$AU$45,32,0)) -> 0 | P13: =VLOOKUP($A13,[6]HISTOAVRIL23!$A$7:$AU$45,33,0) -> 0 | Q13: =IF(R13=0,0,($C$3-R13)) -> 0 | R13: =VLOOKUP($A13,[6]HISTOAVRIL23!$A$7:$AU$45,29,0) -> 0
A14: AS201611 | B14: =IF(D14=0,0,VLOOKUP($A14,[6]HISTOAVRIL23!$A$6:$BO$40,10,0)) -> 1 | C14: =VLOOKUP(A14,[7]LISTADHERENT!A$5:H$60,3,0) -> HENGUE PAUL OMER | D14: =IF(G14="ECHEC",0,B$3) -> 25000 | E14: =D14+VLOOKUP($A14,[6]HISTOAVRIL23!$A$7:$AU$40,45,0)+F14 -> 40000 | F14: =VLOOKUP($A14,[6]HISTOAVRIL23!$A$7:$AU$45,7,0) -> 0 | G14: =VLOOKUP($A14,[6]HISTOAVRIL23!$A$7:$AU$45,8,0) -> BANQUE | H14: =VLOOKUP($A14,[6]HISTOAVRIL23!$A$6:$AU$45,35,0) -> 0 | I14: =VLOOKUP($A14,[6]HISTOAVRIL23!$A$7:$AU$45,38,0) -> 0 | J14: =IF(I14=0,0,VLOOKUP($A14,[6]HISTOAVRIL23!$A$7:$AU$45,42,0)) -> 0 | K14: =VLOOKUP($A14,[6]HISTOAVRIL23!$A$7:$AU$45,41,0) -> 0 | L14: =TONTMARS23!H14+TONTMARS23!I14 -> 0 | M14: =VLOOKUP($A14,[6]HISTOAVRIL23!$A$7:$AU$45,16,0) -> 0 | N14: =IF(M14<>0,VLOOKUP($A14,[6]HISTOAVRIL23!$A$7:$AU$45,8,0),"ECHEC") -> ECHEC | O14: =IF(R14=0,0,VLOOKUP($A14,[6]HISTOAVRIL23!$A$7:$AU$45,32,0)) -> 0 | P14: =VLOOKUP($A14,[6]HISTOAVRIL23!$A$7:$AU$45,33,0) -> 0 | Q14: =IF(R14=0,0,($C$3-R14)) -> 0 | R14: =VLOOKUP($A14,[6]HISTOAVRIL23!$A$7:$AU$45,29,0) -> 0
A15: AS201613 | B15: =IF(D15=0,0,VLOOKUP($A15,[6]HISTOAVRIL23!$A$6:$BO$40,10,0)) -> 1 | C15: =VLOOKUP(A15,[7]LISTADHERENT!A$5:H$60,3,0) -> HOTCHO BENJAMIN | D15: =IF(G15="ECHEC",0,B$3) -> 25000 | E15: =D15+VLOOKUP($A15,[6]HISTOAVRIL23!$A$7:$AU$40,45,0)+F15 -> 75000 | F15: =VLOOKUP($A15,[6]HISTOAVRIL23!$A$7:$AU$45,7,0) -> 0 | G15: =VLOOKUP($A15,[6]HISTOAVRIL23!$A$7:$AU$45,8,0) -> BANQUE | H15: =VLOOKUP($A15,[6]HISTOAVRIL23!$A$6:$AU$45,35,0) -> 0 | I15: =VLOOKUP($A15,[6]HISTOAVRIL23!$A$7:$AU$45,38,0) -> 0 | J15: =IF(I15=0,0,VLOOKUP($A15,[6]HISTOAVRIL23!$A$7:$AU$45,42,0)) -> 0 | K15: =VLOOKUP($A15,[6]HISTOAVRIL23!$A$7:$AU$45,41,0) -> 0 | L15: =TONTMARS23!H15+TONTMARS23!I15 -> 0 | M15: =VLOOKUP($A15,[6]HISTOAVRIL23!$A$7:$AU$45,16,0) -> 0 | N15: =IF(M15<>0,VLOOKUP($A15,[6]HISTOAVRIL23!$A$7:$AU$45,8,0),"ECHEC") -> ECHEC | O15: =IF(R15=0,0,VLOOKUP($A15,[6]HISTOAVRIL23!$A$7:$AU$45,32,0)) -> 0 | P15: =VLOOKUP($A15,[6]HISTOAVRIL23!$A$7:$AU$45,33,0) -> 0 | Q15: =IF(R15=0,0,($C$3-R15)) -> 0 | R15: =VLOOKUP($A15,[6]HISTOAVRIL23!$A$7:$AU$45,29,0) -> 0
A16: AS201617 | B16: =IF(D16=0,0,VLOOKUP($A16,[6]HISTOAVRIL23!$A$6:$BO$40,10,0)) -> 1 | C16: =VLOOKUP(A16,[7]LISTADHERENT!A$5:H$60,3,0) -> KOUAMOU MOISE | D16: =IF(G16="ECHEC",0,B$3) -> 25000 | E16: =D16+VLOOKUP($A16,[6]HISTOAVRIL23!$A$7:$AU$40,45,0)+F16 -> 40000 | F16: =VLOOKUP($A16,[6]HISTOAVRIL23!$A$7:$AU$45,7,0) -> 0 | G16: =VLOOKUP($A16,[6]HISTOAVRIL23!$A$7:$AU$45,8,0) -> BANQUE | H16: =VLOOKUP($A16,[6]HISTOAVRIL23!$A$6:$AU$45,35,0) -> 0 | I16: =VLOOKUP($A16,[6]HISTOAVRIL23!$A$7:$AU$45,38,0) -> 0 | J16: =IF(I16=0,0,VLOOKUP($A16,[6]HISTOAVRIL23!$A$7:$AU$45,42,0)) -> 0 | K16: =VLOOKUP($A16,[6]HISTOAVRIL23!$A$7:$AU$45,41,0) -> 0 | L16: =TONTMARS23!H16+TONTMARS23!I16 -> 0 | M16: =VLOOKUP($A16,[6]HISTOAVRIL23!$A$7:$AU$45,16,0) -> 0 | N16: =IF(M16<>0,VLOOKUP($A16,[6]HISTOAVRIL23!$A$7:$AU$45,8,0),"ECHEC") -> ECHEC | O16: =IF(R16=0,0,VLOOKUP($A16,[6]HISTOAVRIL23!$A$7:$AU$45,32,0)) -> 0 | P16: =VLOOKUP($A16,[6]HISTOAVRIL23!$A$7:$AU$45,33,0) -> 0 | Q16: =IF(R16=0,0,($C$3-R16)) -> 0 | R16: =VLOOKUP($A16,[6]HISTOAVRIL23!$A$7:$AU$45,29,0) -> 0
A17: AS201619 | B17: =IF(D17=0,0,VLOOKUP($A17,[6]HISTOAVRIL23!$A$6:$BO$40,10,0)) -> 1 | C17: =VLOOKUP(A17,[7]LISTADHERENT!A$5:H$60,3,0) -> KOUATCHO MESSACK | D17: =IF(G17="ECHEC",0,B$3) -> 25000 | E17: =D17+VLOOKUP($A17,[6]HISTOAVRIL23!$A$7:$AU$40,45,0)+F17 -> 42000 | F17: =VLOOKUP($A17,[6]HISTOAVRIL23!$A$7:$AU$45,7,0) -> 0 | G17: =VLOOKUP($A17,[6]HISTOAVRIL23!$A$7:$AU$45,8,0) -> BANQUE | H17: =VLOOKUP($A17,[6]HISTOAVRIL23!$A$6:$AU$45,35,0) -> 0 | I17: =VLOOKUP($A17,[6]HISTOAVRIL23!$A$7:$AU$45,38,0) -> 0 | J17: =IF(I17=0,0,VLOOKUP($A17,[6]HISTOAVRIL23!$A$7:$AU$45,42,0)) -> 0 | K17: =VLOOKUP($A17,[6]HISTOAVRIL23!$A$7:$AU$45,41,0) -> 0 | L17: =TONTMARS23!H17+TONTMARS23!I17 -> 0 | M17: =VLOOKUP($A17,[6]HISTOAVRIL23!$A$7:$AU$45,16,0) -> 0 | N17: =IF(M17<>0,VLOOKUP($A17,[6]HISTOAVRIL23!$A$7:$AU$45,8,0),"ECHEC") -> ECHEC | O17: =IF(R17=0,0,VLOOKUP($A17,[6]HISTOAVRIL23!$A$7:$AU$45,32,0)) -> 0 | P17: =VLOOKUP($A17,[6]HISTOAVRIL23!$A$7:$AU$45,33,0) -> 0 | Q17: =IF(R17=0,0,($C$3-R17)) -> 0 | R17: =VLOOKUP($A17,[6]HISTOAVRIL23!$A$7:$AU$45,29,0) -> 0
... A35: AS201647 | B35: =IF(D35=0,0,VLOOKUP($A35,[6]HISTOAVRIL23!$A$6:$BO$40,10,0)) -> 1 | C35: =VLOOKUP(A35,[7]LISTADHERENT!A$5:H$60,3,0) -> YOUMBI EMMANUEL | D35: =IF(G35="ECHEC",0,B$3) -> 25000 | E35: =D35+VLOOKUP($A35,[6]HISTOAVRIL23!$A$7:$AU$40,45,0)+F35 -> 40000 | F35: =VLOOKUP($A35,[6]HISTOAVRIL23!$A$7:$AU$45,7,0) -> 0 | G35: =VLOOKUP($A35,[6]HISTOAVRIL23!$A$7:$AU$45,8,0) -> BANQUE | H35: =VLOOKUP($A35,[6]HISTOAVRIL23!$A$6:$AU$45,35,0) -> 0 | I35: =VLOOKUP($A35,[6]HISTOAVRIL23!$A$7:$AU$45,38,0) -> 0 | J35: =IF(I35=0,0,VLOOKUP($A35,[6]HISTOAVRIL23!$A$7:$AU$45,42,0)) -> 0 | K35: =VLOOKUP($A35,[6]HISTOAVRIL23!$A$7:$AU$45,41,0) -> 0 | L35: =TONTMARS23!H35+TONTMARS23!I35 -> 0 | M35: =VLOOKUP($A35,[6]HISTOAVRIL23!$A$7:$AU$45,16,0) -> 0 | N35: =IF(M35<>0,VLOOKUP($A35,[6]HISTOAVRIL23!$A$7:$AU$45,8,0),"ECHEC") -> ECHEC | O35: =IF(R35=0,0,VLOOKUP($A35,[6]HISTOAVRIL23!$A$7:$AU$45,32,0)) -> 0 | P35: =VLOOKUP($A35,[6]HISTOAVRIL23!$A$7:$AU$45,33,0) -> 0 | Q35: =IF(R35=0,0,($C$3-R35)) -> 0 | R35: =VLOOKUP($A35,[6]HISTOAVRIL23!$A$7:$AU$45,29,0) -> 0
A37: TOTAL PART | B37: =SUM(B6:B36) -> 30
A38: NBRE ADHERENT | B38: =COUNT(D6:D35) -> 30 | D38: =SUM(D6:D37) -> 750000 | E38: =SUM(E6:E37) -> 1335000 | F38: =SUM(F6:F37) -> 12000 | H38: =SUM(H6:H37) -> 142500 | I38: =SUM(I6:I37) -> 3500 | L38: =SUM(L6:L37) -> 0 | M38: =SUM(M6:M37) -> 0 | N38: =SUM(N6:N37) -> 0 | O38: =SUM(O6:O37) -> 0 | P38: =SUM(P6:P37) -> 0 | Q38: =SUM(Q6:Q37) -> 579000 | R38: =SUM(R6:R37) -> 21000
N39: NBRE PART | O39: PART VENDUE
D40: MONTANT TONTINE | E40: MONTANT VERSE | G40: REMBOURSEMENT PETIT LOT | H40: VENTE PETIT LOT | I40: VENTE LOT PRINCIPAL | J40: SOLDE EN CAISSE | L40: TONTINE + REMB + INTERET VENTE | M40: =D44+G44+R38+TONTMARS23!O45 -> 767500
D41: =SUMIFS(D6:D37,G6:G37,"ESPECES") -> 125000 | E41: =SUMIFS(E6:E37,G6:G37,"ESPECES") -> 268000 | F41: ESPECES | G41: =SUMIFS(M6:M35,N6:N35,"ESPECES") -> 0 | H41: =SUMIFS(H6:H37,J6:J37,"ESPECES") -> 0 | I41: =SUMIFS(Q6:Q37,O6:O37,"ESPECES") -> 0 | J41: =D41+G41-H41-I41 -> 125000 | L41: LOT PRINCIPAL | M41: =C3*COUNTIF(Q6:Q37,">0") -> 600000 | N41: =D3 -> 2 | O41: =COUNTIF(Q6:Q35,">0") -> 2
D42: =SUMIFS(D6:D37,G6:G37,"BANQUE") -> 625000 | E42: =SUMIFS(E6:E38,G6:G38,"BANQUE") -> 1067000 | F42: BANQUE | G42: =SUMIFS(M6:M35,N6:N35,"BANQUE") -> 0 | H42: =SUMIFS(H6:H37,J6:J37,"BANQUE") -> 60000 | I42: =SUMIFS(Q6:Q37,O6:O37,"BANQUE") -> 0 | J42: =D42+G42-H42-I42 -> 565000
L43: PETIT LOT | M43: =M40-M41-25000 -> 142500
D44: =D41+D42 -> 750000 | E44: =E41+E42 -> 1335000 | F44: TOTAL | G44: =G41+G42 -> 0 | H44: =H41+H42 -> 60000 | I44: =I41+I42 -> 0 | J44: =J41+J42 -> 690000
F45: TOTAL+DEPOT | L45: RELIQUAT | M45: =M43-H38 -> 0 | O45: =TONTAVRIL23!M45 -> 0 | P45: CUMUL
L47: ECHEC TONTINE MOIS | M47: =COUNTIFS(G6:G36,"ECHEC")*25000 -> 0 | O47: =TONTMARS23!O47+TONTAVRIL23!M47 -> 0 | P47: CUMUL
L48: ECHEC REMBOURSEMENT MOIS | M48: =L38-G44 -> 0 | O48: =TONTMARS23!O48+TONTAVRIL23!M48 -> 0 | P48: CUMUL

Sheet TONTMAI23
A1: ASSOCIATION | B1: ASELBY
A2: ANNEE | B2: 2023 | C2: TONIINE | D2: NBRE PART
A3: TAUX TONTINE | B3: 25000 | C3: =B3*12 -> 300000 | D3: =ROUNDDOWN(M40/C3,0) -> 3
C4: 45059
A5: MATRICULE | B5: NBREPART | C5: NOM ET PRENOM | D5: MONTANT TONTINE | E5: MONTANT VERSE | F5: PENALITE VERSEMENT ESPECES | G5: MODE VERSEMENT | H5: VENTE PETIT LOT | I5: INTERET PETIT LOT | J5: MODE VERSEMENT VENTE PETIT LOT | K5: NUMERO CHEQUE | L5: MONTANT A REMBOURSER PETIT LOT | M5: REMBOURSEMENT PETIT LOT | N5: MODE VERSEMENT REMBOURSEMENT | O5: MODE VERSEMENTLOT PRINCIPAL | P5: NUMERO CHEQUE | Q5: MONTANT LOT PRINCIPAL | R5: INTERET LOT PRINCIPAL
A6: AS201601 | B6: =IF(D6=0,0,VLOOKUP($A6,[6]HISTOMAI23!$A$6:$BO$40,10,0)) -> 1 | C6: =VLOOKUP(A6,[7]LISTADHERENT!A$5:H$60,3,0) -> BAKOP ACHILLE | D6: =IF(G6="ECHEC",0,B$3) -> 25000 | E6: =D6+VLOOKUP($A6,[6]HISTOMAI23!$A$7:$AU$40,45,0)+F6 -> 40000 | F6: =VLOOKUP($A6,[6]HISTOMAI23!$A$7:$AU$45,7,0) -> 0 | G6: =VLOOKUP($A6,[6]HISTOMAI23!$A$7:$AU$45,8,0) -> BANQUE | H6: =VLOOKUP($A6,[6]HISTOMAI23!$A$6:$AU$45,35,0) -> 0 | I6: =VLOOKUP($A6,[6]HISTOMAI23!$A$7:$AU$45,38,0) -> 0 | J6: =IF(I6=0,0,VLOOKUP($A6,[6]HISTOMAI23!$A$7:$AU$45,42,0)) -> 0 | K6: =VLOOKUP($A6,[6]HISTOMAI23!$A$7:$AU$45,41,0) -> 0 | L6: =TONTAVRIL23!H6+TONTAVRIL23!I6 -> 0 | M6: =VLOOKUP($A6,[6]HISTOMAI23!$A$7:$AU$45,16,0) -> 0 | N6: =IF(M6<>0,VLOOKUP($A6,[6]HISTOMAI23!$A$7:$AU$45,8,0),"ECHEC") -> ECHEC | O6: =IF(R6=0,0,VLOOKUP($A6,[6]HISTOMAI23!$A$7:$AU$45,32,0)) -> 0 | P6: =VLOOKUP($A6,[6]HISTOMAI23!$A$7:$AU$45,33,0) -> 0 | Q6: =IF(R6=0,0,($C$3-R6)) -> 0 | R6: =VLOOKUP($A6,[6]HISTOMAI23!$A$7:$AU$45,29,0) -> 0
A7: AS201602 | B7: =IF(D7=0,0,VLOOKUP($A7,[6]HISTOMAI23!$A$6:$BO$40,10,0)) -> 1 | C7: =VLOOKUP(A7,[7]LISTADHERENT!A$5:H$60,3,0) -> BOUTCHOUANG WILLIAM | D7: =IF(G7="ECHEC",0,B$3) -> 25000 | E7: =D7+VLOOKUP($A7,[6]HISTOMAI23!$A$7:$AU$40,45,0)+F7 -> 40000 | F7: =VLOOKUP($A7,[6]HISTOMAI23!$A$7:$AU$45,7,0) -> 0 | G7: =VLOOKUP($A7,[6]HISTOMAI23!$A$7:$AU$45,8,0) -> BANQUE | H7: =VLOOKUP($A7,[6]HISTOMAI23!$A$6:$AU$45,35,0) -> 0 | I7: =VLOOKUP($A7,[6]HISTOMAI23!$A$7:$AU$45,38,0) -> 0 | J7: =IF(I7=0,0,VLOOKUP($A7,[6]HISTOMAI23!$A$7:$AU$45,42,0)) -> 0 | K7: =VLOOKUP($A7,[6]HISTOMAI23!$A$7:$AU$45,41,0) -> 0 | L7: =TONTAVRIL23!H7+TONTAVRIL23!I7 -> 0 | M7: =VLOOKUP($A7,[6]HISTOMAI23!$A$7:$AU$45,16,0) -> 0 | N7: =IF(M7<>0,VLOOKUP($A7,[6]HISTOMAI23!$A$7:$AU$45,8,0),"ECHEC") -> ECHEC | O7: =IF(R7=0,0,VLOOKUP($A7,[6]HISTOMAI23!$A$7:$AU$45,32,0)) -> 0 | P7: =VLOOKUP($A7,[6]HISTOMAI23!$A$7:$AU$45,33,0) -> 0 | Q7: =IF(R7=0,0,($C$3-R7)) -> 0 | R7: =VLOOKUP($A7,[6]HISTOMAI23!$A$7:$AU$45,29,0) -> 0
A8: AS201604 | B8: =IF(D8=0,0,VLOOKUP($A8,[6]HISTOMAI23!$A$6:$BO$40,10,0)) -> 1 | C8: =VLOOKUP(A8,[7]LISTADHERENT!A$5:H$60,3,0) -> DJOMO JEAN PAUL | D8: =IF(G8="ECHEC",0,B$3) -> 25000 | E8: =D8+VLOOKUP($A8,[6]HISTOMAI23!$A$7:$AU$40,45,0)+F8 -> 45000 | F8: =VLOOKUP($A8,[6]HISTOMAI23!$A$7:$AU$45,7,0) -> 0 | G8: =VLOOKUP($A8,[6]HISTOMAI23!$A$7:$AU$45,8,0) -> BANQUE | H8: =VLOOKUP($A8,[6]HISTOMAI23!$A$6:$AU$45,35,0) -> 0 | I8: =VLOOKUP($A8,[6]HISTOMAI23!$A$7:$AU$45,38,0) -> 0 | J8: =IF(I8=0,0,VLOOKUP($A8,[6]HISTOMAI23!$A$7:$AU$45,42,0)) -> 0 | K8: =VLOOKUP($A8,[6]HISTOMAI23!$A$7:$AU$45,41,0) -> 0 | L8: =TONTAVRIL23!H8+TONTAVRIL23!I8 -> 23000 | M8: =VLOOKUP($A8,[6]HISTOMAI23!$A$7:$AU$45,16,0) -> 23000 | N8: =IF(M8<>0,VLOOKUP($A8,[6]HISTOMAI23!$A$7:$AU$45,8,0),"ECHEC") -> BANQUE | O8: =IF(R8=0,0,VLOOKUP($A8,[6]HISTOMAI23!$A$7:$AU$45,32,0)) -> 0 | P8: =VLOOKUP($A8,[6]HISTOMAI23!$A$7:$AU$45,33,0) -> 0 | Q8: =IF(R8=0,0,($C$3-R8)) -> 0 | R8: =VLOOKUP($A8,[6]HISTOMAI23!$A$7:$AU$45,29,0) -> 0
A9: AS201654 | B9: =IF(D9=0,0,VLOOKUP($A9,[6]HISTOMAI23!$A$6:$BO$40,10,0)) -> 1 | C9: =VLOOKUP(A9,[7]LISTADHERENT!A$5:H$60,3,0) -> DJOMOU TCHAPDA | D9: =IF(G9="ECHEC",0,B$3) -> 25000 | E9: =D9+VLOOKUP($A9,[6]HISTOMAI23!$A$7:$AU$40,45,0)+F9 -> 43000 | F9: =VLOOKUP($A9,[6]HISTOMAI23!$A$7:$AU$45,7,0) -> 3000 | G9: =VLOOKUP($A9,[6]HISTOMAI23!$A$7:$AU$45,8,0) -> ESPECES | H9: =VLOOKUP($A9,[6]HISTOMAI23!$A$6:$AU$45,35,0) -> 0 | I9: =VLOOKUP($A9,[6]HISTOMAI23!$A$7:$AU$45,38,0) -> 0 | J9: =IF(I9=0,0,VLOOKUP($A9,[6]HISTOMAI23!$A$7:$AU$45,42,0)) -> 0 | K9: =VLOOKUP($A9,[6]HISTOMAI23!$A$7:$AU$45,41,0) -> 0 | L9: =TONTAVRIL23!H9+TONTAVRIL23!I9 -> 62000 | M9: =VLOOKUP($A9,[6]HISTOMAI23!$A$7:$AU$45,16,0) -> 62000 | N9: =IF(M9<>0,VLOOKUP($A9,[6]HISTOMAI23!$A$7:$AU$45,8,0),"ECHEC") -> ESPECES | O9: =IF(R9=0,0,VLOOKUP($A9,[6]HISTOMAI23!$A$7:$AU$45,32,0)) -> 0 | P9: =VLOOKUP($A9,[6]HISTOMAI23!$A$7:$AU$45,33,0) -> 0 | Q9: =IF(R9=0,0,($C$3-R9)) -> 0 | R9: =VLOOKUP($A9,[6]HISTOMAI23!$A$7:$AU$45,29,0) -> 0
A10: AS201605 | B10: =IF(D10=0,0,VLOOKUP($A10,[6]HISTOMAI23!$A$6:$BO$40,10,0)) -> 1 | C10: =VLOOKUP(A10,[7]LISTADHERENT!A$5:H$60,3,0) -> DJOUKWE NANGUEN GUY BLAISE | D10: =IF(G10="ECHEC",0,B$3) -> 25000 | E10: =D10+VLOOKUP($A10,[6]HISTOMAI23!$A$7:$AU$40,45,0)+F10 -> 40000 | F10: =VLOOKUP($A10,[6]HISTOMAI23!$A$7:$AU$45,7,0) -> 0 | G10: =VLOOKUP($A10,[6]HISTOMAI23!$A$7:$AU$45,8,0) -> BANQUE | H10: =VLOOKUP($A10,[6]HISTOMAI23!$A$6:$AU$45,35,0) -> 29500 | I10: =VLOOKUP($A10,[6]HISTOMAI23!$A$7:$AU$45,38,0) -> 1500 | J10: =IF(I10=0,0,VLOOKUP($A10,[6]HISTOMAI23!$A$7:$AU$45,42,0)) -> 0 | K10: =VLOOKUP($A10,[6]HISTOMAI23!$A$7:$AU$45,41,0) -> 0 | L10: =TONTAVRIL23!H10+TONTAVRIL23!I10 -> 0 | M10: =VLOOKUP($A10,[6]HISTOMAI23!$A$7:$AU$45,16,0) -> 0 | N10: =IF(M10<>0,VLOOKUP($A10,[6]HISTOMAI23!$A$7:$AU$45,8,0),"ECHEC") -> ECHEC | O10: =IF(R10=0,0,VLOOKUP($A10,[6]HISTOMAI23!$A$7:$AU$45,32,0)) -> 0 | P10: =VLOOKUP($A10,[6]HISTOMAI23!$A$7:$AU$45,33,0) -> 0 | Q10: =IF(R10=0,0,($C$3-R10)) -> 0 | R10: =VLOOKUP($A10,[6]HISTOMAI23!$A$7:$AU$45,29,0) -> 0
A11: AS201608 | B11: =IF(D11=0,0,VLOOKUP($A11,[6]HISTOMAI23!$A$6:$BO$40,10,0)) -> 1 | C11: =VLOOKUP(A11,[7]LISTADHERENT!A$5:H$60,3,0) -> DJUOMBESSY ANTOINE | D11: =IF(G11="ECHEC",0,B$3) -> 25000 | E11: =D11+VLOOKUP($A11,[6]HISTOMAI23!$A$7:$AU$40,45,0)+F11 -> 145000 | F11: =VLOOKUP($A11,[6]HISTOMAI23!$A$7:$AU$45,7,0) -> 0 | G11: =VLOOKUP($A11,[6]HISTOMAI23!$A$7:$AU$45,8,0) -> BANQUE | H11: =VLOOKUP($A11,[6]HISTOMAI23!$A$6:$AU$45,35,0) -> 0 | I11: =VLOOKUP($A11,[6]HISTOMAI23!$A$7:$AU$45,38,0) -> 0 | J11: =IF(I11=0,0,VLOOKUP($A11,[6]HISTOMAI23!$A$7:$AU$45,42,0)) -> 0 | K11: =VLOOKUP($A11,[6]HISTOMAI23!$A$7:$AU$45,41,0) -> 0 | L11: =TONTAVRIL23!H11+TONTAVRIL23!I11 -> 0 | M11: =VLOOKUP($A11,[6]HISTOMAI23!$A$7:$AU$45,16,0) -> 0 | N11: =IF(M11<>0,VLOOKUP($A11,[6]HISTOMAI23!$A$7:$AU$45,8,0),"ECHEC") -> ECHEC | O11: =IF(R11=0,0,VLOOKUP($A11,[6]HISTOMAI23!$A$7:$AU$45,32,0)) -> 0 | P11: =VLOOKUP($A11,[6]HISTOMAI23!$A$7:$AU$45,33,0) -> 0 | Q11: =IF(R11=0,0,($C$3-R11)) -> 0 | R11: =VLOOKUP($A11,[6]HISTOMAI23!$A$7:$AU$45,29,0) -> 0
A12: AS201651 | B12: =IF(D12=0,0,VLOOKUP($A12,[6]HISTOMAI23!$A$6:$BO$40,10,0)) -> 1 | C12: =VLOOKUP(A12,[7]LISTADHERENT!A$5:H$60,3,0) -> DOMOU FABIEN | D12: =IF(G12="ECHEC",0,B$3) -> 25000 | E12: =D12+VLOOKUP($A12,[6]HISTOMAI23!$A$7:$AU$40,45,0)+F12 -> 40000 | F12: =VLOOKUP($A12,[6]HISTOMAI23!$A$7:$AU$45,7,0) -> 0 | G12: =VLOOKUP($A12,[6]HISTOMAI23!$A$7:$AU$45,8,0) -> BANQUE | H12: =VLOOKUP($A12,[6]HISTOMAI23!$A$6:$AU$45,35,0) -> 0 | I12: =VLOOKUP($A12,[6]HISTOMAI23!$A$7:$AU$45,38,0) -> 0 | J12: =IF(I12=0,0,VLOOKUP($A12,[6]HISTOMAI23!$A$7:$AU$45,42,0)) -> 0 | K12: =VLOOKUP($A12,[6]HISTOMAI23!$A$7:$AU$45,41,0) -> 0 | L12: =TONTAVRIL23!H12+TONTAVRIL23!I12 -> 0 | M12: =VLOOKUP($A12,[6]HISTOMAI23!$A$7:$AU$45,16,0) -> 0 | N12: =IF(M12<>0,VLOOKUP($A12,[6]HISTOMAI23!$A$7:$AU$45,8,0),"ECHEC") -> ECHEC | O12: =IF(R12=0,0,VLOOKUP($A12,[6]HISTOMAI23!$A$7:$AU$45,32,0)) -> 0 | P12: =VLOOKUP($A12,[6]HISTOMAI23!$A$7:$AU$45,33,0) -> 0 | Q12: =IF(R12=0,0,($C$3-R12)) -> 0 | R12: =VLOOKUP($A12,[6]HISTOMAI23!$A$7:$AU$45,29,0) -> 0
A13: AS201609 | B13: =IF(D13=0,0,VLOOKUP($A13,[6]HISTOMAI23!$A$6:$BO$40,10,0)) -> 1 | C13: =VLOOKUP(A13,[7]LISTADHERENT!A$5:H$60,3,0) -> DONHOU DAVID | D13: =IF(G13="ECHEC",0,B$3) -> 25000 | E13: =D13+VLOOKUP($A13,[6]HISTOMAI23!$A$7:$AU$40,45,0)+F13 -> 40000 | F13: =VLOOKUP($A13,[6]HISTOMAI23!$A$7:$AU$45,7,0) -> 0 | G13: =VLOOKUP($A13,[6]HISTOMAI23!$A$7:$AU$45,8,0) -> BANQUE | H13: =VLOOKUP($A13,[6]HISTOMAI23!$A$6:$AU$45,35,0) -> 0 | I13: =VLOOKUP($A13,[6]HISTOMAI23!$A$7:$AU$45,38,0) -> 0 | J13: =IF(I13=0,0,VLOOKUP($A13,[6]HISTOMAI23!$A$7:$AU$45,42,0)) -> 0 | K13: =VLOOKUP($A13,[6]HISTOMAI23!$A$7:$AU$45,41,0) -> 0 | L13: =TONTAVRIL23!H13+TONTAVRIL23!I13 -> 0 | M13: =VLOOKUP($A13,[6]HISTOMAI23!$A$7:$AU$45,16,0) -> 0 | N13: =IF(M13<>0,VLOOKUP($A13,[6]HISTOMAI23!$A$7:$AU$45,8,0),"ECHEC") -> ECHEC | O13: =IF(R13=0,0,VLOOKUP($A13,[6]HISTOMAI23!$A$7:$AU$45,32,0)) -> 0 | P13: =VLOOKUP($A13,[6]HISTOMAI23!$A$7:$AU$45,33,0) -> 0 | Q13: =IF(R13=0,0,($C$3-R13)) -> 0 | R13: =VLOOKUP($A13,[6]HISTOMAI23!$A$7:$AU$45,29,0) -> 0
A14: AS201611 | B14: =IF(D14=0,0,VLOOKUP($A14,[6]HISTOMAI23!$A$6:$BO$40,10,0)) -> 1 | C14: =VLOOKUP(A14,[7]LISTADHERENT!A$5:H$60,3,0) -> HENGUE PAUL OMER | D14: =IF(G14="ECHEC",0,B$3) -> 25000 | E14: =D14+VLOOKUP($A14,[6]HISTOMAI23!$A$7:$AU$40,45,0)+F14 -> 43000 | F14: =VLOOKUP($A14,[6]HISTOMAI23!$A$7:$AU$45,7,0) -> 3000 | G14: =VLOOKUP($A14,[6]HISTOMAI23!$A$7:$AU$45,8,0) -> ESPECES | H14: =VLOOKUP($A14,[6]HISTOMAI23!$A$6:$AU$45,35,0) -> 0 | I14: =VLOOKUP($A14,[6]HISTOMAI23!$A$7:$AU$45,38,0) -> 0 | J14: =IF(I14=0,0,VLOOKUP($A14,[6]HISTOMAI23!$A$7:$AU$45,42,0)) -> 0 | K14: =VLOOKUP($A14,[6]HISTOMAI23!$A$7:$AU$45,41,0) -> 0 | L14: =TONTAVRIL23!H14+TONTAVRIL23!I14 -> 0 | M14: =VLOOKUP($A14,[6]HISTOMAI23!$A$7:$AU$45,16,0) -> 0 | N14: =IF(M14<>0,VLOOKUP($A14,[6]HISTOMAI23!$A$7:$AU$45,8,0),"ECHEC") -> ECHEC | O14: =IF(R14=0,0,VLOOKUP($A14,[6]HISTOMAI23!$A$7:$AU$45,32,0)) -> 0 | P14: =VLOOKUP($A14,[6]HISTOMAI23!$A$7:$AU$45,33,0) -> 0 | Q14: =IF(R14=0,0,($C$3-R14)) -> 0 | R14: =VLOOKUP($A14,[6]HISTOMAI23!$A$7:$AU$45,29,0) -> 0
A15: AS201613 | B15: =IF(D15=0,0,VLOOKUP($A15,[6]HISTOMAI23!$A$6:$BO$40,10,0)) -> 1 | C15: =VLOOKUP(A15,[7]LISTADHERENT!A$5:H$60,3,0) -> HOTCHO BENJAMIN | D15: =IF(G15="ECHEC",0,B$3) -> 25000 | E15: =D15+VLOOKUP($A15,[6]HISTOMAI23!$A$7:$AU$40,45,0)+F15 -> 55000 | F15: =VLOOKUP($A15,[6]HISTOMAI23!$A$7:$AU$45,7,0) -> 0 | G15: =VLOOKUP($A15,[6]HISTOMAI23!$A$7:$AU$45,8,0) -> BANQUE | H15: =VLOOKUP($A15,[6]HISTOMAI23!$A$6:$AU$45,35,0) -> 0 | I15: =VLOOKUP($A15,[6]HISTOMAI23!$A$7:$AU$45,38,0) -> 0 | J15: =IF(I15=0,0,VLOOKUP($A15,[6]HISTOMAI23!$A$7:$AU$45,42,0)) -> 0 | K15: =VLOOKUP($A15,[6]HISTOMAI23!$A$7:$AU$45,41,0) -> 0 | L15: =TONTAVRIL23!H15+TONTAVRIL23!I15 -> 0 | M15: =VLOOKUP($A15,[6]HISTOMAI23!$A$7:$AU$45,16,0) -> 0 | N15: =IF(M15<>0,VLOOKUP($A15,[6]HISTOMAI23!$A$7:$AU$45,8,0),"ECHEC") -> ECHEC | O15: =IF(R15=0,0,VLOOKUP($A15,[6]HISTOMAI23!$A$7:$AU$45,32,0)) -> BANQUE | P15: =VLOOKUP($A15,[6]HISTOMAI23!$A$7:$AU$45,33,0) -> 0 | Q15: =IF(R15=0,0,($C$3-R15)) -> 297500 | R15: =VLOOKUP($A15,[6]HISTOMAI23!$A$7:$AU$45,29,0) -> 2500
A16: AS201617 | B16: =IF(D16=0,0,VLOOKUP($A16,[6]HISTOMAI23!$A$6:$BO$40,10,0)) -> 1 | C16: =VLOOKUP(A16,[7]LISTADHERENT!A$5:H$60,3,0) -> KOUAMOU MOISE | D16: =IF(G16="ECHEC",0,B$3) -> 25000 | E16: =D16+VLOOKUP($A16,[6]HISTOMAI23!$A$7:$AU$40,45,0)+F16 -> 40000 | F16: =VLOOKUP($A16,[6]HISTOMAI23!$A$7:$AU$45,7,0) -> 0 | G16: =VLOOKUP($A16,[6]HISTOMAI23!$A$7:$AU$45,8,0) -> BANQUE | H16: =VLOOKUP($A16,[6]HISTOMAI23!$A$6:$AU$45,35,0) -> 0 | I16: =VLOOKUP($A16,[6]HISTOMAI23!$A$7:$AU$45,38,0) -> 0 | J16: =IF(I16=0,0,VLOOKUP($A16,[6]HISTOMAI23!$A$7:$AU$45,42,0)) -> 0 | K16: =VLOOKUP($A16,[6]HISTOMAI23!$A$7:$AU$45,41,0) -> 0 | L16: =TONTAVRIL23!H16+TONTAVRIL23!I16 -> 0 | M16: =VLOOKUP($A16,[6]HISTOMAI23!$A$7:$AU$45,16,0) -> 0 | N16: =IF(M16<>0,VLOOKUP($A16,[6]HISTOMAI23!$A$7:$AU$45,8,0),"ECHEC") -> ECHEC | O16: =IF(R16=0,0,VLOOKUP($A16,[6]HISTOMAI23!$A$7:$AU$45,32,0)) -> 0 | P16: =VLOOKUP($A16,[6]HISTOMAI23!$A$7:$AU$45,33,0) -> 0 | Q16: =IF(R16=0,0,($C$3-R16)) -> 0 | R16: =VLOOKUP($A16,[6]HISTOMAI23!$A$7:$AU$45,29,0) -> 0
A17: AS201619 | B17: =IF(D17=0,0,VLOOKUP($A17,[6]HISTOMAI23!$A$6:$BO$40,10,0)) -> 1 | C17: =VLOOKUP(A17,[7]LISTADHERENT!A$5:H$60,3,0) -> KOUATCHO MESSACK | D17: =IF(G17="ECHEC",0,B$3) -> 25000 | E17: =D17+VLOOKUP($A17,[6]HISTOMAI23!$A$7:$AU$40,45,0)+F17 -> 39000 | F17: =VLOOKUP($A17,[6]HISTOMAI23!$A$7:$AU$45,7,0) -> 0 | G17: =VLOOKUP($A17,[6]HISTOMAI23!$A$7:$AU$45,8,0) -> BANQUE | H17: =VLOOKUP($A17,[6]HISTOMAI23!$A$6:$AU$45,35,0) -> 0 | I17: =VLOOKUP($A17,[6]HISTOMAI23!$A$7:$AU$45,38,0) -> 0 | J17: =IF(I17=0,0,VLOOKUP($A17,[6]HISTOMAI23!$A$7:$AU$45,42,0)) -> 0 | K17: =VLOOKUP($A17,[6]HISTOMAI23!$A$7:$AU$45,41,0) -> 0 | L17: =TONTAVRIL23!H17+TONTAVRIL23!I17 -> 0 | M17: =VLOOKUP($A17,[6]HISTOMAI23!$A$7:$AU$45,16,0) -> 0 | N17: =IF(M17<>0,VLOOKUP($A17,[6]HISTOMAI23!$A$7:$AU$45,8,0),"ECHEC") -> ECHEC | O17: =IF(R17=0,0,VLOOKUP($A17,[6]HISTOMAI23!$A$7:$AU$45,32,0)) -> 0 | P17: =VLOOKUP($A17,[6]HISTOMAI23!$A$7:$AU$45,33,0) -> 0 | Q17: =IF(R17=0,0,($C$3-R17)) -> 0 | R17: =VLOOKUP($A17,[6]HISTOMAI23!$A$7:$AU$45,29,0) -> 0
... A35: AS201647 | B35: =IF(D35=0,0,VLOOKUP($A35,[6]HISTOMAI23!$A$6:$BO$40,10,0)) -> 1 | C35: =VLOOKUP(A35,[7]LISTADHERENT!A$5:H$60,3,0) -> YOUMBI EMMANUEL | D35: =IF(G35="ECHEC",0,B$3) -> 25000 | E35: =D35+VLOOKUP($A35,[6]HISTOMAI23!$A$7:$AU$40,45,0)+F35 -> 40000 | F35: =VLOOKUP($A35,[6]HISTOMAI23!$A$7:$AU$45,7,0) -> 0 | G35: =VLOOKUP($A35,[6]HISTOMAI23!$A$7:$AU$45,8,0) -> BANQUE | H35: =VLOOKUP($A35,[6]HISTOMAI23!$A$6:$AU$45,35,0) -> 0 | I35: =VLOOKUP($A35,[6]HISTOMAI23!$A$7:$AU$45,38,0) -> 0 | J35: =IF(I35=0,0,VLOOKUP($A35,[6]HISTOMAI23!$A$7:$AU$45,42,0)) -> 0 | K35: =VLOOKUP($A35,[6]HISTOMAI23!$A$7:$AU$45,41,0) -> 0 | L35: =TONTAVRIL23!H35+TONTAVRIL23!I35 -> 0 | M35: =VLOOKUP($A35,[6]HISTOMAI23!$A$7:$AU$45,16,0) -> 0 | N35: =IF(M35<>0,VLOOKUP($A35,[6]HISTOMAI23!$A$7:$AU$45,8,0),"ECHEC") -> ECHEC | O35: =IF(R35=0,0,VLOOKUP($A35,[6]HISTOMAI23!$A$7:$AU$45,32,0)) -> 0 | P35: =VLOOKUP($A35,[6]HISTOMAI23!$A$7:$AU$45,33,0) -> 0 | Q35: =IF(R35=0,0,($C$3-R35)) -> 0 | R35: =VLOOKUP($A35,[6]HISTOMAI23!$A$7:$AU$45,29,0) -> 0
A37: TOTAL PART | B37: =SUM(B6:B36) -> 30
A38: NBRE ADHERENT | B38: =COUNT(D6:D35) -> 30 | D38: =SUM(D6:D37) -> 750000 | E38: =SUM(E6:E37) -> 1827000 | F38: =SUM(F6:F37) -> 15000 | H38: =SUM(H6:H37) -> 29500 | I38: =SUM(I6:I37) -> 1500 | L38: =SUM(L6:L37) -> 146000 | M38: =SUM(M6:M37) -> 146000 | N38: =SUM(N6:N37) -> 0 | O38: =SUM(O6:O37) -> 0 | P38: =SUM(P6:P37) -> 0 | Q38: =SUM(Q6:Q37) -> 891500 | R38: =SUM(R6:R37) -> 8500
N39: NBRE PART | O39: PART VENDUE
D40: MONTANT TONTINE | E40: MONTANT VERSE | G40: REMBOURSEMENT PETIT LOT | H40: VENTE PETIT LOT | I40: VENTE LOT PRINCIPAL | J40: SOLDE EN CAISSE | L40: TONTINE + REMB + INTERET VENTE | M40: =D44+G44+R38+TONTAVRIL23!O45+25000 -> 929500
D41: =SUMIFS(D6:D37,G6:G37,"ESPECES") -> 125000 | E41: =SUMIFS(E6:E37,G6:G37,"ESPECES") -> 220000 | F41: ESPECES | G41: =SUMIFS(M6:M35,N6:N35,"ESPECES") -> 123000 | H41: =SUMIFS(H6:H37,J6:J37,"ESPECES") -> 0 | I41: =SUMIFS(Q6:Q37,O6:O37,"ESPECES") -> 0 | J41: =D41+G41-H41-I41 -> 248000 | L41: LOT PRINCIPAL | M41: =C3*COUNTIF(Q6:Q37,">0") -> 900000 | N41: =D3 -> 3 | O41: =COUNTIF(Q6:Q35,">0") -> 3
D42: =SUMIFS(D6:D37,G6:G37,"BANQUE") -> 625000 | E42: =SUMIFS(E6:E38,G6:G38,"BANQUE") -> 1607000 | F42: BANQUE | G42: =SUMIFS(M6:M35,N6:N35,"BANQUE") -> 23000 | H42: =SUMIFS(H6:H37,J6:J37,"BANQUE") -> 0 | I42: =SUMIFS(Q6:Q37,O6:O37,"BANQUE") -> 891500 | J42: =D42+G42-H42-I42 -> -243500
L43: PETIT LOT | M43: =M40-M41 -> 29500
D44: =D41+D42 -> 750000 | E44: =E41+E42 -> 1827000 | F44: TOTAL | G44: =G41+G42 -> 146000 | H44: =H41+H42 -> 0 | I44: =I41+I42 -> 891500 | J44: =J41+J42 -> 4500
F45: TOTAL+DEPOT | L45: RELIQUAT | M45: =M43-H38 -> 0 | O45: =TONTMAI23!M45 -> 0 | P45: CUMUL
L47: ECHEC TONTINE MOIS | M47: =COUNTIFS(G6:G36,"ECHEC")*25000 -> 0 | O47: =TONTAVRIL23!O47+TONTMAI23!M47 -> 0 | P47: CUMUL
L48: ECHEC REMBOURSEMENT MOIS | M48: =L38-G44 -> 0 | O48: =TONTAVRIL23!O48+TONTMAI23!M48 -> 0 | P48: CUMUL

Sheet TONTJUIN23
A1: ASSOCIATION | B1: ASELBY
A2: ANNEE | B2: 2023 | C2: TONIINE | D2: NBRE PART
A3: TAUX TONTINE | B3: 25000 | C3: =B3*12 -> 300000 | D3: =ROUNDDOWN(M40/C3,0) -> 2
C4: 45090
A5: MATRICULE | B5: NBREPART | C5: NOM ET PRENOM | D5: MONTANT TONTINE | E5: MONTANT VERSE | F5: PENALITE VERSEMENT ESPECES | G5: MODE VERSEMENT | H5: VENTE PETIT LOT | I5: INTERET PETIT LOT | J5: MODE VERSEMENT VENTE PETIT LOT | K5: NUMERO CHEQUE | L5: MONTANT A REMBOURSER PETIT LOT | M5: REMBOURSEMENT PETIT LOT | N5: MODE VERSEMENT REMBOURSEMENT | O5: MODE VERSEMENTLOT PRINCIPAL | P5: NUMERO CHEQUE | Q5: MONTANT LOT PRINCIPAL | R5: INTERET LOT PRINCIPAL
A6: AS201601 | B6: =IF(D6=0,0,VLOOKUP($A6,[6]HISTOJUIN23!$A$6:$BO$40,10,0)) -> 1 | C6: =VLOOKUP(A6,[7]LISTADHERENT!A$5:H$60,3,0) -> BAKOP ACHILLE | D6: =IF(G6="ECHEC",0,B$3) -> 25000 | E6: =D6+VLOOKUP($A6,[6]HISTOJUIN23!$A$7:$AU$40,45,0)+F6 -> 40000 | F6: =VLOOKUP($A6,[6]HISTOJUIN23!$A$7:$AU$45,7,0) -> 0 | G6: =VLOOKUP($A6,[6]HISTOJUIN23!$A$7:$AU$45,8,0) -> BANQUE | H6: =VLOOKUP($A6,[6]HISTOJUIN23!$A$6:$AU$45,35,0) -> 30000 | I6: =VLOOKUP($A6,[6]HISTOJUIN23!$A$7:$AU$45,38,0) -> 500 | J6: =IF(I6=0,0,VLOOKUP($A6,[6]HISTOJUIN23!$A$7:$AU$45,42,0)) -> BANQUE | K6: =VLOOKUP($A6,[6]HISTOJUIN23!$A$7:$AU$45,41,0) -> 0 | L6: =TONTMAI23!H6+TONTMAI23!I6 -> 0 | M6: =VLOOKUP($A6,[6]HISTOJUIN23!$A$7:$AU$45,16,0) -> 0 | N6: =IF(M6<>0,VLOOKUP($A6,[6]HISTOJUIN23!$A$7:$AU$45,8,0),"ECHEC") -> ECHEC | O6: =IF(R6=0,0,VLOOKUP($A6,[6]HISTOJUIN23!$A$7:$AU$45,32,0)) -> 0 | P6: =VLOOKUP($A6,[6]HISTOJUIN23!$A$7:$AU$45,33,0) -> 0 | Q6: =IF(R6=0,0,($C$3-R6)) -> 0 | R6: =VLOOKUP($A6,[6]HISTOJUIN23!$A$7:$AU$45,29,0) -> 0
A7: AS201602 | B7: =IF(D7=0,0,VLOOKUP($A7,[6]HISTOJUIN23!$A$6:$BO$40,10,0)) -> 1 | C7: =VLOOKUP(A7,[7]LISTADHERENT!A$5:H$60,3,0) -> BOUTCHOUANG WILLIAM | D7: =IF(G7="ECHEC",0,B$3) -> 25000 | E7: =D7+VLOOKUP($A7,[6]HISTOJUIN23!$A$7:$AU$40,45,0)+F7 -> 40000 | F7: =VLOOKUP($A7,[6]HISTOJUIN23!$A$7:$AU$45,7,0) -> 0 | G7: =VLOOKUP($A7,[6]HISTOJUIN23!$A$7:$AU$45,8,0) -> BANQUE | H7: =VLOOKUP($A7,[6]HISTOJUIN23!$A$6:$AU$45,35,0) -> 0 | I7: =VLOOKUP($A7,[6]HISTOJUIN23!$A$7:$AU$45,38,0) -> 0 | J7: =IF(I7=0,0,VLOOKUP($A7,[6]HISTOJUIN23!$A$7:$AU$45,42,0)) -> 0 | K7: =VLOOKUP($A7,[6]HISTOJUIN23!$A$7:$AU$45,41,0) -> 0 | L7: =TONTMAI23!H7+TONTMAI23!I7 -> 0 | M7: =VLOOKUP($A7,[6]HISTOJUIN23!$A$7:$AU$45,16,0) -> 0 | N7: =IF(M7<>0,VLOOKUP($A7,[6]HISTOJUIN23!$A$7:$AU$45,8,0),"ECHEC") -> ECHEC | O7: =IF(R7=0,0,VLOOKUP($A7,[6]HISTOJUIN23!$A$7:$AU$45,32,0)) -> 0 | P7: =VLOOKUP($A7,[6]HISTOJUIN23!$A$7:$AU$45,33,0) -> 0 | Q7: =IF(R7=0,0,($C$3-R7)) -> 0 | R7: =VLOOKUP($A7,[6]HISTOJUIN23!$A$7:$AU$45,29,0) -> 0
A8: AS201604 | B8: =IF(D8=0,0,VLOOKUP($A8,[6]HISTOJUIN23!$A$6:$BO$40,10,0)) -> 1 | C8: =VLOOKUP(A8,[7]LISTADHERENT!A$5:H$60,3,0) -> DJOMO JEAN PAUL | D8: =IF(G8="ECHEC",0,B$3) -> 25000 | E8: =D8+VLOOKUP($A8,[6]HISTOJUIN23!$A$7:$AU$40,45,0)+F8 -> 40000 | F8: =VLOOKUP($A8,[6]HISTOJUIN23!$A$7:$AU$45,7,0) -> 0 | G8: =VLOOKUP($A8,[6]HISTOJUIN23!$A$7:$AU$45,8,0) -> BANQUE | H8: =VLOOKUP($A8,[6]HISTOJUIN23!$A$6:$AU$45,35,0) -> 0 | I8: =VLOOKUP($A8,[6]HISTOJUIN23!$A$7:$AU$45,38,0) -> 0 | J8: =IF(I8=0,0,VLOOKUP($A8,[6]HISTOJUIN23!$A$7:$AU$45,42,0)) -> 0 | K8: =VLOOKUP($A8,[6]HISTOJUIN23!$A$7:$AU$45,41,0) -> 0 | L8: =TONTMAI23!H8+TONTMAI23!I8 -> 0 | M8: =VLOOKUP($A8,[6]HISTOJUIN23!$A$7:$AU$45,16,0) -> 0 | N8: =IF(M8<>0,VLOOKUP($A8,[6]HISTOJUIN23!$A$7:$AU$45,8,0),"ECHEC") -> ECHEC | O8: =IF(R8=0,0,VLOOKUP($A8,[6]HISTOJUIN23!$A$7:$AU$45,32,0)) -> 0 | P8: =VLOOKUP($A8,[6]HISTOJUIN23!$A$7:$AU$45,33,0) -> 0 | Q8: =IF(R8=0,0,($C$3-R8)) -> 0 | R8: =VLOOKUP($A8,[6]HISTOJUIN23!$A$7:$AU$45,29,0) -> 0
A9: AS201654 | B9: =IF(D9=0,0,VLOOKUP($A9,[6]HISTOJUIN23!$A$6:$BO$40,10,0)) -> 1 | C9: =VLOOKUP(A9,[7]LISTADHERENT!A$5:H$60,3,0) -> DJOMOU TCHAPDA | D9: =IF(G9="ECHEC",0,B$3) -> 25000 | E9: =D9+VLOOKUP($A9,[6]HISTOJUIN23!$A$7:$AU$40,45,0)+F9 -> 43000 | F9: =VLOOKUP($A9,[6]HISTOJUIN23!$A$7:$AU$45,7,0) -> 3000 | G9: =VLOOKUP($A9,[6]HISTOJUIN23!$A$7:$AU$45,8,0) -> ESPECES | H9: =VLOOKUP($A9,[6]HISTOJUIN23!$A$6:$AU$45,35,0) -> 0 | I9: =VLOOKUP($A9,[6]HISTOJUIN23!$A$7:$AU$45,38,0) -> 0 | J9: =IF(I9=0,0,VLOOKUP($A9,[6]HISTOJUIN23!$A$7:$AU$45,42,0)) -> 0 | K9: =VLOOKUP($A9,[6]HISTOJUIN23!$A$7:$AU$45,41,0) -> 0 | L9: =TONTMAI23!H9+TONTMAI23!I9 -> 0 | M9: =VLOOKUP($A9,[6]HISTOJUIN23!$A$7:$AU$45,16,0) -> 0 | N9: =IF(M9<>0,VLOOKUP($A9,[6]HISTOJUIN23!$A$7:$AU$45,8,0),"ECHEC") -> ECHEC | O9: =IF(R9=0,0,VLOOKUP($A9,[6]HISTOJUIN23!$A$7:$AU$45,32,0)) -> 0 | P9: =VLOOKUP($A9,[6]HISTOJUIN23!$A$7:$AU$45,33,0) -> 0 | Q9: =IF(R9=0,0,($C$3-R9)) -> 0 | R9: =VLOOKUP($A9,[6]HISTOJUIN23!$A$7:$AU$45,29,0) -> 0
A10: AS201605 | B10: =IF(D10=0,0,VLOOKUP($A10,[6]HISTOJUIN23!$A$6:$BO$40,10,0)) -> 1 | C10: =VLOOKUP(A10,[7]LISTADHERENT!A$5:H$60,3,0) -> DJOUKWE NANGUEN GUY BLAISE | D10: =IF(G10="ECHEC",0,B$3) -> 25000 | E10: =D10+VLOOKUP($A10,[6]HISTOJUIN23!$A$7:$AU$40,45,0)+F10 -> 44000 | F10: =VLOOKUP($A10,[6]HISTOJUIN23!$A$7:$AU$45,7,0) -> 0 | G10: =VLOOKUP($A10,[6]HISTOJUIN23!$A$7:$AU$45,8,0) -> BANQUE | H10: =VLOOKUP($A10,[6]HISTOJUIN23!$A$6:$AU$45,35,0) -> 30000 | I10: =VLOOKUP($A10,[6]HISTOJUIN23!$A$7:$AU$45,38,0) -> 500 | J10: =IF(I10=0,0,VLOOKUP($A10,[6]HISTOJUIN23!$A$7:$AU$45,42,0)) -> BANQUE | K10: =VLOOKUP($A10,[6]HISTOJUIN23!$A$7:$AU$45,41,0) -> 0 | L10: =TONTMAI23!H10+TONTMAI23!I10 -> 31000 | M10: =VLOOKUP($A10,[6]HISTOJUIN23!$A$7:$AU$45,16,0) -> 31000 | N10: =IF(M10<>0,VLOOKUP($A10,[6]HISTOJUIN23!$A$7:$AU$45,8,0),"ECHEC") -> BANQUE | O10: =IF(R10=0,0,VLOOKUP($A10,[6]HISTOJUIN23!$A$7:$AU$45,32,0)) -> 0 | P10: =VLOOKUP($A10,[6]HISTOJUIN23!$A$7:$AU$45,33,0) -> 0 | Q10: =IF(R10=0,0,($C$3-R10)) -> 0 | R10: =VLOOKUP($A10,[6]HISTOJUIN23!$A$7:$AU$45,29,0) -> 0
A11: AS201608 | B11: =IF(D11=0,0,VLOOKUP($A11,[6]HISTOJUIN23!$A$6:$BO$40,10,0)) -> 1 | C11: =VLOOKUP(A11,[7]LISTADHERENT!A$5:H$60,3,0) -> DJUOMBESSY ANTOINE | D11: =IF(G11="ECHEC",0,B$3) -> 25000 | E11: =D11+VLOOKUP($A11,[6]HISTOJUIN23!$A$7:$AU$40,45,0)+F11 -> 74500 | F11: =VLOOKUP($A11,[6]HISTOJUIN23!$A$7:$AU$45,7,0) -> 0 | G11: =VLOOKUP($A11,[6]HISTOJUIN23!$A$7:$AU$45,8,0) -> BANQUE | H11: =VLOOKUP($A11,[6]HISTOJUIN23!$A$6:$AU$45,35,0) -> 30000 | I11: =VLOOKUP($A11,[6]HISTOJUIN23!$A$7:$AU$45,38,0) -> 500 | J11: =IF(I11=0,0,VLOOKUP($A11,[6]HISTOJUIN23!$A$7:$AU$45,42,0)) -> BANQUE | K11: =VLOOKUP($A11,[6]HISTOJUIN23!$A$7:$AU$45,41,0) -> 0 | L11: =TONTMAI23!H11+TONTMAI23!I11 -> 0 | M11: =VLOOKUP($A11,[6]HISTOJUIN23!$A$7:$AU$45,16,0) -> 0 | N11: =IF(M11<>0,VLOOKUP($A11,[6]HISTOJUIN23!$A$7:$AU$45,8,0),"ECHEC") -> ECHEC | O11: =IF(R11=0,0,VLOOKUP($A11,[6]HISTOJUIN23!$A$7:$AU$45,32,0)) -> 0 | P11: =VLOOKUP($A11,[6]HISTOJUIN23!$A$7:$AU$45,33,0) -> 0 | Q11: =IF(R11=0,0,($C$3-R11)) -> 295000 | R11: =VLOOKUP($A11,[6]HISTOJUIN23!$A$7:$AU$45,29,0) -> 5000
A12: AS201651 | B12: =IF(D12=0,0,VLOOKUP($A12,[6]HISTOJUIN23!$A$6:$BO$40,10,0)) -> 1 | C12: =VLOOKUP(A12,[7]LISTADHERENT!A$5:H$60,3,0) -> DOMOU FABIEN | D12: =IF(G12="ECHEC",0,B$3) -> 25000 | E12: =D12+VLOOKUP($A12,[6]HISTOJUIN23!$A$7:$AU$40,45,0)+F12 -> 40000 | F12: =VLOOKUP($A12,[6]HISTOJUIN23!$A$7:$AU$45,7,0) -> 0 | G12: =VLOOKUP($A12,[6]HISTOJUIN23!$A$7:$AU$45,8,0) -> BANQUE | H12: =VLOOKUP($A12,[6]HISTOJUIN23!$A$6:$AU$45,35,0) -> 0 | I12: =VLOOKUP($A12,[6]HISTOJUIN23!$A$7:$AU$45,38,0) -> 0 | J12: =IF(I12=0,0,VLOOKUP($A12,[6]HISTOJUIN23!$A$7:$AU$45,42,0)) -> 0 | K12: =VLOOKUP($A12,[6]HISTOJUIN23!$A$7:$AU$45,41,0) -> 0 | L12: =TONTMAI23!H12+TONTMAI23!I12 -> 0 | M12: =VLOOKUP($A12,[6]HISTOJUIN23!$A$7:$AU$45,16,0) -> 0 | N12: =IF(M12<>0,VLOOKUP($A12,[6]HISTOJUIN23!$A$7:$AU$45,8,0),"ECHEC") -> ECHEC | O12: =IF(R12=0,0,VLOOKUP($A12,[6]HISTOJUIN23!$A$7:$AU$45,32,0)) -> 0 | P12: =VLOOKUP($A12,[6]HISTOJUIN23!$A$7:$AU$45,33,0) -> 0 | Q12: =IF(R12=0,0,($C$3-R12)) -> 0 | R12: =VLOOKUP($A12,[6]HISTOJUIN23!$A$7:$AU$45,29,0) -> 0
A13: AS201609 | B13: =IF(D13=0,0,VLOOKUP($A13,[6]HISTOJUIN23!$A$6:$BO$40,10,0)) -> 1 | C13: =VLOOKUP(A13,[7]LISTADHERENT!A$5:H$60,3,0) -> DONHOU DAVID | D13: =IF(G13="ECHEC",0,B$3) -> 25000 | E13: =D13+VLOOKUP($A13,[6]HISTOJUIN23!$A$7:$AU$40,45,0)+F13 -> 40000 | F13: =VLOOKUP($A13,[6]HISTOJUIN23!$A$7:$AU$45,7,0) -> 0 | G13: =VLOOKUP($A13,[6]HISTOJUIN23!$A$7:$AU$45,8,0) -> BANQUE | H13: =VLOOKUP($A13,[6]HISTOJUIN23!$A$6:$AU$45,35,0) -> 0 | I13: =VLOOKUP($A13,[6]HISTOJUIN23!$A$7:$AU$45,38,0) -> 0 | J13: =IF(I13=0,0,VLOOKUP($A13,[6]HISTOJUIN23!$A$7:$AU$45,42,0)) -> 0 | K13: =VLOOKUP($A13,[6]HISTOJUIN23!$A$7:$AU$45,41,0) -> 0 | L13: =TONTMAI23!H13+TONTMAI23!I13 -> 0 | M13: =VLOOKUP($A13,[6]HISTOJUIN23!$A$7:$AU$45,16,0) -> 0 | N13: =IF(M13<>0,VLOOKUP($A13,[6]HISTOJUIN23!$A$7:$AU$45,8,0),"ECHEC") -> ECHEC | O13: =IF(R13=0,0,VLOOKUP($A13,[6]HISTOJUIN23!$A$7:$AU$45,32,0)) -> 0 | P13: =VLOOKUP($A13,[6]HISTOJUIN23!$A$7:$AU$45,33,0) -> 0 | Q13: =IF(R13=0,0,($C$3-R13)) -> 0 | R13: =VLOOKUP($A13,[6]HISTOJUIN23!$A$7:$AU$45,29,0) -> 0
A14: AS201611 | B14: =IF(D14=0,0,VLOOKUP($A14,[6]HISTOJUIN23!$A$6:$BO$40,10,0)) -> 1 | C14: =VLOOKUP(A14,[7]LISTADHERENT!A$5:H$60,3,0) -> HENGUE PAUL OMER | D14: =IF(G14="ECHEC",0,B$3) -> 25000 | E14: =D14+VLOOKUP($A14,[6]HISTOJUIN23!$A$7:$AU$40,45,0)+F14 -> 40000 | F14: =VLOOKUP($A14,[6]HISTOJUIN23!$A$7:$AU$45,7,0) -> 0 | G14: =VLOOKUP($A14,[6]HISTOJUIN23!$A$7:$AU$45,8,0) -> BANQUE | H14: =VLOOKUP($A14,[6]HISTOJUIN23!$A$6:$AU$45,35,0) -> 0 | I14: =VLOOKUP($A14,[6]HISTOJUIN23!$A$7:$AU$45,38,0) -> 0 | J14: =IF(I14=0,0,VLOOKUP($A14,[6]HISTOJUIN23!$A$7:$AU$45,42,0)) -> 0 | K14: =VLOOKUP($A14,[6]HISTOJUIN23!$A$7:$AU$45,41,0) -> 0 | L14: =TONTMAI23!H14+TONTMAI23!I14 -> 0 | M14: =VLOOKUP($A14,[6]HISTOJUIN23!$A$7:$AU$45,16,0) -> 0 | N14: =IF(M14<>0,VLOOKUP($A14,[6]HISTOJUIN23!$A$7:$AU$45,8,0),"ECHEC") -> ECHEC | O14: =IF(R14=0,0,VLOOKUP($A14,[6]HISTOJUIN23!$A$7:$AU$45,32,0)) -> 0 | P14: =VLOOKUP($A14,[6]HISTOJUIN23!$A$7:$AU$45,33,0) -> 0 | Q14: =IF(R14=0,0,($C$3-R14)) -> 0 | R14: =VLOOKUP($A14,[6]HISTOJUIN23!$A$7:$AU$45,29,0) -> 0
A15: AS201613 | B15: =IF(D15=0,0,VLOOKUP($A15,[6]HISTOJUIN23!$A$6:$BO$40,10,0)) -> 1 | C15: =VLOOKUP(A15,[7]LISTADHERENT!A$5:H$60,3,0) -> HOTCHO BENJAMIN | D15: =IF(G15="ECHEC",0,B$3) -> 25000 | E15: =D15+VLOOKUP($A15,[6]HISTOJUIN23!$A$7:$AU$40,45,0)+F15 -> 75000 | F15: =VLOOKUP($A15,[6]HISTOJUIN23!$A$7:$AU$45,7,0) -> 0 | G15: =VLOOKUP($A15,[6]HISTOJUIN23!$A$7:$AU$45,8,0) -> BANQUE | H15: =VLOOKUP($A15,[6]HISTOJUIN23!$A$6:$AU$45,35,0) -> 0 | I15: =VLOOKUP($A15,[6]HISTOJUIN23!$A$7:$AU$45,38,0) -> 0 | J15: =IF(I15=0,0,VLOOKUP($A15,[6]HISTOJUIN23!$A$7:$AU$45,42,0)) -> 0 | K15: =VLOOKUP($A15,[6]HISTOJUIN23!$A$7:$AU$45,41,0) -> 0 | L15: =TONTMAI23!H15+TONTMAI23!I15 -> 0 | M15: =VLOOKUP($A15,[6]HISTOJUIN23!$A$7:$AU$45,16,0) -> 0 | N15: =IF(M15<>0,VLOOKUP($A15,[6]HISTOJUIN23!$A$7:$AU$45,8,0),"ECHEC") -> ECHEC | O15: =IF(R15=0,0,VLOOKUP($A15,[6]HISTOJUIN23!$A$7:$AU$45,32,0)) -> 0 | P15: =VLOOKUP($A15,[6]HISTOJUIN23!$A$7:$AU$45,33,0) -> 0 | Q15: =IF(R15=0,0,($C$3-R15)) -> 0 | R15: =VLOOKUP($A15,[6]HISTOJUIN23!$A$7:$AU$45,29,0) -> 0
A16: AS201617 | B16: =IF(D16=0,0,VLOOKUP($A16,[6]HISTOJUIN23!$A$6:$BO$40,10,0)) -> 1 | C16: =VLOOKUP(A16,[7]LISTADHERENT!A$5:H$60,3,0) -> KOUAMOU MOISE | D16: =IF(G16="ECHEC",0,B$3) -> 25000 | E16: =D16+VLOOKUP($A16,[6]HISTOJUIN23!$A$7:$AU$40,45,0)+F16 -> 40000 | F16: =VLOOKUP($A16,[6]HISTOJUIN23!$A$7:$AU$45,7,0) -> 0 | G16: =VLOOKUP($A16,[6]HISTOJUIN23!$A$7:$AU$45,8,0) -> BANQUE | H16: =VLOOKUP($A16,[6]HISTOJUIN23!$A$6:$AU$45,35,0) -> 0 | I16: =VLOOKUP($A16,[6]HISTOJUIN23!$A$7:$AU$45,38,0) -> 0 | J16: =IF(I16=0,0,VLOOKUP($A16,[6]HISTOJUIN23!$A$7:$AU$45,42,0)) -> 0 | K16: =VLOOKUP($A16,[6]HISTOJUIN23!$A$7:$AU$45,41,0) -> 0 | L16: =TONTMAI23!H16+TONTMAI23!I16 -> 0 | M16: =VLOOKUP($A16,[6]HISTOJUIN23!$A$7:$AU$45,16,0) -> 0 | N16: =IF(M16<>0,VLOOKUP($A16,[6]HISTOJUIN23!$A$7:$AU$45,8,0),"ECHEC") -> ECHEC | O16: =IF(R16=0,0,VLOOKUP($A16,[6]HISTOJUIN23!$A$7:$AU$45,32,0)) -> 0 | P16: =VLOOKUP($A16,[6]HISTOJUIN23!$A$7:$AU$45,33,0) -> 0 | Q16: =IF(R16=0,0,($C$3-R16)) -> 0 | R16: =VLOOKUP($A16,[6]HISTOJUIN23!$A$7:$AU$45,29,0) -> 0
A17: AS201619 | B17: =IF(D17=0,0,VLOOKUP($A17,[6]HISTOJUIN23!$A$6:$BO$40,10,0)) -> 1 | C17: =VLOOKUP(A17,[7]LISTADHERENT!A$5:H$60,3,0) -> KOUATCHO MESSACK | D17: =IF(G17="ECHEC",0,B$3) -> 25000 | E17: =D17+VLOOKUP($A17,[6]HISTOJUIN23!$A$7:$AU$40,45,0)+F17 -> 40000 | F17: =VLOOKUP($A17,[6]HISTOJUIN23!$A$7:$AU$45,7,0) -> 0 | G17: =VLOOKUP($A17,[6]HISTOJUIN23!$A$7:$AU$45,8,0) -> BANQUE | H17: =VLOOKUP($A17,[6]HISTOJUIN23!$A$6:$AU$45,35,0) -> 0 | I17: =VLOOKUP($A17,[6]HISTOJUIN23!$A$7:$AU$45,38,0) -> 0 | J17: =IF(I17=0,0,VLOOKUP($A17,[6]HISTOJUIN23!$A$7:$AU$45,42,0)) -> 0 | K17: =VLOOKUP($A17,[6]HISTOJUIN23!$A$7:$AU$45,41,0) -> 0 | L17: =TONTMAI23!H17+TONTMAI23!I17 -> 0 | M17: =VLOOKUP($A17,[6]HISTOJUIN23!$A$7:$AU$45,16,0) -> 0 | N17: =IF(M17<>0,VLOOKUP($A17,[6]HISTOJUIN23!$A$7:$AU$45,8,0),"ECHEC") -> ECHEC | O17: =IF(R17=0,0,VLOOKUP($A17,[6]HISTOJUIN23!$A$7:$AU$45,32,0)) -> 0 | P17: =VLOOKUP($A17,[6]HISTOJUIN23!$A$7:$AU$45,33,0) -> 0 | Q17: =IF(R17=0,0,($C$3-R17)) -> 0 | R17: =VLOOKUP($A17,[6]HISTOJUIN23!$A$7:$AU$45,29,0) -> 0
... A35: AS201647 | B35: =IF(D35=0,0,VLOOKUP($A35,[6]HISTOJUIN23!$A$6:$BO$40,10,0)) -> 1 | C35: =VLOOKUP(A35,[7]LISTADHERENT!A$5:H$60,3,0) -> YOUMBI EMMANUEL | D35: =IF(G35="ECHEC",0,B$3) -> 25000 | E35: =D35+VLOOKUP($A35,[6]HISTOJUIN23!$A$7:$AU$40,45,0)+F35 -> 40000 | F35: =VLOOKUP($A35,[6]HISTOJUIN23!$A$7:$AU$45,7,0) -> 0 | G35: =VLOOKUP($A35,[6]HISTOJUIN23!$A$7:$AU$45,8,0) -> BANQUE | H35: =VLOOKUP($A35,[6]HISTOJUIN23!$A$6:$AU$45,35,0) -> 0 | I35: =VLOOKUP($A35,[6]HISTOJUIN23!$A$7:$AU$45,38,0) -> 0 | J35: =IF(I35=0,0,VLOOKUP($A35,[6]HISTOJUIN23!$A$7:$AU$45,42,0)) -> 0 | K35: =VLOOKUP($A35,[6]HISTOJUIN23!$A$7:$AU$45,41,0) -> 0 | L35: =TONTMAI23!H35+TONTMAI23!I35 -> 0 | M35: =VLOOKUP($A35,[6]HISTOJUIN23!$A$7:$AU$45,16,0) -> 0 | N35: =IF(M35<>0,VLOOKUP($A35,[6]HISTOJUIN23!$A$7:$AU$45,8,0),"ECHEC") -> ECHEC | O35: =IF(R35=0,0,VLOOKUP($A35,[6]HISTOJUIN23!$A$7:$AU$45,32,0)) -> 0 | P35: =VLOOKUP($A35,[6]HISTOJUIN23!$A$7:$AU$45,33,0) -> 0 | Q35: =IF(R35=0,0,($C$3-R35)) -> 0 | R35: =VLOOKUP($A35,[6]HISTOJUIN23!$A$7:$AU$45,29,0) -> 0
A37: TOTAL PART | B37: =SUM(B6:B36) -> 30
A38: NBRE ADHERENT | B38: =COUNT(D6:D35) -> 30 | D38: =SUM(D6:D37) -> 750000 | E38: =SUM(E6:E37) -> 1359500 | F38: =SUM(F6:F37) -> 3000 | H38: =SUM(H6:H37) -> 150000 | I38: =SUM(I6:I37) -> 2500 | L38: =SUM(L6:L37) -> 31000 | M38: =SUM(M6:M37) -> 31000 | N38: =SUM(N6:N37) -> 0 | O38: =SUM(O6:O37) -> 0 | P38: =SUM(P6:P37) -> 0 | Q38: =SUM(Q6:Q37) -> 590500 | R38: =SUM(R6:R37) -> 9500
N39: NBRE PART | O39: PART VENDUE
D40: MONTANT TONTINE | E40: MONTANT VERSE | G40: REMBOURSEMENT PETIT LOT | H40: VENTE PETIT LOT | I40: VENTE LOT PRINCIPAL | J40: SOLDE EN CAISSE | L40: TONTINE + REMB + INTERET VENTE | M40: =D44+G44+R38+TONTJANV23!O45 -> 790500
D41: =SUMIFS(D6:D37,G6:G37,"ESPECES") -> 25000 | E41: =SUMIFS(E6:E37,G6:G37,"ESPECES") -> 43000 | F41: ESPECES | G41: =SUMIFS(M6:M35,N6:N35,"ESPECES") -> 0 | H41: =SUMIFS(H6:H37,J6:J37,"ESPECES") -> 0 | I41: =SUMIFS(Q6:Q37,O6:O37,"ESPECES") -> 0 | J41: =D41+G41-H41-I41 -> 25000 | L41: LOT PRINCIPAL | M41: =C3*COUNTIF(Q6:Q37,">0") -> 600000 | N41: =D3 -> 2 | O41: =COUNTIF(Q6:Q35,">0") -> 2
D42: =SUMIFS(D6:D37,G6:G37,"BANQUE") -> 725000 | E42: =SUMIFS(E6:E38,G6:G38,"BANQUE") -> 1316500 | F42: BANQUE | G42: =SUMIFS(M6:M35,N6:N35,"BANQUE") -> 31000 | H42: =SUMIFS(H6:H37,J6:J37,"BANQUE") -> 150000 | I42: =SUMIFS(Q6:Q37,O6:O37,"BANQUE") -> 0 | J42: =D42+G42-H42-I42 -> 606000
L43: PETIT LOT | M43: =M40-M41 -> 190500
D44: =D41+D42 -> 750000 | E44: =E41+E42 -> 1359500 | F44: TOTAL | G44: =G41+G42 -> 31000 | H44: =H41+H42 -> 150000 | I44: =I41+I42 -> 0 | J44: =J41+J42 -> 631000
F45: TOTAL+DEPOT | L45: RELIQUAT | M45: =M43-H38 -> 40500 | O45: =TONTJUIN23!M45 -> 40500 | P45: CUMUL
L47: ECHEC TONTINE MOIS | M47: =COUNTIFS(G6:G36,"ECHEC")*25000 -> 0 | O47: =TONTMAI23!O47+TONTJUIN23!M47 -> 0 | P47: CUMUL
L48: ECHEC REMBOURSEMENT MOIS | M48: =L38-G44 -> 0 | O48: =TONTMAI23!O48+TONTJUIN23!M48 -> 0 | P48: CUMUL

Sheet TONTJUIL23
A1: ASSOCIATION | B1: ASELBY
A2: ANNEE | B2: 2023 | C2: TONIINE | D2: NBRE PART
A3: TAUX TONTINE | B3: 25000 | C3: =B3*12 -> 300000 | D3: =ROUNDDOWN(M40/C3,0) -> 3
C4: 45120
A5: MATRICULE | B5: NBREPART | C5: NOM ET PRENOM | D5: MONTANT TONTINE | E5: MONTANT VERSE | F5: PENALITE VERSEMENT ESPECES | G5: MODE VERSEMENT | H5: VENTE PETIT LOT | I5: INTERET PETIT LOT | J5: MODE VERSEMENT VENTE PETIT LOT | K5: NUMERO CHEQUE | L5: MONTANT A REMBOURSER PETIT LOT | M5: REMBOURSEMENT PETIT LOT | N5: MODE VERSEMENT REMBOURSEMENT | O5: MODE VERSEMENTLOT PRINCIPAL | P5: NUMERO CHEQUE | Q5: MONTANT LOT PRINCIPAL | R5: INTERET LOT PRINCIPAL
A6: AS201601 | B6: =IF(D6=0,0,VLOOKUP($A6,[6]HISTOJUIL23!$A$6:$BO$40,10,0)) -> 1 | C6: =VLOOKUP(A6,[7]LISTADHERENT!A$5:H$60,3,0) -> BAKOP ACHILLE | D6: =IF(G6="ECHEC",0,B$3) -> 25000 | E6: =D6+VLOOKUP($A6,[6]HISTOJUIL23!$A$7:$AU$40,45,0)+F6 -> 40000 | F6: =VLOOKUP($A6,[6]HISTOJUIL23!$A$7:$AU$45,7,0) -> 3000 | G6: =VLOOKUP($A6,[6]HISTOJUIL23!$A$7:$AU$45,8,0) -> BANQUE | H6: =VLOOKUP($A6,[6]HISTOJUIL23!$A$6:$AU$45,35,0) -> 0 | I6: =VLOOKUP($A6,[6]HISTOJUIL23!$A$7:$AU$45,38,0) -> 0 | J6: =IF(I6=0,0,VLOOKUP($A6,[6]HISTOJUIL23!$A$7:$AU$45,42,0)) -> 0 | K6: =VLOOKUP($A6,[6]HISTOJUIL23!$A$7:$AU$45,41,0) -> 0 | L6: =TONTJUIN23!H6+TONTJUIN23!I6 -> 30500 | M6: =VLOOKUP($A6,[6]HISTOJUIL23!$A$7:$AU$45,16,0) -> 30500 | N6: =IF(M6<>0,VLOOKUP($A6,[6]HISTOJUIL23!$A$7:$AU$45,8,0),"ECHEC") -> BANQUE | O6: =IF(R6=0,0,VLOOKUP($A6,[6]HISTOJUIL23!$A$7:$AU$45,32,0)) -> BANQUE | P6: =VLOOKUP($A6,[6]HISTOJUIL23!$A$7:$AU$45,33,0) -> 0 | Q6: =IF(R6=0,0,($C$3-R6)) -> 297000 | R6: =VLOOKUP($A6,[6]HISTOJUIL23!$A$7:$AU$45,29,0) -> 3000
A7: AS201602 | B7: =IF(D7=0,0,VLOOKUP($A7,[6]HISTOJUIL23!$A$6:$BO$40,10,0)) -> 1 | C7: =VLOOKUP(A7,[7]LISTADHERENT!A$5:H$60,3,0) -> BOUTCHOUANG WILLIAM | D7: =IF(G7="ECHEC",0,B$3) -> 25000 | E7: =D7+VLOOKUP($A7,[6]HISTOJUIL23!$A$7:$AU$40,45,0)+F7 -> 40000 | F7: =VLOOKUP($A7,[6]HISTOJUIL23!$A$7:$AU$45,7,0) -> 0 | G7: =VLOOKUP($A7,[6]HISTOJUIL23!$A$7:$AU$45,8,0) -> BANQUE | H7: =VLOOKUP($A7,[6]HISTOJUIL23!$A$6:$AU$45,35,0) -> 0 | I7: =VLOOKUP($A7,[6]HISTOJUIL23!$A$7:$AU$45,38,0) -> 0 | J7: =IF(I7=0,0,VLOOKUP($A7,[6]HISTOJUIL23!$A$7:$AU$45,42,0)) -> 0 | K7: =VLOOKUP($A7,[6]HISTOJUIL23!$A$7:$AU$45,41,0) -> 0 | L7: =TONTJUIN23!H7+TONTJUIN23!I7 -> 0 | M7: =VLOOKUP($A7,[6]HISTOJUIL23!$A$7:$AU$45,16,0) -> 0 | N7: =IF(M7<>0,VLOOKUP($A7,[6]HISTOJUIL23!$A$7:$AU$45,8,0),"ECHEC") -> ECHEC | O7: =IF(R7=0,0,VLOOKUP($A7,[6]HISTOJUIL23!$A$7:$AU$45,32,0)) -> 0 | P7: =VLOOKUP($A7,[6]HISTOJUIL23!$A$7:$AU$45,33,0) -> 0 | Q7: =IF(R7=0,0,($C$3-R7)) -> 0 | R7: =VLOOKUP($A7,[6]HISTOJUIL23!$A$7:$AU$45,29,0) -> 0
A8: AS201604 | B8: =IF(D8=0,0,VLOOKUP($A8,[6]HISTOJUIL23!$A$6:$BO$40,10,0)) -> 1 | C8: =VLOOKUP(A8,[7]LISTADHERENT!A$5:H$60,3,0) -> DJOMO JEAN PAUL | D8: =IF(G8="ECHEC",0,B$3) -> 25000 | E8: =D8+VLOOKUP($A8,[6]HISTOJUIL23!$A$7:$AU$40,45,0)+F8 -> 43000 | F8: =VLOOKUP($A8,[6]HISTOJUIL23!$A$7:$AU$45,7,0) -> 3000 | G8: =VLOOKUP($A8,[6]HISTOJUIL23!$A$7:$AU$45,8,0) -> BANQUE | H8: =VLOOKUP($A8,[6]HISTOJUIL23!$A$6:$AU$45,35,0) -> 0 | I8: =VLOOKUP($A8,[6]HISTOJUIL23!$A$7:$AU$45,38,0) -> 0 | J8: =IF(I8=0,0,VLOOKUP($A8,[6]HISTOJUIL23!$A$7:$AU$45,42,0)) -> 0 | K8: =VLOOKUP($A8,[6]HISTOJUIL23!$A$7:$AU$45,41,0) -> 0 | L8: =TONTJUIN23!H8+TONTJUIN23!I8 -> 0 | M8: =VLOOKUP($A8,[6]HISTOJUIL23!$A$7:$AU$45,16,0) -> 0 | N8: =IF(M8<>0,VLOOKUP($A8,[6]HISTOJUIL23!$A$7:$AU$45,8,0),"ECHEC") -> ECHEC | O8: =IF(R8=0,0,VLOOKUP($A8,[6]HISTOJUIL23!$A$7:$AU$45,32,0)) -> 0 | P8: =VLOOKUP($A8,[6]HISTOJUIL23!$A$7:$AU$45,33,0) -> 0 | Q8: =IF(R8=0,0,($C$3-R8)) -> 0 | R8: =VLOOKUP($A8,[6]HISTOJUIL23!$A$7:$AU$45,29,0) -> 0
A9: AS201654 | B9: =IF(D9=0,0,VLOOKUP($A9,[6]HISTOJUIL23!$A$6:$BO$40,10,0)) -> 1 | C9: =VLOOKUP(A9,[7]LISTADHERENT!A$5:H$60,3,0) -> DJOMOU TCHAPDA | D9: =IF(G9="ECHEC",0,B$3) -> 25000 | E9: =D9+VLOOKUP($A9,[6]HISTOJUIL23!$A$7:$AU$40,45,0)+F9 -> 40000 | F9: =VLOOKUP($A9,[6]HISTOJUIL23!$A$7:$AU$45,7,0) -> 3000 | G9: =VLOOKUP($A9,[6]HISTOJUIL23!$A$7:$AU$45,8,0) -> ESPECES | H9: =VLOOKUP($A9,[6]HISTOJUIL23!$A$6:$AU$45,35,0) -> 0 | I9: =VLOOKUP($A9,[6]HISTOJUIL23!$A$7:$AU$45,38,0) -> 0 | J9: =IF(I9=0,0,VLOOKUP($A9,[6]HISTOJUIL23!$A$7:$AU$45,42,0)) -> 0 | K9: =VLOOKUP($A9,[6]HISTOJUIL23!$A$7:$AU$45,41,0) -> 0 | L9: =TONTJUIN23!H9+TONTJUIN23!I9 -> 0 | M9: =VLOOKUP($A9,[6]HISTOJUIL23!$A$7:$AU$45,16,0) -> 0 | N9: =IF(M9<>0,VLOOKUP($A9,[6]HISTOJUIL23!$A$7:$AU$45,8,0),"ECHEC") -> ECHEC | O9: =IF(R9=0,0,VLOOKUP($A9,[6]HISTOJUIL23!$A$7:$AU$45,32,0)) -> 0 | P9: =VLOOKUP($A9,[6]HISTOJUIL23!$A$7:$AU$45,33,0) -> 0 | Q9: =IF(R9=0,0,($C$3-R9)) -> 0 | R9: =VLOOKUP($A9,[6]HISTOJUIL23!$A$7:$AU$45,29,0) -> 0
A10: AS201605 | B10: =IF(D10=0,0,VLOOKUP($A10,[6]HISTOJUIL23!$A$6:$BO$40,10,0)) -> 1 | C10: =VLOOKUP(A10,[7]LISTADHERENT!A$5:H$60,3,0) -> DJOUKWE NANGUEN GUY BLAISE | D10: =IF(G10="ECHEC",0,B$3) -> 25000 | E10: =D10+VLOOKUP($A10,[6]HISTOJUIL23!$A$7:$AU$40,45,0)+F10 -> 43000 | F10: =VLOOKUP($A10,[6]HISTOJUIL23!$A$7:$AU$45,7,0) -> 3000 | G10: =VLOOKUP($A10,[6]HISTOJUIL23!$A$7:$AU$45,8,0) -> BANQUE | H10: =VLOOKUP($A10,[6]HISTOJUIL23!$A$6:$AU$45,35,0) -> 0 | I10: =VLOOKUP($A10,[6]HISTOJUIL23!$A$7:$AU$45,38,0) -> 0 | J10: =IF(I10=0,0,VLOOKUP($A10,[6]HISTOJUIL23!$A$7:$AU$45,42,0)) -> 0 | K10: =VLOOKUP($A10,[6]HISTOJUIL23!$A$7:$AU$45,41,0) -> 0 | L10: =TONTJUIN23!H10+TONTJUIN23!I10 -> 30500 | M10: =VLOOKUP($A10,[6]HISTOJUIL23!$A$7:$AU$45,16,0) -> 30500 | N10: =IF(M10<>0,VLOOKUP($A10,[6]HISTOJUIL23!$A$7:$AU$45,8,0),"ECHEC") -> BANQUE | O10: =IF(R10=0,0,VLOOKUP($A10,[6]HISTOJUIL23!$A$7:$AU$45,32,0)) -> 0 | P10: =VLOOKUP($A10,[6]HISTOJUIL23!$A$7:$AU$45,33,0) -> 0 | Q10: =IF(R10=0,0,($C$3-R10)) -> 0 | R10: =VLOOKUP($A10,[6]HISTOJUIL23!$A$7:$AU$45,29,0) -> 0
A11: AS201608 | B11: =IF(D11=0,0,VLOOKUP($A11,[6]HISTOJUIL23!$A$6:$BO$40,10,0)) -> 1 | C11: =VLOOKUP(A11,[7]LISTADHERENT!A$5:H$60,3,0) -> DJUOMBESSY ANTOINE | D11: =IF(G11="ECHEC",0,B$3) -> 25000 | E11: =D11+VLOOKUP($A11,[6]HISTOJUIL23!$A$7:$AU$40,45,0)+F11 -> 56300 | F11: =VLOOKUP($A11,[6]HISTOJUIL23!$A$7:$AU$45,7,0) -> 0 | G11: =VLOOKUP($A11,[6]HISTOJUIL23!$A$7:$AU$45,8,0) -> BANQUE | H11: =VLOOKUP($A11,[6]HISTOJUIL23!$A$6:$AU$45,35,0) -> 0 | I11: =VLOOKUP($A11,[6]HISTOJUIL23!$A$7:$AU$45,38,0) -> 0 | J11: =IF(I11=0,0,VLOOKUP($A11,[6]HISTOJUIL23!$A$7:$AU$45,42,0)) -> 0 | K11: =VLOOKUP($A11,[6]HISTOJUIL23!$A$7:$AU$45,41,0) -> 0 | L11: =TONTJUIN23!H11+TONTJUIN23!I11 -> 30500 | M11: =VLOOKUP($A11,[6]HISTOJUIL23!$A$7:$AU$45,16,0) -> 30500 | N11: =IF(M11<>0,VLOOKUP($A11,[6]HISTOJUIL23!$A$7:$AU$45,8,0),"ECHEC") -> BANQUE | O11: =IF(R11=0,0,VLOOKUP($A11,[6]HISTOJUIL23!$A$7:$AU$45,32,0)) -> 0 | P11: =VLOOKUP($A11,[6]HISTOJUIL23!$A$7:$AU$45,33,0) -> 0 | Q11: =IF(R11=0,0,($C$3-R11)) -> 0 | R11: =VLOOKUP($A11,[6]HISTOJUIL23!$A$7:$AU$45,29,0) -> 0
A12: AS201651 | B12: =IF(D12=0,0,VLOOKUP($A12,[6]HISTOJUIL23!$A$6:$BO$40,10,0)) -> 1 | C12: =VLOOKUP(A12,[7]LISTADHERENT!A$5:H$60,3,0) -> DOMOU FABIEN | D12: =IF(G12="ECHEC",0,B$3) -> 25000 | E12: =D12+VLOOKUP($A12,[6]HISTOJUIL23!$A$7:$AU$40,45,0)+F12 -> 40000 | F12: =VLOOKUP($A12,[6]HISTOJUIL23!$A$7:$AU$45,7,0) -> 0 | G12: =VLOOKUP($A12,[6]HISTOJUIL23!$A$7:$AU$45,8,0) -> BANQUE | H12: =VLOOKUP($A12,[6]HISTOJUIL23!$A$6:$AU$45,35,0) -> 0 | I12: =VLOOKUP($A12,[6]HISTOJUIL23!$A$7:$AU$45,38,0) -> 0 | J12: =IF(I12=0,0,VLOOKUP($A12,[6]HISTOJUIL23!$A$7:$AU$45,42,0)) -> 0 | K12: =VLOOKUP($A12,[6]HISTOJUIL23!$A$7:$AU$45,41,0) -> 0 | L12: =TONTJUIN23!H12+TONTJUIN23!I12 -> 0 | M12: =VLOOKUP($A12,[6]HISTOJUIL23!$A$7:$AU$45,16,0) -> 0 | N12: =IF(M12<>0,VLOOKUP($A12,[6]HISTOJUIL23!$A$7:$AU$45,8,0),"ECHEC") -> ECHEC | O12: =IF(R12=0,0,VLOOKUP($A12,[6]HISTOJUIL23!$A$7:$AU$45,32,0)) -> 0 | P12: =VLOOKUP($A12,[6]HISTOJUIL23!$A$7:$AU$45,33,0) -> 0 | Q12: =IF(R12=0,0,($C$3-R12)) -> 0 | R12: =VLOOKUP($A12,[6]HISTOJUIL23!$A$7:$AU$45,29,0) -> 0
A13: AS201609 | B13: =IF(D13=0,0,VLOOKUP($A13,[6]HISTOJUIL23!$A$6:$BO$40,10,0)) -> 1 | C13: =VLOOKUP(A13,[7]LISTADHERENT!A$5:H$60,3,0) -> DONHOU DAVID | D13: =IF(G13="ECHEC",0,B$3) -> 25000 | E13: =D13+VLOOKUP($A13,[6]HISTOJUIL23!$A$7:$AU$40,45,0)+F13 -> 40000 | F13: =VLOOKUP($A13,[6]HISTOJUIL23!$A$7:$AU$45,7,0) -> 0 | G13: =VLOOKUP($A13,[6]HISTOJUIL23!$A$7:$AU$45,8,0) -> BANQUE | H13: =VLOOKUP($A13,[6]HISTOJUIL23!$A$6:$AU$45,35,0) -> 0 | I13: =VLOOKUP($A13,[6]HISTOJUIL23!$A$7:$AU$45,38,0) -> 0 | J13: =IF(I13=0,0,VLOOKUP($A13,[6]HISTOJUIL23!$A$7:$AU$45,42,0)) -> 0 | K13: =VLOOKUP($A13,[6]HISTOJUIL23!$A$7:$AU$45,41,0) -> 0 | L13: =TONTJUIN23!H13+TONTJUIN23!I13 -> 0 | M13: =VLOOKUP($A13,[6]HISTOJUIL23!$A$7:$AU$45,16,0) -> 0 | N13: =IF(M13<>0,VLOOKUP($A13,[6]HISTOJUIL23!$A$7:$AU$45,8,0),"ECHEC") -> ECHEC | O13: =IF(R13=0,0,VLOOKUP($A13,[6]HISTOJUIL23!$A$7:$AU$45,32,0)) -> 0 | P13: =VLOOKUP($A13,[6]HISTOJUIL23!$A$7:$AU$45,33,0) -> 0 | Q13: =IF(R13=0,0,($C$3-R13)) -> 0 | R13: =VLOOKUP($A13,[6]HISTOJUIL23!$A$7:$AU$45,29,0) -> 0
A14: AS201611 | B14: =IF(D14=0,0,VLOOKUP($A14,[6]HISTOJUIL23!$A$6:$BO$40,10,0)) -> 1 | C14: =VLOOKUP(A14,[7]LISTADHERENT!A$5:H$60,3,0) -> HENGUE PAUL OMER | D14: =IF(G14="ECHEC",0,B$3) -> 25000 | E14: =D14+VLOOKUP($A14,[6]HISTOJUIL23!$A$7:$AU$40,45,0)+F14 -> 40000 | F14: =VLOOKUP($A14,[6]HISTOJUIL23!$A$7:$AU$45,7,0) -> 0 | G14: =VLOOKUP($A14,[6]HISTOJUIL23!$A$7:$AU$45,8,0) -> BANQUE | H14: =VLOOKUP($A14,[6]HISTOJUIL23!$A$6:$AU$45,35,0) -> 0 | I14: =VLOOKUP($A14,[6]HISTOJUIL23!$A$7:$AU$45,38,0) -> 0 | J14: =IF(I14=0,0,VLOOKUP($A14,[6]HISTOJUIL23!$A$7:$AU$45,42,0)) -> 0 | K14: =VLOOKUP($A14,[6]HISTOJUIL23!$A$7:$AU$45,41,0) -> 0 | L14: =TONTJUIN23!H14+TONTJUIN23!I14 -> 0 | M14: =VLOOKUP($A14,[6]HISTOJUIL23!$A$7:$AU$45,16,0) -> 0 | N14: =IF(M14<>0,VLOOKUP($A14,[6]HISTOJUIL23!$A$7:$AU$45,8,0),"ECHEC") -> ECHEC | O14: =IF(R14=0,0,VLOOKUP($A14,[6]HISTOJUIL23!$A$7:$AU$45,32,0)) -> BANQUE | P14: =VLOOKUP($A14,[6]HISTOJUIL23!$A$7:$AU$45,33,0) -> 0 | Q14: =IF(R14=0,0,($C$3-R14)) -> 297500 | R14: =VLOOKUP($A14,[6]HISTOJUIL23!$A$7:$AU$45,29,0) -> 2500
A15: AS201613 | B15: =IF(D15=0,0,VLOOKUP($A15,[6]HISTOJUIL23!$A$6:$BO$40,10,0)) -> 1 | C15: =VLOOKUP(A15,[7]LISTADHERENT!A$5:H$60,3,0) -> HOTCHO BENJAMIN | D15: =IF(G15="ECHEC",0,B$3) -> 25000 | E15: =D15+VLOOKUP($A15,[6]HISTOJUIL23!$A$7:$AU$40,45,0)+F15 -> 75000 | F15: =VLOOKUP($A15,[6]HISTOJUIL23!$A$7:$AU$45,7,0) -> 0 | G15: =VLOOKUP($A15,[6]HISTOJUIL23!$A$7:$AU$45,8,0) -> BANQUE | H15: =VLOOKUP($A15,[6]HISTOJUIL23!$A$6:$AU$45,35,0) -> 0 | I15: =VLOOKUP($A15,[6]HISTOJUIL23!$A$7:$AU$45,38,0) -> 0 | J15: =IF(I15=0,0,VLOOKUP($A15,[6]HISTOJUIL23!$A$7:$AU$45,42,0)) -> 0 | K15: =VLOOKUP($A15,[6]HISTOJUIL23!$A$7:$AU$45,41,0) -> 0 | L15: =TONTJUIN23!H15+TONTJUIN23!I15 -> 0 | M15: =VLOOKUP($A15,[6]HISTOJUIL23!$A$7:$AU$45,16,0) -> 0 | N15: =IF(M15<>0,VLOOKUP($A15,[6]HISTOJUIL23!$A$7:$AU$45,8,0),"ECHEC") -> ECHEC | O15: =IF(R15=0,0,VLOOKUP($A15,[6]HISTOJUIL23!$A$7:$AU$45,32,0)) -> 0 | P15: =VLOOKUP($A15,[6]HISTOJUIL23!$A$7:$AU$45,33,0) -> 0 | Q15: =IF(R15=0,0,($C$3-R15)) -> 0 | R15: =VLOOKUP($A15,[6]HISTOJUIL23!$A$7:$AU$45,29,0) -> 0
A16: AS201617 | B16: =IF(D16=0,0,VLOOKUP($A16,[6]HISTOJUIL23!$A$6:$BO$40,10,0)) -> 1 | C16: =VLOOKUP(A16,[7]LISTADHERENT!A$5:H$60,3,0) -> KOUAMOU MOISE | D16: =IF(G16="ECHEC",0,B$3) -> 25000 | E16: =D16+VLOOKUP($A16,[6]HISTOJUIL23!$A$7:$AU$40,45,0)+F16 -> 40000 | F16: =VLOOKUP($A16,[6]HISTOJUIL23!$A$7:$AU$45,7,0) -> 0 | G16: =VLOOKUP($A16,[6]HISTOJUIL23!$A$7:$AU$45,8,0) -> BANQUE | H16: =VLOOKUP($A16,[6]HISTOJUIL23!$A$6:$AU$45,35,0) -> 0 | I16: =VLOOKUP($A16,[6]HISTOJUIL23!$A$7:$AU$45,38,0) -> 0 | J16: =IF(I16=0,0,VLOOKUP($A16,[6]HISTOJUIL23!$A$7:$AU$45,42,0)) -> 0 | K16: =VLOOKUP($A16,[6]HISTOJUIL23!$A$7:$AU$45,41,0) -> 0 | L16: =TONTJUIN23!H16+TONTJUIN23!I16 -> 0 | M16: =VLOOKUP($A16,[6]HISTOJUIL23!$A$7:$AU$45,16,0) -> 0 | N16: =IF(M16<>0,VLOOKUP($A16,[6]HISTOJUIL23!$A$7:$AU$45,8,0),"ECHEC") -> ECHEC | O16: =IF(R16=0,0,VLOOKUP($A16,[6]HISTOJUIL23!$A$7:$AU$45,32,0)) -> 0 | P16: =VLOOKUP($A16,[6]HISTOJUIL23!$A$7:$AU$45,33,0) -> 0 | Q16: =IF(R16=0,0,($C$3-R16)) -> 0 | R16: =VLOOKUP($A16,[6]HISTOJUIL23!$A$7:$AU$45,29,0) -> 0
A17: AS201619 | B17: =IF(D17=0,0,VLOOKUP($A17,[6]HISTOJUIL23!$A$6:$BO$40,10,0)) -> 1 | C17: =VLOOKUP(A17,[7]LISTADHERENT!A$5:H$60,3,0) -> KOUATCHO MESSACK | D17: =IF(G17="ECHEC",0,B$3) -> 25000 | E17: =D17+VLOOKUP($A17,[6]HISTOJUIL23!$A$7:$AU$40,45,0)+F17 -> 40000 | F17: =VLOOKUP($A17,[6]HISTOJUIL23!$A$7:$AU$45,7,0) -> 0 | G17: =VLOOKUP($A17,[6]HISTOJUIL23!$A$7:$AU$45,8,0) -> BANQUE | H17: =VLOOKUP($A17,[6]HISTOJUIL23!$A$6:$AU$45,35,0) -> 0 | I17: =VLOOKUP($A17,[6]HISTOJUIL23!$A$7:$AU$45,38,0) -> 0 | J17: =IF(I17=0,0,VLOOKUP($A17,[6]HISTOJUIL23!$A$7:$AU$45,42,0)) -> 0 | K17: =VLOOKUP($A17,[6]HISTOJUIL23!$A$7:$AU$45,41,0) -> 0 | L17: =TONTJUIN23!H17+TONTJUIN23!I17 -> 0 | M17: =VLOOKUP($A17,[6]HISTOJUIL23!$A$7:$AU$45,16,0) -> 0 | N17: =IF(M17<>0,VLOOKUP($A17,[6]HISTOJUIL23!$A$7:$AU$45,8,0),"ECHEC") -> ECHEC | O17: =IF(R17=0,0,VLOOKUP($A17,[6]HISTOJUIL23!$A$7:$AU$45,32,0)) -> 0 | P17: =VLOOKUP($A17,[6]HISTOJUIL23!$A$7:$AU$45,33,0) -> 0 | Q17: =IF(R17=0,0,($C$3-R17)) -> 0 | R17: =VLOOKUP($A17,[6]HISTOJUIL23!$A$7:$AU$45,29,0) -> 0
... A22: AS201622 | B22: =IF(D22=0,0,VLOOKUP($A22,[6]HISTOJUIL23!$A$6:$BO$40,10,0)) -> 1 | C22: =VLOOKUP(A22,[7]LISTADHERENT!A$5:H$60,3,0) -> NDJOMO ETIENNE | D22: =IF(G22="ECHEC",0,B$3) -> 25000 | E22: =D22+VLOOKUP($A22,[6]HISTOJUIL23!$A$7:$AU$40,45,0)+F22 -> 50000 | F22: =VLOOKUP($A22,[6]HISTOJUIL23!$A$7:$AU$45,7,0) -> 0 | G22: =VLOOKUP($A22,[6]HISTOJUIL23!$A$7:$AU$45,8,0) -> BANQUE | H22: =VLOOKUP($A22,[6]HISTOJUIL23!$A$6:$AU$45,35,0) -> 0 | I22: =VLOOKUP($A22,[6]HISTOJUIL23!$A$7:$AU$45,38,0) -> 0 | J22: =IF(I22=0,0,VLOOKUP($A22,[6]HISTOJUIL23!$A$7:$AU$45,42,0)) -> 0 | K22: =VLOOKUP($A22,[6]HISTOJUIL23!$A$7:$AU$45,41,0) -> 0 | L22: =TONTJUIN23!H22+TONTJUIN23!I22 -> 0 | M22: =VLOOKUP($A22,[6]HISTOJUIL23!$A$7:$AU$45,16,0) -> 0 | N22: =IF(M22<>0,VLOOKUP($A22,[6]HISTOJUIL23!$A$7:$AU$45,8,0),"ECHEC") -> ECHEC | O22: =IF(R22=0,0,VLOOKUP($A22,[6]HISTOJUIL23!$A$7:$AU$45,32,0)) -> 0 | P22: =VLOOKUP($A22,[6]HISTOJUIL23!$A$7:$AU$45,33,0) -> 0 | Q22: =IF(R22=0,0,($C$3-R22)) -> 0 | R22: =VLOOKUP($A22,[6]HISTOJUIL23!$A$7:$AU$45,29,0) -> 0
A23: AS201624 | B23: =IF(D23=0,0,VLOOKUP($A23,[6]HISTOJUIL23!$A$6:$BO$40,10,0)) -> 1 | C23: =VLOOKUP(A23,[7]LISTADHERENT!A$5:H$60,3,0) -> NGONDIEP CLAUDE | D23: =IF(G23="ECHEC",0,B$3) -> 25000 | E23: =D23+VLOOKUP($A23,[6]HISTOJUIL23!$A$7:$AU$40,45,0)+F23 -> 45000 | F23: =VLOOKUP($A23,[6]HISTOJUIL23!$A$7:$AU$45,7,0) -> 0 | G23: =VLOOKUP($A23,[6]HISTOJUIL23!$A$7:$AU$45,8,0) -> BANQUE | H23: =VLOOKUP($A23,[6]HISTOJUIL23!$A$6:$AU$45,35,0) -> 61000 | J23: =IF(I23=0,0,VLOOKUP($A23,[6]HISTOJUIL23!$A$7:$AU$45,42,0)) -> 0 | K23: =VLOOKUP($A23,[6]HISTOJUIL23!$A$7:$AU$45,41,0) -> 0 | L23: =TONTJUIN23!H23+TONTJUIN23!I23 -> 61000 | M23: =VLOOKUP($A23,[6]HISTOJUIL23!$A$7:$AU$45,16,0) -> 61000 | N23: =IF(M23<>0,VLOOKUP($A23,[6]HISTOJUIL23!$A$7:$AU$45,8,0),"ECHEC") -> BANQUE | O23: =IF(R23=0,0,VLOOKUP($A23,[6]HISTOJUIL23!$A$7:$AU$45,32,0)) -> 0 | P23: =VLOOKUP($A23,[6]HISTOJUIL23!$A$7:$AU$45,33,0) -> 0 | Q23: =IF(R23=0,0,($C$3-R23)) -> 0 | R23: =VLOOKUP($A23,[6]HISTOJUIL23!$A$7:$AU$45,29,0) -> 0
A24: AS201626 | B24: =IF(D24=0,0,VLOOKUP($A24,[6]HISTOJUIL23!$A$6:$BO$40,10,0)) -> 1 | C24: =VLOOKUP(A24,[7]LISTADHERENT!A$5:H$60,3,0) -> NGUIEMEGNI MATHIEU BLAISE | D24: =IF(G24="ECHEC",0,B$3) -> 25000 | E24: =D24+VLOOKUP($A24,[6]HISTOJUIL23!$A$7:$AU$40,45,0)+F24 -> 48000 | F24: =VLOOKUP($A24,[6]HISTOJUIL23!$A$7:$AU$45,7,0) -> 0 | G24: =VLOOKUP($A24,[6]HISTOJUIL23!$A$7:$AU$45,8,0) -> BANQUE | H24: =VLOOKUP($A24,[6]HISTOJUIL23!$A$6:$AU$45,35,0) -> 0 | I24: =VLOOKUP($A24,[6]HISTOJUIL23!$A$7:$AU$45,38,0) -> 0 | J24: =IF(I24=0,0,VLOOKUP($A24,[6]HISTOJUIL23!$A$7:$AU$45,42,0)) -> 0 | K24: =VLOOKUP($A24,[6]HISTOJUIL23!$A$7:$AU$45,41,0) -> 0 | L24: =TONTJUIN23!H24+TONTJUIN23!I24 -> 0 | M24: =VLOOKUP($A24,[6]HISTOJUIL23!$A$7:$AU$45,16,0) -> 0 | N24: =IF(M24<>0,VLOOKUP($A24,[6]HISTOJUIL23!$A$7:$AU$45,8,0),"ECHEC") -> ECHEC | O24: =IF(R24=0,0,VLOOKUP($A24,[6]HISTOJUIL23!$A$7:$AU$45,32,0)) -> 0 | P24: =VLOOKUP($A24,[6]HISTOJUIL23!$A$7:$AU$45,33,0) -> 0 | Q24: =IF(R24=0,0,($C$3-R24)) -> 0 | R24: =VLOOKUP($A24,[6]HISTOJUIL23!$A$7:$AU$45,29,0) -> 0
A25: AS201628 | B25: =IF(D25=0,0,VLOOKUP($A25,[6]HISTOJUIL23!$A$6:$BO$40,10,0)) -> 1 | C25: =VLOOKUP(A25,[7]LISTADHERENT!A$5:H$60,3,0) -> NKAMGANG JUSTIN DEJOLIE | D25: =IF(G25="ECHEC",0,B$3) -> 25000 | E25: =D25+VLOOKUP($A25,[6]HISTOJUIL23!$A$7:$AU$40,45,0)+F25 -> 43000 | F25: =VLOOKUP($A25,[6]HISTOJUIL23!$A$7:$AU$45,7,0) -> 3000 | G25: =VLOOKUP($A25,[6]HISTOJUIL23!$A$7:$AU$45,8,0) -> ESPECES | H25: =VLOOKUP($A25,[6]HISTOJUIL23!$A$6:$AU$45,35,0) -> 0 | I25: =VLOOKUP($A25,[6]HISTOJUIL23!$A$7:$AU$45,38,0) -> 0 | J25: =IF(I25=0,0,VLOOKUP($A25,[6]HISTOJUIL23!$A$7:$AU$45,42,0)) -> 0 | K25: =VLOOKUP($A25,[6]HISTOJUIL23!$A$7:$AU$45,41,0) -> 0 | L25: =TONTJUIN23!H25+TONTJUIN23!I25 -> 0 | M25: =VLOOKUP($A25,[6]HISTOJUIL23!$A$7:$AU$45,16,0) -> 0 | N25: =IF(M25<>0,VLOOKUP($A25,[6]HISTOJUIL23!$A$7:$AU$45,8,0),"ECHEC") -> ECHEC | O25: =IF(R25=0,0,VLOOKUP($A25,[6]HISTOJUIL23!$A$7:$AU$45,32,0)) -> 0 | P25: =VLOOKUP($A25,[6]HISTOJUIL23!$A$7:$AU$45,33,0) -> 0 | Q25: =IF(R25=0,0,($C$3-R25)) -> 0 | R25: =VLOOKUP($A25,[6]HISTOJUIL23!$A$7:$AU$45,29,0) -> 0
A26: AS201656 | B26: =IF(D26=0,0,VLOOKUP($A26,[6]HISTOJUIL23!$A$6:$BO$40,10,0)) -> 1 | C26: =VLOOKUP(A26,[7]LISTADHERENT!A$5:H$60,3,0) -> NOUBE ETIENNE | D26: =IF(G26="ECHEC",0,B$3) -> 25000 | E26: =D26+VLOOKUP($A26,[6]HISTOJUIL23!$A$7:$AU$40,45,0)+F26 -> 50000 | F26: =VLOOKUP($A26,[6]HISTOJUIL23!$A$7:$AU$45,7,0) -> 0 | G26: =VLOOKUP($A26,[6]HISTOJUIL23!$A$7:$AU$45,8,0) -> BANQUE | H26: =VLOOKUP($A26,[6]HISTOJUIL23!$A$6:$AU$45,35,0) -> 0 | I26: =VLOOKUP($A26,[6]HISTOJUIL23!$A$7:$AU$45,38,0) -> 0 | J26: =IF(I26=0,0,VLOOKUP($A26,[6]HISTOJUIL23!$A$7:$AU$45,42,0)) -> 0 | K26: =VLOOKUP($A26,[6]HISTOJUIL23!$A$7:$AU$45,41,0) -> 0 | L26: =TONTJUIN23!H26+TONTJUIN23!I26 -> 0 | M26: =VLOOKUP($A26,[6]HISTOJUIL23!$A$7:$AU$45,16,0) -> 0 | N26: =IF(M26<>0,VLOOKUP($A26,[6]HISTOJUIL23!$A$7:$AU$45,8,0),"ECHEC") -> ECHEC | O26: =IF(R26=0,0,VLOOKUP($A26,[6]HISTOJUIL23!$A$7:$AU$45,32,0)) -> 0 | P26: =VLOOKUP($A26,[6]HISTOJUIL23!$A$7:$AU$45,33,0) -> 0 | Q26: =IF(R26=0,0,($C$3-R26)) -> 0 | R26: =VLOOKUP($A26,[6]HISTOJUIL23!$A$7:$AU$45,29,0) -> 0
A27: AS201633 | B27: =IF(D27=0,0,VLOOKUP($A27,[6]HISTOJUIL23!$A$6:$BO$40,10,0)) -> 1 | C27: =VLOOKUP(A27,[7]LISTADHERENT!A$5:H$60,3,0) -> PATEGO NJOSSU GUSTAVE | D27: =IF(G27="ECHEC",0,B$3) -> 25000 | E27: =D27+VLOOKUP($A27,[6]HISTOJUIL23!$A$7:$AU$40,45,0)+F27 -> 40000 | F27: =VLOOKUP($A27,[6]HISTOJUIL23!$A$7:$AU$45,7,0) -> 0 | G27: =VLOOKUP($A27,[6]HISTOJUIL23!$A$7:$AU$45,8,0) -> BANQUE | H27: =VLOOKUP($A27,[6]HISTOJUIL23!$A$6:$AU$45,35,0) -> 0 | I27: =VLOOKUP($A27,[6]HISTOJUIL23!$A$7:$AU$45,38,0) -> 0 | J27: =IF(I27=0,0,VLOOKUP($A27,[6]HISTOJUIL23!$A$7:$AU$45,42,0)) -> 0 | K27: =VLOOKUP($A27,[6]HISTOJUIL23!$A$7:$AU$45,41,0) -> 0 | L27: =TONTJUIN23!H27+TONTJUIN23!I27 -> 0 | M27: =VLOOKUP($A27,[6]HISTOJUIL23!$A$7:$AU$45,16,0) -> 0 | N27: =IF(M27<>0,VLOOKUP($A27,[6]HISTOJUIL23!$A$7:$AU$45,8,0),"ECHEC") -> ECHEC | O27: =IF(R27=0,0,VLOOKUP($A27,[6]HISTOJUIL23!$A$7:$AU$45,32,0)) -> 0 | P27: =VLOOKUP($A27,[6]HISTOJUIL23!$A$7:$AU$45,33,0) -> 0 | Q27: =IF(R27=0,0,($C$3-R27)) -> 0 | R27: =VLOOKUP($A27,[6]HISTOJUIL23!$A$7:$AU$45,29,0) -> 0
A28: AS201657 | B28: =IF(D28=0,0,VLOOKUP($A28,[6]HISTOJUIL23!$A$6:$BO$40,10,0)) -> 1 | C28: =VLOOKUP(A28,[7]LISTADHERENT!A$5:H$60,3,0) -> SEUMO POLYCARPE | D28: =IF(G28="ECHEC",0,B$3) -> 25000 | E28: =D28+VLOOKUP($A28,[6]HISTOJUIL23!$A$7:$AU$40,45,0)+F28 -> 40000 | F28: =VLOOKUP($A28,[6]HISTOJUIL23!$A$7:$AU$45,7,0) -> 0 | G28: =VLOOKUP($A28,[6]HISTOJUIL23!$A$7:$AU$45,8,0) -> BANQUE | H28: =VLOOKUP($A28,[6]HISTOJUIL23!$A$6:$AU$45,35,0) -> 0 | I28: =VLOOKUP($A28,[6]HISTOJUIL23!$A$7:$AU$45,38,0) -> 0 | J28: =IF(I28=0,0,VLOOKUP($A28,[6]HISTOJUIL23!$A$7:$AU$45,42,0)) -> 0 | K28: =VLOOKUP($A28,[6]HISTOJUIL23!$A$7:$AU$45,41,0) -> 0 | L28: =TONTJUIN23!H28+TONTJUIN23!I28 -> 0 | M28: =VLOOKUP($A28,[6]HISTOJUIL23!$A$7:$AU$45,16,0) -> 0 | N28: =IF(M28<>0,VLOOKUP($A28,[6]HISTOJUIL23!$A$7:$AU$45,8,0),"ECHEC") -> ECHEC | O28: =IF(R28=0,0,VLOOKUP($A28,[6]HISTOJUIL23!$A$7:$AU$45,32,0)) -> 0 | P28: =VLOOKUP($A28,[6]HISTOJUIL23!$A$7:$AU$45,33,0) -> 0 | Q28: =IF(R28=0,0,($C$3-R28)) -> 0 | R28: =VLOOKUP($A28,[6]HISTOJUIL23!$A$7:$AU$45,29,0) -> 0
A29: AS201653 | B29: =IF(D29=0,0,VLOOKUP($A29,[6]HISTOJUIL23!$A$6:$BO$40,10,0)) -> 1 | C29: =VLOOKUP(A29,[7]LISTADHERENT!A$5:H$60,3,0) -> SIME BRICE | D29: =IF(G29="ECHEC",0,B$3) -> 25000 | E29: =D29+VLOOKUP($A29,[6]HISTOJUIL23!$A$7:$AU$40,45,0)+F29 -> 40000 | F29: =VLOOKUP($A29,[6]HISTOJUIL23!$A$7:$AU$45,7,0) -> 0 | G29: =VLOOKUP($A29,[6]HISTOJUIL23!$A$7:$AU$45,8,0) -> BANQUE | H29: =VLOOKUP($A29,[6]HISTOJUIL23!$A$6:$AU$45,35,0) -> 0 | I29: =VLOOKUP($A29,[6]HISTOJUIL23!$A$7:$AU$45,38,0) -> 0 | J29: =IF(I29=0,0,VLOOKUP($A29,[6]HISTOJUIL23!$A$7:$AU$45,42,0)) -> 0 | K29: =VLOOKUP($A29,[6]HISTOJUIL23!$A$7:$AU$45,41,0) -> 0 | L29: =TONTJUIN23!H29+TONTJUIN23!I29 -> 0 | M29: =VLOOKUP($A29,[6]HISTOJUIL23!$A$7:$AU$45,16,0) -> 0 | N29: =IF(M29<>0,VLOOKUP($A29,[6]HISTOJUIL23!$A$7:$AU$45,8,0),"ECHEC") -> ECHEC | O29: =IF(R29=0,0,VLOOKUP($A29,[6]HISTOJUIL23!$A$7:$AU$45,32,0)) -> 0 | P29: =VLOOKUP($A29,[6]HISTOJUIL23!$A$7:$AU$45,33,0) -> 0 | Q29: =IF(R29=0,0,($C$3-R29)) -> 0 | R29: =VLOOKUP($A29,[6]HISTOJUIL23!$A$7:$AU$45,29,0) -> 0
A30: AS201638 | B30: =IF(D30=0,0,VLOOKUP($A30,[6]HISTOJUIL23!$A$6:$BO$40,10,0)) -> 1 | C30: =VLOOKUP(A30,[7]LISTADHERENT!A$5:H$60,3,0) -> SIMO PIERRE | D30: =IF(G30="ECHEC",0,B$3) -> 25000 | E30: =D30+VLOOKUP($A30,[6]HISTOJUIL23!$A$7:$AU$40,45,0)+F30 -> 40000 | F30: =VLOOKUP($A30,[6]HISTOJUIL23!$A$7:$AU$45,7,0) -> 0 | G30: =VLOOKUP($A30,[6]HISTOJUIL23!$A$7:$AU$45,8,0) -> BANQUE | H30: =VLOOKUP($A30,[6]HISTOJUIL23!$A$6:$AU$45,35,0) -> 0 | I30: =VLOOKUP($A30,[6]HISTOJUIL23!$A$7:$AU$45,38,0) -> 0 | J30: =IF(I30=0,0,VLOOKUP($A30,[6]HISTOJUIL23!$A$7:$AU$45,42,0)) -> 0 | K30: =VLOOKUP($A30,[6]HISTOJUIL23!$A$7:$AU$45,41,0) -> 0 | L30: =TONTJUIN23!H30+TONTJUIN23!I30 -> 0 | M30: =VLOOKUP($A30,[6]HISTOJUIL23!$A$7:$AU$45,16,0) -> 0 | N30: =IF(M30<>0,VLOOKUP($A30,[6]HISTOJUIL23!$A$7:$AU$45,8,0),"ECHEC") -> ECHEC | O30: =IF(R30=0,0,VLOOKUP($A30,[6]HISTOJUIL23!$A$7:$AU$45,32,0)) -> 0 | P30: =VLOOKUP($A30,[6]HISTOJUIL23!$A$7:$AU$45,33,0) -> 0 | Q30: =IF(R30=0,0,($C$3-R30)) -> 0 | R30: =VLOOKUP($A30,[6]HISTOJUIL23!$A$7:$AU$45,29,0) -> 0
A31: AS201641 | B31: =IF(D31=0,0,VLOOKUP($A31,[6]HISTOJUIL23!$A$6:$BO$40,10,0)) -> 1 | C31: =VLOOKUP(A31,[7]LISTADHERENT!A$5:H$60,3,0) -> TCHOUAMOU MATHIEU | D31: =IF(G31="ECHEC",0,B$3) -> 25000 | E31: =D31+VLOOKUP($A31,[6]HISTOJUIL23!$A$7:$AU$40,45,0)+F31 -> 40000 | F31: =VLOOKUP($A31,[6]HISTOJUIL23!$A$7:$AU$45,7,0) -> 0 | G31: =VLOOKUP($A31,[6]HISTOJUIL23!$A$7:$AU$45,8,0) -> BANQUE | H31: =VLOOKUP($A31,[6]HISTOJUIL23!$A$6:$AU$45,35,0) -> 0 | I31: =VLOOKUP($A31,[6]HISTOJUIL23!$A$7:$AU$45,38,0) -> 0 | J31: =IF(I31=0,0,VLOOKUP($A31,[6]HISTOJUIL23!$A$7:$AU$45,42,0)) -> 0 | K31: =VLOOKUP($A31,[6]HISTOJUIL23!$A$7:$AU$45,41,0) -> 0 | L31: =TONTJUIN23!H31+TONTJUIN23!I31 -> 0 | M31: =VLOOKUP($A31,[6]HISTOJUIL23!$A$7:$AU$45,16,0) -> 0 | N31: =IF(M31<>0,VLOOKUP($A31,[6]HISTOJUIL23!$A$7:$AU$45,8,0),"ECHEC") -> ECHEC | O31: =IF(R31=0,0,VLOOKUP($A31,[6]HISTOJUIL23!$A$7:$AU$45,32,0)) -> BANQUE | P31: =VLOOKUP($A31,[6]HISTOJUIL23!$A$7:$AU$45,33,0) -> 0 | Q31: =IF(R31=0,0,($C$3-R31)) -> 297500 | R31: =VLOOKUP($A31,[6]HISTOJUIL23!$A$7:$AU$45,29,0) -> 2500
A32: AS201643 | B32: =IF(D32=0,0,VLOOKUP($A32,[6]HISTOJUIL23!$A$6:$BO$40,10,0)) -> 1 | C32: =VLOOKUP(A32,[7]LISTADHERENT!A$5:H$60,3,0) -> TCHOUTOU NANA CLAUDE | D32: =IF(G32="ECHEC",0,B$3) -> 25000 | E32: =D32+VLOOKUP($A32,[6]HISTOJUIL23!$A$7:$AU$40,45,0)+F32 -> 40000 | F32: =VLOOKUP($A32,[6]HISTOJUIL23!$A$7:$AU$45,7,0) -> 0 | G32: =VLOOKUP($A32,[6]HISTOJUIL23!$A$7:$AU$45,8,0) -> BANQUE | H32: =VLOOKUP($A32,[6]HISTOJUIL23!$A$6:$AU$45,35,0) -> 0 | I32: =VLOOKUP($A32,[6]HISTOJUIL23!$A$7:$AU$45,38,0) -> 0 | J32: =IF(I32=0,0,VLOOKUP($A32,[6]HISTOJUIL23!$A$7:$AU$45,42,0)) -> 0 | K32: =VLOOKUP($A32,[6]HISTOJUIL23!$A$7:$AU$45,41,0) -> 0 | L32: =TONTJUIN23!H32+TONTJUIN23!I32 -> 0 | M32: =VLOOKUP($A32,[6]HISTOJUIL23!$A$7:$AU$45,16,0) -> 0 | N32: =IF(M32<>0,VLOOKUP($A32,[6]HISTOJUIL23!$A$7:$AU$45,8,0),"ECHEC") -> ECHEC | O32: =IF(R32=0,0,VLOOKUP($A32,[6]HISTOJUIL23!$A$7:$AU$45,32,0)) -> 0 | P32: =VLOOKUP($A32,[6]HISTOJUIL23!$A$7:$AU$45,33,0) -> 0 | Q32: =IF(R32=0,0,($C$3-R32)) -> 0 | R32: =VLOOKUP($A32,[6]HISTOJUIL23!$A$7:$AU$45,29,0) -> 0
A33: AS201658 | B33: =IF(D33=0,0,VLOOKUP($A33,[6]HISTOJUIL23!$A$6:$BO$40,10,0)) -> 1 | C33: =VLOOKUP(A33,[7]LISTADHERENT!A$5:H$60,3,0) -> YANTCHOU GERVAIS | D33: =IF(G33="ECHEC",0,B$3) -> 25000 | E33: =D33+VLOOKUP($A33,[6]HISTOJUIL23!$A$7:$AU$40,45,0)+F33 -> 100000 | F33: =VLOOKUP($A33,[6]HISTOJUIL23!$A$7:$AU$45,7,0) -> 0 | G33: =VLOOKUP($A33,[6]HISTOJUIL23!$A$7:$AU$45,8,0) -> BANQUE | H33: =VLOOKUP($A33,[6]HISTOJUIL23!$A$6:$AU$45,35,0) -> 0 | I33: =VLOOKUP($A33,[6]HISTOJUIL23!$A$7:$AU$45,38,0) -> 0 | J33: =IF(I33=0,0,VLOOKUP($A33,[6]HISTOJUIL23!$A$7:$AU$45,42,0)) -> 0 | K33: =VLOOKUP($A33,[6]HISTOJUIL23!$A$7:$AU$45,41,0) -> 0 | L33: =TONTJUIN23!H33+TONTJUIN23!I33 -> 0 | M33: =VLOOKUP($A33,[6]HISTOJUIL23!$A$7:$AU$45,16,0) -> 0 | N33: =IF(M33<>0,VLOOKUP($A33,[6]HISTOJUIL23!$A$7:$AU$45,8,0),"ECHEC") -> ECHEC | O33: =IF(R33=0,0,VLOOKUP($A33,[6]HISTOJUIL23!$A$7:$AU$45,32,0)) -> 0 | P33: =VLOOKUP($A33,[6]HISTOJUIL23!$A$7:$AU$45,33,0) -> 0 | Q33: =IF(R33=0,0,($C$3-R33)) -> 0 | R33: =VLOOKUP($A33,[6]HISTOJUIL23!$A$7:$AU$45,29,0) -> 0
A34: AS201646 | B34: =IF(D34=0,0,VLOOKUP($A34,[6]HISTOJUIL23!$A$6:$BO$40,10,0)) -> 1 | C34: =VLOOKUP(A34,[7]LISTADHERENT!A$5:H$60,3,0) -> YEPMOU JEAN JACQUES | D34: =IF(G34="ECHEC",0,B$3) -> 25000 | E34: =D34+VLOOKUP($A34,[6]HISTOJUIL23!$A$7:$AU$40,45,0)+F34 -> 40000 | F34: =VLOOKUP($A34,[6]HISTOJUIL23!$A$7:$AU$45,7,0) -> 0 | G34: =VLOOKUP($A34,[6]HISTOJUIL23!$A$7:$AU$45,8,0) -> BANQUE | H34: =VLOOKUP($A34,[6]HISTOJUIL23!$A$6:$AU$45,35,0) -> 0 | I34: =VLOOKUP($A34,[6]HISTOJUIL23!$A$7:$AU$45,38,0) -> 0 | J34: =IF(I34=0,0,VLOOKUP($A34,[6]HISTOJUIL23!$A$7:$AU$45,42,0)) -> 0 | K34: =VLOOKUP($A34,[6]HISTOJUIL23!$A$7:$AU$45,41,0) -> 0 | L34: =TONTJUIN23!H34+TONTJUIN23!I34 -> 0 | M34: =VLOOKUP($A34,[6]HISTOJUIL23!$A$7:$AU$45,16,0) -> 0 | N34: =IF(M34<>0,VLOOKUP($A34,[6]HISTOJUIL23!$A$7:$AU$45,8,0),"ECHEC") -> ECHEC | O34: =IF(R34=0,0,VLOOKUP($A34,[6]HISTOJUIL23!$A$7:$AU$45,32,0)) -> 0 | P34: =VLOOKUP($A34,[6]HISTOJUIL23!$A$7:$AU$45,33,0) -> 0 | Q34: =IF(R34=0,0,($C$3-R34)) -> 0 | R34: =VLOOKUP($A34,[6]HISTOJUIL23!$A$7:$AU$45,29,0) -> 0
A35: AS201647 | B35: =IF(D35=0,0,VLOOKUP($A35,[6]HISTOJUIL23!$A$6:$BO$40,10,0)) -> 1 | C35: =VLOOKUP(A35,[7]LISTADHERENT!A$5:H$60,3,0) -> YOUMBI EMMANUEL | D35: =IF(G35="ECHEC",0,B$3) -> 25000 | E35: =D35+VLOOKUP($A35,[6]HISTOJUIL23!$A$7:$AU$40,45,0)+F35 -> 40000 | F35: =VLOOKUP($A35,[6]HISTOJUIL23!$A$7:$AU$45,7,0) -> 0 | G35: =VLOOKUP($A35,[6]HISTOJUIL23!$A$7:$AU$45,8,0) -> BANQUE | H35: =VLOOKUP($A35,[6]HISTOJUIL23!$A$6:$AU$45,35,0) -> 0 | I35: =VLOOKUP($A35,[6]HISTOJUIL23!$A$7:$AU$45,38,0) -> 0 | J35: =IF(I35=0,0,VLOOKUP($A35,[6]HISTOJUIL23!$A$7:$AU$45,42,0)) -> 0 | K35: =VLOOKUP($A35,[6]HISTOJUIL23!$A$7:$AU$45,41,0) -> 0 | L35: =TONTJUIN23!H35+TONTJUIN23!I35 -> 0 | M35: =VLOOKUP($A35,[6]HISTOJUIL23!$A$7:$AU$45,16,0) -> 0 | N35: =IF(M35<>0,VLOOKUP($A35,[6]HISTOJUIL23!$A$7:$AU$45,8,0),"ECHEC") -> ECHEC | O35: =IF(R35=0,0,VLOOKUP($A35,[6]HISTOJUIL23!$A$7:$AU$45,32,0)) -> 0 | P35: =VLOOKUP($A35,[6]HISTOJUIL23!$A$7:$AU$45,33,0) -> 0 | Q35: =IF(R35=0,0,($C$3-R35)) -> 0 | R35: =VLOOKUP($A35,[6]HISTOJUIL23!$A$7:$AU$45,29,0) -> 0
A37: TOTAL PART | B37: =SUM(B6:B36) -> 30
A38: NBRE ADHERENT | B38: =COUNT(D6:D35) -> 30 | D38: =SUM(D6:D37) -> 750000 | E38: =SUM(E6:E37) -> 1353300 | F38: =SUM(F6:F37) -> 15000 | H38: =SUM(H6:H37) -> 61000 | I38: =SUM(I6:I37) -> 0 | J38: =SUM(J6:J37) -> 0 | K38: =SUM(K6:K37) -> 0 | L38: =SUM(L6:L37) -> 152500 | M38: =SUM(M6:M37) -> 152500 | N38: =SUM(N6:N37) -> 0 | O38: =SUM(O6:O37) -> 0 | ... R38: =SUM(R6:R37) -> 8000
N39: NBRE PART | O39: PART VENDUE
D40: MONTANT TONTINE | E40: MONTANT VERSE | G40: REMBOURSEMENT PETIT LOT | H40: VENTE PETIT LOT | I40: VENTE LOT PRINCIPAL | J40: SOLDE EN CAISSE | L40: TONTINE + REMB + INTERET VENTE | M40: =D44+G44+R38+TONTJUIN23!O45 -> 951000
D41: =SUMIFS(D6:D37,G6:G37,"ESPECES") -> 50000 | E41: =SUMIFS(E6:E37,G6:G37,"ESPECES") -> 83000 | F41: ESPECES | G41: =SUMIFS(M6:M35,N6:N35,"ESPECES") -> 0 | H41: =SUMIFS(H6:H37,J6:J37,"ESPECES") -> 0 | I41: =SUMIFS(Q6:Q37,O6:O37,"ESPECES") -> 0 | J41: =D41+G41-H41-I41 -> 50000 | L41: LOT PRINCIPAL | M41: =C3*COUNTIF(Q6:Q37,">0") -> 900000 | N41: =D3 -> 3 | O41: =COUNTIF(Q6:Q35,">0") -> 3
D42: =SUMIFS(D6:D37,G6:G37,"BANQUE") -> 700000 | E42: =SUMIFS(E6:E38,G6:G38,"BANQUE") -> 1270300 | F42: BANQUE | G42: =SUMIFS(M6:M35,N6:N35,"BANQUE") -> 152500 | H42: =SUMIFS(H6:H37,J6:J37,"BANQUE") -> 0 | I42: =SUMIFS(Q6:Q37,O6:O37,"BANQUE") -> 892000 | J42: =D42+G42-H42-I42 -> -39500
L43: PETIT LOT | M43: =M40-M41 -> 51000
D44: =D41+D42 -> 750000 | E44: =E41+E42 -> 1353300 | F44: TOTAL | G44: =G41+G42 -> 152500 | H44: =H41+H42 -> 0 | I44: =I41+I42 -> 892000 | J44: =J41+J42 -> 10500
F45: TOTAL+DEPOT | L45: RELIQUAT | M45: =M43-H38 -> -10000 | O45: =TONTJUIL23!M45 -> -10000 | P45: CUMUL
L47: ECHEC TONTINE MOIS | M47: =COUNTIFS(G6:G36,"ECHEC")*25000 -> 0 | O47: =TONTJUIN23!O47+TONTJUIL23!M47 -> 0 | P47: CUMUL
L48: ECHEC REMBOURSEMENT MOIS | M48: =L38-G44 -> 0 | O48: =TONTJUIN23!O48+TONTJUIL23!M48 -> 0 | P48: CUMUL

Sheet TONTAOUT23
A1: ASSOCIATION | B1: ASELBY
A2: ANNEE | B2: 2023 | C2: TONIINE | D2: NBRE PART
A3: TAUX TONTINE | B3: 25000 | C3: =B3*12 -> 300000 | D3: =ROUNDDOWN(M40/C3,0) -> 2
C4: 45151
A5: MATRICULE | B5: NBREPART | C5: NOM ET PRENOM | D5: MONTANT TONTINE | E5: MONTANT VERSE | F5: PENALITE VERSEMENT ESPECES | G5: MODE VERSEMENT | H5: VENTE PETIT LOT | I5: INTERET PETIT LOT | J5: MODE VERSEMENT VENTE PETIT LOT | K5: NUMERO CHEQUE | L5: MONTANT A REMBOURSER PETIT LOT | M5: REMBOURSEMENT PETIT LOT | N5: MODE VERSEMENT REMBOURSEMENT | O5: MODE VERSEMENTLOT PRINCIPAL | P5: NUMERO CHEQUE | Q5: MONTANT LOT PRINCIPAL | R5: INTERET LOT PRINCIPAL
A6: AS201601 | B6: =IF(D6=0,0,VLOOKUP($A6,[6]HISTOAOUT23!$A$6:$BO$40,10,0)) -> 1 | C6: =VLOOKUP(A6,[7]LISTADHERENT!A$5:H$60,3,0) -> BAKOP ACHILLE | D6: =IF(G6="ECHEC",0,B$3) -> 25000 | E6: =D6+VLOOKUP($A6,[6]HISTOAOUT23!$A$7:$AU$40,45,0)+F6 -> 40000 | F6: =VLOOKUP($A6,[6]HISTOAOUT23!$A$7:$AU$45,7,0) -> 0 | G6: =VLOOKUP($A6,[6]HISTOAOUT23!$A$7:$AU$45,8,0) -> BANQUE | H6: =VLOOKUP($A6,[6]HISTOAOUT23!$A$6:$AU$45,35,0) -> 0 | I6: =VLOOKUP($A6,[6]HISTOAOUT23!$A$7:$AU$45,38,0) -> 0 | J6: =IF(I6=0,0,VLOOKUP($A6,[6]HISTOAOUT23!$A$7:$AU$45,42,0)) -> 0 | K6: =VLOOKUP($A6,[6]HISTOAOUT23!$A$7:$AU$45,41,0) -> 0 | L6: =TONTJUIL23!H6+TONTJUIL23!I6 -> 0 | M6: =VLOOKUP($A6,[6]HISTOAOUT23!$A$7:$AU$45,16,0) -> 0 | N6: =IF(M6<>0,VLOOKUP($A6,[6]HISTOAOUT23!$A$7:$AU$45,8,0),"ECHEC") -> ECHEC | O6: =IF(R6=0,0,VLOOKUP($A6,[6]HISTOAOUT23!$A$7:$AU$45,32,0)) -> 0 | P6: =VLOOKUP($A6,[6]HISTOAOUT23!$A$7:$AU$45,33,0) -> 0 | Q6: =IF(R6=0,0,($C$3-R6)) -> 0 | R6: =VLOOKUP($A6,[6]HISTOAOUT23!$A$7:$AU$45,29,0) -> 0
A7: AS201602 | B7: =IF(D7=0,0,VLOOKUP($A7,[6]HISTOAOUT23!$A$6:$BO$40,10,0)) -> 1 | C7: =VLOOKUP(A7,[7]LISTADHERENT!A$5:H$60,3,0) -> BOUTCHOUANG WILLIAM | D7: =IF(G7="ECHEC",0,B$3) -> 25000 | E7: =D7+VLOOKUP($A7,[6]HISTOAOUT23!$A$7:$AU$40,45,0)+F7 -> 40000 | F7: =VLOOKUP($A7,[6]HISTOAOUT23!$A$7:$AU$45,7,0) -> 0 | G7: =VLOOKUP($A7,[6]HISTOAOUT23!$A$7:$AU$45,8,0) -> BANQUE | H7: =VLOOKUP($A7,[6]HISTOAOUT23!$A$6:$AU$45,35,0) -> 0 | I7: =VLOOKUP($A7,[6]HISTOAOUT23!$A$7:$AU$45,38,0) -> 0 | J7: =IF(I7=0,0,VLOOKUP($A7,[6]HISTOAOUT23!$A$7:$AU$45,42,0)) -> 0 | K7: =VLOOKUP($A7,[6]HISTOAOUT23!$A$7:$AU$45,41,0) -> 0 | L7: =TONTJUIL23!H7+TONTJUIL23!I7 -> 0 | M7: =VLOOKUP($A7,[6]HISTOAOUT23!$A$7:$AU$45,16,0) -> 0 | N7: =IF(M7<>0,VLOOKUP($A7,[6]HISTOAOUT23!$A$7:$AU$45,8,0),"ECHEC") -> ECHEC | O7: =IF(R7=0,0,VLOOKUP($A7,[6]HISTOAOUT23!$A$7:$AU$45,32,0)) -> 0 | P7: =VLOOKUP($A7,[6]HISTOAOUT23!$A$7:$AU$45,33,0) -> 0 | Q7: =IF(R7=0,0,($C$3-R7)) -> 0 | R7: =VLOOKUP($A7,[6]HISTOAOUT23!$A$7:$AU$45,29,0) -> 0
A8: AS201604 | B8: =IF(D8=0,0,VLOOKUP($A8,[6]HISTOAOUT23!$A$6:$BO$40,10,0)) -> 1 | C8: =VLOOKUP(A8,[7]LISTADHERENT!A$5:H$60,3,0) -> DJOMO JEAN PAUL | D8: =IF(G8="ECHEC",0,B$3) -> 25000 | E8: =D8+VLOOKUP($A8,[6]HISTOAOUT23!$A$7:$AU$40,45,0)+F8 -> 40000 | F8: =VLOOKUP($A8,[6]HISTOAOUT23!$A$7:$AU$45,7,0) -> 0 | G8: =VLOOKUP($A8,[6]HISTOAOUT23!$A$7:$AU$45,8,0) -> BANQUE | H8: =VLOOKUP($A8,[6]HISTOAOUT23!$A$6:$AU$45,35,0) -> 0 | I8: =VLOOKUP($A8,[6]HISTOAOUT23!$A$7:$AU$45,38,0) -> 0 | J8: =IF(I8=0,0,VLOOKUP($A8,[6]HISTOAOUT23!$A$7:$AU$45,42,0)) -> 0 | K8: =VLOOKUP($A8,[6]HISTOAOUT23!$A$7:$AU$45,41,0) -> 0 | L8: =TONTJUIL23!H8+TONTJUIL23!I8 -> 0 | M8: =VLOOKUP($A8,[6]HISTOAOUT23!$A$7:$AU$45,16,0) -> 0 | N8: =IF(M8<>0,VLOOKUP($A8,[6]HISTOAOUT23!$A$7:$AU$45,8,0),"ECHEC") -> ECHEC | O8: =IF(R8=0,0,VLOOKUP($A8,[6]HISTOAOUT23!$A$7:$AU$45,32,0)) -> 0 | P8: =VLOOKUP($A8,[6]HISTOAOUT23!$A$7:$AU$45,33,0) -> 0 | Q8: =IF(R8=0,0,($C$3-R8)) -> 0 | R8: =VLOOKUP($A8,[6]HISTOAOUT23!$A$7:$AU$45,29,0) -> 0
A9: AS201654 | B9: =IF(D9=0,0,VLOOKUP($A9,[6]HISTOAOUT23!$A$6:$BO$40,10,0)) -> 1 | C9: =VLOOKUP(A9,[7]LISTADHERENT!A$5:H$60,3,0) -> DJOMOU TCHAPDA | D9: =IF(G9="ECHEC",0,B$3) -> 25000 | E9: =D9+VLOOKUP($A9,[6]HISTOAOUT23!$A$7:$AU$40,45,0)+F9 -> 43000 | F9: =VLOOKUP($A9,[6]HISTOAOUT23!$A$7:$AU$45,7,0) -> 3000 | G9: =VLOOKUP($A9,[6]HISTOAOUT23!$A$7:$AU$45,8,0) -> ESPECES | H9: =VLOOKUP($A9,[6]HISTOAOUT23!$A$6:$AU$45,35,0) -> 0 | I9: =VLOOKUP($A9,[6]HISTOAOUT23!$A$7:$AU$45,38,0) -> 0 | J9: =IF(I9=0,0,VLOOKUP($A9,[6]HISTOAOUT23!$A$7:$AU$45,42,0)) -> 0 | K9: =VLOOKUP($A9,[6]HISTOAOUT23!$A$7:$AU$45,41,0) -> 0 | L9: =TONTJUIL23!H9+TONTJUIL23!I9 -> 0 | M9: =VLOOKUP($A9,[6]HISTOAOUT23!$A$7:$AU$45,16,0) -> 0 | N9: =IF(M9<>0,VLOOKUP($A9,[6]HISTOAOUT23!$A$7:$AU$45,8,0),"ECHEC") -> ECHEC | O9: =IF(R9=0,0,VLOOKUP($A9,[6]HISTOAOUT23!$A$7:$AU$45,32,0)) -> 0 | P9: =VLOOKUP($A9,[6]HISTOAOUT23!$A$7:$AU$45,33,0) -> 0 | Q9: =IF(R9=0,0,($C$3-R9)) -> 0 | R9: =VLOOKUP($A9,[6]HISTOAOUT23!$A$7:$AU$45,29,0) -> 0
A10: AS201605 | B10: =IF(D10=0,0,VLOOKUP($A10,[6]HISTOAOUT23!$A$6:$BO$40,10,0)) -> 1 | C10: =VLOOKUP(A10,[7]LISTADHERENT!A$5:H$60,3,0) -> DJOUKWE NANGUEN GUY BLAISE | D10: =IF(G10="ECHEC",0,B$3) -> 25000 | E10: =D10+VLOOKUP($A10,[6]HISTOAOUT23!$A$7:$AU$40,45,0)+F10 -> 40000 | F10: =VLOOKUP($A10,[6]HISTOAOUT23!$A$7:$AU$45,7,0) -> 0 | G10: =VLOOKUP($A10,[6]HISTOAOUT23!$A$7:$AU$45,8,0) -> BANQUE | H10: =VLOOKUP($A10,[6]HISTOAOUT23!$A$6:$AU$45,35,0) -> 61500 | I10: =VLOOKUP($A10,[6]HISTOAOUT23!$A$7:$AU$45,38,0) -> 1000 | J10: =IF(I10=0,0,VLOOKUP($A10,[6]HISTOAOUT23!$A$7:$AU$45,42,0)) -> BANQUE | K10: =VLOOKUP($A10,[6]HISTOAOUT23!$A$7:$AU$45,41,0) -> 0 | L10: =TONTJUIL23!H10+TONTJUIL23!I10 -> 0 | M10: =VLOOKUP($A10,[6]HISTOAOUT23!$A$7:$AU$45,16,0) -> 0 | N10: =IF(M10<>0,VLOOKUP($A10,[6]HISTOAOUT23!$A$7:$AU$45,8,0),"ECHEC") -> ECHEC | O10: =IF(R10=0,0,VLOOKUP($A10,[6]HISTOAOUT23!$A$7:$AU$45,32,0)) -> 0 | P10: =VLOOKUP($A10,[6]HISTOAOUT23!$A$7:$AU$45,33,0) -> 0 | Q10: =IF(R10=0,0,($C$3-R10)) -> 0 | R10: =VLOOKUP($A10,[6]HISTOAOUT23!$A$7:$AU$45,29,0) -> 0
A11: AS201608 | B11: =IF(D11=0,0,VLOOKUP($A11,[6]HISTOAOUT23!$A$6:$BO$40,10,0)) -> 1 | C11: =VLOOKUP(A11,[7]LISTADHERENT!A$5:H$60,3,0) -> DJUOMBESSY ANTOINE | D11: =IF(G11="ECHEC",0,B$3) -> 25000 | E11: =D11+VLOOKUP($A11,[6]HISTOAOUT23!$A$7:$AU$40,45,0)+F11 -> 45000 | F11: =VLOOKUP($A11,[6]HISTOAOUT23!$A$7:$AU$45,7,0) -> 0 | G11: =VLOOKUP($A11,[6]HISTOAOUT23!$A$7:$AU$45,8,0) -> BANQUE | H11: =VLOOKUP($A11,[6]HISTOAOUT23!$A$6:$AU$45,35,0) -> 0 | I11: =VLOOKUP($A11,[6]HISTOAOUT23!$A$7:$AU$45,38,0) -> 0 | J11: =IF(I11=0,0,VLOOKUP($A11,[6]HISTOAOUT23!$A$7:$AU$45,42,0)) -> 0 | K11: =VLOOKUP($A11,[6]HISTOAOUT23!$A$7:$AU$45,41,0) -> 0 | L11: =TONTJUIL23!H11+TONTJUIL23!I11 -> 0 | M11: =VLOOKUP($A11,[6]HISTOAOUT23!$A$7:$AU$45,16,0) -> 0 | N11: =IF(M11<>0,VLOOKUP($A11,[6]HISTOAOUT23!$A$7:$AU$45,8,0),"ECHEC") -> ECHEC | O11: =IF(R11=0,0,VLOOKUP($A11,[6]HISTOAOUT23!$A$7:$AU$45,32,0)) -> 0 | P11: =VLOOKUP($A11,[6]HISTOAOUT23!$A$7:$AU$45,33,0) -> 0 | Q11: =IF(R11=0,0,($C$3-R11)) -> 0 | R11: =VLOOKUP($A11,[6]HISTOAOUT23!$A$7:$AU$45,29,0) -> 0
A12: AS201651 | B12: =IF(D12=0,0,VLOOKUP($A12,[6]HISTOAOUT23!$A$6:$BO$40,10,0)) -> 1 | C12: =VLOOKUP(A12,[7]LISTADHERENT!A$5:H$60,3,0) -> DOMOU FABIEN | D12: =IF(G12="ECHEC",0,B$3) -> 25000 | E12: =D12+VLOOKUP($A12,[6]HISTOAOUT23!$A$7:$AU$40,45,0)+F12 -> 40000 | F12: =VLOOKUP($A12,[6]HISTOAOUT23!$A$7:$AU$45,7,0) -> 0 | G12: =VLOOKUP($A12,[6]HISTOAOUT23!$A$7:$AU$45,8,0) -> BANQUE | H12: =VLOOKUP($A12,[6]HISTOAOUT23!$A$6:$AU$45,35,0) -> 0 | I12: =VLOOKUP($A12,[6]HISTOAOUT23!$A$7:$AU$45,38,0) -> 0 | J12: =IF(I12=0,0,VLOOKUP($A12,[6]HISTOAOUT23!$A$7:$AU$45,42,0)) -> 0 | K12: =VLOOKUP($A12,[6]HISTOAOUT23!$A$7:$AU$45,41,0) -> 0 | L12: =TONTJUIL23!H12+TONTJUIL23!I12 -> 0 | M12: =VLOOKUP($A12,[6]HISTOAOUT23!$A$7:$AU$45,16,0) -> 0 | N12: =IF(M12<>0,VLOOKUP($A12,[6]HISTOAOUT23!$A$7:$AU$45,8,0),"ECHEC") -> ECHEC | O12: =IF(R12=0,0,VLOOKUP($A12,[6]HISTOAOUT23!$A$7:$AU$45,32,0)) -> 0 | P12: =VLOOKUP($A12,[6]HISTOAOUT23!$A$7:$AU$45,33,0) -> 0 | Q12: =IF(R12=0,0,($C$3-R12)) -> 0 | R12: =VLOOKUP($A12,[6]HISTOAOUT23!$A$7:$AU$45,29,0) -> 0
A13: AS201609 | B13: =IF(D13=0,0,VLOOKUP($A13,[6]HISTOAOUT23!$A$6:$BO$40,10,0)) -> 1 | C13: =VLOOKUP(A13,[7]LISTADHERENT!A$5:H$60,3,0) -> DONHOU DAVID | D13: =IF(G13="ECHEC",0,B$3) -> 25000 | E13: =D13+VLOOKUP($A13,[6]HISTOAOUT23!$A$7:$AU$40,45,0)+F13 -> 40000 | F13: =VLOOKUP($A13,[6]HISTOAOUT23!$A$7:$AU$45,7,0) -> 0 | G13: =VLOOKUP($A13,[6]HISTOAOUT23!$A$7:$AU$45,8,0) -> BANQUE | H13: =VLOOKUP($A13,[6]HISTOAOUT23!$A$6:$AU$45,35,0) -> 0 | I13: =VLOOKUP($A13,[6]HISTOAOUT23!$A$7:$AU$45,38,0) -> 0 | J13: =IF(I13=0,0,VLOOKUP($A13,[6]HISTOAOUT23!$A$7:$AU$45,42,0)) -> 0 | K13: =VLOOKUP($A13,[6]HISTOAOUT23!$A$7:$AU$45,41,0) -> 0 | L13: =TONTJUIL23!H13+TONTJUIL23!I13 -> 0 | M13: =VLOOKUP($A13,[6]HISTOAOUT23!$A$7:$AU$45,16,0) -> 0 | N13: =IF(M13<>0,VLOOKUP($A13,[6]HISTOAOUT23!$A$7:$AU$45,8,0),"ECHEC") -> ECHEC | O13: =IF(R13=0,0,VLOOKUP($A13,[6]HISTOAOUT23!$A$7:$AU$45,32,0)) -> 0 | P13: =VLOOKUP($A13,[6]HISTOAOUT23!$A$7:$AU$45,33,0) -> 0 | Q13: =IF(R13=0,0,($C$3-R13)) -> 0 | R13: =VLOOKUP($A13,[6]HISTOAOUT23!$A$7:$AU$45,29,0) -> 0
A14: AS201611 | B14: =IF(D14=0,0,VLOOKUP($A14,[6]HISTOAOUT23!$A$6:$BO$40,10,0)) -> 1 | C14: =VLOOKUP(A14,[7]LISTADHERENT!A$5:H$60,3,0) -> HENGUE PAUL OMER | D14: =IF(G14="ECHEC",0,B$3) -> 25000 | E14: =D14+VLOOKUP($A14,[6]HISTOAOUT23!$A$7:$AU$40,45,0)+F14 -> 40000 | F14: =VLOOKUP($A14,[6]HISTOAOUT23!$A$7:$AU$45,7,0) -> 0 | G14: =VLOOKUP($A14,[6]HISTOAOUT23!$A$7:$AU$45,8,0) -> BANQUE | H14: =VLOOKUP($A14,[6]HISTOAOUT23!$A$6:$AU$45,35,0) -> 0 | I14: =VLOOKUP($A14,[6]HISTOAOUT23!$A$7:$AU$45,38,0) -> 0 | J14: =IF(I14=0,0,VLOOKUP($A14,[6]HISTOAOUT23!$A$7:$AU$45,42,0)) -> 0 | K14: =VLOOKUP($A14,[6]HISTOAOUT23!$A$7:$AU$45,41,0) -> 0 | L14: =TONTJUIL23!H14+TONTJUIL23!I14 -> 0 | M14: =VLOOKUP($A14,[6]HISTOAOUT23!$A$7:$AU$45,16,0) -> 0 | N14: =IF(M14<>0,VLOOKUP($A14,[6]HISTOAOUT23!$A$7:$AU$45,8,0),"ECHEC") -> ECHEC | O14: =IF(R14=0,0,VLOOKUP($A14,[6]HISTOAOUT23!$A$7:$AU$45,32,0)) -> 0 | P14: =VLOOKUP($A14,[6]HISTOAOUT23!$A$7:$AU$45,33,0) -> 0 | Q14: =IF(R14=0,0,($C$3-R14)) -> 0 | R14: =VLOOKUP($A14,[6]HISTOAOUT23!$A$7:$AU$45,29,0) -> 0
A15: AS201613 | B15: =IF(D15=0,0,VLOOKUP($A15,[6]HISTOAOUT23!$A$6:$BO$40,10,0)) -> 1 | C15: =VLOOKUP(A15,[7]LISTADHERENT!A$5:H$60,3,0) -> HOTCHO BENJAMIN | D15: =IF(G15="ECHEC",0,B$3) -> 25000 | E15: =D15+VLOOKUP($A15,[6]HISTOAOUT23!$A$7:$AU$40,45,0)+F15 -> 75000 | F15: =VLOOKUP($A15,[6]HISTOAOUT23!$A$7:$AU$45,7,0) -> 0 | G15: =VLOOKUP($A15,[6]HISTOAOUT23!$A$7:$AU$45,8,0) -> BANQUE | H15: =VLOOKUP($A15,[6]HISTOAOUT23!$A$6:$AU$45,35,0) -> 0 | I15: =VLOOKUP($A15,[6]HISTOAOUT23!$A$7:$AU$45,38,0) -> 0 | J15: =IF(I15=0,0,VLOOKUP($A15,[6]HISTOAOUT23!$A$7:$AU$45,42,0)) -> 0 | K15: =VLOOKUP($A15,[6]HISTOAOUT23!$A$7:$AU$45,41,0) -> 0 | L15: =TONTJUIL23!H15+TONTJUIL23!I15 -> 0 | M15: =VLOOKUP($A15,[6]HISTOAOUT23!$A$7:$AU$45,16,0) -> 0 | N15: =IF(M15<>0,VLOOKUP($A15,[6]HISTOAOUT23!$A$7:$AU$45,8,0),"ECHEC") -> ECHEC | O15: =IF(R15=0,0,VLOOKUP($A15,[6]HISTOAOUT23!$A$7:$AU$45,32,0)) -> 0 | P15: =VLOOKUP($A15,[6]HISTOAOUT23!$A$7:$AU$45,33,0) -> 0 | Q15: =IF(R15=0,0,($C$3-R15)) -> 0 | R15: =VLOOKUP($A15,[6]HISTOAOUT23!$A$7:$AU$45,29,0) -> 0
A16: AS201617 | B16: =IF(D16=0,0,VLOOKUP($A16,[6]HISTOAOUT23!$A$6:$BO$40,10,0)) -> 1 | C16: =VLOOKUP(A16,[7]LISTADHERENT!A$5:H$60,3,0) -> KOUAMOU MOISE | D16: =IF(G16="ECHEC",0,B$3) -> 25000 | E16: =D16+VLOOKUP($A16,[6]HISTOAOUT23!$A$7:$AU$40,45,0)+F16 -> 40000 | F16: =VLOOKUP($A16,[6]HISTOAOUT23!$A$7:$AU$45,7,0) -> 0 | G16: =VLOOKUP($A16,[6]HISTOAOUT23!$A$7:$AU$45,8,0) -> BANQUE | H16: =VLOOKUP($A16,[6]HISTOAOUT23!$A$6:$AU$45,35,0) -> 0 | I16: =VLOOKUP($A16,[6]HISTOAOUT23!$A$7:$AU$45,38,0) -> 0 | J16: =IF(I16=0,0,VLOOKUP($A16,[6]HISTOAOUT23!$A$7:$AU$45,42,0)) -> 0 | K16: =VLOOKUP($A16,[6]HISTOAOUT23!$A$7:$AU$45,41,0) -> 0 | L16: =TONTJUIL23!H16+TONTJUIL23!I16 -> 0 | M16: =VLOOKUP($A16,[6]HISTOAOUT23!$A$7:$AU$45,16,0) -> 0 | N16: =IF(M16<>0,VLOOKUP($A16,[6]HISTOAOUT23!$A$7:$AU$45,8,0),"ECHEC") -> ECHEC | O16: =IF(R16=0,0,VLOOKUP($A16,[6]HISTOAOUT23!$A$7:$AU$45,32,0)) -> 0 | P16: =VLOOKUP($A16,[6]HISTOAOUT23!$A$7:$AU$45,33,0) -> 0 | Q16: =IF(R16=0,0,($C$3-R16)) -> 0 | R16: =VLOOKUP($A16,[6]HISTOAOUT23!$A$7:$AU$45,29,0) -> 0
A17: AS201619 | B17: =IF(D17=0,0,VLOOKUP($A17,[6]HISTOAOUT23!$A$6:$BO$40,10,0)) -> 1 | C17: =VLOOKUP(A17,[7]LISTADHERENT!A$5:H$60,3,0) -> KOUATCHO MESSACK | D17: =IF(G17="ECHEC",0,B$3) -> 25000 | E17: =D17+VLOOKUP($A17,[6]HISTOAOUT23!$A$7:$AU$40,45,0)+F17 -> 40000 | F17: =VLOOKUP($A17,[6]HISTOAOUT23!$A$7:$AU$45,7,0) -> 0 | G17: =VLOOKUP($A17,[6]HISTOAOUT23!$A$7:$AU$45,8,0) -> BANQUE | H17: =VLOOKUP($A17,[6]HISTOAOUT23!$A$6:$AU$45,35,0) -> 0 | I17: =VLOOKUP($A17,[6]HISTOAOUT23!$A$7:$AU$45,38,0) -> 0 | J17: =IF(I17=0,0,VLOOKUP($A17,[6]HISTOAOUT23!$A$7:$AU$45,42,0)) -> 0 | K17: =VLOOKUP($A17,[6]HISTOAOUT23!$A$7:$AU$45,41,0) -> 0 | L17: =TONTJUIL23!H17+TONTJUIL23!I17 -> 0 | M17: =VLOOKUP($A17,[6]HISTOAOUT23!$A$7:$AU$45,16,0) -> 0 | N17: =IF(M17<>0,VLOOKUP($A17,[6]HISTOAOUT23!$A$7:$AU$45,8,0),"ECHEC") -> ECHEC | O17: =IF(R17=0,0,VLOOKUP($A17,[6]HISTOAOUT23!$A$7:$AU$45,32,0)) -> 0 | P17: =VLOOKUP($A17,[6]HISTOAOUT23!$A$7:$AU$45,33,0) -> 0 | Q17: =IF(R17=0,0,($C$3-R17)) -> 0 | R17: =VLOOKUP($A17,[6]HISTOAOUT23!$A$7:$AU$45,29,0) -> 0
... A35: AS201647 | B35: =IF(D35=0,0,VLOOKUP($A35,[6]HISTOAOUT23!$A$6:$BO$40,10,0)) -> 1 | C35: =VLOOKUP(A35,[7]LISTADHERENT!A$5:H$60,3,0) -> YOUMBI EMMANUEL | D35: =IF(G35="ECHEC",0,B$3) -> 25000 | E35: =D35+VLOOKUP($A35,[6]HISTOAOUT23!$A$7:$AU$40,45,0)+F35 -> 40000 | F35: =VLOOKUP($A35,[6]HISTOAOUT23!$A$7:$AU$45,7,0) -> 0 | G35: =VLOOKUP($A35,[6]HISTOAOUT23!$A$7:$AU$45,8,0) -> BANQUE | H35: =VLOOKUP($A35,[6]HISTOAOUT23!$A$6:$AU$45,35,0) -> 0 | I35: =VLOOKUP($A35,[6]HISTOAOUT23!$A$7:$AU$45,38,0) -> 0 | J35: =IF(I35=0,0,VLOOKUP($A35,[6]HISTOAOUT23!$A$7:$AU$45,42,0)) -> 0 | K35: =VLOOKUP($A35,[6]HISTOAOUT23!$A$7:$AU$45,41,0) -> 0 | L35: =TONTJUIL23!H35+TONTJUIL23!I35 -> 0 | M35: =VLOOKUP($A35,[6]HISTOAOUT23!$A$7:$AU$45,16,0) -> 0 | N35: =IF(M35<>0,VLOOKUP($A35,[6]HISTOAOUT23!$A$7:$AU$45,8,0),"ECHEC") -> ECHEC | O35: =IF(R35=0,0,VLOOKUP($A35,[6]HISTOAOUT23!$A$7:$AU$45,32,0)) -> 0 | P35: =VLOOKUP($A35,[6]HISTOAOUT23!$A$7:$AU$45,33,0) -> 0 | Q35: =IF(R35=0,0,($C$3-R35)) -> 0 | R35: =VLOOKUP($A35,[6]HISTOAOUT23!$A$7:$AU$45,29,0) -> 0
A37: TOTAL PART | B37: =SUM(B6:B36) -> 30
A38: NBRE ADHERENT | B38: =COUNT(D6:D35) -> 30 | D38: =SUM(D6:D37) -> 750000 | E38: =SUM(E6:E37) -> 1336000 | F38: =SUM(F6:F37) -> 3000 | H38: =SUM(H6:H37) -> 181500 | I38: =SUM(I6:I37) -> 3000 | L38: =SUM(L6:L37) -> 61000 | M38: =SUM(M6:M37) -> 61000 | N38: =SUM(N6:N37) -> 0 | O38: =SUM(O6:O37) -> 0 | P38: =SUM(P6:P37) -> 0 | Q38: =SUM(Q6:Q37) -> 594500 | R38: =SUM(R6:R37) -> 5500
N39: NBRE PART | O39: PART VENDUE
D40: MONTANT TONTINE | E40: MONTANT VERSE | G40: REMBOURSEMENT PETIT LOT | H40: VENTE PETIT LOT | I40: VENTE LOT PRINCIPAL | J40: SOLDE EN CAISSE | L40: TONTINE + REMB + INTERET VENTE | M40: =D44+G44+R38+TONTJUIL23!O45 -> 806500
D41: =SUMIFS(D6:D37,G6:G37,"ESPECES") -> 25000 | E41: =SUMIFS(E6:E37,G6:G37,"ESPECES") -> 43000 | F41: ESPECES | G41: =SUMIFS(M6:M35,N6:N35,"ESPECES") -> 0 | H41: =SUMIFS(H6:H37,J6:J37,"ESPECES") -> 0 | I41: =SUMIFS(Q6:Q37,O6:O37,"ESPECES") -> 0 | J41: =D41+G41-H41-I41 -> 25000 | L41: LOT PRINCIPAL | M41: =C3*COUNTIF(Q6:Q37,">0") -> 600000 | N41: =D3 -> 2 | O41: =COUNTIF(Q6:Q35,">0") -> 2
D42: =SUMIFS(D6:D37,G6:G37,"BANQUE") -> 725000 | E42: =SUMIFS(E6:E38,G6:G38,"BANQUE") -> 1293000 | F42: BANQUE | G42: =SUMIFS(M6:M35,N6:N35,"BANQUE") -> 61000 | H42: =SUMIFS(H6:H37,J6:J37,"BANQUE") -> 181500 | I42: =SUMIFS(Q6:Q37,O6:O37,"BANQUE") -> 594500 | J42: =D42+G42-H42-I42 -> 10000
L43: PETIT LOT | M43: =M40-M41-63000 -> 143500
D44: =D41+D42 -> 750000 | E44: =E41+E42 -> 1336000 | F44: TOTAL | G44: =G41+G42 -> 61000 | H44: =H41+H42 -> 181500 | I44: =I41+I42 -> 594500 | J44: =J41+J42 -> 35000
F45: TOTAL+DEPOT | L45: RELIQUAT | M45: =M43-H38 -> -38000 | O45: =TONTAOUT23!M45 -> -38000 | P45: CUMUL
L47: ECHEC TONTINE MOIS | M47: =COUNTIFS(G6:G36,"ECHEC")*25000 -> 0 | O47: =TONTJUIL23!O47+TONTAOUT23!M47 -> 0 | P47: CUMUL
L48: ECHEC REMBOURSEMENT MOIS | M48: =L38-G44 -> 0 | O48: =TONTJUIL23!O48+TONTAOUT23!M48 -> 0 | P48: CUMUL

Sheet TONTSEPT23
A1: ASSOCIATION | B1: ASELBY
A2: ANNEE | B2: 2023 | C2: TONIINE | D2: NBRE PART
A3: TAUX TONTINE | B3: 25000 | C3: =B3*12 -> 300000 | D3: =ROUNDDOWN(M40/C3,0) -> 3
C4: 45182
A5: MATRICULE | B5: NBREPART | C5: NOM ET PRENOM | D5: MONTANT TONTINE | E5: MONTANT VERSE | F5: PENALITE VERSEMENT ESPECES | G5: MODE VERSEMENT | H5: VENTE PETIT LOT | I5: INTERET PETIT LOT | J5: MODE VERSEMENT VENTE PETIT LOT | K5: NUMERO CHEQUE | L5: MONTANT A REMBOURSER PETIT LOT | M5: REMBOURSEMENT PETIT LOT | N5: MODE VERSEMENT REMBOURSEMENT | O5: MODE VERSEMENTLOT PRINCIPAL | P5: NUMERO CHEQUE | Q5: MONTANT LOT PRINCIPAL | R5: INTERET LOT PRINCIPAL
A6: AS201601 | B6: =IF(D6=0,0,VLOOKUP($A6,[6]HISTOSEPT23!$A$6:$BO$40,10,0)) -> 1 | C6: =VLOOKUP(A6,[7]LISTADHERENT!A$5:H$60,3,0) -> BAKOP ACHILLE | D6: =IF(G6="ECHEC",0,B$3) -> 25000 | E6: =D6+VLOOKUP($A6,[6]HISTOSEPT23!$A$7:$AU$40,45,0)+F6 -> 40000 | F6: =VLOOKUP($A6,[6]HISTOSEPT23!$A$7:$AU$45,7,0) -> 0 | G6: =VLOOKUP($A6,[6]HISTOSEPT23!$A$7:$AU$45,8,0) -> BANQUE | H6: =VLOOKUP($A6,[6]HISTOSEPT23!$A$6:$AU$45,35,0) -> 0 | I6: =VLOOKUP($A6,[6]HISTOSEPT23!$A$7:$AU$45,38,0) -> 0 | J6: =IF(I6=0,0,VLOOKUP($A6,[6]HISTOSEPT23!$A$7:$AU$45,42,0)) -> 0 | K6: =VLOOKUP($A6,[6]HISTOSEPT23!$A$7:$AU$45,41,0) -> 0 | L6: =TONTAOUT23!H6+TONTAOUT23!I6 -> 0 | M6: =VLOOKUP($A6,[6]HISTOSEPT23!$A$7:$AU$45,16,0) -> 0 | N6: =IF(M6<>0,VLOOKUP($A6,[6]HISTOSEPT23!$A$7:$AU$45,8,0),"ECHEC") -> ECHEC | O6: =IF(R6=0,0,VLOOKUP($A6,[6]HISTOSEPT23!$A$7:$AU$45,32,0)) -> 0 | P6: =VLOOKUP($A6,[6]HISTOSEPT23!$A$7:$AU$45,33,0) -> 0 | Q6: =IF(R6=0,0,($C$3-R6)) -> 0 | R6: =VLOOKUP($A6,[6]HISTOSEPT23!$A$7:$AU$45,29,0) -> 0
A7: AS201602 | B7: =IF(D7=0,0,VLOOKUP($A7,[6]HISTOSEPT23!$A$6:$BO$40,10,0)) -> 1 | C7: =VLOOKUP(A7,[7]LISTADHERENT!A$5:H$60,3,0) -> BOUTCHOUANG WILLIAM | D7: =IF(G7="ECHEC",0,B$3) -> 25000 | E7: =D7+VLOOKUP($A7,[6]HISTOSEPT23!$A$7:$AU$40,45,0)+F7 -> 40000 | F7: =VLOOKUP($A7,[6]HISTOSEPT23!$A$7:$AU$45,7,0) -> 0 | G7: =VLOOKUP($A7,[6]HISTOSEPT23!$A$7:$AU$45,8,0) -> BANQUE | H7: =VLOOKUP($A7,[6]HISTOSEPT23!$A$6:$AU$45,35,0) -> 0 | I7: =VLOOKUP($A7,[6]HISTOSEPT23!$A$7:$AU$45,38,0) -> 0 | J7: =IF(I7=0,0,VLOOKUP($A7,[6]HISTOSEPT23!$A$7:$AU$45,42,0)) -> 0 | K7: =VLOOKUP($A7,[6]HISTOSEPT23!$A$7:$AU$45,41,0) -> 0 | L7: =TONTAOUT23!H7+TONTAOUT23!I7 -> 0 | M7: =VLOOKUP($A7,[6]HISTOSEPT23!$A$7:$AU$45,16,0) -> 0 | N7: =IF(M7<>0,VLOOKUP($A7,[6]HISTOSEPT23!$A$7:$AU$45,8,0),"ECHEC") -> ECHEC | O7: =IF(R7=0,0,VLOOKUP($A7,[6]HISTOSEPT23!$A$7:$AU$45,32,0)) -> 0 | P7: =VLOOKUP($A7,[6]HISTOSEPT23!$A$7:$AU$45,33,0) -> 0 | Q7: =IF(R7=0,0,($C$3-R7)) -> 0 | R7: =VLOOKUP($A7,[6]HISTOSEPT23!$A$7:$AU$45,29,0) -> 0
A8: AS201604 | B8: =IF(D8=0,0,VLOOKUP($A8,[6]HISTOSEPT23!$A$6:$BO$40,10,0)) -> 1 | C8: =VLOOKUP(A8,[7]LISTADHERENT!A$5:H$60,3,0) -> DJOMO JEAN PAUL | D8: =IF(G8="ECHEC",0,B$3) -> 25000 | E8: =D8+VLOOKUP($A8,[6]HISTOSEPT23!$A$7:$AU$40,45,0)+F8 -> 38000 | F8: =VLOOKUP($A8,[6]HISTOSEPT23!$A$7:$AU$45,7,0) -> 0 | G8: =VLOOKUP($A8,[6]HISTOSEPT23!$A$7:$AU$45,8,0) -> BANQUE | H8: =VLOOKUP($A8,[6]HISTOSEPT23!$A$6:$AU$45,35,0) -> 0 | I8: =VLOOKUP($A8,[6]HISTOSEPT23!$A$7:$AU$45,38,0) -> 0 | J8: =IF(I8=0,0,VLOOKUP($A8,[6]HISTOSEPT23!$A$7:$AU$45,42,0)) -> 0 | K8: =VLOOKUP($A8,[6]HISTOSEPT23!$A$7:$AU$45,41,0) -> 0 | L8: =TONTAOUT23!H8+TONTAOUT23!I8 -> 0 | M8: =VLOOKUP($A8,[6]HISTOSEPT23!$A$7:$AU$45,16,0) -> 0 | N8: =IF(M8<>0,VLOOKUP($A8,[6]HISTOSEPT23!$A$7:$AU$45,8,0),"ECHEC") -> ECHEC | O8: =IF(R8=0,0,VLOOKUP($A8,[6]HISTOSEPT23!$A$7:$AU$45,32,0)) -> 0 | P8: =VLOOKUP($A8,[6]HISTOSEPT23!$A$7:$AU$45,33,0) -> 0 | Q8: =IF(R8=0,0,($C$3-R8)) -> 0 | R8: =VLOOKUP($A8,[6]HISTOSEPT23!$A$7:$AU$45,29,0) -> 0
A9: AS201654 | B9: =IF(D9=0,0,VLOOKUP($A9,[6]HISTOSEPT23!$A$6:$BO$40,10,0)) -> 1 | C9: =VLOOKUP(A9,[7]LISTADHERENT!A$5:H$60,3,0) -> DJOMOU TCHAPDA | D9: =IF(G9="ECHEC",0,B$3) -> 25000 | E9: =D9+VLOOKUP($A9,[6]HISTOSEPT23!$A$7:$AU$40,45,0)+F9 -> 40000 | F9: =VLOOKUP($A9,[6]HISTOSEPT23!$A$7:$AU$45,7,0) -> 0 | G9: =VLOOKUP($A9,[6]HISTOSEPT23!$A$7:$AU$45,8,0) -> BANQUE | H9: =VLOOKUP($A9,[6]HISTOSEPT23!$A$6:$AU$45,35,0) -> 0 | I9: =VLOOKUP($A9,[6]HISTOSEPT23!$A$7:$AU$45,38,0) -> 0 | J9: =IF(I9=0,0,VLOOKUP($A9,[6]HISTOSEPT23!$A$7:$AU$45,42,0)) -> 0 | K9: =VLOOKUP($A9,[6]HISTOSEPT23!$A$7:$AU$45,41,0) -> 0 | L9: =TONTAOUT23!H9+TONTAOUT23!I9 -> 0 | M9: =VLOOKUP($A9,[6]HISTOSEPT23!$A$7:$AU$45,16,0) -> 0 | N9: =IF(M9<>0,VLOOKUP($A9,[6]HISTOSEPT23!$A$7:$AU$45,8,0),"ECHEC") -> ECHEC | O9: =IF(R9=0,0,VLOOKUP($A9,[6]HISTOSEPT23!$A$7:$AU$45,32,0)) -> 0 | P9: =VLOOKUP($A9,[6]HISTOSEPT23!$A$7:$AU$45,33,0) -> 0 | Q9: =IF(R9=0,0,($C$3-R9)) -> 0 | R9: =VLOOKUP($A9,[6]HISTOSEPT23!$A$7:$AU$45,29,0) -> 0
A10: AS201605 | B10: =IF(D10=0,0,VLOOKUP($A10,[6]HISTOSEPT23!$A$6:$BO$40,10,0)) -> 1 | C10: =VLOOKUP(A10,[7]LISTADHERENT!A$5:H$60,3,0) -> DJOUKWE NANGUEN GUY BLAISE | D10: =IF(G10="ECHEC",0,B$3) -> 25000 | E10: =D10+VLOOKUP($A10,[6]HISTOSEPT23!$A$7:$AU$40,45,0)+F10 -> 40500 | F10: =VLOOKUP($A10,[6]HISTOSEPT23!$A$7:$AU$45,7,0) -> 0 | G10: =VLOOKUP($A10,[6]HISTOSEPT23!$A$7:$AU$45,8,0) -> BANQUE | H10: =VLOOKUP($A10,[6]HISTOSEPT23!$A$6:$AU$45,35,0) -> 0 | I10: =VLOOKUP($A10,[6]HISTOSEPT23!$A$7:$AU$45,38,0) -> 0 | J10: =IF(I10=0,0,VLOOKUP($A10,[6]HISTOSEPT23!$A$7:$AU$45,42,0)) -> 0 | K10: =VLOOKUP($A10,[6]HISTOSEPT23!$A$7:$AU$45,41,0) -> 0 | L10: =TONTAOUT23!H10+TONTAOUT23!I10 -> 62500 | M10: =VLOOKUP($A10,[6]HISTOSEPT23!$A$7:$AU$45,16,0) -> 62500 | N10: =IF(M10<>0,VLOOKUP($A10,[6]HISTOSEPT23!$A$7:$AU$45,8,0),"ECHEC") -> BANQUE | O10: =IF(R10=0,0,VLOOKUP($A10,[6]HISTOSEPT23!$A$7:$AU$45,32,0)) -> 0 | P10: =VLOOKUP($A10,[6]HISTOSEPT23!$A$7:$AU$45,33,0) -> 0 | Q10: =IF(R10=0,0,($C$3-R10)) -> 0 | R10: =VLOOKUP($A10,[6]HISTOSEPT23!$A$7:$AU$45,29,0) -> 0
A11: AS201608 | B11: =IF(D11=0,0,VLOOKUP($A11,[6]HISTOSEPT23!$A$6:$BO$40,10,0)) -> 1 | C11: =VLOOKUP(A11,[7]LISTADHERENT!A$5:H$60,3,0) -> DJUOMBESSY ANTOINE | D11: =IF(G11="ECHEC",0,B$3) -> 25000 | E11: =D11+VLOOKUP($A11,[6]HISTOSEPT23!$A$7:$AU$40,45,0)+F11 -> 45000 | F11: =VLOOKUP($A11,[6]HISTOSEPT23!$A$7:$AU$45,7,0) -> 0 | G11: =VLOOKUP($A11,[6]HISTOSEPT23!$A$7:$AU$45,8,0) -> BANQUE | H11: =VLOOKUP($A11,[6]HISTOSEPT23!$A$6:$AU$45,35,0) -> 0 | I11: =VLOOKUP($A11,[6]HISTOSEPT23!$A$7:$AU$45,38,0) -> 0 | J11: =IF(I11=0,0,VLOOKUP($A11,[6]HISTOSEPT23!$A$7:$AU$45,42,0)) -> 0 | K11: =VLOOKUP($A11,[6]HISTOSEPT23!$A$7:$AU$45,41,0) -> 0 | L11: =TONTAOUT23!H11+TONTAOUT23!I11 -> 0 | M11: =VLOOKUP($A11,[6]HISTOSEPT23!$A$7:$AU$45,16,0) -> 0 | N11: =IF(M11<>0,VLOOKUP($A11,[6]HISTOSEPT23!$A$7:$AU$45,8,0),"ECHEC") -> ECHEC | O11: =IF(R11=0,0,VLOOKUP($A11,[6]HISTOSEPT23!$A$7:$AU$45,32,0)) -> 0 | P11: =VLOOKUP($A11,[6]HISTOSEPT23!$A$7:$AU$45,33,0) -> 0 | Q11: =IF(R11=0,0,($C$3-R11)) -> 0 | R11: =VLOOKUP($A11,[6]HISTOSEPT23!$A$7:$AU$45,29,0) -> 0
A12: AS201651 | B12: =IF(D12=0,0,VLOOKUP($A12,[6]HISTOSEPT23!$A$6:$BO$40,10,0)) -> 1 | C12: =VLOOKUP(A12,[7]LISTADHERENT!A$5:H$60,3,0) -> DOMOU FABIEN | D12: =IF(G12="ECHEC",0,B$3) -> 25000 | E12: =D12+VLOOKUP($A12,[6]HISTOSEPT23!$A$7:$AU$40,45,0)+F12 -> 40000 | F12: =VLOOKUP($A12,[6]HISTOSEPT23!$A$7:$AU$45,7,0) -> 0 | G12: =VLOOKUP($A12,[6]HISTOSEPT23!$A$7:$AU$45,8,0) -> BANQUE | H12: =VLOOKUP($A12,[6]HISTOSEPT23!$A$6:$AU$45,35,0) -> 0 | I12: =VLOOKUP($A12,[6]HISTOSEPT23!$A$7:$AU$45,38,0) -> 0 | J12: =IF(I12=0,0,VLOOKUP($A12,[6]HISTOSEPT23!$A$7:$AU$45,42,0)) -> 0 | K12: =VLOOKUP($A12,[6]HISTOSEPT23!$A$7:$AU$45,41,0) -> 0 | L12: =TONTAOUT23!H12+TONTAOUT23!I12 -> 0 | M12: =VLOOKUP($A12,[6]HISTOSEPT23!$A$7:$AU$45,16,0) -> 0 | N12: =IF(M12<>0,VLOOKUP($A12,[6]HISTOSEPT23!$A$7:$AU$45,8,0),"ECHEC") -> ECHEC | O12: =IF(R12=0,0,VLOOKUP($A12,[6]HISTOSEPT23!$A$7:$AU$45,32,0)) -> 0 | P12: =VLOOKUP($A12,[6]HISTOSEPT23!$A$7:$AU$45,33,0) -> 0 | Q12: =IF(R12=0,0,($C$3-R12)) -> 0 | R12: =VLOOKUP($A12,[6]HISTOSEPT23!$A$7:$AU$45,29,0) -> 0
A13: AS201609 | B13: =IF(D13=0,0,VLOOKUP($A13,[6]HISTOSEPT23!$A$6:$BO$40,10,0)) -> 1 | C13: =VLOOKUP(A13,[7]LISTADHERENT!A$5:H$60,3,0) -> DONHOU DAVID | D13: =IF(G13="ECHEC",0,B$3) -> 25000 | E13: =D13+VLOOKUP($A13,[6]HISTOSEPT23!$A$7:$AU$40,45,0)+F13 -> 40000 | F13: =VLOOKUP($A13,[6]HISTOSEPT23!$A$7:$AU$45,7,0) -> 0 | G13: =VLOOKUP($A13,[6]HISTOSEPT23!$A$7:$AU$45,8,0) -> BANQUE | H13: =VLOOKUP($A13,[6]HISTOSEPT23!$A$6:$AU$45,35,0) -> 0 | I13: =VLOOKUP($A13,[6]HISTOSEPT23!$A$7:$AU$45,38,0) -> 0 | J13: =IF(I13=0,0,VLOOKUP($A13,[6]HISTOSEPT23!$A$7:$AU$45,42,0)) -> 0 | K13: =VLOOKUP($A13,[6]HISTOSEPT23!$A$7:$AU$45,41,0) -> 0 | L13: =TONTAOUT23!H13+TONTAOUT23!I13 -> 0 | M13: =VLOOKUP($A13,[6]HISTOSEPT23!$A$7:$AU$45,16,0) -> 0 | N13: =IF(M13<>0,VLOOKUP($A13,[6]HISTOSEPT23!$A$7:$AU$45,8,0),"ECHEC") -> ECHEC | O13: =IF(R13=0,0,VLOOKUP($A13,[6]HISTOSEPT23!$A$7:$AU$45,32,0)) -> 0 | P13: =VLOOKUP($A13,[6]HISTOSEPT23!$A$7:$AU$45,33,0) -> 0 | Q13: =IF(R13=0,0,($C$3-R13)) -> 0 | R13: =VLOOKUP($A13,[6]HISTOSEPT23!$A$7:$AU$45,29,0) -> 0
A14: AS201611 | B14: =IF(D14=0,0,VLOOKUP($A14,[6]HISTOSEPT23!$A$6:$BO$40,10,0)) -> 1 | C14: =VLOOKUP(A14,[7]LISTADHERENT!A$5:H$60,3,0) -> HENGUE PAUL OMER | D14: =IF(G14="ECHEC",0,B$3) -> 25000 | E14: =D14+VLOOKUP($A14,[6]HISTOSEPT23!$A$7:$AU$40,45,0)+F14 -> 40000 | F14: =VLOOKUP($A14,[6]HISTOSEPT23!$A$7:$AU$45,7,0) -> 0 | G14: =VLOOKUP($A14,[6]HISTOSEPT23!$A$7:$AU$45,8,0) -> BANQUE | H14: =VLOOKUP($A14,[6]HISTOSEPT23!$A$6:$AU$45,35,0) -> 0 | I14: =VLOOKUP($A14,[6]HISTOSEPT23!$A$7:$AU$45,38,0) -> 0 | J14: =IF(I14=0,0,VLOOKUP($A14,[6]HISTOSEPT23!$A$7:$AU$45,42,0)) -> 0 | K14: =VLOOKUP($A14,[6]HISTOSEPT23!$A$7:$AU$45,41,0) -> 0 | L14: =TONTAOUT23!H14+TONTAOUT23!I14 -> 0 | M14: =VLOOKUP($A14,[6]HISTOSEPT23!$A$7:$AU$45,16,0) -> 0 | N14: =IF(M14<>0,VLOOKUP($A14,[6]HISTOSEPT23!$A$7:$AU$45,8,0),"ECHEC") -> ECHEC | O14: =IF(R14=0,0,VLOOKUP($A14,[6]HISTOSEPT23!$A$7:$AU$45,32,0)) -> 0 | P14: =VLOOKUP($A14,[6]HISTOSEPT23!$A$7:$AU$45,33,0) -> 0 | Q14: =IF(R14=0,0,($C$3-R14)) -> 0 | R14: =VLOOKUP($A14,[6]HISTOSEPT23!$A$7:$AU$45,29,0) -> 0
A15: AS201613 | B15: =IF(D15=0,0,VLOOKUP($A15,[6]HISTOSEPT23!$A$6:$BO$40,10,0)) -> 1 | C15: =VLOOKUP(A15,[7]LISTADHERENT!A$5:H$60,3,0) -> HOTCHO BENJAMIN | D15: =IF(G15="ECHEC",0,B$3) -> 25000 | E15: =D15+VLOOKUP($A15,[6]HISTOSEPT23!$A$7:$AU$40,45,0)+F15 -> 75000 | F15: =VLOOKUP($A15,[6]HISTOSEPT23!$A$7:$AU$45,7,0) -> 0 | G15: =VLOOKUP($A15,[6]HISTOSEPT23!$A$7:$AU$45,8,0) -> BANQUE | H15: =VLOOKUP($A15,[6]HISTOSEPT23!$A$6:$AU$45,35,0) -> 0 | I15: =VLOOKUP($A15,[6]HISTOSEPT23!$A$7:$AU$45,38,0) -> 0 | J15: =IF(I15=0,0,VLOOKUP($A15,[6]HISTOSEPT23!$A$7:$AU$45,42,0)) -> 0 | K15: =VLOOKUP($A15,[6]HISTOSEPT23!$A$7:$AU$45,41,0) -> 0 | L15: =TONTAOUT23!H15+TONTAOUT23!I15 -> 0 | M15: =VLOOKUP($A15,[6]HISTOSEPT23!$A$7:$AU$45,16,0) -> 0 | N15: =IF(M15<>0,VLOOKUP($A15,[6]HISTOSEPT23!$A$7:$AU$45,8,0),"ECHEC") -> ECHEC | O15: =IF(R15=0,0,VLOOKUP($A15,[6]HISTOSEPT23!$A$7:$AU$45,32,0)) -> 0 | P15: =VLOOKUP($A15,[6]HISTOSEPT23!$A$7:$AU$45,33,0) -> 0 | Q15: =IF(R15=0,0,($C$3-R15)) -> 0 | R15: =VLOOKUP($A15,[6]HISTOSEPT23!$A$7:$AU$45,29,0) -> 0
A16: AS201617 | B16: =IF(D16=0,0,VLOOKUP($A16,[6]HISTOSEPT23!$A$6:$BO$40,10,0)) -> 1 | C16: =VLOOKUP(A16,[7]LISTADHERENT!A$5:H$60,3,0) -> KOUAMOU MOISE | D16: =IF(G16="ECHEC",0,B$3) -> 25000 | E16: =D16+VLOOKUP($A16,[6]HISTOSEPT23!$A$7:$AU$40,45,0)+F16 -> 40000 | F16: =VLOOKUP($A16,[6]HISTOSEPT23!$A$7:$AU$45,7,0) -> 0 | G16: =VLOOKUP($A16,[6]HISTOSEPT23!$A$7:$AU$45,8,0) -> BANQUE | H16: =VLOOKUP($A16,[6]HISTOSEPT23!$A$6:$AU$45,35,0) -> 0 | I16: =VLOOKUP($A16,[6]HISTOSEPT23!$A$7:$AU$45,38,0) -> 0 | J16: =IF(I16=0,0,VLOOKUP($A16,[6]HISTOSEPT23!$A$7:$AU$45,42,0)) -> 0 | K16: =VLOOKUP($A16,[6]HISTOSEPT23!$A$7:$AU$45,41,0) -> 0 | L16: =TONTAOUT23!H16+TONTAOUT23!I16 -> 0 | M16: =VLOOKUP($A16,[6]HISTOSEPT23!$A$7:$AU$45,16,0) -> 0 | N16: =IF(M16<>0,VLOOKUP($A16,[6]HISTOSEPT23!$A$7:$AU$45,8,0),"ECHEC") -> ECHEC | O16: =IF(R16=0,0,VLOOKUP($A16,[6]HISTOSEPT23!$A$7:$AU$45,32,0)) -> 0 | P16: =VLOOKUP($A16,[6]HISTOSEPT23!$A$7:$AU$45,33,0) -> 0 | Q16: =IF(R16=0,0,($C$3-R16)) -> 0 | R16: =VLOOKUP($A16,[6]HISTOSEPT23!$A$7:$AU$45,29,0) -> 0
A17: AS201619 | B17: =IF(D17=0,0,VLOOKUP($A17,[6]HISTOSEPT23!$A$6:$BO$40,10,0)) -> 1 | C17: =VLOOKUP(A17,[7]LISTADHERENT!A$5:H$60,3,0) -> KOUATCHO MESSACK | D17: =IF(G17="ECHEC",0,B$3) -> 25000 | E17: =D17+VLOOKUP($A17,[6]HISTOSEPT23!$A$7:$AU$40,45,0)+F17 -> 40000 | F17: =VLOOKUP($A17,[6]HISTOSEPT23!$A$7:$AU$45,7,0) -> 0 | G17: =VLOOKUP($A17,[6]HISTOSEPT23!$A$7:$AU$45,8,0) -> BANQUE | H17: =VLOOKUP($A17,[6]HISTOSEPT23!$A$6:$AU$45,35,0) -> 0 | I17: =VLOOKUP($A17,[6]HISTOSEPT23!$A$7:$AU$45,38,0) -> 0 | J17: =IF(I17=0,0,VLOOKUP($A17,[6]HISTOSEPT23!$A$7:$AU$45,42,0)) -> 0 | K17: =VLOOKUP($A17,[6]HISTOSEPT23!$A$7:$AU$45,41,0) -> 0 | L17: =TONTAOUT23!H17+TONTAOUT23!I17 -> 0 | M17: =VLOOKUP($A17,[6]HISTOSEPT23!$A$7:$AU$45,16,0) -> 0 | N17: =IF(M17<>0,VLOOKUP($A17,[6]HISTOSEPT23!$A$7:$AU$45,8,0),"ECHEC") -> ECHEC | O17: =IF(R17=0,0,VLOOKUP($A17,[6]HISTOSEPT23!$A$7:$AU$45,32,0)) -> 0 | P17: =VLOOKUP($A17,[6]HISTOSEPT23!$A$7:$AU$45,33,0) -> 0 | Q17: =IF(R17=0,0,($C$3-R17)) -> 0 | R17: =VLOOKUP($A17,[6]HISTOSEPT23!$A$7:$AU$45,29,0) -> 0
... A35: AS201647 | B35: =IF(D35=0,0,VLOOKUP($A35,[6]HISTOSEPT23!$A$6:$BO$40,10,0)) -> 1 | C35: =VLOOKUP(A35,[7]LISTADHERENT!A$5:H$60,3,0) -> YOUMBI EMMANUEL | D35: =IF(G35="ECHEC",0,B$3) -> 25000 | E35: =D35+VLOOKUP($A35,[6]HISTOSEPT23!$A$7:$AU$40,45,0)+F35 -> 40000 | F35: =VLOOKUP($A35,[6]HISTOSEPT23!$A$7:$AU$45,7,0) -> 0 | G35: =VLOOKUP($A35,[6]HISTOSEPT23!$A$7:$AU$45,8,0) -> BANQUE | H35: =VLOOKUP($A35,[6]HISTOSEPT23!$A$6:$AU$45,35,0) -> 0 | I35: =VLOOKUP($A35,[6]HISTOSEPT23!$A$7:$AU$45,38,0) -> 0 | J35: =IF(I35=0,0,VLOOKUP($A35,[6]HISTOSEPT23!$A$7:$AU$45,42,0)) -> 0 | K35: =VLOOKUP($A35,[6]HISTOSEPT23!$A$7:$AU$45,41,0) -> 0 | L35: =TONTAOUT23!H35+TONTAOUT23!I35 -> 0 | M35: =VLOOKUP($A35,[6]HISTOSEPT23!$A$7:$AU$45,16,0) -> 0 | N35: =IF(M35<>0,VLOOKUP($A35,[6]HISTOSEPT23!$A$7:$AU$45,8,0),"ECHEC") -> ECHEC | O35: =IF(R35=0,0,VLOOKUP($A35,[6]HISTOSEPT23!$A$7:$AU$45,32,0)) -> 0 | P35: =VLOOKUP($A35,[6]HISTOSEPT23!$A$7:$AU$45,33,0) -> 0 | Q35: =IF(R35=0,0,($C$3-R35)) -> 0 | R35: =VLOOKUP($A35,[6]HISTOSEPT23!$A$7:$AU$45,29,0) -> 0
A37: TOTAL PART | B37: =SUM(B6:B36) -> 30
A38: NBRE ADHERENT | B38: =COUNT(D6:D35) -> 30 | D38: =SUM(D6:D37) -> 750000 | E38: =SUM(E6:E37) -> 1716000 | F38: =SUM(F6:F37) -> 3000 | H38: =SUM(H6:H37) -> 17000 | I38: =SUM(I6:I37) -> 500 | L38: =SUM(L6:L37) -> 184500 | M38: =SUM(M6:M37) -> 184500 | N38: =SUM(N6:N37) -> 0 | O38: =SUM(O6:O37) -> 0 | P38: =SUM(P6:P37) -> 0 | Q38: =SUM(Q6:Q37) -> 892500 | R38: =SUM(R6:R37) -> 7500
N39: NBRE PART | O39: PART VENDUE
D40: MONTANT TONTINE | E40: MONTANT VERSE | G40: REMBOURSEMENT PETIT LOT | H40: VENTE PETIT LOT | I40: VENTE LOT PRINCIPAL | J40: SOLDE EN CAISSE | L40: TONTINE + REMB + INTERET VENTE | M40: =D44+G44+R38+TONTAOUT23!O45 -> 904000
D41: =SUMIFS(D6:D37,G6:G37,"ESPECES") -> 0 | E41: =SUMIFS(E6:E37,G6:G37,"ESPECES") -> 0 | F41: ESPECES | G41: =SUMIFS(M6:M35,N6:N35,"ESPECES") -> 0 | H41: =SUMIFS(H6:H37,J6:J37,"ESPECES") -> 0 | I41: =SUMIFS(Q6:Q37,O6:O37,"ESPECES") -> 0 | J41: =D41+G41-H41-I41 -> 0 | L41: LOT PRINCIPAL | M41: =C3*COUNTIF(Q6:Q37,">0") -> 900000 | N41: =D3 -> 3 | O41: =COUNTIF(Q6:Q35,">0") -> 3
D42: =SUMIFS(D6:D37,G6:G37,"BANQUE") -> 750000 | E42: =SUMIFS(E6:E38,G6:G38,"BANQUE") -> 1716000 | F42: BANQUE | G42: =SUMIFS(M6:M35,N6:N35,"BANQUE") -> 184500 | H42: =SUMIFS(H6:H37,J6:J37,"BANQUE") -> 0 | I42: =SUMIFS(Q6:Q37,O6:O37,"BANQUE") -> 892500 | J42: =D42+G42-H42-I42 -> 42000
L43: PETIT LOT | M43: =M40-M41 -> 4000
D44: =D41+D42 -> 750000 | E44: =E41+E42 -> 1716000 | F44: TOTAL | G44: =G41+G42 -> 184500 | H44: =H41+H42 -> 0 | I44: =I41+I42 -> 892500 | J44: =J41+J42 -> 42000
F45: TOTAL+DEPOT | L45: RELIQUAT | M45: =M43-H38 -> -13000 | O45: =TONTSEPT23!M45 -> -13000 | P45: CUMUL
L47: ECHEC TONTINE MOIS | M47: =COUNTIFS(G6:G36,"ECHEC")*25000 -> 0 | O47: =TONTAOUT23!O47+TONTSEPT23!M47 -> 0 | P47: CUMUL
L48: ECHEC REMBOURSEMENT MOIS | M48: =L38-G44 -> 0 | O48: =TONTAOUT23!O48+TONTSEPT23!M48 -> 0 | P48: CUMUL

Sheet TONTOCT23
A1: ASSOCIATION | B1: ASELBY
A2: ANNEE | B2: 2023 | C2: TONIINE | D2: NBRE PART
A3: TAUX TONTINE | B3: 25000 | C3: =B3*12 -> 300000 | D3: =ROUNDDOWN(M40/C3,0) -> 2
C4: 45212
A5: MATRICULE | B5: NBREPART | C5: NOM ET PRENOM | D5: MONTANT TONTINE | E5: MONTANT VERSE | F5: PENALITE VERSEMENT ESPECES | G5: MODE VERSEMENT | H5: VENTE PETIT LOT | I5: INTERET PETIT LOT | J5: MODE VERSEMENT VENTE PETIT LOT | K5: NUMERO CHEQUE | L5: MONTANT A REMBOURSER PETIT LOT | M5: REMBOURSEMENT PETIT LOT | N5: MODE VERSEMENT REMBOURSEMENT | O5: MODE VERSEMENTLOT PRINCIPAL | P5: NUMERO CHEQUE | Q5: MONTANT LOT PRINCIPAL | R5: INTERET LOT PRINCIPAL
A6: AS201601 | B6: =IF(D6=0,0,VLOOKUP($A6,[6]HISTOOCT23!$A$6:$BO$40,10,0)) -> 1 | C6: =VLOOKUP(A6,[7]LISTADHERENT!A$5:H$60,3,0) -> BAKOP ACHILLE | D6: =IF(G6="ECHEC",0,B$3) -> 25000 | E6: =D6+VLOOKUP($A6,[6]HISTOOCT23!$A$7:$AU$40,45,0)+F6 -> 40000 | F6: =VLOOKUP($A6,[6]HISTOOCT23!$A$7:$AU$45,7,0) -> 0 | G6: =VLOOKUP($A6,[6]HISTOOCT23!$A$7:$AU$45,8,0) -> BANQUE | H6: =VLOOKUP($A6,[6]HISTOOCT23!$A$6:$AU$45,35,0) -> 27500 | I6: =VLOOKUP($A6,[6]HISTOOCT23!$A$7:$AU$45,38,0) -> 500 | J6: =IF(I6=0,0,VLOOKUP($A6,[6]HISTOOCT23!$A$7:$AU$45,42,0)) -> BANQUE | K6: =VLOOKUP($A6,[6]HISTOOCT23!$A$7:$AU$45,41,0) -> 0 | L6: =TONTSEPT23!H6+TONTSEPT23!I6 -> 0 | M6: =VLOOKUP($A6,[6]HISTOOCT23!$A$7:$AU$45,16,0) -> 0 | N6: =IF(M6<>0,VLOOKUP($A6,[6]HISTOOCT23!$A$7:$AU$45,8,0),"ECHEC") -> ECHEC | O6: =IF(R6=0,0,VLOOKUP($A6,[6]HISTOOCT23!$A$7:$AU$45,32,0)) -> 0 | P6: =VLOOKUP($A6,[6]HISTOOCT23!$A$7:$AU$45,33,0) -> 0 | Q6: =IF(R6=0,0,($C$3-R6)) -> 0 | R6: =VLOOKUP($A6,[6]HISTOOCT23!$A$7:$AU$45,29,0) -> 0
A7: AS201602 | B7: =IF(D7=0,0,VLOOKUP($A7,[6]HISTOOCT23!$A$6:$BO$40,10,0)) -> 1 | C7: =VLOOKUP(A7,[7]LISTADHERENT!A$5:H$60,3,0) -> BOUTCHOUANG WILLIAM | D7: =IF(G7="ECHEC",0,B$3) -> 25000 | E7: =D7+VLOOKUP($A7,[6]HISTOOCT23!$A$7:$AU$40,45,0)+F7 -> 40000 | F7: =VLOOKUP($A7,[6]HISTOOCT23!$A$7:$AU$45,7,0) -> 0 | G7: =VLOOKUP($A7,[6]HISTOOCT23!$A$7:$AU$45,8,0) -> ESPECES | H7: =VLOOKUP($A7,[6]HISTOOCT23!$A$6:$AU$45,35,0) -> 0 | I7: =VLOOKUP($A7,[6]HISTOOCT23!$A$7:$AU$45,38,0) -> 0 | J7: =IF(I7=0,0,VLOOKUP($A7,[6]HISTOOCT23!$A$7:$AU$45,42,0)) -> 0 | K7: =VLOOKUP($A7,[6]HISTOOCT23!$A$7:$AU$45,41,0) -> 0 | L7: =TONTSEPT23!H7+TONTSEPT23!I7 -> 0 | M7: =VLOOKUP($A7,[6]HISTOOCT23!$A$7:$AU$45,16,0) -> 0 | N7: =IF(M7<>0,VLOOKUP($A7,[6]HISTOOCT23!$A$7:$AU$45,8,0),"ECHEC") -> ECHEC | O7: =IF(R7=0,0,VLOOKUP($A7,[6]HISTOOCT23!$A$7:$AU$45,32,0)) -> BANQUE | P7: =VLOOKUP($A7,[6]HISTOOCT23!$A$7:$AU$45,33,0) -> 0 | Q7: =IF(R7=0,0,($C$3-R7)) -> 297500 | R7: =VLOOKUP($A7,[6]HISTOOCT23!$A$7:$AU$45,29,0) -> 2500
A8: AS201604 | B8: =IF(D8=0,0,VLOOKUP($A8,[6]HISTOOCT23!$A$6:$BO$40,10,0)) -> 1 | C8: =VLOOKUP(A8,[7]LISTADHERENT!A$5:H$60,3,0) -> DJOMO JEAN PAUL | D8: =IF(G8="ECHEC",0,B$3) -> 25000 | E8: =D8+VLOOKUP($A8,[6]HISTOOCT23!$A$7:$AU$40,45,0)+F8 -> 40000 | F8: =VLOOKUP($A8,[6]HISTOOCT23!$A$7:$AU$45,7,0) -> 0 | G8: =VLOOKUP($A8,[6]HISTOOCT23!$A$7:$AU$45,8,0) -> BANQUE | H8: =VLOOKUP($A8,[6]HISTOOCT23!$A$6:$AU$45,35,0) -> 0 | I8: =VLOOKUP($A8,[6]HISTOOCT23!$A$7:$AU$45,38,0) -> 0 | J8: =IF(I8=0,0,VLOOKUP($A8,[6]HISTOOCT23!$A$7:$AU$45,42,0)) -> 0 | K8: =VLOOKUP($A8,[6]HISTOOCT23!$A$7:$AU$45,41,0) -> 0 | L8: =TONTSEPT23!H8+TONTSEPT23!I8 -> 0 | M8: =VLOOKUP($A8,[6]HISTOOCT23!$A$7:$AU$45,16,0) -> 0 | N8: =IF(M8<>0,VLOOKUP($A8,[6]HISTOOCT23!$A$7:$AU$45,8,0),"ECHEC") -> ECHEC | O8: =IF(R8=0,0,VLOOKUP($A8,[6]HISTOOCT23!$A$7:$AU$45,32,0)) -> 0 | P8: =VLOOKUP($A8,[6]HISTOOCT23!$A$7:$AU$45,33,0) -> 0 | Q8: =IF(R8=0,0,($C$3-R8)) -> 0 | R8: =VLOOKUP($A8,[6]HISTOOCT23!$A$7:$AU$45,29,0) -> 0
A9: AS201654 | B9: =IF(D9=0,0,VLOOKUP($A9,[6]HISTOOCT23!$A$6:$BO$40,10,0)) -> 1 | C9: =VLOOKUP(A9,[7]LISTADHERENT!A$5:H$60,3,0) -> DJOMOU TCHAPDA | D9: =IF(G9="ECHEC",0,B$3) -> 25000 | E9: =D9+VLOOKUP($A9,[6]HISTOOCT23!$A$7:$AU$40,45,0)+F9 -> 40000 | F9: =VLOOKUP($A9,[6]HISTOOCT23!$A$7:$AU$45,7,0) -> 0 | G9: =VLOOKUP($A9,[6]HISTOOCT23!$A$7:$AU$45,8,0) -> BANQUE | H9: =VLOOKUP($A9,[6]HISTOOCT23!$A$6:$AU$45,35,0) -> 0 | I9: =VLOOKUP($A9,[6]HISTOOCT23!$A$7:$AU$45,38,0) -> 0 | J9: =IF(I9=0,0,VLOOKUP($A9,[6]HISTOOCT23!$A$7:$AU$45,42,0)) -> 0 | K9: =VLOOKUP($A9,[6]HISTOOCT23!$A$7:$AU$45,41,0) -> 0 | L9: =TONTSEPT23!H9+TONTSEPT23!I9 -> 0 | M9: =VLOOKUP($A9,[6]HISTOOCT23!$A$7:$AU$45,16,0) -> 0 | N9: =IF(M9<>0,VLOOKUP($A9,[6]HISTOOCT23!$A$7:$AU$45,8,0),"ECHEC") -> ECHEC | O9: =IF(R9=0,0,VLOOKUP($A9,[6]HISTOOCT23!$A$7:$AU$45,32,0)) -> 0 | P9: =VLOOKUP($A9,[6]HISTOOCT23!$A$7:$AU$45,33,0) -> 0 | Q9: =IF(R9=0,0,($C$3-R9)) -> 0 | R9: =VLOOKUP($A9,[6]HISTOOCT23!$A$7:$AU$45,29,0) -> 0
A10: AS201605 | B10: =IF(D10=0,0,VLOOKUP($A10,[6]HISTOOCT23!$A$6:$BO$40,10,0)) -> 1 | C10: =VLOOKUP(A10,[7]LISTADHERENT!A$5:H$60,3,0) -> DJOUKWE NANGUEN GUY BLAISE | D10: =IF(G10="ECHEC",0,B$3) -> 25000 | E10: =D10+VLOOKUP($A10,[6]HISTOOCT23!$A$7:$AU$40,45,0)+F10 -> 40000 | F10: =VLOOKUP($A10,[6]HISTOOCT23!$A$7:$AU$45,7,0) -> 0 | G10: =VLOOKUP($A10,[6]HISTOOCT23!$A$7:$AU$45,8,0) -> BANQUE | H10: =VLOOKUP($A10,[6]HISTOOCT23!$A$6:$AU$45,35,0) -> 0 | I10: =VLOOKUP($A10,[6]HISTOOCT23!$A$7:$AU$45,38,0) -> 0 | J10: =IF(I10=0,0,VLOOKUP($A10,[6]HISTOOCT23!$A$7:$AU$45,42,0)) -> 0 | K10: =VLOOKUP($A10,[6]HISTOOCT23!$A$7:$AU$45,41,0) -> 0 | L10: =TONTSEPT23!H10+TONTSEPT23!I10 -> 0 | M10: =VLOOKUP($A10,[6]HISTOOCT23!$A$7:$AU$45,16,0) -> 0 | N10: =IF(M10<>0,VLOOKUP($A10,[6]HISTOOCT23!$A$7:$AU$45,8,0),"ECHEC") -> ECHEC | O10: =IF(R10=0,0,VLOOKUP($A10,[6]HISTOOCT23!$A$7:$AU$45,32,0)) -> 0 | P10: =VLOOKUP($A10,[6]HISTOOCT23!$A$7:$AU$45,33,0) -> 0 | Q10: =IF(R10=0,0,($C$3-R10)) -> 0 | R10: =VLOOKUP($A10,[6]HISTOOCT23!$A$7:$AU$45,29,0) -> 0
A11: AS201608 | B11: =IF(D11=0,0,VLOOKUP($A11,[6]HISTOOCT23!$A$6:$BO$40,10,0)) -> 1 | C11: =VLOOKUP(A11,[7]LISTADHERENT!A$5:H$60,3,0) -> DJUOMBESSY ANTOINE | D11: =IF(G11="ECHEC",0,B$3) -> 25000 | E11: =D11+VLOOKUP($A11,[6]HISTOOCT23!$A$7:$AU$40,45,0)+F11 -> 45000 | F11: =VLOOKUP($A11,[6]HISTOOCT23!$A$7:$AU$45,7,0) -> 0 | G11: =VLOOKUP($A11,[6]HISTOOCT23!$A$7:$AU$45,8,0) -> BANQUE | H11: =VLOOKUP($A11,[6]HISTOOCT23!$A$6:$AU$45,35,0) -> 0 | I11: =VLOOKUP($A11,[6]HISTOOCT23!$A$7:$AU$45,38,0) -> 0 | J11: =IF(I11=0,0,VLOOKUP($A11,[6]HISTOOCT23!$A$7:$AU$45,42,0)) -> 0 | K11: =VLOOKUP($A11,[6]HISTOOCT23!$A$7:$AU$45,41,0) -> 0 | L11: =TONTSEPT23!H11+TONTSEPT23!I11 -> 0 | M11: =VLOOKUP($A11,[6]HISTOOCT23!$A$7:$AU$45,16,0) -> 0 | N11: =IF(M11<>0,VLOOKUP($A11,[6]HISTOOCT23!$A$7:$AU$45,8,0),"ECHEC") -> ECHEC | O11: =IF(R11=0,0,VLOOKUP($A11,[6]HISTOOCT23!$A$7:$AU$45,32,0)) -> 0 | P11: =VLOOKUP($A11,[6]HISTOOCT23!$A$7:$AU$45,33,0) -> 0 | Q11: =IF(R11=0,0,($C$3-R11)) -> 0 | R11: =VLOOKUP($A11,[6]HISTOOCT23!$A$7:$AU$45,29,0) -> 0
A12: AS201651 | B12: =IF(D12=0,0,VLOOKUP($A12,[6]HISTOOCT23!$A$6:$BO$40,10,0)) -> 1 | C12: =VLOOKUP(A12,[7]LISTADHERENT!A$5:H$60,3,0) -> DOMOU FABIEN | D12: =IF(G12="ECHEC",0,B$3) -> 25000 | E12: =D12+VLOOKUP($A12,[6]HISTOOCT23!$A$7:$AU$40,45,0)+F12 -> 40000 | F12: =VLOOKUP($A12,[6]HISTOOCT23!$A$7:$AU$45,7,0) -> 0 | G12: =VLOOKUP($A12,[6]HISTOOCT23!$A$7:$AU$45,8,0) -> BANQUE | H12: =VLOOKUP($A12,[6]HISTOOCT23!$A$6:$AU$45,35,0) -> 0 | I12: =VLOOKUP($A12,[6]HISTOOCT23!$A$7:$AU$45,38,0) -> 0 | J12: =IF(I12=0,0,VLOOKUP($A12,[6]HISTOOCT23!$A$7:$AU$45,42,0)) -> 0 | K12: =VLOOKUP($A12,[6]HISTOOCT23!$A$7:$AU$45,41,0) -> 0 | L12: =TONTSEPT23!H12+TONTSEPT23!I12 -> 0 | M12: =VLOOKUP($A12,[6]HISTOOCT23!$A$7:$AU$45,16,0) -> 0 | N12: =IF(M12<>0,VLOOKUP($A12,[6]HISTOOCT23!$A$7:$AU$45,8,0),"ECHEC") -> ECHEC | O12: =IF(R12=0,0,VLOOKUP($A12,[6]HISTOOCT23!$A$7:$AU$45,32,0)) -> 0 | P12: =VLOOKUP($A12,[6]HISTOOCT23!$A$7:$AU$45,33,0) -> 0 | Q12: =IF(R12=0,0,($C$3-R12)) -> 0 | R12: =VLOOKUP($A12,[6]HISTOOCT23!$A$7:$AU$45,29,0) -> 0
A13: AS201609 | B13: =IF(D13=0,0,VLOOKUP($A13,[6]HISTOOCT23!$A$6:$BO$40,10,0)) -> 1 | C13: =VLOOKUP(A13,[7]LISTADHERENT!A$5:H$60,3,0) -> DONHOU DAVID | D13: =IF(G13="ECHEC",0,B$3) -> 25000 | E13: =D13+VLOOKUP($A13,[6]HISTOOCT23!$A$7:$AU$40,45,0)+F13 -> 40000 | F13: =VLOOKUP($A13,[6]HISTOOCT23!$A$7:$AU$45,7,0) -> 0 | G13: =VLOOKUP($A13,[6]HISTOOCT23!$A$7:$AU$45,8,0) -> BANQUE | H13: =VLOOKUP($A13,[6]HISTOOCT23!$A$6:$AU$45,35,0) -> 0 | I13: =VLOOKUP($A13,[6]HISTOOCT23!$A$7:$AU$45,38,0) -> 0 | J13: =IF(I13=0,0,VLOOKUP($A13,[6]HISTOOCT23!$A$7:$AU$45,42,0)) -> 0 | K13: =VLOOKUP($A13,[6]HISTOOCT23!$A$7:$AU$45,41,0) -> 0 | L13: =TONTSEPT23!H13+TONTSEPT23!I13 -> 0 | M13: =VLOOKUP($A13,[6]HISTOOCT23!$A$7:$AU$45,16,0) -> 0 | N13: =IF(M13<>0,VLOOKUP($A13,[6]HISTOOCT23!$A$7:$AU$45,8,0),"ECHEC") -> ECHEC | O13: =IF(R13=0,0,VLOOKUP($A13,[6]HISTOOCT23!$A$7:$AU$45,32,0)) -> 0 | P13: =VLOOKUP($A13,[6]HISTOOCT23!$A$7:$AU$45,33,0) -> 0 | Q13: =IF(R13=0,0,($C$3-R13)) -> 0 | R13: =VLOOKUP($A13,[6]HISTOOCT23!$A$7:$AU$45,29,0) -> 0
A14: AS201611 | B14: =IF(D14=0,0,VLOOKUP($A14,[6]HISTOOCT23!$A$6:$BO$40,10,0)) -> 1 | C14: =VLOOKUP(A14,[7]LISTADHERENT!A$5:H$60,3,0) -> HENGUE PAUL OMER | D14: =IF(G14="ECHEC",0,B$3) -> 25000 | E14: =D14+VLOOKUP($A14,[6]HISTOOCT23!$A$7:$AU$40,45,0)+F14 -> 40000 | F14: =VLOOKUP($A14,[6]HISTOOCT23!$A$7:$AU$45,7,0) -> 0 | G14: =VLOOKUP($A14,[6]HISTOOCT23!$A$7:$AU$45,8,0) -> BANQUE | H14: =VLOOKUP($A14,[6]HISTOOCT23!$A$6:$AU$45,35,0) -> 0 | I14: =VLOOKUP($A14,[6]HISTOOCT23!$A$7:$AU$45,38,0) -> 0 | J14: =IF(I14=0,0,VLOOKUP($A14,[6]HISTOOCT23!$A$7:$AU$45,42,0)) -> 0 | K14: =VLOOKUP($A14,[6]HISTOOCT23!$A$7:$AU$45,41,0) -> 0 | L14: =TONTSEPT23!H14+TONTSEPT23!I14 -> 0 | M14: =VLOOKUP($A14,[6]HISTOOCT23!$A$7:$AU$45,16,0) -> 0 | N14: =IF(M14<>0,VLOOKUP($A14,[6]HISTOOCT23!$A$7:$AU$45,8,0),"ECHEC") -> ECHEC | O14: =IF(R14=0,0,VLOOKUP($A14,[6]HISTOOCT23!$A$7:$AU$45,32,0)) -> 0 | P14: =VLOOKUP($A14,[6]HISTOOCT23!$A$7:$AU$45,33,0) -> 0 | Q14: =IF(R14=0,0,($C$3-R14)) -> 0 | R14: =VLOOKUP($A14,[6]HISTOOCT23!$A$7:$AU$45,29,0) -> 0
A15: AS201613 | B15: =IF(D15=0,0,VLOOKUP($A15,[6]HISTOOCT23!$A$6:$BO$40,10,0)) -> 1 | C15: =VLOOKUP(A15,[7]LISTADHERENT!A$5:H$60,3,0) -> HOTCHO BENJAMIN | D15: =IF(G15="ECHEC",0,B$3) -> 25000 | E15: =D15+VLOOKUP($A15,[6]HISTOOCT23!$A$7:$AU$40,45,0)+F15 -> 75000 | F15: =VLOOKUP($A15,[6]HISTOOCT23!$A$7:$AU$45,7,0) -> 0 | G15: =VLOOKUP($A15,[6]HISTOOCT23!$A$7:$AU$45,8,0) -> BANQUE | H15: =VLOOKUP($A15,[6]HISTOOCT23!$A$6:$AU$45,35,0) -> 0 | I15: =VLOOKUP($A15,[6]HISTOOCT23!$A$7:$AU$45,38,0) -> 0 | J15: =IF(I15=0,0,VLOOKUP($A15,[6]HISTOOCT23!$A$7:$AU$45,42,0)) -> 0 | K15: =VLOOKUP($A15,[6]HISTOOCT23!$A$7:$AU$45,41,0) -> 0 | L15: =TONTSEPT23!H15+TONTSEPT23!I15 -> 0 | M15: =VLOOKUP($A15,[6]HISTOOCT23!$A$7:$AU$45,16,0) -> 0 | N15: =IF(M15<>0,VLOOKUP($A15,[6]HISTOOCT23!$A$7:$AU$45,8,0),"ECHEC") -> ECHEC | O15: =IF(R15=0,0,VLOOKUP($A15,[6]HISTOOCT23!$A$7:$AU$45,32,0)) -> 0 | P15: =VLOOKUP($A15,[6]HISTOOCT23!$A$7:$AU$45,33,0) -> 0 | Q15: =IF(R15=0,0,($C$3-R15)) -> 0 | R15: =VLOOKUP($A15,[6]HISTOOCT23!$A$7:$AU$45,29,0) -> 0
A16: AS201617 | B16: =IF(D16=0,0,VLOOKUP($A16,[6]HISTOOCT23!$A$6:$BO$40,10,0)) -> 1 | C16: =VLOOKUP(A16,[7]LISTADHERENT!A$5:H$60,3,0) -> KOUAMOU MOISE | D16: =IF(G16="ECHEC",0,B$3) -> 25000 | E16: =D16+VLOOKUP($A16,[6]HISTOOCT23!$A$7:$AU$40,45,0)+F16 -> 40000 | F16: =VLOOKUP($A16,[6]HISTOOCT23!$A$7:$AU$45,7,0) -> 0 | G16: =VLOOKUP($A16,[6]HISTOOCT23!$A$7:$AU$45,8,0) -> BANQUE | H16: =VLOOKUP($A16,[6]HISTOOCT23!$A$6:$AU$45,35,0) -> 0 | I16: =VLOOKUP($A16,[6]HISTOOCT23!$A$7:$AU$45,38,0) -> 0 | J16: =IF(I16=0,0,VLOOKUP($A16,[6]HISTOOCT23!$A$7:$AU$45,42,0)) -> 0 | K16: =VLOOKUP($A16,[6]HISTOOCT23!$A$7:$AU$45,41,0) -> 0 | L16: =TONTSEPT23!H16+TONTSEPT23!I16 -> 0 | M16: =VLOOKUP($A16,[6]HISTOOCT23!$A$7:$AU$45,16,0) -> 0 | N16: =IF(M16<>0,VLOOKUP($A16,[6]HISTOOCT23!$A$7:$AU$45,8,0),"ECHEC") -> ECHEC | O16: =IF(R16=0,0,VLOOKUP($A16,[6]HISTOOCT23!$A$7:$AU$45,32,0)) -> 0 | P16: =VLOOKUP($A16,[6]HISTOOCT23!$A$7:$AU$45,33,0) -> 0 | Q16: =IF(R16=0,0,($C$3-R16)) -> 0 | R16: =VLOOKUP($A16,[6]HISTOOCT23!$A$7:$AU$45,29,0) -> 0
A17: AS201619 | B17: =IF(D17=0,0,VLOOKUP($A17,[6]HISTOOCT23!$A$6:$BO$40,10,0)) -> 1 | C17: =VLOOKUP(A17,[7]LISTADHERENT!A$5:H$60,3,0) -> KOUATCHO MESSACK | D17: =IF(G17="ECHEC",0,B$3) -> 25000 | E17: =D17+VLOOKUP($A17,[6]HISTOOCT23!$A$7:$AU$40,45,0)+F17 -> 40000 | F17: =VLOOKUP($A17,[6]HISTOOCT23!$A$7:$AU$45,7,0) -> 0 | G17: =VLOOKUP($A17,[6]HISTOOCT23!$A$7:$AU$45,8,0) -> BANQUE | H17: =VLOOKUP($A17,[6]HISTOOCT23!$A$6:$AU$45,35,0) -> 0 | I17: =VLOOKUP($A17,[6]HISTOOCT23!$A$7:$AU$45,38,0) -> 0 | J17: =IF(I17=0,0,VLOOKUP($A17,[6]HISTOOCT23!$A$7:$AU$45,42,0)) -> 0 | K17: =VLOOKUP($A17,[6]HISTOOCT23!$A$7:$AU$45,41,0) -> 0 | L17: =TONTSEPT23!H17+TONTSEPT23!I17 -> 0 | M17: =VLOOKUP($A17,[6]HISTOOCT23!$A$7:$AU$45,16,0) -> 0 | N17: =IF(M17<>0,VLOOKUP($A17,[6]HISTOOCT23!$A$7:$AU$45,8,0),"ECHEC") -> ECHEC | O17: =IF(R17=0,0,VLOOKUP($A17,[6]HISTOOCT23!$A$7:$AU$45,32,0)) -> 0 | P17: =VLOOKUP($A17,[6]HISTOOCT23!$A$7:$AU$45,33,0) -> 0 | Q17: =IF(R17=0,0,($C$3-R17)) -> 0 | R17: =VLOOKUP($A17,[6]HISTOOCT23!$A$7:$AU$45,29,0) -> 0
... A35: AS201647 | B35: =IF(D35=0,0,VLOOKUP($A35,[6]HISTOOCT23!$A$6:$BO$40,10,0)) -> 1 | C35: =VLOOKUP(A35,[7]LISTADHERENT!A$5:H$60,3,0) -> YOUMBI EMMANUEL | D35: =IF(G35="ECHEC",0,B$3) -> 25000 | E35: =D35+VLOOKUP($A35,[6]HISTOOCT23!$A$7:$AU$40,45,0)+F35 -> 40000 | F35: =VLOOKUP($A35,[6]HISTOOCT23!$A$7:$AU$45,7,0) -> 0 | G35: =VLOOKUP($A35,[6]HISTOOCT23!$A$7:$AU$45,8,0) -> BANQUE | H35: =VLOOKUP($A35,[6]HISTOOCT23!$A$6:$AU$45,35,0) -> 0 | I35: =VLOOKUP($A35,[6]HISTOOCT23!$A$7:$AU$45,38,0) -> 0 | J35: =IF(I35=0,0,VLOOKUP($A35,[6]HISTOOCT23!$A$7:$AU$45,42,0)) -> 0 | K35: =VLOOKUP($A35,[6]HISTOOCT23!$A$7:$AU$45,41,0) -> 0 | L35: =TONTSEPT23!H35+TONTSEPT23!I35 -> 0 | M35: =VLOOKUP($A35,[6]HISTOOCT23!$A$7:$AU$45,16,0) -> 0 | N35: =IF(M35<>0,VLOOKUP($A35,[6]HISTOOCT23!$A$7:$AU$45,8,0),"ECHEC") -> ECHEC | O35: =IF(R35=0,0,VLOOKUP($A35,[6]HISTOOCT23!$A$7:$AU$45,32,0)) -> 0 | P35: =VLOOKUP($A35,[6]HISTOOCT23!$A$7:$AU$45,33,0) -> 0 | Q35: =IF(R35=0,0,($C$3-R35)) -> 0 | R35: =VLOOKUP($A35,[6]HISTOOCT23!$A$7:$AU$45,29,0) -> 0
A37: TOTAL PART | B37: =SUM(B6:B36) -> 30
A38: NBRE ADHERENT | B38: =COUNT(D6:D35) -> 30 | D38: =SUM(D6:D37) -> 750000 | E38: =SUM(E6:E37) -> 1535500 | F38: =SUM(F6:F37) -> 0 | H38: =SUM(H6:H37) -> 147500 | I38: =SUM(I6:I37) -> 2500 | L38: =SUM(L6:L37) -> 17500 | M38: =SUM(M6:M37) -> 17500 | N38: =SUM(N6:N37) -> 0 | O38: =SUM(O6:O37) -> 0 | P38: =SUM(P6:P37) -> 0 | Q38: =SUM(Q6:Q37) -> 595000 | R38: =SUM(R6:R37) -> 5000
N39: NBRE PART | O39: PART VENDUE
D40: MONTANT TONTINE | E40: MONTANT VERSE | G40: REMBOURSEMENT PETIT LOT | H40: VENTE PETIT LOT | I40: VENTE LOT PRINCIPAL | J40: SOLDE EN CAISSE | L40: TONTINE + REMB + INTERET VENTE | M40: =D44+G44+R38+TONTSEPT23!O45 -> 759500
D41: =SUMIFS(D6:D37,G6:G37,"ESPECES") -> 75000 | E41: =SUMIFS(E6:E37,G6:G37,"ESPECES") -> 120000 | F41: ESPECES | G41: =SUMIFS(M6:M35,N6:N35,"ESPECES") -> 17500 | H41: =SUMIFS(H6:H37,J6:J37,"ESPECES") -> 0 | I41: =SUMIFS(Q6:Q37,O6:O37,"ESPECES") -> 0 | J41: =D41+G41-H41-I41 -> 92500 | L41: LOT PRINCIPAL | M41: =C3*COUNTIF(Q6:Q37,">0") -> 600000 | N41: =D3 -> 2 | O41: =COUNTIF(Q6:Q35,">0") -> 2
D42: =SUMIFS(D6:D37,G6:G37,"BANQUE") -> 675000 | E42: =SUMIFS(E6:E38,G6:G38,"BANQUE") -> 1415500 | F42: BANQUE | G42: =SUMIFS(M6:M35,N6:N35,"BANQUE") -> 0 | H42: =SUMIFS(H6:H37,J6:J37,"BANQUE") -> 147500 | I42: =SUMIFS(Q6:Q37,O6:O37,"BANQUE") -> 595000 | J42: =D42+G42-H42-I42 -> -67500
L43: PETIT LOT | M43: =M40-M41 -> 159500
D44: =D41+D42 -> 750000 | E44: =E41+E42 -> 1535500 | F44: TOTAL | G44: =G41+G42 -> 17500 | H44: =H41+H42 -> 147500 | I44: =I41+I42 -> 595000 | J44: =J41+J42 -> 25000
F45: TOTAL+DEPOT | L45: RELIQUAT | M45: =M43-H38 -> 12000 | O45: =TONTOCT23!M45 -> 12000 | P45: CUMUL
L47: ECHEC TONTINE MOIS | M47: =COUNTIFS(G6:G36,"ECHEC")*25000 -> 0 | O47: =TONTSEPT23!O47+TONTOCT23!M47 -> 0 | P47: CUMUL
L48: ECHEC REMBOURSEMENT MOIS | M48: =L38-G44 -> 0 | O48: =TONTSEPT23!O48+TONTOCT23!M48 -> 0 | P48: CUMUL

Sheet TONTNOV23
A1: ASSOCIATION | B1: ASELBY
A2: ANNEE | B2: 2023 | C2: TONIINE | D2: NBRE PART
A3: TAUX TONTINE | B3: 25000 | C3: =B3*12 -> 300000 | D3: =ROUNDDOWN(M40/C3,0) -> 3
C4: 45243
A5: MATRICULE | B5: NBREPART | C5: NOM ET PRENOM | D5: MONTANT TONTINE | E5: MONTANT VERSE | F5: PENALITE VERSEMENT ESPECES | G5: MODE VERSEMENT | H5: VENTE PETIT LOT | I5: INTERET PETIT LOT | J5: MODE VERSEMENT VENTE PETIT LOT | K5: NUMERO CHEQUE | L5: MONTANT A REMBOURSER PETIT LOT | M5: REMBOURSEMENT PETIT LOT | N5: MODE VERSEMENT REMBOURSEMENT | O5: MODE VERSEMENTLOT PRINCIPAL | P5: NUMERO CHEQUE | Q5: MONTANT LOT PRINCIPAL | R5: INTERET LOT PRINCIPAL
A6: AS201601 | B6: =IF(D6=0,0,VLOOKUP($A6,[6]HISTONOV23!$A$6:$BO$40,10,0)) -> 1 | C6: =VLOOKUP(A6,[7]LISTADHERENT!A$5:H$60,3,0) -> BAKOP ACHILLE | D6: =IF(G6="ECHEC",0,B$3) -> 25000 | E6: =D6+VLOOKUP($A6,[6]HISTONOV23!$A$7:$AU$40,45,0)+F6 -> 40000 | F6: =VLOOKUP($A6,[6]HISTONOV23!$A$7:$AU$45,7,0) -> 0 | G6: =VLOOKUP($A6,[6]HISTONOV23!$A$7:$AU$45,8,0) -> BANQUE | H6: =VLOOKUP($A6,[6]HISTONOV23!$A$6:$AU$45,35,0) -> 28000 | I6: =VLOOKUP($A6,[6]HISTONOV23!$A$7:$AU$45,38,0) -> 1000 | J6: =IF(I6=0,0,VLOOKUP($A6,[6]HISTONOV23!$A$7:$AU$45,42,0)) -> BANQUE | K6: =VLOOKUP($A6,[6]HISTONOV23!$A$7:$AU$45,41,0) -> 0 | L6: =TONTOCT23!H6+TONTOCT23!I6 -> 28000 | M6: =VLOOKUP($A6,[6]HISTONOV23!$A$7:$AU$45,16,0) -> 28000 | N6: =IF(M6<>0,VLOOKUP($A6,[6]HISTONOV23!$A$7:$AU$45,8,0),"ECHEC") -> BANQUE | O6: =IF(R6=0,0,VLOOKUP($A6,[6]HISTONOV23!$A$7:$AU$45,32,0)) -> 0 | P6: =VLOOKUP($A6,[6]HISTONOV23!$A$7:$AU$45,33,0) -> 0 | Q6: =IF(R6=0,0,($C$3-R6)) -> 0 | R6: =VLOOKUP($A6,[6]HISTONOV23!$A$7:$AU$45,29,0) -> 0
A7: AS201602 | B7: =IF(D7=0,0,VLOOKUP($A7,[6]HISTONOV23!$A$6:$BO$40,10,0)) -> 1 | C7: =VLOOKUP(A7,[7]LISTADHERENT!A$5:H$60,3,0) -> BOUTCHOUANG WILLIAM | D7: =IF(G7="ECHEC",0,B$3) -> 25000 | E7: =D7+VLOOKUP($A7,[6]HISTONOV23!$A$7:$AU$40,45,0)+F7 -> 40000 | F7: =VLOOKUP($A7,[6]HISTONOV23!$A$7:$AU$45,7,0) -> 0 | G7: =VLOOKUP($A7,[6]HISTONOV23!$A$7:$AU$45,8,0) -> BANQUE | H7: =VLOOKUP($A7,[6]HISTONOV23!$A$6:$AU$45,35,0) -> 0 | I7: =VLOOKUP($A7,[6]HISTONOV23!$A$7:$AU$45,38,0) -> 0 | J7: =IF(I7=0,0,VLOOKUP($A7,[6]HISTONOV23!$A$7:$AU$45,42,0)) -> 0 | K7: =VLOOKUP($A7,[6]HISTONOV23!$A$7:$AU$45,41,0) -> 0 | L7: =TONTOCT23!H7+TONTOCT23!I7 -> 0 | M7: =VLOOKUP($A7,[6]HISTONOV23!$A$7:$AU$45,16,0) -> 0 | N7: =IF(M7<>0,VLOOKUP($A7,[6]HISTONOV23!$A$7:$AU$45,8,0),"ECHEC") -> ECHEC | O7: =IF(R7=0,0,VLOOKUP($A7,[6]HISTONOV23!$A$7:$AU$45,32,0)) -> 0 | P7: =VLOOKUP($A7,[6]HISTONOV23!$A$7:$AU$45,33,0) -> 0 | Q7: =IF(R7=0,0,($C$3-R7)) -> 0 | R7: =VLOOKUP($A7,[6]HISTONOV23!$A$7:$AU$45,29,0) -> 0
A8: AS201604 | B8: =IF(D8=0,0,VLOOKUP($A8,[6]HISTONOV23!$A$6:$BO$40,10,0)) -> 1 | C8: =VLOOKUP(A8,[7]LISTADHERENT!A$5:H$60,3,0) -> DJOMO JEAN PAUL | D8: =IF(G8="ECHEC",0,B$3) -> 25000 | E8: =D8+VLOOKUP($A8,[6]HISTONOV23!$A$7:$AU$40,45,0)+F8 -> 40000 | F8: =VLOOKUP($A8,[6]HISTONOV23!$A$7:$AU$45,7,0) -> 0 | G8: =VLOOKUP($A8,[6]HISTONOV23!$A$7:$AU$45,8,0) -> BANQUE | H8: =VLOOKUP($A8,[6]HISTONOV23!$A$6:$AU$45,35,0) -> 0 | I8: =VLOOKUP($A8,[6]HISTONOV23!$A$7:$AU$45,38,0) -> 0 | J8: =IF(I8=0,0,VLOOKUP($A8,[6]HISTONOV23!$A$7:$AU$45,42,0)) -> 0 | K8: =VLOOKUP($A8,[6]HISTONOV23!$A$7:$AU$45,41,0) -> 0 | L8: =TONTOCT23!H8+TONTOCT23!I8 -> 0 | M8: =VLOOKUP($A8,[6]HISTONOV23!$A$7:$AU$45,16,0) -> 0 | N8: =IF(M8<>0,VLOOKUP($A8,[6]HISTONOV23!$A$7:$AU$45,8,0),"ECHEC") -> ECHEC | O8: =IF(R8=0,0,VLOOKUP($A8,[6]HISTONOV23!$A$7:$AU$45,32,0)) -> 0 | P8: =VLOOKUP($A8,[6]HISTONOV23!$A$7:$AU$45,33,0) -> 0 | Q8: =IF(R8=0,0,($C$3-R8)) -> 0 | R8: =VLOOKUP($A8,[6]HISTONOV23!$A$7:$AU$45,29,0) -> 0
A9: AS201654 | B9: =IF(D9=0,0,VLOOKUP($A9,[6]HISTONOV23!$A$6:$BO$40,10,0)) -> 1 | C9: =VLOOKUP(A9,[7]LISTADHERENT!A$5:H$60,3,0) -> DJOMOU TCHAPDA | D9: =IF(G9="ECHEC",0,B$3) -> 25000 | E9: =D9+VLOOKUP($A9,[6]HISTONOV23!$A$7:$AU$40,45,0)+F9 -> 40000 | F9: =VLOOKUP($A9,[6]HISTONOV23!$A$7:$AU$45,7,0) -> 0 | G9: =VLOOKUP($A9,[6]HISTONOV23!$A$7:$AU$45,8,0) -> BANQUE | H9: =VLOOKUP($A9,[6]HISTONOV23!$A$6:$AU$45,35,0) -> 0 | I9: =VLOOKUP($A9,[6]HISTONOV23!$A$7:$AU$45,38,0) -> 0 | J9: =IF(I9=0,0,VLOOKUP($A9,[6]HISTONOV23!$A$7:$AU$45,42,0)) -> 0 | K9: =VLOOKUP($A9,[6]HISTONOV23!$A$7:$AU$45,41,0) -> 0 | L9: =TONTOCT23!H9+TONTOCT23!I9 -> 0 | M9: =VLOOKUP($A9,[6]HISTONOV23!$A$7:$AU$45,16,0) -> 0 | N9: =IF(M9<>0,VLOOKUP($A9,[6]HISTONOV23!$A$7:$AU$45,8,0),"ECHEC") -> ECHEC | O9: =IF(R9=0,0,VLOOKUP($A9,[6]HISTONOV23!$A$7:$AU$45,32,0)) -> 0 | P9: =VLOOKUP($A9,[6]HISTONOV23!$A$7:$AU$45,33,0) -> 0 | Q9: =IF(R9=0,0,($C$3-R9)) -> 0 | R9: =VLOOKUP($A9,[6]HISTONOV23!$A$7:$AU$45,29,0) -> 0
A10: AS201605 | B10: =IF(D10=0,0,VLOOKUP($A10,[6]HISTONOV23!$A$6:$BO$40,10,0)) -> 1 | C10: =VLOOKUP(A10,[7]LISTADHERENT!A$5:H$60,3,0) -> DJOUKWE NANGUEN GUY BLAISE | D10: =IF(G10="ECHEC",0,B$3) -> 25000 | E10: =D10+VLOOKUP($A10,[6]HISTONOV23!$A$7:$AU$40,45,0)+F10 -> 40000 | F10: =VLOOKUP($A10,[6]HISTONOV23!$A$7:$AU$45,7,0) -> 0 | G10: =VLOOKUP($A10,[6]HISTONOV23!$A$7:$AU$45,8,0) -> BANQUE | H10: =VLOOKUP($A10,[6]HISTONOV23!$A$6:$AU$45,35,0) -> 0 | I10: =VLOOKUP($A10,[6]HISTONOV23!$A$7:$AU$45,38,0) -> 0 | J10: =IF(I10=0,0,VLOOKUP($A10,[6]HISTONOV23!$A$7:$AU$45,42,0)) -> 0 | K10: =VLOOKUP($A10,[6]HISTONOV23!$A$7:$AU$45,41,0) -> 0 | L10: =TONTOCT23!H10+TONTOCT23!I10 -> 0 | M10: =VLOOKUP($A10,[6]HISTONOV23!$A$7:$AU$45,16,0) -> 0 | N10: =IF(M10<>0,VLOOKUP($A10,[6]HISTONOV23!$A$7:$AU$45,8,0),"ECHEC") -> ECHEC | O10: =IF(R10=0,0,VLOOKUP($A10,[6]HISTONOV23!$A$7:$AU$45,32,0)) -> 0 | P10: =VLOOKUP($A10,[6]HISTONOV23!$A$7:$AU$45,33,0) -> 0 | Q10: =IF(R10=0,0,($C$3-R10)) -> 0 | R10: =VLOOKUP($A10,[6]HISTONOV23!$A$7:$AU$45,29,0) -> 0
A11: AS201608 | B11: =IF(D11=0,0,VLOOKUP($A11,[6]HISTONOV23!$A$6:$BO$40,10,0)) -> 1 | C11: =VLOOKUP(A11,[7]LISTADHERENT!A$5:H$60,3,0) -> DJUOMBESSY ANTOINE | D11: =IF(G11="ECHEC",0,B$3) -> 25000 | E11: =D11+VLOOKUP($A11,[6]HISTONOV23!$A$7:$AU$40,45,0)+F11 -> 45000 | F11: =VLOOKUP($A11,[6]HISTONOV23!$A$7:$AU$45,7,0) -> 0 | G11: =VLOOKUP($A11,[6]HISTONOV23!$A$7:$AU$45,8,0) -> BANQUE | H11: =VLOOKUP($A11,[6]HISTONOV23!$A$6:$AU$45,35,0) -> 0 | I11: =VLOOKUP($A11,[6]HISTONOV23!$A$7:$AU$45,38,0) -> 0 | J11: =IF(I11=0,0,VLOOKUP($A11,[6]HISTONOV23!$A$7:$AU$45,42,0)) -> 0 | K11: =VLOOKUP($A11,[6]HISTONOV23!$A$7:$AU$45,41,0) -> 0 | L11: =TONTOCT23!H11+TONTOCT23!I11 -> 0 | M11: =VLOOKUP($A11,[6]HISTONOV23!$A$7:$AU$45,16,0) -> 0 | N11: =IF(M11<>0,VLOOKUP($A11,[6]HISTONOV23!$A$7:$AU$45,8,0),"ECHEC") -> ECHEC | O11: =IF(R11=0,0,VLOOKUP($A11,[6]HISTONOV23!$A$7:$AU$45,32,0)) -> 0 | P11: =VLOOKUP($A11,[6]HISTONOV23!$A$7:$AU$45,33,0) -> 0 | Q11: =IF(R11=0,0,($C$3-R11)) -> 0 | R11: =VLOOKUP($A11,[6]HISTONOV23!$A$7:$AU$45,29,0) -> 0
A12: AS201651 | B12: =IF(D12=0,0,VLOOKUP($A12,[6]HISTONOV23!$A$6:$BO$40,10,0)) -> 1 | C12: =VLOOKUP(A12,[7]LISTADHERENT!A$5:H$60,3,0) -> DOMOU FABIEN | D12: =IF(G12="ECHEC",0,B$3) -> 25000 | E12: =D12+VLOOKUP($A12,[6]HISTONOV23!$A$7:$AU$40,45,0)+F12 -> 40000 | F12: =VLOOKUP($A12,[6]HISTONOV23!$A$7:$AU$45,7,0) -> 0 | G12: =VLOOKUP($A12,[6]HISTONOV23!$A$7:$AU$45,8,0) -> BANQUE | H12: =VLOOKUP($A12,[6]HISTONOV23!$A$6:$AU$45,35,0) -> 0 | I12: =VLOOKUP($A12,[6]HISTONOV23!$A$7:$AU$45,38,0) -> 0 | J12: =IF(I12=0,0,VLOOKUP($A12,[6]HISTONOV23!$A$7:$AU$45,42,0)) -> 0 | K12: =VLOOKUP($A12,[6]HISTONOV23!$A$7:$AU$45,41,0) -> 0 | L12: =TONTOCT23!H12+TONTOCT23!I12 -> 0 | M12: =VLOOKUP($A12,[6]HISTONOV23!$A$7:$AU$45,16,0) -> 0 | N12: =IF(M12<>0,VLOOKUP($A12,[6]HISTONOV23!$A$7:$AU$45,8,0),"ECHEC") -> ECHEC | O12: =IF(R12=0,0,VLOOKUP($A12,[6]HISTONOV23!$A$7:$AU$45,32,0)) -> 0 | P12: =VLOOKUP($A12,[6]HISTONOV23!$A$7:$AU$45,33,0) -> 0 | Q12: =IF(R12=0,0,($C$3-R12)) -> 0 | R12: =VLOOKUP($A12,[6]HISTONOV23!$A$7:$AU$45,29,0) -> 0
A13: AS201609 | B13: =IF(D13=0,0,VLOOKUP($A13,[6]HISTONOV23!$A$6:$BO$40,10,0)) -> 1 | C13: =VLOOKUP(A13,[7]LISTADHERENT!A$5:H$60,3,0) -> DONHOU DAVID | D13: =IF(G13="ECHEC",0,B$3) -> 25000 | E13: =D13+VLOOKUP($A13,[6]HISTONOV23!$A$7:$AU$40,45,0)+F13 -> 40000 | F13: =VLOOKUP($A13,[6]HISTONOV23!$A$7:$AU$45,7,0) -> 0 | G13: =VLOOKUP($A13,[6]HISTONOV23!$A$7:$AU$45,8,0) -> BANQUE | H13: =VLOOKUP($A13,[6]HISTONOV23!$A$6:$AU$45,35,0) -> 0 | I13: =VLOOKUP($A13,[6]HISTONOV23!$A$7:$AU$45,38,0) -> 0 | J13: =IF(I13=0,0,VLOOKUP($A13,[6]HISTONOV23!$A$7:$AU$45,42,0)) -> 0 | K13: =VLOOKUP($A13,[6]HISTONOV23!$A$7:$AU$45,41,0) -> 0 | L13: =TONTOCT23!H13+TONTOCT23!I13 -> 0 | M13: =VLOOKUP($A13,[6]HISTONOV23!$A$7:$AU$45,16,0) -> 0 | N13: =IF(M13<>0,VLOOKUP($A13,[6]HISTONOV23!$A$7:$AU$45,8,0),"ECHEC") -> ECHEC | O13: =IF(R13=0,0,VLOOKUP($A13,[6]HISTONOV23!$A$7:$AU$45,32,0)) -> 0 | P13: =VLOOKUP($A13,[6]HISTONOV23!$A$7:$AU$45,33,0) -> 0 | Q13: =IF(R13=0,0,($C$3-R13)) -> 297500 | R13: =VLOOKUP($A13,[6]HISTONOV23!$A$7:$AU$45,29,0) -> 2500
A14: AS201611 | B14: =IF(D14=0,0,VLOOKUP($A14,[6]HISTONOV23!$A$6:$BO$40,10,0)) -> 1 | C14: =VLOOKUP(A14,[7]LISTADHERENT!A$5:H$60,3,0) -> HENGUE PAUL OMER | D14: =IF(G14="ECHEC",0,B$3) -> 25000 | E14: =D14+VLOOKUP($A14,[6]HISTONOV23!$A$7:$AU$40,45,0)+F14 -> 40000 | F14: =VLOOKUP($A14,[6]HISTONOV23!$A$7:$AU$45,7,0) -> 0 | G14: =VLOOKUP($A14,[6]HISTONOV23!$A$7:$AU$45,8,0) -> BANQUE | H14: =VLOOKUP($A14,[6]HISTONOV23!$A$6:$AU$45,35,0) -> 0 | I14: =VLOOKUP($A14,[6]HISTONOV23!$A$7:$AU$45,38,0) -> 0 | J14: =IF(I14=0,0,VLOOKUP($A14,[6]HISTONOV23!$A$7:$AU$45,42,0)) -> 0 | K14: =VLOOKUP($A14,[6]HISTONOV23!$A$7:$AU$45,41,0) -> 0 | L14: =TONTOCT23!H14+TONTOCT23!I14 -> 0 | M14: =VLOOKUP($A14,[6]HISTONOV23!$A$7:$AU$45,16,0) -> 0 | N14: =IF(M14<>0,VLOOKUP($A14,[6]HISTONOV23!$A$7:$AU$45,8,0),"ECHEC") -> ECHEC | O14: =IF(R14=0,0,VLOOKUP($A14,[6]HISTONOV23!$A$7:$AU$45,32,0)) -> 0 | P14: =VLOOKUP($A14,[6]HISTONOV23!$A$7:$AU$45,33,0) -> 0 | Q14: =IF(R14=0,0,($C$3-R14)) -> 0 | R14: =VLOOKUP($A14,[6]HISTONOV23!$A$7:$AU$45,29,0) -> 0
A15: AS201613 | B15: =IF(D15=0,0,VLOOKUP($A15,[6]HISTONOV23!$A$6:$BO$40,10,0)) -> 1 | C15: =VLOOKUP(A15,[7]LISTADHERENT!A$5:H$60,3,0) -> HOTCHO BENJAMIN | D15: =IF(G15="ECHEC",0,B$3) -> 25000 | E15: =D15+VLOOKUP($A15,[6]HISTONOV23!$A$7:$AU$40,45,0)+F15 -> 75000 | F15: =VLOOKUP($A15,[6]HISTONOV23!$A$7:$AU$45,7,0) -> 0 | G15: =VLOOKUP($A15,[6]HISTONOV23!$A$7:$AU$45,8,0) -> BANQUE | H15: =VLOOKUP($A15,[6]HISTONOV23!$A$6:$AU$45,35,0) -> 0 | I15: =VLOOKUP($A15,[6]HISTONOV23!$A$7:$AU$45,38,0) -> 0 | J15: =IF(I15=0,0,VLOOKUP($A15,[6]HISTONOV23!$A$7:$AU$45,42,0)) -> 0 | K15: =VLOOKUP($A15,[6]HISTONOV23!$A$7:$AU$45,41,0) -> 0 | L15: =TONTOCT23!H15+TONTOCT23!I15 -> 0 | M15: =VLOOKUP($A15,[6]HISTONOV23!$A$7:$AU$45,16,0) -> 0 | N15: =IF(M15<>0,VLOOKUP($A15,[6]HISTONOV23!$A$7:$AU$45,8,0),"ECHEC") -> ECHEC | O15: =IF(R15=0,0,VLOOKUP($A15,[6]HISTONOV23!$A$7:$AU$45,32,0)) -> 0 | P15: =VLOOKUP($A15,[6]HISTONOV23!$A$7:$AU$45,33,0) -> 0 | Q15: =IF(R15=0,0,($C$3-R15)) -> 0 | R15: =VLOOKUP($A15,[6]HISTONOV23!$A$7:$AU$45,29,0) -> 0
A16: AS201617 | B16: =IF(D16=0,0,VLOOKUP($A16,[6]HISTONOV23!$A$6:$BO$40,10,0)) -> 1 | C16: =VLOOKUP(A16,[7]LISTADHERENT!A$5:H$60,3,0) -> KOUAMOU MOISE | D16: =IF(G16="ECHEC",0,B$3) -> 25000 | E16: =D16+VLOOKUP($A16,[6]HISTONOV23!$A$7:$AU$40,45,0)+F16 -> 40000 | F16: =VLOOKUP($A16,[6]HISTONOV23!$A$7:$AU$45,7,0) -> 0 | G16: =VLOOKUP($A16,[6]HISTONOV23!$A$7:$AU$45,8,0) -> BANQUE | H16: =VLOOKUP($A16,[6]HISTONOV23!$A$6:$AU$45,35,0) -> 0 | I16: =VLOOKUP($A16,[6]HISTONOV23!$A$7:$AU$45,38,0) -> 0 | J16: =IF(I16=0,0,VLOOKUP($A16,[6]HISTONOV23!$A$7:$AU$45,42,0)) -> 0 | K16: =VLOOKUP($A16,[6]HISTONOV23!$A$7:$AU$45,41,0) -> 0 | L16: =TONTOCT23!H16+TONTOCT23!I16 -> 0 | M16: =VLOOKUP($A16,[6]HISTONOV23!$A$7:$AU$45,16,0) -> 0 | N16: =IF(M16<>0,VLOOKUP($A16,[6]HISTONOV23!$A$7:$AU$45,8,0),"ECHEC") -> ECHEC | O16: =IF(R16=0,0,VLOOKUP($A16,[6]HISTONOV23!$A$7:$AU$45,32,0)) -> 0 | P16: =VLOOKUP($A16,[6]HISTONOV23!$A$7:$AU$45,33,0) -> 0 | Q16: =IF(R16=0,0,($C$3-R16)) -> 0 | R16: =VLOOKUP($A16,[6]HISTONOV23!$A$7:$AU$45,29,0) -> 0
A17: AS201619 | B17: =IF(D17=0,0,VLOOKUP($A17,[6]HISTONOV23!$A$6:$BO$40,10,0)) -> 1 | C17: =VLOOKUP(A17,[7]LISTADHERENT!A$5:H$60,3,0) -> KOUATCHO MESSACK | D17: =IF(G17="ECHEC",0,B$3) -> 25000 | E17: =D17+VLOOKUP($A17,[6]HISTONOV23!$A$7:$AU$40,45,0)+F17 -> 40000 | F17: =VLOOKUP($A17,[6]HISTONOV23!$A$7:$AU$45,7,0) -> 0 | G17: =VLOOKUP($A17,[6]HISTONOV23!$A$7:$AU$45,8,0) -> BANQUE | H17: =VLOOKUP($A17,[6]HISTONOV23!$A$6:$AU$45,35,0) -> 30000 | I17: =VLOOKUP($A17,[6]HISTONOV23!$A$7:$AU$45,38,0) -> 500 | J17: =IF(I17=0,0,VLOOKUP($A17,[6]HISTONOV23!$A$7:$AU$45,42,0)) -> BANQUE | K17: =VLOOKUP($A17,[6]HISTONOV23!$A$7:$AU$45,41,0) -> 0 | L17: =TONTOCT23!H17+TONTOCT23!I17 -> 0 | M17: =VLOOKUP($A17,[6]HISTONOV23!$A$7:$AU$45,16,0) -> 0 | N17: =IF(M17<>0,VLOOKUP($A17,[6]HISTONOV23!$A$7:$AU$45,8,0),"ECHEC") -> ECHEC | O17: =IF(R17=0,0,VLOOKUP($A17,[6]HISTONOV23!$A$7:$AU$45,32,0)) -> 0 | P17: =VLOOKUP($A17,[6]HISTONOV23!$A$7:$AU$45,33,0) -> 0 | Q17: =IF(R17=0,0,($C$3-R17)) -> 0 | R17: =VLOOKUP($A17,[6]HISTONOV23!$A$7:$AU$45,29,0) -> 0
... A35: AS201647 | B35: =IF(D35=0,0,VLOOKUP($A35,[6]HISTONOV23!$A$6:$BO$40,10,0)) -> 1 | C35: =VLOOKUP(A35,[7]LISTADHERENT!A$5:H$60,3,0) -> YOUMBI EMMANUEL | D35: =IF(G35="ECHEC",0,B$3) -> 25000 | E35: =D35+VLOOKUP($A35,[6]HISTONOV23!$A$7:$AU$40,45,0)+F35 -> 40000 | F35: =VLOOKUP($A35,[6]HISTONOV23!$A$7:$AU$45,7,0) -> 0 | G35: =VLOOKUP($A35,[6]HISTONOV23!$A$7:$AU$45,8,0) -> BANQUE | H35: =VLOOKUP($A35,[6]HISTONOV23!$A$6:$AU$45,35,0) -> 0 | I35: =VLOOKUP($A35,[6]HISTONOV23!$A$7:$AU$45,38,0) -> 0 | J35: =IF(I35=0,0,VLOOKUP($A35,[6]HISTONOV23!$A$7:$AU$45,42,0)) -> 0 | K35: =VLOOKUP($A35,[6]HISTONOV23!$A$7:$AU$45,41,0) -> 0 | L35: =TONTOCT23!H35+TONTOCT23!I35 -> 0 | M35: =VLOOKUP($A35,[6]HISTONOV23!$A$7:$AU$45,16,0) -> 0 | N35: =IF(M35<>0,VLOOKUP($A35,[6]HISTONOV23!$A$7:$AU$45,8,0),"ECHEC") -> ECHEC | O35: =IF(R35=0,0,VLOOKUP($A35,[6]HISTONOV23!$A$7:$AU$45,32,0)) -> 0 | P35: =VLOOKUP($A35,[6]HISTONOV23!$A$7:$AU$45,33,0) -> 0 | Q35: =IF(R35=0,0,($C$3-R35)) -> 297500 | R35: =VLOOKUP($A35,[6]HISTONOV23!$A$7:$AU$45,29,0) -> 2500
A37: TOTAL PART | B37: =SUM(B6:B36) -> 30
A38: NBRE ADHERENT | B38: =COUNT(D6:D35) -> 30 | D38: =SUM(D6:D37) -> 750000 | E38: =SUM(E6:E37) -> 1302500 | F38: =SUM(F6:F37) -> 18000 | H38: =SUM(H6:H37) -> 58000 | I38: =SUM(I6:I37) -> 1500 | L38: =SUM(L6:L37) -> 150000 | M38: =SUM(M6:M37) -> 150000 | N38: =SUM(N6:N37) -> 0 | O38: =SUM(O6:O37) -> 0 | P38: =SUM(P6:P37) -> 0 | Q38: =SUM(Q6:Q37) -> 892500 | R38: =SUM(R6:R37) -> 7500
N39: NBRE PART | O39: PART VENDUE
D40: MONTANT TONTINE | E40: MONTANT VERSE | G40: REMBOURSEMENT PETIT LOT | H40: VENTE PETIT LOT | I40: VENTE LOT PRINCIPAL | J40: SOLDE EN CAISSE | L40: TONTINE + REMB + INTERET VENTE | M40: =D44+G44+R38+TONTOCT23!O45 -> 919500
D41: =SUMIFS(D6:D37,G6:G37,"ESPECES") -> 50000 | E41: =SUMIFS(E6:E37,G6:G37,"ESPECES") -> 81000 | F41: ESPECES | G41: =SUMIFS(M6:M35,N6:N35,"ESPECES") -> 61000 | H41: =SUMIFS(H6:H37,J6:J37,"ESPECES") -> 0 | I41: =SUMIFS(Q6:Q37,O6:O37,"ESPECES") -> 0 | J41: =D41+G41-H41-I41 -> 111000 | L41: LOT PRINCIPAL | M41: =C3*COUNTIF(Q6:Q37,">0") -> 900000 | N41: =D3 -> 3 | O41: =COUNTIF(Q6:Q35,">0") -> 3
D42: =SUMIFS(D6:D37,G6:G37,"BANQUE") -> 700000 | E42: =SUMIFS(E6:E38,G6:G38,"BANQUE") -> 1221500 | F42: BANQUE | G42: =SUMIFS(M6:M35,N6:N35,"BANQUE") -> 89000 | H42: =SUMIFS(H6:H37,J6:J37,"BANQUE") -> 58000 | I42: =SUMIFS(Q6:Q37,O6:O37,"BANQUE") -> 0 | J42: =D42+G42-H42-I42 -> 731000
L43: PETIT LOT | M43: =M40-M41 -> 19500
D44: =D41+D42 -> 750000 | E44: =E41+E42 -> 1302500 | F44: TOTAL | G44: =G41+G42 -> 150000 | H44: =H41+H42 -> 58000 | I44: =I41+I42 -> 0 | J44: =J41+J42 -> 842000
F45: TOTAL+DEPOT | L45: RELIQUAT | M45: =M43-H38 -> -38500 | O45: =TONTNOV23!M45 -> -38500 | P45: CUMUL
L47: ECHEC TONTINE MOIS | M47: =COUNTIFS(G6:G36,"ECHEC")*25000 -> 0 | O47: =TONTOCT23!O47+TONTNOV23!M47 -> 0 | P47: CUMUL
L48: ECHEC REMBOURSEMENT MOIS | M48: =L38-G44 -> 0 | O48: =TONTOCT23!O48+TONTNOV23!M48 -> 0 | P48: CUMUL

Sheet TONTDEC23
A1: ASSOCIATION | B1: ASELBY
A2: ANNEE | B2: 2023 | C2: TONIINE | D2: NBRE PART
A3: TAUX TONTINE | B3: 25000 | C3: =B3*12 -> 300000 | D3: =ROUNDDOWN(M40/C3,0) -> 2
C4: 45273
A5: MATRICULE | B5: NBREPART | C5: NOM ET PRENOM | D5: MONTANT TONTINE | E5: MONTANT VERSE | F5: PENALITE VERSEMENT ESPECES | G5: MODE VERSEMENT | H5: VENTE PETIT LOT | I5: INTERET PETIT LOT | J5: MODE VERSEMENT VENTE PETIT LOT | K5: NUMERO CHEQUE | L5: MONTANT A REMBOURSER PETIT LOT | M5: REMBOURSEMENT PETIT LOT | N5: MODE VERSEMENT REMBOURSEMENT | O5: MODE VERSEMENTLOT PRINCIPAL | P5: NUMERO CHEQUE | Q5: MONTANT LOT PRINCIPAL | R5: INTERET LOT PRINCIPAL
A6: AS201601 | B6: =IF(D6=0,0,VLOOKUP($A6,[6]HISTODEC23!$A$6:$BO$40,10,0)) -> 1 | C6: =VLOOKUP(A6,[7]LISTADHERENT!A$5:H$60,3,0) -> BAKOP ACHILLE | D6: =IF(G6="ECHEC",0,B$3) -> 25000 | E6: =D6+VLOOKUP($A6,[6]HISTODEC23!$A$7:$AU$40,45,0)+F6 -> 40000 | F6: =VLOOKUP($A6,[6]HISTODEC23!$A$7:$AU$45,7,0) -> 0 | G6: =VLOOKUP($A6,[6]HISTODEC23!$A$7:$AU$45,8,0) -> ESPECES | H6: =VLOOKUP($A6,[6]HISTODEC23!$A$6:$AU$45,35,0) -> 0 | I6: =VLOOKUP($A6,[6]HISTODEC23!$A$7:$AU$45,38,0) -> 0 | J6: =IF(I6=0,0,VLOOKUP($A6,[6]HISTODEC23!$A$7:$AU$45,42,0)) -> 0 | K6: =VLOOKUP($A6,[6]HISTODEC23!$A$7:$AU$45,41,0) -> 0 | L6: =TONTNOV23!H6+TONTNOV23!I6 -> 29000 | M6: =VLOOKUP($A6,[6]HISTODEC23!$A$7:$AU$45,16,0) -> 29000 | N6: =IF(M6<>0,VLOOKUP($A6,[6]HISTODEC23!$A$7:$AU$45,8,0),"ECHEC") -> ESPECES | O6: =IF(R6=0,0,VLOOKUP($A6,[6]HISTODEC23!$A$7:$AU$45,32,0)) -> 0 | P6: =VLOOKUP($A6,[6]HISTODEC23!$A$7:$AU$45,33,0) -> 0 | Q6: =IF(R6=0,0,($C$3-R6)) -> 0 | R6: =VLOOKUP($A6,[6]HISTODEC23!$A$7:$AU$45,29,0) -> 0
A7: AS201602 | B7: =IF(D7=0,0,VLOOKUP($A7,[6]HISTODEC23!$A$6:$BO$40,10,0)) -> 1 | C7: =VLOOKUP(A7,[7]LISTADHERENT!A$5:H$60,3,0) -> BOUTCHOUANG WILLIAM | D7: =IF(G7="ECHEC",0,B$3) -> 25000 | E7: =D7+VLOOKUP($A7,[6]HISTODEC23!$A$7:$AU$40,45,0)+F7 -> 40000 | F7: =VLOOKUP($A7,[6]HISTODEC23!$A$7:$AU$45,7,0) -> 0 | G7: =VLOOKUP($A7,[6]HISTODEC23!$A$7:$AU$45,8,0) -> BANQUE | H7: =VLOOKUP($A7,[6]HISTODEC23!$A$6:$AU$45,35,0) -> 0 | I7: =VLOOKUP($A7,[6]HISTODEC23!$A$7:$AU$45,38,0) -> 0 | J7: =IF(I7=0,0,VLOOKUP($A7,[6]HISTODEC23!$A$7:$AU$45,42,0)) -> 0 | K7: =VLOOKUP($A7,[6]HISTODEC23!$A$7:$AU$45,41,0) -> 0 | L7: =TONTNOV23!H7+TONTNOV23!I7 -> 0 | M7: =VLOOKUP($A7,[6]HISTODEC23!$A$7:$AU$45,16,0) -> 0 | N7: =IF(M7<>0,VLOOKUP($A7,[6]HISTODEC23!$A$7:$AU$45,8,0),"ECHEC") -> ECHEC | O7: =IF(R7=0,0,VLOOKUP($A7,[6]HISTODEC23!$A$7:$AU$45,32,0)) -> 0 | P7: =VLOOKUP($A7,[6]HISTODEC23!$A$7:$AU$45,33,0) -> 0 | Q7: =IF(R7=0,0,($C$3-R7)) -> 0 | R7: =VLOOKUP($A7,[6]HISTODEC23!$A$7:$AU$45,29,0) -> 0
A8: AS201604 | B8: =IF(D8=0,0,VLOOKUP($A8,[6]HISTODEC23!$A$6:$BO$40,10,0)) -> 1 | C8: =VLOOKUP(A8,[7]LISTADHERENT!A$5:H$60,3,0) -> DJOMO JEAN PAUL | D8: =IF(G8="ECHEC",0,B$3) -> 25000 | E8: =D8+VLOOKUP($A8,[6]HISTODEC23!$A$7:$AU$40,45,0)+F8 -> 65000 | F8: =VLOOKUP($A8,[6]HISTODEC23!$A$7:$AU$45,7,0) -> 0 | G8: =VLOOKUP($A8,[6]HISTODEC23!$A$7:$AU$45,8,0) -> BANQUE | H8: =VLOOKUP($A8,[6]HISTODEC23!$A$6:$AU$45,35,0) -> 0 | I8: =VLOOKUP($A8,[6]HISTODEC23!$A$7:$AU$45,38,0) -> 0 | J8: =IF(I8=0,0,VLOOKUP($A8,[6]HISTODEC23!$A$7:$AU$45,42,0)) -> 0 | K8: =VLOOKUP($A8,[6]HISTODEC23!$A$7:$AU$45,41,0) -> 0 | L8: =TONTNOV23!H8+TONTNOV23!I8 -> 0 | M8: =VLOOKUP($A8,[6]HISTODEC23!$A$7:$AU$45,16,0) -> 0 | N8: =IF(M8<>0,VLOOKUP($A8,[6]HISTODEC23!$A$7:$AU$45,8,0),"ECHEC") -> ECHEC | O8: =IF(R8=0,0,VLOOKUP($A8,[6]HISTODEC23!$A$7:$AU$45,32,0)) -> 0 | P8: =VLOOKUP($A8,[6]HISTODEC23!$A$7:$AU$45,33,0) -> 0 | Q8: =IF(R8=0,0,($C$3-R8)) -> 0 | R8: =VLOOKUP($A8,[6]HISTODEC23!$A$7:$AU$45,29,0) -> 0
A9: AS201654 | B9: =IF(D9=0,0,VLOOKUP($A9,[6]HISTODEC23!$A$6:$BO$40,10,0)) -> 1 | C9: =VLOOKUP(A9,[7]LISTADHERENT!A$5:H$60,3,0) -> DJOMOU TCHAPDA | D9: =IF(G9="ECHEC",0,B$3) -> 25000 | E9: =D9+VLOOKUP($A9,[6]HISTODEC23!$A$7:$AU$40,45,0)+F9 -> 40000 | F9: =VLOOKUP($A9,[6]HISTODEC23!$A$7:$AU$45,7,0) -> 0 | G9: =VLOOKUP($A9,[6]HISTODEC23!$A$7:$AU$45,8,0) -> ESPECES | H9: =VLOOKUP($A9,[6]HISTODEC23!$A$6:$AU$45,35,0) -> 0 | I9: =VLOOKUP($A9,[6]HISTODEC23!$A$7:$AU$45,38,0) -> 0 | J9: =IF(I9=0,0,VLOOKUP($A9,[6]HISTODEC23!$A$7:$AU$45,42,0)) -> 0 | K9: =VLOOKUP($A9,[6]HISTODEC23!$A$7:$AU$45,41,0) -> 0 | L9: =TONTNOV23!H9+TONTNOV23!I9 -> 0 | M9: =VLOOKUP($A9,[6]HISTODEC23!$A$7:$AU$45,16,0) -> 0 | N9: =IF(M9<>0,VLOOKUP($A9,[6]HISTODEC23!$A$7:$AU$45,8,0),"ECHEC") -> ECHEC | O9: =IF(R9=0,0,VLOOKUP($A9,[6]HISTODEC23!$A$7:$AU$45,32,0)) -> 0 | P9: =VLOOKUP($A9,[6]HISTODEC23!$A$7:$AU$45,33,0) -> 0 | Q9: =IF(R9=0,0,($C$3-R9)) -> 0 | R9: =VLOOKUP($A9,[6]HISTODEC23!$A$7:$AU$45,29,0) -> 0
A10: AS201605 | B10: =IF(D10=0,0,VLOOKUP($A10,[6]HISTODEC23!$A$6:$BO$40,10,0)) -> 1 | C10: =VLOOKUP(A10,[7]LISTADHERENT!A$5:H$60,3,0) -> DJOUKWE NANGUEN GUY BLAISE | D10: =IF(G10="ECHEC",0,B$3) -> 25000 | E10: =D10+VLOOKUP($A10,[6]HISTODEC23!$A$7:$AU$40,45,0)+F10 -> 40000 | F10: =VLOOKUP($A10,[6]HISTODEC23!$A$7:$AU$45,7,0) -> 0 | G10: =VLOOKUP($A10,[6]HISTODEC23!$A$7:$AU$45,8,0) -> BANQUE | H10: =VLOOKUP($A10,[6]HISTODEC23!$A$6:$AU$45,35,0) -> 0 | I10: =VLOOKUP($A10,[6]HISTODEC23!$A$7:$AU$45,38,0) -> 0 | J10: =IF(I10=0,0,VLOOKUP($A10,[6]HISTODEC23!$A$7:$AU$45,42,0)) -> 0 | K10: =VLOOKUP($A10,[6]HISTODEC23!$A$7:$AU$45,41,0) -> 0 | L10: =TONTNOV23!H10+TONTNOV23!I10 -> 0 | M10: =VLOOKUP($A10,[6]HISTODEC23!$A$7:$AU$45,16,0) -> 0 | N10: =IF(M10<>0,VLOOKUP($A10,[6]HISTODEC23!$A$7:$AU$45,8,0),"ECHEC") -> ECHEC | O10: =IF(R10=0,0,VLOOKUP($A10,[6]HISTODEC23!$A$7:$AU$45,32,0)) -> 0 | P10: =VLOOKUP($A10,[6]HISTODEC23!$A$7:$AU$45,33,0) -> 0 | Q10: =IF(R10=0,0,($C$3-R10)) -> 0 | R10: =VLOOKUP($A10,[6]HISTODEC23!$A$7:$AU$45,29,0) -> 0
A11: AS201608 | B11: =IF(D11=0,0,VLOOKUP($A11,[6]HISTODEC23!$A$6:$BO$40,10,0)) -> 1 | C11: =VLOOKUP(A11,[7]LISTADHERENT!A$5:H$60,3,0) -> DJUOMBESSY ANTOINE | D11: =IF(G11="ECHEC",0,B$3) -> 25000 | E11: =D11+VLOOKUP($A11,[6]HISTODEC23!$A$7:$AU$40,45,0)+F11 -> 45800 | F11: =VLOOKUP($A11,[6]HISTODEC23!$A$7:$AU$45,7,0) -> 0 | G11: =VLOOKUP($A11,[6]HISTODEC23!$A$7:$AU$45,8,0) -> BANQUE | H11: =VLOOKUP($A11,[6]HISTODEC23!$A$6:$AU$45,35,0) -> 0 | I11: =VLOOKUP($A11,[6]HISTODEC23!$A$7:$AU$45,38,0) -> 0 | J11: =IF(I11=0,0,VLOOKUP($A11,[6]HISTODEC23!$A$7:$AU$45,42,0)) -> 0 | K11: =VLOOKUP($A11,[6]HISTODEC23!$A$7:$AU$45,41,0) -> 0 | L11: =TONTNOV23!H11+TONTNOV23!I11 -> 0 | M11: =VLOOKUP($A11,[6]HISTODEC23!$A$7:$AU$45,16,0) -> 0 | N11: =IF(M11<>0,VLOOKUP($A11,[6]HISTODEC23!$A$7:$AU$45,8,0),"ECHEC") -> ECHEC | O11: =IF(R11=0,0,VLOOKUP($A11,[6]HISTODEC23!$A$7:$AU$45,32,0)) -> 0 | P11: =VLOOKUP($A11,[6]HISTODEC23!$A$7:$AU$45,33,0) -> 0 | Q11: =IF(R11=0,0,($C$3-R11)) -> 0 | R11: =VLOOKUP($A11,[6]HISTODEC23!$A$7:$AU$45,29,0) -> 0
A12: AS201651 | B12: =IF(D12=0,0,VLOOKUP($A12,[6]HISTODEC23!$A$6:$BO$40,10,0)) -> 1 | C12: =VLOOKUP(A12,[7]LISTADHERENT!A$5:H$60,3,0) -> DOMOU FABIEN | D12: =IF(G12="ECHEC",0,B$3) -> 25000 | E12: =D12+VLOOKUP($A12,[6]HISTODEC23!$A$7:$AU$40,45,0)+F12 -> 40000 | F12: =VLOOKUP($A12,[6]HISTODEC23!$A$7:$AU$45,7,0) -> 0 | G12: =VLOOKUP($A12,[6]HISTODEC23!$A$7:$AU$45,8,0) -> BANQUE | H12: =VLOOKUP($A12,[6]HISTODEC23!$A$6:$AU$45,35,0) -> 0 | I12: =VLOOKUP($A12,[6]HISTODEC23!$A$7:$AU$45,38,0) -> 0 | J12: =IF(I12=0,0,VLOOKUP($A12,[6]HISTODEC23!$A$7:$AU$45,42,0)) -> 0 | K12: =VLOOKUP($A12,[6]HISTODEC23!$A$7:$AU$45,41,0) -> 0 | L12: =TONTNOV23!H12+TONTNOV23!I12 -> 0 | M12: =VLOOKUP($A12,[6]HISTODEC23!$A$7:$AU$45,16,0) -> 0 | N12: =IF(M12<>0,VLOOKUP($A12,[6]HISTODEC23!$A$7:$AU$45,8,0),"ECHEC") -> ECHEC | O12: =IF(R12=0,0,VLOOKUP($A12,[6]HISTODEC23!$A$7:$AU$45,32,0)) -> 0 | P12: =VLOOKUP($A12,[6]HISTODEC23!$A$7:$AU$45,33,0) -> 0 | Q12: =IF(R12=0,0,($C$3-R12)) -> 0 | R12: =VLOOKUP($A12,[6]HISTODEC23!$A$7:$AU$45,29,0) -> 0
A13: AS201609 | B13: =IF(D13=0,0,VLOOKUP($A13,[6]HISTODEC23!$A$6:$BO$40,10,0)) -> 1 | C13: =VLOOKUP(A13,[7]LISTADHERENT!A$5:H$60,3,0) -> DONHOU DAVID | D13: =IF(G13="ECHEC",0,B$3) -> 25000 | E13: =D13+VLOOKUP($A13,[6]HISTODEC23!$A$7:$AU$40,45,0)+F13 -> 40000 | F13: =VLOOKUP($A13,[6]HISTODEC23!$A$7:$AU$45,7,0) -> 0 | G13: =VLOOKUP($A13,[6]HISTODEC23!$A$7:$AU$45,8,0) -> BANQUE | H13: =VLOOKUP($A13,[6]HISTODEC23!$A$6:$AU$45,35,0) -> 0 | I13: =VLOOKUP($A13,[6]HISTODEC23!$A$7:$AU$45,38,0) -> 0 | J13: =IF(I13=0,0,VLOOKUP($A13,[6]HISTODEC23!$A$7:$AU$45,42,0)) -> 0 | K13: =VLOOKUP($A13,[6]HISTODEC23!$A$7:$AU$45,41,0) -> 0 | L13: =TONTNOV23!H13+TONTNOV23!I13 -> 0 | M13: =VLOOKUP($A13,[6]HISTODEC23!$A$7:$AU$45,16,0) -> 0 | N13: =IF(M13<>0,VLOOKUP($A13,[6]HISTODEC23!$A$7:$AU$45,8,0),"ECHEC") -> ECHEC | O13: =IF(R13=0,0,VLOOKUP($A13,[6]HISTODEC23!$A$7:$AU$45,32,0)) -> 0 | P13: =VLOOKUP($A13,[6]HISTODEC23!$A$7:$AU$45,33,0) -> 0 | Q13: =IF(R13=0,0,($C$3-R13)) -> 0 | R13: =VLOOKUP($A13,[6]HISTODEC23!$A$7:$AU$45,29,0) -> 0
A14: AS201611 | B14: =IF(D14=0,0,VLOOKUP($A14,[6]HISTODEC23!$A$6:$BO$40,10,0)) -> 1 | C14: =VLOOKUP(A14,[7]LISTADHERENT!A$5:H$60,3,0) -> HENGUE PAUL OMER | D14: =IF(G14="ECHEC",0,B$3) -> 25000 | E14: =D14+VLOOKUP($A14,[6]HISTODEC23!$A$7:$AU$40,45,0)+F14 -> 40000 | F14: =VLOOKUP($A14,[6]HISTODEC23!$A$7:$AU$45,7,0) -> 0 | G14: =VLOOKUP($A14,[6]HISTODEC23!$A$7:$AU$45,8,0) -> BANQUE | H14: =VLOOKUP($A14,[6]HISTODEC23!$A$6:$AU$45,35,0) -> 0 | I14: =VLOOKUP($A14,[6]HISTODEC23!$A$7:$AU$45,38,0) -> 0 | J14: =IF(I14=0,0,VLOOKUP($A14,[6]HISTODEC23!$A$7:$AU$45,42,0)) -> 0 | K14: =VLOOKUP($A14,[6]HISTODEC23!$A$7:$AU$45,41,0) -> 0 | L14: =TONTNOV23!H14+TONTNOV23!I14 -> 0 | M14: =VLOOKUP($A14,[6]HISTODEC23!$A$7:$AU$45,16,0) -> 0 | N14: =IF(M14<>0,VLOOKUP($A14,[6]HISTODEC23!$A$7:$AU$45,8,0),"ECHEC") -> ECHEC | O14: =IF(R14=0,0,VLOOKUP($A14,[6]HISTODEC23!$A$7:$AU$45,32,0)) -> 0 | P14: =VLOOKUP($A14,[6]HISTODEC23!$A$7:$AU$45,33,0) -> 0 | Q14: =IF(R14=0,0,($C$3-R14)) -> 0 | R14: =VLOOKUP($A14,[6]HISTODEC23!$A$7:$AU$45,29,0) -> 0
