Workbook
Name BANQUE: #REF!
Name BANQUE: #REF!
Name BANQUE: #REF!
Name BANQUE: #REF!
Name BANQUE: #REF!
Name BANQUE: #REF!
Name BANQUE: #REF!
Name BANQUE: #REF!
Name BANQUE: #REF!
Name BANQUE: #REF!
Name BANQUE: #REF!
Name BANQUE: #REF!
Name BANQUE: #REF!
Name BANQUE: #REF!
Name BANQUE: #REF!
Name BANQUE: #REF!
Name BANQUE: #REF!
Name BANQUE: #REF!
Name BANQUE: #REF!
Name BANQUE: #REF!
Name BANQUE: #REF!
Name BANQUE: #REF!
Name BANQUE: #REF!
Name BANQUE: #REF!
Name BANQUE: #REF!
Name BANQUE: #REF!
Name BANQUE: #REF!
Name BANQUE: #REF!
Name MODEPAID: MODEPAID!$A$1:$A$3
Name MODEPAID: [1]Feuil2!$A$1:$A$3
Name MODEPAID: [1]Feuil2!$A$1:$A$3
Name MODEPAID: [1]Feuil2!$A$1:$A$3
Name MODEPAID: [1]Feuil2!$A$1:$A$3
Name MODEPAID: [1]Feuil2!$A$1:$A$3
Name MODEPAID: [1]Feuil2!$A$1:$A$3
Name MODEPAID: [1]Feuil2!$A$1:$A$3
Name MODEPAID: [1]Feuil2!$A$1:$A$3
Name MODEPAID: [1]Feuil2!$A$1:$A$3
Name MODEPAID: [1]Feuil2!$A$1:$A$3
Name MODEPAID: [1]Feuil2!$A$1:$A$3
Name MODEPAID: [1]Feuil2!$A$1:$A$3
Name MODEPAID: [1]Feuil2!$A$1:$A$3
Name MODEPAID: [1]Feuil2!$A$1:$A$3
Name MODEPAID: [1]Feuil2!$A$1:$A$3
Name MODEPAID: [1]Feuil2!$A$1:$A$3
Name MODEPAID: [1]Feuil2!$A$1:$A$3
Name MODEPAID: [1]Feuil2!$A$1:$A$3
Name MODEPAID: [1]Feuil2!$A$1:$A$3
Name MODEPAID: [1]Feuil2!$A$1:$A$3
Name MODEPAID: [1]Feuil2!$A$1:$A$3
Name MODEPAID: [1]Feuil2!$A$1:$A$3
Name MODEPAID: [1]Feuil2!$A$1:$A$3
Name MODEPAID: [1]Feuil2!$A$1:$A$3
Name MODEPAID: [1]Feuil2!$A$1:$A$3
Name MODEPAID: [1]Feuil2!$A$1:$A$3
Name MODEPAID: [1]Feuil2!$A$1:$A$3
Name MODEPAID: #REF!
Name MODET25000: [2]MODEVERSEMENT!$A$1:$A$3
Name MODEVERSEMENT: #REF!
Name MODEVERSEMENT: #REF!

Sheet MODEPAID
A1: BANQUE
A2: ESPECES
A3: ECHEC

Sheet TONTJANV25
A1: ASSOCIATION | B1: ASELBY
A2: ANNEE | B2: 2025 | C2: TONIINE | D2: NBRE PART
A3: TAUX TONTINE | B3: 100000 | C3: =B3*12 -> 1200000 | D3: =ROUNDDOWN(L27/C3,0) -> 2
C4: 45670
A5: MATRICULE | B5: NBREPART | C5: NOM ET PRENOM | D5: MONTANT TONTINE | E5: MODE VERSEMENT | F5: VENTE PETIT LOT | G5: INTERET PETIT LOT | H5: MODE VERSEMENT VENTE PETIT LOT | I5: NUMERO CHEQUE | J5: MONTANT A REMBOURSER PETIT LOT | K5: REMBOURSEMENT PETIT LOT | L5: MODE VERSEMENT REMBOURSEMENT | M5: MODE VERSEMENTLOT PRINCIPAL | N5: NUMERO CHEQUE | O5: MONTANT LOT PRINCIPAL | P5: INTERET LOT PRINCIPAL
A6: AS201648 | B6: =IF(D6=0,0,VLOOKUP($A6,[6]HISTOJANV25!$A$6:$BQ$47,14,0)) -> 1 | C6: =VLOOKUP(A6,[7]LISTADHERENT!A$5:H$60,3,0) -> ASELBY | D6: =IF(E6="ECHEC",0,VLOOKUP($A6,[6]HISTOJANV25!$A$6:$BB$47,15,0)) -> 100000 | E6: =VLOOKUP($A6,[6]HISTOJANV25!$A$6:$BB$47,9,0) -> BANQUE | F6: =VLOOKUP($A6,[6]HISTOJANV25!$A$6:$BB$47,37,0) -> 0 | G6: =VLOOKUP($A6,[6]HISTOJANV25!$A$6:$BB$47,40,0) -> 0 | H6: =IF(G6=0,"",VLOOKUP($A6,[6]HISTOFEV25!$A$6:$AV$47,42,0)) | I6: =VLOOKUP($A6,[6]HISTOJANV25!$A$6:$BB$47,41,0) -> 0 | K6: =VLOOKUP($A6,[6]HISTOJANV25!$A$6:$BB$47,18,0) -> 0 | L6: =IF(K6<>0,VLOOKUP($A6,[6]HISTOJANV25!$A$6:$BB$47,42,0),"ECHEC") -> ECHEC | M6: =IF(P6<>0,VLOOKUP($A6,[6]HISTOJANV25!$A$6:$BB$47,32,0),"ECHEC") -> ECHEC | N6: =VLOOKUP($A6,[6]HISTOJANV25!$A$6:$BB$47,33,0) -> 0 | O6: =IF(P6=0,0,($C$3-P6)) -> 0 | P6: =VLOOKUP($A6,[6]HISTOJANV25!$A$6:$BB$47,31,0) -> 0
A7: AS201604 | B7: =IF(D7=0,0,VLOOKUP($A7,[6]HISTOJANV25!$A$6:$BQ$47,14,0)) -> 2 | C7: =VLOOKUP(A7,[7]LISTADHERENT!A$5:H$60,3,0) -> DJOMO JEAN PAUL | D7: =IF(E7="ECHEC",0,VLOOKUP($A7,[6]HISTOJANV25!$A$6:$BB$47,15,0)) -> 200000 | E7: =VLOOKUP($A7,[6]HISTOJANV25!$A$6:$BB$47,9,0) -> BANQUE | F7: =VLOOKUP($A7,[6]HISTOJANV25!$A$6:$BB$47,37,0) -> 0 | G7: =VLOOKUP($A7,[6]HISTOJANV25!$A$6:$BB$47,40,0) -> 0 | H7: =IF(G7=0,"",VLOOKUP($A7,[6]HISTOFEV25!$A$6:$AV$47,42,0)) | I7: =VLOOKUP($A7,[6]HISTOJANV25!$A$6:$BB$47,41,0) -> 0 | K7: =VLOOKUP($A7,[6]HISTOJANV25!$A$6:$BB$47,18,0) -> 0 | L7: =IF(K7<>0,VLOOKUP($A7,[6]HISTOJANV25!$A$6:$BB$47,42,0),"ECHEC") -> ECHEC | M7: =IF(P7<>0,VLOOKUP($A7,[6]HISTOJANV25!$A$6:$BB$47,32,0),"ECHEC") -> ECHEC | N7: =VLOOKUP($A7,[6]HISTOJANV25!$A$6:$BB$47,33,0) -> 0 | O7: =IF(P7=0,0,($C$3-P7)) -> 0 | P7: =VLOOKUP($A7,[6]HISTOJANV25!$A$6:$BB$47,31,0) -> 0
A8: AS201605 | B8: =IF(D8=0,0,VLOOKUP($A8,[6]HISTOJANV25!$A$6:$BQ$47,14,0)) -> 1 | C8: =VLOOKUP(A8,[7]LISTADHERENT!A$5:H$60,3,0) -> DJOUKWE NANGUEN GUY BLAISE | D8: =IF(E8="ECHEC",0,VLOOKUP($A8,[6]HISTOJANV25!$A$6:$BB$47,15,0)) -> 100000 | E8: =VLOOKUP($A8,[6]HISTOJANV25!$A$6:$BB$47,9,0) -> BANQUE | F8: =VLOOKUP($A8,[6]HISTOJANV25!$A$6:$BB$47,37,0) -> 0 | G8: =VLOOKUP($A8,[6]HISTOJANV25!$A$6:$BB$47,40,0) -> 0 | H8: =IF(G8=0,"",VLOOKUP($A8,[6]HISTOFEV25!$A$6:$AV$47,42,0)) | I8: =VLOOKUP($A8,[6]HISTOJANV25!$A$6:$BB$47,41,0) -> 0 | K8: =VLOOKUP($A8,[6]HISTOJANV25!$A$6:$BB$47,18,0) -> 0 | L8: =IF(K8<>0,VLOOKUP($A8,[6]HISTOJANV25!$A$6:$BB$47,42,0),"ECHEC") -> ECHEC | M8: =IF(P8<>0,VLOOKUP($A8,[6]HISTOJANV25!$A$6:$BB$47,32,0),"ECHEC") -> ECHEC | N8: =VLOOKUP($A8,[6]HISTOJANV25!$A$6:$BB$47,33,0) -> 0 | O8: =IF(P8=0,0,($C$3-P8)) -> 0 | P8: =VLOOKUP($A8,[6]HISTOJANV25!$A$6:$BB$47,31,0) -> 0
A9: AS201608 | B9: =IF(D9=0,0,VLOOKUP($A9,[6]HISTOJANV25!$A$6:$BQ$47,14,0)) -> 2 | C9: =VLOOKUP(A9,[7]LISTADHERENT!A$5:H$60,3,0) -> DJUOMBESSY ANTOINE | D9: =IF(E9="ECHEC",0,VLOOKUP($A9,[6]HISTOJANV25!$A$6:$BB$47,15,0)) -> 200000 | E9: =VLOOKUP($A9,[6]HISTOJANV25!$A$6:$BB$47,9,0) -> BANQUE | F9: =VLOOKUP($A9,[6]HISTOJANV25!$A$6:$BB$47,37,0) -> 0 | G9: =VLOOKUP($A9,[6]HISTOJANV25!$A$6:$BB$47,40,0) -> 0 | H9: =IF(G9=0,"",VLOOKUP($A9,[6]HISTOFEV25!$A$6:$AV$47,42,0)) | I9: =VLOOKUP($A9,[6]HISTOJANV25!$A$6:$BB$47,41,0) -> 0 | K9: =VLOOKUP($A9,[6]HISTOJANV25!$A$6:$BB$47,18,0) -> 0 | L9: =IF(K9<>0,VLOOKUP($A9,[6]HISTOJANV25!$A$6:$BB$47,42,0),"ECHEC") -> ECHEC | M9: =IF(P9<>0,VLOOKUP($A9,[6]HISTOJANV25!$A$6:$BB$47,32,0),"ECHEC") -> ECHEC | N9: =VLOOKUP($A9,[6]HISTOJANV25!$A$6:$BB$47,33,0) -> 0 | O9: =IF(P9=0,0,($C$3-P9)) -> 0 | P9: =VLOOKUP($A9,[6]HISTOJANV25!$A$6:$BB$47,31,0) -> 0
A10: AS201663 | B10: =IF(D10=0,0,VLOOKUP($A10,[6]HISTOJANV25!$A$6:$BQ$47,14,0)) -> 0 | C10: =VLOOKUP(A10,[7]LISTADHERENT!A$5:H$60,3,0) -> FAMPOU PAUL | D10: =IF(E10="ECHEC",0,VLOOKUP($A10,[6]HISTOJANV25!$A$6:$BB$47,15,0)) -> 0 | E10: =VLOOKUP($A10,[6]HISTOJANV25!$A$6:$BB$47,9,0) -> ECHEC | F10: =VLOOKUP($A10,[6]HISTOJANV25!$A$6:$BB$47,37,0) -> 0 | G10: =VLOOKUP($A10,[6]HISTOJANV25!$A$6:$BB$47,40,0) -> 0 | H10: =IF(G10=0,"",VLOOKUP($A10,[6]HISTOFEV25!$A$6:$AV$47,42,0)) | I10: =VLOOKUP($A10,[6]HISTOJANV25!$A$6:$BB$47,41,0) -> 0 | K10: =VLOOKUP($A10,[6]HISTOJANV25!$A$6:$BB$47,18,0) -> 0 | L10: =IF(K10<>0,VLOOKUP($A10,[6]HISTOJANV25!$A$6:$BB$47,42,0),"ECHEC") -> ECHEC | M10: =IF(P10<>0,VLOOKUP($A10,[6]HISTOJANV25!$A$6:$BB$47,32,0),"ECHEC") -> ECHEC | N10: =VLOOKUP($A10,[6]HISTOJANV25!$A$6:$BB$47,33,0) -> 0 | O10: =IF(P10=0,0,($C$3-P10)) -> 0 | P10: =VLOOKUP($A10,[6]HISTOJANV25!$A$6:$BB$47,31,0) -> 0
A11: AS201613 | B11: =IF(D11=0,0,VLOOKUP($A11,[6]HISTOJANV25!$A$6:$BQ$47,14,0)) -> 1 | C11: =VLOOKUP(A11,[7]LISTADHERENT!A$5:H$60,3,0) -> HOTCHO BENJAMIN | D11: =IF(E11="ECHEC",0,VLOOKUP($A11,[6]HISTOJANV25!$A$6:$BB$47,15,0)) -> 100000 | E11: =VLOOKUP($A11,[6]HISTOJANV25!$A$6:$BB$47,9,0) -> BANQUE | F11: =VLOOKUP($A11,[6]HISTOJANV25!$A$6:$BB$47,37,0) -> 0 | G11: =VLOOKUP($A11,[6]HISTOJANV25!$A$6:$BB$47,40,0) -> 0 | H11: =IF(G11=0,"",VLOOKUP($A11,[6]HISTOFEV25!$A$6:$AV$47,42,0)) | I11: =VLOOKUP($A11,[6]HISTOJANV25!$A$6:$BB$47,41,0) -> 0 | K11: =VLOOKUP($A11,[6]HISTOJANV25!$A$6:$BB$47,18,0) -> 0 | L11: =IF(K11<>0,VLOOKUP($A11,[6]HISTOJANV25!$A$6:$BB$47,42,0),"ECHEC") -> ECHEC | M11: =IF(P11<>0,VLOOKUP($A11,[6]HISTOJANV25!$A$6:$BB$47,32,0),"ECHEC") -> ECHEC | N11: =VLOOKUP($A11,[6]HISTOJANV25!$A$6:$BB$47,33,0) -> 0 | O11: =IF(P11=0,0,($C$3-P11)) -> 0 | P11: =VLOOKUP($A11,[6]HISTOJANV25!$A$6:$BB$47,31,0) -> 0
A12: AS201617 | B12: =IF(D12=0,0,VLOOKUP($A12,[6]HISTOJANV25!$A$6:$BQ$47,14,0)) -> 1 | C12: =VLOOKUP(A12,[7]LISTADHERENT!A$5:H$60,3,0) -> KOUAMOU MOISE | D12: =IF(E12="ECHEC",0,VLOOKUP($A12,[6]HISTOJANV25!$A$6:$BB$47,15,0)) -> 100000 | E12: =VLOOKUP($A12,[6]HISTOJANV25!$A$6:$BB$47,9,0) -> BANQUE | F12: =VLOOKUP($A12,[6]HISTOJANV25!$A$6:$BB$47,37,0) -> 0 | G12: =VLOOKUP($A12,[6]HISTOJANV25!$A$6:$BB$47,40,0) -> 0 | H12: =IF(G12=0,"",VLOOKUP($A12,[6]HISTOFEV25!$A$6:$AV$47,42,0)) | I12: =VLOOKUP($A12,[6]HISTOJANV25!$A$6:$BB$47,41,0) -> 0 | K12: =VLOOKUP($A12,[6]HISTOJANV25!$A$6:$BB$47,18,0) -> 0 | L12: =IF(K12<>0,VLOOKUP($A12,[6]HISTOJANV25!$A$6:$BB$47,42,0),"ECHEC") -> ECHEC | M12: =IF(P12<>0,VLOOKUP($A12,[6]HISTOJANV25!$A$6:$BB$47,32,0),"ECHEC") -> BANQUE | N12: =VLOOKUP($A12,[6]HISTOJANV25!$A$6:$BB$47,33,0) -> 0 | O12: =IF(P12=0,0,($C$3-P12)) -> 1085000 | P12: =VLOOKUP($A12,[6]HISTOJANV25!$A$6:$BB$47,31,0) -> 115000
A13: AS201619 | B13: =IF(D13=0,0,VLOOKUP($A13,[6]HISTOJANV25!$A$6:$BQ$47,14,0)) -> 1 | C13: =VLOOKUP(A13,[7]LISTADHERENT!A$5:H$60,3,0) -> KOUATCHO MESSACK | D13: =IF(E13="ECHEC",0,VLOOKUP($A13,[6]HISTOJANV25!$A$6:$BB$47,15,0)) -> 100000 | E13: =VLOOKUP($A13,[6]HISTOJANV25!$A$6:$BB$47,9,0) -> BANQUE | F13: =VLOOKUP($A13,[6]HISTOJANV25!$A$6:$BB$47,37,0) -> 0 | G13: =VLOOKUP($A13,[6]HISTOJANV25!$A$6:$BB$47,40,0) -> 0 | H13: =IF(G13=0,"",VLOOKUP($A13,[6]HISTOFEV25!$A$6:$AV$47,42,0)) | I13: =VLOOKUP($A13,[6]HISTOJANV25!$A$6:$BB$47,41,0) -> 0 | K13: =VLOOKUP($A13,[6]HISTOJANV25!$A$6:$BB$47,18,0) -> 0 | L13: =IF(K13<>0,VLOOKUP($A13,[6]HISTOJANV25!$A$6:$BB$47,42,0),"ECHEC") -> ECHEC | M13: =IF(P13<>0,VLOOKUP($A13,[6]HISTOJANV25!$A$6:$BB$47,32,0),"ECHEC") -> BANQUE | N13: =VLOOKUP($A13,[6]HISTOJANV25!$A$6:$BB$47,33,0) -> 0 | O13: =IF(P13=0,0,($C$3-P13)) -> 1095000 | P13: =VLOOKUP($A13,[6]HISTOJANV25!$A$6:$BB$47,31,0) -> 105000
A14: AS201649 | B14: =IF(D14=0,0,VLOOKUP($A14,[6]HISTOJANV25!$A$6:$BQ$47,14,0)) -> 2 | C14: =VLOOKUP(A14,[7]LISTADHERENT!A$5:H$60,3,0) -> MBOGNING TUGMA GUY | D14: =IF(E14="ECHEC",0,VLOOKUP($A14,[6]HISTOJANV25!$A$6:$BB$47,15,0)) -> 200000 | E14: =VLOOKUP($A14,[6]HISTOJANV25!$A$6:$BB$47,9,0) -> BANQUE | F14: =VLOOKUP($A14,[6]HISTOJANV25!$A$6:$BB$47,37,0) -> 0 | G14: =VLOOKUP($A14,[6]HISTOJANV25!$A$6:$BB$47,40,0) -> 0 | H14: =IF(G14=0,"",VLOOKUP($A14,[6]HISTOFEV25!$A$6:$AV$47,42,0)) | I14: =VLOOKUP($A14,[6]HISTOJANV25!$A$6:$BB$47,41,0) -> 0 | K14: =VLOOKUP($A14,[6]HISTOJANV25!$A$6:$BB$47,18,0) -> 0 | L14: =IF(K14<>0,VLOOKUP($A14,[6]HISTOJANV25!$A$6:$BB$47,42,0),"ECHEC") -> ECHEC | M14: =IF(P14<>0,VLOOKUP($A14,[6]HISTOJANV25!$A$6:$BB$47,32,0),"ECHEC") -> ECHEC | N14: =VLOOKUP($A14,[6]HISTOJANV25!$A$6:$BB$47,33,0) -> 0 | O14: =IF(P14=0,0,($C$3-P14)) -> 0 | P14: =VLOOKUP($A14,[6]HISTOJANV25!$A$6:$BB$47,31,0) -> 0
A15: AS201622 | B15: =IF(D15=0,0,VLOOKUP($A15,[6]HISTOJANV25!$A$6:$BQ$47,14,0)) -> 2 | C15: =VLOOKUP(A15,[7]LISTADHERENT!A$5:H$60,3,0) -> NDJOMO ETIENNE | D15: =IF(E15="ECHEC",0,VLOOKUP($A15,[6]HISTOJANV25!$A$6:$BB$47,15,0)) -> 200000 | E15: =VLOOKUP($A15,[6]HISTOJANV25!$A$6:$BB$47,9,0) -> BANQUE | F15: =VLOOKUP($A15,[6]HISTOJANV25!$A$6:$BB$47,37,0) -> 0 | G15: =VLOOKUP($A15,[6]HISTOJANV25!$A$6:$BB$47,40,0) -> 0 | H15: =IF(G15=0,"",VLOOKUP($A15,[6]HISTOFEV25!$A$6:$AV$47,42,0)) | I15: =VLOOKUP($A15,[6]HISTOJANV25!$A$6:$BB$47,41,0) -> 0 | K15: =VLOOKUP($A15,[6]HISTOJANV25!$A$6:$BB$47,18,0) -> 0 | L15: =IF(K15<>0,VLOOKUP($A15,[6]HISTOJANV25!$A$6:$BB$47,42,0),"ECHEC") -> ECHEC | M15: =IF(P15<>0,VLOOKUP($A15,[6]HISTOJANV25!$A$6:$BB$47,32,0),"ECHEC") -> ECHEC | N15: =VLOOKUP($A15,[6]HISTOJANV25!$A$6:$BB$47,33,0) -> 0 | O15: =IF(P15=0,0,($C$3-P15)) -> 0 | P15: =VLOOKUP($A15,[6]HISTOJANV25!$A$6:$BB$47,31,0) -> 0
A16: AS201624 | B16: =IF(D16=0,0,VLOOKUP($A16,[6]HISTOJANV25!$A$6:$BQ$47,14,0)) -> 1 | C16: =VLOOKUP(A16,[7]LISTADHERENT!A$5:H$60,3,0) -> NGONDIEP CLAUDE | D16: =IF(E16="ECHEC",0,VLOOKUP($A16,[6]HISTOJANV25!$A$6:$BB$47,15,0)) -> 100000 | E16: =VLOOKUP($A16,[6]HISTOJANV25!$A$6:$BB$47,9,0) -> BANQUE | F16: =VLOOKUP($A16,[6]HISTOJANV25!$A$6:$BB$47,37,0) -> 0 | G16: =VLOOKUP($A16,[6]HISTOJANV25!$A$6:$BB$47,40,0) -> 0 | H16: =IF(G16=0,"",VLOOKUP($A16,[6]HISTOFEV25!$A$6:$AV$47,42,0)) | I16: =VLOOKUP($A16,[6]HISTOJANV25!$A$6:$BB$47,41,0) -> 0 | K16: =VLOOKUP($A16,[6]HISTOJANV25!$A$6:$BB$47,18,0) -> 0 | L16: =IF(K16<>0,VLOOKUP($A16,[6]HISTOJANV25!$A$6:$BB$47,42,0),"ECHEC") -> ECHEC | M16: =IF(P16<>0,VLOOKUP($A16,[6]HISTOJANV25!$A$6:$BB$47,32,0),"ECHEC") -> ECHEC | N16: =VLOOKUP($A16,[6]HISTOJANV25!$A$6:$BB$47,33,0) -> 0 | O16: =IF(P16=0,0,($C$3-P16)) -> 0 | P16: =VLOOKUP($A16,[6]HISTOJANV25!$A$6:$BB$47,31,0) -> 0
A17: AS201626 | B17: =IF(D17=0,0,VLOOKUP($A17,[6]HISTOJANV25!$A$6:$BQ$47,14,0)) -> 2 | C17: =VLOOKUP(A17,[7]LISTADHERENT!A$5:H$60,3,0) -> NGUIEMEGNI MATHIEU BLAISE | D17: =IF(E17="ECHEC",0,VLOOKUP($A17,[6]HISTOJANV25!$A$6:$BB$47,15,0)) -> 200000 | E17: =VLOOKUP($A17,[6]HISTOJANV25!$A$6:$BB$47,9,0) -> BANQUE | F17: =VLOOKUP($A17,[6]HISTOJANV25!$A$6:$BB$47,37,0) -> 0 | G17: =VLOOKUP($A17,[6]HISTOJANV25!$A$6:$BB$47,40,0) -> 0 | H17: =IF(G17=0,"",VLOOKUP($A17,[6]HISTOFEV25!$A$6:$AV$47,42,0)) | I17: =VLOOKUP($A17,[6]HISTOJANV25!$A$6:$BB$47,41,0) -> 0 | K17: =VLOOKUP($A17,[6]HISTOJANV25!$A$6:$BB$47,18,0) -> 0 | L17: =IF(K17<>0,VLOOKUP($A17,[6]HISTOJANV25!$A$6:$BB$47,42,0),"ECHEC") -> ECHEC | M17: =IF(P17<>0,VLOOKUP($A17,[6]HISTOJANV25!$A$6:$BB$47,32,0),"ECHEC") -> BANQUE | N17: =VLOOKUP($A17,[6]HISTOJANV25!$A$6:$BB$47,33,0) -> 0 | O17: =IF(P17=0,0,($C$3-P17)) -> 1080000 | P17: =VLOOKUP($A17,[6]HISTOJANV25!$A$6:$BB$47,31,0) -> 120000
... A22: AS201647 | B22: =IF(D22=0,0,VLOOKUP($A22,[6]HISTOJANV25!$A$6:$BQ$47,14,0)) -> 1 | C22: =VLOOKUP(A22,[7]LISTADHERENT!A$5:H$60,3,0) -> YOUMBI EMMANUEL | D22: =IF(E22="ECHEC",0,VLOOKUP($A22,[6]HISTOJANV25!$A$6:$BB$47,15,0)) -> 100000 | E22: =VLOOKUP($A22,[6]HISTOJANV25!$A$6:$BB$47,9,0) -> BANQUE | F22: =VLOOKUP($A22,[6]HISTOJANV25!$A$6:$BB$47,37,0) -> 0 | G22: =VLOOKUP($A22,[6]HISTOJANV25!$A$6:$BB$47,40,0) -> 0 | H22: =IF(G22=0,"",VLOOKUP($A22,[6]HISTOFEV25!$A$6:$AV$47,42,0)) | I22: =VLOOKUP($A22,[6]HISTOJANV25!$A$6:$BB$47,41,0) -> 0 | K22: =VLOOKUP($A22,[6]HISTOJANV25!$A$6:$BB$47,18,0) -> 0 | L22: =IF(K22<>0,VLOOKUP($A22,[6]HISTOJANV25!$A$6:$BB$47,42,0),"ECHEC") -> ECHEC | M22: =IF(P22<>0,VLOOKUP($A22,[6]HISTOJANV25!$A$6:$BB$47,32,0),"ECHEC") -> ECHEC | N22: =VLOOKUP($A22,[6]HISTOJANV25!$A$6:$BB$47,33,0) -> 0 | O22: =IF(P22=0,0,($C$3-P22)) -> 0 | P22: =VLOOKUP($A22,[6]HISTOJANV25!$A$6:$BB$47,31,0) -> 0
A24: TOTAL PART | B24: =SUM(B6:B22) -> 23
A25: NBRE ADHERENT | B25: =+COUNT(D6:D22) -> 17 | D25: =SUM(D6:D22) -> 2300000 | E25: =SUM(E6:E22) -> 0 | F25: =SUM(F6:F22) -> 0 | G25: =SUM(G6:G22) -> 0 | H25: =SUM(H6:H22) -> 0 | I25: =SUM(I6:I22) -> 0 | J25: =SUM(J6:J22) -> 0 | K25: =SUM(K6:K22) -> 0 | ... P25: =SUM(P6:P22) -> 340000
M26: NBRE PART | N26: PART VENDUE
D27: MONTANT TONTINE | E27: REMBOURSEMENT PETIT LOT | F27: VENTE PETIT LOT | G27: VENTE LOT PRINCIPAL | H27: SOLDE EN CAISSE | K27: TONTINE + REMB + INTERET VENTE | L27: =D31+E31+P25 -> 2640000
C28: ESPECES | D28: =SUMIFS(D6:D22,E6:E22,"ESPECES") -> 0 | E28: =SUMIFS(K6:K22,L6:L22,"ESPECES") -> 0 | F28: =SUMIFS(F6:F22,H6:H22,"ESPECES") -> 0 | G28: =SUMIFS(O6:O22,M6:M22,"ESPECES") -> 0 | H28: =D28+E28-F28-G28 -> 0 | K28: LOT PRINCIPAL | L28: =C3*COUNTIF(O6:O22,">0") -> 3600000 | M28: =D3 -> 2 | N28: =COUNTIF(O9:O21,">0") -> 3
C29: BANQUE | D29: =SUMIFS(D6:D22,E6:E22,"BANQUE") -> 2300000 | E29: =SUMIFS(K6:K22,L6:L22,"BANQUE") -> 0 | F29: =SUMIFS(F6:F22,H6:H22,"BANQUE") -> 0 | G29: =SUMIFS(O6:O22,M6:M22,"BANQUE") -> 3260000 | H29: =D29+E29-F29-G29 -> -960000
K30: PETIT LOT | L30: =L27-L28 -> -960000
C31: TOTAL | D31: =D28+D29 -> 2300000 | E31: =E28+E29 -> 0 | F31: =F28+F29 -> 0 | G31: =G28+G29 -> 3260000 | H31: =H28+H29 -> -960000
K32: RELIQUAT | L32: =L30-F25 -> -960000 | N32: =L32 -> -960000 | O32: CUMUL
K34: ECHEC TONTINE MOIS | L34: =COUNTIFS(E6:E29,"ECHEC")*100000 -> 100000 | O34: CUMUL
K35: ECHEC REMBOURSEMENT MOIS | L35: =J25-E31 -> 0 | N35: =L35 -> 0 | O35: CUMUL

Sheet TONTFEV25
A1: ASSOCIATION | B1: ASELBY
A2: ANNEE | B2: 2025 | C2: TONIINE | D2: NBRE PART
A3: TAUX TONTINE | B3: 100000 | C3: =B3*12 -> 1200000 | D3: =ROUNDDOWN(L27/C3,0) -> 1
C4: 45701
A5: MATRICULE | B5: NBREPART | C5: NOM ET PRENOM | D5: MONTANT TONTINE | E5: MODE VERSEMENT | F5: VENTE PETIT LOT | G5: INTERET PETIT LOT | H5: MODE VERSEMENT VENTE PETIT LOT | I5: NUMERO CHEQUE | J5: MONTANT A REMBOURSER PETIT LOT | K5: REMBOURSEMENT PETIT LOT | L5: MODE VERSEMENT REMBOURSEMENT | M5: MODE VERSEMENTLOT PRINCIPAL | N5: NUMERO CHEQUE | O5: MONTANT LOT PRINCIPAL | P5: INTERET LOT PRINCIPAL
A6: AS201648 | B6: =IF(D6=0,0,VLOOKUP($A6,[6]HISTOFEV25!$A$6:$BQ$47,14,0)) -> 1 | C6: =VLOOKUP(A6,[7]LISTADHERENT!A$5:H$60,3,0) -> ASELBY | D6: =IF(E6="ECHEC",0,VLOOKUP($A6,[6]HISTOFEV25!$A$6:$BB$47,15,0)) -> 100000 | E6: =VLOOKUP($A6,[6]HISTOFEV25!$A$6:$BB$47,9,0) -> BANQUE | F6: =VLOOKUP($A6,[6]HISTOFEV25!$A$6:$BB$47,37,0) -> 0 | G6: =VLOOKUP($A6,[6]HISTOFEV25!$A$6:$BB$47,40,0) -> 0 | H6: =IF(G6=0,"",VLOOKUP($A6,[6]HISTOFEV25!$A$6:$AV$47,42,0)) | I6: =VLOOKUP($A6,[6]HISTOFEV25!$A$6:$BB$47,41,0) -> 0 | J6: =TONTJANV25!F6+TONTJANV25!G6 -> 0 | K6: =VLOOKUP($A6,[6]HISTOFEV25!$A$6:$BB$47,18,0) -> 0 | L6: =IF(K6<>0,VLOOKUP($A6,[6]HISTOFEV25!$A$6:$BB$47,42,0),"ECHEC") -> ECHEC | M6: =IF(P6<>0,VLOOKUP($A6,[6]HISTOFEV25!$A$6:$BB$47,32,0),"ECHEC") -> ECHEC | N6: =VLOOKUP($A6,[6]HISTOFEV25!$A$6:$BB$47,33,0) -> 0 | O6: =IF(P6=0,0,($C$3-P6)) -> 0 | P6: =VLOOKUP($A6,[6]HISTOFEV25!$A$6:$BB$47,31,0) -> 0
A7: AS201604 | B7: =IF(D7=0,0,VLOOKUP($A7,[6]HISTOFEV25!$A$6:$BQ$47,14,0)) -> 2 | C7: =VLOOKUP(A7,[7]LISTADHERENT!A$5:H$60,3,0) -> DJOMO JEAN PAUL | D7: =IF(E7="ECHEC",0,VLOOKUP($A7,[6]HISTOFEV25!$A$6:$BB$47,15,0)) -> 200000 | E7: =VLOOKUP($A7,[6]HISTOFEV25!$A$6:$BB$47,9,0) -> BANQUE | F7: =VLOOKUP($A7,[6]HISTOFEV25!$A$6:$BB$47,37,0) -> 200000 | G7: =VLOOKUP($A7,[6]HISTOFEV25!$A$6:$BB$47,40,0) -> 7500 | H7: =IF(G7=0,"",VLOOKUP($A7,[6]HISTOFEV25!$A$6:$AV$47,42,0)) -> BANQUE | I7: =VLOOKUP($A7,[6]HISTOFEV25!$A$6:$BB$47,41,0) -> 0 | J7: =TONTJANV25!F7+TONTJANV25!G7 -> 0 | K7: =VLOOKUP($A7,[6]HISTOFEV25!$A$6:$BB$47,18,0) -> 0 | L7: =IF(K7<>0,VLOOKUP($A7,[6]HISTOFEV25!$A$6:$BB$47,42,0),"ECHEC") -> ECHEC | M7: =IF(P7<>0,VLOOKUP($A7,[6]HISTOFEV25!$A$6:$BB$47,32,0),"ECHEC") -> BANQUE | N7: =VLOOKUP($A7,[6]HISTOFEV25!$A$6:$BB$47,33,0) -> 0 | O7: =IF(P7=0,0,($C$3-P7)) -> 1120000 | P7: =VLOOKUP($A7,[6]HISTOFEV25!$A$6:$BB$47,31,0) -> 80000
A8: AS201605 | B8: =IF(D8=0,0,VLOOKUP($A8,[6]HISTOFEV25!$A$6:$BQ$47,14,0)) -> 1 | C8: =VLOOKUP(A8,[7]LISTADHERENT!A$5:H$60,3,0) -> DJOUKWE NANGUEN GUY BLAISE | D8: =IF(E8="ECHEC",0,VLOOKUP($A8,[6]HISTOFEV25!$A$6:$BB$47,15,0)) -> 100000 | E8: =VLOOKUP($A8,[6]HISTOFEV25!$A$6:$BB$47,9,0) -> BANQUE | F8: =VLOOKUP($A8,[6]HISTOFEV25!$A$6:$BB$47,37,0) -> 200000 | G8: =VLOOKUP($A8,[6]HISTOFEV25!$A$6:$BB$47,40,0) -> 4500 | H8: =IF(G8=0,"",VLOOKUP($A8,[6]HISTOFEV25!$A$6:$AV$47,42,0)) -> BANQUE | I8: =VLOOKUP($A8,[6]HISTOFEV25!$A$6:$BB$47,41,0) -> 0 | J8: =TONTJANV25!F8+TONTJANV25!G8 -> 0 | K8: =VLOOKUP($A8,[6]HISTOFEV25!$A$6:$BB$47,18,0) -> 0 | L8: =IF(K8<>0,VLOOKUP($A8,[6]HISTOFEV25!$A$6:$BB$47,42,0),"ECHEC") -> ECHEC | M8: =IF(P8<>0,VLOOKUP($A8,[6]HISTOFEV25!$A$6:$BB$47,32,0),"ECHEC") -> ECHEC | N8: =VLOOKUP($A8,[6]HISTOFEV25!$A$6:$BB$47,33,0) -> 0 | O8: =IF(P8=0,0,($C$3-P8)) -> 0 | P8: =VLOOKUP($A8,[6]HISTOFEV25!$A$6:$BB$47,31,0) -> 0
A9: AS201608 | B9: =IF(D9=0,0,VLOOKUP($A9,[6]HISTOFEV25!$A$6:$BQ$47,14,0)) -> 2 | C9: =VLOOKUP(A9,[7]LISTADHERENT!A$5:H$60,3,0) -> DJUOMBESSY ANTOINE | D9: =IF(E9="ECHEC",0,VLOOKUP($A9,[6]HISTOFEV25!$A$6:$BB$47,15,0)) -> 200000 | E9: =VLOOKUP($A9,[6]HISTOFEV25!$A$6:$BB$47,9,0) -> BANQUE | F9: =VLOOKUP($A9,[6]HISTOFEV25!$A$6:$BB$47,37,0) -> 0 | G9: =VLOOKUP($A9,[6]HISTOFEV25!$A$6:$BB$47,40,0) -> 0 | H9: =IF(G9=0,"",VLOOKUP($A9,[6]HISTOFEV25!$A$6:$AV$47,42,0)) | I9: =VLOOKUP($A9,[6]HISTOFEV25!$A$6:$BB$47,41,0) -> 0 | J9: =TONTJANV25!F9+TONTJANV25!G9 -> 0 | K9: =VLOOKUP($A9,[6]HISTOFEV25!$A$6:$BB$47,18,0) -> 0 | L9: =IF(K9<>0,VLOOKUP($A9,[6]HISTOFEV25!$A$6:$BB$47,42,0),"ECHEC") -> ECHEC | M9: =IF(P9<>0,VLOOKUP($A9,[6]HISTOFEV25!$A$6:$BB$47,32,0),"ECHEC") -> ECHEC | N9: =VLOOKUP($A9,[6]HISTOFEV25!$A$6:$BB$47,33,0) -> 0 | O9: =IF(P9=0,0,($C$3-P9)) -> 0 | P9: =VLOOKUP($A9,[6]HISTOFEV25!$A$6:$BB$47,31,0) -> 0
A10: AS201663 | B10: =IF(D10=0,0,VLOOKUP($A10,[6]HISTOFEV25!$A$6:$BQ$47,14,0)) -> 1 | C10: =VLOOKUP(A10,[7]LISTADHERENT!A$5:H$60,3,0) -> FAMPOU PAUL | D10: =IF(E10="ECHEC",0,VLOOKUP($A10,[6]HISTOFEV25!$A$6:$BB$47,15,0)) -> 100000 | E10: =VLOOKUP($A10,[6]HISTOFEV25!$A$6:$BB$47,9,0) -> ESPECES | F10: =VLOOKUP($A10,[6]HISTOFEV25!$A$6:$BB$47,37,0) -> 0 | G10: =VLOOKUP($A10,[6]HISTOFEV25!$A$6:$BB$47,40,0) -> 0 | H10: =IF(G10=0,"",VLOOKUP($A10,[6]HISTOFEV25!$A$6:$AV$47,42,0)) | I10: =VLOOKUP($A10,[6]HISTOFEV25!$A$6:$BB$47,41,0) -> 0 | J10: =TONTJANV25!F10+TONTJANV25!G10 -> 0 | K10: =VLOOKUP($A10,[6]HISTOFEV25!$A$6:$BB$47,18,0) -> 0 | L10: =IF(K10<>0,VLOOKUP($A10,[6]HISTOFEV25!$A$6:$BB$47,42,0),"ECHEC") -> ECHEC | M10: =IF(P10<>0,VLOOKUP($A10,[6]HISTOFEV25!$A$6:$BB$47,32,0),"ECHEC") -> ECHEC | N10: =VLOOKUP($A10,[6]HISTOFEV25!$A$6:$BB$47,33,0) -> 0 | O10: =IF(P10=0,0,($C$3-P10)) -> 0 | P10: =VLOOKUP($A10,[6]HISTOFEV25!$A$6:$BB$47,31,0) -> 0
A11: AS201613 | B11: =IF(D11=0,0,VLOOKUP($A11,[6]HISTOFEV25!$A$6:$BQ$47,14,0)) -> 1 | C11: =VLOOKUP(A11,[7]LISTADHERENT!A$5:H$60,3,0) -> HOTCHO BENJAMIN | D11: =IF(E11="ECHEC",0,VLOOKUP($A11,[6]HISTOFEV25!$A$6:$BB$47,15,0)) -> 100000 | E11: =VLOOKUP($A11,[6]HISTOFEV25!$A$6:$BB$47,9,0) -> BANQUE | F11: =VLOOKUP($A11,[6]HISTOFEV25!$A$6:$BB$47,37,0) -> 0 | G11: =VLOOKUP($A11,[6]HISTOFEV25!$A$6:$BB$47,40,0) -> 0 | H11: =IF(G11=0,"",VLOOKUP($A11,[6]HISTOFEV25!$A$6:$AV$47,42,0)) | I11: =VLOOKUP($A11,[6]HISTOFEV25!$A$6:$BB$47,41,0) -> 0 | J11: =TONTJANV25!F11+TONTJANV25!G11 -> 0 | K11: =VLOOKUP($A11,[6]HISTOFEV25!$A$6:$BB$47,18,0) -> 0 | L11: =IF(K11<>0,VLOOKUP($A11,[6]HISTOFEV25!$A$6:$BB$47,42,0),"ECHEC") -> ECHEC | M11: =IF(P11<>0,VLOOKUP($A11,[6]HISTOFEV25!$A$6:$BB$47,32,0),"ECHEC") -> ECHEC | N11: =VLOOKUP($A11,[6]HISTOFEV25!$A$6:$BB$47,33,0) -> 0 | O11: =IF(P11=0,0,($C$3-P11)) -> 0 | P11: =VLOOKUP($A11,[6]HISTOFEV25!$A$6:$BB$47,31,0) -> 0
A12: AS201617 | B12: =IF(D12=0,0,VLOOKUP($A12,[6]HISTOFEV25!$A$6:$BQ$47,14,0)) -> 1 | C12: =VLOOKUP(A12,[7]LISTADHERENT!A$5:H$60,3,0) -> KOUAMOU MOISE | D12: =IF(E12="ECHEC",0,VLOOKUP($A12,[6]HISTOFEV25!$A$6:$BB$47,15,0)) -> 100000 | E12: =VLOOKUP($A12,[6]HISTOFEV25!$A$6:$BB$47,9,0) -> BANQUE | F12: =VLOOKUP($A12,[6]HISTOFEV25!$A$6:$BB$47,37,0) -> 0 | G12: =VLOOKUP($A12,[6]HISTOFEV25!$A$6:$BB$47,40,0) -> 0 | H12: =IF(G12=0,"",VLOOKUP($A12,[6]HISTOFEV25!$A$6:$AV$47,42,0)) | I12: =VLOOKUP($A12,[6]HISTOFEV25!$A$6:$BB$47,41,0) -> 0 | J12: =TONTJANV25!F12+TONTJANV25!G12 -> 0 | K12: =VLOOKUP($A12,[6]HISTOFEV25!$A$6:$BB$47,18,0) -> 0 | L12: =IF(K12<>0,VLOOKUP($A12,[6]HISTOFEV25!$A$6:$BB$47,42,0),"ECHEC") -> ECHEC | M12: =IF(P12<>0,VLOOKUP($A12,[6]HISTOFEV25!$A$6:$BB$47,32,0),"ECHEC") -> ECHEC | N12: =VLOOKUP($A12,[6]HISTOFEV25!$A$6:$BB$47,33,0) -> 0 | O12: =IF(P12=0,0,($C$3-P12)) -> 0 | P12: =VLOOKUP($A12,[6]HISTOFEV25!$A$6:$BB$47,31,0) -> 0
A13: AS201619 | B13: =IF(D13=0,0,VLOOKUP($A13,[6]HISTOFEV25!$A$6:$BQ$47,14,0)) -> 1 | C13: =VLOOKUP(A13,[7]LISTADHERENT!A$5:H$60,3,0) -> KOUATCHO MESSACK | D13: =IF(E13="ECHEC",0,VLOOKUP($A13,[6]HISTOFEV25!$A$6:$BB$47,15,0)) -> 100000 | E13: =VLOOKUP($A13,[6]HISTOFEV25!$A$6:$BB$47,9,0) -> BANQUE | F13: =VLOOKUP($A13,[6]HISTOFEV25!$A$6:$BB$47,37,0) -> 0 | G13: =VLOOKUP($A13,[6]HISTOFEV25!$A$6:$BB$47,40,0) -> 0 | H13: =IF(G13=0,"",VLOOKUP($A13,[6]HISTOFEV25!$A$6:$AV$47,42,0)) | I13: =VLOOKUP($A13,[6]HISTOFEV25!$A$6:$BB$47,41,0) -> 0 | J13: =TONTJANV25!F13+TONTJANV25!G13 -> 0 | K13: =VLOOKUP($A13,[6]HISTOFEV25!$A$6:$BB$47,18,0) -> 0 | L13: =IF(K13<>0,VLOOKUP($A13,[6]HISTOFEV25!$A$6:$BB$47,42,0),"ECHEC") -> ECHEC | M13: =IF(P13<>0,VLOOKUP($A13,[6]HISTOFEV25!$A$6:$BB$47,32,0),"ECHEC") -> ECHEC | N13: =VLOOKUP($A13,[6]HISTOFEV25!$A$6:$BB$47,33,0) -> 0 | O13: =IF(P13=0,0,($C$3-P13)) -> 0 | P13: =VLOOKUP($A13,[6]HISTOFEV25!$A$6:$BB$47,31,0) -> 0
A14: AS201649 | B14: =IF(D14=0,0,VLOOKUP($A14,[6]HISTOFEV25!$A$6:$BQ$47,14,0)) -> 2 | C14: =VLOOKUP(A14,[7]LISTADHERENT!A$5:H$60,3,0) -> MBOGNING TUGMA GUY | D14: =IF(E14="ECHEC",0,VLOOKUP($A14,[6]HISTOFEV25!$A$6:$BB$47,15,0)) -> 200000 | E14: =VLOOKUP($A14,[6]HISTOFEV25!$A$6:$BB$47,9,0) -> BANQUE | F14: =VLOOKUP($A14,[6]HISTOFEV25!$A$6:$BB$47,37,0) -> 0 | G14: =VLOOKUP($A14,[6]HISTOFEV25!$A$6:$BB$47,40,0) -> 0 | H14: =IF(G14=0,"",VLOOKUP($A14,[6]HISTOFEV25!$A$6:$AV$47,42,0)) | I14: =VLOOKUP($A14,[6]HISTOFEV25!$A$6:$BB$47,41,0) -> 0 | J14: =TONTJANV25!F14+TONTJANV25!G14 -> 0 | K14: =VLOOKUP($A14,[6]HISTOFEV25!$A$6:$BB$47,18,0) -> 0 | L14: =IF(K14<>0,VLOOKUP($A14,[6]HISTOFEV25!$A$6:$BB$47,42,0),"ECHEC") -> ECHEC | M14: =IF(P14<>0,VLOOKUP($A14,[6]HISTOFEV25!$A$6:$BB$47,32,0),"ECHEC") -> BANQUE | N14: =VLOOKUP($A14,[6]HISTOFEV25!$A$6:$BB$47,33,0) -> 0 | O14: =IF(P14=0,0,($C$3-P14)) -> 1115000 | P14: =VLOOKUP($A14,[6]HISTOFEV25!$A$6:$BB$47,31,0) -> 85000
A15: AS201622 | B15: =IF(D15=0,0,VLOOKUP($A15,[6]HISTOFEV25!$A$6:$BQ$47,14,0)) -> 2 | C15: =VLOOKUP(A15,[7]LISTADHERENT!A$5:H$60,3,0) -> NDJOMO ETIENNE | D15: =IF(E15="ECHEC",0,VLOOKUP($A15,[6]HISTOFEV25!$A$6:$BB$47,15,0)) -> 200000 | E15: =VLOOKUP($A15,[6]HISTOFEV25!$A$6:$BB$47,9,0) -> BANQUE | F15: =VLOOKUP($A15,[6]HISTOFEV25!$A$6:$BB$47,37,0) -> 100000 | G15: =VLOOKUP($A15,[6]HISTOFEV25!$A$6:$BB$47,40,0) -> 1000 | H15: =IF(G15=0,"",VLOOKUP($A15,[6]HISTOFEV25!$A$6:$AV$47,42,0)) -> BANQUE | I15: =VLOOKUP($A15,[6]HISTOFEV25!$A$6:$BB$47,41,0) -> 0 | J15: =TONTJANV25!F15+TONTJANV25!G15 -> 0 | K15: =VLOOKUP($A15,[6]HISTOFEV25!$A$6:$BB$47,18,0) -> 0 | L15: =IF(K15<>0,VLOOKUP($A15,[6]HISTOFEV25!$A$6:$BB$47,42,0),"ECHEC") -> ECHEC | M15: =IF(P15<>0,VLOOKUP($A15,[6]HISTOFEV25!$A$6:$BB$47,32,0),"ECHEC") -> ECHEC | N15: =VLOOKUP($A15,[6]HISTOFEV25!$A$6:$BB$47,33,0) -> 0 | O15: =IF(P15=0,0,($C$3-P15)) -> 0 | P15: =VLOOKUP($A15,[6]HISTOFEV25!$A$6:$BB$47,31,0) -> 0
A16: AS201624 | B16: =IF(D16=0,0,VLOOKUP($A16,[6]HISTOFEV25!$A$6:$BQ$47,14,0)) -> 1 | C16: =VLOOKUP(A16,[7]LISTADHERENT!A$5:H$60,3,0) -> NGONDIEP CLAUDE | D16: =IF(E16="ECHEC",0,VLOOKUP($A16,[6]HISTOFEV25!$A$6:$BB$47,15,0)) -> 100000 | E16: =VLOOKUP($A16,[6]HISTOFEV25!$A$6:$BB$47,9,0) -> BANQUE | F16: =VLOOKUP($A16,[6]HISTOFEV25!$A$6:$BB$47,37,0) -> 0 | G16: =VLOOKUP($A16,[6]HISTOFEV25!$A$6:$BB$47,40,0) -> 0 | H16: =IF(G16=0,"",VLOOKUP($A16,[6]HISTOFEV25!$A$6:$AV$47,42,0)) | I16: =VLOOKUP($A16,[6]HISTOFEV25!$A$6:$BB$47,41,0) -> 0 | J16: =TONTJANV25!F16+TONTJANV25!G16 -> 0 | K16: =VLOOKUP($A16,[6]HISTOFEV25!$A$6:$BB$47,18,0) -> 0 | L16: =IF(K16<>0,VLOOKUP($A16,[6]HISTOFEV25!$A$6:$BB$47,42,0),"ECHEC") -> ECHEC | M16: =IF(P16<>0,VLOOKUP($A16,[6]HISTOFEV25!$A$6:$BB$47,32,0),"ECHEC") -> ECHEC | N16: =VLOOKUP($A16,[6]HISTOFEV25!$A$6:$BB$47,33,0) -> 0 | O16: =IF(P16=0,0,($C$3-P16)) -> 0 | P16: =VLOOKUP($A16,[6]HISTOFEV25!$A$6:$BB$47,31,0) -> 0
A17: AS201626 | B17: =IF(D17=0,0,VLOOKUP($A17,[6]HISTOFEV25!$A$6:$BQ$47,14,0)) -> 2 | C17: =VLOOKUP(A17,[7]LISTADHERENT!A$5:H$60,3,0) -> NGUIEMEGNI MATHIEU BLAISE | D17: =IF(E17="ECHEC",0,VLOOKUP($A17,[6]HISTOFEV25!$A$6:$BB$47,15,0)) -> 200000 | E17: =VLOOKUP($A17,[6]HISTOFEV25!$A$6:$BB$47,9,0) -> BANQUE | F17: =VLOOKUP($A17,[6]HISTOFEV25!$A$6:$BB$47,37,0) -> 200000 | G17: =VLOOKUP($A17,[6]HISTOFEV25!$A$6:$BB$47,40,0) -> 6500 | H17: =IF(G17=0,"",VLOOKUP($A17,[6]HISTOFEV25!$A$6:$AV$47,42,0)) -> BANQUE | I17: =VLOOKUP($A17,[6]HISTOFEV25!$A$6:$BB$47,41,0) -> 0 | J17: =TONTJANV25!F17+TONTJANV25!G17 -> 0 | K17: =VLOOKUP($A17,[6]HISTOFEV25!$A$6:$BB$47,18,0) -> 0 | L17: =IF(K17<>0,VLOOKUP($A17,[6]HISTOFEV25!$A$6:$BB$47,42,0),"ECHEC") -> ECHEC | M17: =IF(P17<>0,VLOOKUP($A17,[6]HISTOFEV25!$A$6:$BB$47,32,0),"ECHEC") -> ECHEC | N17: =VLOOKUP($A17,[6]HISTOFEV25!$A$6:$BB$47,33,0) -> 0 | O17: =IF(P17=0,0,($C$3-P17)) -> 0 | P17: =VLOOKUP($A17,[6]HISTOFEV25!$A$6:$BB$47,31,0) -> 0
... A22: AS201647 | B22: =IF(D22=0,0,VLOOKUP($A22,[6]HISTOFEV25!$A$6:$BQ$47,14,0)) -> 1 | C22: =VLOOKUP(A22,[7]LISTADHERENT!A$5:H$60,3,0) -> YOUMBI EMMANUEL | D22: =IF(E22="ECHEC",0,VLOOKUP($A22,[6]HISTOFEV25!$A$6:$BB$47,15,0)) -> 100000 | E22: =VLOOKUP($A22,[6]HISTOFEV25!$A$6:$BB$47,9,0) -> BANQUE | F22: =VLOOKUP($A22,[6]HISTOFEV25!$A$6:$BB$47,37,0) -> 0 | G22: =VLOOKUP($A22,[6]HISTOFEV25!$A$6:$BB$47,40,0) -> 0 | H22: =IF(G22=0,"",VLOOKUP($A22,[6]HISTOFEV25!$A$6:$AV$47,42,0)) | I22: =VLOOKUP($A22,[6]HISTOFEV25!$A$6:$BB$47,41,0) -> 0 | J22: =TONTJANV25!F22+TONTJANV25!G22 -> 0 | K22: =VLOOKUP($A22,[6]HISTOFEV25!$A$6:$BB$47,18,0) -> 0 | L22: =IF(K22<>0,VLOOKUP($A22,[6]HISTOFEV25!$A$6:$BB$47,42,0),"ECHEC") -> ECHEC | M22: =IF(P22<>0,VLOOKUP($A22,[6]HISTOFEV25!$A$6:$BB$47,32,0),"ECHEC") -> ECHEC | N22: =VLOOKUP($A22,[6]HISTOFEV25!$A$6:$BB$47,33,0) -> 0 | O22: =IF(P22=0,0,($C$3-P22)) -> 0 | P22: =VLOOKUP($A22,[6]HISTOFEV25!$A$6:$BB$47,31,0) -> 0
A24: TOTAL PART | B24: =SUM(B6:B22) -> 24
A25: NBRE ADHERENT | B25: =+COUNT(D6:D22) -> 17 | D25: =SUM(D6:D22) -> 2400000 | E25: =SUM(E6:E22) -> 0 | F25: =SUM(F6:F22) -> 700000 | G25: =SUM(G6:G22) -> 19500 | H25: =SUM(H6:H22) -> 0 | I25: =SUM(I6:I22) -> 0 | J25: =SUM(J6:J22) -> 0 | K25: =SUM(K6:K22) -> 0 | ... P25: =SUM(P6:P22) -> 235000
M26: NBRE PART | N26: PART VENDUE
D27: MONTANT TONTINE | E27: REMBOURSEMENT PETIT LOT | F27: VENTE PETIT LOT | G27: VENTE LOT PRINCIPAL | H27: SOLDE EN CAISSE | K27: TONTINE + REMB + INTERET VENTE | L27: =D31+E31+P25+TONTJANV25!N32 -> 1675000
C28: ESPECES | D28: =SUMIFS(D6:D22,E6:E22,"ESPECES") -> 100000 | E28: =SUMIFS(K6:K22,L6:L22,"ESPECES") -> 0 | F28: =SUMIFS(F6:F22,H6:H22,"ESPECES") -> 0 | G28: =SUMIFS(O6:O22,M6:M22,"ESPECES") -> 0 | H28: =D28+E28-F28-G28 -> 100000 | K28: LOT PRINCIPAL | L28: =C3*COUNTIF(O6:O22,">0") -> 3600000 | M28: =D3 -> 1 | N28: =COUNTIF(O9:O21,">0") -> 2
C29: BANQUE | D29: =SUMIFS(D6:D22,E6:E22,"BANQUE") -> 2300000 | E29: =SUMIFS(K6:K22,L6:L22,"BANQUE") -> 0 | F29: =SUMIFS(F6:F22,H6:H22,"BANQUE") -> 700000 | G29: =SUMIFS(O6:O22,M6:M22,"BANQUE") -> 3365000 | H29: =D29+E29-F29-G29 -> -1765000
K30: PETIT LOT | L30: =L27-L28 -> -1925000
C31: TOTAL | D31: =D28+D29 -> 2400000 | E31: =E28+E29 -> 0 | F31: =F28+F29 -> 700000 | G31: =G28+G29 -> 3365000 | H31: =H28+H29 -> -1665000
K32: RELIQUAT | L32: =L30-F25 -> -2625000 | N32: =L32 -> -2625000 | O32: CUMUL
K34: ECHEC TONTINE MOIS | L34: =COUNTIFS(E6:E29,"ECHEC")*100000 -> 0 | N34: =L34+TONTJANV25!N34 -> 0 | O34: CUMUL
K35: ECHEC REMBOURSEMENT MOIS | L35: =J25-E31 -> 0 | N35: =L35+TONTJANV25!N35 -> 0 | O35: CUMUL

Sheet TONTMARS25
A1: ASSOCIATION | B1: ASELBY
A2: ANNEE | B2: 2025 | C2: TONIINE | D2: NBRE PART
A3: TAUX TONTINE | B3: 100000 | C3: =B3*12 -> 1200000 | D3: =ROUNDDOWN(L27/C3,0) -> 2
C4: 45729
A5: MATRICULE | B5: NBREPART | C5: NOM ET PRENOM | D5: MONTANT TONTINE | E5: MODE VERSEMENT | F5: VENTE PETIT LOT | G5: INTERET PETIT LOT | H5: MODE VERSEMENT VENTE PETIT LOT | I5: NUMERO CHEQUE | J5: MONTANT A REMBOURSER PETIT LOT | K5: REMBOURSEMENT PETIT LOT | L5: MODE VERSEMENT REMBOURSEMENT | M5: MODE VERSEMENTLOT PRINCIPAL | N5: NUMERO CHEQUE | O5: MONTANT LOT PRINCIPAL | P5: INTERET LOT PRINCIPAL
A6: AS201648 | B6: =IF(D6=0,0,VLOOKUP($A6,[6]HISTOMARS25!$A$6:$BQ$47,14,0)) -> 1 | C6: =VLOOKUP(A6,[7]LISTADHERENT!A$5:H$60,3,0) -> ASELBY | D6: =IF(E6="ECHEC",0,VLOOKUP($A6,[6]HISTOMARS25!$A$6:$BB$47,15,0)) -> 100000 | E6: =VLOOKUP($A6,[6]HISTOMARS25!$A$6:$BB$47,9,0) -> BANQUE | F6: =VLOOKUP($A6,[6]HISTOMARS25!$A$6:$BB$47,37,0) -> 0 | G6: =VLOOKUP($A6,[6]HISTOMARS25!$A$6:$BB$47,40,0) -> 0 | H6: =IF(G6=0,"",VLOOKUP($A6,[6]HISTOFEV25!$A$6:$AV$47,42,0)) | I6: =VLOOKUP($A6,[6]HISTOMARS25!$A$6:$BB$47,41,0) -> 0 | J6: =+TONTFEV25!F6+TONTFEV25!G6 -> 0 | K6: =VLOOKUP($A6,[6]HISTOMARS25!$A$6:$BB$47,18,0) -> 0 | L6: =IF(K6<>0,VLOOKUP($A6,[6]HISTOMARS25!$A$6:$BB$47,42,0),"ECHEC") -> ECHEC | M6: =IF(P6<>0,VLOOKUP($A6,[6]HISTOMARS25!$A$6:$BB$47,32,0),"ECHEC") -> ECHEC | N6: =VLOOKUP($A6,[6]HISTOMARS25!$A$6:$BB$47,33,0) -> 0 | O6: =IF(P6=0,0,($C$3-P6)) -> 0 | P6: =VLOOKUP($A6,[6]HISTOMARS25!$A$6:$BB$47,31,0) -> 0
A7: AS201604 | B7: =IF(D7=0,0,VLOOKUP($A7,[6]HISTOMARS25!$A$6:$BQ$47,14,0)) -> 2 | C7: =VLOOKUP(A7,[7]LISTADHERENT!A$5:H$60,3,0) -> DJOMO JEAN PAUL | D7: =IF(E7="ECHEC",0,VLOOKUP($A7,[6]HISTOMARS25!$A$6:$BB$47,15,0)) -> 200000 | E7: =VLOOKUP($A7,[6]HISTOMARS25!$A$6:$BB$47,9,0) -> BANQUE | F7: =VLOOKUP($A7,[6]HISTOMARS25!$A$6:$BB$47,37,0) -> 200000 | G7: =VLOOKUP($A7,[6]HISTOMARS25!$A$6:$BB$47,40,0) -> 3500 | H7: =IF(G7=0,"",VLOOKUP($A7,[6]HISTOFEV25!$A$6:$AV$47,42,0)) -> BANQUE | I7: =VLOOKUP($A7,[6]HISTOMARS25!$A$6:$BB$47,41,0) -> 0 | J7: =+TONTFEV25!F7+TONTFEV25!G7 -> 207500 | K7: =VLOOKUP($A7,[6]HISTOMARS25!$A$6:$BB$47,18,0) -> 207500 | L7: =IF(K7<>0,VLOOKUP($A7,[6]HISTOMARS25!$A$6:$BB$47,42,0),"ECHEC") -> BANQUE | M7: =IF(P7<>0,VLOOKUP($A7,[6]HISTOMARS25!$A$6:$BB$47,32,0),"ECHEC") -> ECHEC | N7: =VLOOKUP($A7,[6]HISTOMARS25!$A$6:$BB$47,33,0) -> 0 | O7: =IF(P7=0,0,($C$3-P7)) -> 0 | P7: =VLOOKUP($A7,[6]HISTOMARS25!$A$6:$BB$47,31,0) -> 0
A8: AS201605 | B8: =IF(D8=0,0,VLOOKUP($A8,[6]HISTOMARS25!$A$6:$BQ$47,14,0)) -> 1 | C8: =VLOOKUP(A8,[7]LISTADHERENT!A$5:H$60,3,0) -> DJOUKWE NANGUEN GUY BLAISE | D8: =IF(E8="ECHEC",0,VLOOKUP($A8,[6]HISTOMARS25!$A$6:$BB$47,15,0)) -> 100000 | E8: =VLOOKUP($A8,[6]HISTOMARS25!$A$6:$BB$47,9,0) -> BANQUE | F8: =VLOOKUP($A8,[6]HISTOMARS25!$A$6:$BB$47,37,0) -> 0 | G8: =VLOOKUP($A8,[6]HISTOMARS25!$A$6:$BB$47,40,0) -> 0 | H8: =IF(G8=0,"",VLOOKUP($A8,[6]HISTOFEV25!$A$6:$AV$47,42,0)) | I8: =VLOOKUP($A8,[6]HISTOMARS25!$A$6:$BB$47,41,0) -> 0 | J8: =+TONTFEV25!F8+TONTFEV25!G8 -> 204500 | K8: =VLOOKUP($A8,[6]HISTOMARS25!$A$6:$BB$47,18,0) -> 204500 | L8: =IF(K8<>0,VLOOKUP($A8,[6]HISTOMARS25!$A$6:$BB$47,42,0),"ECHEC") -> BANQUE | M8: =IF(P8<>0,VLOOKUP($A8,[6]HISTOMARS25!$A$6:$BB$47,32,0),"ECHEC") -> BANQUE | N8: =VLOOKUP($A8,[6]HISTOMARS25!$A$6:$BB$47,33,0) -> 0 | O8: =IF(P8=0,0,($C$3-P8)) -> 1165000 | P8: =VLOOKUP($A8,[6]HISTOMARS25!$A$6:$BB$47,31,0) -> 35000
A9: AS201608 | B9: =IF(D9=0,0,VLOOKUP($A9,[6]HISTOMARS25!$A$6:$BQ$47,14,0)) -> 2 | C9: =VLOOKUP(A9,[7]LISTADHERENT!A$5:H$60,3,0) -> DJUOMBESSY ANTOINE | D9: =IF(E9="ECHEC",0,VLOOKUP($A9,[6]HISTOMARS25!$A$6:$BB$47,15,0)) -> 200000 | E9: =VLOOKUP($A9,[6]HISTOMARS25!$A$6:$BB$47,9,0) -> BANQUE | F9: =VLOOKUP($A9,[6]HISTOMARS25!$A$6:$BB$47,37,0) -> 0 | G9: =VLOOKUP($A9,[6]HISTOMARS25!$A$6:$BB$47,40,0) -> 0 | H9: =IF(G9=0,"",VLOOKUP($A9,[6]HISTOFEV25!$A$6:$AV$47,42,0)) | I9: =VLOOKUP($A9,[6]HISTOMARS25!$A$6:$BB$47,41,0) -> 0 | J9: =+TONTFEV25!F9+TONTFEV25!G9 -> 0 | K9: =VLOOKUP($A9,[6]HISTOMARS25!$A$6:$BB$47,18,0) -> 0 | L9: =IF(K9<>0,VLOOKUP($A9,[6]HISTOMARS25!$A$6:$BB$47,42,0),"ECHEC") -> ECHEC | M9: =IF(P9<>0,VLOOKUP($A9,[6]HISTOMARS25!$A$6:$BB$47,32,0),"ECHEC") -> BANQUE | N9: =VLOOKUP($A9,[6]HISTOMARS25!$A$6:$BB$47,33,0) -> 0 | O9: =IF(P9=0,0,($C$3-P9)) -> 1170000 | P9: =VLOOKUP($A9,[6]HISTOMARS25!$A$6:$BB$47,31,0) -> 30000
A10: AS201663 | B10: =IF(D10=0,0,VLOOKUP($A10,[6]HISTOMARS25!$A$6:$BQ$47,14,0)) -> 1 | C10: =VLOOKUP(A10,[7]LISTADHERENT!A$5:H$60,3,0) -> FAMPOU PAUL | D10: =IF(E10="ECHEC",0,VLOOKUP($A10,[6]HISTOMARS25!$A$6:$BB$47,15,0)) -> 100000 | E10: =VLOOKUP($A10,[6]HISTOMARS25!$A$6:$BB$47,9,0) -> BANQUE | F10: =VLOOKUP($A10,[6]HISTOMARS25!$A$6:$BB$47,37,0) -> 0 | G10: =VLOOKUP($A10,[6]HISTOMARS25!$A$6:$BB$47,40,0)+26000 -> 26000 | H10: =IF(G10=0,"",VLOOKUP($A10,[6]HISTOFEV25!$A$6:$AV$47,42,0)) -> 0 | I10: =VLOOKUP($A10,[6]HISTOMARS25!$A$6:$BB$47,41,0) -> 0 | J10: =+TONTFEV25!F10+TONTFEV25!G10 -> 0 | K10: =VLOOKUP($A10,[6]HISTOMARS25!$A$6:$BB$47,18,0) -> 0 | L10: =IF(K10<>0,VLOOKUP($A10,[6]HISTOMARS25!$A$6:$BB$47,42,0),"ECHEC") -> ECHEC | M10: =IF(P10<>0,VLOOKUP($A10,[6]HISTOMARS25!$A$6:$BB$47,32,0),"ECHEC") -> ECHEC | N10: =VLOOKUP($A10,[6]HISTOMARS25!$A$6:$BB$47,33,0) -> 0 | O10: =IF(P10=0,0,($C$3-P10)) -> 0 | P10: =VLOOKUP($A10,[6]HISTOMARS25!$A$6:$BB$47,31,0) -> 0
A11: AS201613 | B11: =IF(D11=0,0,VLOOKUP($A11,[6]HISTOMARS25!$A$6:$BQ$47,14,0)) -> 1 | C11: =VLOOKUP(A11,[7]LISTADHERENT!A$5:H$60,3,0) -> HOTCHO BENJAMIN | D11: =IF(E11="ECHEC",0,VLOOKUP($A11,[6]HISTOMARS25!$A$6:$BB$47,15,0)) -> 100000 | E11: =VLOOKUP($A11,[6]HISTOMARS25!$A$6:$BB$47,9,0) -> BANQUE | F11: =VLOOKUP($A11,[6]HISTOMARS25!$A$6:$BB$47,37,0) -> 0 | G11: =VLOOKUP($A11,[6]HISTOMARS25!$A$6:$BB$47,40,0) -> 0 | H11: =IF(G11=0,"",VLOOKUP($A11,[6]HISTOFEV25!$A$6:$AV$47,42,0)) | I11: =VLOOKUP($A11,[6]HISTOMARS25!$A$6:$BB$47,41,0) -> 0 | J11: =+TONTFEV25!F11+TONTFEV25!G11 -> 0 | K11: =VLOOKUP($A11,[6]HISTOMARS25!$A$6:$BB$47,18,0) -> 0 | L11: =IF(K11<>0,VLOOKUP($A11,[6]HISTOMARS25!$A$6:$BB$47,42,0),"ECHEC") -> ECHEC | M11: =IF(P11<>0,VLOOKUP($A11,[6]HISTOMARS25!$A$6:$BB$47,32,0),"ECHEC") -> ECHEC | N11: =VLOOKUP($A11,[6]HISTOMARS25!$A$6:$BB$47,33,0) -> 0 | O11: =IF(P11=0,0,($C$3-P11)) -> 0 | P11: =VLOOKUP($A11,[6]HISTOMARS25!$A$6:$BB$47,31,0) -> 0
A12: AS201617 | B12: =IF(D12=0,0,VLOOKUP($A12,[6]HISTOMARS25!$A$6:$BQ$47,14,0)) -> 1 | C12: =VLOOKUP(A12,[7]LISTADHERENT!A$5:H$60,3,0) -> KOUAMOU MOISE | D12: =IF(E12="ECHEC",0,VLOOKUP($A12,[6]HISTOMARS25!$A$6:$BB$47,15,0)) -> 100000 | E12: =VLOOKUP($A12,[6]HISTOMARS25!$A$6:$BB$47,9,0) -> BANQUE | F12: =VLOOKUP($A12,[6]HISTOMARS25!$A$6:$BB$47,37,0) -> 0 | G12: =VLOOKUP($A12,[6]HISTOMARS25!$A$6:$BB$47,40,0) -> 0 | H12: =IF(G12=0,"",VLOOKUP($A12,[6]HISTOFEV25!$A$6:$AV$47,42,0)) | I12: =VLOOKUP($A12,[6]HISTOMARS25!$A$6:$BB$47,41,0) -> 0 | J12: =+TONTFEV25!F12+TONTFEV25!G12 -> 0 | K12: =VLOOKUP($A12,[6]HISTOMARS25!$A$6:$BB$47,18,0) -> 0 | L12: =IF(K12<>0,VLOOKUP($A12,[6]HISTOMARS25!$A$6:$BB$47,42,0),"ECHEC") -> ECHEC | M12: =IF(P12<>0,VLOOKUP($A12,[6]HISTOMARS25!$A$6:$BB$47,32,0),"ECHEC") -> ECHEC | N12: =VLOOKUP($A12,[6]HISTOMARS25!$A$6:$BB$47,33,0) -> 0 | O12: =IF(P12=0,0,($C$3-P12)) -> 0 | P12: =VLOOKUP($A12,[6]HISTOMARS25!$A$6:$BB$47,31,0) -> 0
A13: AS201619 | B13: =IF(D13=0,0,VLOOKUP($A13,[6]HISTOMARS25!$A$6:$BQ$47,14,0)) -> 1 | C13: =VLOOKUP(A13,[7]LISTADHERENT!A$5:H$60,3,0) -> KOUATCHO MESSACK | D13: =IF(E13="ECHEC",0,VLOOKUP($A13,[6]HISTOMARS25!$A$6:$BB$47,15,0)) -> 100000 | E13: =VLOOKUP($A13,[6]HISTOMARS25!$A$6:$BB$47,9,0) -> BANQUE | F13: =VLOOKUP($A13,[6]HISTOMARS25!$A$6:$BB$47,37,0) -> 205500 | G13: =VLOOKUP($A13,[6]HISTOMARS25!$A$6:$BB$47,40,0) -> 2000 | H13: =IF(G13=0,"",VLOOKUP($A13,[6]HISTOFEV25!$A$6:$AV$47,42,0)) -> BANQUE | I13: =VLOOKUP($A13,[6]HISTOMARS25!$A$6:$BB$47,41,0) -> 0 | J13: =+TONTFEV25!F13+TONTFEV25!G13 -> 0 | K13: =VLOOKUP($A13,[6]HISTOMARS25!$A$6:$BB$47,18,0) -> 0 | L13: =IF(K13<>0,VLOOKUP($A13,[6]HISTOMARS25!$A$6:$BB$47,42,0),"ECHEC") -> ECHEC | M13: =IF(P13<>0,VLOOKUP($A13,[6]HISTOMARS25!$A$6:$BB$47,32,0),"ECHEC") -> ECHEC | N13: =VLOOKUP($A13,[6]HISTOMARS25!$A$6:$BB$47,33,0) -> 0 | O13: =IF(P13=0,0,($C$3-P13)) -> 0 | P13: =VLOOKUP($A13,[6]HISTOMARS25!$A$6:$BB$47,31,0) -> 0
A14: AS201649 | B14: =IF(D14=0,0,VLOOKUP($A14,[6]HISTOMARS25!$A$6:$BQ$47,14,0)) -> 2 | C14: =VLOOKUP(A14,[7]LISTADHERENT!A$5:H$60,3,0) -> MBOGNING TUGMA GUY | D14: =IF(E14="ECHEC",0,VLOOKUP($A14,[6]HISTOMARS25!$A$6:$BB$47,15,0)) -> 200000 | E14: =VLOOKUP($A14,[6]HISTOMARS25!$A$6:$BB$47,9,0) -> BANQUE | F14: =VLOOKUP($A14,[6]HISTOMARS25!$A$6:$BB$47,37,0) -> 200000 | G14: =VLOOKUP($A14,[6]HISTOMARS25!$A$6:$BB$47,40,0) -> 2000 | H14: =IF(G14=0,"",VLOOKUP($A14,[6]HISTOFEV25!$A$6:$AV$47,42,0)) -> BANQUE | I14: =VLOOKUP($A14,[6]HISTOMARS25!$A$6:$BB$47,41,0) -> 0 | J14: =+TONTFEV25!F14+TONTFEV25!G14 -> 0 | K14: =VLOOKUP($A14,[6]HISTOMARS25!$A$6:$BB$47,18,0) -> 0 | L14: =IF(K14<>0,VLOOKUP($A14,[6]HISTOMARS25!$A$6:$BB$47,42,0),"ECHEC") -> ECHEC | M14: =IF(P14<>0,VLOOKUP($A14,[6]HISTOMARS25!$A$6:$BB$47,32,0),"ECHEC") -> ECHEC | N14: =VLOOKUP($A14,[6]HISTOMARS25!$A$6:$BB$47,33,0) -> 0 | O14: =IF(P14=0,0,($C$3-P14)) -> 0 | P14: =VLOOKUP($A14,[6]HISTOMARS25!$A$6:$BB$47,31,0) -> 0
A15: AS201622 | B15: =IF(D15=0,0,VLOOKUP($A15,[6]HISTOMARS25!$A$6:$BQ$47,14,0)) -> 2 | C15: =VLOOKUP(A15,[7]LISTADHERENT!A$5:H$60,3,0) -> NDJOMO ETIENNE | D15: =IF(E15="ECHEC",0,VLOOKUP($A15,[6]HISTOMARS25!$A$6:$BB$47,15,0)) -> 200000 | E15: =VLOOKUP($A15,[6]HISTOMARS25!$A$6:$BB$47,9,0) -> BANQUE | F15: =VLOOKUP($A15,[6]HISTOMARS25!$A$6:$BB$47,37,0) -> 100000 | G15: =VLOOKUP($A15,[6]HISTOMARS25!$A$6:$BB$47,40,0) -> 1000 | H15: =IF(G15=0,"",VLOOKUP($A15,[6]HISTOFEV25!$A$6:$AV$47,42,0)) -> BANQUE | I15: =VLOOKUP($A15,[6]HISTOMARS25!$A$6:$BB$47,41,0) -> 0 | J15: =+TONTFEV25!F15+TONTFEV25!G15 -> 101000 | K15: =VLOOKUP($A15,[6]HISTOMARS25!$A$6:$BB$47,18,0) -> 101000 | L15: =IF(K15<>0,VLOOKUP($A15,[6]HISTOMARS25!$A$6:$BB$47,42,0),"ECHEC") -> BANQUE | M15: =IF(P15<>0,VLOOKUP($A15,[6]HISTOMARS25!$A$6:$BB$47,32,0),"ECHEC") -> ECHEC | N15: =VLOOKUP($A15,[6]HISTOMARS25!$A$6:$BB$47,33,0) -> 0 | O15: =IF(P15=0,0,($C$3-P15)) -> 0 | P15: =VLOOKUP($A15,[6]HISTOMARS25!$A$6:$BB$47,31,0) -> 0
A16: AS201624 | B16: =IF(D16=0,0,VLOOKUP($A16,[6]HISTOMARS25!$A$6:$BQ$47,14,0)) -> 1 | C16: =VLOOKUP(A16,[7]LISTADHERENT!A$5:H$60,3,0) -> NGONDIEP CLAUDE | D16: =IF(E16="ECHEC",0,VLOOKUP($A16,[6]HISTOMARS25!$A$6:$BB$47,15,0)) -> 100000 | E16: =VLOOKUP($A16,[6]HISTOMARS25!$A$6:$BB$47,9,0) -> BANQUE | F16: =VLOOKUP($A16,[6]HISTOMARS25!$A$6:$BB$47,37,0) -> 0 | G16: =VLOOKUP($A16,[6]HISTOMARS25!$A$6:$BB$47,40,0) -> 0 | H16: =IF(G16=0,"",VLOOKUP($A16,[6]HISTOFEV25!$A$6:$AV$47,42,0)) | I16: =VLOOKUP($A16,[6]HISTOMARS25!$A$6:$BB$47,41,0) -> 0 | J16: =+TONTFEV25!F16+TONTFEV25!G16 -> 0 | K16: =VLOOKUP($A16,[6]HISTOMARS25!$A$6:$BB$47,18,0) -> 0 | L16: =IF(K16<>0,VLOOKUP($A16,[6]HISTOMARS25!$A$6:$BB$47,42,0),"ECHEC") -> ECHEC | M16: =IF(P16<>0,VLOOKUP($A16,[6]HISTOMARS25!$A$6:$BB$47,32,0),"ECHEC") -> ECHEC | N16: =VLOOKUP($A16,[6]HISTOMARS25!$A$6:$BB$47,33,0) -> 0 | O16: =IF(P16=0,0,($C$3-P16)) -> 0 | P16: =VLOOKUP($A16,[6]HISTOMARS25!$A$6:$BB$47,31,0) -> 0
A17: AS201626 | B17: =IF(D17=0,0,VLOOKUP($A17,[6]HISTOMARS25!$A$6:$BQ$47,14,0)) -> 2 | C17: =VLOOKUP(A17,[7]LISTADHERENT!A$5:H$60,3,0) -> NGUIEMEGNI MATHIEU BLAISE | D17: =IF(E17="ECHEC",0,VLOOKUP($A17,[6]HISTOMARS25!$A$6:$BB$47,15,0)) -> 200000 | E17: =VLOOKUP($A17,[6]HISTOMARS25!$A$6:$BB$47,9,0) -> BANQUE | F17: =VLOOKUP($A17,[6]HISTOMARS25!$A$6:$BB$47,37,0) -> 200000 | G17: =VLOOKUP($A17,[6]HISTOMARS25!$A$6:$BB$47,40,0) -> 2500 | H17: =IF(G17=0,"",VLOOKUP($A17,[6]HISTOFEV25!$A$6:$AV$47,42,0)) -> BANQUE | I17: =VLOOKUP($A17,[6]HISTOMARS25!$A$6:$BB$47,41,0) -> 0 | J17: =+TONTFEV25!F17+TONTFEV25!G17 -> 206500 | K17: =VLOOKUP($A17,[6]HISTOMARS25!$A$6:$BB$47,18,0) -> 206500 | L17: =IF(K17<>0,VLOOKUP($A17,[6]HISTOMARS25!$A$6:$BB$47,42,0),"ECHEC") -> BANQUE | M17: =IF(P17<>0,VLOOKUP($A17,[6]HISTOMARS25!$A$6:$BB$47,32,0),"ECHEC") -> ECHEC | N17: =VLOOKUP($A17,[6]HISTOMARS25!$A$6:$BB$47,33,0) -> 0 | O17: =IF(P17=0,0,($C$3-P17)) -> 0 | P17: =VLOOKUP($A17,[6]HISTOMARS25!$A$6:$BB$47,31,0) -> 0
A18: AS201653 | B18: =IF(D18=0,0,VLOOKUP($A18,[6]HISTOMARS25!$A$6:$BQ$47,14,0)) -> 2 | C18: =VLOOKUP(A18,[7]LISTADHERENT!A$5:H$60,3,0) -> SIME BRICE | D18: =IF(E18="ECHEC",0,VLOOKUP($A18,[6]HISTOMARS25!$A$6:$BB$47,15,0)) -> 200000 | E18: =VLOOKUP($A18,[6]HISTOMARS25!$A$6:$BB$47,9,0) -> ESPECES | F18: =VLOOKUP($A18,[6]HISTOMARS25!$A$6:$BB$47,37,0) -> 0 | G18: =VLOOKUP($A18,[6]HISTOMARS25!$A$6:$BB$47,40,0) -> 0 | H18: =IF(G18=0,"",VLOOKUP($A18,[6]HISTOFEV25!$A$6:$AV$47,42,0)) | I18: =VLOOKUP($A18,[6]HISTOMARS25!$A$6:$BB$47,41,0) -> 0 | J18: =+TONTFEV25!F18+TONTFEV25!G18 -> 0 | K18: =VLOOKUP($A18,[6]HISTOMARS25!$A$6:$BB$47,18,0) -> 0 | L18: =IF(K18<>0,VLOOKUP($A18,[6]HISTOMARS25!$A$6:$BB$47,42,0),"ECHEC") -> ECHEC | M18: =IF(P18<>0,VLOOKUP($A18,[6]HISTOMARS25!$A$6:$BB$47,32,0),"ECHEC") -> ECHEC | N18: =VLOOKUP($A18,[6]HISTOMARS25!$A$6:$BB$47,33,0) -> 0 | O18: =IF(P18=0,0,($C$3-P18)) -> 0 | P18: =VLOOKUP($A18,[6]HISTOMARS25!$A$6:$BB$47,31,0) -> 0
A19: AS201660 | B19: =IF(D19=0,0,VLOOKUP($A19,[6]HISTOMARS25!$A$6:$BQ$47,14,0)) -> 1 | C19: =VLOOKUP(A19,[7]LISTADHERENT!A$5:H$60,3,0) -> TCHOUATEU AUGUSTIN | D19: =IF(E19="ECHEC",0,VLOOKUP($A19,[6]HISTOMARS25!$A$6:$BB$47,15,0)) -> 100000 | E19: =VLOOKUP($A19,[6]HISTOMARS25!$A$6:$BB$47,9,0) -> BANQUE | F19: =VLOOKUP($A19,[6]HISTOMARS25!$A$6:$BB$47,37,0) -> 0 | G19: =VLOOKUP($A19,[6]HISTOMARS25!$A$6:$BB$47,40,0) -> 0 | H19: =IF(G19=0,"",VLOOKUP($A19,[6]HISTOFEV25!$A$6:$AV$47,42,0)) | I19: =VLOOKUP($A19,[6]HISTOMARS25!$A$6:$BB$47,41,0) -> 0 | J19: =+TONTFEV25!F19+TONTFEV25!G19 -> 0 | K19: =VLOOKUP($A19,[6]HISTOMARS25!$A$6:$BB$47,18,0) -> 0 | L19: =IF(K19<>0,VLOOKUP($A19,[6]HISTOMARS25!$A$6:$BB$47,42,0),"ECHEC") -> ECHEC | M19: =IF(P19<>0,VLOOKUP($A19,[6]HISTOMARS25!$A$6:$BB$47,32,0),"ECHEC") -> ECHEC | N19: =VLOOKUP($A19,[6]HISTOMARS25!$A$6:$BB$47,33,0) -> 0 | O19: =IF(P19=0,0,($C$3-P19)) -> 0 | P19: =VLOOKUP($A19,[6]HISTOMARS25!$A$6:$BB$47,31,0) -> 0
A20: AS201638 | B20: =IF(D20=0,0,VLOOKUP($A20,[6]HISTOMARS25!$A$6:$BQ$47,14,0)) -> 1 | C20: =VLOOKUP(A20,[7]LISTADHERENT!A$5:H$60,3,0) -> SIMO PIERRE | D20: =IF(E20="ECHEC",0,VLOOKUP($A20,[6]HISTOMARS25!$A$6:$BB$47,15,0)) -> 100000 | E20: =VLOOKUP($A20,[6]HISTOMARS25!$A$6:$BB$47,9,0) -> BANQUE | F20: =VLOOKUP($A20,[6]HISTOMARS25!$A$6:$BB$47,37,0) -> 0 | G20: =VLOOKUP($A20,[6]HISTOMARS25!$A$6:$BB$47,40,0) -> 0 | H20: =IF(G20=0,"",VLOOKUP($A20,[6]HISTOFEV25!$A$6:$AV$47,42,0)) | I20: =VLOOKUP($A20,[6]HISTOMARS25!$A$6:$BB$47,41,0) -> 0 | J20: =+TONTFEV25!F20+TONTFEV25!G20 -> 0 | K20: =VLOOKUP($A20,[6]HISTOMARS25!$A$6:$BB$47,18,0) -> 0 | L20: =IF(K20<>0,VLOOKUP($A20,[6]HISTOMARS25!$A$6:$BB$47,42,0),"ECHEC") -> ECHEC | M20: =IF(P20<>0,VLOOKUP($A20,[6]HISTOMARS25!$A$6:$BB$47,32,0),"ECHEC") -> ECHEC | N20: =VLOOKUP($A20,[6]HISTOMARS25!$A$6:$BB$47,33,0) -> 0 | O20: =IF(P20=0,0,($C$3-P20)) -> 0 | P20: =VLOOKUP($A20,[6]HISTOMARS25!$A$6:$BB$47,31,0) -> 0
A21: AS201659 | B21: =IF(D21=0,0,VLOOKUP($A21,[6]HISTOMARS25!$A$6:$BQ$47,14,0)) -> 2 | C21: =VLOOKUP(A21,[7]LISTADHERENT!A$5:H$60,3,0) -> YIALA ALAIN OSCAR | D21: =IF(E21="ECHEC",0,VLOOKUP($A21,[6]HISTOMARS25!$A$6:$BB$47,15,0)) -> 200000 | E21: =VLOOKUP($A21,[6]HISTOMARS25!$A$6:$BB$47,9,0) -> ESPECES | F21: =VLOOKUP($A21,[6]HISTOMARS25!$A$6:$BB$47,37,0) -> 0 | G21: =VLOOKUP($A21,[6]HISTOMARS25!$A$6:$BB$47,40,0) -> 0 | H21: =IF(G21=0,"",VLOOKUP($A21,[6]HISTOFEV25!$A$6:$AV$47,42,0)) | I21: =VLOOKUP($A21,[6]HISTOMARS25!$A$6:$BB$47,41,0) -> 0 | J21: =+TONTFEV25!F21+TONTFEV25!G21 -> 0 | K21: =VLOOKUP($A21,[6]HISTOMARS25!$A$6:$BB$47,18,0) -> 0 | L21: =IF(K21<>0,VLOOKUP($A21,[6]HISTOMARS25!$A$6:$BB$47,42,0),"ECHEC") -> ECHEC | M21: =IF(P21<>0,VLOOKUP($A21,[6]HISTOMARS25!$A$6:$BB$47,32,0),"ECHEC") -> ECHEC | N21: =VLOOKUP($A21,[6]HISTOMARS25!$A$6:$BB$47,33,0) -> 0 | O21: =IF(P21=0,0,($C$3-P21)) -> 0 | P21: =VLOOKUP($A21,[6]HISTOMARS25!$A$6:$BB$47,31,0) -> 0
A22: AS201647 | B22: =IF(D22=0,0,VLOOKUP($A22,[6]HISTOMARS25!$A$6:$BQ$47,14,0)) -> 1 | C22: =VLOOKUP(A22,[7]LISTADHERENT!A$5:H$60,3,0) -> YOUMBI EMMANUEL | D22: =IF(E22="ECHEC",0,VLOOKUP($A22,[6]HISTOMARS25!$A$6:$BB$47,15,0)) -> 100000 | E22: =VLOOKUP($A22,[6]HISTOMARS25!$A$6:$BB$47,9,0) -> BANQUE | F22: =VLOOKUP($A22,[6]HISTOMARS25!$A$6:$BB$47,37,0) -> 0 | G22: =VLOOKUP($A22,[6]HISTOMARS25!$A$6:$BB$47,40,0) -> 0 | H22: =IF(G22=0,"",VLOOKUP($A22,[6]HISTOFEV25!$A$6:$AV$47,42,0)) | I22: =VLOOKUP($A22,[6]HISTOMARS25!$A$6:$BB$47,41,0) -> 0 | J22: =+TONTFEV25!F22+TONTFEV25!G22 -> 0 | K22: =VLOOKUP($A22,[6]HISTOMARS25!$A$6:$BB$47,18,0) -> 0 | L22: =IF(K22<>0,VLOOKUP($A22,[6]HISTOMARS25!$A$6:$BB$47,42,0),"ECHEC") -> ECHEC | M22: =IF(P22<>0,VLOOKUP($A22,[6]HISTOMARS25!$A$6:$BB$47,32,0),"ECHEC") -> ECHEC | N22: =VLOOKUP($A22,[6]HISTOMARS25!$A$6:$BB$47,33,0) -> 0 | O22: =IF(P22=0,0,($C$3-P22)) -> 0 | P22: =VLOOKUP($A22,[6]HISTOMARS25!$A$6:$BB$47,31,0) -> 0
A24: TOTAL PART | B24: =SUM(B6:B22) -> 24
A25: NBRE ADHERENT | B25: =+COUNT(D6:D22) -> 17 | D25: =SUM(D6:D22) -> 2400000 | E25: =SUM(E6:E22) -> 0 | F25: =SUM(F6:F22) -> 905500 | G25: =SUM(G6:G22) -> 37000 | H25: =SUM(H6:H22) -> 0 | I25: =SUM(I6:I22) -> 0 | J25: =SUM(J6:J22) -> 719500 | K25: =SUM(K6:K22) -> 719500 | ... P25: =SUM(P6:P22) -> 65000
M26: NBRE PART | N26: PART VENDUE
D27: MONTANT TONTINE | E27: REMBOURSEMENT PETIT LOT | F27: VENTE PETIT LOT | G27: VENTE LOT PRINCIPAL | H27: SOLDE EN CAISSE | K27: TONTINE + REMB + INTERET VENTE | L27: =D31+E31+P25+TONTFEV25!N32+2400000 -> 3159500
C28: ESPECES | D28: =SUMIFS(D6:D22,E6:E22,"ESPECES") -> 400000 | E28: =SUMIFS(K6:K22,L6:L22,"ESPECES") -> 0 | F28: =SUMIFS(F6:F22,H6:H22,"ESPECES") -> 0 | G28: =SUMIFS(O6:O22,M6:M22,"ESPECES") -> 0 | H28: =D28+E28-F28-G28 -> 400000 | K28: LOT PRINCIPAL | L28: =C3*COUNTIF(O6:O22,">0") -> 2400000 | M28: =D3 -> 2 | N28: =COUNTIF(O6:O21,">0") -> 2
C29: BANQUE | D29: =SUMIFS(D6:D22,E6:E22,"BANQUE") -> 2000000 | E29: =SUMIFS(K6:K22,L6:L22,"BANQUE") -> 719500 | F29: =SUMIFS(F6:F22,H6:H22,"BANQUE") -> 905500 | G29: =SUMIFS(O6:O22,M6:M22,"BANQUE") -> 2335000 | H29: =D29+E29-F29-G29 -> -521000
K30: PETIT LOT | L30: =+L27-L28+251000 -> 1010500
C31: TOTAL | D31: =D28+D29+200000 -> 2600000 | E31: =E28+E29 -> 719500 | F31: =F28+F29 -> 905500 | G31: =G28+G29 -> 2335000 | H31: =H28+H29 -> -121000
K32: RELIQUAT | L32: =L30-F25 -> 105000 | N32: =L32 -> 105000 | O32: CUMUL
K34: ECHEC TONTINE MOIS | L34: =COUNTIFS(E6:E29,"ECHEC")*100000 -> 0 | N34: =L34+TONTFEV25!N34 -> 0 | O34: CUMUL
K35: ECHEC REMBOURSEMENT MOIS | L35: =J25-E31 -> 0 | N35: =L35+TONTFEV25!N35 -> 0 | O35: CUMUL

Sheet TONTAVRIL25
A1: ASSOCIATION | B1: ASELBY
A2: ANNEE | B2: 2025 | C2: TONIINE | D2: NBRE PART
A3: TAUX TONTINE | B3: 100000 | C3: =B3*12 -> 1200000 | D3: =ROUNDDOWN(L27/C3,0) -> 2
C4: 45760
A5: MATRICULE | B5: NBREPART | C5: NOM ET PRENOM | D5: MONTANT TONTINE | E5: MODE VERSEMENT | F5: VENTE PETIT LOT | G5: INTERET PETIT LOT | H5: MODE VERSEMENT VENTE PETIT LOT | I5: NUMERO CHEQUE | J5: MONTANT A REMBOURSER PETIT LOT | K5: REMBOURSEMENT PETIT LOT | L5: MODE VERSEMENT REMBOURSEMENT | M5: MODE VERSEMENTLOT PRINCIPAL | N5: NUMERO CHEQUE | O5: MONTANT LOT PRINCIPAL | P5: INTERET LOT PRINCIPAL
A6: AS201648 | B6: =IF(D6=0,0,VLOOKUP($A6,[6]HISTOAVRIL25!$A$6:$BQ$47,14,0)) -> 1 | C6: =VLOOKUP(A6,[7]LISTADHERENT!A$5:H$60,3,0) -> ASELBY | D6: =IF(E6="ECHEC",0,VLOOKUP($A6,[6]HISTOAVRIL25!$A$6:$BB$47,15,0)) -> 100000 | E6: =VLOOKUP($A6,[6]HISTOAVRIL25!$A$6:$BB$47,9,0) -> BANQUE | F6: =VLOOKUP($A6,[6]HISTOAVRIL25!$A$6:$BB$47,37,0) -> 0 | G6: =VLOOKUP($A6,[6]HISTOAVRIL25!$A$6:$BB$47,40,0) -> 0 | H6: =IF(G6=0,"",VLOOKUP($A6,[6]HISTOFEV25!$A$6:$AV$47,42,0)) | I6: =VLOOKUP($A6,[6]HISTOAVRIL25!$A$6:$BB$47,41,0) -> 0 | J6: =+TONTMARS25!F6+TONTMARS25!G6 -> 0 | K6: =VLOOKUP($A6,[6]HISTOAVRIL25!$A$6:$BB$47,18,0) -> 0 | L6: =IF(K6<>0,VLOOKUP($A6,[6]HISTOAVRIL25!$A$6:$BB$47,42,0),"ECHEC") -> ECHEC | M6: =IF(P6<>0,VLOOKUP($A6,[6]HISTOAVRIL25!$A$6:$BB$47,32,0),"ECHEC") -> ECHEC | N6: =VLOOKUP($A6,[6]HISTOAVRIL25!$A$6:$BB$47,33,0) -> 0 | O6: =IF(P6=0,0,($C$3-P6)) -> 0 | P6: =VLOOKUP($A6,[6]HISTOAVRIL25!$A$6:$BB$47,31,0) -> 0
A7: AS201604 | B7: =IF(D7=0,0,VLOOKUP($A7,[6]HISTOAVRIL25!$A$6:$BQ$47,14,0)) -> 2 | C7: =VLOOKUP(A7,[7]LISTADHERENT!A$5:H$60,3,0) -> DJOMO JEAN PAUL | D7: =IF(E7="ECHEC",0,VLOOKUP($A7,[6]HISTOAVRIL25!$A$6:$BB$47,15,0)) -> 200000 | E7: =VLOOKUP($A7,[6]HISTOAVRIL25!$A$6:$BB$47,9,0) -> ESPECES | F7: =VLOOKUP($A7,[6]HISTOAVRIL25!$A$6:$BB$47,37,0) -> 200000 | G7: =VLOOKUP($A7,[6]HISTOAVRIL25!$A$6:$BB$47,40,0) -> 2000 | H7: =IF(G7=0,"",VLOOKUP($A7,[6]HISTOFEV25!$A$6:$AV$47,42,0)) -> BANQUE | I7: =VLOOKUP($A7,[6]HISTOAVRIL25!$A$6:$BB$47,41,0) -> 0 | J7: =+TONTMARS25!F7+TONTMARS25!G7 -> 203500 | K7: =VLOOKUP($A7,[6]HISTOAVRIL25!$A$6:$BB$47,18,0) -> 203500 | L7: =IF(K7<>0,VLOOKUP($A7,[6]HISTOAVRIL25!$A$6:$BB$47,42,0),"ECHEC") -> BANQUE | M7: =IF(P7<>0,VLOOKUP($A7,[6]HISTOAVRIL25!$A$6:$BB$47,32,0),"ECHEC") -> ECHEC | N7: =VLOOKUP($A7,[6]HISTOAVRIL25!$A$6:$BB$47,33,0) -> 0 | O7: =IF(P7=0,0,($C$3-P7)) -> 0 | P7: =VLOOKUP($A7,[6]HISTOAVRIL25!$A$6:$BB$47,31,0) -> 0
A8: AS201605 | B8: =IF(D8=0,0,VLOOKUP($A8,[6]HISTOAVRIL25!$A$6:$BQ$47,14,0)) -> 1 | C8: =VLOOKUP(A8,[7]LISTADHERENT!A$5:H$60,3,0) -> DJOUKWE NANGUEN GUY BLAISE | D8: =IF(E8="ECHEC",0,VLOOKUP($A8,[6]HISTOAVRIL25!$A$6:$BB$47,15,0)) -> 100000 | E8: =VLOOKUP($A8,[6]HISTOAVRIL25!$A$6:$BB$47,9,0) -> BANQUE | F8: =VLOOKUP($A8,[6]HISTOAVRIL25!$A$6:$BB$47,37,0) -> 0 | G8: =VLOOKUP($A8,[6]HISTOAVRIL25!$A$6:$BB$47,40,0) -> 0 | H8: =IF(G8=0,"",VLOOKUP($A8,[6]HISTOFEV25!$A$6:$AV$47,42,0)) | I8: =VLOOKUP($A8,[6]HISTOAVRIL25!$A$6:$BB$47,41,0) -> 0 | J8: =+TONTMARS25!F8+TONTMARS25!G8 -> 0 | K8: =VLOOKUP($A8,[6]HISTOAVRIL25!$A$6:$BB$47,18,0) -> 0 | L8: =IF(K8<>0,VLOOKUP($A8,[6]HISTOAVRIL25!$A$6:$BB$47,42,0),"ECHEC") -> ECHEC | M8: =IF(P8<>0,VLOOKUP($A8,[6]HISTOAVRIL25!$A$6:$BB$47,32,0),"ECHEC") -> ECHEC | N8: =VLOOKUP($A8,[6]HISTOAVRIL25!$A$6:$BB$47,33,0) -> 0 | O8: =IF(P8=0,0,($C$3-P8)) -> 0 | P8: =VLOOKUP($A8,[6]HISTOAVRIL25!$A$6:$BB$47,31,0) -> 0
A9: AS201608 | B9: =IF(D9=0,0,VLOOKUP($A9,[6]HISTOAVRIL25!$A$6:$BQ$47,14,0)) -> 2 | C9: =VLOOKUP(A9,[7]LISTADHERENT!A$5:H$60,3,0) -> DJUOMBESSY ANTOINE | D9: =IF(E9="ECHEC",0,VLOOKUP($A9,[6]HISTOAVRIL25!$A$6:$BB$47,15,0)) -> 200000 | E9: =VLOOKUP($A9,[6]HISTOAVRIL25!$A$6:$BB$47,9,0) -> BANQUE | F9: =VLOOKUP($A9,[6]HISTOAVRIL25!$A$6:$BB$47,37,0) -> 0 | G9: =VLOOKUP($A9,[6]HISTOAVRIL25!$A$6:$BB$47,40,0) -> 0 | H9: =IF(G9=0,"",VLOOKUP($A9,[6]HISTOFEV25!$A$6:$AV$47,42,0)) | I9: =VLOOKUP($A9,[6]HISTOAVRIL25!$A$6:$BB$47,41,0) -> 0 | J9: =+TONTMARS25!F9+TONTMARS25!G9 -> 0 | K9: =VLOOKUP($A9,[6]HISTOAVRIL25!$A$6:$BB$47,18,0) -> 0 | L9: =IF(K9<>0,VLOOKUP($A9,[6]HISTOAVRIL25!$A$6:$BB$47,42,0),"ECHEC") -> ECHEC | M9: =IF(P9<>0,VLOOKUP($A9,[6]HISTOAVRIL25!$A$6:$BB$47,32,0),"ECHEC") -> ECHEC | N9: =VLOOKUP($A9,[6]HISTOAVRIL25!$A$6:$BB$47,33,0) -> 0 | O9: =IF(P9=0,0,($C$3-P9)) -> 0 | P9: =VLOOKUP($A9,[6]HISTOAVRIL25!$A$6:$BB$47,31,0) -> 0
A10: AS201663 | B10: =IF(D10=0,0,VLOOKUP($A10,[6]HISTOAVRIL25!$A$6:$BQ$47,14,0)) -> 1 | C10: =VLOOKUP(A10,[7]LISTADHERENT!A$5:H$60,3,0) -> FAMPOU PAUL | D10: =IF(E10="ECHEC",0,VLOOKUP($A10,[6]HISTOAVRIL25!$A$6:$BB$47,15,0)) -> 100000 | E10: =VLOOKUP($A10,[6]HISTOAVRIL25!$A$6:$BB$47,9,0) -> BANQUE | F10: =VLOOKUP($A10,[6]HISTOAVRIL25!$A$6:$BB$47,37,0) -> 0 | G10: =VLOOKUP($A10,[6]HISTOAVRIL25!$A$6:$BB$47,40,0) -> 0 | H10: =IF(G10=0,"",VLOOKUP($A10,[6]HISTOFEV25!$A$6:$AV$47,42,0)) | I10: =VLOOKUP($A10,[6]HISTOAVRIL25!$A$6:$BB$47,41,0) -> 0 | J10: =+TONTMARS25!F10+TONTMARS25!G10 -> 26000 | K10: =VLOOKUP($A10,[6]HISTOAVRIL25!$A$6:$BB$47,18,0) -> 26000 | L10: =IF(K10<>0,VLOOKUP($A10,[6]HISTOAVRIL25!$A$6:$BB$47,42,0),"ECHEC") -> BANQUE | M10: =IF(P10<>0,VLOOKUP($A10,[6]HISTOAVRIL25!$A$6:$BB$47,32,0),"ECHEC") -> ECHEC | N10: =VLOOKUP($A10,[6]HISTOAVRIL25!$A$6:$BB$47,33,0) -> 0 | O10: =IF(P10=0,0,($C$3-P10)) -> 0 | P10: =VLOOKUP($A10,[6]HISTOAVRIL25!$A$6:$BB$47,31,0) -> 0
A11: AS201613 | B11: =IF(D11=0,0,VLOOKUP($A11,[6]HISTOAVRIL25!$A$6:$BQ$47,14,0)) -> 1 | C11: =VLOOKUP(A11,[7]LISTADHERENT!A$5:H$60,3,0) -> HOTCHO BENJAMIN | D11: =IF(E11="ECHEC",0,VLOOKUP($A11,[6]HISTOAVRIL25!$A$6:$BB$47,15,0)) -> 100000 | E11: =VLOOKUP($A11,[6]HISTOAVRIL25!$A$6:$BB$47,9,0) -> BANQUE | F11: =VLOOKUP($A11,[6]HISTOAVRIL25!$A$6:$BB$47,37,0) -> 100000 | G11: =VLOOKUP($A11,[6]HISTOAVRIL25!$A$6:$BB$47,40,0) -> 1000 | H11: =IF(G11=0,"",VLOOKUP($A11,[6]HISTOFEV25!$A$6:$AV$47,42,0)) -> 0 | I11: =VLOOKUP($A11,[6]HISTOAVRIL25!$A$6:$BB$47,41,0) -> 0 | J11: =+TONTMARS25!F11+TONTMARS25!G11 -> 0 | K11: =VLOOKUP($A11,[6]HISTOAVRIL25!$A$6:$BB$47,18,0) -> 0 | L11: =IF(K11<>0,VLOOKUP($A11,[6]HISTOAVRIL25!$A$6:$BB$47,42,0),"ECHEC") -> ECHEC | M11: =IF(P11<>0,VLOOKUP($A11,[6]HISTOAVRIL25!$A$6:$BB$47,32,0),"ECHEC") -> BANQUE | N11: =VLOOKUP($A11,[6]HISTOAVRIL25!$A$6:$BB$47,33,0) -> 0 | O11: =IF(P11=0,0,($C$3-P11)) -> 1170000 | P11: =VLOOKUP($A11,[6]HISTOAVRIL25!$A$6:$BB$47,31,0) -> 30000
A12: AS201617 | B12: =IF(D12=0,0,VLOOKUP($A12,[6]HISTOAVRIL25!$A$6:$BQ$47,14,0)) -> 1 | C12: =VLOOKUP(A12,[7]LISTADHERENT!A$5:H$60,3,0) -> KOUAMOU MOISE | D12: =IF(E12="ECHEC",0,VLOOKUP($A12,[6]HISTOAVRIL25!$A$6:$BB$47,15,0)) -> 100000 | E12: =VLOOKUP($A12,[6]HISTOAVRIL25!$A$6:$BB$47,9,0) -> BANQUE | F12: =VLOOKUP($A12,[6]HISTOAVRIL25!$A$6:$BB$47,37,0) -> 0 | G12: =VLOOKUP($A12,[6]HISTOAVRIL25!$A$6:$BB$47,40,0) -> 0 | H12: =IF(G12=0,"",VLOOKUP($A12,[6]HISTOFEV25!$A$6:$AV$47,42,0)) | I12: =VLOOKUP($A12,[6]HISTOAVRIL25!$A$6:$BB$47,41,0) -> 0 | J12: =+TONTMARS25!F12+TONTMARS25!G12 -> 0 | K12: =VLOOKUP($A12,[6]HISTOAVRIL25!$A$6:$BB$47,18,0) -> 0 | L12: =IF(K12<>0,VLOOKUP($A12,[6]HISTOAVRIL25!$A$6:$BB$47,42,0),"ECHEC") -> ECHEC | M12: =IF(P12<>0,VLOOKUP($A12,[6]HISTOAVRIL25!$A$6:$BB$47,32,0),"ECHEC") -> ECHEC | N12: =VLOOKUP($A12,[6]HISTOAVRIL25!$A$6:$BB$47,33,0) -> 0 | O12: =IF(P12=0,0,($C$3-P12)) -> 0 | P12: =VLOOKUP($A12,[6]HISTOAVRIL25!$A$6:$BB$47,31,0) -> 0
A13: AS201619 | B13: =IF(D13=0,0,VLOOKUP($A13,[6]HISTOAVRIL25!$A$6:$BQ$47,14,0)) -> 1 | C13: =VLOOKUP(A13,[7]LISTADHERENT!A$5:H$60,3,0) -> KOUATCHO MESSACK | D13: =IF(E13="ECHEC",0,VLOOKUP($A13,[6]HISTOAVRIL25!$A$6:$BB$47,15,0)) -> 100000 | E13: =VLOOKUP($A13,[6]HISTOAVRIL25!$A$6:$BB$47,9,0) -> BANQUE | F13: =VLOOKUP($A13,[6]HISTOAVRIL25!$A$6:$BB$47,37,0) -> 100000 | G13: =VLOOKUP($A13,[6]HISTOAVRIL25!$A$6:$BB$47,40,0) -> 1000 | H13: =IF(G13=0,"",VLOOKUP($A13,[6]HISTOFEV25!$A$6:$AV$47,42,0)) -> BANQUE | I13: =VLOOKUP($A13,[6]HISTOAVRIL25!$A$6:$BB$47,41,0) -> 0 | J13: =+TONTMARS25!F13+TONTMARS25!G13 -> 207500 | K13: =VLOOKUP($A13,[6]HISTOAVRIL25!$A$6:$BB$47,18,0) -> 207500 | L13: =IF(K13<>0,VLOOKUP($A13,[6]HISTOAVRIL25!$A$6:$BB$47,42,0),"ECHEC") -> BANQUE | M13: =IF(P13<>0,VLOOKUP($A13,[6]HISTOAVRIL25!$A$6:$BB$47,32,0),"ECHEC") -> ECHEC | N13: =VLOOKUP($A13,[6]HISTOAVRIL25!$A$6:$BB$47,33,0) -> 0 | O13: =IF(P13=0,0,($C$3-P13)) -> 0 | P13: =VLOOKUP($A13,[6]HISTOAVRIL25!$A$6:$BB$47,31,0) -> 0
A14: AS201649 | B14: =IF(D14=0,0,VLOOKUP($A14,[6]HISTOAVRIL25!$A$6:$BQ$47,14,0)) -> 2 | C14: =VLOOKUP(A14,[7]LISTADHERENT!A$5:H$60,3,0) -> MBOGNING TUGMA GUY | D14: =IF(E14="ECHEC",0,VLOOKUP($A14,[6]HISTOAVRIL25!$A$6:$BB$47,15,0)) -> 200000 | E14: =VLOOKUP($A14,[6]HISTOAVRIL25!$A$6:$BB$47,9,0) -> BANQUE | F14: =VLOOKUP($A14,[6]HISTOAVRIL25!$A$6:$BB$47,37,0) -> 200000 | G14: =VLOOKUP($A14,[6]HISTOAVRIL25!$A$6:$BB$47,40,0) -> 2000 | H14: =IF(G14=0,"",VLOOKUP($A14,[6]HISTOFEV25!$A$6:$AV$47,42,0)) -> BANQUE | I14: =VLOOKUP($A14,[6]HISTOAVRIL25!$A$6:$BB$47,41,0) -> 0 | J14: =+TONTMARS25!F14+TONTMARS25!G14 -> 202000 | K14: =VLOOKUP($A14,[6]HISTOAVRIL25!$A$6:$BB$47,18,0) -> 202000 | L14: =IF(K14<>0,VLOOKUP($A14,[6]HISTOAVRIL25!$A$6:$BB$47,42,0),"ECHEC") -> BANQUE | M14: =IF(P14<>0,VLOOKUP($A14,[6]HISTOAVRIL25!$A$6:$BB$47,32,0),"ECHEC") -> ECHEC | N14: =VLOOKUP($A14,[6]HISTOAVRIL25!$A$6:$BB$47,33,0) -> 0 | O14: =IF(P14=0,0,($C$3-P14)) -> 0 | P14: =VLOOKUP($A14,[6]HISTOAVRIL25!$A$6:$BB$47,31,0) -> 0
A15: AS201622 | B15: =IF(D15=0,0,VLOOKUP($A15,[6]HISTOAVRIL25!$A$6:$BQ$47,14,0)) -> 2 | C15: =VLOOKUP(A15,[7]LISTADHERENT!A$5:H$60,3,0) -> NDJOMO ETIENNE | D15: =IF(E15="ECHEC",0,VLOOKUP($A15,[6]HISTOAVRIL25!$A$6:$BB$47,15,0)) -> 200000 | E15: =VLOOKUP($A15,[6]HISTOAVRIL25!$A$6:$BB$47,9,0) -> BANQUE | F15: =VLOOKUP($A15,[6]HISTOAVRIL25!$A$6:$BB$47,37,0) -> 193000 | G15: =VLOOKUP($A15,[6]HISTOAVRIL25!$A$6:$BB$47,40,0) -> 2500 | H15: =IF(G15=0,"",VLOOKUP($A15,[6]HISTOFEV25!$A$6:$AV$47,42,0)) -> BANQUE | I15: =VLOOKUP($A15,[6]HISTOAVRIL25!$A$6:$BB$47,41,0) -> 0 | J15: =+TONTMARS25!F15+TONTMARS25!G15 -> 101000 | K15: =VLOOKUP($A15,[6]HISTOAVRIL25!$A$6:$BB$47,18,0) -> 101000 | L15: =IF(K15<>0,VLOOKUP($A15,[6]HISTOAVRIL25!$A$6:$BB$47,42,0),"ECHEC") -> BANQUE | M15: =IF(P15<>0,VLOOKUP($A15,[6]HISTOAVRIL25!$A$6:$BB$47,32,0),"ECHEC") -> ECHEC | N15: =VLOOKUP($A15,[6]HISTOAVRIL25!$A$6:$BB$47,33,0) -> 0 | O15: =IF(P15=0,0,($C$3-P15)) -> 0 | P15: =VLOOKUP($A15,[6]HISTOAVRIL25!$A$6:$BB$47,31,0) -> 0
A16: AS201624 | B16: =IF(D16=0,0,VLOOKUP($A16,[6]HISTOAVRIL25!$A$6:$BQ$47,14,0)) -> 1 | C16: =VLOOKUP(A16,[7]LISTADHERENT!A$5:H$60,3,0) -> NGONDIEP CLAUDE | D16: =IF(E16="ECHEC",0,VLOOKUP($A16,[6]HISTOAVRIL25!$A$6:$BB$47,15,0)) -> 100000 | E16: =VLOOKUP($A16,[6]HISTOAVRIL25!$A$6:$BB$47,9,0) -> BANQUE | F16: =VLOOKUP($A16,[6]HISTOAVRIL25!$A$6:$BB$47,37,0) -> 200000 | G16: =VLOOKUP($A16,[6]HISTOAVRIL25!$A$6:$BB$47,40,0) -> 3000 | H16: =IF(G16=0,"",VLOOKUP($A16,[6]HISTOFEV25!$A$6:$AV$47,42,0)) -> 0 | I16: =VLOOKUP($A16,[6]HISTOAVRIL25!$A$6:$BB$47,41,0) -> 0 | J16: =+TONTMARS25!F16+TONTMARS25!G16 -> 0 | K16: =VLOOKUP($A16,[6]HISTOAVRIL25!$A$6:$BB$47,18,0) -> 0 | L16: =IF(K16<>0,VLOOKUP($A16,[6]HISTOAVRIL25!$A$6:$BB$47,42,0),"ECHEC") -> ECHEC | M16: =IF(P16<>0,VLOOKUP($A16,[6]HISTOAVRIL25!$A$6:$BB$47,32,0),"ECHEC") -> BANQUE | N16: =VLOOKUP($A16,[6]HISTOAVRIL25!$A$6:$BB$47,33,0) -> 0 | O16: =IF(P16=0,0,($C$3-P16)) -> 1160000 | P16: =VLOOKUP($A16,[6]HISTOAVRIL25!$A$6:$BB$47,31,0) -> 40000
A17: AS201626 | B17: =IF(D17=0,0,VLOOKUP($A17,[6]HISTOAVRIL25!$A$6:$BQ$47,14,0)) -> 2 | C17: =VLOOKUP(A17,[7]LISTADHERENT!A$5:H$60,3,0) -> NGUIEMEGNI MATHIEU BLAISE | D17: =IF(E17="ECHEC",0,VLOOKUP($A17,[6]HISTOAVRIL25!$A$6:$BB$47,15,0)) -> 200000 | E17: =VLOOKUP($A17,[6]HISTOAVRIL25!$A$6:$BB$47,9,0) -> BANQUE | F17: =VLOOKUP($A17,[6]HISTOAVRIL25!$A$6:$BB$47,37,0) -> 0 | G17: =VLOOKUP($A17,[6]HISTOAVRIL25!$A$6:$BB$47,40,0) -> 0 | H17: =IF(G17=0,"",VLOOKUP($A17,[6]HISTOFEV25!$A$6:$AV$47,42,0)) | I17: =VLOOKUP($A17,[6]HISTOAVRIL25!$A$6:$BB$47,41,0) -> 0 | J17: =+TONTMARS25!F17+TONTMARS25!G17 -> 202500 | K17: =VLOOKUP($A17,[6]HISTOAVRIL25!$A$6:$BB$47,18,0) -> 202500 | L17: =IF(K17<>0,VLOOKUP($A17,[6]HISTOAVRIL25!$A$6:$BB$47,42,0),"ECHEC") -> BANQUE | M17: =IF(P17<>0,VLOOKUP($A17,[6]HISTOAVRIL25!$A$6:$BB$47,32,0),"ECHEC") -> ECHEC | N17: =VLOOKUP($A17,[6]HISTOAVRIL25!$A$6:$BB$47,33,0) -> 0 | O17: =IF(P17=0,0,($C$3-P17)) -> 0 | P17: =VLOOKUP($A17,[6]HISTOAVRIL25!$A$6:$BB$47,31,0) -> 0
... A22: AS201647 | B22: =IF(D22=0,0,VLOOKUP($A22,[6]HISTOAVRIL25!$A$6:$BQ$47,14,0)) -> 1 | C22: =VLOOKUP(A22,[7]LISTADHERENT!A$5:H$60,3,0) -> YOUMBI EMMANUEL | D22: =IF(E22="ECHEC",0,VLOOKUP($A22,[6]HISTOAVRIL25!$A$6:$BB$47,15,0)) -> 100000 | E22: =VLOOKUP($A22,[6]HISTOAVRIL25!$A$6:$BB$47,9,0) -> BANQUE | F22: =VLOOKUP($A22,[6]HISTOAVRIL25!$A$6:$BB$47,37,0) -> 0 | G22: =VLOOKUP($A22,[6]HISTOAVRIL25!$A$6:$BB$47,40,0) -> 0 | H22: =IF(G22=0,"",VLOOKUP($A22,[6]HISTOFEV25!$A$6:$AV$47,42,0)) | I22: =VLOOKUP($A22,[6]HISTOAVRIL25!$A$6:$BB$47,41,0) -> 0 | J22: =+TONTMARS25!F22+TONTMARS25!G22 -> 0 | K22: =VLOOKUP($A22,[6]HISTOAVRIL25!$A$6:$BB$47,18,0) -> 0 | L22: =IF(K22<>0,VLOOKUP($A22,[6]HISTOAVRIL25!$A$6:$BB$47,42,0),"ECHEC") -> ECHEC | M22: =IF(P22<>0,VLOOKUP($A22,[6]HISTOAVRIL25!$A$6:$BB$47,32,0),"ECHEC") -> ECHEC | N22: =VLOOKUP($A22,[6]HISTOAVRIL25!$A$6:$BB$47,33,0) -> 0 | O22: =IF(P22=0,0,($C$3-P22)) -> 0 | P22: =VLOOKUP($A22,[6]HISTOAVRIL25!$A$6:$BB$47,31,0) -> 0
A24: TOTAL PART | B24: =SUM(B6:B22) -> 24
A25: NBRE ADHERENT | B25: =+COUNT(D6:D22) -> 17 | D25: =SUM(D6:D22) -> 2400000 | E25: =SUM(E6:E22) -> 0 | F25: =SUM(F6:F22) -> 1093000 | G25: =SUM(G6:G22) -> 12500 | H25: =SUM(H6:H22) -> 0 | I25: =SUM(I6:I22) -> 0 | J25: =SUM(J6:J22) -> 942500 | K25: =SUM(K6:K22) -> 942500 | ... P25: =SUM(P6:P22) -> 70000
M26: NBRE PART | N26: PART VENDUE
D27: MONTANT TONTINE | E27: REMBOURSEMENT PETIT LOT | F27: VENTE PETIT LOT | G27: VENTE LOT PRINCIPAL | H27: SOLDE EN CAISSE | K27: TONTINE + REMB + INTERET VENTE | L27: =D31+E31+P25+TONTFEV25!N32+2400000 -> 3387500
C28: ESPECES | D28: =SUMIFS(D6:D22,E6:E22,"ESPECES") -> 400000 | E28: =SUMIFS(K6:K22,L6:L22,"ESPECES") -> 0 | F28: =SUMIFS(F6:F22,H6:H22,"ESPECES") -> 0 | G28: =SUMIFS(O6:O22,M6:M22,"ESPECES") -> 0 | H28: =D28+E28-F28-G28 -> 400000 | K28: LOT PRINCIPAL | L28: =C3*COUNTIF(O6:O22,">0") -> 2400000 | M28: =D3 -> 2 | N28: =COUNTIF(O6:O21,">0") -> 2
C29: BANQUE | D29: =SUMIFS(D6:D22,E6:E22,"BANQUE") -> 2000000 | E29: =SUMIFS(K6:K22,L6:L22,"BANQUE") -> 942500 | F29: =SUMIFS(F6:F22,H6:H22,"BANQUE") -> 693000 | G29: =SUMIFS(O6:O22,M6:M22,"BANQUE") -> 2330000 | H29: =D29+E29-F29-G29 -> -80500
K30: PETIT LOT | L30: =+L27-L28+251000 -> 1238500
C31: TOTAL | D31: =D28+D29+200000 -> 2600000 | E31: =E28+E29 -> 942500 | F31: =F28+F29 -> 693000 | G31: =G28+G29 -> 2330000 | H31: =H28+H29 -> 319500
K32: RELIQUAT | L32: =L30-F25 -> 145500 | N32: =L32 -> 145500 | O32: CUMUL
K34: ECHEC TONTINE MOIS | L34: =COUNTIFS(E6:E29,"ECHEC")*100000 -> 0 | N34: =L34+TONTFEV25!N34 -> 0 | O34: CUMUL
K35: ECHEC REMBOURSEMENT MOIS | L35: =J25-E31 -> 0 | N35: =L35+TONTFEV25!N35 -> 0 | O35: CUMUL

Sheet TONTMAI25
A1: ASSOCIATION | B1: ASELBY
A2: ANNEE | B2: 2025 | C2: TONIINE | D2: NBRE PART
A3: TAUX TONTINE | B3: 100000 | C3: =B3*12 -> 1200000 | D3: =ROUNDDOWN(L27/C3,0) -> 2
C4: 45790
A5: MATRICULE | B5: NBREPART | C5: NOM ET PRENOM | D5: MONTANT TONTINE | E5: MODE VERSEMENT | F5: VENTE PETIT LOT | G5: INTERET PETIT LOT | H5: MODE VERSEMENT VENTE PETIT LOT | I5: NUMERO CHEQUE | J5: MONTANT A REMBOURSER PETIT LOT | K5: REMBOURSEMENT PETIT LOT | L5: MODE VERSEMENT REMBOURSEMENT | M5: MODE VERSEMENTLOT PRINCIPAL | N5: NUMERO CHEQUE | O5: MONTANT LOT PRINCIPAL | P5: INTERET LOT PRINCIPAL
A6: AS201648 | B6: =IF(D6=0,0,VLOOKUP($A6,[6]HISTOMAI25!$A$6:$BQ$47,14,0)) -> 1 | C6: =VLOOKUP(A6,[7]LISTADHERENT!A$5:H$60,3,0) -> ASELBY | D6: =IF(E6="ECHEC",0,VLOOKUP($A6,[6]HISTOMAI25!$A$6:$BB$47,15,0)) -> 100000 | E6: =VLOOKUP($A6,[6]HISTOMAI25!$A$6:$BB$47,9,0) -> BANQUE | F6: =VLOOKUP($A6,[6]HISTOMAI25!$A$6:$BB$47,37,0) -> 0 | G6: =VLOOKUP($A6,[6]HISTOMAI25!$A$6:$BB$47,40,0) -> 0 | H6: =IF(G6=0,"",VLOOKUP($A6,[6]HISTOFEV25!$A$6:$AV$47,42,0)) | I6: =VLOOKUP($A6,[6]HISTOMAI25!$A$6:$BB$47,41,0) -> 0 | J6: =+TONTAVRIL25!F6+TONTAVRIL25!G6 -> 0 | K6: =VLOOKUP($A6,[6]HISTOMAI25!$A$6:$BB$47,18,0) -> 0 | L6: =IF(K6<>0,VLOOKUP($A6,[6]HISTOMAI25!$A$6:$BB$47,42,0),"ECHEC") -> ECHEC | M6: =IF(P6<>0,VLOOKUP($A6,[6]HISTOMAI25!$A$6:$BB$47,32,0),"ECHEC") -> ECHEC | N6: =VLOOKUP($A6,[6]HISTOMAI25!$A$6:$BB$47,33,0) -> 0 | O6: =IF(P6=0,0,($C$3-P6)) -> 0 | P6: =VLOOKUP($A6,[6]HISTOMAI25!$A$6:$BB$47,31,0) -> 0
A7: AS201604 | B7: =IF(D7=0,0,VLOOKUP($A7,[6]HISTOMAI25!$A$6:$BQ$47,14,0)) -> 2 | C7: =VLOOKUP(A7,[7]LISTADHERENT!A$5:H$60,3,0) -> DJOMO JEAN PAUL | D7: =IF(E7="ECHEC",0,VLOOKUP($A7,[6]HISTOMAI25!$A$6:$BB$47,15,0)) -> 200000 | E7: =VLOOKUP($A7,[6]HISTOMAI25!$A$6:$BB$47,9,0) -> BANQUE | F7: =VLOOKUP($A7,[6]HISTOMAI25!$A$6:$BB$47,37,0) -> 100000 | G7: =VLOOKUP($A7,[6]HISTOMAI25!$A$6:$BB$47,40,0) -> 1000 | H7: =IF(G7=0,"",VLOOKUP($A7,[6]HISTOFEV25!$A$6:$AV$47,42,0)) -> BANQUE | I7: =VLOOKUP($A7,[6]HISTOMAI25!$A$6:$BB$47,41,0) -> 0 | J7: =+TONTAVRIL25!F7+TONTAVRIL25!G7 -> 202000 | K7: =VLOOKUP($A7,[6]HISTOMAI25!$A$6:$BB$47,18,0) -> 202000 | L7: =IF(K7<>0,VLOOKUP($A7,[6]HISTOMAI25!$A$6:$BB$47,42,0),"ECHEC") -> BANQUE | M7: =IF(P7<>0,VLOOKUP($A7,[6]HISTOMAI25!$A$6:$BB$47,32,0),"ECHEC") -> ECHEC | N7: =VLOOKUP($A7,[6]HISTOMAI25!$A$6:$BB$47,33,0) -> 0 | O7: =IF(P7=0,0,($C$3-P7)) -> 0 | P7: =VLOOKUP($A7,[6]HISTOMAI25!$A$6:$BB$47,31,0) -> 0
A8: AS201605 | B8: =IF(D8=0,0,VLOOKUP($A8,[6]HISTOMAI25!$A$6:$BQ$47,14,0)) -> 1 | C8: =VLOOKUP(A8,[7]LISTADHERENT!A$5:H$60,3,0) -> DJOUKWE NANGUEN GUY BLAISE | D8: =IF(E8="ECHEC",0,VLOOKUP($A8,[6]HISTOMAI25!$A$6:$BB$47,15,0)) -> 100000 | E8: =VLOOKUP($A8,[6]HISTOMAI25!$A$6:$BB$47,9,0) -> BANQUE | F8: =VLOOKUP($A8,[6]HISTOMAI25!$A$6:$BB$47,37,0) -> 100000 | G8: =VLOOKUP($A8,[6]HISTOMAI25!$A$6:$BB$47,40,0) -> 1000 | H8: =IF(G8=0,"",VLOOKUP($A8,[6]HISTOFEV25!$A$6:$AV$47,42,0)) -> BANQUE | I8: =VLOOKUP($A8,[6]HISTOMAI25!$A$6:$BB$47,41,0) -> 0 | J8: =+TONTAVRIL25!F8+TONTAVRIL25!G8 -> 0 | K8: =VLOOKUP($A8,[6]HISTOMAI25!$A$6:$BB$47,18,0) -> 0 | L8: =IF(K8<>0,VLOOKUP($A8,[6]HISTOMAI25!$A$6:$BB$47,42,0),"ECHEC") -> ECHEC | M8: =IF(P8<>0,VLOOKUP($A8,[6]HISTOMAI25!$A$6:$BB$47,32,0),"ECHEC") -> ECHEC | N8: =VLOOKUP($A8,[6]HISTOMAI25!$A$6:$BB$47,33,0) -> 0 | O8: =IF(P8=0,0,($C$3-P8)) -> 0 | P8: =VLOOKUP($A8,[6]HISTOMAI25!$A$6:$BB$47,31,0) -> 0
A9: AS201608 | B9: =IF(D9=0,0,VLOOKUP($A9,[6]HISTOMAI25!$A$6:$BQ$47,14,0)) -> 2 | C9: =VLOOKUP(A9,[7]LISTADHERENT!A$5:H$60,3,0) -> DJUOMBESSY ANTOINE | D9: =IF(E9="ECHEC",0,VLOOKUP($A9,[6]HISTOMAI25!$A$6:$BB$47,15,0)) -> 200000 | E9: =VLOOKUP($A9,[6]HISTOMAI25!$A$6:$BB$47,9,0) -> BANQUE | F9: =VLOOKUP($A9,[6]HISTOMAI25!$A$6:$BB$47,37,0) -> 0 | G9: =VLOOKUP($A9,[6]HISTOMAI25!$A$6:$BB$47,40,0) -> 0 | H9: =IF(G9=0,"",VLOOKUP($A9,[6]HISTOFEV25!$A$6:$AV$47,42,0)) | I9: =VLOOKUP($A9,[6]HISTOMAI25!$A$6:$BB$47,41,0) -> 0 | J9: =+TONTAVRIL25!F9+TONTAVRIL25!G9 -> 0 | K9: =VLOOKUP($A9,[6]HISTOMAI25!$A$6:$BB$47,18,0) -> 0 | L9: =IF(K9<>0,VLOOKUP($A9,[6]HISTOMAI25!$A$6:$BB$47,42,0),"ECHEC") -> ECHEC | M9: =IF(P9<>0,VLOOKUP($A9,[6]HISTOMAI25!$A$6:$BB$47,32,0),"ECHEC") -> ECHEC | N9: =VLOOKUP($A9,[6]HISTOMAI25!$A$6:$BB$47,33,0) -> 0 | O9: =IF(P9=0,0,($C$3-P9)) -> 0 | P9: =VLOOKUP($A9,[6]HISTOMAI25!$A$6:$BB$47,31,0) -> 0
A10: AS201663 | B10: =IF(D10=0,0,VLOOKUP($A10,[6]HISTOMAI25!$A$6:$BQ$47,14,0)) -> 1 | C10: =VLOOKUP(A10,[7]LISTADHERENT!A$5:H$60,3,0) -> FAMPOU PAUL | D10: =IF(E10="ECHEC",0,VLOOKUP($A10,[6]HISTOMAI25!$A$6:$BB$47,15,0)) -> 100000 | E10: =VLOOKUP($A10,[6]HISTOMAI25!$A$6:$BB$47,9,0) -> BANQUE | F10: =VLOOKUP($A10,[6]HISTOMAI25!$A$6:$BB$47,37,0) -> 0 | G10: =VLOOKUP($A10,[6]HISTOMAI25!$A$6:$BB$47,40,0) -> 0 | H10: =IF(G10=0,"",VLOOKUP($A10,[6]HISTOFEV25!$A$6:$AV$47,42,0)) | I10: =VLOOKUP($A10,[6]HISTOMAI25!$A$6:$BB$47,41,0) -> 0 | J10: =+TONTAVRIL25!F10+TONTAVRIL25!G10 -> 0 | K10: =VLOOKUP($A10,[6]HISTOMAI25!$A$6:$BB$47,18,0) -> 0 | L10: =IF(K10<>0,VLOOKUP($A10,[6]HISTOMAI25!$A$6:$BB$47,42,0),"ECHEC") -> ECHEC | M10: =IF(P10<>0,VLOOKUP($A10,[6]HISTOMAI25!$A$6:$BB$47,32,0),"ECHEC") -> ECHEC | N10: =VLOOKUP($A10,[6]HISTOMAI25!$A$6:$BB$47,33,0) -> 0 | O10: =IF(P10=0,0,($C$3-P10)) -> 0 | P10: =VLOOKUP($A10,[6]HISTOMAI25!$A$6:$BB$47,31,0) -> 0
A11: AS201613 | B11: =IF(D11=0,0,VLOOKUP($A11,[6]HISTOMAI25!$A$6:$BQ$47,14,0)) -> 1 | C11: =VLOOKUP(A11,[7]LISTADHERENT!A$5:H$60,3,0) -> HOTCHO BENJAMIN | D11: =IF(E11="ECHEC",0,VLOOKUP($A11,[6]HISTOMAI25!$A$6:$BB$47,15,0)) -> 100000 | E11: =VLOOKUP($A11,[6]HISTOMAI25!$A$6:$BB$47,9,0) -> BANQUE | F11: =VLOOKUP($A11,[6]HISTOMAI25!$A$6:$BB$47,37,0) -> 0 | G11: =VLOOKUP($A11,[6]HISTOMAI25!$A$6:$BB$47,40,0) -> 0 | H11: =IF(G11=0,"",VLOOKUP($A11,[6]HISTOFEV25!$A$6:$AV$47,42,0)) | I11: =VLOOKUP($A11,[6]HISTOMAI25!$A$6:$BB$47,41,0) -> 0 | J11: =+TONTAVRIL25!F11+TONTAVRIL25!G11 -> 101000 | K11: =VLOOKUP($A11,[6]HISTOMAI25!$A$6:$BB$47,18,0) -> 101000 | L11: =IF(K11<>0,VLOOKUP($A11,[6]HISTOMAI25!$A$6:$BB$47,42,0),"ECHEC") -> BANQUE | M11: =IF(P11<>0,VLOOKUP($A11,[6]HISTOMAI25!$A$6:$BB$47,32,0),"ECHEC") -> ECHEC | N11: =VLOOKUP($A11,[6]HISTOMAI25!$A$6:$BB$47,33,0) -> 0 | O11: =IF(P11=0,0,($C$3-P11)) -> 0 | P11: =VLOOKUP($A11,[6]HISTOMAI25!$A$6:$BB$47,31,0) -> 0
A12: AS201617 | B12: =IF(D12=0,0,VLOOKUP($A12,[6]HISTOMAI25!$A$6:$BQ$47,14,0)) -> 1 | C12: =VLOOKUP(A12,[7]LISTADHERENT!A$5:H$60,3,0) -> KOUAMOU MOISE | D12: =IF(E12="ECHEC",0,VLOOKUP($A12,[6]HISTOMAI25!$A$6:$BB$47,15,0)) -> 100000 | E12: =VLOOKUP($A12,[6]HISTOMAI25!$A$6:$BB$47,9,0) -> BANQUE | F12: =VLOOKUP($A12,[6]HISTOMAI25!$A$6:$BB$47,37,0) -> 100000 | G12: =VLOOKUP($A12,[6]HISTOMAI25!$A$6:$BB$47,40,0) -> 2000 | H12: =IF(G12=0,"",VLOOKUP($A12,[6]HISTOFEV25!$A$6:$AV$47,42,0)) -> 0 | I12: =VLOOKUP($A12,[6]HISTOMAI25!$A$6:$BB$47,41,0) -> 0 | J12: =+TONTAVRIL25!F12+TONTAVRIL25!G12 -> 0 | K12: =VLOOKUP($A12,[6]HISTOMAI25!$A$6:$BB$47,18,0) -> 0 | L12: =IF(K12<>0,VLOOKUP($A12,[6]HISTOMAI25!$A$6:$BB$47,42,0),"ECHEC") -> ECHEC | M12: =IF(P12<>0,VLOOKUP($A12,[6]HISTOMAI25!$A$6:$BB$47,32,0),"ECHEC") -> ECHEC | N12: =VLOOKUP($A12,[6]HISTOMAI25!$A$6:$BB$47,33,0) -> 0 | O12: =IF(P12=0,0,($C$3-P12)) -> 0 | P12: =VLOOKUP($A12,[6]HISTOMAI25!$A$6:$BB$47,31,0) -> 0
A13: AS201619 | B13: =IF(D13=0,0,VLOOKUP($A13,[6]HISTOMAI25!$A$6:$BQ$47,14,0)) -> 1 | C13: =VLOOKUP(A13,[7]LISTADHERENT!A$5:H$60,3,0) -> KOUATCHO MESSACK | D13: =IF(E13="ECHEC",0,VLOOKUP($A13,[6]HISTOMAI25!$A$6:$BB$47,15,0)) -> 100000 | E13: =VLOOKUP($A13,[6]HISTOMAI25!$A$6:$BB$47,9,0) -> BANQUE | F13: =VLOOKUP($A13,[6]HISTOMAI25!$A$6:$BB$47,37,0) -> 100000 | G13: =VLOOKUP($A13,[6]HISTOMAI25!$A$6:$BB$47,40,0) -> 1000 | H13: =IF(G13=0,"",VLOOKUP($A13,[6]HISTOFEV25!$A$6:$AV$47,42,0)) -> BANQUE | I13: =VLOOKUP($A13,[6]HISTOMAI25!$A$6:$BB$47,41,0) -> 0 | J13: =+TONTAVRIL25!F13+TONTAVRIL25!G13 -> 101000 | K13: =VLOOKUP($A13,[6]HISTOMAI25!$A$6:$BB$47,18,0) -> 101000 | L13: =IF(K13<>0,VLOOKUP($A13,[6]HISTOMAI25!$A$6:$BB$47,42,0),"ECHEC") -> BANQUE | M13: =IF(P13<>0,VLOOKUP($A13,[6]HISTOMAI25!$A$6:$BB$47,32,0),"ECHEC") -> ECHEC | N13: =VLOOKUP($A13,[6]HISTOMAI25!$A$6:$BB$47,33,0) -> 0 | O13: =IF(P13=0,0,($C$3-P13)) -> 0 | P13: =VLOOKUP($A13,[6]HISTOMAI25!$A$6:$BB$47,31,0) -> 0
A14: AS201649 | B14: =IF(D14=0,0,VLOOKUP($A14,[6]HISTOMAI25!$A$6:$BQ$47,14,0)) -> 2 | C14: =VLOOKUP(A14,[7]LISTADHERENT!A$5:H$60,3,0) -> MBOGNING TUGMA GUY | D14: =IF(E14="ECHEC",0,VLOOKUP($A14,[6]HISTOMAI25!$A$6:$BB$47,15,0)) -> 200000 | E14: =VLOOKUP($A14,[6]HISTOMAI25!$A$6:$BB$47,9,0) -> BANQUE | F14: =VLOOKUP($A14,[6]HISTOMAI25!$A$6:$BB$47,37,0) -> 200000 | G14: =VLOOKUP($A14,[6]HISTOMAI25!$A$6:$BB$47,40,0) -> 2000 | H14: =IF(G14=0,"",VLOOKUP($A14,[6]HISTOFEV25!$A$6:$AV$47,42,0)) -> BANQUE | I14: =VLOOKUP($A14,[6]HISTOMAI25!$A$6:$BB$47,41,0) -> 0 | J14: =+TONTAVRIL25!F14+TONTAVRIL25!G14 -> 202000 | K14: =VLOOKUP($A14,[6]HISTOMAI25!$A$6:$BB$47,18,0) -> 202000 | L14: =IF(K14<>0,VLOOKUP($A14,[6]HISTOMAI25!$A$6:$BB$47,42,0),"ECHEC") -> BANQUE | M14: =IF(P14<>0,VLOOKUP($A14,[6]HISTOMAI25!$A$6:$BB$47,32,0),"ECHEC") -> ECHEC | N14: =VLOOKUP($A14,[6]HISTOMAI25!$A$6:$BB$47,33,0) -> 0 | O14: =IF(P14=0,0,($C$3-P14)) -> 0 | P14: =VLOOKUP($A14,[6]HISTOMAI25!$A$6:$BB$47,31,0) -> 0
A15: AS201622 | B15: =IF(D15=0,0,VLOOKUP($A15,[6]HISTOMAI25!$A$6:$BQ$47,14,0)) -> 2 | C15: =VLOOKUP(A15,[7]LISTADHERENT!A$5:H$60,3,0) -> NDJOMO ETIENNE | D15: =IF(E15="ECHEC",0,VLOOKUP($A15,[6]HISTOMAI25!$A$6:$BB$47,15,0)) -> 200000 | E15: =VLOOKUP($A15,[6]HISTOMAI25!$A$6:$BB$47,9,0) -> BANQUE | F15: =VLOOKUP($A15,[6]HISTOMAI25!$A$6:$BB$47,37,0) -> 200000 | G15: =VLOOKUP($A15,[6]HISTOMAI25!$A$6:$BB$47,40,0) -> 2500 | H15: =IF(G15=0,"",VLOOKUP($A15,[6]HISTOFEV25!$A$6:$AV$47,42,0)) -> BANQUE | I15: =VLOOKUP($A15,[6]HISTOMAI25!$A$6:$BB$47,41,0) -> 0 | J15: =+TONTAVRIL25!F15+TONTAVRIL25!G15 -> 195500 | K15: =VLOOKUP($A15,[6]HISTOMAI25!$A$6:$BB$47,18,0) -> 195500 | L15: =IF(K15<>0,VLOOKUP($A15,[6]HISTOMAI25!$A$6:$BB$47,42,0),"ECHEC") -> BANQUE | M15: =IF(P15<>0,VLOOKUP($A15,[6]HISTOMAI25!$A$6:$BB$47,32,0),"ECHEC") -> 0 | N15: =VLOOKUP($A15,[6]HISTOMAI25!$A$6:$BB$47,33,0) -> 0 | O15: =IF(P15=0,0,($C$3-P15)) -> 1190000 | P15: =VLOOKUP($A15,[6]HISTOMAI25!$A$6:$BB$47,31,0) -> 10000
A16: AS201624 | B16: =IF(D16=0,0,VLOOKUP($A16,[6]HISTOMAI25!$A$6:$BQ$47,14,0)) -> 1 | C16: =VLOOKUP(A16,[7]LISTADHERENT!A$5:H$60,3,0) -> NGONDIEP CLAUDE | D16: =IF(E16="ECHEC",0,VLOOKUP($A16,[6]HISTOMAI25!$A$6:$BB$47,15,0)) -> 100000 | E16: =VLOOKUP($A16,[6]HISTOMAI25!$A$6:$BB$47,9,0) -> BANQUE | F16: =VLOOKUP($A16,[6]HISTOMAI25!$A$6:$BB$47,37,0) -> 130500 | G16: =VLOOKUP($A16,[6]HISTOMAI25!$A$6:$BB$47,40,0) -> 2000 | H16: =IF(G16=0,"",VLOOKUP($A16,[6]HISTOFEV25!$A$6:$AV$47,42,0)) -> 0 | I16: =VLOOKUP($A16,[6]HISTOMAI25!$A$6:$BB$47,41,0) -> 0 | J16: =+TONTAVRIL25!F16+TONTAVRIL25!G16 -> 203000 | K16: =VLOOKUP($A16,[6]HISTOMAI25!$A$6:$BB$47,18,0) -> 203000 | L16: =IF(K16<>0,VLOOKUP($A16,[6]HISTOMAI25!$A$6:$BB$47,42,0),"ECHEC") -> BANQUE | M16: =IF(P16<>0,VLOOKUP($A16,[6]HISTOMAI25!$A$6:$BB$47,32,0),"ECHEC") -> ECHEC | N16: =VLOOKUP($A16,[6]HISTOMAI25!$A$6:$BB$47,33,0) -> 0 | O16: =IF(P16=0,0,($C$3-P16)) -> 0 | P16: =VLOOKUP($A16,[6]HISTOMAI25!$A$6:$BB$47,31,0) -> 0
A17: AS201626 | B17: =IF(D17=0,0,VLOOKUP($A17,[6]HISTOMAI25!$A$6:$BQ$47,14,0)) -> 2 | C17: =VLOOKUP(A17,[7]LISTADHERENT!A$5:H$60,3,0) -> NGUIEMEGNI MATHIEU BLAISE | D17: =IF(E17="ECHEC",0,VLOOKUP($A17,[6]HISTOMAI25!$A$6:$BB$47,15,0)) -> 200000 | E17: =VLOOKUP($A17,[6]HISTOMAI25!$A$6:$BB$47,9,0) -> BANQUE | F17: =VLOOKUP($A17,[6]HISTOMAI25!$A$6:$BB$47,37,0) -> 200000 | G17: =VLOOKUP($A17,[6]HISTOMAI25!$A$6:$BB$47,40,0) -> 2500 | H17: =IF(G17=0,"",VLOOKUP($A17,[6]HISTOFEV25!$A$6:$AV$47,42,0)) -> BANQUE | I17: =VLOOKUP($A17,[6]HISTOMAI25!$A$6:$BB$47,41,0) -> 0 | J17: =+TONTAVRIL25!F17+TONTAVRIL25!G17 -> 0 | K17: =VLOOKUP($A17,[6]HISTOMAI25!$A$6:$BB$47,18,0) -> 0 | L17: =IF(K17<>0,VLOOKUP($A17,[6]HISTOMAI25!$A$6:$BB$47,42,0),"ECHEC") -> ECHEC | M17: =IF(P17<>0,VLOOKUP($A17,[6]HISTOMAI25!$A$6:$BB$47,32,0),"ECHEC") -> ECHEC | N17: =VLOOKUP($A17,[6]HISTOMAI25!$A$6:$BB$47,33,0) -> 0 | O17: =IF(P17=0,0,($C$3-P17)) -> 0 | P17: =VLOOKUP($A17,[6]HISTOMAI25!$A$6:$BB$47,31,0) -> 0
... A22: AS201647 | B22: =IF(D22=0,0,VLOOKUP($A22,[6]HISTOMAI25!$A$6:$BQ$47,14,0)) -> 1 | C22: =VLOOKUP(A22,[7]LISTADHERENT!A$5:H$60,3,0) -> YOUMBI EMMANUEL | D22: =IF(E22="ECHEC",0,VLOOKUP($A22,[6]HISTOMAI25!$A$6:$BB$47,15,0)) -> 100000 | E22: =VLOOKUP($A22,[6]HISTOMAI25!$A$6:$BB$47,9,0) -> BANQUE | F22: =VLOOKUP($A22,[6]HISTOMAI25!$A$6:$BB$47,37,0) -> 0 | G22: =VLOOKUP($A22,[6]HISTOMAI25!$A$6:$BB$47,40,0) -> 0 | H22: =IF(G22=0,"",VLOOKUP($A22,[6]HISTOFEV25!$A$6:$AV$47,42,0)) | I22: =VLOOKUP($A22,[6]HISTOMAI25!$A$6:$BB$47,41,0) -> 0 | J22: =+TONTAVRIL25!F22+TONTAVRIL25!G22 -> 0 | K22: =VLOOKUP($A22,[6]HISTOMAI25!$A$6:$BB$47,18,0) -> 0 | L22: =IF(K22<>0,VLOOKUP($A22,[6]HISTOMAI25!$A$6:$BB$47,42,0),"ECHEC") -> ECHEC | M22: =IF(P22<>0,VLOOKUP($A22,[6]HISTOMAI25!$A$6:$BB$47,32,0),"ECHEC") -> ECHEC | N22: =VLOOKUP($A22,[6]HISTOMAI25!$A$6:$BB$47,33,0) -> 0 | O22: =IF(P22=0,0,($C$3-P22)) -> 0 | P22: =VLOOKUP($A22,[6]HISTOMAI25!$A$6:$BB$47,31,0) -> 0
A24: TOTAL PART | B24: =SUM(B6:B22) -> 24
A25: NBRE ADHERENT | B25: =+COUNT(D6:D22) -> 17 | D25: =SUM(D6:D22) -> 2400000 | E25: =SUM(E6:E22) -> 0 | F25: =SUM(F6:F22) -> 1130500 | G25: =SUM(G6:G22) -> 14000 | H25: =SUM(H6:H22) -> 0 | I25: =SUM(I6:I22) -> 0 | J25: =SUM(J6:J22) -> 1105500 | K25: =SUM(K6:K22) -> 1105500 | ... P25: =SUM(P6:P22) -> 25000
M26: NBRE PART | N26: PART VENDUE
D27: MONTANT TONTINE | E27: REMBOURSEMENT PETIT LOT | F27: VENTE PETIT LOT | G27: VENTE LOT PRINCIPAL | H27: SOLDE EN CAISSE | K27: TONTINE + REMB + INTERET VENTE | L27: =D31+E31+P25+TONTFEV25!N32+2400000 -> 3505500
C28: ESPECES | D28: =SUMIFS(D6:D22,E6:E22,"ESPECES") -> 0 | E28: =SUMIFS(K6:K22,L6:L22,"ESPECES") -> 0 | F28: =SUMIFS(F6:F22,H6:H22,"ESPECES") -> 0 | G28: =SUMIFS(O6:O22,M6:M22,"ESPECES") -> 0 | H28: =D28+E28-F28-G28 -> 0 | K28: LOT PRINCIPAL | L28: =C3*COUNTIF(O6:O22,">0") -> 2400000 | M28: =D3 -> 2 | N28: =COUNTIF(O6:O21,">0") -> 2
C29: BANQUE | D29: =SUMIFS(D6:D22,E6:E22,"BANQUE") -> 2400000 | E29: =SUMIFS(K6:K22,L6:L22,"BANQUE") -> 1105500 | F29: =SUMIFS(F6:F22,H6:H22,"BANQUE") -> 900000 | G29: =SUMIFS(O6:O22,M6:M22,"BANQUE") -> 0 | H29: =D29+E29-F29-G29 -> 2605500
K30: PETIT LOT | L30: =+L27-L28+251000 -> 1356500
C31: TOTAL | D31: =D28+D29+200000 -> 2600000 | E31: =E28+E29 -> 1105500 | F31: =F28+F29 -> 900000 | G31: =G28+G29 -> 0 | H31: =H28+H29 -> 2605500
K32: RELIQUAT | L32: =L30-F25 -> 226000 | N32: =L32 -> 226000 | O32: CUMUL
K34: ECHEC TONTINE MOIS | L34: =COUNTIFS(E6:E29,"ECHEC")*100000 -> 0 | N34: =L34+TONTFEV25!N34 -> 0 | O34: CUMUL
K35: ECHEC REMBOURSEMENT MOIS | L35: =J25-E31 -> 0 | N35: =L35+TONTFEV25!N35 -> 0 | O35: CUMUL

Sheet TONTJUIN25
A1: ASSOCIATION | B1: ASELBY
A2: ANNEE | B2: 2025 | C2: TONIINE | D2: NBRE PART
A3: TAUX TONTINE | B3: 100000 | C3: =B3*12 -> 1200000 | D3: =ROUNDDOWN(L27/C3,0) -> 2
C4: 45821
A5: MATRICULE | B5: NBREPART | C5: NOM ET PRENOM | D5: MONTANT TONTINE | E5: MODE VERSEMENT | F5: VENTE PETIT LOT | G5: INTERET PETIT LOT | H5: MODE VERSEMENT VENTE PETIT LOT | I5: NUMERO CHEQUE | J5: MONTANT A REMBOURSER PETIT LOT | K5: REMBOURSEMENT PETIT LOT | L5: MODE VERSEMENT REMBOURSEMENT | M5: MODE VERSEMENTLOT PRINCIPAL | N5: NUMERO CHEQUE | O5: MONTANT LOT PRINCIPAL | P5: INTERET LOT PRINCIPAL
A6: AS201648 | B6: =IF(D6=0,0,VLOOKUP($A6,[6]HISTOJUIN25!$A$6:$BQ$47,14,0)) -> 1 | C6: =VLOOKUP(A6,[7]LISTADHERENT!A$5:H$60,3,0) -> ASELBY | D6: =IF(E6="ECHEC",0,VLOOKUP($A6,[6]HISTOJUIN25!$A$6:$BB$47,15,0)) -> 100000 | E6: =VLOOKUP($A6,[6]HISTOJUIN25!$A$6:$BB$47,9,0) -> BANQUE | F6: =VLOOKUP($A6,[6]HISTOJUIN25!$A$6:$BB$47,37,0) -> 0 | G6: =VLOOKUP($A6,[6]HISTOJUIN25!$A$6:$BB$47,40,0) -> 0 | H6: =IF(G6=0,"",VLOOKUP($A6,[6]HISTOJUIN25!$A$6:$AV$47,42,0)) | I6: =VLOOKUP($A6,[6]HISTOJUIN25!$A$6:$BB$47,41,0) -> 0 | J6: =+TONTJUIN25!F6+TONTJUIN25!G6 -> 0 | K6: =VLOOKUP($A6,[6]HISTOJUIN25!$A$6:$BB$47,18,0) -> 0 | L6: =IF(K6<>0,VLOOKUP($A6,[6]HISTOJUIN25!$A$6:$BB$47,42,0),"ECHEC") -> ECHEC | M6: =IF(P6<>0,VLOOKUP($A6,[6]HISTOJUIN25!$A$6:$BB$47,32,0),"ECHEC") -> 0 | N6: =VLOOKUP($A6,[6]HISTOJUIN25!$A$6:$BB$47,33,0) -> 0 | O6: =IF(P6=0,0,($C$3-P6)) -> 1190000 | P6: =VLOOKUP($A6,[6]HISTOJUIN25!$A$6:$BB$47,31,0) -> 10000
A7: AS201604 | B7: =IF(D7=0,0,VLOOKUP($A7,[6]HISTOJUIN25!$A$6:$BQ$47,14,0)) -> 2 | C7: =VLOOKUP(A7,[7]LISTADHERENT!A$5:H$60,3,0) -> DJOMO JEAN PAUL | D7: =IF(E7="ECHEC",0,VLOOKUP($A7,[6]HISTOJUIN25!$A$6:$BB$47,15,0)) -> 200000 | E7: =VLOOKUP($A7,[6]HISTOJUIN25!$A$6:$BB$47,9,0) -> ESPECES | F7: =VLOOKUP($A7,[6]HISTOJUIN25!$A$6:$BB$47,37,0) -> 0 | G7: =VLOOKUP($A7,[6]HISTOJUIN25!$A$6:$BB$47,40,0) -> 0 | H7: =IF(G7=0,"",VLOOKUP($A7,[6]HISTOJUIN25!$A$6:$AV$47,42,0)) | I7: =VLOOKUP($A7,[6]HISTOJUIN25!$A$6:$BB$47,41,0) -> 0 | J7: =+TONTJUIN25!F7+TONTJUIN25!G7 -> 0 | K7: =VLOOKUP($A7,[6]HISTOJUIN25!$A$6:$BB$47,18,0) -> 0 | L7: =IF(K7<>0,VLOOKUP($A7,[6]HISTOJUIN25!$A$6:$BB$47,42,0),"ECHEC") -> ECHEC | M7: =IF(P7<>0,VLOOKUP($A7,[6]HISTOJUIN25!$A$6:$BB$47,32,0),"ECHEC") -> ECHEC | N7: =VLOOKUP($A7,[6]HISTOJUIN25!$A$6:$BB$47,33,0) -> 0 | O7: =IF(P7=0,0,($C$3-P7)) -> 0 | P7: =VLOOKUP($A7,[6]HISTOJUIN25!$A$6:$BB$47,31,0) -> 0
A8: AS201605 | B8: =IF(D8=0,0,VLOOKUP($A8,[6]HISTOJUIN25!$A$6:$BQ$47,14,0)) -> 1 | C8: =VLOOKUP(A8,[7]LISTADHERENT!A$5:H$60,3,0) -> DJOUKWE NANGUEN GUY BLAISE | D8: =IF(E8="ECHEC",0,VLOOKUP($A8,[6]HISTOJUIN25!$A$6:$BB$47,15,0)) -> 100000 | E8: =VLOOKUP($A8,[6]HISTOJUIN25!$A$6:$BB$47,9,0) -> BANQUE | F8: =VLOOKUP($A8,[6]HISTOJUIN25!$A$6:$BB$47,37,0) -> 200000 | G8: =VLOOKUP($A8,[6]HISTOJUIN25!$A$6:$BB$47,40,0) -> 7500 | H8: =IF(G8=0,"",VLOOKUP($A8,[6]HISTOJUIN25!$A$6:$AV$47,42,0)) -> BANQUE | I8: =VLOOKUP($A8,[6]HISTOJUIN25!$A$6:$BB$47,41,0) -> 0 | J8: =+TONTJUIN25!F8+TONTJUIN25!G8 -> 207500 | K8: =VLOOKUP($A8,[6]HISTOJUIN25!$A$6:$BB$47,18,0) -> 207500 | L8: =IF(K8<>0,VLOOKUP($A8,[6]HISTOJUIN25!$A$6:$BB$47,42,0),"ECHEC") -> BANQUE | M8: =IF(P8<>0,VLOOKUP($A8,[6]HISTOJUIN25!$A$6:$BB$47,32,0),"ECHEC") -> ECHEC | N8: =VLOOKUP($A8,[6]HISTOJUIN25!$A$6:$BB$47,33,0) -> 0 | O8: =IF(P8=0,0,($C$3-P8)) -> 0 | P8: =VLOOKUP($A8,[6]HISTOJUIN25!$A$6:$BB$47,31,0) -> 0
A9: AS201608 | B9: =IF(D9=0,0,VLOOKUP($A9,[6]HISTOJUIN25!$A$6:$BQ$47,14,0)) -> 2 | C9: =VLOOKUP(A9,[7]LISTADHERENT!A$5:H$60,3,0) -> DJUOMBESSY ANTOINE | D9: =IF(E9="ECHEC",0,VLOOKUP($A9,[6]HISTOJUIN25!$A$6:$BB$47,15,0)) -> 200000 | E9: =VLOOKUP($A9,[6]HISTOJUIN25!$A$6:$BB$47,9,0) -> BANQUE | F9: =VLOOKUP($A9,[6]HISTOJUIN25!$A$6:$BB$47,37,0) -> 200000 | G9: =VLOOKUP($A9,[6]HISTOJUIN25!$A$6:$BB$47,40,0) -> 3000 | H9: =IF(G9=0,"",VLOOKUP($A9,[6]HISTOJUIN25!$A$6:$AV$47,42,0)) -> BANQUE | I9: =VLOOKUP($A9,[6]HISTOJUIN25!$A$6:$BB$47,41,0) -> 0 | J9: =+TONTJUIN25!F9+TONTJUIN25!G9 -> 203000 | K9: =VLOOKUP($A9,[6]HISTOJUIN25!$A$6:$BB$47,18,0) -> 203000 | L9: =IF(K9<>0,VLOOKUP($A9,[6]HISTOJUIN25!$A$6:$BB$47,42,0),"ECHEC") -> BANQUE | M9: =IF(P9<>0,VLOOKUP($A9,[6]HISTOJUIN25!$A$6:$BB$47,32,0),"ECHEC") -> ECHEC | N9: =VLOOKUP($A9,[6]HISTOJUIN25!$A$6:$BB$47,33,0) -> 0 | O9: =IF(P9=0,0,($C$3-P9)) -> 0 | P9: =VLOOKUP($A9,[6]HISTOJUIN25!$A$6:$BB$47,31,0) -> 0
A10: AS201663 | B10: =IF(D10=0,0,VLOOKUP($A10,[6]HISTOJUIN25!$A$6:$BQ$47,14,0)) -> 1 | C10: =VLOOKUP(A10,[7]LISTADHERENT!A$5:H$60,3,0) -> FAMPOU PAUL | D10: =IF(E10="ECHEC",0,VLOOKUP($A10,[6]HISTOJUIN25!$A$6:$BB$47,15,0)) -> 100000 | E10: =VLOOKUP($A10,[6]HISTOJUIN25!$A$6:$BB$47,9,0) -> BANQUE | F10: =VLOOKUP($A10,[6]HISTOJUIN25!$A$6:$BB$47,37,0) -> 0 | G10: =VLOOKUP($A10,[6]HISTOJUIN25!$A$6:$BB$47,40,0) -> 0 | H10: =IF(G10=0,"",VLOOKUP($A10,[6]HISTOJUIN25!$A$6:$AV$47,42,0)) | I10: =VLOOKUP($A10,[6]HISTOJUIN25!$A$6:$BB$47,41,0) -> 0 | J10: =+TONTJUIN25!F10+TONTJUIN25!G10 -> 0 | K10: =VLOOKUP($A10,[6]HISTOJUIN25!$A$6:$BB$47,18,0) -> 0 | L10: =IF(K10<>0,VLOOKUP($A10,[6]HISTOJUIN25!$A$6:$BB$47,42,0),"ECHEC") -> ECHEC | M10: =IF(P10<>0,VLOOKUP($A10,[6]HISTOJUIN25!$A$6:$BB$47,32,0),"ECHEC") -> ECHEC | N10: =VLOOKUP($A10,[6]HISTOJUIN25!$A$6:$BB$47,33,0) -> 0 | O10: =IF(P10=0,0,($C$3-P10)) -> 0 | P10: =VLOOKUP($A10,[6]HISTOJUIN25!$A$6:$BB$47,31,0) -> 0
A11: AS201613 | B11: =IF(D11=0,0,VLOOKUP($A11,[6]HISTOJUIN25!$A$6:$BQ$47,14,0)) -> 1 | C11: =VLOOKUP(A11,[7]LISTADHERENT!A$5:H$60,3,0) -> HOTCHO BENJAMIN | D11: =IF(E11="ECHEC",0,VLOOKUP($A11,[6]HISTOJUIN25!$A$6:$BB$47,15,0)) -> 100000 | E11: =VLOOKUP($A11,[6]HISTOJUIN25!$A$6:$BB$47,9,0) -> BANQUE | F11: =VLOOKUP($A11,[6]HISTOJUIN25!$A$6:$BB$47,37,0) -> 0 | G11: =VLOOKUP($A11,[6]HISTOJUIN25!$A$6:$BB$47,40,0) -> 0 | H11: =IF(G11=0,"",VLOOKUP($A11,[6]HISTOJUIN25!$A$6:$AV$47,42,0)) | I11: =VLOOKUP($A11,[6]HISTOJUIN25!$A$6:$BB$47,41,0) -> 0 | J11: =+TONTJUIN25!F11+TONTJUIN25!G11 -> 0 | K11: =VLOOKUP($A11,[6]HISTOJUIN25!$A$6:$BB$47,18,0) -> 0 | L11: =IF(K11<>0,VLOOKUP($A11,[6]HISTOJUIN25!$A$6:$BB$47,42,0),"ECHEC") -> ECHEC | M11: =IF(P11<>0,VLOOKUP($A11,[6]HISTOJUIN25!$A$6:$BB$47,32,0),"ECHEC") -> ECHEC | N11: =VLOOKUP($A11,[6]HISTOJUIN25!$A$6:$BB$47,33,0) -> 0 | O11: =IF(P11=0,0,($C$3-P11)) -> 0 | P11: =VLOOKUP($A11,[6]HISTOJUIN25!$A$6:$BB$47,31,0) -> 0
A12: AS201617 | B12: =IF(D12=0,0,VLOOKUP($A12,[6]HISTOJUIN25!$A$6:$BQ$47,14,0)) -> 1 | C12: =VLOOKUP(A12,[7]LISTADHERENT!A$5:H$60,3,0) -> KOUAMOU MOISE | D12: =IF(E12="ECHEC",0,VLOOKUP($A12,[6]HISTOJUIN25!$A$6:$BB$47,15,0)) -> 100000 | E12: =VLOOKUP($A12,[6]HISTOJUIN25!$A$6:$BB$47,9,0) -> BANQUE | F12: =VLOOKUP($A12,[6]HISTOJUIN25!$A$6:$BB$47,37,0) -> 102000 | G12: =VLOOKUP($A12,[6]HISTOJUIN25!$A$6:$BB$47,40,0) -> 4000 | H12: =IF(G12=0,"",VLOOKUP($A12,[6]HISTOJUIN25!$A$6:$AV$47,42,0)) -> BANQUE | I12: =VLOOKUP($A12,[6]HISTOJUIN25!$A$6:$BB$47,41,0) -> 0 | J12: =+TONTJUIN25!F12+TONTJUIN25!G12 -> 106000 | K12: =VLOOKUP($A12,[6]HISTOJUIN25!$A$6:$BB$47,18,0) -> 106000 | L12: =IF(K12<>0,VLOOKUP($A12,[6]HISTOJUIN25!$A$6:$BB$47,42,0),"ECHEC") -> BANQUE | M12: =IF(P12<>0,VLOOKUP($A12,[6]HISTOJUIN25!$A$6:$BB$47,32,0),"ECHEC") -> ECHEC | N12: =VLOOKUP($A12,[6]HISTOJUIN25!$A$6:$BB$47,33,0) -> 0 | O12: =IF(P12=0,0,($C$3-P12)) -> 0 | P12: =VLOOKUP($A12,[6]HISTOJUIN25!$A$6:$BB$47,31,0) -> 0
A13: AS201619 | B13: =IF(D13=0,0,VLOOKUP($A13,[6]HISTOJUIN25!$A$6:$BQ$47,14,0)) -> 1 | C13: =VLOOKUP(A13,[7]LISTADHERENT!A$5:H$60,3,0) -> KOUATCHO MESSACK | D13: =IF(E13="ECHEC",0,VLOOKUP($A13,[6]HISTOJUIN25!$A$6:$BB$47,15,0)) -> 100000 | E13: =VLOOKUP($A13,[6]HISTOJUIN25!$A$6:$BB$47,9,0) -> BANQUE | F13: =VLOOKUP($A13,[6]HISTOJUIN25!$A$6:$BB$47,37,0) -> 0 | G13: =VLOOKUP($A13,[6]HISTOJUIN25!$A$6:$BB$47,40,0) -> 0 | H13: =IF(G13=0,"",VLOOKUP($A13,[6]HISTOJUIN25!$A$6:$AV$47,42,0)) | I13: =VLOOKUP($A13,[6]HISTOJUIN25!$A$6:$BB$47,41,0) -> 0 | J13: =+TONTJUIN25!F13+TONTJUIN25!G13 -> 0 | K13: =VLOOKUP($A13,[6]HISTOJUIN25!$A$6:$BB$47,18,0) -> 0 | L13: =IF(K13<>0,VLOOKUP($A13,[6]HISTOJUIN25!$A$6:$BB$47,42,0),"ECHEC") -> ECHEC | M13: =IF(P13<>0,VLOOKUP($A13,[6]HISTOJUIN25!$A$6:$BB$47,32,0),"ECHEC") -> ECHEC | N13: =VLOOKUP($A13,[6]HISTOJUIN25!$A$6:$BB$47,33,0) -> 0 | O13: =IF(P13=0,0,($C$3-P13)) -> 0 | P13: =VLOOKUP($A13,[6]HISTOJUIN25!$A$6:$BB$47,31,0) -> 0
A14: AS201649 | B14: =IF(D14=0,0,VLOOKUP($A14,[6]HISTOJUIN25!$A$6:$BQ$47,14,0)) -> 2 | C14: =VLOOKUP(A14,[7]LISTADHERENT!A$5:H$60,3,0) -> MBOGNING TUGMA GUY | D14: =IF(E14="ECHEC",0,VLOOKUP($A14,[6]HISTOJUIN25!$A$6:$BB$47,15,0)) -> 200000 | E14: =VLOOKUP($A14,[6]HISTOJUIN25!$A$6:$BB$47,9,0) -> BANQUE | F14: =VLOOKUP($A14,[6]HISTOJUIN25!$A$6:$BB$47,37,0) -> 200000 | G14: =VLOOKUP($A14,[6]HISTOJUIN25!$A$6:$BB$47,40,0) -> 4500 | H14: =IF(G14=0,"",VLOOKUP($A14,[6]HISTOJUIN25!$A$6:$AV$47,42,0)) -> BANQUE | I14: =VLOOKUP($A14,[6]HISTOJUIN25!$A$6:$BB$47,41,0) -> 0 | J14: =+TONTJUIN25!F14+TONTJUIN25!G14 -> 204500 | K14: =VLOOKUP($A14,[6]HISTOJUIN25!$A$6:$BB$47,18,0) -> 204500 | L14: =IF(K14<>0,VLOOKUP($A14,[6]HISTOJUIN25!$A$6:$BB$47,42,0),"ECHEC") -> BANQUE | M14: =IF(P14<>0,VLOOKUP($A14,[6]HISTOJUIN25!$A$6:$BB$47,32,0),"ECHEC") -> ECHEC | N14: =VLOOKUP($A14,[6]HISTOJUIN25!$A$6:$BB$47,33,0) -> 0 | O14: =IF(P14=0,0,($C$3-P14)) -> 0 | P14: =VLOOKUP($A14,[6]HISTOJUIN25!$A$6:$BB$47,31,0) -> 0
A15: AS201622 | B15: =IF(D15=0,0,VLOOKUP($A15,[6]HISTOJUIN25!$A$6:$BQ$47,14,0)) -> 2 | C15: =VLOOKUP(A15,[7]LISTADHERENT!A$5:H$60,3,0) -> NDJOMO ETIENNE | D15: =IF(E15="ECHEC",0,VLOOKUP($A15,[6]HISTOJUIN25!$A$6:$BB$47,15,0)) -> 200000 | E15: =VLOOKUP($A15,[6]HISTOJUIN25!$A$6:$BB$47,9,0) -> BANQUE | F15: =VLOOKUP($A15,[6]HISTOJUIN25!$A$6:$BB$47,37,0) -> 200000 | G15: =VLOOKUP($A15,[6]HISTOJUIN25!$A$6:$BB$47,40,0) -> 6500 | H15: =IF(G15=0,"",VLOOKUP($A15,[6]HISTOJUIN25!$A$6:$AV$47,42,0)) -> BANQUE | I15: =VLOOKUP($A15,[6]HISTOJUIN25!$A$6:$BB$47,41,0) -> 0 | J15: =+TONTJUIN25!F15+TONTJUIN25!G15 -> 206500 | K15: =VLOOKUP($A15,[6]HISTOJUIN25!$A$6:$BB$47,18,0) -> 206500 | L15: =IF(K15<>0,VLOOKUP($A15,[6]HISTOJUIN25!$A$6:$BB$47,42,0),"ECHEC") -> BANQUE | M15: =IF(P15<>0,VLOOKUP($A15,[6]HISTOJUIN25!$A$6:$BB$47,32,0),"ECHEC") -> ECHEC | N15: =VLOOKUP($A15,[6]HISTOJUIN25!$A$6:$BB$47,33,0) -> 0 | O15: =IF(P15=0,0,($C$3-P15)) -> 0 | P15: =VLOOKUP($A15,[6]HISTOJUIN25!$A$6:$BB$47,31,0) -> 0
A16: AS201624 | B16: =IF(D16=0,0,VLOOKUP($A16,[6]HISTOJUIN25!$A$6:$BQ$47,14,0)) -> 1 | C16: =VLOOKUP(A16,[7]LISTADHERENT!A$5:H$60,3,0) -> NGONDIEP CLAUDE | D16: =IF(E16="ECHEC",0,VLOOKUP($A16,[6]HISTOJUIN25!$A$6:$BB$47,15,0)) -> 100000 | E16: =VLOOKUP($A16,[6]HISTOJUIN25!$A$6:$BB$47,9,0) -> BANQUE | F16: =VLOOKUP($A16,[6]HISTOJUIN25!$A$6:$BB$47,37,0) -> 132500 | G16: =VLOOKUP($A16,[6]HISTOJUIN25!$A$6:$BB$47,40,0) -> 4000 | H16: =IF(G16=0,"",VLOOKUP($A16,[6]HISTOJUIN25!$A$6:$AV$47,42,0)) -> BANQUE | I16: =VLOOKUP($A16,[6]HISTOJUIN25!$A$6:$BB$47,41,0) -> 0 | J16: =+TONTJUIN25!F16+TONTJUIN25!G16 -> 136500 | K16: =VLOOKUP($A16,[6]HISTOJUIN25!$A$6:$BB$47,18,0) -> 136500 | L16: =IF(K16<>0,VLOOKUP($A16,[6]HISTOJUIN25!$A$6:$BB$47,42,0),"ECHEC") -> BANQUE | M16: =IF(P16<>0,VLOOKUP($A16,[6]HISTOJUIN25!$A$6:$BB$47,32,0),"ECHEC") -> ECHEC | N16: =VLOOKUP($A16,[6]HISTOJUIN25!$A$6:$BB$47,33,0) -> 0 | O16: =IF(P16=0,0,($C$3-P16)) -> 0 | P16: =VLOOKUP($A16,[6]HISTOJUIN25!$A$6:$BB$47,31,0) -> 0
A17: AS201626 | B17: =IF(D17=0,0,VLOOKUP($A17,[6]HISTOJUIN25!$A$6:$BQ$47,14,0)) -> 2 | C17: =VLOOKUP(A17,[7]LISTADHERENT!A$5:H$60,3,0) -> NGUIEMEGNI MATHIEU BLAISE | D17: =IF(E17="ECHEC",0,VLOOKUP($A17,[6]HISTOJUIN25!$A$6:$BB$47,15,0)) -> 200000 | E17: =VLOOKUP($A17,[6]HISTOJUIN25!$A$6:$BB$47,9,0) -> BANQUE | F17: =VLOOKUP($A17,[6]HISTOJUIN25!$A$6:$BB$47,37,0) -> 100000 | G17: =VLOOKUP($A17,[6]HISTOJUIN25!$A$6:$BB$47,40,0) -> 3000 | H17: =IF(G17=0,"",VLOOKUP($A17,[6]HISTOJUIN25!$A$6:$AV$47,42,0)) -> BANQUE | I17: =VLOOKUP($A17,[6]HISTOJUIN25!$A$6:$BB$47,41,0) -> 0 | J17: =+TONTJUIN25!F17+TONTJUIN25!G17 -> 103000 | K17: =VLOOKUP($A17,[6]HISTOJUIN25!$A$6:$BB$47,18,0) -> 103000 | L17: =IF(K17<>0,VLOOKUP($A17,[6]HISTOJUIN25!$A$6:$BB$47,42,0),"ECHEC") -> BANQUE | M17: =IF(P17<>0,VLOOKUP($A17,[6]HISTOJUIN25!$A$6:$BB$47,32,0),"ECHEC") -> ECHEC | N17: =VLOOKUP($A17,[6]HISTOJUIN25!$A$6:$BB$47,33,0) -> 0 | O17: =IF(P17=0,0,($C$3-P17)) -> 0 | P17: =VLOOKUP($A17,[6]HISTOJUIN25!$A$6:$BB$47,31,0) -> 0
... A22: AS201647 | B22: =IF(D22=0,0,VLOOKUP($A22,[6]HISTOJUIN25!$A$6:$BQ$47,14,0)) -> 1 | C22: =VLOOKUP(A22,[7]LISTADHERENT!A$5:H$60,3,0) -> YOUMBI EMMANUEL | D22: =IF(E22="ECHEC",0,VLOOKUP($A22,[6]HISTOJUIN25!$A$6:$BB$47,15,0)) -> 100000 | E22: =VLOOKUP($A22,[6]HISTOJUIN25!$A$6:$BB$47,9,0) -> BANQUE | F22: =VLOOKUP($A22,[6]HISTOJUIN25!$A$6:$BB$47,37,0) -> 0 | G22: =VLOOKUP($A22,[6]HISTOJUIN25!$A$6:$BB$47,40,0) -> 0 | H22: =IF(G22=0,"",VLOOKUP($A22,[6]HISTOJUIN25!$A$6:$AV$47,42,0)) | I22: =VLOOKUP($A22,[6]HISTOJUIN25!$A$6:$BB$47,41,0) -> 0 | J22: =+TONTJUIN25!F22+TONTJUIN25!G22 -> 0 | K22: =VLOOKUP($A22,[6]HISTOJUIN25!$A$6:$BB$47,18,0) -> 0 | L22: =IF(K22<>0,VLOOKUP($A22,[6]HISTOJUIN25!$A$6:$BB$47,42,0),"ECHEC") -> ECHEC | M22: =IF(P22<>0,VLOOKUP($A22,[6]HISTOJUIN25!$A$6:$BB$47,32,0),"ECHEC") -> ECHEC | N22: =VLOOKUP($A22,[6]HISTOJUIN25!$A$6:$BB$47,33,0) -> 0 | O22: =IF(P22=0,0,($C$3-P22)) -> 0 | P22: =VLOOKUP($A22,[6]HISTOJUIN25!$A$6:$BB$47,31,0) -> 0
A24: TOTAL PART | B24: =SUM(B6:B22) -> 24
A25: NBRE ADHERENT | B25: =+COUNT(D6:D22) -> 17 | D25: =SUM(D6:D22) -> 2400000 | E25: =SUM(E6:E22) -> 0 | F25: =SUM(F6:F22) -> 1134500 | G25: =SUM(G6:G22) -> 32500 | H25: =SUM(H6:H22) -> 0 | I25: =SUM(I6:I22) -> 0 | J25: =SUM(J6:J22) -> 1167000 | K25: =SUM(K6:K22) -> 1167000 | ... P25: =SUM(P6:P22) -> 20000
M26: NBRE PART | N26: PART VENDUE
D27: MONTANT TONTINE | E27: REMBOURSEMENT PETIT LOT | F27: VENTE PETIT LOT | G27: VENTE LOT PRINCIPAL | H27: SOLDE EN CAISSE | K27: TONTINE + REMB + INTERET VENTE | L27: =D31+E31+P25+TONTFEV25!N32+2400000 -> 3562000
C28: ESPECES | D28: =SUMIFS(D6:D22,E6:E22,"ESPECES") -> 400000 | E28: =SUMIFS(K6:K22,L6:L22,"ESPECES") -> 0 | F28: =SUMIFS(F6:F22,H6:H22,"ESPECES") -> 0 | G28: =SUMIFS(O6:O22,M6:M22,"ESPECES") -> 0 | H28: =D28+E28-F28-G28 -> 400000 | K28: LOT PRINCIPAL | L28: =C3*COUNTIF(O6:O22,">0") -> 2400000 | M28: =D3 -> 2 | N28: =COUNTIF(O6:O21,">0") -> 2
C29: BANQUE | D29: =SUMIFS(D6:D22,E6:E22,"BANQUE") -> 2000000 | E29: =SUMIFS(K6:K22,L6:L22,"BANQUE") -> 1167000 | F29: =SUMIFS(F6:F22,H6:H22,"BANQUE") -> 1134500 | G29: =SUMIFS(O6:O22,M6:M22,"BANQUE") -> 0 | H29: =D29+E29-F29-G29 -> 2032500
K30: PETIT LOT | L30: =+L27-L28+251000 -> 1413000
C31: TOTAL | D31: =D28+D29+200000 -> 2600000 | E31: =E28+E29 -> 1167000 | F31: =F28+F29 -> 1134500 | G31: =G28+G29 -> 0 | H31: =H28+H29 -> 2432500
K32: RELIQUAT | L32: =L30-F25 -> 278500 | N32: =L32 -> 278500 | O32: CUMUL
K34: ECHEC TONTINE MOIS | L34: =COUNTIFS(E6:E29,"ECHEC")*100000 -> 0 | N34: =L34+TONTFEV25!N34 -> 0 | O34: CUMUL
K35: ECHEC REMBOURSEMENT MOIS | L35: =J25-E31 -> 0 | N35: =L35+TONTFEV25!N35 -> 0 | O35: CUMUL

Sheet TONTJUIL25
A1: ASSOCIATION | B1: ASELBY
A2: ANNEE | B2: 2025 | C2: TONIINE | D2: NBRE PART
A3: TAUX TONTINE | B3: 100000 | C3: =B3*12 -> 1200000 | D3: =ROUNDDOWN(L27/C3,0) -> 4
C4: 45851
A5: MATRICULE | B5: NBREPART | C5: NOM ET PRENOM | D5: MONTANT TONTINE | E5: MODE VERSEMENT | F5: VENTE PETIT LOT | G5: INTERET PETIT LOT | H5: MODE VERSEMENT VENTE PETIT LOT | I5: NUMERO CHEQUE | J5: MONTANT A REMBOURSER PETIT LOT | K5: REMBOURSEMENT PETIT LOT | L5: MODE VERSEMENT REMBOURSEMENT | M5: MODE VERSEMENTLOT PRINCIPAL | N5: NUMERO CHEQUE | O5: MONTANT LOT PRINCIPAL | P5: INTERET LOT PRINCIPAL
A6: AS201648 | B6: =IF(D6=0,0,VLOOKUP($A6,[6]HISTOJUIL25!$A$6:$BQ$47,14,0)) -> 1 | C6: =VLOOKUP(A6,[7]LISTADHERENT!A$5:H$60,3,0) -> ASELBY | D6: =IF(E6="ECHEC",0,VLOOKUP($A6,[6]HISTOJUIL25!$A$6:$BB$47,15,0)) -> 100000 | E6: =VLOOKUP($A6,[6]HISTOJUIL25!$A$6:$BB$47,9,0) -> BANQUE | F6: =VLOOKUP($A6,[6]HISTOJUIL25!$A$6:$BB$47,37,0) -> 0 | G6: =VLOOKUP($A6,[6]HISTOJUIL25!$A$6:$BB$47,40,0) -> 0 | H6: =IF(G6=0,"",VLOOKUP($A6,[6]HISTOFEV25!$A$6:$AV$47,42,0)) | I6: =VLOOKUP($A6,[6]HISTOJUIL25!$A$6:$BB$47,41,0) -> 0 | J6: =+TONTJUIN25!F6+TONTJUIN25!G6 -> 0 | K6: =VLOOKUP($A6,[6]HISTOJUIL25!$A$6:$BB$47,18,0) -> 0 | L6: =IF(K6<>0,VLOOKUP($A6,[6]HISTOJUIL25!$A$6:$BB$47,42,0),"ECHEC") -> ECHEC | M6: =IF(P6<>0,VLOOKUP($A6,[6]HISTOJUIL25!$A$6:$BB$47,32,0),"ECHEC") -> ECHEC | N6: =VLOOKUP($A6,[6]HISTOJUIL25!$A$6:$BB$47,33,0) -> 0 | O6: =IF(P6=0,0,($C$3-P6)) -> 0 | P6: =VLOOKUP($A6,[6]HISTOJUIL25!$A$6:$BB$47,31,0) -> 0
A7: AS201604 | B7: =IF(D7=0,0,VLOOKUP($A7,[6]HISTOJUIL25!$A$6:$BQ$47,14,0)) -> 2 | C7: =VLOOKUP(A7,[7]LISTADHERENT!A$5:H$60,3,0) -> DJOMO JEAN PAUL | D7: =IF(E7="ECHEC",0,VLOOKUP($A7,[6]HISTOJUIL25!$A$6:$BB$47,15,0)) -> 200000 | E7: =VLOOKUP($A7,[6]HISTOJUIL25!$A$6:$BB$47,9,0) -> ESPECES | F7: =VLOOKUP($A7,[6]HISTOJUIL25!$A$6:$BB$47,37,0) -> 200000 | G7: =VLOOKUP($A7,[6]HISTOJUIL25!$A$6:$BB$47,40,0) -> 3500 | H7: =IF(G7=0,"",VLOOKUP($A7,[6]HISTOFEV25!$A$6:$AV$47,42,0)) -> BANQUE | I7: =VLOOKUP($A7,[6]HISTOJUIL25!$A$6:$BB$47,41,0) -> 0 | J7: =+TONTJUIN25!F7+TONTJUIN25!G7 -> 0 | K7: =VLOOKUP($A7,[6]HISTOJUIL25!$A$6:$BB$47,18,0) -> 0 | L7: =IF(K7<>0,VLOOKUP($A7,[6]HISTOJUIL25!$A$6:$BB$47,42,0),"ECHEC") -> ECHEC | M7: =IF(P7<>0,VLOOKUP($A7,[6]HISTOJUIL25!$A$6:$BB$47,32,0),"ECHEC") -> ECHEC | N7: =VLOOKUP($A7,[6]HISTOJUIL25!$A$6:$BB$47,33,0) -> 0 | O7: =IF(P7=0,0,($C$3-P7)) -> 0 | P7: =VLOOKUP($A7,[6]HISTOJUIL25!$A$6:$BB$47,31,0) -> 0
A8: AS201605 | B8: =IF(D8=0,0,VLOOKUP($A8,[6]HISTOJUIL25!$A$6:$BQ$47,14,0)) -> 1 | C8: =VLOOKUP(A8,[7]LISTADHERENT!A$5:H$60,3,0) -> DJOUKWE NANGUEN GUY BLAISE | D8: =IF(E8="ECHEC",0,VLOOKUP($A8,[6]HISTOJUIL25!$A$6:$BB$47,15,0)) -> 100000 | E8: =VLOOKUP($A8,[6]HISTOJUIL25!$A$6:$BB$47,9,0) -> BANQUE | F8: =VLOOKUP($A8,[6]HISTOJUIL25!$A$6:$BB$47,37,0) -> 0 | G8: =VLOOKUP($A8,[6]HISTOJUIL25!$A$6:$BB$47,40,0) -> 0 | H8: =IF(G8=0,"",VLOOKUP($A8,[6]HISTOFEV25!$A$6:$AV$47,42,0)) | I8: =VLOOKUP($A8,[6]HISTOJUIL25!$A$6:$BB$47,41,0) -> 0 | J8: =+TONTJUIN25!F8+TONTJUIN25!G8 -> 207500 | K8: =VLOOKUP($A8,[6]HISTOJUIL25!$A$6:$BB$47,18,0) -> 207500 | L8: =IF(K8<>0,VLOOKUP($A8,[6]HISTOJUIL25!$A$6:$BB$47,42,0),"ECHEC") -> BANQUE | M8: =IF(P8<>0,VLOOKUP($A8,[6]HISTOJUIL25!$A$6:$BB$47,32,0),"ECHEC") -> ECHEC | N8: =VLOOKUP($A8,[6]HISTOJUIL25!$A$6:$BB$47,33,0) -> 0 | O8: =IF(P8=0,0,($C$3-P8)) -> 0 | P8: =VLOOKUP($A8,[6]HISTOJUIL25!$A$6:$BB$47,31,0) -> 0
A9: AS201608 | B9: =IF(D9=0,0,VLOOKUP($A9,[6]HISTOJUIL25!$A$6:$BQ$47,14,0)) -> 2 | C9: =VLOOKUP(A9,[7]LISTADHERENT!A$5:H$60,3,0) -> DJUOMBESSY ANTOINE | D9: =IF(E9="ECHEC",0,VLOOKUP($A9,[6]HISTOJUIL25!$A$6:$BB$47,15,0)) -> 200000 | E9: =VLOOKUP($A9,[6]HISTOJUIL25!$A$6:$BB$47,9,0) -> BANQUE | F9: =VLOOKUP($A9,[6]HISTOJUIL25!$A$6:$BB$47,37,0) -> 200000 | G9: =VLOOKUP($A9,[6]HISTOJUIL25!$A$6:$BB$47,40,0) -> 6500 | H9: =IF(G9=0,"",VLOOKUP($A9,[6]HISTOFEV25!$A$6:$AV$47,42,0)) -> 0 | I9: =VLOOKUP($A9,[6]HISTOJUIL25!$A$6:$BB$47,41,0) -> 0 | J9: =+TONTJUIN25!F9+TONTJUIN25!G9 -> 203000 | K9: =VLOOKUP($A9,[6]HISTOJUIL25!$A$6:$BB$47,18,0) -> 203000 | L9: =IF(K9<>0,VLOOKUP($A9,[6]HISTOJUIL25!$A$6:$BB$47,42,0),"ECHEC") -> BANQUE | M9: =IF(P9<>0,VLOOKUP($A9,[6]HISTOJUIL25!$A$6:$BB$47,32,0),"ECHEC") -> ECHEC | N9: =VLOOKUP($A9,[6]HISTOJUIL25!$A$6:$BB$47,33,0) -> 0 | O9: =IF(P9=0,0,($C$3-P9)) -> 0 | P9: =VLOOKUP($A9,[6]HISTOJUIL25!$A$6:$BB$47,31,0) -> 0
A10: AS201663 | B10: =IF(D10=0,0,VLOOKUP($A10,[6]HISTOJUIL25!$A$6:$BQ$47,14,0)) -> 1 | C10: =VLOOKUP(A10,[7]LISTADHERENT!A$5:H$60,3,0) -> FAMPOU PAUL | D10: =IF(E10="ECHEC",0,VLOOKUP($A10,[6]HISTOJUIL25!$A$6:$BB$47,15,0)) -> 100000 | E10: =VLOOKUP($A10,[6]HISTOJUIL25!$A$6:$BB$47,9,0) -> BANQUE | F10: =VLOOKUP($A10,[6]HISTOJUIL25!$A$6:$BB$47,37,0) -> 100000 | G10: =VLOOKUP($A10,[6]HISTOJUIL25!$A$6:$BB$47,40,0) -> 2000 | H10: =IF(G10=0,"",VLOOKUP($A10,[6]HISTOFEV25!$A$6:$AV$47,42,0)) -> 0 | I10: =VLOOKUP($A10,[6]HISTOJUIL25!$A$6:$BB$47,41,0) -> 0 | J10: =+TONTJUIN25!F10+TONTJUIN25!G10 -> 0 | K10: =VLOOKUP($A10,[6]HISTOJUIL25!$A$6:$BB$47,18,0) -> 0 | L10: =IF(K10<>0,VLOOKUP($A10,[6]HISTOJUIL25!$A$6:$BB$47,42,0),"ECHEC") -> ECHEC | M10: =IF(P10<>0,VLOOKUP($A10,[6]HISTOJUIL25!$A$6:$BB$47,32,0),"ECHEC") -> ECHEC | N10: =VLOOKUP($A10,[6]HISTOJUIL25!$A$6:$BB$47,33,0) -> 0 | O10: =IF(P10=0,0,($C$3-P10)) -> 0 | P10: =VLOOKUP($A10,[6]HISTOJUIL25!$A$6:$BB$47,31,0) -> 0
A11: AS201613 | B11: =IF(D11=0,0,VLOOKUP($A11,[6]HISTOJUIL25!$A$6:$BQ$47,14,0)) -> 1 | C11: =VLOOKUP(A11,[7]LISTADHERENT!A$5:H$60,3,0) -> HOTCHO BENJAMIN | D11: =IF(E11="ECHEC",0,VLOOKUP($A11,[6]HISTOJUIL25!$A$6:$BB$47,15,0)) -> 100000 | E11: =VLOOKUP($A11,[6]HISTOJUIL25!$A$6:$BB$47,9,0) -> BANQUE | F11: =VLOOKUP($A11,[6]HISTOJUIL25!$A$6:$BB$47,37,0) -> 0 | G11: =VLOOKUP($A11,[6]HISTOJUIL25!$A$6:$BB$47,40,0) -> 0 | H11: =IF(G11=0,"",VLOOKUP($A11,[6]HISTOFEV25!$A$6:$AV$47,42,0)) | I11: =VLOOKUP($A11,[6]HISTOJUIL25!$A$6:$BB$47,41,0) -> 0 | J11: =+TONTJUIN25!F11+TONTJUIN25!G11 -> 0 | K11: =VLOOKUP($A11,[6]HISTOJUIL25!$A$6:$BB$47,18,0) -> 0 | L11: =IF(K11<>0,VLOOKUP($A11,[6]HISTOJUIL25!$A$6:$BB$47,42,0),"ECHEC") -> ECHEC | M11: =IF(P11<>0,VLOOKUP($A11,[6]HISTOJUIL25!$A$6:$BB$47,32,0),"ECHEC") -> ECHEC | N11: =VLOOKUP($A11,[6]HISTOJUIL25!$A$6:$BB$47,33,0) -> 0 | O11: =IF(P11=0,0,($C$3-P11)) -> 0 | P11: =VLOOKUP($A11,[6]HISTOJUIL25!$A$6:$BB$47,31,0) -> 0
A12: AS201617 | B12: =IF(D12=0,0,VLOOKUP($A12,[6]HISTOJUIL25!$A$6:$BQ$47,14,0)) -> 1 | C12: =VLOOKUP(A12,[7]LISTADHERENT!A$5:H$60,3,0) -> KOUAMOU MOISE | D12: =IF(E12="ECHEC",0,VLOOKUP($A12,[6]HISTOJUIL25!$A$6:$BB$47,15,0)) -> 100000 | E12: =VLOOKUP($A12,[6]HISTOJUIL25!$A$6:$BB$47,9,0) -> BANQUE | F12: =VLOOKUP($A12,[6]HISTOJUIL25!$A$6:$BB$47,37,0) -> 0 | G12: =VLOOKUP($A12,[6]HISTOJUIL25!$A$6:$BB$47,40,0) -> 0 | H12: =IF(G12=0,"",VLOOKUP($A12,[6]HISTOFEV25!$A$6:$AV$47,42,0)) | I12: =VLOOKUP($A12,[6]HISTOJUIL25!$A$6:$BB$47,41,0) -> 0 | J12: =+TONTJUIN25!F12+TONTJUIN25!G12 -> 106000 | K12: =VLOOKUP($A12,[6]HISTOJUIL25!$A$6:$BB$47,18,0) -> 106000 | L12: =IF(K12<>0,VLOOKUP($A12,[6]HISTOJUIL25!$A$6:$BB$47,42,0),"ECHEC") -> BANQUE | M12: =IF(P12<>0,VLOOKUP($A12,[6]HISTOJUIL25!$A$6:$BB$47,32,0),"ECHEC") -> ECHEC | N12: =VLOOKUP($A12,[6]HISTOJUIL25!$A$6:$BB$47,33,0) -> 0 | O12: =IF(P12=0,0,($C$3-P12)) -> 0 | P12: =VLOOKUP($A12,[6]HISTOJUIL25!$A$6:$BB$47,31,0) -> 0
A13: AS201619 | B13: =IF(D13=0,0,VLOOKUP($A13,[6]HISTOJUIL25!$A$6:$BQ$47,14,0)) -> 1 | C13: =VLOOKUP(A13,[7]LISTADHERENT!A$5:H$60,3,0) -> KOUATCHO MESSACK | D13: =IF(E13="ECHEC",0,VLOOKUP($A13,[6]HISTOJUIL25!$A$6:$BB$47,15,0)) -> 100000 | E13: =VLOOKUP($A13,[6]HISTOJUIL25!$A$6:$BB$47,9,0) -> BANQUE | F13: =VLOOKUP($A13,[6]HISTOJUIL25!$A$6:$BB$47,37,0) -> 79500 | G13: =VLOOKUP($A13,[6]HISTOJUIL25!$A$6:$BB$47,40,0) -> 1500 | H13: =IF(G13=0,"",VLOOKUP($A13,[6]HISTOFEV25!$A$6:$AV$47,42,0)) -> BANQUE | I13: =VLOOKUP($A13,[6]HISTOJUIL25!$A$6:$BB$47,41,0) -> 0 | J13: =+TONTJUIN25!F13+TONTJUIN25!G13 -> 0 | K13: =VLOOKUP($A13,[6]HISTOJUIL25!$A$6:$BB$47,18,0) -> 0 | L13: =IF(K13<>0,VLOOKUP($A13,[6]HISTOJUIL25!$A$6:$BB$47,42,0),"ECHEC") -> ECHEC | M13: =IF(P13<>0,VLOOKUP($A13,[6]HISTOJUIL25!$A$6:$BB$47,32,0),"ECHEC") -> ECHEC | N13: =VLOOKUP($A13,[6]HISTOJUIL25!$A$6:$BB$47,33,0) -> 0 | O13: =IF(P13=0,0,($C$3-P13)) -> 0 | P13: =VLOOKUP($A13,[6]HISTOJUIL25!$A$6:$BB$47,31,0) -> 0
A14: AS201649 | B14: =IF(D14=0,0,VLOOKUP($A14,[6]HISTOJUIL25!$A$6:$BQ$47,14,0)) -> 2 | C14: =VLOOKUP(A14,[7]LISTADHERENT!A$5:H$60,3,0) -> MBOGNING TUGMA GUY | D14: =IF(E14="ECHEC",0,VLOOKUP($A14,[6]HISTOJUIL25!$A$6:$BB$47,15,0)) -> 200000 | E14: =VLOOKUP($A14,[6]HISTOJUIL25!$A$6:$BB$47,9,0) -> BANQUE | F14: =VLOOKUP($A14,[6]HISTOJUIL25!$A$6:$BB$47,37,0) -> 100000 | G14: =VLOOKUP($A14,[6]HISTOJUIL25!$A$6:$BB$47,40,0) -> 4500 | H14: =IF(G14=0,"",VLOOKUP($A14,[6]HISTOFEV25!$A$6:$AV$47,42,0)) -> BANQUE | I14: =VLOOKUP($A14,[6]HISTOJUIL25!$A$6:$BB$47,41,0) -> 0 | J14: =+TONTJUIN25!F14+TONTJUIN25!G14 -> 204500 | K14: =VLOOKUP($A14,[6]HISTOJUIL25!$A$6:$BB$47,18,0) -> 204500 | L14: =IF(K14<>0,VLOOKUP($A14,[6]HISTOJUIL25!$A$6:$BB$47,42,0),"ECHEC") -> BANQUE | M14: =IF(P14<>0,VLOOKUP($A14,[6]HISTOJUIL25!$A$6:$BB$47,32,0),"ECHEC") -> 0 | N14: =VLOOKUP($A14,[6]HISTOJUIL25!$A$6:$BB$47,33,0) -> 0 | O14: =IF(P14=0,0,($C$3-P14)) -> 1140000 | P14: =VLOOKUP($A14,[6]HISTOJUIL25!$A$6:$BB$47,31,0) -> 60000
A15: AS201622 | B15: =IF(D15=0,0,VLOOKUP($A15,[6]HISTOJUIL25!$A$6:$BQ$47,14,0)) -> 2 | C15: =VLOOKUP(A15,[7]LISTADHERENT!A$5:H$60,3,0) -> NDJOMO ETIENNE | D15: =IF(E15="ECHEC",0,VLOOKUP($A15,[6]HISTOJUIL25!$A$6:$BB$47,15,0)) -> 200000 | E15: =VLOOKUP($A15,[6]HISTOJUIL25!$A$6:$BB$47,9,0) -> BANQUE | F15: =VLOOKUP($A15,[6]HISTOJUIL25!$A$6:$BB$47,37,0) -> 200000 | G15: =VLOOKUP($A15,[6]HISTOJUIL25!$A$6:$BB$47,40,0) -> 6000 | H15: =IF(G15=0,"",VLOOKUP($A15,[6]HISTOFEV25!$A$6:$AV$47,42,0)) -> BANQUE | I15: =VLOOKUP($A15,[6]HISTOJUIL25!$A$6:$BB$47,41,0) -> 0 | J15: =+TONTJUIN25!F15+TONTJUIN25!G15 -> 206500 | K15: =VLOOKUP($A15,[6]HISTOJUIL25!$A$6:$BB$47,18,0) -> 206500 | L15: =IF(K15<>0,VLOOKUP($A15,[6]HISTOJUIL25!$A$6:$BB$47,42,0),"ECHEC") -> BANQUE | M15: =IF(P15<>0,VLOOKUP($A15,[6]HISTOJUIL25!$A$6:$BB$47,32,0),"ECHEC") -> ECHEC | N15: =VLOOKUP($A15,[6]HISTOJUIL25!$A$6:$BB$47,33,0) -> 0 | O15: =IF(P15=0,0,($C$3-P15)) -> 0 | P15: =VLOOKUP($A15,[6]HISTOJUIL25!$A$6:$BB$47,31,0) -> 0
A16: AS201624 | B16: =IF(D16=0,0,VLOOKUP($A16,[6]HISTOJUIL25!$A$6:$BQ$47,14,0)) -> 1 | C16: =VLOOKUP(A16,[7]LISTADHERENT!A$5:H$60,3,0) -> NGONDIEP CLAUDE | D16: =IF(E16="ECHEC",0,VLOOKUP($A16,[6]HISTOJUIL25!$A$6:$BB$47,15,0)) -> 100000 | E16: =VLOOKUP($A16,[6]HISTOJUIL25!$A$6:$BB$47,9,0) -> BANQUE | F16: =VLOOKUP($A16,[6]HISTOJUIL25!$A$6:$BB$47,37,0) -> 0 | G16: =VLOOKUP($A16,[6]HISTOJUIL25!$A$6:$BB$47,40,0) -> 0 | H16: =IF(G16=0,"",VLOOKUP($A16,[6]HISTOFEV25!$A$6:$AV$47,42,0)) | I16: =VLOOKUP($A16,[6]HISTOJUIL25!$A$6:$BB$47,41,0) -> 0 | J16: =+TONTJUIN25!F16+TONTJUIN25!G16 -> 136500 | K16: =VLOOKUP($A16,[6]HISTOJUIL25!$A$6:$BB$47,18,0) -> 136500 | L16: =IF(K16<>0,VLOOKUP($A16,[6]HISTOJUIL25!$A$6:$BB$47,42,0),"ECHEC") -> BANQUE | M16: =IF(P16<>0,VLOOKUP($A16,[6]HISTOJUIL25!$A$6:$BB$47,32,0),"ECHEC") -> ECHEC | N16: =VLOOKUP($A16,[6]HISTOJUIL25!$A$6:$BB$47,33,0) -> 0 | O16: =IF(P16=0,0,($C$3-P16)) -> 0 | P16: =VLOOKUP($A16,[6]HISTOJUIL25!$A$6:$BB$47,31,0) -> 0
A17: AS201626 | B17: =IF(D17=0,0,VLOOKUP($A17,[6]HISTOJUIL25!$A$6:$BQ$47,14,0)) -> 2 | C17: =VLOOKUP(A17,[7]LISTADHERENT!A$5:H$60,3,0) -> NGUIEMEGNI MATHIEU BLAISE | D17: =IF(E17="ECHEC",0,VLOOKUP($A17,[6]HISTOJUIL25!$A$6:$BB$47,15,0)) -> 200000 | E17: =VLOOKUP($A17,[6]HISTOJUIL25!$A$6:$BB$47,9,0) -> BANQUE | F17: =VLOOKUP($A17,[6]HISTOJUIL25!$A$6:$BB$47,37,0) -> 200000 | G17: =VLOOKUP($A17,[6]HISTOJUIL25!$A$6:$BB$47,40,0) -> 3500 | H17: =IF(G17=0,"",VLOOKUP($A17,[6]HISTOFEV25!$A$6:$AV$47,42,0)) -> BANQUE | I17: =VLOOKUP($A17,[6]HISTOJUIL25!$A$6:$BB$47,41,0) -> 0 | J17: =+TONTJUIN25!F17+TONTJUIN25!G17 -> 103000 | K17: =VLOOKUP($A17,[6]HISTOJUIL25!$A$6:$BB$47,18,0) -> 103000 | L17: =IF(K17<>0,VLOOKUP($A17,[6]HISTOJUIL25!$A$6:$BB$47,42,0),"ECHEC") -> BANQUE | M17: =IF(P17<>0,VLOOKUP($A17,[6]HISTOJUIL25!$A$6:$BB$47,32,0),"ECHEC") -> ECHEC | N17: =VLOOKUP($A17,[6]HISTOJUIL25!$A$6:$BB$47,33,0) -> 0 | O17: =IF(P17=0,0,($C$3-P17)) -> 0 | P17: =VLOOKUP($A17,[6]HISTOJUIL25!$A$6:$BB$47,31,0) -> 0
... A22: AS201647 | B22: =IF(D22=0,0,VLOOKUP($A22,[6]HISTOJUIL25!$A$6:$BQ$47,14,0)) -> 1 | C22: =VLOOKUP(A22,[7]LISTADHERENT!A$5:H$60,3,0) -> YOUMBI EMMANUEL | D22: =IF(E22="ECHEC",0,VLOOKUP($A22,[6]HISTOJUIL25!$A$6:$BB$47,15,0)) -> 100000 | E22: =VLOOKUP($A22,[6]HISTOJUIL25!$A$6:$BB$47,9,0) -> BANQUE | F22: =VLOOKUP($A22,[6]HISTOJUIL25!$A$6:$BB$47,37,0) -> 0 | G22: =VLOOKUP($A22,[6]HISTOJUIL25!$A$6:$BB$47,40,0) -> 0 | H22: =IF(G22=0,"",VLOOKUP($A22,[6]HISTOFEV25!$A$6:$AV$47,42,0)) | I22: =VLOOKUP($A22,[6]HISTOJUIL25!$A$6:$BB$47,41,0) -> 0 | J22: =+TONTJUIN25!F22+TONTJUIN25!G22 -> 0 | K22: =VLOOKUP($A22,[6]HISTOJUIL25!$A$6:$BB$47,18,0) -> 0 | L22: =IF(K22<>0,VLOOKUP($A22,[6]HISTOJUIL25!$A$6:$BB$47,42,0),"ECHEC") -> ECHEC | M22: =IF(P22<>0,VLOOKUP($A22,[6]HISTOJUIL25!$A$6:$BB$47,32,0),"ECHEC") -> ECHEC | N22: =VLOOKUP($A22,[6]HISTOJUIL25!$A$6:$BB$47,33,0) -> 0 | O22: =IF(P22=0,0,($C$3-P22)) -> 0 | P22: =VLOOKUP($A22,[6]HISTOJUIL25!$A$6:$BB$47,31,0) -> 0
A24: TOTAL PART | B24: =SUM(B6:B22) -> 24
A25: NBRE ADHERENT | B25: =+COUNT(D6:D22) -> 17 | D25: =SUM(D6:D22)+200000 -> 2600000 | E25: =SUM(E6:E22) -> 0 | F25: =SUM(F6:F22) -> 1079500 | G25: =SUM(G6:G22) -> 27500 | H25: =SUM(H6:H22) -> 0 | I25: =SUM(I6:I22) -> 0 | J25: =SUM(J6:J22) -> 1167000 | K25: =SUM(K6:K22) -> 1167000 | L25: =SUM(L6:L22) -> 0 | ... P25: =SUM(P6:P22) -> 125000
M26: NBRE PART | N26: PART VENDUE
D27: MONTANT TONTINE | E27: REMBOURSEMENT PETIT LOT | F27: VENTE PETIT LOT | G27: VENTE LOT PRINCIPAL | H27: SOLDE EN CAISSE | K27: TONTINE + REMB + INTERET VENTE | L27: =D31+E31+P25+TONTFEV25!N32+2400000 -> 5467000
C28: ESPECES | D28: =SUMIFS(D6:D22,E6:E22,"ESPECES") -> 200000 | E28: =SUMIFS(K6:K22,L6:L22,"ESPECES") -> 0 | F28: =SUMIFS(F6:F22,H6:H22,"ESPECES") -> 0 | G28: =SUMIFS(O6:O22,M6:M22,"ESPECES") -> 0 | H28: =D28+E28-F28-G28 -> 200000 | K28: LOT PRINCIPAL | L28: =C3*COUNTIF(O6:O22,">0") -> 2400000 | M28: =D3 -> 4 | N28: =COUNTIF(O6:O21,">0") -> 2
C29: BANQUE | D29: =SUMIFS(D6:D22,E6:E22,"BANQUE") -> 2200000 | E29: =SUMIFS(K6:K22,L6:L22,"BANQUE") -> 1167000 | F29: =SUMIFS(F6:F22,H6:H22,"BANQUE") -> 779500 | G29: =SUMIFS(O6:O22,M6:M22,"BANQUE") -> 0 | H29: =D29+E29-F29-G29 -> 2587500
K30: PETIT LOT | L30: =+L27-L28+251000 -> 3318000
C31: TOTAL | D31: =SUM(D12:D28) -> 4400000 | E31: =E28+E29 -> 1167000 | F31: =F28+F29 -> 779500 | G31: =G28+G29 -> 0 | H31: =H28+H29 -> 2787500
K32: RELIQUAT | L32: =L30-F25 -> 2238500 | N32: =L32 -> 2238500 | O32: CUMUL
K34: ECHEC TONTINE MOIS | L34: =COUNTIFS(E6:E29,"ECHEC")*100000 -> 0 | N34: =L34+TONTFEV25!N34 -> 0 | O34: CUMUL
K35: ECHEC REMBOURSEMENT MOIS | L35: =J25-E31 -> 0 | N35: =L35+TONTFEV25!N35 -> 0 | O35: CUMUL

Sheet TONTAOUT25
A1: ASSOCIATION | B1: ASELBY
A2: ANNEE | B2: 2025 | C2: TONIINE | D2: NBRE PART
A3: TAUX TONTINE | B3: 100000 | C3: =B3*12 -> 1200000 | D3: =ROUNDDOWN(L27/C3,0) -> 2
C4: 45882
A5: MATRICULE | B5: NBREPART | C5: NOM ET PRENOM | D5: MONTANT TONTINE | E5: MODE VERSEMENT | F5: VENTE PETIT LOT | G5: INTERET PETIT LOT | H5: MODE VERSEMENT VENTE PETIT LOT | I5: NUMERO CHEQUE | J5: MONTANT A REMBOURSER PETIT LOT | K5: REMBOURSEMENT PETIT LOT | L5: MODE VERSEMENT REMBOURSEMENT | M5: MODE VERSEMENTLOT PRINCIPAL | N5: NUMERO CHEQUE | O5: MONTANT LOT PRINCIPAL | P5: INTERET LOT PRINCIPAL
A6: AS201648 | B6: =IF(D6=0,0,VLOOKUP($A6,[6]HISTOAOUT25!$A$6:$BQ$47,14,0)) -> 1 | C6: =VLOOKUP(A6,[7]LISTADHERENT!A$5:H$60,3,0) -> ASELBY | D6: =IF(E6="ECHEC",0,VLOOKUP($A6,[6]HISTOAOUT25!$A$6:$BB$47,15,0)) -> 100000 | E6: =VLOOKUP($A6,[6]HISTOAOUT25!$A$6:$BB$47,9,0) -> BANQUE | F6: =VLOOKUP($A6,[6]HISTOAOUT25!$A$6:$BB$47,37,0) -> 0 | G6: =VLOOKUP($A6,[6]HISTOAOUT25!$A$6:$BB$47,40,0) -> 0 | H6: =IF(G6=0,"",VLOOKUP($A6,[6]HISTOFEV25!$A$6:$AV$47,42,0)) | I6: =VLOOKUP($A6,[6]HISTOAOUT25!$A$6:$BB$47,41,0) -> 0 | J6: =+TONTJUIL25!F6+TONTJUIL25!G6 -> 0 | K6: =VLOOKUP($A6,[6]HISTOAOUT25!$A$6:$BB$47,18,0) -> 0 | L6: =IF(K6<>0,VLOOKUP($A6,[6]HISTOAOUT25!$A$6:$BB$47,42,0),"ECHEC") -> ECHEC | M6: =IF(P6<>0,VLOOKUP($A6,[6]HISTOAOUT25!$A$6:$BB$47,32,0),"ECHEC") -> ECHEC | N6: =VLOOKUP($A6,[6]HISTOAOUT25!$A$6:$BB$47,33,0) -> 0 | O6: =IF(P6=0,0,($C$3-P6)) -> 0 | P6: =VLOOKUP($A6,[6]HISTOAOUT25!$A$6:$BB$47,31,0) -> 0
A7: AS201604 | B7: =IF(D7=0,0,VLOOKUP($A7,[6]HISTOAOUT25!$A$6:$BQ$47,14,0)) -> 2 | C7: =VLOOKUP(A7,[7]LISTADHERENT!A$5:H$60,3,0) -> DJOMO JEAN PAUL | D7: =IF(E7="ECHEC",0,VLOOKUP($A7,[6]HISTOAOUT25!$A$6:$BB$47,15,0)) -> 200000 | E7: =VLOOKUP($A7,[6]HISTOAOUT25!$A$6:$BB$47,9,0) -> ESPECES | F7: =VLOOKUP($A7,[6]HISTOAOUT25!$A$6:$BB$47,37,0) -> 100000 | G7: =VLOOKUP($A7,[6]HISTOAOUT25!$A$6:$BB$47,40,0) -> 1500 | H7: =IF(G7=0,"",VLOOKUP($A7,[6]HISTOFEV25!$A$6:$AV$47,42,0)) -> BANQUE | I7: =VLOOKUP($A7,[6]HISTOAOUT25!$A$6:$BB$47,41,0) -> 0 | J7: =+TONTJUIL25!F7+TONTJUIL25!G7 -> 203500 | K7: =VLOOKUP($A7,[6]HISTOAOUT25!$A$6:$BB$47,18,0) -> 203500 | L7: =IF(K7<>0,VLOOKUP($A7,[6]HISTOAOUT25!$A$6:$BB$47,42,0),"ECHEC") -> BANQUE | M7: =IF(P7<>0,VLOOKUP($A7,[6]HISTOAOUT25!$A$6:$BB$47,32,0),"ECHEC") -> 0 | N7: =VLOOKUP($A7,[6]HISTOAOUT25!$A$6:$BB$47,33,0) -> 0 | O7: =IF(P7=0,0,($C$3-P7)) -> 1190000 | P7: =VLOOKUP($A7,[6]HISTOAOUT25!$A$6:$BB$47,31,0) -> 10000
A8: AS201605 | B8: =IF(D8=0,0,VLOOKUP($A8,[6]HISTOAOUT25!$A$6:$BQ$47,14,0)) -> 1 | C8: =VLOOKUP(A8,[7]LISTADHERENT!A$5:H$60,3,0) -> DJOUKWE NANGUEN GUY BLAISE | D8: =IF(E8="ECHEC",0,VLOOKUP($A8,[6]HISTOAOUT25!$A$6:$BB$47,15,0)) -> 100000 | E8: =VLOOKUP($A8,[6]HISTOAOUT25!$A$6:$BB$47,9,0) -> BANQUE | F8: =VLOOKUP($A8,[6]HISTOAOUT25!$A$6:$BB$47,37,0) -> 0 | G8: =VLOOKUP($A8,[6]HISTOAOUT25!$A$6:$BB$47,40,0) -> 0 | H8: =IF(G8=0,"",VLOOKUP($A8,[6]HISTOFEV25!$A$6:$AV$47,42,0)) | I8: =VLOOKUP($A8,[6]HISTOAOUT25!$A$6:$BB$47,41,0) -> 0 | J8: =+TONTJUIL25!F8+TONTJUIL25!G8 -> 0 | K8: =VLOOKUP($A8,[6]HISTOAOUT25!$A$6:$BB$47,18,0) -> 0 | L8: =IF(K8<>0,VLOOKUP($A8,[6]HISTOAOUT25!$A$6:$BB$47,42,0),"ECHEC") -> ECHEC | M8: =IF(P8<>0,VLOOKUP($A8,[6]HISTOAOUT25!$A$6:$BB$47,32,0),"ECHEC") -> ECHEC | N8: =VLOOKUP($A8,[6]HISTOAOUT25!$A$6:$BB$47,33,0) -> 0 | O8: =IF(P8=0,0,($C$3-P8)) -> 0 | P8: =VLOOKUP($A8,[6]HISTOAOUT25!$A$6:$BB$47,31,0) -> 0
A9: AS201608 | B9: =IF(D9=0,0,VLOOKUP($A9,[6]HISTOAOUT25!$A$6:$BQ$47,14,0)) -> 2 | C9: =VLOOKUP(A9,[7]LISTADHERENT!A$5:H$60,3,0) -> DJUOMBESSY ANTOINE | D9: =IF(E9="ECHEC",0,VLOOKUP($A9,[6]HISTOAOUT25!$A$6:$BB$47,15,0)) -> 200000 | E9: =VLOOKUP($A9,[6]HISTOAOUT25!$A$6:$BB$47,9,0) -> BANQUE | F9: =VLOOKUP($A9,[6]HISTOAOUT25!$A$6:$BB$47,37,0) -> 100000 | G9: =VLOOKUP($A9,[6]HISTOAOUT25!$A$6:$BB$47,40,0) -> 1000 | H9: =IF(G9=0,"",VLOOKUP($A9,[6]HISTOFEV25!$A$6:$AV$47,42,0)) -> 0 | I9: =VLOOKUP($A9,[6]HISTOAOUT25!$A$6:$BB$47,41,0) -> 0 | J9: =+TONTJUIL25!F9+TONTJUIL25!G9 -> 206500 | K9: =VLOOKUP($A9,[6]HISTOAOUT25!$A$6:$BB$47,18,0) -> 206500 | L9: =IF(K9<>0,VLOOKUP($A9,[6]HISTOAOUT25!$A$6:$BB$47,42,0),"ECHEC") -> BANQUE | M9: =IF(P9<>0,VLOOKUP($A9,[6]HISTOAOUT25!$A$6:$BB$47,32,0),"ECHEC") -> ECHEC | N9: =VLOOKUP($A9,[6]HISTOAOUT25!$A$6:$BB$47,33,0) -> 0 | O9: =IF(P9=0,0,($C$3-P9)) -> 0 | P9: =VLOOKUP($A9,[6]HISTOAOUT25!$A$6:$BB$47,31,0) -> 0
A10: AS201663 | B10: =IF(D10=0,0,VLOOKUP($A10,[6]HISTOAOUT25!$A$6:$BQ$47,14,0)) -> 1 | C10: =VLOOKUP(A10,[7]LISTADHERENT!A$5:H$60,3,0) -> FAMPOU PAUL | D10: =IF(E10="ECHEC",0,VLOOKUP($A10,[6]HISTOAOUT25!$A$6:$BB$47,15,0)) -> 100000 | E10: =VLOOKUP($A10,[6]HISTOAOUT25!$A$6:$BB$47,9,0) -> BANQUE | F10: =VLOOKUP($A10,[6]HISTOAOUT25!$A$6:$BB$47,37,0) -> 0 | G10: =VLOOKUP($A10,[6]HISTOAOUT25!$A$6:$BB$47,40,0) -> 0 | H10: =IF(G10=0,"",VLOOKUP($A10,[6]HISTOFEV25!$A$6:$AV$47,42,0)) | I10: =VLOOKUP($A10,[6]HISTOAOUT25!$A$6:$BB$47,41,0) -> 0 | J10: =+TONTJUIL25!F10+TONTJUIL25!G10 -> 102000 | K10: =VLOOKUP($A10,[6]HISTOAOUT25!$A$6:$BB$47,18,0) -> 102000 | L10: =IF(K10<>0,VLOOKUP($A10,[6]HISTOAOUT25!$A$6:$BB$47,42,0),"ECHEC") -> BANQUE | M10: =IF(P10<>0,VLOOKUP($A10,[6]HISTOAOUT25!$A$6:$BB$47,32,0),"ECHEC") -> ECHEC | N10: =VLOOKUP($A10,[6]HISTOAOUT25!$A$6:$BB$47,33,0) -> 0 | O10: =IF(P10=0,0,($C$3-P10)) -> 0 | P10: =VLOOKUP($A10,[6]HISTOAOUT25!$A$6:$BB$47,31,0) -> 0
A11: AS201613 | B11: =IF(D11=0,0,VLOOKUP($A11,[6]HISTOAOUT25!$A$6:$BQ$47,14,0)) -> 1 | C11: =VLOOKUP(A11,[7]LISTADHERENT!A$5:H$60,3,0) -> HOTCHO BENJAMIN | D11: =IF(E11="ECHEC",0,VLOOKUP($A11,[6]HISTOAOUT25!$A$6:$BB$47,15,0)) -> 100000 | E11: =VLOOKUP($A11,[6]HISTOAOUT25!$A$6:$BB$47,9,0) -> BANQUE | F11: =VLOOKUP($A11,[6]HISTOAOUT25!$A$6:$BB$47,37,0) -> 232000 | G11: =VLOOKUP($A11,[6]HISTOAOUT25!$A$6:$BB$47,40,0) -> 2000 | H11: =IF(G11=0,"",VLOOKUP($A11,[6]HISTOFEV25!$A$6:$AV$47,42,0)) -> 0 | I11: =VLOOKUP($A11,[6]HISTOAOUT25!$A$6:$BB$47,41,0) -> 0 | J11: =+TONTJUIL25!F11+TONTJUIL25!G11 -> 0 | K11: =VLOOKUP($A11,[6]HISTOAOUT25!$A$6:$BB$47,18,0) -> 0 | L11: =IF(K11<>0,VLOOKUP($A11,[6]HISTOAOUT25!$A$6:$BB$47,42,0),"ECHEC") -> ECHEC | M11: =IF(P11<>0,VLOOKUP($A11,[6]HISTOAOUT25!$A$6:$BB$47,32,0),"ECHEC") -> ECHEC | N11: =VLOOKUP($A11,[6]HISTOAOUT25!$A$6:$BB$47,33,0) -> 0 | O11: =IF(P11=0,0,($C$3-P11)) -> 0 | P11: =VLOOKUP($A11,[6]HISTOAOUT25!$A$6:$BB$47,31,0) -> 0
A12: AS201617 | B12: =IF(D12=0,0,VLOOKUP($A12,[6]HISTOAOUT25!$A$6:$BQ$47,14,0)) -> 1 | C12: =VLOOKUP(A12,[7]LISTADHERENT!A$5:H$60,3,0) -> KOUAMOU MOISE | D12: =IF(E12="ECHEC",0,VLOOKUP($A12,[6]HISTOAOUT25!$A$6:$BB$47,15,0)) -> 100000 | E12: =VLOOKUP($A12,[6]HISTOAOUT25!$A$6:$BB$47,9,0) -> BANQUE | F12: =VLOOKUP($A12,[6]HISTOAOUT25!$A$6:$BB$47,37,0) -> 0 | G12: =VLOOKUP($A12,[6]HISTOAOUT25!$A$6:$BB$47,40,0) -> 0 | H12: =IF(G12=0,"",VLOOKUP($A12,[6]HISTOFEV25!$A$6:$AV$47,42,0)) | I12: =VLOOKUP($A12,[6]HISTOAOUT25!$A$6:$BB$47,41,0) -> 0 | J12: =+TONTJUIL25!F12+TONTJUIL25!G12 -> 0 | K12: =VLOOKUP($A12,[6]HISTOAOUT25!$A$6:$BB$47,18,0) -> 0 | L12: =IF(K12<>0,VLOOKUP($A12,[6]HISTOAOUT25!$A$6:$BB$47,42,0),"ECHEC") -> ECHEC | M12: =IF(P12<>0,VLOOKUP($A12,[6]HISTOAOUT25!$A$6:$BB$47,32,0),"ECHEC") -> ECHEC | N12: =VLOOKUP($A12,[6]HISTOAOUT25!$A$6:$BB$47,33,0) -> 0 | O12: =IF(P12=0,0,($C$3-P12)) -> 0 | P12: =VLOOKUP($A12,[6]HISTOAOUT25!$A$6:$BB$47,31,0) -> 0
A13: AS201619 | B13: =IF(D13=0,0,VLOOKUP($A13,[6]HISTOAOUT25!$A$6:$BQ$47,14,0)) -> 1 | C13: =VLOOKUP(A13,[7]LISTADHERENT!A$5:H$60,3,0) -> KOUATCHO MESSACK | D13: =IF(E13="ECHEC",0,VLOOKUP($A13,[6]HISTOAOUT25!$A$6:$BB$47,15,0)) -> 100000 | E13: =VLOOKUP($A13,[6]HISTOAOUT25!$A$6:$BB$47,9,0) -> BANQUE | F13: =VLOOKUP($A13,[6]HISTOAOUT25!$A$6:$BB$47,37,0) -> 200000 | G13: =VLOOKUP($A13,[6]HISTOAOUT25!$A$6:$BB$47,40,0) -> 3000 | H13: =IF(G13=0,"",VLOOKUP($A13,[6]HISTOFEV25!$A$6:$AV$47,42,0)) -> BANQUE | I13: =VLOOKUP($A13,[6]HISTOAOUT25!$A$6:$BB$47,41,0) -> 0 | J13: =+TONTJUIL25!F13+TONTJUIL25!G13 -> 81000 | K13: =VLOOKUP($A13,[6]HISTOAOUT25!$A$6:$BB$47,18,0) -> 81000 | L13: =IF(K13<>0,VLOOKUP($A13,[6]HISTOAOUT25!$A$6:$BB$47,42,0),"ECHEC") -> BANQUE | M13: =IF(P13<>0,VLOOKUP($A13,[6]HISTOAOUT25!$A$6:$BB$47,32,0),"ECHEC") -> ECHEC | N13: =VLOOKUP($A13,[6]HISTOAOUT25!$A$6:$BB$47,33,0) -> 0 | O13: =IF(P13=0,0,($C$3-P13)) -> 0 | P13: =VLOOKUP($A13,[6]HISTOAOUT25!$A$6:$BB$47,31,0) -> 0
A14: AS201649 | B14: =IF(D14=0,0,VLOOKUP($A14,[6]HISTOAOUT25!$A$6:$BQ$47,14,0)) -> 2 | C14: =VLOOKUP(A14,[7]LISTADHERENT!A$5:H$60,3,0) -> MBOGNING TUGMA GUY | D14: =IF(E14="ECHEC",0,VLOOKUP($A14,[6]HISTOAOUT25!$A$6:$BB$47,15,0)) -> 200000 | E14: =VLOOKUP($A14,[6]HISTOAOUT25!$A$6:$BB$47,9,0) -> BANQUE | F14: =VLOOKUP($A14,[6]HISTOAOUT25!$A$6:$BB$47,37,0) -> 200000 | G14: =VLOOKUP($A14,[6]HISTOAOUT25!$A$6:$BB$47,40,0) -> 2000 | H14: =IF(G14=0,"",VLOOKUP($A14,[6]HISTOFEV25!$A$6:$AV$47,42,0)) -> BANQUE | I14: =VLOOKUP($A14,[6]HISTOAOUT25!$A$6:$BB$47,41,0) -> 0 | J14: =+TONTJUIL25!F14+TONTJUIL25!G14 -> 104500 | K14: =VLOOKUP($A14,[6]HISTOAOUT25!$A$6:$BB$47,18,0) -> 104500 | L14: =IF(K14<>0,VLOOKUP($A14,[6]HISTOAOUT25!$A$6:$BB$47,42,0),"ECHEC") -> BANQUE | M14: =IF(P14<>0,VLOOKUP($A14,[6]HISTOAOUT25!$A$6:$BB$47,32,0),"ECHEC") -> ECHEC | N14: =VLOOKUP($A14,[6]HISTOAOUT25!$A$6:$BB$47,33,0) -> 0 | O14: =IF(P14=0,0,($C$3-P14)) -> 0 | P14: =VLOOKUP($A14,[6]HISTOAOUT25!$A$6:$BB$47,31,0) -> 0
A15: AS201622 | B15: =IF(D15=0,0,VLOOKUP($A15,[6]HISTOAOUT25!$A$6:$BQ$47,14,0)) -> 2 | C15: =VLOOKUP(A15,[7]LISTADHERENT!A$5:H$60,3,0) -> NDJOMO ETIENNE | D15: =IF(E15="ECHEC",0,VLOOKUP($A15,[6]HISTOAOUT25!$A$6:$BB$47,15,0)) -> 200000 | E15: =VLOOKUP($A15,[6]HISTOAOUT25!$A$6:$BB$47,9,0) -> BANQUE | F15: =VLOOKUP($A15,[6]HISTOAOUT25!$A$6:$BB$47,37,0) -> 200000 | G15: =VLOOKUP($A15,[6]HISTOAOUT25!$A$6:$BB$47,40,0) -> 2000 | H15: =IF(G15=0,"",VLOOKUP($A15,[6]HISTOFEV25!$A$6:$AV$47,42,0)) -> BANQUE | I15: =VLOOKUP($A15,[6]HISTOAOUT25!$A$6:$BB$47,41,0) -> 0 | J15: =+TONTJUIL25!F15+TONTJUIL25!G15 -> 206000 | K15: =VLOOKUP($A15,[6]HISTOAOUT25!$A$6:$BB$47,18,0) -> 206000 | L15: =IF(K15<>0,VLOOKUP($A15,[6]HISTOAOUT25!$A$6:$BB$47,42,0),"ECHEC") -> BANQUE | M15: =IF(P15<>0,VLOOKUP($A15,[6]HISTOAOUT25!$A$6:$BB$47,32,0),"ECHEC") -> ECHEC | N15: =VLOOKUP($A15,[6]HISTOAOUT25!$A$6:$BB$47,33,0) -> 0 | O15: =IF(P15=0,0,($C$3-P15)) -> 0 | P15: =VLOOKUP($A15,[6]HISTOAOUT25!$A$6:$BB$47,31,0) -> 0
A16: AS201624 | B16: =IF(D16=0,0,VLOOKUP($A16,[6]HISTOAOUT25!$A$6:$BQ$47,14,0)) -> 1 | C16: =VLOOKUP(A16,[7]LISTADHERENT!A$5:H$60,3,0) -> NGONDIEP CLAUDE | D16: =IF(E16="ECHEC",0,VLOOKUP($A16,[6]HISTOAOUT25!$A$6:$BB$47,15,0)) -> 100000 | E16: =VLOOKUP($A16,[6]HISTOAOUT25!$A$6:$BB$47,9,0) -> BANQUE | F16: =VLOOKUP($A16,[6]HISTOAOUT25!$A$6:$BB$47,37,0) -> 0 | G16: =VLOOKUP($A16,[6]HISTOAOUT25!$A$6:$BB$47,40,0) -> 0 | H16: =IF(G16=0,"",VLOOKUP($A16,[6]HISTOFEV25!$A$6:$AV$47,42,0)) | I16: =VLOOKUP($A16,[6]HISTOAOUT25!$A$6:$BB$47,41,0) -> 0 | J16: =+TONTJUIL25!F16+TONTJUIL25!G16 -> 0 | K16: =VLOOKUP($A16,[6]HISTOAOUT25!$A$6:$BB$47,18,0) -> 0 | L16: =IF(K16<>0,VLOOKUP($A16,[6]HISTOAOUT25!$A$6:$BB$47,42,0),"ECHEC") -> ECHEC | M16: =IF(P16<>0,VLOOKUP($A16,[6]HISTOAOUT25!$A$6:$BB$47,32,0),"ECHEC") -> ECHEC | N16: =VLOOKUP($A16,[6]HISTOAOUT25!$A$6:$BB$47,33,0) -> 0 | O16: =IF(P16=0,0,($C$3-P16)) -> 0 | P16: =VLOOKUP($A16,[6]HISTOAOUT25!$A$6:$BB$47,31,0) -> 0
A17: AS201626 | B17: =IF(D17=0,0,VLOOKUP($A17,[6]HISTOAOUT25!$A$6:$BQ$47,14,0)) -> 2 | C17: =VLOOKUP(A17,[7]LISTADHERENT!A$5:H$60,3,0) -> NGUIEMEGNI MATHIEU BLAISE | D17: =IF(E17="ECHEC",0,VLOOKUP($A17,[6]HISTOAOUT25!$A$6:$BB$47,15,0)) -> 200000 | E17: =VLOOKUP($A17,[6]HISTOAOUT25!$A$6:$BB$47,9,0) -> BANQUE | F17: =VLOOKUP($A17,[6]HISTOAOUT25!$A$6:$BB$47,37,0) -> 100000 | G17: =VLOOKUP($A17,[6]HISTOAOUT25!$A$6:$BB$47,40,0) -> 1000 | H17: =IF(G17=0,"",VLOOKUP($A17,[6]HISTOFEV25!$A$6:$AV$47,42,0)) -> BANQUE | I17: =VLOOKUP($A17,[6]HISTOAOUT25!$A$6:$BB$47,41,0) -> 0 | J17: =+TONTJUIL25!F17+TONTJUIL25!G17 -> 203500 | K17: =VLOOKUP($A17,[6]HISTOAOUT25!$A$6:$BB$47,18,0) -> 203500 | L17: =IF(K17<>0,VLOOKUP($A17,[6]HISTOAOUT25!$A$6:$BB$47,42,0),"ECHEC") -> BANQUE | M17: =IF(P17<>0,VLOOKUP($A17,[6]HISTOAOUT25!$A$6:$BB$47,32,0),"ECHEC") -> 0 | N17: =VLOOKUP($A17,[6]HISTOAOUT25!$A$6:$BB$47,33,0) -> 0 | O17: =IF(P17=0,0,($C$3-P17)) -> 1185000 | P17: =VLOOKUP($A17,[6]HISTOAOUT25!$A$6:$BB$47,31,0) -> 15000
... A22: AS201647 | B22: =IF(D22=0,0,VLOOKUP($A22,[6]HISTOAOUT25!$A$6:$BQ$47,14,0)) -> 1 | C22: =VLOOKUP(A22,[7]LISTADHERENT!A$5:H$60,3,0) -> YOUMBI EMMANUEL | D22: =IF(E22="ECHEC",0,VLOOKUP($A22,[6]HISTOAOUT25!$A$6:$BB$47,15,0)) -> 100000 | E22: =VLOOKUP($A22,[6]HISTOAOUT25!$A$6:$BB$47,9,0) -> BANQUE | F22: =VLOOKUP($A22,[6]HISTOAOUT25!$A$6:$BB$47,37,0) -> 0 | G22: =VLOOKUP($A22,[6]HISTOAOUT25!$A$6:$BB$47,40,0) -> 0 | H22: =IF(G22=0,"",VLOOKUP($A22,[6]HISTOFEV25!$A$6:$AV$47,42,0)) | I22: =VLOOKUP($A22,[6]HISTOAOUT25!$A$6:$BB$47,41,0) -> 0 | J22: =+TONTJUIL25!F22+TONTJUIL25!G22 -> 0 | K22: =VLOOKUP($A22,[6]HISTOAOUT25!$A$6:$BB$47,18,0) -> 0 | L22: =IF(K22<>0,VLOOKUP($A22,[6]HISTOAOUT25!$A$6:$BB$47,42,0),"ECHEC") -> ECHEC | M22: =IF(P22<>0,VLOOKUP($A22,[6]HISTOAOUT25!$A$6:$BB$47,32,0),"ECHEC") -> ECHEC | N22: =VLOOKUP($A22,[6]HISTOAOUT25!$A$6:$BB$47,33,0) -> 0 | O22: =IF(P22=0,0,($C$3-P22)) -> 0 | P22: =VLOOKUP($A22,[6]HISTOAOUT25!$A$6:$BB$47,31,0) -> 0
A24: TOTAL PART | B24: =SUM(B6:B22) -> 24
A25: NBRE ADHERENT | B25: =+COUNT(D6:D22) -> 17 | D25: =SUM(D6:D22) -> 2400000 | E25: =SUM(E6:E22) -> 0 | F25: =SUM(F6:F22) -> 1132000 | G25: =SUM(G6:G22) -> 12500 | H25: =SUM(H6:H22) -> 0 | I25: =SUM(I6:I22) -> 0 | J25: =SUM(J6:J22) -> 1107000 | K25: =SUM(K6:K22) -> 1107000 | ... P25: =SUM(P6:P22) -> 25000
M26: NBRE PART | N26: PART VENDUE
D27: MONTANT TONTINE | E27: REMBOURSEMENT PETIT LOT | F27: VENTE PETIT LOT | G27: VENTE LOT PRINCIPAL | H27: SOLDE EN CAISSE | K27: TONTINE + REMB + INTERET VENTE | L27: =D31+E31+P25+TONTFEV25!N32+2400000 -> 3507000
C28: ESPECES | D28: =SUMIFS(D6:D22,E6:E22,"ESPECES") -> 400000 | E28: =SUMIFS(K6:K22,L6:L22,"ESPECES") -> 0 | F28: =SUMIFS(F6:F22,H6:H22,"ESPECES") -> 0 | G28: =SUMIFS(O6:O22,M6:M22,"ESPECES") -> 0 | H28: =D28+E28-F28-G28 -> 400000 | K28: LOT PRINCIPAL | L28: =C3*COUNTIF(O6:O22,">0") -> 2400000 | M28: =D3 -> 2 | N28: =COUNTIF(O6:O21,">0") -> 2
C29: BANQUE | D29: =SUMIFS(D6:D22,E6:E22,"BANQUE") -> 2000000 | E29: =SUMIFS(K6:K22,L6:L22,"BANQUE") -> 1107000 | F29: =SUMIFS(F6:F22,H6:H22,"BANQUE") -> 800000 | G29: =SUMIFS(O6:O22,M6:M22,"BANQUE") -> 0 | H29: =D29+E29-F29-G29 -> 2307000
K30: PETIT LOT | L30: =+L27-L28+251000 -> 1358000
C31: TOTAL | D31: =D28+D29+200000 -> 2600000 | E31: =E28+E29 -> 1107000 | F31: =F28+F29 -> 800000 | G31: =G28+G29 -> 0 | H31: =H28+H29 -> 2707000
K32: RELIQUAT | L32: =L30-F25 -> 226000 | N32: =L32 -> 226000 | O32: CUMUL
K34: ECHEC TONTINE MOIS | L34: =COUNTIFS(E6:E29,"ECHEC")*100000 -> 0 | N34: =L34+TONTFEV25!N34 -> 0 | O34: CUMUL
K35: ECHEC REMBOURSEMENT MOIS | L35: =J25-E31 -> 0 | N35: =L35+TONTFEV25!N35 -> 0 | O35: CUMUL

Sheet TONTSEPT25
A1: ASSOCIATION | B1: ASELBY
A2: ANNEE | B2: 2025 | C2: TONIINE | D2: NBRE PART
A3: TAUX TONTINE | B3: 100000 | C3: =B3*12 -> 1200000 | D3: =ROUNDDOWN(L27/C3,0) -> 2
C4: 45913
A5: MATRICULE | B5: NBREPART | C5: NOM ET PRENOM | D5: MONTANT TONTINE | E5: MODE VERSEMENT | F5: VENTE PETIT LOT | G5: INTERET PETIT LOT | H5: MODE VERSEMENT VENTE PETIT LOT | I5: NUMERO CHEQUE | J5: MONTANT A REMBOURSER PETIT LOT | K5: REMBOURSEMENT PETIT LOT | L5: MODE VERSEMENT REMBOURSEMENT | M5: MODE VERSEMENTLOT PRINCIPAL | N5: NUMERO CHEQUE | O5: MONTANT LOT PRINCIPAL | P5: INTERET LOT PRINCIPAL
A6: AS201648 | B6: =IF(D6=0,0,VLOOKUP($A6,[6]HISTOSEPT25!$A$6:$BQ$47,14,0)) -> 1 | C6: =VLOOKUP(A6,[7]LISTADHERENT!A$5:H$60,3,0) -> ASELBY | D6: =IF(E6="ECHEC",0,VLOOKUP($A6,[6]HISTOSEPT25!$A$6:$BB$47,15,0)) -> 100000 | E6: =VLOOKUP($A6,[6]HISTOSEPT25!$A$6:$BB$47,9,0) -> BANQUE | F6: =VLOOKUP($A6,[6]HISTOSEPT25!$A$6:$BB$47,37,0) -> 0 | G6: =VLOOKUP($A6,[6]HISTOSEPT25!$A$6:$BB$47,40,0) -> 0 | H6: =IF(G6=0,"",VLOOKUP($A6,[6]HISTOFEV25!$A$6:$AV$47,42,0)) | I6: =VLOOKUP($A6,[6]HISTOSEPT25!$A$6:$BB$47,41,0) -> 0 | J6: =+TONTAOUT25!F6+TONTAOUT25!G6 -> 0 | K6: =VLOOKUP($A6,[6]HISTOSEPT25!$A$6:$BB$47,18,0) -> 0 | L6: =IF(K6<>0,VLOOKUP($A6,[6]HISTOSEPT25!$A$6:$BB$47,42,0),"ECHEC") -> ECHEC | M6: =IF(P6<>0,VLOOKUP($A6,[6]HISTOSEPT25!$A$6:$BB$47,32,0),"ECHEC") -> ECHEC | N6: =VLOOKUP($A6,[6]HISTOSEPT25!$A$6:$BB$47,33,0) -> 0 | O6: =IF(P6=0,0,($C$3-P6)) -> 0 | P6: =VLOOKUP($A6,[6]HISTOSEPT25!$A$6:$BB$47,31,0) -> 0
A7: AS201604 | B7: =IF(D7=0,0,VLOOKUP($A7,[6]HISTOSEPT25!$A$6:$BQ$47,14,0)) -> 2 | C7: =VLOOKUP(A7,[7]LISTADHERENT!A$5:H$60,3,0) -> DJOMO JEAN PAUL | D7: =IF(E7="ECHEC",0,VLOOKUP($A7,[6]HISTOSEPT25!$A$6:$BB$47,15,0)) -> 200000 | E7: =VLOOKUP($A7,[6]HISTOSEPT25!$A$6:$BB$47,9,0) -> ESPECES | F7: =VLOOKUP($A7,[6]HISTOSEPT25!$A$6:$BB$47,37,0) -> 174500 | G7: =VLOOKUP($A7,[6]HISTOSEPT25!$A$6:$BB$47,40,0) -> 2000 | H7: =IF(G7=0,"",VLOOKUP($A7,[6]HISTOFEV25!$A$6:$AV$47,42,0)) -> BANQUE | I7: =VLOOKUP($A7,[6]HISTOSEPT25!$A$6:$BB$47,41,0) -> 0 | J7: =+TONTAOUT25!F7+TONTAOUT25!G7 -> 101500 | K7: =VLOOKUP($A7,[6]HISTOSEPT25!$A$6:$BB$47,18,0) -> 101500 | L7: =IF(K7<>0,VLOOKUP($A7,[6]HISTOSEPT25!$A$6:$BB$47,42,0),"ECHEC") -> BANQUE | M7: =IF(P7<>0,VLOOKUP($A7,[6]HISTOSEPT25!$A$6:$BB$47,32,0),"ECHEC") -> ECHEC | N7: =VLOOKUP($A7,[6]HISTOSEPT25!$A$6:$BB$47,33,0) -> 0 | O7: =IF(P7=0,0,($C$3-P7)) -> 0 | P7: =VLOOKUP($A7,[6]HISTOSEPT25!$A$6:$BB$47,31,0) -> 0
A8: AS201605 | B8: =IF(D8=0,0,VLOOKUP($A8,[6]HISTOSEPT25!$A$6:$BQ$47,14,0)) -> 1 | C8: =VLOOKUP(A8,[7]LISTADHERENT!A$5:H$60,3,0) -> DJOUKWE NANGUEN GUY BLAISE | D8: =IF(E8="ECHEC",0,VLOOKUP($A8,[6]HISTOSEPT25!$A$6:$BB$47,15,0)) -> 100000 | E8: =VLOOKUP($A8,[6]HISTOSEPT25!$A$6:$BB$47,9,0) -> BANQUE | F8: =VLOOKUP($A8,[6]HISTOSEPT25!$A$6:$BB$47,37,0) -> 200000 | G8: =VLOOKUP($A8,[6]HISTOSEPT25!$A$6:$BB$47,40,0) -> 3500 | H8: =IF(G8=0,"",VLOOKUP($A8,[6]HISTOFEV25!$A$6:$AV$47,42,0)) -> BANQUE | I8: =VLOOKUP($A8,[6]HISTOSEPT25!$A$6:$BB$47,41,0) -> 0 | J8: =+TONTAOUT25!F8+TONTAOUT25!G8 -> 0 | K8: =VLOOKUP($A8,[6]HISTOSEPT25!$A$6:$BB$47,18,0) -> 0 | L8: =IF(K8<>0,VLOOKUP($A8,[6]HISTOSEPT25!$A$6:$BB$47,42,0),"ECHEC") -> ECHEC | M8: =IF(P8<>0,VLOOKUP($A8,[6]HISTOSEPT25!$A$6:$BB$47,32,0),"ECHEC") -> ECHEC | N8: =VLOOKUP($A8,[6]HISTOSEPT25!$A$6:$BB$47,33,0) -> 0 | O8: =IF(P8=0,0,($C$3-P8)) -> 0 | P8: =VLOOKUP($A8,[6]HISTOSEPT25!$A$6:$BB$47,31,0) -> 0
A9: AS201608 | B9: =IF(D9=0,0,VLOOKUP($A9,[6]HISTOSEPT25!$A$6:$BQ$47,14,0)) -> 2 | C9: =VLOOKUP(A9,[7]LISTADHERENT!A$5:H$60,3,0) -> DJUOMBESSY ANTOINE | D9: =IF(E9="ECHEC",0,VLOOKUP($A9,[6]HISTOSEPT25!$A$6:$BB$47,15,0)) -> 200000 | E9: =VLOOKUP($A9,[6]HISTOSEPT25!$A$6:$BB$47,9,0) -> BANQUE | F9: =VLOOKUP($A9,[6]HISTOSEPT25!$A$6:$BB$47,37,0) -> 0 | G9: =VLOOKUP($A9,[6]HISTOSEPT25!$A$6:$BB$47,40,0) -> 0 | H9: =IF(G9=0,"",VLOOKUP($A9,[6]HISTOFEV25!$A$6:$AV$47,42,0)) | I9: =VLOOKUP($A9,[6]HISTOSEPT25!$A$6:$BB$47,41,0) -> 0 | J9: =+TONTAOUT25!F9+TONTAOUT25!G9 -> 101000 | K9: =VLOOKUP($A9,[6]HISTOSEPT25!$A$6:$BB$47,18,0) -> 101000 | L9: =IF(K9<>0,VLOOKUP($A9,[6]HISTOSEPT25!$A$6:$BB$47,42,0),"ECHEC") -> BANQUE | M9: =IF(P9<>0,VLOOKUP($A9,[6]HISTOSEPT25!$A$6:$BB$47,32,0),"ECHEC") -> BANQUE | N9: =VLOOKUP($A9,[6]HISTOSEPT25!$A$6:$BB$47,33,0) -> 0 | O9: =IF(P9=0,0,($C$3-P9)) -> 1185000 | P9: =VLOOKUP($A9,[6]HISTOSEPT25!$A$6:$BB$47,31,0) -> 15000
A10: AS201663 | B10: =IF(D10=0,0,VLOOKUP($A10,[6]HISTOSEPT25!$A$6:$BQ$47,14,0)) -> 1 | C10: =VLOOKUP(A10,[7]LISTADHERENT!A$5:H$60,3,0) -> FAMPOU PAUL | D10: =IF(E10="ECHEC",0,VLOOKUP($A10,[6]HISTOSEPT25!$A$6:$BB$47,15,0)) -> 100000 | E10: =VLOOKUP($A10,[6]HISTOSEPT25!$A$6:$BB$47,9,0) -> BANQUE | F10: =VLOOKUP($A10,[6]HISTOSEPT25!$A$6:$BB$47,37,0) -> 0 | G10: =VLOOKUP($A10,[6]HISTOSEPT25!$A$6:$BB$47,40,0) -> 0 | H10: =IF(G10=0,"",VLOOKUP($A10,[6]HISTOFEV25!$A$6:$AV$47,42,0)) | I10: =VLOOKUP($A10,[6]HISTOSEPT25!$A$6:$BB$47,41,0) -> 0 | J10: =+TONTAOUT25!F10+TONTAOUT25!G10 -> 0 | K10: =VLOOKUP($A10,[6]HISTOSEPT25!$A$6:$BB$47,18,0) -> 0 | L10: =IF(K10<>0,VLOOKUP($A10,[6]HISTOSEPT25!$A$6:$BB$47,42,0),"ECHEC") -> ECHEC | M10: =IF(P10<>0,VLOOKUP($A10,[6]HISTOSEPT25!$A$6:$BB$47,32,0),"ECHEC") -> BANQUE | N10: =VLOOKUP($A10,[6]HISTOSEPT25!$A$6:$BB$47,33,0) -> 0 | O10: =IF(P10=0,0,($C$3-P10)) -> 1185000 | P10: =VLOOKUP($A10,[6]HISTOSEPT25!$A$6:$BB$47,31,0) -> 15000
A11: AS201613 | B11: =IF(D11=0,0,VLOOKUP($A11,[6]HISTOSEPT25!$A$6:$BQ$47,14,0)) -> 1 | C11: =VLOOKUP(A11,[7]LISTADHERENT!A$5:H$60,3,0) -> HOTCHO BENJAMIN | D11: =IF(E11="ECHEC",0,VLOOKUP($A11,[6]HISTOSEPT25!$A$6:$BB$47,15,0)) -> 100000 | E11: =VLOOKUP($A11,[6]HISTOSEPT25!$A$6:$BB$47,9,0) -> BANQUE | F11: =VLOOKUP($A11,[6]HISTOSEPT25!$A$6:$BB$47,37,0) -> 0 | G11: =VLOOKUP($A11,[6]HISTOSEPT25!$A$6:$BB$47,40,0) -> 0 | H11: =IF(G11=0,"",VLOOKUP($A11,[6]HISTOFEV25!$A$6:$AV$47,42,0)) | I11: =VLOOKUP($A11,[6]HISTOSEPT25!$A$6:$BB$47,41,0) -> 0 | J11: =+TONTAOUT25!F11+TONTAOUT25!G11 -> 234000 | K11: =VLOOKUP($A11,[6]HISTOSEPT25!$A$6:$BB$47,18,0) -> 234000 | L11: =IF(K11<>0,VLOOKUP($A11,[6]HISTOSEPT25!$A$6:$BB$47,42,0),"ECHEC") -> BANQUE | M11: =IF(P11<>0,VLOOKUP($A11,[6]HISTOSEPT25!$A$6:$BB$47,32,0),"ECHEC") -> ECHEC | N11: =VLOOKUP($A11,[6]HISTOSEPT25!$A$6:$BB$47,33,0) -> 0 | O11: =IF(P11=0,0,($C$3-P11)) -> 0 | P11: =VLOOKUP($A11,[6]HISTOSEPT25!$A$6:$BB$47,31,0) -> 0
A12: AS201617 | B12: =IF(D12=0,0,VLOOKUP($A12,[6]HISTOSEPT25!$A$6:$BQ$47,14,0)) -> 1 | C12: =VLOOKUP(A12,[7]LISTADHERENT!A$5:H$60,3,0) -> KOUAMOU MOISE | D12: =IF(E12="ECHEC",0,VLOOKUP($A12,[6]HISTOSEPT25!$A$6:$BB$47,15,0)) -> 100000 | E12: =VLOOKUP($A12,[6]HISTOSEPT25!$A$6:$BB$47,9,0) -> BANQUE | F12: =VLOOKUP($A12,[6]HISTOSEPT25!$A$6:$BB$47,37,0) -> 0 | G12: =VLOOKUP($A12,[6]HISTOSEPT25!$A$6:$BB$47,40,0) -> 0 | H12: =IF(G12=0,"",VLOOKUP($A12,[6]HISTOFEV25!$A$6:$AV$47,42,0)) | I12: =VLOOKUP($A12,[6]HISTOSEPT25!$A$6:$BB$47,41,0) -> 0 | J12: =+TONTAOUT25!F12+TONTAOUT25!G12 -> 0 | K12: =VLOOKUP($A12,[6]HISTOSEPT25!$A$6:$BB$47,18,0) -> 0 | L12: =IF(K12<>0,VLOOKUP($A12,[6]HISTOSEPT25!$A$6:$BB$47,42,0),"ECHEC") -> ECHEC | M12: =IF(P12<>0,VLOOKUP($A12,[6]HISTOSEPT25!$A$6:$BB$47,32,0),"ECHEC") -> ECHEC | N12: =VLOOKUP($A12,[6]HISTOSEPT25!$A$6:$BB$47,33,0) -> 0 | O12: =IF(P12=0,0,($C$3-P12)) -> 0 | P12: =VLOOKUP($A12,[6]HISTOSEPT25!$A$6:$BB$47,31,0) -> 0
A13: AS201619 | B13: =IF(D13=0,0,VLOOKUP($A13,[6]HISTOSEPT25!$A$6:$BQ$47,14,0)) -> 1 | C13: =VLOOKUP(A13,[7]LISTADHERENT!A$5:H$60,3,0) -> KOUATCHO MESSACK | D13: =IF(E13="ECHEC",0,VLOOKUP($A13,[6]HISTOSEPT25!$A$6:$BB$47,15,0)) -> 100000 | E13: =VLOOKUP($A13,[6]HISTOSEPT25!$A$6:$BB$47,9,0) -> BANQUE | F13: =VLOOKUP($A13,[6]HISTOSEPT25!$A$6:$BB$47,37,0) -> 100000 | G13: =VLOOKUP($A13,[6]HISTOSEPT25!$A$6:$BB$47,40,0) -> 1000 | H13: =IF(G13=0,"",VLOOKUP($A13,[6]HISTOFEV25!$A$6:$AV$47,42,0)) -> BANQUE | I13: =VLOOKUP($A13,[6]HISTOSEPT25!$A$6:$BB$47,41,0) -> 0 | J13: =+TONTAOUT25!F13+TONTAOUT25!G13 -> 203000 | K13: =VLOOKUP($A13,[6]HISTOSEPT25!$A$6:$BB$47,18,0) -> 203000 | L13: =IF(K13<>0,VLOOKUP($A13,[6]HISTOSEPT25!$A$6:$BB$47,42,0),"ECHEC") -> BANQUE | M13: =IF(P13<>0,VLOOKUP($A13,[6]HISTOSEPT25!$A$6:$BB$47,32,0),"ECHEC") -> ECHEC | N13: =VLOOKUP($A13,[6]HISTOSEPT25!$A$6:$BB$47,33,0) -> 0 | O13: =IF(P13=0,0,($C$3-P13)) -> 0 | P13: =VLOOKUP($A13,[6]HISTOSEPT25!$A$6:$BB$47,31,0) -> 0
A14: AS201649 | B14: =IF(D14=0,0,VLOOKUP($A14,[6]HISTOSEPT25!$A$6:$BQ$47,14,0)) -> 2 | C14: =VLOOKUP(A14,[7]LISTADHERENT!A$5:H$60,3,0) -> MBOGNING TUGMA GUY | D14: =IF(E14="ECHEC",0,VLOOKUP($A14,[6]HISTOSEPT25!$A$6:$BB$47,15,0)) -> 200000 | E14: =VLOOKUP($A14,[6]HISTOSEPT25!$A$6:$BB$47,9,0) -> BANQUE | F14: =VLOOKUP($A14,[6]HISTOSEPT25!$A$6:$BB$47,37,0) -> 100000 | G14: =VLOOKUP($A14,[6]HISTOSEPT25!$A$6:$BB$47,40,0) -> 1000 | H14: =IF(G14=0,"",VLOOKUP($A14,[6]HISTOFEV25!$A$6:$AV$47,42,0)) -> BANQUE | I14: =VLOOKUP($A14,[6]HISTOSEPT25!$A$6:$BB$47,41,0) -> 0 | J14: =+TONTAOUT25!F14+TONTAOUT25!G14 -> 202000 | K14: =VLOOKUP($A14,[6]HISTOSEPT25!$A$6:$BB$47,18,0) -> 202000 | L14: =IF(K14<>0,VLOOKUP($A14,[6]HISTOSEPT25!$A$6:$BB$47,42,0),"ECHEC") -> BANQUE | M14: =IF(P14<>0,VLOOKUP($A14,[6]HISTOSEPT25!$A$6:$BB$47,32,0),"ECHEC") -> ECHEC | N14: =VLOOKUP($A14,[6]HISTOSEPT25!$A$6:$BB$47,33,0) -> 0 | O14: =IF(P14=0,0,($C$3-P14)) -> 0 | P14: =VLOOKUP($A14,[6]HISTOSEPT25!$A$6:$BB$47,31,0) -> 0
A15: AS201622 | B15: =IF(D15=0,0,VLOOKUP($A15,[6]HISTOSEPT25!$A$6:$BQ$47,14,0)) -> 2 | C15: =VLOOKUP(A15,[7]LISTADHERENT!A$5:H$60,3,0) -> NDJOMO ETIENNE | D15: =IF(E15="ECHEC",0,VLOOKUP($A15,[6]HISTOSEPT25!$A$6:$BB$47,15,0)) -> 200000 | E15: =VLOOKUP($A15,[6]HISTOSEPT25!$A$6:$BB$47,9,0) -> BANQUE | F15: =VLOOKUP($A15,[6]HISTOSEPT25!$A$6:$BB$47,37,0) -> 100000 | G15: =VLOOKUP($A15,[6]HISTOSEPT25!$A$6:$BB$47,40,0) -> 2500 | H15: =IF(G15=0,"",VLOOKUP($A15,[6]HISTOFEV25!$A$6:$AV$47,42,0)) -> BANQUE | I15: =VLOOKUP($A15,[6]HISTOSEPT25!$A$6:$BB$47,41,0) -> 0 | J15: =+TONTAOUT25!F15+TONTAOUT25!G15 -> 202000 | K15: =VLOOKUP($A15,[6]HISTOSEPT25!$A$6:$BB$47,18,0) -> 202000 | L15: =IF(K15<>0,VLOOKUP($A15,[6]HISTOSEPT25!$A$6:$BB$47,42,0),"ECHEC") -> BANQUE | M15: =IF(P15<>0,VLOOKUP($A15,[6]HISTOSEPT25!$A$6:$BB$47,32,0),"ECHEC") -> ECHEC | N15: =VLOOKUP($A15,[6]HISTOSEPT25!$A$6:$BB$47,33,0) -> 0 | O15: =IF(P15=0,0,($C$3-P15)) -> 0 | P15: =VLOOKUP($A15,[6]HISTOSEPT25!$A$6:$BB$47,31,0) -> 0
A16: AS201624 | B16: =IF(D16=0,0,VLOOKUP($A16,[6]HISTOSEPT25!$A$6:$BQ$47,14,0)) -> 1 | C16: =VLOOKUP(A16,[7]LISTADHERENT!A$5:H$60,3,0) -> NGONDIEP CLAUDE | D16: =IF(E16="ECHEC",0,VLOOKUP($A16,[6]HISTOSEPT25!$A$6:$BB$47,15,0)) -> 100000 | E16: =VLOOKUP($A16,[6]HISTOSEPT25!$A$6:$BB$47,9,0) -> BANQUE | F16: =VLOOKUP($A16,[6]HISTOSEPT25!$A$6:$BB$47,37,0) -> 0 | G16: =VLOOKUP($A16,[6]HISTOSEPT25!$A$6:$BB$47,40,0) -> 0 | H16: =IF(G16=0,"",VLOOKUP($A16,[6]HISTOFEV25!$A$6:$AV$47,42,0)) | I16: =VLOOKUP($A16,[6]HISTOSEPT25!$A$6:$BB$47,41,0) -> 0 | J16: =+TONTAOUT25!F16+TONTAOUT25!G16 -> 0 | K16: =VLOOKUP($A16,[6]HISTOSEPT25!$A$6:$BB$47,18,0) -> 0 | L16: =IF(K16<>0,VLOOKUP($A16,[6]HISTOSEPT25!$A$6:$BB$47,42,0),"ECHEC") -> ECHEC | M16: =IF(P16<>0,VLOOKUP($A16,[6]HISTOSEPT25!$A$6:$BB$47,32,0),"ECHEC") -> ECHEC | N16: =VLOOKUP($A16,[6]HISTOSEPT25!$A$6:$BB$47,33,0) -> 0 | O16: =IF(P16=0,0,($C$3-P16)) -> 0 | P16: =VLOOKUP($A16,[6]HISTOSEPT25!$A$6:$BB$47,31,0) -> 0
A17: AS201626 | B17: =IF(D17=0,0,VLOOKUP($A17,[6]HISTOSEPT25!$A$6:$BQ$47,14,0)) -> 2 | C17: =VLOOKUP(A17,[7]LISTADHERENT!A$5:H$60,3,0) -> NGUIEMEGNI MATHIEU BLAISE | D17: =IF(E17="ECHEC",0,VLOOKUP($A17,[6]HISTOSEPT25!$A$6:$BB$47,15,0)) -> 200000 | E17: =VLOOKUP($A17,[6]HISTOSEPT25!$A$6:$BB$47,9,0) -> BANQUE | F17: =VLOOKUP($A17,[6]HISTOSEPT25!$A$6:$BB$47,37,0) -> 200000 | G17: =VLOOKUP($A17,[6]HISTOSEPT25!$A$6:$BB$47,40,0) -> 5000 | H17: =IF(G17=0,"",VLOOKUP($A17,[6]HISTOFEV25!$A$6:$AV$47,42,0)) -> BANQUE | I17: =VLOOKUP($A17,[6]HISTOSEPT25!$A$6:$BB$47,41,0) -> 0 | J17: =+TONTAOUT25!F17+TONTAOUT25!G17 -> 101000 | K17: =VLOOKUP($A17,[6]HISTOSEPT25!$A$6:$BB$47,18,0) -> 101000 | L17: =IF(K17<>0,VLOOKUP($A17,[6]HISTOSEPT25!$A$6:$BB$47,42,0),"ECHEC") -> BANQUE | M17: =IF(P17<>0,VLOOKUP($A17,[6]HISTOSEPT25!$A$6:$BB$47,32,0),"ECHEC") -> ECHEC | N17: =VLOOKUP($A17,[6]HISTOSEPT25!$A$6:$BB$47,33,0) -> 0 | O17: =IF(P17=0,0,($C$3-P17)) -> 0 | P17: =VLOOKUP($A17,[6]HISTOSEPT25!$A$6:$BB$47,31,0) -> 0
... A22: AS201647 | B22: =IF(D22=0,0,VLOOKUP($A22,[6]HISTOSEPT25!$A$6:$BQ$47,14,0)) -> 1 | C22: =VLOOKUP(A22,[7]LISTADHERENT!A$5:H$60,3,0) -> YOUMBI EMMANUEL | D22: =IF(E22="ECHEC",0,VLOOKUP($A22,[6]HISTOSEPT25!$A$6:$BB$47,15,0)) -> 100000 | E22: =VLOOKUP($A22,[6]HISTOSEPT25!$A$6:$BB$47,9,0) -> BANQUE | F22: =VLOOKUP($A22,[6]HISTOSEPT25!$A$6:$BB$47,37,0) -> 0 | G22: =VLOOKUP($A22,[6]HISTOSEPT25!$A$6:$BB$47,40,0) -> 0 | H22: =IF(G22=0,"",VLOOKUP($A22,[6]HISTOFEV25!$A$6:$AV$47,42,0)) | I22: =VLOOKUP($A22,[6]HISTOSEPT25!$A$6:$BB$47,41,0) -> 0 | J22: =+TONTAOUT25!F22+TONTAOUT25!G22 -> 0 | K22: =VLOOKUP($A22,[6]HISTOSEPT25!$A$6:$BB$47,18,0) -> 0 | L22: =IF(K22<>0,VLOOKUP($A22,[6]HISTOSEPT25!$A$6:$BB$47,42,0),"ECHEC") -> ECHEC | M22: =IF(P22<>0,VLOOKUP($A22,[6]HISTOSEPT25!$A$6:$BB$47,32,0),"ECHEC") -> ECHEC | N22: =VLOOKUP($A22,[6]HISTOSEPT25!$A$6:$BB$47,33,0) -> 0 | O22: =IF(P22=0,0,($C$3-P22)) -> 0 | P22: =VLOOKUP($A22,[6]HISTOSEPT25!$A$6:$BB$47,31,0) -> 0
A24: TOTAL PART | B24: =SUM(B6:B22) -> 23
A25: NBRE ADHERENT | B25: =+COUNT(D6:D22) -> 17 | D25: =SUM(D6:D22) -> 2300000 | E25: =SUM(E6:E22) -> 0 | F25: =SUM(F6:F22) -> 1074500 | G25: =SUM(G6:G22) -> 18500 | H25: =SUM(H6:H22) -> 0 | I25: =SUM(I6:I22) -> 0 | J25: =SUM(J6:J22) -> 1144500 | K25: =SUM(K6:K22) -> 1144500 | ... P25: =SUM(P6:P22) -> 30000
M26: NBRE PART | N26: PART VENDUE
D27: MONTANT TONTINE | E27: REMBOURSEMENT PETIT LOT | F27: VENTE PETIT LOT | G27: VENTE LOT PRINCIPAL | H27: SOLDE EN CAISSE | K27: TONTINE + REMB + INTERET VENTE | L27: =D31+E31+P25+TONTFEV25!N32+2400000 -> 3449500
C28: ESPECES | D28: =SUMIFS(D6:D22,E6:E22,"ESPECES") -> 200000 | E28: =SUMIFS(K6:K22,L6:L22,"ESPECES") -> 0 | F28: =SUMIFS(F6:F22,H6:H22,"ESPECES") -> 0 | G28: =SUMIFS(O6:O22,M6:M22,"ESPECES") -> 0 | H28: =D28+E28-F28-G28 -> 200000 | K28: LOT PRINCIPAL | L28: =C3*COUNTIF(O6:O22,">0") -> 2400000 | M28: =D3 -> 2 | N28: =COUNTIF(O6:O21,">0") -> 2
C29: BANQUE | D29: =SUMIFS(D6:D22,E6:E22,"BANQUE") -> 2100000 | E29: =SUMIFS(K6:K22,L6:L22,"BANQUE") -> 1144500 | F29: =SUMIFS(F6:F22,H6:H22,"BANQUE") -> 874500 | G29: =SUMIFS(O6:O22,M6:M22,"BANQUE") -> 2370000 | H29: =D29+E29-F29-G29 -> 0
K30: PETIT LOT | L30: =+L27-L28+251000 -> 1300500
C31: TOTAL | D31: =D28+D29+200000 -> 2500000 | E31: =E28+E29 -> 1144500 | F31: =F28+F29 -> 874500 | G31: =G28+G29 -> 2370000 | H31: =H28+H29 -> 200000
K32: RELIQUAT | L32: =L30-F25 -> 226000 | N32: =L32 -> 226000 | O32: CUMUL
K34: ECHEC TONTINE MOIS | L34: =COUNTIFS(E6:E29,"ECHEC")*100000 -> 100000 | N34: =L34+TONTFEV25!N34 -> 100000 | O34: CUMUL
K35: ECHEC REMBOURSEMENT MOIS | L35: =J25-E31 -> 0 | N35: =L35+TONTFEV25!N35 -> 0 | O35: CUMUL

Sheet TONTOCT25
A1: ASSOCIATION | B1: ASELBY
A2: ANNEE | B2: 2025 | C2: TONIINE | D2: NBRE PART
A3: TAUX TONTINE | B3: 100000 | C3: =B3*12 -> 1200000 | D3: =ROUNDDOWN(L27/C3,0) -> 2
C4: 45943
A5: MATRICULE | B5: NBREPART | C5: NOM ET PRENOM | D5: MONTANT TONTINE | E5: MODE VERSEMENT | F5: VENTE PETIT LOT | G5: INTERET PETIT LOT | H5: MODE VERSEMENT VENTE PETIT LOT | I5: NUMERO CHEQUE | J5: MONTANT A REMBOURSER PETIT LOT | K5: REMBOURSEMENT PETIT LOT | L5: MODE VERSEMENT REMBOURSEMENT | M5: MODE VERSEMENTLOT PRINCIPAL | N5: NUMERO CHEQUE | O5: MONTANT LOT PRINCIPAL | P5: INTERET LOT PRINCIPAL
A6: AS201648 | B6: =IF(D6=0,0,VLOOKUP($A6,[6]HISTOOCT25!$A$6:$BQ$47,14,0)) -> 1 | C6: =VLOOKUP(A6,[7]LISTADHERENT!A$5:H$60,3,0) -> ASELBY | D6: =IF(E6="ECHEC",0,VLOOKUP($A6,[6]HISTOOCT25!$A$6:$BB$47,15,0)) -> 100000 | E6: =VLOOKUP($A6,[6]HISTOOCT25!$A$6:$BB$47,9,0) -> BANQUE | F6: =VLOOKUP($A6,[6]HISTOOCT25!$A$6:$BB$47,37,0) -> 0 | G6: =VLOOKUP($A6,[6]HISTOOCT25!$A$6:$BB$47,40,0) -> 0 | H6: =IF(G6=0,"",VLOOKUP($A6,[6]HISTOFEV25!$A$6:$AV$47,42,0)) | I6: =VLOOKUP($A6,[6]HISTOOCT25!$A$6:$BB$47,41,0) -> 0 | J6: =+TONTSEPT25!F6+TONTSEPT25!G6 -> 0 | K6: =VLOOKUP($A6,[6]HISTOOCT25!$A$6:$BB$47,18,0) -> 0 | L6: =IF(K6<>0,VLOOKUP($A6,[6]HISTOOCT25!$A$6:$BB$47,42,0),"ECHEC") -> ECHEC | M6: =IF(P6<>0,VLOOKUP($A6,[6]HISTOOCT25!$A$6:$BB$47,32,0),"ECHEC") -> ECHEC | N6: =VLOOKUP($A6,[6]HISTOOCT25!$A$6:$BB$47,33,0) -> 0 | O6: =IF(P6=0,0,($C$3-P6)) -> 0 | P6: =VLOOKUP($A6,[6]HISTOOCT25!$A$6:$BB$47,31,0) -> 0
A7: AS201604 | B7: =IF(D7=0,0,VLOOKUP($A7,[6]HISTOOCT25!$A$6:$BQ$47,14,0)) -> 2 | C7: =VLOOKUP(A7,[7]LISTADHERENT!A$5:H$60,3,0) -> DJOMO JEAN PAUL | D7: =IF(E7="ECHEC",0,VLOOKUP($A7,[6]HISTOOCT25!$A$6:$BB$47,15,0)) -> 200000 | E7: =VLOOKUP($A7,[6]HISTOOCT25!$A$6:$BB$47,9,0) -> ESPECES | F7: =VLOOKUP($A7,[6]HISTOOCT25!$A$6:$BB$47,37,0) -> 200000 | G7: =VLOOKUP($A7,[6]HISTOOCT25!$A$6:$BB$47,40,0) -> 4000 | H7: =IF(G7=0,"",VLOOKUP($A7,[6]HISTOFEV25!$A$6:$AV$47,42,0)) -> BANQUE | I7: =VLOOKUP($A7,[6]HISTOOCT25!$A$6:$BB$47,41,0) -> 0 | J7: =+TONTSEPT25!F7+TONTSEPT25!G7 -> 176500 | K7: =VLOOKUP($A7,[6]HISTOOCT25!$A$6:$BB$47,18,0) -> 176500 | L7: =IF(K7<>0,VLOOKUP($A7,[6]HISTOOCT25!$A$6:$BB$47,42,0),"ECHEC") -> BANQUE | M7: =IF(P7<>0,VLOOKUP($A7,[6]HISTOOCT25!$A$6:$BB$47,32,0),"ECHEC") -> ECHEC | N7: =VLOOKUP($A7,[6]HISTOOCT25!$A$6:$BB$47,33,0) -> 0 | O7: =IF(P7=0,0,($C$3-P7)) -> 0 | P7: =VLOOKUP($A7,[6]HISTOOCT25!$A$6:$BB$47,31,0) -> 0
A8: AS201605 | B8: =IF(D8=0,0,VLOOKUP($A8,[6]HISTOOCT25!$A$6:$BQ$47,14,0)) -> 1 | C8: =VLOOKUP(A8,[7]LISTADHERENT!A$5:H$60,3,0) -> DJOUKWE NANGUEN GUY BLAISE | D8: =IF(E8="ECHEC",0,VLOOKUP($A8,[6]HISTOOCT25!$A$6:$BB$47,15,0)) -> 100000 | E8: =VLOOKUP($A8,[6]HISTOOCT25!$A$6:$BB$47,9,0) -> BANQUE | F8: =VLOOKUP($A8,[6]HISTOOCT25!$A$6:$BB$47,37,0) -> 159500 | G8: =VLOOKUP($A8,[6]HISTOOCT25!$A$6:$BB$47,40,0) -> 6000 | H8: =IF(G8=0,"",VLOOKUP($A8,[6]HISTOFEV25!$A$6:$AV$47,42,0)) -> BANQUE | I8: =VLOOKUP($A8,[6]HISTOOCT25!$A$6:$BB$47,41,0) -> 0 | J8: =+TONTSEPT25!F8+TONTSEPT25!G8 -> 203500 | K8: =VLOOKUP($A8,[6]HISTOOCT25!$A$6:$BB$47,18,0) -> 203500 | L8: =IF(K8<>0,VLOOKUP($A8,[6]HISTOOCT25!$A$6:$BB$47,42,0),"ECHEC") -> BANQUE | M8: =IF(P8<>0,VLOOKUP($A8,[6]HISTOOCT25!$A$6:$BB$47,32,0),"ECHEC") -> ECHEC | N8: =VLOOKUP($A8,[6]HISTOOCT25!$A$6:$BB$47,33,0) -> 0 | O8: =IF(P8=0,0,($C$3-P8)) -> 0 | P8: =VLOOKUP($A8,[6]HISTOOCT25!$A$6:$BB$47,31,0) -> 0
A9: AS201608 | B9: =IF(D9=0,0,VLOOKUP($A9,[6]HISTOOCT25!$A$6:$BQ$47,14,0)) -> 2 | C9: =VLOOKUP(A9,[7]LISTADHERENT!A$5:H$60,3,0) -> DJUOMBESSY ANTOINE | D9: =IF(E9="ECHEC",0,VLOOKUP($A9,[6]HISTOOCT25!$A$6:$BB$47,15,0)) -> 200000 | E9: =VLOOKUP($A9,[6]HISTOOCT25!$A$6:$BB$47,9,0) -> BANQUE | F9: =VLOOKUP($A9,[6]HISTOOCT25!$A$6:$BB$47,37,0) -> 0 | G9: =VLOOKUP($A9,[6]HISTOOCT25!$A$6:$BB$47,40,0) -> 0 | H9: =IF(G9=0,"",VLOOKUP($A9,[6]HISTOFEV25!$A$6:$AV$47,42,0)) | I9: =VLOOKUP($A9,[6]HISTOOCT25!$A$6:$BB$47,41,0) -> 0 | J9: =+TONTSEPT25!F9+TONTSEPT25!G9 -> 0 | K9: =VLOOKUP($A9,[6]HISTOOCT25!$A$6:$BB$47,18,0) -> 0 | L9: =IF(K9<>0,VLOOKUP($A9,[6]HISTOOCT25!$A$6:$BB$47,42,0),"ECHEC") -> ECHEC | M9: =IF(P9<>0,VLOOKUP($A9,[6]HISTOOCT25!$A$6:$BB$47,32,0),"ECHEC") -> ECHEC | N9: =VLOOKUP($A9,[6]HISTOOCT25!$A$6:$BB$47,33,0) -> 0 | O9: =IF(P9=0,0,($C$3-P9)) -> 0 | P9: =VLOOKUP($A9,[6]HISTOOCT25!$A$6:$BB$47,31,0) -> 0
A10: AS201663 | B10: =IF(D10=0,0,VLOOKUP($A10,[6]HISTOOCT25!$A$6:$BQ$47,14,0)) -> 1 | C10: =VLOOKUP(A10,[7]LISTADHERENT!A$5:H$60,3,0) -> FAMPOU PAUL | D10: =IF(E10="ECHEC",0,VLOOKUP($A10,[6]HISTOOCT25!$A$6:$BB$47,15,0)) -> 100000 | E10: =VLOOKUP($A10,[6]HISTOOCT25!$A$6:$BB$47,9,0) -> BANQUE | F10: =VLOOKUP($A10,[6]HISTOOCT25!$A$6:$BB$47,37,0) -> 0 | G10: =VLOOKUP($A10,[6]HISTOOCT25!$A$6:$BB$47,40,0) -> 0 | H10: =IF(G10=0,"",VLOOKUP($A10,[6]HISTOFEV25!$A$6:$AV$47,42,0)) | I10: =VLOOKUP($A10,[6]HISTOOCT25!$A$6:$BB$47,41,0) -> 0 | J10: =+TONTSEPT25!F10+TONTSEPT25!G10 -> 0 | K10: =VLOOKUP($A10,[6]HISTOOCT25!$A$6:$BB$47,18,0) -> 0 | L10: =IF(K10<>0,VLOOKUP($A10,[6]HISTOOCT25!$A$6:$BB$47,42,0),"ECHEC") -> ECHEC | M10: =IF(P10<>0,VLOOKUP($A10,[6]HISTOOCT25!$A$6:$BB$47,32,0),"ECHEC") -> ECHEC | N10: =VLOOKUP($A10,[6]HISTOOCT25!$A$6:$BB$47,33,0) -> 0 | O10: =IF(P10=0,0,($C$3-P10)) -> 0 | P10: =VLOOKUP($A10,[6]HISTOOCT25!$A$6:$BB$47,31,0) -> 0
A11: AS201613 | B11: =IF(D11=0,0,VLOOKUP($A11,[6]HISTOOCT25!$A$6:$BQ$47,14,0)) -> 1 | C11: =VLOOKUP(A11,[7]LISTADHERENT!A$5:H$60,3,0) -> HOTCHO BENJAMIN | D11: =IF(E11="ECHEC",0,VLOOKUP($A11,[6]HISTOOCT25!$A$6:$BB$47,15,0)) -> 100000 | E11: =VLOOKUP($A11,[6]HISTOOCT25!$A$6:$BB$47,9,0) -> BANQUE | F11: =VLOOKUP($A11,[6]HISTOOCT25!$A$6:$BB$47,37,0) -> 0 | G11: =VLOOKUP($A11,[6]HISTOOCT25!$A$6:$BB$47,40,0) -> 0 | H11: =IF(G11=0,"",VLOOKUP($A11,[6]HISTOFEV25!$A$6:$AV$47,42,0)) | I11: =VLOOKUP($A11,[6]HISTOOCT25!$A$6:$BB$47,41,0) -> 0 | J11: =+TONTSEPT25!F11+TONTSEPT25!G11 -> 0 | K11: =VLOOKUP($A11,[6]HISTOOCT25!$A$6:$BB$47,18,0) -> 0 | L11: =IF(K11<>0,VLOOKUP($A11,[6]HISTOOCT25!$A$6:$BB$47,42,0),"ECHEC") -> ECHEC | M11: =IF(P11<>0,VLOOKUP($A11,[6]HISTOOCT25!$A$6:$BB$47,32,0),"ECHEC") -> ECHEC | N11: =VLOOKUP($A11,[6]HISTOOCT25!$A$6:$BB$47,33,0) -> 0 | O11: =IF(P11=0,0,($C$3-P11)) -> 0 | P11: =VLOOKUP($A11,[6]HISTOOCT25!$A$6:$BB$47,31,0) -> 0
A12: AS201617 | B12: =IF(D12=0,0,VLOOKUP($A12,[6]HISTOOCT25!$A$6:$BQ$47,14,0)) -> 1 | C12: =VLOOKUP(A12,[7]LISTADHERENT!A$5:H$60,3,0) -> KOUAMOU MOISE | D12: =IF(E12="ECHEC",0,VLOOKUP($A12,[6]HISTOOCT25!$A$6:$BB$47,15,0)) -> 100000 | E12: =VLOOKUP($A12,[6]HISTOOCT25!$A$6:$BB$47,9,0) -> BANQUE | F12: =VLOOKUP($A12,[6]HISTOOCT25!$A$6:$BB$47,37,0) -> 100000 | G12: =VLOOKUP($A12,[6]HISTOOCT25!$A$6:$BB$47,40,0) -> 2500 | H12: =IF(G12=0,"",VLOOKUP($A12,[6]HISTOFEV25!$A$6:$AV$47,42,0)) -> 0 | I12: =VLOOKUP($A12,[6]HISTOOCT25!$A$6:$BB$47,41,0) -> 0 | J12: =+TONTSEPT25!F12+TONTSEPT25!G12 -> 0 | K12: =VLOOKUP($A12,[6]HISTOOCT25!$A$6:$BB$47,18,0) -> 0 | L12: =IF(K12<>0,VLOOKUP($A12,[6]HISTOOCT25!$A$6:$BB$47,42,0),"ECHEC") -> ECHEC | M12: =IF(P12<>0,VLOOKUP($A12,[6]HISTOOCT25!$A$6:$BB$47,32,0),"ECHEC") -> ECHEC | N12: =VLOOKUP($A12,[6]HISTOOCT25!$A$6:$BB$47,33,0) -> 0 | O12: =IF(P12=0,0,($C$3-P12)) -> 0 | P12: =VLOOKUP($A12,[6]HISTOOCT25!$A$6:$BB$47,31,0) -> 0
A13: AS201619 | B13: =IF(D13=0,0,VLOOKUP($A13,[6]HISTOOCT25!$A$6:$BQ$47,14,0)) -> 1 | C13: =VLOOKUP(A13,[7]LISTADHERENT!A$5:H$60,3,0) -> KOUATCHO MESSACK | D13: =IF(E13="ECHEC",0,VLOOKUP($A13,[6]HISTOOCT25!$A$6:$BB$47,15,0)) -> 100000 | E13: =VLOOKUP($A13,[6]HISTOOCT25!$A$6:$BB$47,9,0) -> ESPECES | F13: =VLOOKUP($A13,[6]HISTOOCT25!$A$6:$BB$47,37,0) -> 0 | G13: =VLOOKUP($A13,[6]HISTOOCT25!$A$6:$BB$47,40,0) -> 0 | H13: =IF(G13=0,"",VLOOKUP($A13,[6]HISTOFEV25!$A$6:$AV$47,42,0)) | I13: =VLOOKUP($A13,[6]HISTOOCT25!$A$6:$BB$47,41,0) -> 0 | J13: =+TONTSEPT25!F13+TONTSEPT25!G13 -> 101000 | K13: =VLOOKUP($A13,[6]HISTOOCT25!$A$6:$BB$47,18,0) -> 101000 | L13: =IF(K13<>0,VLOOKUP($A13,[6]HISTOOCT25!$A$6:$BB$47,42,0),"ECHEC") -> BANQUE | M13: =IF(P13<>0,VLOOKUP($A13,[6]HISTOOCT25!$A$6:$BB$47,32,0),"ECHEC") -> ECHEC | N13: =VLOOKUP($A13,[6]HISTOOCT25!$A$6:$BB$47,33,0) -> 0 | O13: =IF(P13=0,0,($C$3-P13)) -> 0 | P13: =VLOOKUP($A13,[6]HISTOOCT25!$A$6:$BB$47,31,0) -> 0
A14: AS201649 | B14: =IF(D14=0,0,VLOOKUP($A14,[6]HISTOOCT25!$A$6:$BQ$47,14,0)) -> 2 | C14: =VLOOKUP(A14,[7]LISTADHERENT!A$5:H$60,3,0) -> MBOGNING TUGMA GUY | D14: =IF(E14="ECHEC",0,VLOOKUP($A14,[6]HISTOOCT25!$A$6:$BB$47,15,0)) -> 200000 | E14: =VLOOKUP($A14,[6]HISTOOCT25!$A$6:$BB$47,9,0) -> BANQUE | F14: =VLOOKUP($A14,[6]HISTOOCT25!$A$6:$BB$47,37,0) -> 200000 | G14: =VLOOKUP($A14,[6]HISTOOCT25!$A$6:$BB$47,40,0) -> 5500 | H14: =IF(G14=0,"",VLOOKUP($A14,[6]HISTOFEV25!$A$6:$AV$47,42,0)) -> BANQUE | I14: =VLOOKUP($A14,[6]HISTOOCT25!$A$6:$BB$47,41,0) -> 0 | J14: =+TONTSEPT25!F14+TONTSEPT25!G14 -> 101000 | K14: =VLOOKUP($A14,[6]HISTOOCT25!$A$6:$BB$47,18,0) -> 101000 | L14: =IF(K14<>0,VLOOKUP($A14,[6]HISTOOCT25!$A$6:$BB$47,42,0),"ECHEC") -> BANQUE | M14: =IF(P14<>0,VLOOKUP($A14,[6]HISTOOCT25!$A$6:$BB$47,32,0),"ECHEC") -> ECHEC | N14: =VLOOKUP($A14,[6]HISTOOCT25!$A$6:$BB$47,33,0) -> 0 | O14: =IF(P14=0,0,($C$3-P14)) -> 0 | P14: =VLOOKUP($A14,[6]HISTOOCT25!$A$6:$BB$47,31,0) -> 0
A15: AS201622 | B15: =IF(D15=0,0,VLOOKUP($A15,[6]HISTOOCT25!$A$6:$BQ$47,14,0)) -> 2 | C15: =VLOOKUP(A15,[7]LISTADHERENT!A$5:H$60,3,0) -> NDJOMO ETIENNE | D15: =IF(E15="ECHEC",0,VLOOKUP($A15,[6]HISTOOCT25!$A$6:$BB$47,15,0)) -> 200000 | E15: =VLOOKUP($A15,[6]HISTOOCT25!$A$6:$BB$47,9,0) -> BANQUE | F15: =VLOOKUP($A15,[6]HISTOOCT25!$A$6:$BB$47,37,0) -> 100000 | G15: =VLOOKUP($A15,[6]HISTOOCT25!$A$6:$BB$47,40,0) -> 2500 | H15: =IF(G15=0,"",VLOOKUP($A15,[6]HISTOFEV25!$A$6:$AV$47,42,0)) -> BANQUE | I15: =VLOOKUP($A15,[6]HISTOOCT25!$A$6:$BB$47,41,0) -> 0 | J15: =+TONTSEPT25!F15+TONTSEPT25!G15 -> 102500 | K15: =VLOOKUP($A15,[6]HISTOOCT25!$A$6:$BB$47,18,0) -> 102500 | L15: =IF(K15<>0,VLOOKUP($A15,[6]HISTOOCT25!$A$6:$BB$47,42,0),"ECHEC") -> BANQUE | M15: =IF(P15<>0,VLOOKUP($A15,[6]HISTOOCT25!$A$6:$BB$47,32,0),"ECHEC") -> ECHEC | N15: =VLOOKUP($A15,[6]HISTOOCT25!$A$6:$BB$47,33,0) -> 0 | O15: =IF(P15=0,0,($C$3-P15)) -> 0 | P15: =VLOOKUP($A15,[6]HISTOOCT25!$A$6:$BB$47,31,0) -> 0
A16: AS201624 | B16: =IF(D16=0,0,VLOOKUP($A16,[6]HISTOOCT25!$A$6:$BQ$47,14,0)) -> 1 | C16: =VLOOKUP(A16,[7]LISTADHERENT!A$5:H$60,3,0) -> NGONDIEP CLAUDE | D16: =IF(E16="ECHEC",0,VLOOKUP($A16,[6]HISTOOCT25!$A$6:$BB$47,15,0)) -> 100000 | E16: =VLOOKUP($A16,[6]HISTOOCT25!$A$6:$BB$47,9,0) -> BANQUE | F16: =VLOOKUP($A16,[6]HISTOOCT25!$A$6:$BB$47,37,0) -> 0 | G16: =VLOOKUP($A16,[6]HISTOOCT25!$A$6:$BB$47,40,0) -> 0 | H16: =IF(G16=0,"",VLOOKUP($A16,[6]HISTOFEV25!$A$6:$AV$47,42,0)) | I16: =VLOOKUP($A16,[6]HISTOOCT25!$A$6:$BB$47,41,0) -> 0 | J16: =+TONTSEPT25!F16+TONTSEPT25!G16 -> 0 | K16: =VLOOKUP($A16,[6]HISTOOCT25!$A$6:$BB$47,18,0) -> 0 | L16: =IF(K16<>0,VLOOKUP($A16,[6]HISTOOCT25!$A$6:$BB$47,42,0),"ECHEC") -> ECHEC | M16: =IF(P16<>0,VLOOKUP($A16,[6]HISTOOCT25!$A$6:$BB$47,32,0),"ECHEC") -> ECHEC | N16: =VLOOKUP($A16,[6]HISTOOCT25!$A$6:$BB$47,33,0) -> 0 | O16: =IF(P16=0,0,($C$3-P16)) -> 0 | P16: =VLOOKUP($A16,[6]HISTOOCT25!$A$6:$BB$47,31,0) -> 0
A17: AS201626 | B17: =IF(D17=0,0,VLOOKUP($A17,[6]HISTOOCT25!$A$6:$BQ$47,14,0)) -> 2 | C17: =VLOOKUP(A17,[7]LISTADHERENT!A$5:H$60,3,0) -> NGUIEMEGNI MATHIEU BLAISE | D17: =IF(E17="ECHEC",0,VLOOKUP($A17,[6]HISTOOCT25!$A$6:$BB$47,15,0)) -> 200000 | E17: =VLOOKUP($A17,[6]HISTOOCT25!$A$6:$BB$47,9,0) -> BANQUE | F17: =VLOOKUP($A17,[6]HISTOOCT25!$A$6:$BB$47,37,0) -> 100000 | G17: =VLOOKUP($A17,[6]HISTOOCT25!$A$6:$BB$47,40,0) -> 2500 | H17: =IF(G17=0,"",VLOOKUP($A17,[6]HISTOFEV25!$A$6:$AV$47,42,0)) -> BANQUE | I17: =VLOOKUP($A17,[6]HISTOOCT25!$A$6:$BB$47,41,0) -> 0 | J17: =+TONTSEPT25!F17+TONTSEPT25!G17 -> 205000 | K17: =VLOOKUP($A17,[6]HISTOOCT25!$A$6:$BB$47,18,0) -> 205000 | L17: =IF(K17<>0,VLOOKUP($A17,[6]HISTOOCT25!$A$6:$BB$47,42,0),"ECHEC") -> BANQUE | M17: =IF(P17<>0,VLOOKUP($A17,[6]HISTOOCT25!$A$6:$BB$47,32,0),"ECHEC") -> ECHEC | N17: =VLOOKUP($A17,[6]HISTOOCT25!$A$6:$BB$47,33,0) -> 0 | O17: =IF(P17=0,0,($C$3-P17)) -> 0 | P17: =VLOOKUP($A17,[6]HISTOOCT25!$A$6:$BB$47,31,0) -> 0
... A22: AS201647 | B22: =IF(D22=0,0,VLOOKUP($A22,[6]HISTOOCT25!$A$6:$BQ$47,14,0)) -> 1 | C22: =VLOOKUP(A22,[7]LISTADHERENT!A$5:H$60,3,0) -> YOUMBI EMMANUEL | D22: =IF(E22="ECHEC",0,VLOOKUP($A22,[6]HISTOOCT25!$A$6:$BB$47,15,0)) -> 100000 | E22: =VLOOKUP($A22,[6]HISTOOCT25!$A$6:$BB$47,9,0) -> BANQUE | F22: =VLOOKUP($A22,[6]HISTOOCT25!$A$6:$BB$47,37,0) -> 0 | G22: =VLOOKUP($A22,[6]HISTOOCT25!$A$6:$BB$47,40,0) -> 0 | H22: =IF(G22=0,"",VLOOKUP($A22,[6]HISTOFEV25!$A$6:$AV$47,42,0)) | I22: =VLOOKUP($A22,[6]HISTOOCT25!$A$6:$BB$47,41,0) -> 0 | J22: =+TONTSEPT25!F22+TONTSEPT25!G22 -> 0 | K22: =VLOOKUP($A22,[6]HISTOOCT25!$A$6:$BB$47,18,0) -> 0 | L22: =IF(K22<>0,VLOOKUP($A22,[6]HISTOOCT25!$A$6:$BB$47,42,0),"ECHEC") -> ECHEC | M22: =IF(P22<>0,VLOOKUP($A22,[6]HISTOOCT25!$A$6:$BB$47,32,0),"ECHEC") -> ECHEC | N22: =VLOOKUP($A22,[6]HISTOOCT25!$A$6:$BB$47,33,0) -> 0 | O22: =IF(P22=0,0,($C$3-P22)) -> 0 | P22: =VLOOKUP($A22,[6]HISTOOCT25!$A$6:$BB$47,31,0) -> 0
A24: TOTAL PART | B24: =SUM(B6:B22) -> 23
A25: NBRE ADHERENT | B25: =+COUNT(D6:D22) -> 17 | D25: =SUM(D6:D22) -> 2300000 | E25: =SUM(E6:E22) -> 0 | F25: =SUM(F6:F22) -> 1159500 | G25: =SUM(G6:G22) -> 32500 | H25: =SUM(H6:H22) -> 0 | I25: =SUM(I6:I22) -> 0 | J25: =SUM(J6:J22) -> 1093000 | K25: =SUM(K6:K22) -> 1093000 | ... P25: =SUM(P6:P22) -> 30000
M26: NBRE PART | N26: PART VENDUE
D27: MONTANT TONTINE | E27: REMBOURSEMENT PETIT LOT | F27: VENTE PETIT LOT | G27: VENTE LOT PRINCIPAL | H27: SOLDE EN CAISSE | K27: TONTINE + REMB + INTERET VENTE | L27: =D31+E31+P25+TONTFEV25!N32+2400000 -> 3194500
C28: ESPECES | D28: =SUMIFS(D6:D22,E6:E22,"ESPECES") -> 500000 | E28: =SUMIFS(K6:K22,L6:L22,"ESPECES") -> 0 | F28: =SUMIFS(F6:F22,H6:H22,"ESPECES") -> 0 | G28: =SUMIFS(O6:O22,M6:M22,"ESPECES") -> 0 | H28: =D28+E28-F28-G28 -> 500000 | K28: LOT PRINCIPAL | L28: =C3*COUNTIF(O6:O22,">0") -> 2400000 | M28: =D3 -> 2 | N28: =COUNTIF(O6:O21,">0") -> 2
C29: BANQUE | D29: =SUMIFS(D6:D22,E6:E22,"BANQUE") -> 1800000 | E29: =SUMIFS(K6:K22,L6:L22,"BANQUE") -> 889500 | F29: =SUMIFS(F6:F22,H6:H22,"BANQUE") -> 759500 | G29: =SUMIFS(O6:O22,M6:M22,"BANQUE") -> 0 | H29: =D29+E29-F29-G29 -> 1930000
K30: PETIT LOT | L30: =+L27-L28+251000 -> 1045500
C31: TOTAL | D31: =D28+D29+200000 -> 2500000 | E31: =E28+E29 -> 889500 | F31: =F28+F29 -> 759500 | G31: =G28+G29 -> 0 | H31: =H28+H29 -> 2430000
K32: RELIQUAT | L32: =L30-F25 -> -114000 | N32: =L32 -> -114000 | O32: CUMUL
K34: ECHEC TONTINE MOIS | L34: =COUNTIFS(E6:E29,"ECHEC")*100000 -> 0 | N34: =L34+TONTFEV25!N34 -> 0 | O34: CUMUL
K35: ECHEC REMBOURSEMENT MOIS | L35: =J25-E31 -> 203500 | N35: =L35+TONTFEV25!N35 -> 203500 | O35: CUMUL

Sheet TONTNOV25
A1: ASSOCIATION | B1: ASELBY
A2: ANNEE | B2: 2025 | C2: TONIINE | D2: NBRE PART
A3: TAUX TONTINE | B3: 100000 | C3: =B3*12 -> 1200000 | D3: =ROUNDDOWN(L27/C3,0) -> 2
C4: 45974
A5: MATRICULE | B5: NBREPART | C5: NOM ET PRENOM | D5: MONTANT TONTINE | E5: MODE VERSEMENT | F5: VENTE PETIT LOT | G5: INTERET PETIT LOT | H5: MODE VERSEMENT VENTE PETIT LOT | I5: NUMERO CHEQUE | J5: MONTANT A REMBOURSER PETIT LOT | K5: REMBOURSEMENT PETIT LOT | L5: MODE VERSEMENT REMBOURSEMENT | M5: MODE VERSEMENTLOT PRINCIPAL | N5: NUMERO CHEQUE | O5: MONTANT LOT PRINCIPAL | P5: INTERET LOT PRINCIPAL
A6: AS201648 | B6: =IF(D6=0,0,VLOOKUP($A6,[6]HISTONOV25!$A$6:$BQ$47,14,0)) -> 1 | C6: =VLOOKUP(A6,[7]LISTADHERENT!A$5:H$60,3,0) -> ASELBY | D6: =IF(E6="ECHEC",0,VLOOKUP($A6,[6]HISTONOV25!$A$6:$BB$47,15,0)) -> 100000 | E6: =VLOOKUP($A6,[6]HISTONOV25!$A$6:$BB$47,9,0) -> BANQUE | F6: =VLOOKUP($A6,[6]HISTONOV25!$A$6:$BB$47,37,0) -> 0 | G6: =VLOOKUP($A6,[6]HISTONOV25!$A$6:$BB$47,40,0) -> 0 | H6: =IF(G6=0,"",VLOOKUP($A6,[6]HISTOFEV25!$A$6:$AV$47,42,0)) | I6: =VLOOKUP($A6,[6]HISTONOV25!$A$6:$BB$47,41,0) -> 0 | J6: =+TONTOCT25!F6+TONTOCT25!G6 -> 0 | K6: =VLOOKUP($A6,[6]HISTONOV25!$A$6:$BB$47,18,0) -> 0 | L6: =IF(K6<>0,VLOOKUP($A6,[6]HISTONOV25!$A$6:$BB$47,42,0),"ECHEC") -> ECHEC | M6: =IF(P6<>0,VLOOKUP($A6,[6]HISTONOV25!$A$6:$BB$47,32,0),"ECHEC") -> ECHEC | N6: =VLOOKUP($A6,[6]HISTONOV25!$A$6:$BB$47,33,0) -> 0 | O6: =IF(P6=0,0,($C$3-P6)) -> 0 | P6: =VLOOKUP($A6,[6]HISTONOV25!$A$6:$BB$47,31,0) -> 0
A7: AS201604 | B7: =IF(D7=0,0,VLOOKUP($A7,[6]HISTONOV25!$A$6:$BQ$47,14,0)) -> 2 | C7: =VLOOKUP(A7,[7]LISTADHERENT!A$5:H$60,3,0) -> DJOMO JEAN PAUL | D7: =IF(E7="ECHEC",0,VLOOKUP($A7,[6]HISTONOV25!$A$6:$BB$47,15,0)) -> 200000 | E7: =VLOOKUP($A7,[6]HISTONOV25!$A$6:$BB$47,9,0) -> BANQUE | F7: =VLOOKUP($A7,[6]HISTONOV25!$A$6:$BB$47,37,0) -> 200000 | G7: =VLOOKUP($A7,[6]HISTONOV25!$A$6:$BB$47,40,0) -> 7000 | H7: =IF(G7=0,"",VLOOKUP($A7,[6]HISTOFEV25!$A$6:$AV$47,42,0)) -> BANQUE | I7: =VLOOKUP($A7,[6]HISTONOV25!$A$6:$BB$47,41,0) -> 0 | J7: =+TONTOCT25!F7+TONTOCT25!G7 -> 204000 | K7: =VLOOKUP($A7,[6]HISTONOV25!$A$6:$BB$47,18,0) -> 204000 | L7: =IF(K7<>0,VLOOKUP($A7,[6]HISTONOV25!$A$6:$BB$47,42,0),"ECHEC") -> BANQUE | M7: =IF(P7<>0,VLOOKUP($A7,[6]HISTONOV25!$A$6:$BB$47,32,0),"ECHEC") -> ECHEC | N7: =VLOOKUP($A7,[6]HISTONOV25!$A$6:$BB$47,33,0) -> 0 | O7: =IF(P7=0,0,($C$3-P7)) -> 0 | P7: =VLOOKUP($A7,[6]HISTONOV25!$A$6:$BB$47,31,0) -> 0
A8: AS201605 | B8: =IF(D8=0,0,VLOOKUP($A8,[6]HISTONOV25!$A$6:$BQ$47,14,0)) -> 1 | C8: =VLOOKUP(A8,[7]LISTADHERENT!A$5:H$60,3,0) -> DJOUKWE NANGUEN GUY BLAISE | D8: =IF(E8="ECHEC",0,VLOOKUP($A8,[6]HISTONOV25!$A$6:$BB$47,15,0)) -> 100000 | E8: =VLOOKUP($A8,[6]HISTONOV25!$A$6:$BB$47,9,0) -> BANQUE | F8: =VLOOKUP($A8,[6]HISTONOV25!$A$6:$BB$47,37,0) -> 165500 | G8: =VLOOKUP($A8,[6]HISTONOV25!$A$6:$BB$47,40,0) -> 3000 | H8: =IF(G8=0,"",VLOOKUP($A8,[6]HISTOFEV25!$A$6:$AV$47,42,0)) -> BANQUE | I8: =VLOOKUP($A8,[6]HISTONOV25!$A$6:$BB$47,41,0) -> 0 | J8: =+TONTOCT25!F8+TONTOCT25!G8 -> 165500 | K8: =VLOOKUP($A8,[6]HISTONOV25!$A$6:$BB$47,18,0) -> 165500 | L8: =IF(K8<>0,VLOOKUP($A8,[6]HISTONOV25!$A$6:$BB$47,42,0),"ECHEC") -> BANQUE | M8: =IF(P8<>0,VLOOKUP($A8,[6]HISTONOV25!$A$6:$BB$47,32,0),"ECHEC") -> ECHEC | N8: =VLOOKUP($A8,[6]HISTONOV25!$A$6:$BB$47,33,0) -> 0 | O8: =IF(P8=0,0,($C$3-P8)) -> 0 | P8: =VLOOKUP($A8,[6]HISTONOV25!$A$6:$BB$47,31,0) -> 0
A9: AS201608 | B9: =IF(D9=0,0,VLOOKUP($A9,[6]HISTONOV25!$A$6:$BQ$47,14,0)) -> 2 | C9: =VLOOKUP(A9,[7]LISTADHERENT!A$5:H$60,3,0) -> DJUOMBESSY ANTOINE | D9: =IF(E9="ECHEC",0,VLOOKUP($A9,[6]HISTONOV25!$A$6:$BB$47,15,0)) -> 200000 | E9: =VLOOKUP($A9,[6]HISTONOV25!$A$6:$BB$47,9,0) -> BANQUE | F9: =VLOOKUP($A9,[6]HISTONOV25!$A$6:$BB$47,37,0) -> 100000 | G9: =VLOOKUP($A9,[6]HISTONOV25!$A$6:$BB$47,40,0) -> 1500 | H9: =IF(G9=0,"",VLOOKUP($A9,[6]HISTOFEV25!$A$6:$AV$47,42,0)) -> 0 | I9: =VLOOKUP($A9,[6]HISTONOV25!$A$6:$BB$47,41,0) -> 0 | J9: =+TONTOCT25!F9+TONTOCT25!G9 -> 0 | K9: =VLOOKUP($A9,[6]HISTONOV25!$A$6:$BB$47,18,0) -> 0 | L9: =IF(K9<>0,VLOOKUP($A9,[6]HISTONOV25!$A$6:$BB$47,42,0),"ECHEC") -> ECHEC | M9: =IF(P9<>0,VLOOKUP($A9,[6]HISTONOV25!$A$6:$BB$47,32,0),"ECHEC") -> ECHEC | N9: =VLOOKUP($A9,[6]HISTONOV25!$A$6:$BB$47,33,0) -> 0 | O9: =IF(P9=0,0,($C$3-P9)) -> 0 | P9: =VLOOKUP($A9,[6]HISTONOV25!$A$6:$BB$47,31,0) -> 0
A10: AS201663 | B10: =IF(D10=0,0,VLOOKUP($A10,[6]HISTONOV25!$A$6:$BQ$47,14,0)) -> 1 | C10: =VLOOKUP(A10,[7]LISTADHERENT!A$5:H$60,3,0) -> FAMPOU PAUL | D10: =IF(E10="ECHEC",0,VLOOKUP($A10,[6]HISTONOV25!$A$6:$BB$47,15,0)) -> 100000 | E10: =VLOOKUP($A10,[6]HISTONOV25!$A$6:$BB$47,9,0) -> BANQUE | F10: =VLOOKUP($A10,[6]HISTONOV25!$A$6:$BB$47,37,0) -> 200000 | G10: =VLOOKUP($A10,[6]HISTONOV25!$A$6:$BB$47,40,0) -> 3000 | H10: =IF(G10=0,"",VLOOKUP($A10,[6]HISTOFEV25!$A$6:$AV$47,42,0)) -> 0 | I10: =VLOOKUP($A10,[6]HISTONOV25!$A$6:$BB$47,41,0) -> 0 | J10: =+TONTOCT25!F10+TONTOCT25!G10 -> 0 | K10: =VLOOKUP($A10,[6]HISTONOV25!$A$6:$BB$47,18,0) -> 0 | L10: =IF(K10<>0,VLOOKUP($A10,[6]HISTONOV25!$A$6:$BB$47,42,0),"ECHEC") -> ECHEC | M10: =IF(P10<>0,VLOOKUP($A10,[6]HISTONOV25!$A$6:$BB$47,32,0),"ECHEC") -> ECHEC | N10: =VLOOKUP($A10,[6]HISTONOV25!$A$6:$BB$47,33,0) -> 0 | O10: =IF(P10=0,0,($C$3-P10)) -> 0 | P10: =VLOOKUP($A10,[6]HISTONOV25!$A$6:$BB$47,31,0) -> 0
A11: AS201613 | B11: =IF(D11=0,0,VLOOKUP($A11,[6]HISTONOV25!$A$6:$BQ$47,14,0)) -> 1 | C11: =VLOOKUP(A11,[7]LISTADHERENT!A$5:H$60,3,0) -> HOTCHO BENJAMIN | D11: =IF(E11="ECHEC",0,VLOOKUP($A11,[6]HISTONOV25!$A$6:$BB$47,15,0)) -> 100000 | E11: =VLOOKUP($A11,[6]HISTONOV25!$A$6:$BB$47,9,0) -> BANQUE | F11: =VLOOKUP($A11,[6]HISTONOV25!$A$6:$BB$47,37,0) -> 200000 | G11: =VLOOKUP($A11,[6]HISTONOV25!$A$6:$BB$47,40,0) -> 3000 | H11: =IF(G11=0,"",VLOOKUP($A11,[6]HISTOFEV25!$A$6:$AV$47,42,0)) -> 0 | I11: =VLOOKUP($A11,[6]HISTONOV25!$A$6:$BB$47,41,0) -> 0 | J11: =+TONTOCT25!F11+TONTOCT25!G11 -> 0 | K11: =VLOOKUP($A11,[6]HISTONOV25!$A$6:$BB$47,18,0) -> 0 | L11: =IF(K11<>0,VLOOKUP($A11,[6]HISTONOV25!$A$6:$BB$47,42,0),"ECHEC") -> ECHEC | M11: =IF(P11<>0,VLOOKUP($A11,[6]HISTONOV25!$A$6:$BB$47,32,0),"ECHEC") -> ECHEC | N11: =VLOOKUP($A11,[6]HISTONOV25!$A$6:$BB$47,33,0) -> 0 | O11: =IF(P11=0,0,($C$3-P11)) -> 0 | P11: =VLOOKUP($A11,[6]HISTONOV25!$A$6:$BB$47,31,0) -> 0
A12: AS201617 | B12: =IF(D12=0,0,VLOOKUP($A12,[6]HISTONOV25!$A$6:$BQ$47,14,0)) -> 1 | C12: =VLOOKUP(A12,[7]LISTADHERENT!A$5:H$60,3,0) -> KOUAMOU MOISE | D12: =IF(E12="ECHEC",0,VLOOKUP($A12,[6]HISTONOV25!$A$6:$BB$47,15,0)) -> 100000 | E12: =VLOOKUP($A12,[6]HISTONOV25!$A$6:$BB$47,9,0) -> ESPECES | F12: =VLOOKUP($A12,[6]HISTONOV25!$A$6:$BB$47,37,0) -> 207500 | G12: =VLOOKUP($A12,[6]HISTONOV25!$A$6:$BB$47,40,0) -> 3000 | H12: =IF(G12=0,"",VLOOKUP($A12,[6]HISTOFEV25!$A$6:$AV$47,42,0)) -> 0 | I12: =VLOOKUP($A12,[6]HISTONOV25!$A$6:$BB$47,41,0) -> 0 | J12: =+TONTOCT25!F12+TONTOCT25!G12 -> 102500 | K12: =VLOOKUP($A12,[6]HISTONOV25!$A$6:$BB$47,18,0) -> 102500 | L12: =IF(K12<>0,VLOOKUP($A12,[6]HISTONOV25!$A$6:$BB$47,42,0),"ECHEC") -> BANQUE | M12: =IF(P12<>0,VLOOKUP($A12,[6]HISTONOV25!$A$6:$BB$47,32,0),"ECHEC") -> ECHEC | N12: =VLOOKUP($A12,[6]HISTONOV25!$A$6:$BB$47,33,0) -> 0 | O12: =IF(P12=0,0,($C$3-P12)) -> 0 | P12: =VLOOKUP($A12,[6]HISTONOV25!$A$6:$BB$47,31,0) -> 0
A13: AS201619 | B13: =IF(D13=0,0,VLOOKUP($A13,[6]HISTONOV25!$A$6:$BQ$47,14,0)) -> 1 | C13: =VLOOKUP(A13,[7]LISTADHERENT!A$5:H$60,3,0) -> KOUATCHO MESSACK | D13: =IF(E13="ECHEC",0,VLOOKUP($A13,[6]HISTONOV25!$A$6:$BB$47,15,0)) -> 100000 | E13: =VLOOKUP($A13,[6]HISTONOV25!$A$6:$BB$47,9,0) -> BANQUE | F13: =VLOOKUP($A13,[6]HISTONOV25!$A$6:$BB$47,37,0) -> 200000 | G13: =VLOOKUP($A13,[6]HISTONOV25!$A$6:$BB$47,40,0) -> 8000 | H13: =IF(G13=0,"",VLOOKUP($A13,[6]HISTOFEV25!$A$6:$AV$47,42,0)) -> BANQUE | I13: =VLOOKUP($A13,[6]HISTONOV25!$A$6:$BB$47,41,0) -> 0 | J13: =+TONTOCT25!F13+TONTOCT25!G13 -> 0 | K13: =VLOOKUP($A13,[6]HISTONOV25!$A$6:$BB$47,18,0) -> 0 | L13: =IF(K13<>0,VLOOKUP($A13,[6]HISTONOV25!$A$6:$BB$47,42,0),"ECHEC") -> ECHEC | M13: =IF(P13<>0,VLOOKUP($A13,[6]HISTONOV25!$A$6:$BB$47,32,0),"ECHEC") -> ECHEC | N13: =VLOOKUP($A13,[6]HISTONOV25!$A$6:$BB$47,33,0) -> 0 | O13: =IF(P13=0,0,($C$3-P13)) -> 0 | P13: =VLOOKUP($A13,[6]HISTONOV25!$A$6:$BB$47,31,0) -> 0
A14: AS201649 | B14: =IF(D14=0,0,VLOOKUP($A14,[6]HISTONOV25!$A$6:$BQ$47,14,0)) -> 2 | C14: =VLOOKUP(A14,[7]LISTADHERENT!A$5:H$60,3,0) -> MBOGNING TUGMA GUY | D14: =IF(E14="ECHEC",0,VLOOKUP($A14,[6]HISTONOV25!$A$6:$BB$47,15,0)) -> 200000 | E14: =VLOOKUP($A14,[6]HISTONOV25!$A$6:$BB$47,9,0) -> BANQUE | F14: =VLOOKUP($A14,[6]HISTONOV25!$A$6:$BB$47,37,0) -> 144000 | G14: =VLOOKUP($A14,[6]HISTONOV25!$A$6:$BB$47,40,0) -> 2000 | H14: =IF(G14=0,"",VLOOKUP($A14,[6]HISTOFEV25!$A$6:$AV$47,42,0)) -> BANQUE | I14: =VLOOKUP($A14,[6]HISTONOV25!$A$6:$BB$47,41,0) -> 0 | J14: =+TONTOCT25!F14+TONTOCT25!G14 -> 205500 | K14: =VLOOKUP($A14,[6]HISTONOV25!$A$6:$BB$47,18,0) -> 205500 | L14: =IF(K14<>0,VLOOKUP($A14,[6]HISTONOV25!$A$6:$BB$47,42,0),"ECHEC") -> BANQUE | M14: =IF(P14<>0,VLOOKUP($A14,[6]HISTONOV25!$A$6:$BB$47,32,0),"ECHEC") -> ECHEC | N14: =VLOOKUP($A14,[6]HISTONOV25!$A$6:$BB$47,33,0) -> 0 | O14: =IF(P14=0,0,($C$3-P14)) -> 0 | P14: =VLOOKUP($A14,[6]HISTONOV25!$A$6:$BB$47,31,0) -> 0
A15: AS201622 | B15: =IF(D15=0,0,VLOOKUP($A15,[6]HISTONOV25!$A$6:$BQ$47,14,0)) -> 2 | C15: =VLOOKUP(A15,[7]LISTADHERENT!A$5:H$60,3,0) -> NDJOMO ETIENNE | D15: =IF(E15="ECHEC",0,VLOOKUP($A15,[6]HISTONOV25!$A$6:$BB$47,15,0)) -> 200000 | E15: =VLOOKUP($A15,[6]HISTONOV25!$A$6:$BB$47,9,0) -> BANQUE | F15: =VLOOKUP($A15,[6]HISTONOV25!$A$6:$BB$47,37,0) -> 200000 | G15: =VLOOKUP($A15,[6]HISTONOV25!$A$6:$BB$47,40,0) -> 3000 | H15: =IF(G15=0,"",VLOOKUP($A15,[6]HISTOFEV25!$A$6:$AV$47,42,0)) -> BANQUE | I15: =VLOOKUP($A15,[6]HISTONOV25!$A$6:$BB$47,41,0) -> 0 | J15: =+TONTOCT25!F15+TONTOCT25!G15 -> 102500 | K15: =VLOOKUP($A15,[6]HISTONOV25!$A$6:$BB$47,18,0) -> 102500 | L15: =IF(K15<>0,VLOOKUP($A15,[6]HISTONOV25!$A$6:$BB$47,42,0),"ECHEC") -> BANQUE | M15: =IF(P15<>0,VLOOKUP($A15,[6]HISTONOV25!$A$6:$BB$47,32,0),"ECHEC") -> 0 | N15: =VLOOKUP($A15,[6]HISTONOV25!$A$6:$BB$47,33,0) -> 0 | O15: =IF(P15=0,0,($C$3-P15)) -> 1190000 | P15: =VLOOKUP($A15,[6]HISTONOV25!$A$6:$BB$47,31,0) -> 10000
A16: AS201624 | B16: =IF(D16=0,0,VLOOKUP($A16,[6]HISTONOV25!$A$6:$BQ$47,14,0)) -> 1 | C16: =VLOOKUP(A16,[7]LISTADHERENT!A$5:H$60,3,0) -> NGONDIEP CLAUDE | D16: =IF(E16="ECHEC",0,VLOOKUP($A16,[6]HISTONOV25!$A$6:$BB$47,15,0)) -> 100000 | E16: =VLOOKUP($A16,[6]HISTONOV25!$A$6:$BB$47,9,0) -> BANQUE | F16: =VLOOKUP($A16,[6]HISTONOV25!$A$6:$BB$47,37,0) -> 200000 | G16: =VLOOKUP($A16,[6]HISTONOV25!$A$6:$BB$47,40,0) -> 3000 | H16: =IF(G16=0,"",VLOOKUP($A16,[6]HISTOFEV25!$A$6:$AV$47,42,0)) -> 0 | I16: =VLOOKUP($A16,[6]HISTONOV25!$A$6:$BB$47,41,0) -> 0 | J16: =+TONTOCT25!F16+TONTOCT25!G16 -> 0 | K16: =VLOOKUP($A16,[6]HISTONOV25!$A$6:$BB$47,18,0) -> 0 | L16: =IF(K16<>0,VLOOKUP($A16,[6]HISTONOV25!$A$6:$BB$47,42,0),"ECHEC") -> ECHEC | M16: =IF(P16<>0,VLOOKUP($A16,[6]HISTONOV25!$A$6:$BB$47,32,0),"ECHEC") -> ECHEC | N16: =VLOOKUP($A16,[6]HISTONOV25!$A$6:$BB$47,33,0) -> 0 | O16: =IF(P16=0,0,($C$3-P16)) -> 0 | P16: =VLOOKUP($A16,[6]HISTONOV25!$A$6:$BB$47,31,0) -> 0
A17: AS201626 | B17: =IF(D17=0,0,VLOOKUP($A17,[6]HISTONOV25!$A$6:$BQ$47,14,0)) -> 2 | C17: =VLOOKUP(A17,[7]LISTADHERENT!A$5:H$60,3,0) -> NGUIEMEGNI MATHIEU BLAISE | D17: =IF(E17="ECHEC",0,VLOOKUP($A17,[6]HISTONOV25!$A$6:$BB$47,15,0)) -> 200000 | E17: =VLOOKUP($A17,[6]HISTONOV25!$A$6:$BB$47,9,0) -> BANQUE | F17: =VLOOKUP($A17,[6]HISTONOV25!$A$6:$BB$47,37,0) -> 200000 | G17: =VLOOKUP($A17,[6]HISTONOV25!$A$6:$BB$47,40,0) -> 6500 | H17: =IF(G17=0,"",VLOOKUP($A17,[6]HISTOFEV25!$A$6:$AV$47,42,0)) -> BANQUE | I17: =VLOOKUP($A17,[6]HISTONOV25!$A$6:$BB$47,41,0) -> 0 | J17: =+TONTOCT25!F17+TONTOCT25!G17 -> 102500 | K17: =VLOOKUP($A17,[6]HISTONOV25!$A$6:$BB$47,18,0) -> 102500 | L17: =IF(K17<>0,VLOOKUP($A17,[6]HISTONOV25!$A$6:$BB$47,42,0),"ECHEC") -> BANQUE | M17: =IF(P17<>0,VLOOKUP($A17,[6]HISTONOV25!$A$6:$BB$47,32,0),"ECHEC") -> ECHEC | N17: =VLOOKUP($A17,[6]HISTONOV25!$A$6:$BB$47,33,0) -> 0 | O17: =IF(P17=0,0,($C$3-P17)) -> 0 | P17: =VLOOKUP($A17,[6]HISTONOV25!$A$6:$BB$47,31,0) -> 0
... A22: AS201647 | B22: =IF(D22=0,0,VLOOKUP($A22,[6]HISTONOV25!$A$6:$BQ$47,14,0)) -> 1 | C22: =VLOOKUP(A22,[7]LISTADHERENT!A$5:H$60,3,0) -> YOUMBI EMMANUEL | D22: =IF(E22="ECHEC",0,VLOOKUP($A22,[6]HISTONOV25!$A$6:$BB$47,15,0)) -> 100000 | E22: =VLOOKUP($A22,[6]HISTONOV25!$A$6:$BB$47,9,0) -> BANQUE | F22: =VLOOKUP($A22,[6]HISTONOV25!$A$6:$BB$47,37,0) -> 0 | G22: =VLOOKUP($A22,[6]HISTONOV25!$A$6:$BB$47,40,0) -> 0 | H22: =IF(G22=0,"",VLOOKUP($A22,[6]HISTOFEV25!$A$6:$AV$47,42,0)) | I22: =VLOOKUP($A22,[6]HISTONOV25!$A$6:$BB$47,41,0) -> 0 | J22: =+TONTOCT25!F22+TONTOCT25!G22 -> 0 | K22: =VLOOKUP($A22,[6]HISTONOV25!$A$6:$BB$47,18,0) -> 0 | L22: =IF(K22<>0,VLOOKUP($A22,[6]HISTONOV25!$A$6:$BB$47,42,0),"ECHEC") -> ECHEC | M22: =IF(P22<>0,VLOOKUP($A22,[6]HISTONOV25!$A$6:$BB$47,32,0),"ECHEC") -> 0 | N22: =VLOOKUP($A22,[6]HISTONOV25!$A$6:$BB$47,33,0) -> 0 | O22: =IF(P22=0,0,($C$3-P22)) -> 1190000 | P22: =VLOOKUP($A22,[6]HISTONOV25!$A$6:$BB$47,31,0) -> 10000
A24: TOTAL PART | B24: =SUM(B6:B22) -> 23
A25: NBRE ADHERENT | B25: =+COUNT(D6:D22) -> 17 | D25: =SUM(D6:D22)+200000 -> 2500000 | E25: =SUM(E6:E22) -> 0 | F25: =SUM(F6:F22) -> 2517000 | G25: =SUM(G6:G22) -> 52500 | H25: =SUM(H6:H22) -> 0 | I25: =SUM(I6:I22) -> 0 | J25: =SUM(J6:J22) -> 1192000 | K25: =SUM(K6:K22) -> 1192000 | L25: =SUM(L6:L22) -> 0 | ... P25: =SUM(P6:P22) -> 20000
M26: NBRE PART | N26: PART VENDUE
D27: MONTANT TONTINE | E27: REMBOURSEMENT PETIT LOT | F27: VENTE PETIT LOT | G27: VENTE LOT PRINCIPAL | H27: SOLDE EN CAISSE | K27: TONTINE + REMB + INTERET VENTE | L27: =D31+E31+P25+TONTFEV25!N32+2400000 -> 3487000
C28: ESPECES | D28: =SUMIFS(D6:D22,E6:E22,"ESPECES") -> 300000 | E28: =SUMIFS(K6:K22,L6:L22,"ESPECES") -> 0 | F28: =SUMIFS(F6:F22,H6:H22,"ESPECES") -> 0 | G28: =SUMIFS(O6:O22,M6:M22,"ESPECES") -> 0 | H28: =D28+E28-F28-G28 -> 300000 | K28: LOT PRINCIPAL | L28: =C3*COUNTIF(O6:O22,">0") -> 2400000 | M28: =D3 -> 2 | N28: =COUNTIF(O6:O21,">0") -> 1
C29: BANQUE | D29: =SUMIFS(D6:D22,E6:E22,"BANQUE") -> 2000000 | E29: =SUMIFS(K6:K22,L6:L22,"BANQUE") -> 1192000 | F29: =SUMIFS(F6:F22,H6:H22,"BANQUE") -> 1109500 | G29: =SUMIFS(O6:O22,M6:M22,"BANQUE") -> 0 | H29: =D29+E29-F29-G29 -> 2082500
K30: PETIT LOT | L30: =+L27-L28+251000 -> 1338000
C31: TOTAL | D31: =D28+D29+200000 -> 2500000 | E31: =E28+E29 -> 1192000 | F31: =F28+F29 -> 1109500 | G31: =G28+G29 -> 0 | H31: =H28+H29 -> 2382500
K32: RELIQUAT | L32: =L30-F25 -> -1179000 | N32: =L32 -> -1179000 | O32: CUMUL
K34: ECHEC TONTINE MOIS | L34: =COUNTIFS(E6:E29,"ECHEC")*100000 -> 100000 | N34: =L34+TONTFEV25!N34 -> 100000 | O34: CUMUL
K35: ECHEC REMBOURSEMENT MOIS | L35: =J25-E31 -> 0 | N35: =L35+TONTFEV25!N35 -> 0 | O35: CUMUL

Sheet TONTDEC25
A1: ASSOCIATION | B1: ASELBY
A2: ANNEE | B2: 2025 | C2: TONIINE | D2: NBRE PART
A3: TAUX TONTINE | B3: 100000 | C3: =B3*12 -> 1200000 | D3: =ROUNDDOWN(L27/C3,0) -> 3
C4: 46004
A5: MATRICULE | B5: NBREPART | C5: NOM ET PRENOM | D5: MONTANT TONTINE | E5: MODE VERSEMENT | F5: VENTE PETIT LOT | G5: INTERET PETIT LOT | H5: MODE VERSEMENT VENTE PETIT LOT | I5: NUMERO CHEQUE | J5: MONTANT A REMBOURSER PETIT LOT | K5: REMBOURSEMENT PETIT LOT | L5: MODE VERSEMENT REMBOURSEMENT | M5: MODE VERSEMENTLOT PRINCIPAL | N5: NUMERO CHEQUE | O5: MONTANT LOT PRINCIPAL | P5: INTERET LOT PRINCIPAL
A6: AS201648 | B6: =IF(D6=0,0,VLOOKUP($A6,[6]HISTODEC25!$A$6:$BQ$47,14,0)) -> 1 | C6: =VLOOKUP(A6,[7]LISTADHERENT!A$5:H$60,3,0) -> ASELBY | D6: =IF(E6="ECHEC",0,VLOOKUP($A6,[6]HISTODEC25!$A$6:$BB$47,15,0)) -> 100000 | E6: =VLOOKUP($A6,[6]HISTODEC25!$A$6:$BB$47,9,0) -> BANQUE | F6: =VLOOKUP($A6,[6]HISTODEC25!$A$6:$BB$47,37,0) -> 0 | G6: =VLOOKUP($A6,[6]HISTODEC25!$A$6:$BB$47,40,0) -> 0 | H6: =IF(G6=0,"",VLOOKUP($A6,[6]HISTOFEV25!$A$6:$AV$47,42,0)) | I6: =VLOOKUP($A6,[6]HISTODEC25!$A$6:$BB$47,41,0) -> 0 | J6: =+TONTNOV25!F6+TONTNOV25!G6 -> 0 | K6: =VLOOKUP($A6,[6]HISTODEC25!$A$6:$BB$47,18,0) -> 0 | L6: =IF(K6<>0,VLOOKUP($A6,[6]HISTODEC25!$A$6:$BB$47,42,0),"ECHEC") -> ECHEC | M6: =IF(P6<>0,VLOOKUP($A6,[6]HISTODEC25!$A$6:$BB$47,32,0),"ECHEC") -> ECHEC | N6: =VLOOKUP($A6,[6]HISTODEC25!$A$6:$BB$47,33,0) -> 0 | O6: =IF(P6=0,0,($C$3-P6)) -> 0 | P6: =VLOOKUP($A6,[6]HISTODEC25!$A$6:$BB$47,31,0) -> 0
A7: AS201604 | B7: =IF(D7=0,0,VLOOKUP($A7,[6]HISTODEC25!$A$6:$BQ$47,14,0)) -> 2 | C7: =VLOOKUP(A7,[7]LISTADHERENT!A$5:H$60,3,0) -> DJOMO JEAN PAUL | D7: =IF(E7="ECHEC",0,VLOOKUP($A7,[6]HISTODEC25!$A$6:$BB$47,15,0)) -> 200000 | E7: =VLOOKUP($A7,[6]HISTODEC25!$A$6:$BB$47,9,0) -> ESPECES | F7: =VLOOKUP($A7,[6]HISTODEC25!$A$6:$BB$47,37,0) -> 0 | G7: =VLOOKUP($A7,[6]HISTODEC25!$A$6:$BB$47,40,0) -> 0 | H7: =IF(G7=0,"",VLOOKUP($A7,[6]HISTOFEV25!$A$6:$AV$47,42,0)) | I7: =VLOOKUP($A7,[6]HISTODEC25!$A$6:$BB$47,41,0) -> 0 | J7: =+TONTNOV25!F7+TONTNOV25!G7 -> 207000 | K7: =VLOOKUP($A7,[6]HISTODEC25!$A$6:$BB$47,18,0) -> 207000 | L7: ESPECES | M7: =IF(P7<>0,VLOOKUP($A7,[6]HISTODEC25!$A$6:$BB$47,32,0),"ECHEC") -> ECHEC | N7: =VLOOKUP($A7,[6]HISTODEC25!$A$6:$BB$47,33,0) -> 0 | O7: =IF(P7=0,0,($C$3-P7)) -> 0 | P7: =VLOOKUP($A7,[6]HISTODEC25!$A$6:$BB$47,31,0) -> 0
A8: AS201605 | B8: =IF(D8=0,0,VLOOKUP($A8,[6]HISTODEC25!$A$6:$BQ$47,14,0)) -> 1 | C8: =VLOOKUP(A8,[7]LISTADHERENT!A$5:H$60,3,0) -> DJOUKWE NANGUEN GUY BLAISE | D8: =IF(E8="ECHEC",0,VLOOKUP($A8,[6]HISTODEC25!$A$6:$BB$47,15,0)) -> 100000 | E8: =VLOOKUP($A8,[6]HISTODEC25!$A$6:$BB$47,9,0) -> ESPECES | F8: =VLOOKUP($A8,[6]HISTODEC25!$A$6:$BB$47,37,0) -> 0 | G8: =VLOOKUP($A8,[6]HISTODEC25!$A$6:$BB$47,40,0) -> 0 | H8: =IF(G8=0,"",VLOOKUP($A8,[6]HISTOFEV25!$A$6:$AV$47,42,0)) | I8: =VLOOKUP($A8,[6]HISTODEC25!$A$6:$BB$47,41,0) -> 0 | J8: =+TONTNOV25!F8+TONTNOV25!G8 -> 168500 | K8: =VLOOKUP($A8,[6]HISTODEC25!$A$6:$BB$47,18,0) -> 168500 | L8: COMPTE | M8: =IF(P8<>0,VLOOKUP($A8,[6]HISTODEC25!$A$6:$BB$47,32,0),"ECHEC") -> ECHEC | N8: =VLOOKUP($A8,[6]HISTODEC25!$A$6:$BB$47,33,0) -> 0 | O8: =IF(P8=0,0,($C$3-P8)) -> 0 | P8: =VLOOKUP($A8,[6]HISTODEC25!$A$6:$BB$47,31,0) -> 0
A9: AS201608 | B9: =IF(D9=0,0,VLOOKUP($A9,[6]HISTODEC25!$A$6:$BQ$47,14,0)) -> 2 | C9: =VLOOKUP(A9,[7]LISTADHERENT!A$5:H$60,3,0) -> DJUOMBESSY ANTOINE | D9: =IF(E9="ECHEC",0,VLOOKUP($A9,[6]HISTODEC25!$A$6:$BB$47,15,0)) -> 200000 | E9: =VLOOKUP($A9,[6]HISTODEC25!$A$6:$BB$47,9,0) -> BANQUE | F9: =VLOOKUP($A9,[6]HISTODEC25!$A$6:$BB$47,37,0) -> 0 | G9: =VLOOKUP($A9,[6]HISTODEC25!$A$6:$BB$47,40,0) -> 0 | H9: =IF(G9=0,"",VLOOKUP($A9,[6]HISTOFEV25!$A$6:$AV$47,42,0)) | I9: =VLOOKUP($A9,[6]HISTODEC25!$A$6:$BB$47,41,0) -> 0 | J9: =+TONTNOV25!F9+TONTNOV25!G9 -> 101500 | K9: =VLOOKUP($A9,[6]HISTODEC25!$A$6:$BB$47,18,0) -> 101500 | L9: ESPECES | M9: =IF(P9<>0,VLOOKUP($A9,[6]HISTODEC25!$A$6:$BB$47,32,0),"ECHEC") -> ECHEC | N9: =VLOOKUP($A9,[6]HISTODEC25!$A$6:$BB$47,33,0) -> 0 | O9: =IF(P9=0,0,($C$3-P9)) -> 0 | P9: =VLOOKUP($A9,[6]HISTODEC25!$A$6:$BB$47,31,0) -> 0
A10: AS201663 | B10: =IF(D10=0,0,VLOOKUP($A10,[6]HISTODEC25!$A$6:$BQ$47,14,0)) -> 1 | C10: =VLOOKUP(A10,[7]LISTADHERENT!A$5:H$60,3,0) -> FAMPOU PAUL | D10: =IF(E10="ECHEC",0,VLOOKUP($A10,[6]HISTODEC25!$A$6:$BB$47,15,0)) -> 100000 | E10: =VLOOKUP($A10,[6]HISTODEC25!$A$6:$BB$47,9,0) -> BANQUE | F10: =VLOOKUP($A10,[6]HISTODEC25!$A$6:$BB$47,37,0) -> 0 | G10: =VLOOKUP($A10,[6]HISTODEC25!$A$6:$BB$47,40,0) -> 0 | H10: =IF(G10=0,"",VLOOKUP($A10,[6]HISTOFEV25!$A$6:$AV$47,42,0)) | I10: =VLOOKUP($A10,[6]HISTODEC25!$A$6:$BB$47,41,0) -> 0 | J10: =+TONTNOV25!F10+TONTNOV25!G10 -> 203000 | K10: =VLOOKUP($A10,[6]HISTODEC25!$A$6:$BB$47,18,0) -> 203000 | L10: =IF(K10<>0,VLOOKUP($A10,[6]HISTODEC25!$A$6:$BB$47,42,0),"ECHEC") -> BANQUE | M10: =IF(P10<>0,VLOOKUP($A10,[6]HISTODEC25!$A$6:$BB$47,32,0),"ECHEC") -> ECHEC | N10: =VLOOKUP($A10,[6]HISTODEC25!$A$6:$BB$47,33,0) -> 0 | O10: =IF(P10=0,0,($C$3-P10)) -> 0 | P10: =VLOOKUP($A10,[6]HISTODEC25!$A$6:$BB$47,31,0) -> 0
A11: AS201613 | B11: =IF(D11=0,0,VLOOKUP($A11,[6]HISTODEC25!$A$6:$BQ$47,14,0)) -> 1 | C11: =VLOOKUP(A11,[7]LISTADHERENT!A$5:H$60,3,0) -> HOTCHO BENJAMIN | D11: =IF(E11="ECHEC",0,VLOOKUP($A11,[6]HISTODEC25!$A$6:$BB$47,15,0)) -> 100000 | E11: =VLOOKUP($A11,[6]HISTODEC25!$A$6:$BB$47,9,0) -> BANQUE | F11: =VLOOKUP($A11,[6]HISTODEC25!$A$6:$BB$47,37,0) -> 0 | G11: =VLOOKUP($A11,[6]HISTODEC25!$A$6:$BB$47,40,0) -> 0 | H11: =IF(G11=0,"",VLOOKUP($A11,[6]HISTOFEV25!$A$6:$AV$47,42,0)) | I11: =VLOOKUP($A11,[6]HISTODEC25!$A$6:$BB$47,41,0) -> 0 | J11: =+TONTNOV25!F11+TONTNOV25!G11 -> 203000 | K11: =VLOOKUP($A11,[6]HISTODEC25!$A$6:$BB$47,18,0) -> 203000 | L11: ESPECES | M11: =IF(P11<>0,VLOOKUP($A11,[6]HISTODEC25!$A$6:$BB$47,32,0),"ECHEC") -> ECHEC | N11: =VLOOKUP($A11,[6]HISTODEC25!$A$6:$BB$47,33,0) -> 0 | O11: =IF(P11=0,0,($C$3-P11)) -> 0 | P11: =VLOOKUP($A11,[6]HISTODEC25!$A$6:$BB$47,31,0) -> 0
A12: AS201617 | B12: =IF(D12=0,0,VLOOKUP($A12,[6]HISTODEC25!$A$6:$BQ$47,14,0)) -> 1 | C12: =VLOOKUP(A12,[7]LISTADHERENT!A$5:H$60,3,0) -> KOUAMOU MOISE | D12: =IF(E12="ECHEC",0,VLOOKUP($A12,[6]HISTODEC25!$A$6:$BB$47,15,0)) -> 100000 | E12: =VLOOKUP($A12,[6]HISTODEC25!$A$6:$BB$47,9,0) -> BANQUE | F12: =VLOOKUP($A12,[6]HISTODEC25!$A$6:$BB$47,37,0) -> 0 | G12: =VLOOKUP($A12,[6]HISTODEC25!$A$6:$BB$47,40,0) -> 0 | H12: =IF(G12=0,"",VLOOKUP($A12,[6]HISTOFEV25!$A$6:$AV$47,42,0)) | I12: =VLOOKUP($A12,[6]HISTODEC25!$A$6:$BB$47,41,0) -> 0 | J12: =+TONTNOV25!F12+TONTNOV25!G12 -> 210500 | K12: =VLOOKUP($A12,[6]HISTODEC25!$A$6:$BB$47,18,0) -> 210500 | L12: =IF(K12<>0,VLOOKUP($A12,[6]HISTODEC25!$A$6:$BB$47,42,0),"ECHEC") -> BANQUE | M12: =IF(P12<>0,VLOOKUP($A12,[6]HISTODEC25!$A$6:$BB$47,32,0),"ECHEC") -> ECHEC | N12: =VLOOKUP($A12,[6]HISTODEC25!$A$6:$BB$47,33,0) -> 0 | O12: =IF(P12=0,0,($C$3-P12)) -> 0 | P12: =VLOOKUP($A12,[6]HISTODEC25!$A$6:$BB$47,31,0) -> 0
A13: AS201619 | B13: =IF(D13=0,0,VLOOKUP($A13,[6]HISTODEC25!$A$6:$BQ$47,14,0)) -> 1 | C13: =VLOOKUP(A13,[7]LISTADHERENT!A$5:H$60,3,0) -> KOUATCHO MESSACK | D13: =IF(E13="ECHEC",0,VLOOKUP($A13,[6]HISTODEC25!$A$6:$BB$47,15,0)) -> 100000 | E13: =VLOOKUP($A13,[6]HISTODEC25!$A$6:$BB$47,9,0) -> BANQUE | F13: =VLOOKUP($A13,[6]HISTODEC25!$A$6:$BB$47,37,0) -> 0 | G13: =VLOOKUP($A13,[6]HISTODEC25!$A$6:$BB$47,40,0) -> 0 | H13: =IF(G13=0,"",VLOOKUP($A13,[6]HISTOFEV25!$A$6:$AV$47,42,0)) | I13: =VLOOKUP($A13,[6]HISTODEC25!$A$6:$BB$47,41,0) -> 0 | J13: =+TONTNOV25!F13+TONTNOV25!G13 -> 208000 | K13: =VLOOKUP($A13,[6]HISTODEC25!$A$6:$BB$47,18,0) -> 208000 | L13: =IF(K13<>0,VLOOKUP($A13,[6]HISTODEC25!$A$6:$BB$47,42,0),"ECHEC") -> BANQUE | M13: =IF(P13<>0,VLOOKUP($A13,[6]HISTODEC25!$A$6:$BB$47,32,0),"ECHEC") -> ECHEC | N13: =VLOOKUP($A13,[6]HISTODEC25!$A$6:$BB$47,33,0) -> 0 | O13: =IF(P13=0,0,($C$3-P13)) -> 0 | P13: =VLOOKUP($A13,[6]HISTODEC25!$A$6:$BB$47,31,0) -> 0
A14: AS201649 | B14: =IF(D14=0,0,VLOOKUP($A14,[6]HISTODEC25!$A$6:$BQ$47,14,0)) -> 2 | C14: =VLOOKUP(A14,[7]LISTADHERENT!A$5:H$60,3,0) -> MBOGNING TUGMA GUY | D14: =IF(E14="ECHEC",0,VLOOKUP($A14,[6]HISTODEC25!$A$6:$BB$47,15,0)) -> 200000 | E14: =VLOOKUP($A14,[6]HISTODEC25!$A$6:$BB$47,9,0) -> ESPECES | F14: =VLOOKUP($A14,[6]HISTODEC25!$A$6:$BB$47,37,0) -> 0 | G14: =VLOOKUP($A14,[6]HISTODEC25!$A$6:$BB$47,40,0) -> 0 | H14: =IF(G14=0,"",VLOOKUP($A14,[6]HISTOFEV25!$A$6:$AV$47,42,0)) | I14: =VLOOKUP($A14,[6]HISTODEC25!$A$6:$BB$47,41,0) -> 0 | J14: =+TONTNOV25!F14+TONTNOV25!G14 -> 146000 | K14: =VLOOKUP($A14,[6]HISTODEC25!$A$6:$BB$47,18,0) -> 146000 | L14: ESPECES | M14: =IF(P14<>0,VLOOKUP($A14,[6]HISTODEC25!$A$6:$BB$47,32,0),"ECHEC") -> ECHEC | N14: =VLOOKUP($A14,[6]HISTODEC25!$A$6:$BB$47,33,0) -> 0 | O14: =IF(P14=0,0,($C$3-P14)) -> 0 | P14: =VLOOKUP($A14,[6]HISTODEC25!$A$6:$BB$47,31,0) -> 0
A15: AS201622 | B15: =IF(D15=0,0,VLOOKUP($A15,[6]HISTODEC25!$A$6:$BQ$47,14,0)) -> 2 | C15: =VLOOKUP(A15,[7]LISTADHERENT!A$5:H$60,3,0) -> NDJOMO ETIENNE | D15: =IF(E15="ECHEC",0,VLOOKUP($A15,[6]HISTODEC25!$A$6:$BB$47,15,0)) -> 200000 | E15: =VLOOKUP($A15,[6]HISTODEC25!$A$6:$BB$47,9,0) -> BANQUE | F15: =VLOOKUP($A15,[6]HISTODEC25!$A$6:$BB$47,37,0) -> 0 | G15: =VLOOKUP($A15,[6]HISTODEC25!$A$6:$BB$47,40,0) -> 0 | H15: =IF(G15=0,"",VLOOKUP($A15,[6]HISTOFEV25!$A$6:$AV$47,42,0)) | I15: =VLOOKUP($A15,[6]HISTODEC25!$A$6:$BB$47,41,0) -> 0 | J15: =+TONTNOV25!F15+TONTNOV25!G15 -> 203000 | K15: =VLOOKUP($A15,[6]HISTODEC25!$A$6:$BB$47,18,0) -> 203000 | L15: ESPECES | M15: =IF(P15<>0,VLOOKUP($A15,[6]HISTODEC25!$A$6:$BB$47,32,0),"ECHEC") -> ECHEC | N15: =VLOOKUP($A15,[6]HISTODEC25!$A$6:$BB$47,33,0) -> 0 | O15: =IF(P15=0,0,($C$3-P15)) -> 0 | P15: =VLOOKUP($A15,[6]HISTODEC25!$A$6:$BB$47,31,0) -> 0
A16: AS201624 | B16: =IF(D16=0,0,VLOOKUP($A16,[6]HISTODEC25!$A$6:$BQ$47,14,0)) -> 1 | C16: =VLOOKUP(A16,[7]LISTADHERENT!A$5:H$60,3,0) -> NGONDIEP CLAUDE | D16: =IF(E16="ECHEC",0,VLOOKUP($A16,[6]HISTODEC25!$A$6:$BB$47,15,0)) -> 100000 | E16: =VLOOKUP($A16,[6]HISTODEC25!$A$6:$BB$47,9,0) -> BANQUE | F16: =VLOOKUP($A16,[6]HISTODEC25!$A$6:$BB$47,37,0) -> 0 | G16: =VLOOKUP($A16,[6]HISTODEC25!$A$6:$BB$47,40,0) -> 0 | H16: =IF(G16=0,"",VLOOKUP($A16,[6]HISTOFEV25!$A$6:$AV$47,42,0)) | I16: =VLOOKUP($A16,[6]HISTODEC25!$A$6:$BB$47,41,0) -> 0 | J16: =+TONTNOV25!F16+TONTNOV25!G16 -> 203000 | K16: =VLOOKUP($A16,[6]HISTODEC25!$A$6:$BB$47,18,0) -> 203000 | L16: =IF(K16<>0,VLOOKUP($A16,[6]HISTODEC25!$A$6:$BB$47,42,0),"ECHEC") -> BANQUE | M16: =IF(P16<>0,VLOOKUP($A16,[6]HISTODEC25!$A$6:$BB$47,32,0),"ECHEC") -> ECHEC | N16: =VLOOKUP($A16,[6]HISTODEC25!$A$6:$BB$47,33,0) -> 0 | O16: =IF(P16=0,0,($C$3-P16)) -> 0 | P16: =VLOOKUP($A16,[6]HISTODEC25!$A$6:$BB$47,31,0) -> 0
A17: AS201626 | B17: =IF(D17=0,0,VLOOKUP($A17,[6]HISTODEC25!$A$6:$BQ$47,14,0)) -> 2 | C17: =VLOOKUP(A17,[7]LISTADHERENT!A$5:H$60,3,0) -> NGUIEMEGNI MATHIEU BLAISE | D17: =IF(E17="ECHEC",0,VLOOKUP($A17,[6]HISTODEC25!$A$6:$BB$47,15,0)) -> 200000 | E17: =VLOOKUP($A17,[6]HISTODEC25!$A$6:$BB$47,9,0) -> BANQUE | F17: =VLOOKUP($A17,[6]HISTODEC25!$A$6:$BB$47,37,0) -> 0 | G17: =VLOOKUP($A17,[6]HISTODEC25!$A$6:$BB$47,40,0) -> 0 | H17: =IF(G17=0,"",VLOOKUP($A17,[6]HISTOFEV25!$A$6:$AV$47,42,0)) | I17: =VLOOKUP($A17,[6]HISTODEC25!$A$6:$BB$47,41,0) -> 0 | J17: =+TONTNOV25!F17+TONTNOV25!G17 -> 206500 | K17: =VLOOKUP($A17,[6]HISTODEC25!$A$6:$BB$47,18,0) -> 206500 | L17: =IF(K17<>0,VLOOKUP($A17,[6]HISTODEC25!$A$6:$BB$47,42,0),"ECHEC") -> BANQUE | M17: =IF(P17<>0,VLOOKUP($A17,[6]HISTODEC25!$A$6:$BB$47,32,0),"ECHEC") -> ECHEC | N17: =VLOOKUP($A17,[6]HISTODEC25!$A$6:$BB$47,33,0) -> 0 | O17: =IF(P17=0,0,($C$3-P17)) -> 0 | P17: =VLOOKUP($A17,[6]HISTODEC25!$A$6:$BB$47,31,0) -> 0
A18: AS201653 | B18: =IF(D18=0,0,VLOOKUP($A18,[6]HISTODEC25!$A$6:$BQ$47,14,0)) -> 2 | C18: =VLOOKUP(A18,[7]LISTADHERENT!A$5:H$60,3,0) -> SIME BRICE | D18: =IF(E18="ECHEC",0,VLOOKUP($A18,[6]HISTODEC25!$A$6:$BB$47,15,0)) -> 200000 | E18: =VLOOKUP($A18,[6]HISTODEC25!$A$6:$BB$47,9,0) -> BANQUE | F18: =VLOOKUP($A18,[6]HISTODEC25!$A$6:$BB$47,37,0) -> 0 | G18: =VLOOKUP($A18,[6]HISTODEC25!$A$6:$BB$47,40,0) -> 0 | H18: =IF(G18=0,"",VLOOKUP($A18,[6]HISTOFEV25!$A$6:$AV$47,42,0)) | I18: =VLOOKUP($A18,[6]HISTODEC25!$A$6:$BB$47,41,0) -> 0 | J18: =+TONTNOV25!F18+TONTNOV25!G18 -> 203000 | K18: =VLOOKUP($A18,[6]HISTODEC25!$A$6:$BB$47,18,0) -> 203000 | L18: ESPECES | M18: =IF(P18<>0,VLOOKUP($A18,[6]HISTODEC25!$A$6:$BB$47,32,0),"ECHEC") -> ECHEC | N18: =VLOOKUP($A18,[6]HISTODEC25!$A$6:$BB$47,33,0) -> 0 | O18: =IF(P18=0,0,($C$3-P18)) -> 0 | P18: =VLOOKUP($A18,[6]HISTODEC25!$A$6:$BB$47,31,0) -> 0
A19: AS201660 | B19: =IF(D19=0,0,VLOOKUP($A19,[6]HISTODEC25!$A$6:$BQ$47,14,0)) -> 1 | C19: =VLOOKUP(A19,[7]LISTADHERENT!A$5:H$60,3,0) -> TCHOUATEU AUGUSTIN | D19: =IF(E19="ECHEC",0,VLOOKUP($A19,[6]HISTODEC25!$A$6:$BB$47,15,0)) -> 100000 | E19: =VLOOKUP($A19,[6]HISTODEC25!$A$6:$BB$47,9,0) -> BANQUE | F19: =VLOOKUP($A19,[6]HISTODEC25!$A$6:$BB$47,37,0) -> 0 | G19: =VLOOKUP($A19,[6]HISTODEC25!$A$6:$BB$47,40,0) -> 0 | H19: =IF(G19=0,"",VLOOKUP($A19,[6]HISTOFEV25!$A$6:$AV$47,42,0)) | I19: =VLOOKUP($A19,[6]HISTODEC25!$A$6:$BB$47,41,0) -> 0 | J19: =+TONTNOV25!F19+TONTNOV25!G19 -> 103500 | K19: =VLOOKUP($A19,[6]HISTODEC25!$A$6:$BB$47,18,0) -> 103500 | L19: =IF(K19<>0,VLOOKUP($A19,[6]HISTODEC25!$A$6:$BB$47,42,0),"ECHEC") -> BANQUE | M19: =IF(P19<>0,VLOOKUP($A19,[6]HISTODEC25!$A$6:$BB$47,32,0),"ECHEC") -> ECHEC | N19: =VLOOKUP($A19,[6]HISTODEC25!$A$6:$BB$47,33,0) -> 0 | O19: =IF(P19=0,0,($C$3-P19)) -> 0 | P19: =VLOOKUP($A19,[6]HISTODEC25!$A$6:$BB$47,31,0) -> 0
A20: AS201638 | B20: =IF(D20=0,0,VLOOKUP($A20,[6]HISTODEC25!$A$6:$BQ$47,14,0)) -> 0 | C20: =VLOOKUP(A20,[7]LISTADHERENT!A$5:H$60,3,0) -> SIMO PIERRE | D20: =IF(E20="ECHEC",0,VLOOKUP($A20,[6]HISTODEC25!$A$6:$BB$47,15,0)) -> 0 | E20: =VLOOKUP($A20,[6]HISTODEC25!$A$6:$BB$47,9,0) -> ECHEC | F20: =VLOOKUP($A20,[6]HISTODEC25!$A$6:$BB$47,37,0) -> 0 | G20: =VLOOKUP($A20,[6]HISTODEC25!$A$6:$BB$47,40,0) -> 0 | H20: =IF(G20=0,"",VLOOKUP($A20,[6]HISTOFEV25!$A$6:$AV$47,42,0)) | I20: =VLOOKUP($A20,[6]HISTODEC25!$A$6:$BB$47,41,0) -> 0 | J20: =+TONTNOV25!F20+TONTNOV25!G20 -> 0 | K20: =VLOOKUP($A20,[6]HISTODEC25!$A$6:$BB$47,18,0) -> 0 | L20: =IF(K20<>0,VLOOKUP($A20,[6]HISTODEC25!$A$6:$BB$47,42,0),"ECHEC") -> ECHEC | M20: =IF(P20<>0,VLOOKUP($A20,[6]HISTODEC25!$A$6:$BB$47,32,0),"ECHEC") -> ECHEC | N20: =VLOOKUP($A20,[6]HISTODEC25!$A$6:$BB$47,33,0) -> 0 | O20: =IF(P20=0,0,($C$3-P20)) -> 0 | P20: =VLOOKUP($A20,[6]HISTODEC25!$A$6:$BB$47,31,0) -> 0
A21: AS201659 | B21: =IF(D21=0,0,VLOOKUP($A21,[6]HISTODEC25!$A$6:$BQ$47,14,0)) -> 2 | C21: =VLOOKUP(A21,[7]LISTADHERENT!A$5:H$60,3,0) -> YIALA ALAIN OSCAR | D21: =IF(E21="ECHEC",0,VLOOKUP($A21,[6]HISTODEC25!$A$6:$BB$47,15,0)) -> 200000 | E21: =VLOOKUP($A21,[6]HISTODEC25!$A$6:$BB$47,9,0) -> ESPECES | F21: =VLOOKUP($A21,[6]HISTODEC25!$A$6:$BB$47,37,0) -> 0 | G21: =VLOOKUP($A21,[6]HISTODEC25!$A$6:$BB$47,40,0) -> 0 | H21: =IF(G21=0,"",VLOOKUP($A21,[6]HISTOFEV25!$A$6:$AV$47,42,0)) | I21: =VLOOKUP($A21,[6]HISTODEC25!$A$6:$BB$47,41,0) -> 0 | J21: =+TONTNOV25!F21+TONTNOV25!G21 -> 203000 | K21: =VLOOKUP($A21,[6]HISTODEC25!$A$6:$BB$47,18,0) -> 203000 | L21: ESPECES | M21: =IF(P21<>0,VLOOKUP($A21,[6]HISTODEC25!$A$6:$BB$47,32,0),"ECHEC") -> ECHEC | N21: =VLOOKUP($A21,[6]HISTODEC25!$A$6:$BB$47,33,0) -> 0 | O21: =IF(P21=0,0,($C$3-P21)) -> 0 | P21: =VLOOKUP($A21,[6]HISTODEC25!$A$6:$BB$47,31,0) -> 0
A22: AS201647 | B22: =IF(D22=0,0,VLOOKUP($A22,[6]HISTODEC25!$A$6:$BQ$47,14,0)) -> 1 | C22: =VLOOKUP(A22,[7]LISTADHERENT!A$5:H$60,3,0) -> YOUMBI EMMANUEL | D22: =IF(E22="ECHEC",0,VLOOKUP($A22,[6]HISTODEC25!$A$6:$BB$47,15,0)) -> 100000 | E22: =VLOOKUP($A22,[6]HISTODEC25!$A$6:$BB$47,9,0) -> BANQUE | F22: =VLOOKUP($A22,[6]HISTODEC25!$A$6:$BB$47,37,0) -> 0 | G22: =VLOOKUP($A22,[6]HISTODEC25!$A$6:$BB$47,40,0) -> 0 | H22: =IF(G22=0,"",VLOOKUP($A22,[6]HISTOFEV25!$A$6:$AV$47,42,0)) | I22: =VLOOKUP($A22,[6]HISTODEC25!$A$6:$BB$47,41,0) -> 0 | J22: =+TONTNOV25!F22+TONTNOV25!G22 -> 0 | K22: =VLOOKUP($A22,[6]HISTODEC25!$A$6:$BB$47,18,0) -> 0 | L22: =IF(K22<>0,VLOOKUP($A22,[6]HISTODEC25!$A$6:$BB$47,42,0),"ECHEC") -> ECHEC | M22: =IF(P22<>0,VLOOKUP($A22,[6]HISTODEC25!$A$6:$BB$47,32,0),"ECHEC") -> ECHEC | N22: =VLOOKUP($A22,[6]HISTODEC25!$A$6:$BB$47,33,0) -> 0 | O22: =IF(P22=0,0,($C$3-P22)) -> 0 | P22: =VLOOKUP($A22,[6]HISTODEC25!$A$6:$BB$47,31,0) -> 0
A24: TOTAL PART | B24: =SUM(B6:B22) -> 23
A25: NBRE ADHERENT | B25: =+COUNT(D6:D22) -> 17 | D25: =SUM(D6:D22) -> 2300000 | E25: =SUM(E6:E22) -> 0 | F25: =SUM(F6:F22) -> 0 | G25: =SUM(G6:G22) -> 0 | H25: =SUM(H6:H22) -> 0 | I25: =SUM(I6:I22) -> 0 | J25: =SUM(J6:J22) -> 2569500 | K25: =SUM(K6:K22) -> 2569500 | ... P25: =SUM(P6:P22) -> 0
M26: NBRE PART | N26: PART VENDUE
D27: MONTANT TONTINE | E27: REMBOURSEMENT PETIT LOT | F27: VENTE PETIT LOT | G27: VENTE LOT PRINCIPAL | H27: SOLDE EN CAISSE | K27: TONTINE + REMB + INTERET VENTE | L27: =D31+E31+P25+TONTFEV25!N32+2400000 -> 4476000
C28: ESPECES | D28: =SUMIFS(D6:D22,E6:E22,"ESPECES") -> 700000 | E28: =SUMIFS(K6:K22,L6:L22,"ESPECES") -> 1266500 | F28: =SUMIFS(F6:F22,H6:H22,"ESPECES") -> 0 | G28: =SUMIFS(O6:O22,M6:M22,"ESPECES") -> 0 | H28: =D28+E28-F28-G28 -> 1966500 | K28: LOT PRINCIPAL | L28: =C3*COUNTIF(O6:O22,">0") -> 0 | M28: =D3 -> 3 | N28: =COUNTIF(O6:O21,">0") -> 0
C29: BANQUE | D29: =SUMIFS(D6:D22,E6:E22,"BANQUE") -> 1600000 | E29: =SUMIFS(K6:K22,L6:L22,"BANQUE") -> 1134500 | F29: =SUMIFS(F6:F22,H6:H22,"BANQUE") -> 0 | G29: =SUMIFS(O6:O22,M6:M22,"BANQUE") -> 0 | H29: =D29+E29-F29-G29 -> 2734500
K30: PETIT LOT | L30: =+L27-L28+251000 -> 4727000
C31: TOTAL | D31: =D28+D29 -> 2300000 | E31: =E28+E29 -> 2401000 | F31: =F28+F29 -> 0 | G31: =G28+G29 -> 0 | H31: =H28+H29 -> 4701000
K32: RELIQUAT | L32: =L30-F25 -> 4727000 | N32: =L32 -> 4727000 | O32: CUMUL
K34: ECHEC TONTINE MOIS | L34: =COUNTIFS(E6:E29,"ECHEC")*100000 -> 100000 | N34: =L34+TONTFEV25!N34 -> 100000 | O34: CUMUL
K35: ECHEC REMBOURSEMENT MOIS | L35: =J25-E31 -> 168500 | N35: =L35+TONTFEV25!N35 -> 168500 | O35: CUMUL

Sheet TONTRESUME25
A1: ASSOCIATION | B1: ASELBY
A2: ANNEE | B2: 2024 | C2: TONIINE | D2: NBRE PART
A3: TAUX TONTINE | B3: 100000 | C3: =B3*12 -> 1200000 | D3: =ROUNDDOWN(L27/C3,0) -> 0
C4: RECAPITULATIF
A5: MATRICULE | B5: NBREPART | C5: NOM ET PRENOM | D5: MONTANT TONTINE | E5: MODE VERSEMENT | F5: VENTE PETIT LOT | G5: INTERET PETIT LOT | H5: MODE VERSEMENT VENTE PETIT LOT | I5: NUMERO CHEQUE | J5: MONTANT A REMBOURSER PETIT LOT | K5: REMBOURSEMENT PETIT LOT | L5: MODE VERSEMENT REMBOURSEMENT | M5: MODE VERSEMENTLOT PRINCIPAL | N5: NUMERO CHEQUE | O5: MONTANT LOT PRINCIPAL | P5: INTERET LOT PRINCIPAL | Q5: MOIS OBTENTION | R5: MOIS OBTENTION 2 | S5: REPARTITION INTERET | T5: INTERET PERCU PAR ADHERENT
A6: AS201648 | B6: =TONTJANV25!B6+TONTFEV25!B6+TONTMARS25!B6+TONTAVRIL25!B6+TONTMAI25!B6+TONTJUIN25!B6+TONTJUIL25!B6+TONTAOUT25!B6+TONTSEPT25!B6+TONTOCT25!B6+TONTNOV25!B6+TONTDEC25!B6 -> 12 | C6: =VLOOKUP(A6,[7]LISTADHERENT!A$5:H$60,3,0) -> ASELBY | D6: =TONTJANV25!D6+TONTFEV25!D6+TONTMARS25!D6+TONTAVRIL25!D6+TONTMAI25!D6+TONTJUIN25!D6+TONTJUIL25!D6+TONTAOUT25!D6+TONTSEPT25!D6+TONTOCT25!D6+TONTNOV25!D6+TONTDEC25!D6 -> 1200000 | F6: =TONTJANV25!F6+TONTFEV25!F6+TONTMARS25!F6+TONTAVRIL25!F6+TONTMAI25!F6+TONTJUIN25!F6+TONTJUIL25!F6+TONTAOUT25!F6+TONTSEPT25!F6+TONTOCT25!F6+TONTNOV25!F6+TONTDEC25!F6 -> 0 | G6: =TONTJANV25!G6+TONTFEV25!G6+TONTMARS25!G6+TONTAVRIL25!G6+TONTMAI25!G6+TONTJUIN25!G6+TONTJUIL25!G6+TONTAOUT25!G6+TONTSEPT25!G6+TONTOCT25!G6+TONTNOV25!G6+TONTDEC25!G6 -> 0 | I6: =TONTJANV25!I6+TONTFEV25!I6+TONTMARS25!I6+TONTAVRIL25!I6+TONTMAI25!I6+TONTJUIN25!I6+TONTJUIL25!I6+TONTAOUT25!I6+TONTSEPT25!I6+TONTOCT25!I6+TONTNOV25!I6+TONTDEC25!I6 -> 0 | J6: =TONTJANV25!J6+TONTFEV25!J6+TONTMARS25!J6+TONTAVRIL25!J6+TONTMAI25!J6+TONTJUIN25!J6+TONTJUIL25!J6+TONTAOUT25!J6+TONTSEPT25!J6+TONTOCT25!J6+TONTNOV25!J6+TONTDEC25!J6 -> 0 | K6: =TONTJANV25!K6+TONTFEV25!K6+TONTMARS25!K6+TONTAVRIL25!K6+TONTMAI25!K6+TONTJUIN25!K6+TONTJUIL25!K6+TONTAOUT25!K6+TONTSEPT25!K6+TONTOCT25!K6+TONTNOV25!K6+TONTDEC25!K6 -> 0 | N6: =TONTJANV25!N6+TONTFEV25!N6+TONTMARS25!N6+TONTAVRIL25!N6+TONTMAI25!N6+TONTJUIN25!N6+TONTJUIL25!N6+TONTAOUT25!N6+TONTSEPT25!N6+TONTOCT25!N6+TONTNOV25!N6+TONTDEC25!N6 -> 0 | O6: =TONTJANV25!O6+TONTFEV25!O6+TONTMARS25!O6+TONTAVRIL25!O6+TONTMAI25!O6+TONTJUIN25!O6+TONTJUIL25!O6+TONTAOUT25!O6+TONTSEPT25!O6+TONTOCT25!O6+TONTNOV25!O6+TONTDEC25!O6 -> 1190000 | P6: =TONTJANV25!P6+TONTFEV25!P6+TONTMARS25!P6+TONTAVRIL25!P6+TONTMAI25!P6+TONTJUIN25!P6+TONTJUIL25!P6+TONTAOUT25!P6+TONTSEPT25!P6+TONTOCT25!P6+TONTNOV25!P6+TONTDEC25!P6 -> 10000 | Q6: 45825 | S6: =$Q$31*TONTJANV25!B6 -> 51833.333 | T6: 48000
A7: AS201604 | B7: =TONTJANV25!B7+TONTFEV25!B7+TONTMARS25!B7+TONTAVRIL25!B7+TONTMAI25!B7+TONTJUIN25!B7+TONTJUIL25!B7+TONTAOUT25!B7+TONTSEPT25!B7+TONTOCT25!B7+TONTNOV25!B7+TONTDEC25!B7 -> 24 | C7: =VLOOKUP(A7,[7]LISTADHERENT!A$5:H$60,3,0) -> DJOMO JEAN PAUL | D7: =TONTJANV25!D7+TONTFEV25!D7+TONTMARS25!D7+TONTAVRIL25!D7+TONTMAI25!D7+TONTJUIN25!D7+TONTJUIL25!D7+TONTAOUT25!D7+TONTSEPT25!D7+TONTOCT25!D7+TONTNOV25!D7+TONTDEC25!D7 -> 2400000 | F7: =TONTJANV25!F7+TONTFEV25!F7+TONTMARS25!F7+TONTAVRIL25!F7+TONTMAI25!F7+TONTJUIN25!F7+TONTJUIL25!F7+TONTAOUT25!F7+TONTSEPT25!F7+TONTOCT25!F7+TONTNOV25!F7+TONTDEC25!F7 -> 1574500 | G7: =TONTJANV25!G7+TONTFEV25!G7+TONTMARS25!G7+TONTAVRIL25!G7+TONTMAI25!G7+TONTJUIN25!G7+TONTJUIL25!G7+TONTAOUT25!G7+TONTSEPT25!G7+TONTOCT25!G7+TONTNOV25!G7+TONTDEC25!G7 -> 32000 | I7: =TONTJANV25!I7+TONTFEV25!I7+TONTMARS25!I7+TONTAVRIL25!I7+TONTMAI25!I7+TONTJUIN25!I7+TONTJUIL25!I7+TONTAOUT25!I7+TONTSEPT25!I7+TONTOCT25!I7+TONTNOV25!I7+TONTDEC25!I7 -> 0 | J7: =TONTJANV25!J7+TONTFEV25!J7+TONTMARS25!J7+TONTAVRIL25!J7+TONTMAI25!J7+TONTJUIN25!J7+TONTJUIL25!J7+TONTAOUT25!J7+TONTSEPT25!J7+TONTOCT25!J7+TONTNOV25!J7+TONTDEC25!J7 -> 1505500 | K7: =TONTJANV25!K7+TONTFEV25!K7+TONTMARS25!K7+TONTAVRIL25!K7+TONTMAI25!K7+TONTJUIN25!K7+TONTJUIL25!K7+TONTAOUT25!K7+TONTSEPT25!K7+TONTOCT25!K7+TONTNOV25!K7+TONTDEC25!K7 -> 1505500 | N7: =TONTJANV25!N7+TONTFEV25!N7+TONTMARS25!N7+TONTAVRIL25!N7+TONTMAI25!N7+TONTJUIN25!N7+TONTJUIL25!N7+TONTAOUT25!N7+TONTSEPT25!N7+TONTOCT25!N7+TONTNOV25!N7+TONTDEC25!N7 -> 0 | O7: =TONTJANV25!O7+TONTFEV25!O7+TONTMARS25!O7+TONTAVRIL25!O7+TONTMAI25!O7+TONTJUIN25!O7+TONTJUIL25!O7+TONTAOUT25!O7+TONTSEPT25!O7+TONTOCT25!O7+TONTNOV25!O7+TONTDEC25!O7 -> 2310000 | P7: =TONTJANV25!P7+TONTFEV25!P7+TONTMARS25!P7+TONTAVRIL25!P7+TONTMAI25!P7+TONTJUIN25!P7+TONTJUIL25!P7+TONTAOUT25!P7+TONTSEPT25!P7+TONTOCT25!P7+TONTNOV25!P7+TONTDEC25!P7 -> 90000 | Q7: 45711 | R7: 45886 | S7: =$Q$31*TONTJANV25!B7 -> 103666.67 | T7: 96000
A8: AS201605 | B8: =TONTJANV25!B8+TONTFEV25!B8+TONTMARS25!B8+TONTAVRIL25!B8+TONTMAI25!B8+TONTJUIN25!B8+TONTJUIL25!B8+TONTAOUT25!B8+TONTSEPT25!B8+TONTOCT25!B8+TONTNOV25!B8+TONTDEC25!B8 -> 12 | C8: =VLOOKUP(A8,[7]LISTADHERENT!A$5:H$60,3,0) -> DJOUKWE NANGUEN GUY BLAISE | D8: =TONTJANV25!D8+TONTFEV25!D8+TONTMARS25!D8+TONTAVRIL25!D8+TONTMAI25!D8+TONTJUIN25!D8+TONTJUIL25!D8+TONTAOUT25!D8+TONTSEPT25!D8+TONTOCT25!D8+TONTNOV25!D8+TONTDEC25!D8 -> 1200000 | F8: =TONTJANV25!F8+TONTFEV25!F8+TONTMARS25!F8+TONTAVRIL25!F8+TONTMAI25!F8+TONTJUIN25!F8+TONTJUIL25!F8+TONTAOUT25!F8+TONTSEPT25!F8+TONTOCT25!F8+TONTNOV25!F8+TONTDEC25!F8 -> 1025000 | G8: =TONTJANV25!G8+TONTFEV25!G8+TONTMARS25!G8+TONTAVRIL25!G8+TONTMAI25!G8+TONTJUIN25!G8+TONTJUIL25!G8+TONTAOUT25!G8+TONTSEPT25!G8+TONTOCT25!G8+TONTNOV25!G8+TONTDEC25!G8 -> 25500 | I8: =TONTJANV25!I8+TONTFEV25!I8+TONTMARS25!I8+TONTAVRIL25!I8+TONTMAI25!I8+TONTJUIN25!I8+TONTJUIL25!I8+TONTAOUT25!I8+TONTSEPT25!I8+TONTOCT25!I8+TONTNOV25!I8+TONTDEC25!I8 -> 0 | J8: =TONTJANV25!J8+TONTFEV25!J8+TONTMARS25!J8+TONTAVRIL25!J8+TONTMAI25!J8+TONTJUIN25!J8+TONTJUIL25!J8+TONTAOUT25!J8+TONTSEPT25!J8+TONTOCT25!J8+TONTNOV25!J8+TONTDEC25!J8 -> 1157000 | K8: =TONTJANV25!K8+TONTFEV25!K8+TONTMARS25!K8+TONTAVRIL25!K8+TONTMAI25!K8+TONTJUIN25!K8+TONTJUIL25!K8+TONTAOUT25!K8+TONTSEPT25!K8+TONTOCT25!K8+TONTNOV25!K8+TONTDEC25!K8 -> 1157000 | N8: =TONTJANV25!N8+TONTFEV25!N8+TONTMARS25!N8+TONTAVRIL25!N8+TONTMAI25!N8+TONTJUIN25!N8+TONTJUIL25!N8+TONTAOUT25!N8+TONTSEPT25!N8+TONTOCT25!N8+TONTNOV25!N8+TONTDEC25!N8 -> 0 | O8: =TONTJANV25!O8+TONTFEV25!O8+TONTMARS25!O8+TONTAVRIL25!O8+TONTMAI25!O8+TONTJUIN25!O8+TONTJUIL25!O8+TONTAOUT25!O8+TONTSEPT25!O8+TONTOCT25!O8+TONTNOV25!O8+TONTDEC25!O8 -> 1165000 | P8: =TONTJANV25!P8+TONTFEV25!P8+TONTMARS25!P8+TONTAVRIL25!P8+TONTMAI25!P8+TONTJUIN25!P8+TONTJUIL25!P8+TONTAOUT25!P8+TONTSEPT25!P8+TONTOCT25!P8+TONTNOV25!P8+TONTDEC25!P8 -> 35000 | Q8: 45739 | S8: =$Q$31*TONTJANV25!B8 -> 51833.333 | T8: 48000
A9: AS201608 | B9: =TONTJANV25!B9+TONTFEV25!B9+TONTMARS25!B9+TONTAVRIL25!B9+TONTMAI25!B9+TONTJUIN25!B9+TONTJUIL25!B9+TONTAOUT25!B9+TONTSEPT25!B9+TONTOCT25!B9+TONTNOV25!B9+TONTDEC25!B9 -> 24 | C9: =VLOOKUP(A9,[7]LISTADHERENT!A$5:H$60,3,0) -> DJUOMBESSY ANTOINE | D9: =TONTJANV25!D9+TONTFEV25!D9+TONTMARS25!D9+TONTAVRIL25!D9+TONTMAI25!D9+TONTJUIN25!D9+TONTJUIL25!D9+TONTAOUT25!D9+TONTSEPT25!D9+TONTOCT25!D9+TONTNOV25!D9+TONTDEC25!D9 -> 2400000 | F9: =TONTJANV25!F9+TONTFEV25!F9+TONTMARS25!F9+TONTAVRIL25!F9+TONTMAI25!F9+TONTJUIN25!F9+TONTJUIL25!F9+TONTAOUT25!F9+TONTSEPT25!F9+TONTOCT25!F9+TONTNOV25!F9+TONTDEC25!F9 -> 600000 | G9: =TONTJANV25!G9+TONTFEV25!G9+TONTMARS25!G9+TONTAVRIL25!G9+TONTMAI25!G9+TONTJUIN25!G9+TONTJUIL25!G9+TONTAOUT25!G9+TONTSEPT25!G9+TONTOCT25!G9+TONTNOV25!G9+TONTDEC25!G9 -> 12000 | I9: =TONTJANV25!I9+TONTFEV25!I9+TONTMARS25!I9+TONTAVRIL25!I9+TONTMAI25!I9+TONTJUIN25!I9+TONTJUIL25!I9+TONTAOUT25!I9+TONTSEPT25!I9+TONTOCT25!I9+TONTNOV25!I9+TONTDEC25!I9 -> 0 | J9: =TONTJANV25!J9+TONTFEV25!J9+TONTMARS25!J9+TONTAVRIL25!J9+TONTMAI25!J9+TONTJUIN25!J9+TONTJUIL25!J9+TONTAOUT25!J9+TONTSEPT25!J9+TONTOCT25!J9+TONTNOV25!J9+TONTDEC25!J9 -> 815000 | K9: =TONTJANV25!K9+TONTFEV25!K9+TONTMARS25!K9+TONTAVRIL25!K9+TONTMAI25!K9+TONTJUIN25!K9+TONTJUIL25!K9+TONTAOUT25!K9+TONTSEPT25!K9+TONTOCT25!K9+TONTNOV25!K9+TONTDEC25!K9 -> 815000 | N9: =TONTJANV25!N9+TONTFEV25!N9+TONTMARS25!N9+TONTAVRIL25!N9+TONTMAI25!N9+TONTJUIN25!N9+TONTJUIL25!N9+TONTAOUT25!N9+TONTSEPT25!N9+TONTOCT25!N9+TONTNOV25!N9+TONTDEC25!N9 -> 0 | O9: =TONTJANV25!O9+TONTFEV25!O9+TONTMARS25!O9+TONTAVRIL25!O9+TONTMAI25!O9+TONTJUIN25!O9+TONTJUIL25!O9+TONTAOUT25!O9+TONTSEPT25!O9+TONTOCT25!O9+TONTNOV25!O9+TONTDEC25!O9 -> 2355000 | P9: =TONTJANV25!P9+TONTFEV25!P9+TONTMARS25!P9+TONTAVRIL25!P9+TONTMAI25!P9+TONTJUIN25!P9+TONTJUIL25!P9+TONTAOUT25!P9+TONTSEPT25!P9+TONTOCT25!P9+TONTNOV25!P9+TONTDEC25!P9 -> 45000 | Q9: 45739 | R9: 45917 | S9: =$Q$31*TONTJANV25!B9 -> 103666.67 | T9: 96000
A10: AS201663 | B10: =TONTJANV25!B10+TONTFEV25!B10+TONTMARS25!B10+TONTAVRIL25!B10+TONTMAI25!B10+TONTJUIN25!B10+TONTJUIL25!B10+TONTAOUT25!B10+TONTSEPT25!B10+TONTOCT25!B10+TONTNOV25!B10+TONTDEC25!B10 -> 11 | C10: =VLOOKUP(A10,[7]LISTADHERENT!A$5:H$60,3,0) -> FAMPOU PAUL | D10: =TONTJANV25!D10+TONTFEV25!D10+TONTMARS25!D10+TONTAVRIL25!D10+TONTMAI25!D10+TONTJUIN25!D10+TONTJUIL25!D10+TONTAOUT25!D10+TONTSEPT25!D10+TONTOCT25!D10+TONTNOV25!D10+TONTDEC25!D10 -> 1100000 | F10: =TONTJANV25!F10+TONTFEV25!F10+TONTMARS25!F10+TONTAVRIL25!F10+TONTMAI25!F10+TONTJUIN25!F10+TONTJUIL25!F10+TONTAOUT25!F10+TONTSEPT25!F10+TONTOCT25!F10+TONTNOV25!F10+TONTDEC25!F10 -> 300000 | G10: =TONTJANV25!G10+TONTFEV25!G10+TONTMARS25!G10+TONTAVRIL25!G10+TONTMAI25!G10+TONTJUIN25!G10+TONTJUIL25!G10+TONTAOUT25!G10+TONTSEPT25!G10+TONTOCT25!G10+TONTNOV25!G10+TONTDEC25!G10 -> 31000 | I10: =TONTJANV25!I10+TONTFEV25!I10+TONTMARS25!I10+TONTAVRIL25!I10+TONTMAI25!I10+TONTJUIN25!I10+TONTJUIL25!I10+TONTAOUT25!I10+TONTSEPT25!I10+TONTOCT25!I10+TONTNOV25!I10+TONTDEC25!I10 -> 0 | J10: =TONTJANV25!J10+TONTFEV25!J10+TONTMARS25!J10+TONTAVRIL25!J10+TONTMAI25!J10+TONTJUIN25!J10+TONTJUIL25!J10+TONTAOUT25!J10+TONTSEPT25!J10+TONTOCT25!J10+TONTNOV25!J10+TONTDEC25!J10 -> 331000 | K10: =TONTJANV25!K10+TONTFEV25!K10+TONTMARS25!K10+TONTAVRIL25!K10+TONTMAI25!K10+TONTJUIN25!K10+TONTJUIL25!K10+TONTAOUT25!K10+TONTSEPT25!K10+TONTOCT25!K10+TONTNOV25!K10+TONTDEC25!K10 -> 331000 | N10: =TONTJANV25!N10+TONTFEV25!N10+TONTMARS25!N10+TONTAVRIL25!N10+TONTMAI25!N10+TONTJUIN25!N10+TONTJUIL25!N10+TONTAOUT25!N10+TONTSEPT25!N10+TONTOCT25!N10+TONTNOV25!N10+TONTDEC25!N10 -> 0 | O10: =TONTJANV25!O10+TONTFEV25!O10+TONTMARS25!O10+TONTAVRIL25!O10+TONTMAI25!O10+TONTJUIN25!O10+TONTJUIL25!O10+TONTAOUT25!O10+TONTSEPT25!O10+TONTOCT25!O10+TONTNOV25!O10+TONTDEC25!O10 -> 1185000 | P10: =TONTJANV25!P10+TONTFEV25!P10+TONTMARS25!P10+TONTAVRIL25!P10+TONTMAI25!P10+TONTJUIN25!P10+TONTJUIL25!P10+TONTAOUT25!P10+TONTSEPT25!P10+TONTOCT25!P10+TONTNOV25!P10+TONTDEC25!P10 -> 15000 | Q10: 45924 | S10: =$Q$31*1 -> 51833.333 | T10: 48000
A11: AS201613 | B11: =TONTJANV25!B11+TONTFEV25!B11+TONTMARS25!B11+TONTAVRIL25!B11+TONTMAI25!B11+TONTJUIN25!B11+TONTJUIL25!B11+TONTAOUT25!B11+TONTSEPT25!B11+TONTOCT25!B11+TONTNOV25!B11+TONTDEC25!B11 -> 12 | C11: =VLOOKUP(A11,[7]LISTADHERENT!A$5:H$60,3,0) -> HOTCHO BENJAMIN | D11: =TONTJANV25!D11+TONTFEV25!D11+TONTMARS25!D11+TONTAVRIL25!D11+TONTMAI25!D11+TONTJUIN25!D11+TONTJUIL25!D11+TONTAOUT25!D11+TONTSEPT25!D11+TONTOCT25!D11+TONTNOV25!D11+TONTDEC25!D11 -> 1200000 | F11: =TONTJANV25!F11+TONTFEV25!F11+TONTMARS25!F11+TONTAVRIL25!F11+TONTMAI25!F11+TONTJUIN25!F11+TONTJUIL25!F11+TONTAOUT25!F11+TONTSEPT25!F11+TONTOCT25!F11+TONTNOV25!F11+TONTDEC25!F11 -> 532000 | G11: =TONTJANV25!G11+TONTFEV25!G11+TONTMARS25!G11+TONTAVRIL25!G11+TONTMAI25!G11+TONTJUIN25!G11+TONTJUIL25!G11+TONTAOUT25!G11+TONTSEPT25!G11+TONTOCT25!G11+TONTNOV25!G11+TONTDEC25!G11 -> 6000 | I11: =TONTJANV25!I11+TONTFEV25!I11+TONTMARS25!I11+TONTAVRIL25!I11+TONTMAI25!I11+TONTJUIN25!I11+TONTJUIL25!I11+TONTAOUT25!I11+TONTSEPT25!I11+TONTOCT25!I11+TONTNOV25!I11+TONTDEC25!I11 -> 0 | J11: =TONTJANV25!J11+TONTFEV25!J11+TONTMARS25!J11+TONTAVRIL25!J11+TONTMAI25!J11+TONTJUIN25!J11+TONTJUIL25!J11+TONTAOUT25!J11+TONTSEPT25!J11+TONTOCT25!J11+TONTNOV25!J11+TONTDEC25!J11 -> 538000 | K11: =TONTJANV25!K11+TONTFEV25!K11+TONTMARS25!K11+TONTAVRIL25!K11+TONTMAI25!K11+TONTJUIN25!K11+TONTJUIL25!K11+TONTAOUT25!K11+TONTSEPT25!K11+TONTOCT25!K11+TONTNOV25!K11+TONTDEC25!K11 -> 538000 | N11: =TONTJANV25!N11+TONTFEV25!N11+TONTMARS25!N11+TONTAVRIL25!N11+TONTMAI25!N11+TONTJUIN25!N11+TONTJUIL25!N11+TONTAOUT25!N11+TONTSEPT25!N11+TONTOCT25!N11+TONTNOV25!N11+TONTDEC25!N11 -> 0 | O11: =TONTJANV25!O11+TONTFEV25!O11+TONTMARS25!O11+TONTAVRIL25!O11+TONTMAI25!O11+TONTJUIN25!O11+TONTJUIL25!O11+TONTAOUT25!O11+TONTSEPT25!O11+TONTOCT25!O11+TONTNOV25!O11+TONTDEC25!O11 -> 1170000 | P11: =TONTJANV25!P11+TONTFEV25!P11+TONTMARS25!P11+TONTAVRIL25!P11+TONTMAI25!P11+TONTJUIN25!P11+TONTJUIL25!P11+TONTAOUT25!P11+TONTSEPT25!P11+TONTOCT25!P11+TONTNOV25!P11+TONTDEC25!P11 -> 30000 | Q11: 45767 | S11: =$Q$31*TONTJANV25!B11 -> 51833.333 | T11: 48000
