Workbook
Name BANQUE: #REF!
Name BANQUE: #REF!
Name BANQUE: #REF!
Name BANQUE: #REF!
Name BANQUE: #REF!
Name BANQUE: #REF!
Name BANQUE: #REF!
Name BANQUE: #REF!
Name BANQUE: #REF!
Name BANQUE: #REF!
Name BANQUE: #REF!
Name BANQUE: #REF!
Name BANQUE: #REF!
Name BANQUE: #REF!
Name BANQUE: #REF!
Name BANQUE: #REF!
Name BANQUE: #REF!
Name BANQUE: #REF!
Name BANQUE: #REF!
Name BANQUE: #REF!
Name BANQUE: #REF!
Name BANQUE: #REF!
Name BANQUE: #REF!
Name BANQUE: #REF!
Name BANQUE: #REF!
Name BANQUE: #REF!
Name BANQUE: #REF!
Name BANQUE: #REF!
Name BANQUE: #REF!
Name MODEPAID: [1]Feuil2!$A$1:$A$3
Name MODET25000: [2]MODEVERSEMENT!$A$1:$A$3
Name MODEVERSEMENT: #REF!
Name MODEVERSEMENT: #REF!
Name MODEVERSEMENT: #REF!
Name MODEVERSEMENT: #REF!
Name MODEVERSEMENT: #REF!
Name MODEVERSEMENT: #REF!
Name MODEVERSEMENT: #REF!
Name MODEVERSEMENT: #REF!
Name MODEVERSEMENT: #REF!
Name MODEVERSEMENT: #REF!
Name MODEVERSEMENT: #REF!
Name MODEVERSEMENT: #REF!
Name MODEVERSEMENT: #REF!
Name MODEVERSEMENT: #REF!
Name MODEVERSEMENT: #REF!
Name MODEVERSEMENT: #REF!
Name MODEVERSEMENT: #REF!
Name MODEVERSEMENT: #REF!
Name MODEVERSEMENT: #REF!
Name MODEVERSEMENT: #REF!
Name MODEVERSEMENT: #REF!
Name MODEVERSEMENT: #REF!
Name MODEVERSEMENT: #REF!
Name MODEVERSEMENT: #REF!
Name MODEVERSEMENT: #REF!
Name MODEVERSEMENT: #REF!
Name MODEVERSEMENT: #REF!
Name MODEVERSEMENT: #REF!
Name MODEVERSEMENT: #REF!

Sheet MODEVERSEMENT
A2: OK

Sheet COMPTE BANQUE
C1: COMPTE BANQUE | H1: COMPTE CAISSE
A2: ANNEE | C2: 2021 | H2: 2021
A4: MOIS | B4: NUMERO CHEQUE | C4: SORTIE | D4: ENTREE | E4: SOLDE | G4: NUMERO PIECE | H4: ENTREE | I4: SORTIE | J4: SOLDE
A5: REPORT A NOUVEAU | E5: =14283661-6017000 -> 8266661
A6: JANVIER | C6: =#REF! -> #REF! | D6: =#REF! -> #REF! | E6: =IF(D6=0,0,E5+D6-C6) -> #REF!
A7: FÉVRIER | C7: =#REF! -> #REF! | D7: =#REF! -> #REF! | E7: =IF(D7=0,0,E6+D7-C7) -> #REF!
A8: MARS | C8: =#REF! -> #REF! | D8: =#REF! -> #REF! | E8: =IF(D8=0,0,E7+D8-C8) -> #REF!
A9: AVRIL | C9: =#REF! -> #REF! | D9: =#REF! -> #REF! | E9: =IF(D9=0,0,E8+D9-C9) -> #REF!
A10: MAI | C10: =#REF! -> #REF! | D10: =#REF! -> #REF! | E10: =IF(D10=0,0,E9+D10-C10) -> #REF!
A11: JUIN | C11: =#REF! -> #REF! | D11: =#REF! -> #REF! | E11: =IF(D11=0,0,E10+D11-C11) -> #REF!
A12: JUILLET | C12: =#REF! -> #REF! | D12: =#REF! -> #REF! | E12: =IF(D12=0,0,E11+D12-C12) -> #REF!
A13: AOÛT | C13: =#REF! -> #REF! | D13: =#REF! -> #REF! | E13: =IF(D13=0,0,E12+D13-C13) -> #REF!
A14: SEPTEMBRE | C14: =#REF! -> #REF! | D14: =#REF! -> #REF! | E14: =IF(D14=0,0,E13+D14-C14) -> #REF!
A15: OCTOBRE | C15: =#REF! -> #REF! | D15: =#REF! -> #REF! | E15: =IF(D15=0,0,E14+D15-C15) -> #REF!
A16: NOVEMBRE | C16: =#REF! -> #REF! | D16: =#REF! -> #REF! | E16: =IF(D16=0,0,E15+D16-C16) -> #REF!
A17: DÉCEMBRE | C17: =#REF! -> #REF! | D17: =#REF! -> #REF! | E17: =IF(D17=0,0,E16+D17-C17) -> #REF!
A19: TOTAL

Sheet HISTOBQUEJANV25
A1: ASSOCIATION | B1: ASELBY | C1: 45658
A2: ANNEE | B2: 2025
A3: 1 | B3: 2 | C3: 3 | D3: 4 | E3: 5 | F3: 6 | G3: 7
B4: HISTORIQUE BANCAIRE
A5: MATRICULE | B5: NOM ET PRENOM | C5: HISTORIQUE TONTINE | D5: HITORIQUE ESPECES | E5: HITORIQUE BANQUE | F5: AUTRE VERSEMENT | G5: MONTANT ENGAGEMENT | H5: AGIO
A6: AS201648 | B6: =VLOOKUP(A6,[5]LISTADHERENT!$A$4:$J$44,3,0) -> ASELBY | C6: =IF(G6>0,VLOOKUP(A6,[6]HISTOJANV25!$A$6:$BQ$46,25,0),0) -> 250000 | E6: 250000 | G6: =SUM(D6:F6) -> 250000 | H6: =2385+2000+385 -> 4770
A7: AS201601 | B7: =VLOOKUP(A7,[5]LISTADHERENT!$A$4:$J$44,3,0) -> BAKOP ACHILLE | C7: =IF(G7>0,VLOOKUP(A7,[6]HISTOJANV25!$A$6:$BQ$46,25,0),0) -> 50000 | D7: 50000 | G7: =D7+E7+F7 -> 50000
A8: AS201602 | B8: =VLOOKUP(A8,[5]LISTADHERENT!$A$4:$J$44,3,0) -> BOUTCHOUANG WILLIAM | C8: =IF(G8>0,VLOOKUP(A8,[6]HISTOJANV25!$A$6:$BQ$46,25,0),0) -> 125000 | E8: 125000 | G8: =D8+E8+F8 -> 125000
A9: AS201604 | B9: =VLOOKUP(A9,[5]LISTADHERENT!$A$4:$J$44,3,0) -> DJOMO JEAN PAUL | C9: =IF(G9>0,VLOOKUP(A9,[6]HISTOJANV25!$A$6:$BQ$46,25,0),0) -> 250000 | E9: 250000 | G9: =D9+E9+F9 -> 250000
A10: AS201654 | B10: =VLOOKUP(A10,[5]LISTADHERENT!$A$4:$J$44,3,0) -> DJOMOU TCHAPDA | C10: =IF(G10>0,VLOOKUP(A10,[6]HISTOJANV25!$A$6:$BQ$46,25,0),0) -> 50000 | D10: 50000 | G10: =D10+E10+F10 -> 50000
A11: AS201605 | B11: =VLOOKUP(A11,[5]LISTADHERENT!$A$4:$J$44,3,0) -> DJOUKWE NANGUEN GUY BLAISE | C11: =IF(G11>0,VLOOKUP(A11,[6]HISTOJANV25!$A$6:$BQ$46,25,0),0) -> 150000 | E11: 150000 | G11: =D11+E11+F11 -> 150000
A12: AS201608 | B12: =VLOOKUP(A12,[5]LISTADHERENT!$A$4:$J$44,3,0) -> DJUOMBESSY ANTOINE | C12: =IF(G12>0,VLOOKUP(A12,[6]HISTOJANV25!$A$6:$BQ$46,25,0),0) -> 250000 | E12: 260000 | G12: =D12+E12+F12 -> 260000
A13: AS201651 | B13: =VLOOKUP(A13,[5]LISTADHERENT!$A$4:$J$44,3,0) -> DOMOU FABIEN | C13: =IF(G13>0,VLOOKUP(A13,[6]HISTOJANV25!$A$6:$BQ$46,25,0),0) -> 50000 | E13: 50000 | G13: =D13+E13+F13 -> 50000
A14: AS201609 | B14: =VLOOKUP(A14,[5]LISTADHERENT!$A$4:$J$44,3,0) -> DONHOU DAVID | C14: =IF(G14>0,VLOOKUP(A14,[6]HISTOJANV25!$A$6:$BQ$46,25,0),0) -> 50000 | E14: 50000 | G14: =D14+E14+F14 -> 50000
A15: AS201663 | B15: =VLOOKUP(A15,[5]LISTADHERENT!$A$4:$J$44,3,0) -> FAMPOU PAUL | C15: =IF(G15>0,VLOOKUP(A15,[6]HISTOJANV25!$A$6:$BQ$46,25,0),0) -> 0 | G15: =D15+E15+F15 -> 0
A16: AS201611 | B16: =VLOOKUP(A16,[5]LISTADHERENT!$A$4:$J$44,3,0) -> HENGUE PAUL OMER | C16: =IF(G16>0,VLOOKUP(A16,[6]HISTOJANV25!$A$6:$BQ$46,25,0),0) -> 125000 | E16: 125000 | G16: =D16+E16+F16 -> 125000
A17: AS201613 | B17: =VLOOKUP(A17,[5]LISTADHERENT!$A$4:$J$44,3,0) -> HOTCHO BENJAMIN | C17: =IF(G17>0,VLOOKUP(A17,[6]HISTOJANV25!$A$6:$BQ$46,25,0),0) -> 225000 | D17: 25000 | E17: 250000 | G17: =D17+E17+F17 -> 275000
A18: AS201617 | B18: =VLOOKUP(A18,[5]LISTADHERENT!$A$4:$J$44,3,0) -> KOUAMOU MOISE | C18: =IF(G18>0,VLOOKUP(A18,[6]HISTOJANV25!$A$6:$BQ$46,25,0),0) -> 150000 | E18: 150000 | F18: 346500 | G18: =D18+E18+F18 -> 496500
A19: AS201619 | B19: =VLOOKUP(A19,[5]LISTADHERENT!$A$4:$J$44,3,0) -> KOUATCHO MESSACK | C19: =IF(G19>0,VLOOKUP(A19,[6]HISTOJANV25!$A$6:$BQ$46,25,0),0)-75000 -> 150000 | E19: 160000 | G19: =D19+E19+F19 -> 160000
A20: AS201620 | B20: =VLOOKUP(A20,[5]LISTADHERENT!$A$4:$J$44,3,0) -> LOWE JEAN
A21: AS201661 | B21: =VLOOKUP(A21,[5]LISTADHERENT!$A$4:$J$44,3,0) -> MASSEUNGOUE DAGOBERT | C21: =IF(G21>0,VLOOKUP(A21,[6]HISTOJANV25!$A$6:$BQ$46,25,0),0) -> 50000 | E21: 650000 | G21: =D21+E21+F21 -> 650000
A22: AS201649 | B22: =VLOOKUP(A22,[5]LISTADHERENT!$A$4:$J$44,3,0) -> MBOGNING TUGMA GUY | C22: =IF(G22>0,VLOOKUP(A22,[6]HISTOJANV25!$A$6:$BQ$46,25,0),0) -> 325000 | E22: 325000 | G22: =D22+E22+F22 -> 325000
A23: AS201639 | B23: =VLOOKUP(A23,[5]LISTADHERENT!$A$4:$J$44,3,0) -> NANGUEN MARTIN | C23: =IF(G23>0,VLOOKUP(A23,[6]HISTOJANV25!$A$6:$BQ$46,25,0),0) -> 50000 | E23: 50000 | G23: =D23+E23+F23 -> 50000
A24: AS201621 | B24: =VLOOKUP(A24,[5]LISTADHERENT!$A$4:$J$44,3,0) -> NANKAM APPOLINAIRE | C24: =IF(G24>0,VLOOKUP(A24,[6]HISTOJANV25!$A$6:$BQ$46,25,0),0) -> 125000 | E24: 125000 | G24: =D24+E24+F24 -> 125000
A25: AS201622 | B25: =VLOOKUP(A25,[5]LISTADHERENT!$A$4:$J$44,3,0) -> NDJOMO ETIENNE | C25: =IF(G25>0,VLOOKUP(A25,[6]HISTOJANV25!$A$6:$BQ$46,25,0),0) -> 250000 | E25: 260000 | G25: =D25+E25+F25 -> 260000
A26: AS201624 | B26: =VLOOKUP(A26,[5]LISTADHERENT!$A$4:$J$44,3,0) -> NGONDIEP CLAUDE | C26: =IF(G26>0,VLOOKUP(A26,[6]HISTOJANV25!$A$6:$BQ$46,25,0),0) -> 225000 | E26: 240000 | G26: =D26+E26+F26 -> 240000
A27: AS201626 | B27: =VLOOKUP(A27,[5]LISTADHERENT!$A$4:$J$44,3,0) -> NGUIEMEGNI MATHIEU BLAISE | C27: =IF(G27>0,VLOOKUP(A27,[6]HISTOJANV25!$A$6:$BQ$46,25,0),0) -> 250000 | D27: 25000 | E27: 225000 | G27: =D27+E27+F27 -> 250000
A28: AS201628 | B28: =VLOOKUP(A28,[5]LISTADHERENT!$A$4:$J$44,3,0) -> NKAMGANG JUSTIN DEJOLIE | C28: =IF(G28>0,VLOOKUP(A28,[6]HISTOJANV25!$A$6:$BQ$46,25,0),0) -> 50000 | E28: 50000 | G28: =D28+E28+F28 -> 50000
A29: AS201656 | B29: =VLOOKUP(A29,[5]LISTADHERENT!$A$4:$J$44,3,0) -> NOUBE ETIENNE | C29: =IF(G29>0,VLOOKUP(A29,[6]HISTOJANV25!$A$6:$BQ$46,25,0),0) -> 50000 | E29: 50000 | G29: =D29+E29+F29 -> 50000
A30: AS201633 | B30: =VLOOKUP(A30,[5]LISTADHERENT!$A$4:$J$44,3,0) -> PATEGO NJOSSU GUSTAVE | C30: =IF(G30>0,VLOOKUP(A30,[6]HISTOJANV25!$A$6:$BQ$46,25,0),0) -> 125000 | E30: 125000 | G30: =D30+E30+F30 -> 125000
A31: AS201657 | B31: =VLOOKUP(A31,[5]LISTADHERENT!$A$4:$J$44,3,0) -> SEUMO POLYCARPE | C31: =IF(G31>0,VLOOKUP(A31,[6]HISTOJANV25!$A$6:$BQ$46,25,0),0) -> 50000 | E31: 50000 | G31: =D31+E31+F31 -> 50000
A32: AS201653 | B32: =VLOOKUP(A32,[5]LISTADHERENT!$A$4:$J$44,3,0) -> SIME BRICE | C32: =IF(G32>0,VLOOKUP(A32,[6]HISTOJANV25!$A$6:$BQ$46,25,0),0) -> 250000 | E32: 250000 | G32: =D32+E32+F32 -> 250000
A33: AS201629 | B33: =VLOOKUP(A33,[5]LISTADHERENT!$A$4:$J$44,3,0) -> SIMO FONGANG ERIC | C33: =IF(G33>0,VLOOKUP(A33,[6]HISTOJANV25!$A$6:$BQ$46,25,0),0) -> 50000 | E33: 50000 | G33: =D33+E33+F33 -> 50000
A34: AS201638 | B34: =VLOOKUP(A34,[5]LISTADHERENT!$A$4:$J$44,3,0) -> SIMO PIERRE | C34: =IF(G34>0,VLOOKUP(A34,[6]HISTOJANV25!$A$6:$BQ$46,25,0),0) -> 150000 | E34: =100000+50000 -> 150000 | G34: =D34+E34+F34 -> 150000
A35: AS201641 | B35: =VLOOKUP(A35,[5]LISTADHERENT!$A$4:$J$44,3,0) -> TCHOUAMOU MATHIEU | C35: =IF(G35>0,VLOOKUP(A35,[6]HISTOJANV25!$A$6:$BQ$46,25,0),0) -> 125000 | E35: 125000 | G35: =D35+E35+F35 -> 125000
A36: AS201660 | B36: =VLOOKUP(A36,[5]LISTADHERENT!$A$4:$J$44,3,0) -> TCHOUATEU AUGUSTIN | C36: =IF(G36>0,VLOOKUP(A36,[6]HISTOJANV25!$A$6:$BQ$46,25,0),0) -> 150000 | E36: 150000 | G36: =D36+E36+F36 -> 150000
A37: AS201643 | B37: =VLOOKUP(A37,[5]LISTADHERENT!$A$4:$J$44,3,0) -> TCHOUTOU NANA CLAUDE | C37: =IF(G37>0,VLOOKUP(A37,[6]HISTOJANV25!$A$6:$BQ$46,25,0),0) -> 50000 | E37: 50000 | G37: =D37+E37+F37 -> 50000
A38: AS201662 | B38: =VLOOKUP(A38,[5]LISTADHERENT!$A$4:$J$44,3,0) -> TIEYAM ERNEST | C38: =IF(G38>0,VLOOKUP(A38,[6]HISTOJANV25!$A$6:$BQ$46,25,0),0) -> 50000 | D38: 50000 | G38: =D38+E38+F38 -> 50000
A39: AS201658 | B39: =VLOOKUP(A39,[5]LISTADHERENT!$A$4:$J$44,3,0) -> YANTCHOU GERVAIS | C39: =IF(G39>0,VLOOKUP(A39,[6]HISTOJANV25!$A$6:$BQ$46,25,0),0) -> 125000 | D39: 25000 | E39: 100000 | G39: =D39+E39+F39 -> 125000
A40: AS201646 | B40: =VLOOKUP(A40,[5]LISTADHERENT!$A$4:$J$44,3,0) -> YEPMOU JEAN JACQUES | C40: =IF(G40>0,VLOOKUP(A40,[6]HISTOJANV25!$A$6:$BQ$46,25,0),0) -> 50000 | D40: 50000 | G40: =D40+E40+F40 -> 50000
A41: AS201659 | B41: =VLOOKUP(A41,[5]LISTADHERENT!$A$4:$J$44,3,0) -> YIALA ALAIN OSCAR | C41: =IF(G41>0,VLOOKUP(A41,[6]HISTOJANV25!$A$6:$BQ$46,25,0),0) -> 250000 | E41: 250000 | G41: =D41+E41+F41 -> 250000
A42: AS201647 | B42: =VLOOKUP(A42,[5]LISTADHERENT!$A$4:$J$44,3,0) -> YOUMBI EMMANUEL | C42: =IF(G42>0,VLOOKUP(A42,[6]HISTOJANV25!$A$6:$BQ$46,25,0),0) -> 225000 | E42: 225000 | G42: =D42+E42+F42 -> 225000
B44: TOTAUX | C44: =SUM(C6:C42) -> 4900000 | D44: =SUM(D6:D42) -> 275000 | E44: =SUM(E6:E42) -> 5320000 | F44: =SUM(F6:F42) -> 346500 | G44: =SUM(G6:G42) -> 5941500 | H44: =SUM(H6:H42) -> 4770

Sheet HISTOBQUEFEV25
A1: ASSOCIATION | B1: ASELBY | C1: 45689
A2: ANNEE | B2: 2025
A3: 1 | B3: 2 | C3: 3 | D3: 4 | E3: 5 | F3: 6 | G3: 7
B4: HISTORIQUE BANCAIRE
A5: MATRICULE | B5: NOM ET PRENOM | C5: HISTORIQUE TONTINE | D5: HITORIQUE ESPECES | E5: HITORIQUE BANQUE | F5: AUTRE VERSEMENT | G5: MONTANT ENGAGEMENT | H5: AGIO
A6: AS201648 | B6: =VLOOKUP(A6,[5]LISTADHERENT!$A$4:$J$44,3,0) -> ASELBY | C6: =IF(G6>0,VLOOKUP(A6,[6]HISTOJANV25!$A$6:$BQ$46,25,0),0) -> 250000 | E6: 250000 | G6: =SUM(D6:F6) -> 250000 | H6: 1191
A7: AS201601 | B7: =VLOOKUP(A7,[5]LISTADHERENT!$A$4:$J$44,3,0) -> BAKOP ACHILLE | C7: =IF(G7>0,VLOOKUP(A7,[6]HISTOJANV25!$A$6:$BQ$46,25,0),0) -> 50000 | D7: 50000 | G7: =D7+E7+F7 -> 50000
A8: AS201602 | B8: =VLOOKUP(A8,[5]LISTADHERENT!$A$4:$J$44,3,0) -> BOUTCHOUANG WILLIAM | C8: =IF(G8>0,VLOOKUP(A8,[6]HISTOJANV25!$A$6:$BQ$46,25,0),0) -> 125000 | E8: 125000 | G8: =D8+E8+F8 -> 125000
A9: AS201604 | B9: =VLOOKUP(A9,[5]LISTADHERENT!$A$4:$J$44,3,0) -> DJOMO JEAN PAUL | C9: =IF(G9>0,VLOOKUP(A9,[6]HISTOJANV25!$A$6:$BQ$46,25,0),0) -> 250000 | E9: =100000+150000 -> 250000 | G9: =D9+E9+F9 -> 250000
A10: AS201654 | B10: =VLOOKUP(A10,[5]LISTADHERENT!$A$4:$J$44,3,0) -> DJOMOU TCHAPDA | C10: =IF(G10>0,VLOOKUP(A10,[6]HISTOJANV25!$A$6:$BQ$46,25,0),0) -> 50000 | E10: 50000 | G10: =D10+E10+F10 -> 50000
A11: AS201605 | B11: =VLOOKUP(A11,[5]LISTADHERENT!$A$4:$J$44,3,0) -> DJOUKWE NANGUEN GUY BLAISE | C11: =IF(G11>0,VLOOKUP(A11,[6]HISTOJANV25!$A$6:$BQ$46,25,0),0) -> 150000 | E11: =226000-76000+375 -> 150375 | G11: =D11+E11+F11 -> 150375
A12: AS201608 | B12: =VLOOKUP(A12,[5]LISTADHERENT!$A$4:$J$44,3,0) -> DJUOMBESSY ANTOINE | C12: =IF(G12>0,VLOOKUP(A12,[6]HISTOJANV25!$A$6:$BQ$46,25,0),0) -> 250000 | E12: =600000+310000 -> 910000 | G12: =D12+E12+F12 -> 910000
A13: AS201651 | B13: =VLOOKUP(A13,[5]LISTADHERENT!$A$4:$J$44,3,0) -> DOMOU FABIEN | C13: =IF(G13>0,VLOOKUP(A13,[6]HISTOJANV25!$A$6:$BQ$46,25,0),0) -> 50000 | E13: 50000 | G13: =D13+E13+F13 -> 50000
A14: AS201609 | B14: =VLOOKUP(A14,[5]LISTADHERENT!$A$4:$J$44,3,0) -> DONHOU DAVID | C14: =IF(G14>0,VLOOKUP(A14,[6]HISTOJANV25!$A$6:$BQ$46,25,0),0) -> 50000 | E14: 50000 | G14: =D14+E14+F14 -> 50000
A15: AS201663 | B15: =VLOOKUP(A15,[5]LISTADHERENT!$A$4:$J$44,3,0) -> FAMPOU PAUL | C15: =IF(G15>0,VLOOKUP(A15,[6]HISTOJANV25!$A$6:$BQ$46,25,0),0) -> 0 | D15: 125000 | G15: =D15+E15+F15 -> 125000
A16: AS201611 | B16: =VLOOKUP(A16,[5]LISTADHERENT!$A$4:$J$44,3,0) -> HENGUE PAUL OMER | C16: =IF(G16>0,VLOOKUP(A16,[6]HISTOJANV25!$A$6:$BQ$46,25,0),0) -> 125000 | E16: 125000 | G16: =D16+E16+F16 -> 125000
A17: AS201613 | B17: =VLOOKUP(A17,[5]LISTADHERENT!$A$4:$J$44,3,0) -> HOTCHO BENJAMIN | C17: =IF(G17>0,VLOOKUP(A17,[6]HISTOJANV25!$A$6:$BQ$46,25,0),0) -> 225000 | E17: 260000 | G17: =D17+E17+F17 -> 260000
A18: AS201617 | B18: =VLOOKUP(A18,[5]LISTADHERENT!$A$4:$J$44,3,0) -> KOUAMOU MOISE | C18: =IF(G18>0,VLOOKUP(A18,[6]HISTOJANV25!$A$6:$BQ$46,25,0),0) -> 150000 | E18: 150000 | G18: =D18+E18+F18 -> 150000
A19: AS201619 | B19: =VLOOKUP(A19,[5]LISTADHERENT!$A$4:$J$44,3,0) -> KOUATCHO MESSACK | C19: =IF(G19>0,VLOOKUP(A19,[6]HISTOJANV25!$A$6:$BQ$46,25,0),0) -> 225000 | E19: =235000+75000 -> 310000 | G19: =D19+E19+F19 -> 310000
A20: AS201620 | B20: =VLOOKUP(A20,[5]LISTADHERENT!$A$4:$J$44,3,0) -> LOWE JEAN
A21: AS201661 | B21: =VLOOKUP(A21,[5]LISTADHERENT!$A$4:$J$44,3,0) -> MASSEUNGOUE DAGOBERT | C21: =IF(G21>0,VLOOKUP(A21,[6]HISTOJANV25!$A$6:$BQ$46,25,0),0) -> 50000 | E21: 50000 | G21: =D21+E21+F21 -> 50000
A22: AS201649 | B22: =VLOOKUP(A22,[5]LISTADHERENT!$A$4:$J$44,3,0) -> MBOGNING TUGMA GUY | C22: =IF(G22>0,VLOOKUP(A22,[6]HISTOJANV25!$A$6:$BQ$46,25,0),0) -> 325000 | E22: 325000 | G22: =D22+E22+F22 -> 325000
A23: AS201639 | B23: =VLOOKUP(A23,[5]LISTADHERENT!$A$4:$J$44,3,0) -> NANGUEN MARTIN | C23: =IF(G23>0,VLOOKUP(A23,[6]HISTOJANV25!$A$6:$BQ$46,25,0),0) -> 50000 | E23: 50000 | G23: =D23+E23+F23 -> 50000
A24: AS201621 | B24: =VLOOKUP(A24,[5]LISTADHERENT!$A$4:$J$44,3,0) -> NANKAM APPOLINAIRE | C24: =IF(G24>0,VLOOKUP(A24,[6]HISTOJANV25!$A$6:$BQ$46,25,0),0) -> 125000 | E24: 125000 | F24: 892500 | G24: =D24+E24+F24 -> 1017500
A25: AS201622 | B25: =VLOOKUP(A25,[5]LISTADHERENT!$A$4:$J$44,3,0) -> NDJOMO ETIENNE | C25: =IF(G25>0,VLOOKUP(A25,[6]HISTOJANV25!$A$6:$BQ$46,25,0),0) -> 250000 | E25: 260000 | G25: =D25+E25+F25 -> 260000
A26: AS201624 | B26: =VLOOKUP(A26,[5]LISTADHERENT!$A$4:$J$44,3,0) -> NGONDIEP CLAUDE | C26: =IF(G26>0,VLOOKUP(A26,[6]HISTOJANV25!$A$6:$BQ$46,25,0),0) -> 225000 | E26: 240000 | G26: =D26+E26+F26 -> 240000
A27: AS201626 | B27: =VLOOKUP(A27,[5]LISTADHERENT!$A$4:$J$44,3,0) -> NGUIEMEGNI MATHIEU BLAISE | C27: =IF(G27>0,VLOOKUP(A27,[6]HISTOJANV25!$A$6:$BQ$46,25,0),0) -> 250000 | D27: 25000 | E27: 225000 | G27: =D27+E27+F27 -> 250000
A28: AS201628 | B28: =VLOOKUP(A28,[5]LISTADHERENT!$A$4:$J$44,3,0) -> NKAMGANG JUSTIN DEJOLIE | C28: =IF(G28>0,VLOOKUP(A28,[6]HISTOJANV25!$A$6:$BQ$46,25,0),0) -> 50000 | E28: 100000 | G28: =D28+E28+F28 -> 100000
A29: AS201656 | B29: =VLOOKUP(A29,[5]LISTADHERENT!$A$4:$J$44,3,0) -> NOUBE ETIENNE | C29: =IF(G29>0,VLOOKUP(A29,[6]HISTOJANV25!$A$6:$BQ$46,25,0),0) -> 50000 | E29: 50000 | G29: =D29+E29+F29 -> 50000
A30: AS201633 | B30: =VLOOKUP(A30,[5]LISTADHERENT!$A$4:$J$44,3,0) -> PATEGO NJOSSU GUSTAVE | C30: =IF(G30>0,VLOOKUP(A30,[6]HISTOJANV25!$A$6:$BQ$46,25,0),0) -> 125000 | E30: 125000 | G30: =D30+E30+F30 -> 125000
A31: AS201657 | B31: =VLOOKUP(A31,[5]LISTADHERENT!$A$4:$J$44,3,0) -> SEUMO POLYCARPE | C31: =IF(G31>0,VLOOKUP(A31,[6]HISTOJANV25!$A$6:$BQ$46,25,0),0) -> 50000 | E31: 50000 | G31: =D31+E31+F31 -> 50000
A32: AS201653 | B32: =VLOOKUP(A32,[5]LISTADHERENT!$A$4:$J$44,3,0) -> SIME BRICE | C32: =IF(G32>0,VLOOKUP(A32,[6]HISTOJANV25!$A$6:$BQ$46,25,0),0) -> 250000 | E32: 250000 | G32: =D32+E32+F32 -> 250000
A33: AS201629 | B33: =VLOOKUP(A33,[5]LISTADHERENT!$A$4:$J$44,3,0) -> SIMO FONGANG ERIC | C33: =IF(G33>0,VLOOKUP(A33,[6]HISTOJANV25!$A$6:$BQ$46,25,0),0) -> 50000 | E33: 50000 | G33: =D33+E33+F33 -> 50000
A34: AS201638 | B34: =VLOOKUP(A34,[5]LISTADHERENT!$A$4:$J$44,3,0) -> SIMO PIERRE | C34: =IF(G34>0,VLOOKUP(A34,[6]HISTOJANV25!$A$6:$BQ$46,25,0),0) -> 150000 | E34: =100000+50000 -> 150000 | G34: =D34+E34+F34 -> 150000
A35: AS201641 | B35: =VLOOKUP(A35,[5]LISTADHERENT!$A$4:$J$44,3,0) -> TCHOUAMOU MATHIEU | C35: =IF(G35>0,VLOOKUP(A35,[6]HISTOJANV25!$A$6:$BQ$46,25,0),0) -> 125000 | E35: 125000 | G35: =D35+E35+F35 -> 125000
A36: AS201660 | B36: =VLOOKUP(A36,[5]LISTADHERENT!$A$4:$J$44,3,0) -> TCHOUATEU AUGUSTIN | C36: =IF(G36>0,VLOOKUP(A36,[6]HISTOJANV25!$A$6:$BQ$46,25,0),0) -> 150000 | E36: 150000 | G36: =D36+E36+F36 -> 150000
A37: AS201643 | B37: =VLOOKUP(A37,[5]LISTADHERENT!$A$4:$J$44,3,0) -> TCHOUTOU NANA CLAUDE | C37: =IF(G37>0,VLOOKUP(A37,[6]HISTOJANV25!$A$6:$BQ$46,25,0),0) -> 50000 | E37: 50000 | G37: =D37+E37+F37 -> 50000
A38: AS201662 | B38: =VLOOKUP(A38,[5]LISTADHERENT!$A$4:$J$44,3,0) -> TIEYAM ERNEST | C38: =IF(G38>0,VLOOKUP(A38,[6]HISTOJANV25!$A$6:$BQ$46,25,0),0) -> 50000 | D38: 50000 | G38: =D38+E38+F38 -> 50000
A39: AS201658 | B39: =VLOOKUP(A39,[5]LISTADHERENT!$A$4:$J$44,3,0) -> YANTCHOU GERVAIS | C39: =IF(G39>0,VLOOKUP(A39,[6]HISTOJANV25!$A$6:$BQ$46,25,0),0) -> 125000 | E39: 125000 | G39: =D39+E39+F39 -> 125000
A40: AS201646 | B40: =VLOOKUP(A40,[5]LISTADHERENT!$A$4:$J$44,3,0) -> YEPMOU JEAN JACQUES | C40: =IF(G40>0,VLOOKUP(A40,[6]HISTOJANV25!$A$6:$BQ$46,25,0),0) -> 50000 | D40: 50000 | G40: =D40+E40+F40 -> 50000
A41: AS201659 | B41: =VLOOKUP(A41,[5]LISTADHERENT!$A$4:$J$44,3,0) -> YIALA ALAIN OSCAR | C41: =IF(G41>0,VLOOKUP(A41,[6]HISTOJANV25!$A$6:$BQ$46,25,0),0) -> 250000 | E41: 250000 | G41: =D41+E41+F41 -> 250000
A42: AS201647 | B42: =VLOOKUP(A42,[5]LISTADHERENT!$A$4:$J$44,3,0) -> YOUMBI EMMANUEL | C42: =IF(G42>0,VLOOKUP(A42,[6]HISTOJANV25!$A$6:$BQ$46,25,0),0) -> 225000 | E42: 225000 | G42: =D42+E42+F42 -> 225000
B44: TOTAUX | C44: =SUM(C6:C42) -> 4975000 | D44: =SUM(D6:D42) -> 300000 | E44: =SUM(E6:E42) -> 5655375 | F44: =SUM(F6:F42) -> 892500 | G44: =SUM(G6:G42) -> 6847875 | H44: =SUM(H6:H42) -> 1191

Sheet HISTOBQUEMARS25
A1: ASSOCIATION | B1: ASELBY | C1: 45717
A2: ANNEE | B2: 2025
A3: 1 | B3: 2 | C3: 3 | D3: 4 | E3: 5 | F3: 6 | G3: 7
B4: HISTORIQUE BANCAIRE
A5: MATRICULE | B5: NOM ET PRENOM | C5: HISTORIQUE TONTINE | D5: HITORIQUE ESPECES | E5: HITORIQUE BANQUE | F5: AUTRE VERSEMENT | G5: MONTANT ENGAGEMENT | H5: AGIO
A6: AS201648 | B6: =VLOOKUP(A6,[5]LISTADHERENT!$A$4:$J$44,3,0) -> ASELBY | C6: =IF(G6>0,VLOOKUP(A6,[6]HISTOJANV25!$A$6:$BQ$46,25,0),0) -> 250000 | E6: 250000 | G6: =SUM(D6:F6) -> 250000 | H6: 2395
A7: AS201601 | B7: =VLOOKUP(A7,[5]LISTADHERENT!$A$4:$J$44,3,0) -> BAKOP ACHILLE | C7: =IF(G7>0,VLOOKUP(A7,[6]HISTOJANV25!$A$6:$BQ$46,25,0),0) -> 50000 | D7: 50000 | G7: =D7+E7+F7 -> 50000
A8: AS201602 | B8: =VLOOKUP(A8,[5]LISTADHERENT!$A$4:$J$44,3,0) -> BOUTCHOUANG WILLIAM | C8: =IF(G8>0,VLOOKUP(A8,[6]HISTOJANV25!$A$6:$BQ$46,25,0),0) -> 125000 | E8: =125000+103000 -> 228000 | G8: =D8+E8+F8 -> 228000
A9: AS201604 | B9: =VLOOKUP(A9,[5]LISTADHERENT!$A$4:$J$44,3,0) -> DJOMO JEAN PAUL | C9: =IF(G9>0,VLOOKUP(A9,[6]HISTOJANV25!$A$6:$BQ$46,25,0),0) -> 250000 | E9: =150000+307500 -> 457500 | G9: =D9+E9+F9 -> 457500
A10: AS201654 | B10: =VLOOKUP(A10,[5]LISTADHERENT!$A$4:$J$44,3,0) -> DJOMOU TCHAPDA | C10: =IF(G10>0,VLOOKUP(A10,[6]HISTOJANV25!$A$6:$BQ$46,25,0),0) -> 50000 | E10: =511000-307500-103000 -> 100500 | G10: =D10+E10+F10 -> 100500
A11: AS201605 | B11: =VLOOKUP(A11,[5]LISTADHERENT!$A$4:$J$44,3,0) -> DJOUKWE NANGUEN GUY BLAISE | C11: =IF(G11>0,VLOOKUP(A11,[6]HISTOJANV25!$A$6:$BQ$46,25,0),0) -> 150000 | E11: =187500-37500 -> 150000 | G11: =D11+E11+F11 -> 150000
A12: AS201608 | B12: =VLOOKUP(A12,[5]LISTADHERENT!$A$4:$J$44,3,0) -> DJUOMBESSY ANTOINE | C12: =IF(G12>0,VLOOKUP(A12,[6]HISTOJANV25!$A$6:$BQ$46,25,0),0) -> 250000 | E12: 260000 | G12: =D12+E12+F12 -> 260000
A13: AS201651 | B13: =VLOOKUP(A13,[5]LISTADHERENT!$A$4:$J$44,3,0) -> DOMOU FABIEN | C13: =IF(G13>0,VLOOKUP(A13,[6]HISTOJANV25!$A$6:$BQ$46,25,0),0) -> 50000 | E13: 50000 | G13: =D13+E13+F13 -> 50000
A14: AS201609 | B14: =VLOOKUP(A14,[5]LISTADHERENT!$A$4:$J$44,3,0) -> DONHOU DAVID | C14: =IF(G14>0,VLOOKUP(A14,[6]HISTOJANV25!$A$6:$BQ$46,25,0),0) -> 50000 | E14: 50000 | G14: =D14+E14+F14 -> 50000
A15: AS201663 | B15: =VLOOKUP(A15,[5]LISTADHERENT!$A$4:$J$44,3,0) -> FAMPOU PAUL | C15: =IF(G15>0,VLOOKUP(A15,[6]HISTOMARS25!$A$6:$BQ$46,25,0),0) -> 150000 | E15: 376000 | G15: =D15+E15+F15 -> 376000
A16: AS201611 | B16: =VLOOKUP(A16,[5]LISTADHERENT!$A$4:$J$44,3,0) -> HENGUE PAUL OMER | C16: =IF(G16>0,VLOOKUP(A16,[6]HISTOJANV25!$A$6:$BQ$46,25,0),0) -> 125000 | E16: =1000000+275000 -> 1275000 | G16: =D16+E16+F16 -> 1275000
A17: AS201613 | B17: =VLOOKUP(A17,[5]LISTADHERENT!$A$4:$J$44,3,0) -> HOTCHO BENJAMIN | C17: =IF(G17>0,VLOOKUP(A17,[6]HISTOJANV25!$A$6:$BQ$46,25,0),0) -> 225000 | E17: =250000 -> 250000 | G17: =D17+E17+F17 -> 250000
A18: AS201617 | B18: =VLOOKUP(A18,[5]LISTADHERENT!$A$4:$J$44,3,0) -> KOUAMOU MOISE | C18: =IF(G18>0,VLOOKUP(A18,[6]HISTOJANV25!$A$6:$BQ$46,25,0),0) -> 150000 | E18: 150000 | G18: =D18+E18+F18 -> 150000
A19: AS201619 | B19: =VLOOKUP(A19,[5]LISTADHERENT!$A$4:$J$44,3,0) -> KOUATCHO MESSACK | C19: =IF(G19>0,VLOOKUP(A19,[6]HISTOJANV25!$A$6:$BQ$46,25,0),0) -> 225000 | E19: =253500+37500 -> 291000 | G19: =D19+E19+F19 -> 291000
A20: AS201620 | B20: =VLOOKUP(A20,[5]LISTADHERENT!$A$4:$J$44,3,0) -> LOWE JEAN
A21: AS201661 | B21: =VLOOKUP(A21,[5]LISTADHERENT!$A$4:$J$44,3,0) -> MASSEUNGOUE DAGOBERT | C21: =IF(G21>0,VLOOKUP(A21,[6]HISTOJANV25!$A$6:$BQ$46,25,0),0) -> 50000 | E21: 50000 | G21: =D21+E21+F21 -> 50000
A22: AS201649 | B22: =VLOOKUP(A22,[5]LISTADHERENT!$A$4:$J$44,3,0) -> MBOGNING TUGMA GUY | C22: =IF(G22>0,VLOOKUP(A22,[6]HISTOJANV25!$A$6:$BQ$46,25,0),0) -> 325000 | E22: 376000 | G22: =D22+E22+F22 -> 376000
A23: AS201639 | B23: =VLOOKUP(A23,[5]LISTADHERENT!$A$4:$J$44,3,0) -> NANGUEN MARTIN | C23: =IF(G23>0,VLOOKUP(A23,[6]HISTOJANV25!$A$6:$BQ$46,25,0),0) -> 50000 | E23: 50000 | G23: =D23+E23+F23 -> 50000
A24: AS201621 | B24: =VLOOKUP(A24,[5]LISTADHERENT!$A$4:$J$44,3,0) -> NANKAM APPOLINAIRE | C24: =IF(G24>0,VLOOKUP(A24,[6]HISTOJANV25!$A$6:$BQ$46,25,0),0) -> 125000 | E24: 125000 | G24: =D24+E24+F24 -> 125000
A25: AS201622 | B25: =VLOOKUP(A25,[5]LISTADHERENT!$A$4:$J$44,3,0) -> NDJOMO ETIENNE | C25: =IF(G25>0,VLOOKUP(A25,[6]HISTOJANV25!$A$6:$BQ$46,25,0),0) -> 250000 | E25: =260000+101000 -> 361000 | G25: =D25+E25+F25 -> 361000
A26: AS201624 | B26: =VLOOKUP(A26,[5]LISTADHERENT!$A$4:$J$44,3,0) -> NGONDIEP CLAUDE | C26: =IF(G26>0,VLOOKUP(A26,[6]HISTOJANV25!$A$6:$BQ$46,25,0),0) -> 225000 | E26: 240000 | G26: =D26+E26+F26 -> 240000
A27: AS201626 | B27: =VLOOKUP(A27,[5]LISTADHERENT!$A$4:$J$44,3,0) -> NGUIEMEGNI MATHIEU BLAISE | C27: =IF(G27>0,VLOOKUP(A27,[6]HISTOJANV25!$A$6:$BQ$46,25,0),0) -> 250000 | E27: =150000+50000+200000+50000 -> 450000 | G27: =D27+E27+F27 -> 450000
A28: AS201628 | B28: =VLOOKUP(A28,[5]LISTADHERENT!$A$4:$J$44,3,0) -> NKAMGANG JUSTIN DEJOLIE | C28: =IF(G28>0,VLOOKUP(A28,[6]HISTOJANV25!$A$6:$BQ$46,25,0),0) -> 50000 | E28: =700000-101000-50000-427000 -> 122000 | G28: =D28+E28+F28 -> 122000
A29: AS201656 | B29: =VLOOKUP(A29,[5]LISTADHERENT!$A$4:$J$44,3,0) -> NOUBE ETIENNE | C29: =IF(G29>0,VLOOKUP(A29,[6]HISTOJANV25!$A$6:$BQ$46,25,0),0) -> 50000 | E29: 50000 | G29: =D29+E29+F29 -> 50000
A30: AS201633 | B30: =VLOOKUP(A30,[5]LISTADHERENT!$A$4:$J$44,3,0) -> PATEGO NJOSSU GUSTAVE | C30: =IF(G30>0,VLOOKUP(A30,[6]HISTOJANV25!$A$6:$BQ$46,25,0),0) -> 125000 | E30: 125000 | G30: =D30+E30+F30 -> 125000
A31: AS201657 | B31: =VLOOKUP(A31,[5]LISTADHERENT!$A$4:$J$44,3,0) -> SEUMO POLYCARPE | C31: =IF(G31>0,VLOOKUP(A31,[6]HISTOJANV25!$A$6:$BQ$46,25,0),0) -> 50000 | E31: 91000 | G31: =D31+E31+F31 -> 91000
A32: AS201653 | B32: =VLOOKUP(A32,[5]LISTADHERENT!$A$4:$J$44,3,0) -> SIME BRICE | C32: =IF(G32>0,VLOOKUP(A32,[6]HISTOJANV25!$A$6:$BQ$46,25,0),0) -> 250000 | D32: 253000 | G32: =D32+E32+F32 -> 253000
A33: AS201629 | B33: =VLOOKUP(A33,[5]LISTADHERENT!$A$4:$J$44,3,0) -> SIMO FONGANG ERIC | C33: =IF(G33>0,VLOOKUP(A33,[6]HISTOJANV25!$A$6:$BQ$46,25,0),0) -> 50000 | E33: 50000 | G33: =D33+E33+F33 -> 50000
A34: AS201638 | B34: =VLOOKUP(A34,[5]LISTADHERENT!$A$4:$J$44,3,0) -> SIMO PIERRE | C34: =IF(G34>0,VLOOKUP(A34,[6]HISTOJANV25!$A$6:$BQ$46,25,0),0) -> 150000 | E34: =100000+50000 -> 150000 | G34: =D34+E34+F34 -> 150000
A35: AS201641 | B35: =VLOOKUP(A35,[5]LISTADHERENT!$A$4:$J$44,3,0) -> TCHOUAMOU MATHIEU | C35: =IF(G35>0,VLOOKUP(A35,[6]HISTOJANV25!$A$6:$BQ$46,25,0),0) -> 125000 | E35: 125000 | G35: =D35+E35+F35 -> 125000
A36: AS201660 | B36: =VLOOKUP(A36,[5]LISTADHERENT!$A$4:$J$44,3,0) -> TCHOUATEU AUGUSTIN | C36: =IF(G36>0,VLOOKUP(A36,[6]HISTOJANV25!$A$6:$BQ$46,25,0),0) -> 150000 | E36: 150000 | G36: =D36+E36+F36 -> 150000
A37: AS201643 | B37: =VLOOKUP(A37,[5]LISTADHERENT!$A$4:$J$44,3,0) -> TCHOUTOU NANA CLAUDE | C37: =IF(G37>0,VLOOKUP(A37,[6]HISTOJANV25!$A$6:$BQ$46,25,0),0) -> 50000 | E37: 50000 | G37: =D37+E37+F37 -> 50000
A38: AS201662 | B38: =VLOOKUP(A38,[5]LISTADHERENT!$A$4:$J$44,3,0) -> TIEYAM ERNEST | C38: =IF(G38>0,VLOOKUP(A38,[6]HISTOJANV25!$A$6:$BQ$46,25,0),0) -> 50000 | D38: 50000 | G38: =D38+E38+F38 -> 50000
A39: AS201658 | B39: =VLOOKUP(A39,[5]LISTADHERENT!$A$4:$J$44,3,0) -> YANTCHOU GERVAIS | C39: =IF(G39>0,VLOOKUP(A39,[6]HISTOJANV25!$A$6:$BQ$46,25,0),0) -> 125000 | E39: 130000 | G39: =D39+E39+F39 -> 130000
A40: AS201646 | B40: =VLOOKUP(A40,[5]LISTADHERENT!$A$4:$J$44,3,0) -> YEPMOU JEAN JACQUES | C40: =IF(G40>0,VLOOKUP(A40,[6]HISTOJANV25!$A$6:$BQ$46,25,0),0) -> 50000 | E40: =50000 -> 50000 | G40: =D40+E40+F40 -> 50000
A41: AS201659 | B41: =VLOOKUP(A41,[5]LISTADHERENT!$A$4:$J$44,3,0) -> YIALA ALAIN OSCAR | C41: =IF(G41>0,VLOOKUP(A41,[6]HISTOJANV25!$A$6:$BQ$46,25,0),0) -> 250000 | D41: 253000 | G41: =D41+E41+F41 -> 253000
A42: AS201647 | B42: =VLOOKUP(A42,[5]LISTADHERENT!$A$4:$J$44,3,0) -> YOUMBI EMMANUEL | C42: =IF(G42>0,VLOOKUP(A42,[6]HISTOJANV25!$A$6:$BQ$46,25,0),0) -> 225000 | E42: =225000+427000 -> 652000 | G42: =D42+E42+F42 -> 652000
B44: TOTAUX | C44: =SUM(C6:C42) -> 5125000 | D44: =SUM(D6:D42) -> 606000 | E44: =SUM(E6:E42) -> 7285000 | F44: =SUM(F6:F42) -> 0 | G44: =SUM(G6:G42) -> 7891000 | H44: =SUM(H6:H42) -> 2395

Sheet HISTOBQUEAVRIL25
A1: ASSOCIATION | B1: ASELBY | C1: 45748
A2: ANNEE | B2: 2025
A3: 1 | B3: 2 | C3: 3 | D3: 4 | E3: 5 | F3: 6 | G3: 7
B4: HISTORIQUE BANCAIRE
A5: MATRICULE | B5: NOM ET PRENOM | C5: HISTORIQUE TONTINE | D5: HITORIQUE ESPECES | E5: HITORIQUE BANQUE | F5: AUTRE VERSEMENT | G5: MONTANT ENGAGEMENT | H5: AGIO
A6: AS201648 | B6: =VLOOKUP(A6,[5]LISTADHERENT!$A$4:$J$44,3,0) -> ASELBY | C6: =IF(G6>0,VLOOKUP(A6,[6]HISTOJANV25!$A$6:$BQ$46,25,0),0) -> 250000 | E6: 250000 | G6: =SUM(D6:F6) -> 250000 | H6: 2385
A7: AS201601 | B7: =VLOOKUP(A7,[5]LISTADHERENT!$A$4:$J$44,3,0) -> BAKOP ACHILLE | C7: =IF(G7>0,VLOOKUP(A7,[6]HISTOJANV25!$A$6:$BQ$46,25,0),0) -> 0 | G7: =D7+E7+F7 -> 0
A8: AS201602 | B8: =VLOOKUP(A8,[5]LISTADHERENT!$A$4:$J$44,3,0) -> BOUTCHOUANG WILLIAM | C8: =IF(G8>0,VLOOKUP(A8,[6]HISTOJANV25!$A$6:$BQ$46,25,0),0) -> 125000 | E8: 125000 | G8: =D8+E8+F8 -> 125000
A9: AS201604 | B9: =VLOOKUP(A9,[5]LISTADHERENT!$A$4:$J$44,3,0) -> DJOMO JEAN PAUL | C9: =IF(G9>0,VLOOKUP(A9,[6]HISTOJANV25!$A$6:$BQ$46,25,0),0) -> 250000 | D9: =102000+101500+50000 -> 253500 | G9: =D9+E9+F9 -> 253500
A10: AS201654 | B10: =VLOOKUP(A10,[5]LISTADHERENT!$A$4:$J$44,3,0) -> DJOMOU TCHAPDA | C10: =IF(G10>0,VLOOKUP(A10,[6]HISTOJANV25!$A$6:$BQ$46,25,0),0) -> 50000 | E10: 50000 | G10: =D10+E10+F10 -> 50000
A11: AS201605 | B11: =VLOOKUP(A11,[5]LISTADHERENT!$A$4:$J$44,3,0) -> DJOUKWE NANGUEN GUY BLAISE | C11: =IF(G11>0,VLOOKUP(A11,[6]HISTOJANV25!$A$6:$BQ$46,25,0),0) -> 150000 | D11: 100000 | E11: 50000 | G11: =D11+E11+F11 -> 150000
A12: AS201608 | B12: =VLOOKUP(A12,[5]LISTADHERENT!$A$4:$J$44,3,0) -> DJUOMBESSY ANTOINE | C12: =IF(G12>0,VLOOKUP(A12,[6]HISTOJANV25!$A$6:$BQ$46,25,0),0) -> 250000 | E12: 260000 | G12: =D12+E12+F12 -> 260000
A13: AS201651 | B13: =VLOOKUP(A13,[5]LISTADHERENT!$A$4:$J$44,3,0) -> DOMOU FABIEN | C13: =IF(G13>0,VLOOKUP(A13,[6]HISTOJANV25!$A$6:$BQ$46,25,0),0) -> 50000 | E13: 50000 | G13: =D13+E13+F13 -> 50000
A14: AS201609 | B14: =VLOOKUP(A14,[5]LISTADHERENT!$A$4:$J$44,3,0) -> DONHOU DAVID | C14: =IF(G14>0,VLOOKUP(A14,[6]HISTOJANV25!$A$6:$BQ$46,25,0),0) -> 50000 | E14: 50000 | G14: =D14+E14+F14 -> 50000
A15: AS201663 | B15: =VLOOKUP(A15,[5]LISTADHERENT!$A$4:$J$44,3,0) -> FAMPOU PAUL | C15: =IF(G15>0,VLOOKUP(A15,[6]HISTOMARS25!$A$6:$BQ$46,25,0),0) -> 150000 | E15: 150000 | G15: =D15+E15+F15 -> 150000
A16: AS201611 | B16: =VLOOKUP(A16,[5]LISTADHERENT!$A$4:$J$44,3,0) -> HENGUE PAUL OMER | C16: =IF(G16>0,VLOOKUP(A16,[6]HISTOJANV25!$A$6:$BQ$46,25,0),0) -> 125000 | E16: 125000 | G16: =D16+E16+F16 -> 125000
A17: AS201613 | B17: =VLOOKUP(A17,[5]LISTADHERENT!$A$4:$J$44,3,0) -> HOTCHO BENJAMIN | C17: =IF(G17>0,VLOOKUP(A17,[6]HISTOJANV25!$A$6:$BQ$46,25,0),0) -> 225000 | E17: 220000 | G17: =D17+E17+F17 -> 220000
A18: AS201617 | B18: =VLOOKUP(A18,[5]LISTADHERENT!$A$4:$J$44,3,0) -> KOUAMOU MOISE | C18: =IF(G18>0,VLOOKUP(A18,[6]HISTOJANV25!$A$6:$BQ$46,25,0),0) -> 150000 | E18: 150000 | G18: =D18+E18+F18 -> 150000
A19: AS201619 | B19: =VLOOKUP(A19,[5]LISTADHERENT!$A$4:$J$44,3,0) -> KOUATCHO MESSACK | C19: =IF(G19>0,VLOOKUP(A19,[6]HISTOJANV25!$A$6:$BQ$46,25,0),0) -> 225000 | E19: 150000 | G19: =D19+E19+F19 -> 150000
A20: AS201620 | B20: =VLOOKUP(A20,[5]LISTADHERENT!$A$4:$J$44,3,0) -> LOWE JEAN
A21: AS201661 | B21: =VLOOKUP(A21,[5]LISTADHERENT!$A$4:$J$44,3,0) -> MASSEUNGOUE DAGOBERT | C21: =IF(G21>0,VLOOKUP(A21,[6]HISTOJANV25!$A$6:$BQ$46,25,0),0) -> 50000 | E21: 50000 | G21: =D21+E21+F21 -> 50000
A22: AS201649 | B22: =VLOOKUP(A22,[5]LISTADHERENT!$A$4:$J$44,3,0) -> MBOGNING TUGMA GUY | C22: =IF(G22>0,VLOOKUP(A22,[6]HISTOJANV25!$A$6:$BQ$46,25,0),0) -> 325000 | D22: 202000 | E22: 325000 | G22: =D22+E22+F22 -> 527000
A23: AS201639 | B23: =VLOOKUP(A23,[5]LISTADHERENT!$A$4:$J$44,3,0) -> NANGUEN MARTIN | C23: =IF(G23>0,VLOOKUP(A23,[6]HISTOJANV25!$A$6:$BQ$46,25,0),0) -> 50000 | E23: 50000 | G23: =D23+E23+F23 -> 50000
A24: AS201621 | B24: =VLOOKUP(A24,[5]LISTADHERENT!$A$4:$J$44,3,0) -> NANKAM APPOLINAIRE | C24: =IF(G24>0,VLOOKUP(A24,[6]HISTOJANV25!$A$6:$BQ$46,25,0),0) -> 125000 | E24: 125000 | G24: =D24+E24+F24 -> 125000
A25: AS201622 | B25: =VLOOKUP(A25,[5]LISTADHERENT!$A$4:$J$44,3,0) -> NDJOMO ETIENNE | C25: =IF(G25>0,VLOOKUP(A25,[6]HISTOJANV25!$A$6:$BQ$46,25,0),0) -> 250000 | E25: 260000 | G25: =D25+E25+F25 -> 260000
A26: AS201624 | B26: =VLOOKUP(A26,[5]LISTADHERENT!$A$4:$J$44,3,0) -> NGONDIEP CLAUDE | C26: =IF(G26>0,VLOOKUP(A26,[6]HISTOJANV25!$A$6:$BQ$46,25,0),0) -> 225000 | E26: 240000 | G26: =D26+E26+F26 -> 240000
A27: AS201626 | B27: =VLOOKUP(A27,[5]LISTADHERENT!$A$4:$J$44,3,0) -> NGUIEMEGNI MATHIEU BLAISE | C27: =IF(G27>0,VLOOKUP(A27,[6]HISTOJANV25!$A$6:$BQ$46,25,0),0) -> 250000 | D27: 35000 | E27: 300000 | G27: =D27+E27+F27 -> 335000
A28: AS201628 | B28: =VLOOKUP(A28,[5]LISTADHERENT!$A$4:$J$44,3,0) -> NKAMGANG JUSTIN DEJOLIE | C28: =IF(G28>0,VLOOKUP(A28,[6]HISTOJANV25!$A$6:$BQ$46,25,0),0) -> 50000 | E28: 50000 | G28: =D28+E28+F28 -> 50000
A29: AS201656 | B29: =VLOOKUP(A29,[5]LISTADHERENT!$A$4:$J$44,3,0) -> NOUBE ETIENNE | C29: =IF(G29>0,VLOOKUP(A29,[6]HISTOJANV25!$A$6:$BQ$46,25,0),0) -> 50000 | E29: 50000 | G29: =D29+E29+F29 -> 50000
A30: AS201633 | B30: =VLOOKUP(A30,[5]LISTADHERENT!$A$4:$J$44,3,0) -> PATEGO NJOSSU GUSTAVE | C30: =IF(G30>0,VLOOKUP(A30,[6]HISTOJANV25!$A$6:$BQ$46,25,0),0) -> 125000 | E30: 125000 | G30: =D30+E30+F30 -> 125000
A31: AS201657 | B31: =VLOOKUP(A31,[5]LISTADHERENT!$A$4:$J$44,3,0) -> SEUMO POLYCARPE | C31: =IF(G31>0,VLOOKUP(A31,[6]HISTOJANV25!$A$6:$BQ$46,25,0),0) -> 50000 | E31: 50000 | G31: =D31+E31+F31 -> 50000
A32: AS201653 | B32: =VLOOKUP(A32,[5]LISTADHERENT!$A$4:$J$44,3,0) -> SIME BRICE | C32: =IF(G32>0,VLOOKUP(A32,[6]HISTOJANV25!$A$6:$BQ$46,25,0),0) -> 250000 | D32: 50000 | E32: 250000 | G32: =D32+E32+F32 -> 300000
A33: AS201629 | B33: =VLOOKUP(A33,[5]LISTADHERENT!$A$4:$J$44,3,0) -> SIMO FONGANG ERIC | C33: =IF(G33>0,VLOOKUP(A33,[6]HISTOJANV25!$A$6:$BQ$46,25,0),0) -> 50000 | D33: 50000 | G33: =D33+E33+F33 -> 50000
A34: AS201638 | B34: =VLOOKUP(A34,[5]LISTADHERENT!$A$4:$J$44,3,0) -> SIMO PIERRE | C34: =IF(G34>0,VLOOKUP(A34,[6]HISTOJANV25!$A$6:$BQ$46,25,0),0) -> 150000 | E34: 100000 | G34: =D34+E34+F34 -> 100000
A35: AS201641 | B35: =VLOOKUP(A35,[5]LISTADHERENT!$A$4:$J$44,3,0) -> TCHOUAMOU MATHIEU | C35: =IF(G35>0,VLOOKUP(A35,[6]HISTOJANV25!$A$6:$BQ$46,25,0),0) -> 125000 | E35: 125000 | G35: =D35+E35+F35 -> 125000
A36: AS201660 | B36: =VLOOKUP(A36,[5]LISTADHERENT!$A$4:$J$44,3,0) -> TCHOUATEU AUGUSTIN | C36: =IF(G36>0,VLOOKUP(A36,[6]HISTOJANV25!$A$6:$BQ$46,25,0),0) -> 150000 | D36: 102000 | E36: 150000 | G36: =D36+E36+F36 -> 252000
A37: AS201643 | B37: =VLOOKUP(A37,[5]LISTADHERENT!$A$4:$J$44,3,0) -> TCHOUTOU NANA CLAUDE | C37: =IF(G37>0,VLOOKUP(A37,[6]HISTOJANV25!$A$6:$BQ$46,25,0),0) -> 50000 | E37: 50000 | G37: =D37+E37+F37 -> 50000
A38: AS201662 | B38: =VLOOKUP(A38,[5]LISTADHERENT!$A$4:$J$44,3,0) -> TIEYAM ERNEST | C38: =IF(G38>0,VLOOKUP(A38,[6]HISTOJANV25!$A$6:$BQ$46,25,0),0) -> 50000 | D38: 50000 | G38: =D38+E38+F38 -> 50000
A39: AS201658 | B39: =VLOOKUP(A39,[5]LISTADHERENT!$A$4:$J$44,3,0) -> YANTCHOU GERVAIS | C39: =IF(G39>0,VLOOKUP(A39,[6]HISTOJANV25!$A$6:$BQ$46,25,0),0) -> 125000 | E39: 125000 | G39: =D39+E39+F39 -> 125000
A40: AS201646 | B40: =VLOOKUP(A40,[5]LISTADHERENT!$A$4:$J$44,3,0) -> YEPMOU JEAN JACQUES | C40: =IF(G40>0,VLOOKUP(A40,[6]HISTOJANV25!$A$6:$BQ$46,25,0),0) -> 50000 | D40: 50000 | G40: =D40+E40+F40 -> 50000
A41: AS201659 | B41: =VLOOKUP(A41,[5]LISTADHERENT!$A$4:$J$44,3,0) -> YIALA ALAIN OSCAR | C41: =IF(G41>0,VLOOKUP(A41,[6]HISTOJANV25!$A$6:$BQ$46,25,0),0) -> 250000 | D41: 250000 | G41: =D41+E41+F41 -> 250000
A42: AS201647 | B42: =VLOOKUP(A42,[5]LISTADHERENT!$A$4:$J$44,3,0) -> YOUMBI EMMANUEL | C42: =IF(G42>0,VLOOKUP(A42,[6]HISTOJANV25!$A$6:$BQ$46,25,0),0) -> 225000 | E42: 225000 | G42: =D42+E42+F42 -> 225000
B44: TOTAUX | C44: =SUM(C6:C42) -> 5075000 | D44: =SUM(D6:D42) -> 1142500 | E44: =SUM(E6:E42) -> 4280000 | F44: =SUM(F6:F42) -> 0 | G44: =SUM(G6:G42) -> 5422500 | H44: =SUM(H6:H42) -> 2385
E46: 8568500

Sheet HISTOBQUEMAI25
A1: ASSOCIATION | B1: ASELBY | C1: 45778
A2: ANNEE | B2: 2025
A3: 1 | B3: 2 | C3: 3 | D3: 4 | E3: 5 | F3: 6 | G3: 7
B4: HISTORIQUE BANCAIRE
A5: MATRICULE | B5: NOM ET PRENOM | C5: HISTORIQUE TONTINE | D5: HITORIQUE ESPECES | E5: HITORIQUE BANQUE | F5: AUTRE VERSEMENT | G5: MONTANT ENGAGEMENT | H5: AGIO
A6: AS201648 | B6: =VLOOKUP(A6,[5]LISTADHERENT!$A$4:$J$44,3,0) -> ASELBY | C6: =IF(G6>0,VLOOKUP(A6,[6]HISTOJANV25!$A$6:$BQ$46,25,0),0) -> 250000 | E6: 250000 | G6: =SUM(D6:F6) -> 250000 | H6: 2385
A7: AS201601 | B7: =VLOOKUP(A7,[5]LISTADHERENT!$A$4:$J$44,3,0) -> BAKOP ACHILLE | C7: =IF(G7>0,VLOOKUP(A7,[6]HISTOJANV25!$A$6:$BQ$46,25,0),0) -> 50000 | E7: 100000 | G7: =SUM(D7:F7) -> 100000
A8: AS201602 | B8: =VLOOKUP(A8,[5]LISTADHERENT!$A$4:$J$44,3,0) -> BOUTCHOUANG WILLIAM | C8: =IF(G8>0,VLOOKUP(A8,[6]HISTOJANV25!$A$6:$BQ$46,25,0),0) -> 125000 | E8: 125000 | G8: =SUM(D8:F8) -> 125000
A9: AS201604 | B9: =VLOOKUP(A9,[5]LISTADHERENT!$A$4:$J$44,3,0) -> DJOMO JEAN PAUL | C9: =IF(G9>0,VLOOKUP(A9,[6]HISTOJANV25!$A$6:$BQ$46,25,0),0) -> 250000 | D9: =202000+50000 -> 252000 | E9: 250000 | G9: =SUM(D9:F9) -> 502000
A10: AS201654 | B10: =VLOOKUP(A10,[5]LISTADHERENT!$A$4:$J$44,3,0) -> DJOMOU TCHAPDA | C10: =IF(G10>0,VLOOKUP(A10,[6]HISTOJANV25!$A$6:$BQ$46,25,0),0) -> 50000 | D10: 1500 | E10: =50000+31000 -> 81000 | G10: =SUM(D10:F10) -> 82500
A11: AS201605 | B11: =VLOOKUP(A11,[5]LISTADHERENT!$A$4:$J$44,3,0) -> DJOUKWE NANGUEN GUY BLAISE | C11: =IF(G11>0,VLOOKUP(A11,[6]HISTOJANV25!$A$6:$BQ$46,25,0),0) -> 150000 | E11: 150000 | G11: =SUM(D11:F11) -> 150000
A12: AS201608 | B12: =VLOOKUP(A12,[5]LISTADHERENT!$A$4:$J$44,3,0) -> DJUOMBESSY ANTOINE | C12: =IF(G12>0,VLOOKUP(A12,[6]HISTOJANV25!$A$6:$BQ$46,25,0),0) -> 250000 | E12: 260000 | G12: =SUM(D12:F12) -> 260000
A13: AS201651 | B13: =VLOOKUP(A13,[5]LISTADHERENT!$A$4:$J$44,3,0) -> DOMOU FABIEN | C13: =IF(G13>0,VLOOKUP(A13,[6]HISTOJANV25!$A$6:$BQ$46,25,0),0) -> 50000 | E13: 50000 | G13: =SUM(D13:F13) -> 50000
A14: AS201609 | B14: =VLOOKUP(A14,[5]LISTADHERENT!$A$4:$J$44,3,0) -> DONHOU DAVID | C14: =IF(G14>0,VLOOKUP(A14,[6]HISTOJANV25!$A$6:$BQ$46,25,0),0) -> 50000 | E14: 50000 | G14: =SUM(D14:F14) -> 50000
A15: AS201663 | B15: =VLOOKUP(A15,[5]LISTADHERENT!$A$4:$J$44,3,0) -> FAMPOU PAUL | C15: =IF(G15>0,VLOOKUP(A15,[6]HISTOMARS25!$A$6:$BQ$46,25,0),0) -> 150000 | E15: 150000 | G15: =SUM(D15:F15) -> 150000
A16: AS201611 | B16: =VLOOKUP(A16,[5]LISTADHERENT!$A$4:$J$44,3,0) -> HENGUE PAUL OMER | C16: =IF(G16>0,VLOOKUP(A16,[6]HISTOJANV25!$A$6:$BQ$46,25,0),0) -> 125000 | E16: 125000 | G16: =SUM(D16:F16) -> 125000
A17: AS201613 | B17: =VLOOKUP(A17,[5]LISTADHERENT!$A$4:$J$44,3,0) -> HOTCHO BENJAMIN | C17: =IF(G17>0,VLOOKUP(A17,[6]HISTOJANV25!$A$6:$BQ$46,25,0),0) -> 225000 | E17: 250000 | G17: =SUM(D17:F17) -> 250000
A18: AS201617 | B18: =VLOOKUP(A18,[5]LISTADHERENT!$A$4:$J$44,3,0) -> KOUAMOU MOISE | C18: =IF(G18>0,VLOOKUP(A18,[6]HISTOJANV25!$A$6:$BQ$46,25,0),0) -> 150000 | D18: 102000 | E18: 150000 | G18: =SUM(D18:F18) -> 252000
A19: AS201619 | B19: =VLOOKUP(A19,[5]LISTADHERENT!$A$4:$J$44,3,0) -> KOUATCHO MESSACK | C19: =IF(G19>0,VLOOKUP(A19,[6]HISTOJANV25!$A$6:$BQ$46,25,0),0) -> 225000 | D19: 27000 | E19: 298500 | G19: =SUM(D19:F19) -> 325500
A20: AS201620 | B20: =VLOOKUP(A20,[5]LISTADHERENT!$A$4:$J$44,3,0) -> LOWE JEAN
A21: AS201661 | B21: =VLOOKUP(A21,[5]LISTADHERENT!$A$4:$J$44,3,0) -> MASSEUNGOUE DAGOBERT | C21: =IF(G21>0,VLOOKUP(A21,[6]HISTOJANV25!$A$6:$BQ$46,25,0),0) -> 50000 | E21: 50000 | G21: =SUM(D21:F21) -> 50000
A22: AS201649 | B22: =VLOOKUP(A22,[5]LISTADHERENT!$A$4:$J$44,3,0) -> MBOGNING TUGMA GUY | C22: =IF(G22>0,VLOOKUP(A22,[6]HISTOJANV25!$A$6:$BQ$46,25,0),0) -> 325000 | D22: 202000 | E22: 325000 | G22: =SUM(D22:F22) -> 527000
A23: AS201639 | B23: =VLOOKUP(A23,[5]LISTADHERENT!$A$4:$J$44,3,0) -> NANGUEN MARTIN | C23: =IF(G23>0,VLOOKUP(A23,[6]HISTOJANV25!$A$6:$BQ$46,25,0),0) -> 50000 | D23: 203000 | G23: =SUM(D23:F23) -> 203000
A24: AS201621 | B24: =VLOOKUP(A24,[5]LISTADHERENT!$A$4:$J$44,3,0) -> NANKAM APPOLINAIRE | C24: =IF(G24>0,VLOOKUP(A24,[6]HISTOJANV25!$A$6:$BQ$46,25,0),0) -> 125000 | E24: 125000 | G24: =SUM(D24:F24) -> 125000
A25: AS201622 | B25: =VLOOKUP(A25,[5]LISTADHERENT!$A$4:$J$44,3,0) -> NDJOMO ETIENNE | C25: =IF(G25>0,VLOOKUP(A25,[6]HISTOJANV25!$A$6:$BQ$46,25,0),0) -> 250000 | E25: 260000 | G25: =SUM(D25:F25) -> 260000
A26: AS201624 | B26: =VLOOKUP(A26,[5]LISTADHERENT!$A$4:$J$44,3,0) -> NGONDIEP CLAUDE | C26: =IF(G26>0,VLOOKUP(A26,[6]HISTOJANV25!$A$6:$BQ$46,25,0),0) -> 225000 | D26: =80625+203000 -> 283625 | E26: 240000 | G26: =SUM(D26:F26) -> 523625
A27: AS201626 | B27: =VLOOKUP(A27,[5]LISTADHERENT!$A$4:$J$44,3,0) -> NGUIEMEGNI MATHIEU BLAISE | C27: =IF(G27>0,VLOOKUP(A27,[6]HISTOJANV25!$A$6:$BQ$46,25,0),0) -> 250000 | E27: 250000 | G27: =SUM(D27:F27) -> 250000
A28: AS201628 | B28: =VLOOKUP(A28,[5]LISTADHERENT!$A$4:$J$44,3,0) -> NKAMGANG JUSTIN DEJOLIE | C28: =IF(G28>0,VLOOKUP(A28,[6]HISTOJANV25!$A$6:$BQ$46,25,0),0) -> 50000 | E28: 345000 | G28: =SUM(D28:F28) -> 345000
A29: AS201656 | B29: =VLOOKUP(A29,[5]LISTADHERENT!$A$4:$J$44,3,0) -> NOUBE ETIENNE | C29: =IF(G29>0,VLOOKUP(A29,[6]HISTOJANV25!$A$6:$BQ$46,25,0),0) -> 50000 | E29: 50000 | G29: =SUM(D29:F29) -> 50000
A30: AS201633 | B30: =VLOOKUP(A30,[5]LISTADHERENT!$A$4:$J$44,3,0) -> PATEGO NJOSSU GUSTAVE | C30: =IF(G30>0,VLOOKUP(A30,[6]HISTOJANV25!$A$6:$BQ$46,25,0),0) -> 125000 | E30: 125000 | G30: =SUM(D30:F30) -> 125000
A31: AS201657 | B31: =VLOOKUP(A31,[5]LISTADHERENT!$A$4:$J$44,3,0) -> SEUMO POLYCARPE | C31: =IF(G31>0,VLOOKUP(A31,[6]HISTOJANV25!$A$6:$BQ$46,25,0),0) -> 50000 | D31: 30000 | E31: 50000 | G31: =SUM(D31:F31) -> 80000
A32: AS201653 | B32: =VLOOKUP(A32,[5]LISTADHERENT!$A$4:$J$44,3,0) -> SIME BRICE | C32: =IF(G32>0,VLOOKUP(A32,[6]HISTOJANV25!$A$6:$BQ$46,25,0),0) -> 250000 | E32: 250000 | G32: =SUM(D32:F32) -> 250000
A33: AS201629 | B33: =VLOOKUP(A33,[5]LISTADHERENT!$A$4:$J$44,3,0) -> SIMO FONGANG ERIC | C33: =IF(G33>0,VLOOKUP(A33,[6]HISTOJANV25!$A$6:$BQ$46,25,0),0) -> 50000 | D33: 53000 | G33: =SUM(D33:F33) -> 53000
A34: AS201638 | B34: =VLOOKUP(A34,[5]LISTADHERENT!$A$4:$J$44,3,0) -> SIMO PIERRE | C34: =IF(G34>0,VLOOKUP(A34,[6]HISTOJANV25!$A$6:$BQ$46,25,0),0) -> 150000 | E34: =100000+50000 -> 150000 | G34: =SUM(D34:F34) -> 150000
A35: AS201641 | B35: =VLOOKUP(A35,[5]LISTADHERENT!$A$4:$J$44,3,0) -> TCHOUAMOU MATHIEU | C35: =IF(G35>0,VLOOKUP(A35,[6]HISTOJANV25!$A$6:$BQ$46,25,0),0) -> 125000 | E35: 125000 | G35: =SUM(D35:F35) -> 125000
A36: AS201660 | B36: =VLOOKUP(A36,[5]LISTADHERENT!$A$4:$J$44,3,0) -> TCHOUATEU AUGUSTIN | C36: =IF(G36>0,VLOOKUP(A36,[6]HISTOJANV25!$A$6:$BQ$46,25,0),0) -> 150000 | E36: 150000 | G36: =SUM(D36:F36) -> 150000
A37: AS201643 | B37: =VLOOKUP(A37,[5]LISTADHERENT!$A$4:$J$44,3,0) -> TCHOUTOU NANA CLAUDE | C37: =IF(G37>0,VLOOKUP(A37,[6]HISTOJANV25!$A$6:$BQ$46,25,0),0) -> 50000 | E37: 50000 | G37: =SUM(D37:F37) -> 50000
A38: AS201662 | B38: =VLOOKUP(A38,[5]LISTADHERENT!$A$4:$J$44,3,0) -> TIEYAM ERNEST | C38: =IF(G38>0,VLOOKUP(A38,[6]HISTOJANV25!$A$6:$BQ$46,25,0),0) -> 50000 | D38: 50000 | G38: =SUM(D38:F38) -> 50000
A39: AS201658 | B39: =VLOOKUP(A39,[5]LISTADHERENT!$A$4:$J$44,3,0) -> YANTCHOU GERVAIS | C39: =IF(G39>0,VLOOKUP(A39,[6]HISTOJANV25!$A$6:$BQ$46,25,0),0) -> 125000 | E39: 125000 | G39: =SUM(D39:F39) -> 125000
A40: AS201646 | B40: =VLOOKUP(A40,[5]LISTADHERENT!$A$4:$J$44,3,0) -> YEPMOU JEAN JACQUES | C40: =IF(G40>0,VLOOKUP(A40,[6]HISTOJANV25!$A$6:$BQ$46,25,0),0) -> 50000 | E40: 50000 | G40: =SUM(D40:F40) -> 50000
A41: AS201659 | B41: =VLOOKUP(A41,[5]LISTADHERENT!$A$4:$J$44,3,0) -> YIALA ALAIN OSCAR | C41: =IF(G41>0,VLOOKUP(A41,[6]HISTOJANV25!$A$6:$BQ$46,25,0),0) -> 250000 | E41: 250000 | G41: =SUM(D41:F41) -> 250000
A42: AS201647 | B42: =VLOOKUP(A42,[5]LISTADHERENT!$A$4:$J$44,3,0) -> YOUMBI EMMANUEL | C42: =IF(G42>0,VLOOKUP(A42,[6]HISTOJANV25!$A$6:$BQ$46,25,0),0) -> 225000 | E42: 225000 | G42: =SUM(D42:F42) -> 225000
B44: TOTAUX | C44: =SUM(C6:C42) -> 5125000 | D44: =SUM(D6:D42) -> 1204125 | E44: =SUM(E6:E42) -> 5484500 | F44: =SUM(F6:F42) -> 0 | G44: =SUM(G6:G42) -> 6688625 | H44: =SUM(H6:H42) -> 2385

Sheet HISTOBQUEJUIN25
A1: ASSOCIATION | B1: ASELBY | C1: 45809
A2: ANNEE | B2: 2025
A3: 1 | B3: 2 | C3: 3 | D3: 4 | E3: 5 | F3: 6 | G3: 7
B4: HISTORIQUE BANCAIRE
A5: MATRICULE | B5: NOM ET PRENOM | C5: HISTORIQUE TONTINE | D5: HITORIQUE ESPECES | E5: HITORIQUE BANQUE | F5: AUTRE VERSEMENT | G5: MONTANT ENGAGEMENT | H5: AGIO
A6: AS201648 | B6: =VLOOKUP(A6,[5]LISTADHERENT!$A$4:$J$44,3,0) -> ASELBY | C6: =IF(G6>0,VLOOKUP(A6,[6]HISTOJANV25!$A$6:$BQ$46,25,0),0) -> 250000 | E6: 250000 | G6: =SUM(D6:F6) -> 250000 | H6: 2385
A7: AS201601 | B7: =VLOOKUP(A7,[5]LISTADHERENT!$A$4:$J$44,3,0) -> BAKOP ACHILLE | C7: =IF(G7>0,VLOOKUP(A7,[6]HISTOJANV25!$A$6:$BQ$46,25,0),0) -> 50000 | D7: 50000 | G7: =SUM(D7:F7) -> 50000
A8: AS201602 | B8: =VLOOKUP(A8,[5]LISTADHERENT!$A$4:$J$44,3,0) -> BOUTCHOUANG WILLIAM | C8: =IF(G8>0,VLOOKUP(A8,[6]HISTOJANV25!$A$6:$BQ$46,25,0),0) -> 125000 | E8: 125000 | G8: =SUM(D8:F8) -> 125000
A9: AS201604 | B9: =VLOOKUP(A9,[5]LISTADHERENT!$A$4:$J$44,3,0) -> DJOMO JEAN PAUL | C9: =IF(G9>0,VLOOKUP(A9,[6]HISTOJANV25!$A$6:$BQ$46,25,0),0) -> 250000 | D9: =200000+101000+50000 -> 351000 | G9: =SUM(D9:F9) -> 351000
A10: AS201654 | B10: =VLOOKUP(A10,[5]LISTADHERENT!$A$4:$J$44,3,0) -> DJOMOU TCHAPDA | C10: =IF(G10>0,VLOOKUP(A10,[6]HISTOJANV25!$A$6:$BQ$46,25,0),0) -> 50000 | E10: 81000 | G10: =SUM(D10:F10) -> 81000
A11: AS201605 | B11: =VLOOKUP(A11,[5]LISTADHERENT!$A$4:$J$44,3,0) -> DJOUKWE NANGUEN GUY BLAISE | C11: =IF(G11>0,VLOOKUP(A11,[6]HISTOJANV25!$A$6:$BQ$46,25,0),0) -> 150000 | E11: 251000 | G11: =SUM(D11:F11) -> 251000
A12: AS201608 | B12: =VLOOKUP(A12,[5]LISTADHERENT!$A$4:$J$44,3,0) -> DJUOMBESSY ANTOINE | C12: =IF(G12>0,VLOOKUP(A12,[6]HISTOJANV25!$A$6:$BQ$46,25,0),0) -> 250000 | E12: 315000 | G12: =SUM(D12:F12) -> 315000
A13: AS201651 | B13: =VLOOKUP(A13,[5]LISTADHERENT!$A$4:$J$44,3,0) -> DOMOU FABIEN | C13: =IF(G13>0,VLOOKUP(A13,[6]HISTOJANV25!$A$6:$BQ$46,25,0),0) -> 50000 | E13: 50000 | G13: =SUM(D13:F13) -> 50000
A14: AS201609 | B14: =VLOOKUP(A14,[5]LISTADHERENT!$A$4:$J$44,3,0) -> DONHOU DAVID | C14: =IF(G14>0,VLOOKUP(A14,[6]HISTOJANV25!$A$6:$BQ$46,25,0),0) -> 50000 | E14: 50000 | G14: =SUM(D14:F14) -> 50000
A15: AS201663 | B15: =VLOOKUP(A15,[5]LISTADHERENT!$A$4:$J$44,3,0) -> FAMPOU PAUL | C15: =IF(G15>0,VLOOKUP(A15,[6]HISTOMARS25!$A$6:$BQ$46,25,0),0) -> 150000 | E15: 150000 | G15: =SUM(D15:F15) -> 150000
A16: AS201611 | B16: =VLOOKUP(A16,[5]LISTADHERENT!$A$4:$J$44,3,0) -> HENGUE PAUL OMER | C16: =IF(G16>0,VLOOKUP(A16,[6]HISTOJANV25!$A$6:$BQ$46,25,0),0) -> 125000 | E16: 125000 | G16: =SUM(D16:F16) -> 125000
A17: AS201613 | B17: =VLOOKUP(A17,[5]LISTADHERENT!$A$4:$J$44,3,0) -> HOTCHO BENJAMIN | C17: =IF(G17>0,VLOOKUP(A17,[6]HISTOJANV25!$A$6:$BQ$46,25,0),0) -> 225000 | E17: =51000+250000 -> 301000 | G17: =SUM(D17:F17) -> 301000
A18: AS201617 | B18: =VLOOKUP(A18,[5]LISTADHERENT!$A$4:$J$44,3,0) -> KOUAMOU MOISE | C18: =IF(G18>0,VLOOKUP(A18,[6]HISTOJANV25!$A$6:$BQ$46,25,0),0) -> 150000 | E18: 150000 | G18: =SUM(D18:F18) -> 150000
A19: AS201619 | B19: =VLOOKUP(A19,[5]LISTADHERENT!$A$4:$J$44,3,0) -> KOUATCHO MESSACK | C19: =IF(G19>0,VLOOKUP(A19,[6]HISTOJANV25!$A$6:$BQ$46,25,0),0) -> 225000 | E19: 235000 | G19: =SUM(D19:F19) -> 235000
A20: AS201620 | B20: =VLOOKUP(A20,[5]LISTADHERENT!$A$4:$J$44,3,0) -> LOWE JEAN
A21: AS201661 | B21: =VLOOKUP(A21,[5]LISTADHERENT!$A$4:$J$44,3,0) -> MASSEUNGOUE DAGOBERT | C21: =IF(G21>0,VLOOKUP(A21,[6]HISTOJANV25!$A$6:$BQ$46,25,0),0) -> 50000 | E21: 50000 | G21: =SUM(D21:F21) -> 50000
A22: AS201649 | B22: =VLOOKUP(A22,[5]LISTADHERENT!$A$4:$J$44,3,0) -> MBOGNING TUGMA GUY | C22: =IF(G22>0,VLOOKUP(A22,[6]HISTOJANV25!$A$6:$BQ$46,25,0),0) -> 325000 | E22: 628000 | G22: =SUM(D22:F22) -> 628000
A23: AS201639 | B23: =VLOOKUP(A23,[5]LISTADHERENT!$A$4:$J$44,3,0) -> NANGUEN MARTIN | C23: =IF(G23>0,VLOOKUP(A23,[6]HISTOJANV25!$A$6:$BQ$46,25,0),0) -> 50000 | E23: 50000 | G23: =SUM(D23:F23) -> 50000
A24: AS201621 | B24: =VLOOKUP(A24,[5]LISTADHERENT!$A$4:$J$44,3,0) -> NANKAM APPOLINAIRE | C24: =IF(G24>0,VLOOKUP(A24,[6]HISTOJANV25!$A$6:$BQ$46,25,0),0) -> 125000 | E24: 125000 | G24: =SUM(D24:F24) -> 125000
A25: AS201622 | B25: =VLOOKUP(A25,[5]LISTADHERENT!$A$4:$J$44,3,0) -> NDJOMO ETIENNE | C25: =IF(G25>0,VLOOKUP(A25,[6]HISTOJANV25!$A$6:$BQ$46,25,0),0) -> 250000 | D25: 202500 | E25: 260000 | G25: =SUM(D25:F25) -> 462500
A26: AS201624 | B26: =VLOOKUP(A26,[5]LISTADHERENT!$A$4:$J$44,3,0) -> NGONDIEP CLAUDE | C26: =IF(G26>0,VLOOKUP(A26,[6]HISTOJANV25!$A$6:$BQ$46,25,0),0) -> 225000 | E26: 240000 | G26: =SUM(D26:F26) -> 240000
A27: AS201626 | B27: =VLOOKUP(A27,[5]LISTADHERENT!$A$4:$J$44,3,0) -> NGUIEMEGNI MATHIEU BLAISE | C27: =IF(G27>0,VLOOKUP(A27,[6]HISTOJANV25!$A$6:$BQ$46,25,0),0) -> 250000 | E27: =100000+285000+65000 -> 450000 | G27: =SUM(D27:F27) -> 450000
A28: AS201628 | B28: =VLOOKUP(A28,[5]LISTADHERENT!$A$4:$J$44,3,0) -> NKAMGANG JUSTIN DEJOLIE | C28: =IF(G28>0,VLOOKUP(A28,[6]HISTOJANV25!$A$6:$BQ$46,25,0),0) -> 50000 | D28: 53000 | G28: =SUM(D28:F28) -> 53000
A29: AS201656 | B29: =VLOOKUP(A29,[5]LISTADHERENT!$A$4:$J$44,3,0) -> NOUBE ETIENNE | C29: =IF(G29>0,VLOOKUP(A29,[6]HISTOJANV25!$A$6:$BQ$46,25,0),0) -> 50000 | E29: 50000 | G29: =SUM(D29:F29) -> 50000
A30: AS201633 | B30: =VLOOKUP(A30,[5]LISTADHERENT!$A$4:$J$44,3,0) -> PATEGO NJOSSU GUSTAVE | C30: =IF(G30>0,VLOOKUP(A30,[6]HISTOJANV25!$A$6:$BQ$46,25,0),0) -> 125000 | E30: 125000 | G30: =SUM(D30:F30) -> 125000
A31: AS201657 | B31: =VLOOKUP(A31,[5]LISTADHERENT!$A$4:$J$44,3,0) -> SEUMO POLYCARPE | C31: =IF(G31>0,VLOOKUP(A31,[6]HISTOJANV25!$A$6:$BQ$46,25,0),0) -> 50000 | E31: 50000 | G31: =SUM(D31:F31) -> 50000
A32: AS201653 | B32: =VLOOKUP(A32,[5]LISTADHERENT!$A$4:$J$44,3,0) -> SIME BRICE | C32: =IF(G32>0,VLOOKUP(A32,[6]HISTOJANV25!$A$6:$BQ$46,25,0),0) -> 250000 | E32: 250000 | G32: =SUM(D32:F32) -> 250000
A33: AS201629 | B33: =VLOOKUP(A33,[5]LISTADHERENT!$A$4:$J$44,3,0) -> SIMO FONGANG ERIC | C33: =IF(G33>0,VLOOKUP(A33,[6]HISTOJANV25!$A$6:$BQ$46,25,0),0) -> 50000 | D33: 50000 | G33: =SUM(D33:F33) -> 50000
A34: AS201638 | B34: =VLOOKUP(A34,[5]LISTADHERENT!$A$4:$J$44,3,0) -> SIMO PIERRE | C34: =IF(G34>0,VLOOKUP(A34,[6]HISTOJANV25!$A$6:$BQ$46,25,0),0) -> 150000 | E34: =51000+130000 -> 181000 | G34: =SUM(D34:F34) -> 181000
A35: AS201641 | B35: =VLOOKUP(A35,[5]LISTADHERENT!$A$4:$J$44,3,0) -> TCHOUAMOU MATHIEU | C35: =IF(G35>0,VLOOKUP(A35,[6]HISTOJANV25!$A$6:$BQ$46,25,0),0) -> 125000 | D35: 102000 | E35: 125000 | G35: =SUM(D35:F35) -> 227000
A36: AS201660 | B36: =VLOOKUP(A36,[5]LISTADHERENT!$A$4:$J$44,3,0) -> TCHOUATEU AUGUSTIN | C36: =IF(G36>0,VLOOKUP(A36,[6]HISTOJANV25!$A$6:$BQ$46,25,0),0) -> 150000 | E36: 150000 | G36: =SUM(D36:F36) -> 150000
A37: AS201643 | B37: =VLOOKUP(A37,[5]LISTADHERENT!$A$4:$J$44,3,0) -> TCHOUTOU NANA CLAUDE | C37: =IF(G37>0,VLOOKUP(A37,[6]HISTOJANV25!$A$6:$BQ$46,25,0),0) -> 50000 | E37: 50000 | G37: =SUM(D37:F37) -> 50000
A38: AS201662 | B38: =VLOOKUP(A38,[5]LISTADHERENT!$A$4:$J$44,3,0) -> TIEYAM ERNEST | C38: =IF(G38>0,VLOOKUP(A38,[6]HISTOJANV25!$A$6:$BQ$46,25,0),0) -> 50000 | D38: 50000 | G38: =SUM(D38:F38) -> 50000
A39: AS201658 | B39: =VLOOKUP(A39,[5]LISTADHERENT!$A$4:$J$44,3,0) -> YANTCHOU GERVAIS | C39: =IF(G39>0,VLOOKUP(A39,[6]HISTOJANV25!$A$6:$BQ$46,25,0),0) -> 125000 | E39: =125000+102000 -> 227000 | G39: =SUM(D39:F39) -> 227000
A40: AS201646 | B40: =VLOOKUP(A40,[5]LISTADHERENT!$A$4:$J$44,3,0) -> YEPMOU JEAN JACQUES | C40: =IF(G40>0,VLOOKUP(A40,[6]HISTOJANV25!$A$6:$BQ$46,25,0),0) -> 50000 | D40: 50000 | G40: =SUM(D40:F40) -> 50000
A41: AS201659 | B41: =VLOOKUP(A41,[5]LISTADHERENT!$A$4:$J$44,3,0) -> YIALA ALAIN OSCAR | C41: =IF(G41>0,VLOOKUP(A41,[6]HISTOJANV25!$A$6:$BQ$46,25,0),0) -> 250000 | D41: 253000 | G41: =SUM(D41:F41) -> 253000
A42: AS201647 | B42: =VLOOKUP(A42,[5]LISTADHERENT!$A$4:$J$44,3,0) -> YOUMBI EMMANUEL | C42: =IF(G42>0,VLOOKUP(A42,[6]HISTOJANV25!$A$6:$BQ$46,25,0),0) -> 225000 | E42: 225000 | G42: =SUM(D42:F42) -> 225000
B44: TOTAUX | C44: =SUM(C6:C42) -> 5125000 | D44: =SUM(D6:D43) -> 1161500 | E44: =SUM(E6:E42) -> 5319000 | F44: =SUM(F6:F42) -> 0 | G44: =SUM(G6:G42) -> 6480500 | H44: =SUM(H6:H42) -> 2385
B47: LOWE | D47: 100000

Sheet HISTOBQUEJUIL25
A1: ASSOCIATION | B1: ASELBY | C1: 45839
A2: ANNEE | B2: 2025
A3: 1 | B3: 2 | C3: 3 | D3: 4 | E3: 5 | F3: 6 | G3: 7
B4: HISTORIQUE BANCAIRE
A5: MATRICULE | B5: NOM ET PRENOM | C5: HISTORIQUE TONTINE | D5: HITORIQUE ESPECES | E5: HITORIQUE BANQUE | F5: AUTRE VERSEMENT | G5: MONTANT ENGAGEMENT | H5: AGIO
A6: AS201648 | B6: =VLOOKUP(A6,[5]LISTADHERENT!$A$4:$J$44,3,0) -> ASELBY | C6: =IF(G6>0,VLOOKUP(A6,[6]HISTOJANV25!$A$6:$BQ$46,25,0),0) -> 250000 | E6: 250000 | G6: =SUM(D6:F6) -> 250000 | H6: =2385+2000+385 -> 4770
A7: AS201601 | B7: =VLOOKUP(A7,[5]LISTADHERENT!$A$4:$J$44,3,0) -> BAKOP ACHILLE | C7: =IF(G7>0,VLOOKUP(A7,[6]HISTOJANV25!$A$6:$BQ$46,25,0),0) -> 50000 | D7: 50000 | G7: =SUM(D7:F7) -> 50000
A8: AS201602 | B8: =VLOOKUP(A8,[5]LISTADHERENT!$A$4:$J$44,3,0) -> BOUTCHOUANG WILLIAM | C8: =IF(G8>0,VLOOKUP(A8,[6]HISTOJANV25!$A$6:$BQ$46,25,0),0) -> 125000 | E8: 125000 | G8: =SUM(D8:F8) -> 125000
A9: AS201604 | B9: =VLOOKUP(A9,[5]LISTADHERENT!$A$4:$J$44,3,0) -> DJOMO JEAN PAUL | C9: =IF(G9>0,VLOOKUP(A9,[6]HISTOJANV25!$A$6:$BQ$46,25,0),0) -> 250000 | D9: =250000+41500 -> 291500 | G9: =SUM(D9:F9) -> 291500
A10: AS201654 | B10: =VLOOKUP(A10,[5]LISTADHERENT!$A$4:$J$44,3,0) -> DJOMOU TCHAPDA | C10: =IF(G10>0,VLOOKUP(A10,[6]HISTOJANV25!$A$6:$BQ$46,25,0),0) -> 50000 | E10: 50000 | G10: =SUM(D10:F10) -> 50000
A11: AS201605 | B11: =VLOOKUP(A11,[5]LISTADHERENT!$A$4:$J$44,3,0) -> DJOUKWE NANGUEN GUY BLAISE | C11: =IF(G11>0,VLOOKUP(A11,[6]HISTOJANV25!$A$6:$BQ$46,25,0),0) -> 150000 | E11: 290000 | G11: =SUM(D11:F11) -> 290000
A12: AS201608 | B12: =VLOOKUP(A12,[5]LISTADHERENT!$A$4:$J$44,3,0) -> DJUOMBESSY ANTOINE | C12: =IF(G12>0,VLOOKUP(A12,[6]HISTOJANV25!$A$6:$BQ$46,25,0),0) -> 250000 | D12: 31000 | E12: =365000+101500 -> 466500 | G12: =SUM(D12:F12) -> 497500
A13: AS201651 | B13: =VLOOKUP(A13,[5]LISTADHERENT!$A$4:$J$44,3,0) -> DOMOU FABIEN | C13: =IF(G13>0,VLOOKUP(A13,[6]HISTOJANV25!$A$6:$BQ$46,25,0),0) -> 50000 | E13: 50000 | G13: =SUM(D13:F13) -> 50000
A14: AS201609 | B14: =VLOOKUP(A14,[5]LISTADHERENT!$A$4:$J$44,3,0) -> DONHOU DAVID | C14: =IF(G14>0,VLOOKUP(A14,[6]HISTOJANV25!$A$6:$BQ$46,25,0),0) -> 50000 | E14: 50000 | G14: =SUM(D14:F14) -> 50000
A15: AS201663 | B15: =VLOOKUP(A15,[5]LISTADHERENT!$A$4:$J$44,3,0) -> FAMPOU PAUL | C15: =IF(G15>0,VLOOKUP(A15,[6]HISTOMARS25!$A$6:$BQ$46,25,0),0) -> 150000 | E15: 150000 | G15: =SUM(D15:F15) -> 150000
A16: AS201611 | B16: =VLOOKUP(A16,[5]LISTADHERENT!$A$4:$J$44,3,0) -> HENGUE PAUL OMER | C16: =IF(G16>0,VLOOKUP(A16,[6]HISTOJANV25!$A$6:$BQ$46,25,0),0) -> 125000 | E16: 125000 | G16: =SUM(D16:F16) -> 125000
A17: AS201613 | B17: =VLOOKUP(A17,[5]LISTADHERENT!$A$4:$J$44,3,0) -> HOTCHO BENJAMIN | C17: =IF(G17>0,VLOOKUP(A17,[6]HISTOJANV25!$A$6:$BQ$46,25,0),0) -> 225000 | E17: 342000 | G17: =SUM(D17:F17) -> 342000
A18: AS201617 | B18: =VLOOKUP(A18,[5]LISTADHERENT!$A$4:$J$44,3,0) -> KOUAMOU MOISE | C18: =IF(G18>0,VLOOKUP(A18,[6]HISTOJANV25!$A$6:$BQ$46,25,0),0) -> 150000 | E18: 180000 | G18: =SUM(D18:F18) -> 180000
A19: AS201619 | B19: =VLOOKUP(A19,[5]LISTADHERENT!$A$4:$J$44,3,0) -> KOUATCHO MESSACK | C19: =IF(G19>0,VLOOKUP(A19,[6]HISTOJANV25!$A$6:$BQ$46,25,0),0) -> 225000 | E19: =201000+175000 -> 376000 | G19: =SUM(D19:F19) -> 376000
A20: AS201620 | B20: =VLOOKUP(A20,[5]LISTADHERENT!$A$4:$J$44,3,0) -> LOWE JEAN
A21: AS201661 | B21: =VLOOKUP(A21,[5]LISTADHERENT!$A$4:$J$44,3,0) -> MASSEUNGOUE DAGOBERT | C21: =IF(G21>0,VLOOKUP(A21,[6]HISTOJANV25!$A$6:$BQ$46,25,0),0) -> 50000 | E21: =50000+25000 -> 75000 | G21: =SUM(D21:F21) -> 75000
A22: AS201649 | B22: =VLOOKUP(A22,[5]LISTADHERENT!$A$4:$J$44,3,0) -> MBOGNING TUGMA GUY | C22: =IF(G22>0,VLOOKUP(A22,[6]HISTOJANV25!$A$6:$BQ$46,25,0),0) -> 325000 | E22: 530000 | G22: =SUM(D22:F22) -> 530000
A23: AS201639 | B23: =VLOOKUP(A23,[5]LISTADHERENT!$A$4:$J$44,3,0) -> NANGUEN MARTIN | C23: =IF(G23>0,VLOOKUP(A23,[6]HISTOJANV25!$A$6:$BQ$46,25,0),0) -> 50000 | E23: 50000 | G23: =SUM(D23:F23) -> 50000
A24: AS201621 | B24: =VLOOKUP(A24,[5]LISTADHERENT!$A$4:$J$44,3,0) -> NANKAM APPOLINAIRE | C24: =IF(G24>0,VLOOKUP(A24,[6]HISTOJANV25!$A$6:$BQ$46,25,0),0) -> 125000 | E24: 125000 | G24: =SUM(D24:F24) -> 125000
A25: AS201622 | B25: =VLOOKUP(A25,[5]LISTADHERENT!$A$4:$J$44,3,0) -> NDJOMO ETIENNE | C25: =IF(G25>0,VLOOKUP(A25,[6]HISTOJANV25!$A$6:$BQ$46,25,0),0) -> 250000 | E25: =275000+206500 -> 481500 | G25: =SUM(D25:F25) -> 481500
A26: AS201624 | B26: =VLOOKUP(A26,[5]LISTADHERENT!$A$4:$J$44,3,0) -> NGONDIEP CLAUDE | C26: =IF(G26>0,VLOOKUP(A26,[6]HISTOJANV25!$A$6:$BQ$46,25,0),0) -> 225000 | E26: 240000 | G26: =SUM(D26:F26) -> 240000
A27: AS201626 | B27: =VLOOKUP(A27,[5]LISTADHERENT!$A$4:$J$44,3,0) -> NGUIEMEGNI MATHIEU BLAISE | C27: =IF(G27>0,VLOOKUP(A27,[6]HISTOJANV25!$A$6:$BQ$46,25,0),0) -> 250000 | E27: =240000+103000 -> 343000 | G27: =SUM(D27:F27) -> 343000
A28: AS201628 | B28: =VLOOKUP(A28,[5]LISTADHERENT!$A$4:$J$44,3,0) -> NKAMGANG JUSTIN DEJOLIE | C28: =IF(G28>0,VLOOKUP(A28,[6]HISTOJANV25!$A$6:$BQ$46,25,0),0) -> 50000 | E28: 50000 | G28: =SUM(D28:F28) -> 50000
A29: AS201656 | B29: =VLOOKUP(A29,[5]LISTADHERENT!$A$4:$J$44,3,0) -> NOUBE ETIENNE | C29: =IF(G29>0,VLOOKUP(A29,[6]HISTOJANV25!$A$6:$BQ$46,25,0),0) -> 50000 | E29: 50000 | G29: =SUM(D29:F29) -> 50000
A30: AS201633 | B30: =VLOOKUP(A30,[5]LISTADHERENT!$A$4:$J$44,3,0) -> PATEGO NJOSSU GUSTAVE | C30: =IF(G30>0,VLOOKUP(A30,[6]HISTOJANV25!$A$6:$BQ$46,25,0),0) -> 125000 | E30: 125000 | G30: =SUM(D30:F30) -> 125000
A31: AS201657 | B31: =VLOOKUP(A31,[5]LISTADHERENT!$A$4:$J$44,3,0) -> SEUMO POLYCARPE | C31: =IF(G31>0,VLOOKUP(A31,[6]HISTOJANV25!$A$6:$BQ$46,25,0),0) -> 50000 | E31: 50000 | G31: =SUM(D31:F31) -> 50000
A32: AS201653 | B32: =VLOOKUP(A32,[5]LISTADHERENT!$A$4:$J$44,3,0) -> SIME BRICE | C32: =IF(G32>0,VLOOKUP(A32,[6]HISTOJANV25!$A$6:$BQ$46,25,0),0) -> 250000 | E32: 250000 | G32: =SUM(D32:F32) -> 250000
A33: AS201629 | B33: =VLOOKUP(A33,[5]LISTADHERENT!$A$4:$J$44,3,0) -> SIMO FONGANG ERIC | C33: =IF(G33>0,VLOOKUP(A33,[6]HISTOJANV25!$A$6:$BQ$46,25,0),0) -> 50000 | D33: 50000 | G33: =SUM(D33:F33) -> 50000
A34: AS201638 | B34: =VLOOKUP(A34,[5]LISTADHERENT!$A$4:$J$44,3,0) -> SIMO PIERRE | C34: =IF(G34>0,VLOOKUP(A34,[6]HISTOJANV25!$A$6:$BQ$46,25,0),0) -> 150000 | E34: =130000+45000 -> 175000 | G34: =SUM(D34:F34) -> 175000
A35: AS201641 | B35: =VLOOKUP(A35,[5]LISTADHERENT!$A$4:$J$44,3,0) -> TCHOUAMOU MATHIEU | C35: =IF(G35>0,VLOOKUP(A35,[6]HISTOJANV25!$A$6:$BQ$46,25,0),0) -> 125000 | E35: =125000+102000 -> 227000 | G35: =SUM(D35:F35) -> 227000
A36: AS201660 | B36: =VLOOKUP(A36,[5]LISTADHERENT!$A$4:$J$44,3,0) -> TCHOUATEU AUGUSTIN | C36: =IF(G36>0,VLOOKUP(A36,[6]HISTOJANV25!$A$6:$BQ$46,25,0),0) -> 150000 | E36: 150000 | G36: =SUM(D36:F36) -> 150000
A37: AS201643 | B37: =VLOOKUP(A37,[5]LISTADHERENT!$A$4:$J$44,3,0) -> TCHOUTOU NANA CLAUDE | C37: =IF(G37>0,VLOOKUP(A37,[6]HISTOJANV25!$A$6:$BQ$46,25,0),0) -> 50000 | E37: 50000 | G37: =SUM(D37:F37) -> 50000
A38: AS201662 | B38: =VLOOKUP(A38,[5]LISTADHERENT!$A$4:$J$44,3,0) -> TIEYAM ERNEST | C38: =IF(G38>0,VLOOKUP(A38,[6]HISTOJANV25!$A$6:$BQ$46,25,0),0) -> 50000 | D38: 53000 | G38: =SUM(D38:F38) -> 53000
A39: AS201658 | B39: =VLOOKUP(A39,[5]LISTADHERENT!$A$4:$J$44,3,0) -> YANTCHOU GERVAIS | C39: =IF(G39>0,VLOOKUP(A39,[6]HISTOJANV25!$A$6:$BQ$46,25,0),0) -> 125000 | E39: 125000 | G39: =SUM(D39:F39) -> 125000
A40: AS201646 | B40: =VLOOKUP(A40,[5]LISTADHERENT!$A$4:$J$44,3,0) -> YEPMOU JEAN JACQUES | C40: =IF(G40>0,VLOOKUP(A40,[6]HISTOJANV25!$A$6:$BQ$46,25,0),0) -> 50000 | E40: 50000 | G40: =SUM(D40:F40) -> 50000
A41: AS201659 | B41: =VLOOKUP(A41,[5]LISTADHERENT!$A$4:$J$44,3,0) -> YIALA ALAIN OSCAR | C41: =IF(G41>0,VLOOKUP(A41,[6]HISTOJANV25!$A$6:$BQ$46,25,0),0) -> 250000 | E41: 250000 | G41: =SUM(D41:F41) -> 250000
A42: AS201647 | B42: =VLOOKUP(A42,[5]LISTADHERENT!$A$4:$J$44,3,0) -> YOUMBI EMMANUEL | C42: =IF(G42>0,VLOOKUP(A42,[6]HISTOJANV25!$A$6:$BQ$46,25,0),0) -> 225000 | E42: 225000 | G42: =SUM(D42:F42) -> 225000
B43: LOWE
B44: TOTAUX | C44: =SUM(C6:C42) -> 5125000 | D44: =SUM(D6:D43) -> 475500 | E44: =SUM(E6:E42) -> 6076000 | F44: =SUM(F6:F42) -> 0 | G44: =SUM(G6:G42) -> 6551500 | H44: =SUM(H6:H42) -> 4770
B47: LOWE | D47: 50000

Sheet HISTOBQUEAOUT25
A1: ASSOCIATION | B1: ASELBY | C1: 45870
A2: ANNEE | B2: 2025
A3: 1 | B3: 2 | C3: 3 | D3: 4 | E3: 5 | F3: 6 | G3: 7
B4: HISTORIQUE BANCAIRE
A5: MATRICULE | B5: NOM ET PRENOM | C5: HISTORIQUE TONTINE | D5: HITORIQUE ESPECES | E5: HITORIQUE BANQUE | F5: AUTRE VERSEMENT | G5: MONTANT ENGAGEMENT | H5: AGIO
A6: AS201648 | B6: =VLOOKUP(A6,[5]LISTADHERENT!$A$4:$J$44,3,0) -> ASELBY | C6: =IF(G6>0,VLOOKUP(A6,[6]HISTOJANV25!$A$6:$BQ$46,25,0),0) -> 250000 | E6: 250000 | G6: =SUM(D6:F6) -> 250000 | H6: 2385
A7: AS201601 | B7: =VLOOKUP(A7,[5]LISTADHERENT!$A$4:$J$44,3,0) -> BAKOP ACHILLE | C7: =IF(G7>0,VLOOKUP(A7,[6]HISTOJANV25!$A$6:$BQ$46,25,0),0) -> 50000 | D7: 50000 | G7: =SUM(D7:F7) -> 50000
A8: AS201602 | B8: =VLOOKUP(A8,[5]LISTADHERENT!$A$4:$J$44,3,0) -> BOUTCHOUANG WILLIAM | C8: =IF(G8>0,VLOOKUP(A8,[6]HISTOJANV25!$A$6:$BQ$46,25,0),0) -> 125000 | E8: 125000 | G8: =SUM(D8:F8) -> 125000
A9: AS201604 | B9: =VLOOKUP(A9,[5]LISTADHERENT!$A$4:$J$44,3,0) -> DJOMO JEAN PAUL | C9: =IF(G9>0,VLOOKUP(A9,[6]HISTOJANV25!$A$6:$BQ$46,25,0),0) -> 250000 | D9: =351000+102500 -> 453500 | G9: =SUM(D9:F9) -> 453500
A10: AS201654 | B10: =VLOOKUP(A10,[5]LISTADHERENT!$A$4:$J$44,3,0) -> DJOMOU TCHAPDA | C10: =IF(G10>0,VLOOKUP(A10,[6]HISTOJANV25!$A$6:$BQ$46,25,0),0) -> 50000 | E10: 77000 | G10: =SUM(D10:F10) -> 77000
A11: AS201605 | B11: =VLOOKUP(A11,[5]LISTADHERENT!$A$4:$J$44,3,0) -> DJOUKWE NANGUEN GUY BLAISE | C11: =IF(G11>0,VLOOKUP(A11,[6]HISTOJANV25!$A$6:$BQ$46,25,0),0) -> 150000 | E11: 400000 | G11: =SUM(D11:F11) -> 400000
A12: AS201608 | B12: =VLOOKUP(A12,[5]LISTADHERENT!$A$4:$J$44,3,0) -> DJUOMBESSY ANTOINE | C12: =IF(G12>0,VLOOKUP(A12,[6]HISTOJANV25!$A$6:$BQ$46,25,0),0) -> 250000 | E12: =300000+125000+104500 -> 529500 | G12: =SUM(D12:F12) -> 529500
A13: AS201651 | B13: =VLOOKUP(A13,[5]LISTADHERENT!$A$4:$J$44,3,0) -> DOMOU FABIEN | C13: =IF(G13>0,VLOOKUP(A13,[6]HISTOJANV25!$A$6:$BQ$46,25,0),0) -> 50000 | E13: 50000 | G13: =SUM(D13:F13) -> 50000
A14: AS201609 | B14: =VLOOKUP(A14,[5]LISTADHERENT!$A$4:$J$44,3,0) -> DONHOU DAVID | C14: =IF(G14>0,VLOOKUP(A14,[6]HISTOJANV25!$A$6:$BQ$46,25,0),0) -> 50000 | E14: 50000 | G14: =SUM(D14:F14) -> 50000
A15: AS201663 | B15: =VLOOKUP(A15,[5]LISTADHERENT!$A$4:$J$44,3,0) -> FAMPOU PAUL | C15: =IF(G15>0,VLOOKUP(A15,[6]HISTOMARS25!$A$6:$BQ$46,25,0),0) -> 150000 | E15: 251000 | G15: =SUM(D15:F15) -> 251000
A16: AS201611 | B16: =VLOOKUP(A16,[5]LISTADHERENT!$A$4:$J$44,3,0) -> HENGUE PAUL OMER | C16: =IF(G16>0,VLOOKUP(A16,[6]HISTOJANV25!$A$6:$BQ$46,25,0),0) -> 125000 | E16: 125000 | G16: =SUM(D16:F16) -> 125000
A17: AS201613 | B17: =VLOOKUP(A17,[5]LISTADHERENT!$A$4:$J$44,3,0) -> HOTCHO BENJAMIN | C17: =IF(G17>0,VLOOKUP(A17,[6]HISTOJANV25!$A$6:$BQ$46,25,0),0) -> 225000 | E17: 250000 | G17: =SUM(D17:F17) -> 250000
A18: AS201617 | B18: =VLOOKUP(A18,[5]LISTADHERENT!$A$4:$J$44,3,0) -> KOUAMOU MOISE | C18: =IF(G18>0,VLOOKUP(A18,[6]HISTOJANV25!$A$6:$BQ$46,25,0),0) -> 150000 | E18: 150000 | G18: =SUM(D18:F18) -> 150000
A19: AS201619 | B19: =VLOOKUP(A19,[5]LISTADHERENT!$A$4:$J$44,3,0) -> KOUATCHO MESSACK | C19: =IF(G19>0,VLOOKUP(A19,[6]HISTOJANV25!$A$6:$BQ$46,25,0),0) -> 225000 | E19: =235000+135000 -> 370000 | G19: =SUM(D19:F19) -> 370000
A20: AS201620 | B20: =VLOOKUP(A20,[5]LISTADHERENT!$A$4:$J$44,3,0) -> LOWE JEAN
A21: AS201661 | B21: =VLOOKUP(A21,[5]LISTADHERENT!$A$4:$J$44,3,0) -> MASSEUNGOUE DAGOBERT | C21: =IF(G21>0,VLOOKUP(A21,[6]HISTOJANV25!$A$6:$BQ$46,25,0),0) -> 50000 | E21: 50000 | G21: =SUM(D21:F21) -> 50000
A22: AS201649 | B22: =VLOOKUP(A22,[5]LISTADHERENT!$A$4:$J$44,3,0) -> MBOGNING TUGMA GUY | C22: =IF(G22>0,VLOOKUP(A22,[6]HISTOJANV25!$A$6:$BQ$46,25,0),0) -> 325000 | E22: =530000+104500 -> 634500 | G22: =SUM(D22:F22) -> 634500
A23: AS201639 | B23: =VLOOKUP(A23,[5]LISTADHERENT!$A$4:$J$44,3,0) -> NANGUEN MARTIN | C23: =IF(G23>0,VLOOKUP(A23,[6]HISTOJANV25!$A$6:$BQ$46,25,0),0) -> 50000 | E23: 50000 | G23: =SUM(D23:F23) -> 50000
A24: AS201621 | B24: =VLOOKUP(A24,[5]LISTADHERENT!$A$4:$J$44,3,0) -> NANKAM APPOLINAIRE | C24: =IF(G24>0,VLOOKUP(A24,[6]HISTOJANV25!$A$6:$BQ$46,25,0),0) -> 125000 | E24: 125000 | G24: =SUM(D24:F24) -> 125000
A25: AS201622 | B25: =VLOOKUP(A25,[5]LISTADHERENT!$A$4:$J$44,3,0) -> NDJOMO ETIENNE | C25: =IF(G25>0,VLOOKUP(A25,[6]HISTOJANV25!$A$6:$BQ$46,25,0),0) -> 250000 | E25: =260000+206000 -> 466000 | G25: =SUM(D25:F25) -> 466000
A26: AS201624 | B26: =VLOOKUP(A26,[5]LISTADHERENT!$A$4:$J$44,3,0) -> NGONDIEP CLAUDE | C26: =IF(G26>0,VLOOKUP(A26,[6]HISTOJANV25!$A$6:$BQ$46,25,0),0) -> 225000 | E26: =240000+125000 -> 365000 | G26: =SUM(D26:F26) -> 365000
A27: AS201626 | B27: =VLOOKUP(A27,[5]LISTADHERENT!$A$4:$J$44,3,0) -> NGUIEMEGNI MATHIEU BLAISE | C27: =IF(G27>0,VLOOKUP(A27,[6]HISTOJANV25!$A$6:$BQ$46,25,0),0) -> 250000 | E27: =170000+150000 -> 320000 | F27: 133500 | G27: =SUM(D27:F27) -> 453500
A28: AS201628 | B28: =VLOOKUP(A28,[5]LISTADHERENT!$A$4:$J$44,3,0) -> NKAMGANG JUSTIN DEJOLIE | C28: =IF(G28>0,VLOOKUP(A28,[6]HISTOJANV25!$A$6:$BQ$46,25,0),0) -> 50000 | E28: 50000 | G28: =SUM(D28:F28) -> 50000
A29: AS201656 | B29: =VLOOKUP(A29,[5]LISTADHERENT!$A$4:$J$44,3,0) -> NOUBE ETIENNE | C29: =IF(G29>0,VLOOKUP(A29,[6]HISTOJANV25!$A$6:$BQ$46,25,0),0) -> 50000 | E29: 50000 | G29: =SUM(D29:F29) -> 50000
A30: AS201633 | B30: =VLOOKUP(A30,[5]LISTADHERENT!$A$4:$J$44,3,0) -> PATEGO NJOSSU GUSTAVE | C30: =IF(G30>0,VLOOKUP(A30,[6]HISTOJANV25!$A$6:$BQ$46,25,0),0) -> 125000 | E30: 125000 | G30: =SUM(D30:F30) -> 125000
A31: AS201657 | B31: =VLOOKUP(A31,[5]LISTADHERENT!$A$4:$J$44,3,0) -> SEUMO POLYCARPE | C31: =IF(G31>0,VLOOKUP(A31,[6]HISTOJANV25!$A$6:$BQ$46,25,0),0) -> 50000 | E31: 50000 | G31: =SUM(D31:F31) -> 50000
A32: AS201653 | B32: =VLOOKUP(A32,[5]LISTADHERENT!$A$4:$J$44,3,0) -> SIME BRICE | C32: =IF(G32>0,VLOOKUP(A32,[6]HISTOJANV25!$A$6:$BQ$46,25,0),0) -> 250000 | E32: 250000 | G32: =SUM(D32:F32) -> 250000
A33: AS201629 | B33: =VLOOKUP(A33,[5]LISTADHERENT!$A$4:$J$44,3,0) -> SIMO FONGANG ERIC | C33: =IF(G33>0,VLOOKUP(A33,[6]HISTOJANV25!$A$6:$BQ$46,25,0),0) -> 50000 | D33: 50000 | G33: =SUM(D33:F33) -> 50000
A34: AS201638 | B34: =VLOOKUP(A34,[5]LISTADHERENT!$A$4:$J$44,3,0) -> SIMO PIERRE | C34: =IF(G34>0,VLOOKUP(A34,[6]HISTOJANV25!$A$6:$BQ$46,25,0),0) -> 150000 | E34: =110000+75000 -> 185000 | G34: =SUM(D34:F34) -> 185000
A35: AS201641 | B35: =VLOOKUP(A35,[5]LISTADHERENT!$A$4:$J$44,3,0) -> TCHOUAMOU MATHIEU | C35: =IF(G35>0,VLOOKUP(A35,[6]HISTOJANV25!$A$6:$BQ$46,25,0),0) -> 125000 | E35: =125000+102000 -> 227000 | G35: =SUM(D35:F35) -> 227000
A36: AS201660 | B36: =VLOOKUP(A36,[5]LISTADHERENT!$A$4:$J$44,3,0) -> TCHOUATEU AUGUSTIN | C36: =IF(G36>0,VLOOKUP(A36,[6]HISTOJANV25!$A$6:$BQ$46,25,0),0) -> 150000 | E36: 150000 | G36: =SUM(D36:F36) -> 150000
A37: AS201643 | B37: =VLOOKUP(A37,[5]LISTADHERENT!$A$4:$J$44,3,0) -> TCHOUTOU NANA CLAUDE | C37: =IF(G37>0,VLOOKUP(A37,[6]HISTOJANV25!$A$6:$BQ$46,25,0),0) -> 50000 | E37: 50000 | G37: =SUM(D37:F37) -> 50000
A38: AS201662 | B38: =VLOOKUP(A38,[5]LISTADHERENT!$A$4:$J$44,3,0) -> TIEYAM ERNEST | C38: =IF(G38>0,VLOOKUP(A38,[6]HISTOJANV25!$A$6:$BQ$46,25,0),0) -> 50000 | E38: 50000 | G38: =SUM(D38:F38) -> 50000
A39: AS201658 | B39: =VLOOKUP(A39,[5]LISTADHERENT!$A$4:$J$44,3,0) -> YANTCHOU GERVAIS | C39: =IF(G39>0,VLOOKUP(A39,[6]HISTOJANV25!$A$6:$BQ$46,25,0),0) -> 125000 | E39: 125000 | G39: =SUM(D39:F39) -> 125000
A40: AS201646 | B40: =VLOOKUP(A40,[5]LISTADHERENT!$A$4:$J$44,3,0) -> YEPMOU JEAN JACQUES | C40: =IF(G40>0,VLOOKUP(A40,[6]HISTOJANV25!$A$6:$BQ$46,25,0),0) -> 50000 | E40: 50000 | G40: =SUM(D40:F40) -> 50000
A41: AS201659 | B41: =VLOOKUP(A41,[5]LISTADHERENT!$A$4:$J$44,3,0) -> YIALA ALAIN OSCAR | C41: =IF(G41>0,VLOOKUP(A41,[6]HISTOJANV25!$A$6:$BQ$46,25,0),0) -> 250000 | D41: 253000 | G41: =SUM(D41:F41) -> 253000
A42: AS201647 | B42: =VLOOKUP(A42,[5]LISTADHERENT!$A$4:$J$44,3,0) -> YOUMBI EMMANUEL | C42: =IF(G42>0,VLOOKUP(A42,[6]HISTOJANV25!$A$6:$BQ$46,25,0),0) -> 225000 | E42: 225000 | G42: =SUM(D42:F42) -> 225000
G43: =SUM(D43:F43) -> 0
B44: TOTAUX | C44: =SUM(C6:C42) -> 5125000 | D44: =SUM(D6:D42) -> 806500 | E44: =SUM(E6:E43) -> 6225000 | F44: =SUM(F6:F42) -> 133500 | G44: =SUM(G6:G43) -> 7165000 | H44: =SUM(H6:H42) -> 2385
B46: F0TSO THOMAS | E46: 20000
B47: LOWE | E47: 50000

Sheet HISTOBQUESEPT25
A1: ASSOCIATION | B1: ASELBY | C1: 45901
A2: ANNEE | B2: 2025
A3: 1 | B3: 2 | C3: 3 | D3: 4 | E3: 5 | F3: 6 | G3: 7
B4: HISTORIQUE BANCAIRE
A5: MATRICULE | B5: NOM ET PRENOM | C5: HISTORIQUE TONTINE | D5: HITORIQUE ESPECES | E5: HITORIQUE BANQUE | F5: AUTRE VERSEMENT | G5: MONTANT ENGAGEMENT | H5: AGIO
A6: AS201648 | B6: =VLOOKUP(A6,[5]LISTADHERENT!$A$4:$J$44,3,0) -> ASELBY | C6: =IF(G6>0,VLOOKUP(A6,[6]HISTOJANV25!$A$6:$BQ$46,25,0),0) -> 250000 | E6: 250000 | G6: =SUM(D6:F6) -> 250000 | H6: 1193
A7: AS201601 | B7: =VLOOKUP(A7,[5]LISTADHERENT!$A$4:$J$44,3,0) -> BAKOP ACHILLE | C7: =IF(G7>0,VLOOKUP(A7,[6]HISTOJANV25!$A$6:$BQ$46,25,0),0) -> 50000 | D7: 50000 | G7: =SUM(D7:F7) -> 50000
A8: AS201602 | B8: =VLOOKUP(A8,[5]LISTADHERENT!$A$4:$J$44,3,0) -> BOUTCHOUANG WILLIAM | C8: =IF(G8>0,VLOOKUP(A8,[6]HISTOJANV25!$A$6:$BQ$46,25,0),0) -> 125000 | E8: 125000 | G8: =SUM(D8:F8) -> 125000
A9: AS201604 | B9: =VLOOKUP(A9,[5]LISTADHERENT!$A$4:$J$44,3,0) -> DJOMO JEAN PAUL | C9: =IF(G9>0,VLOOKUP(A9,[6]HISTOJANV25!$A$6:$BQ$46,25,0),0) -> 250000 | D9: 382000 | G9: =SUM(D9:F9) -> 382000
A10: AS201654 | B10: =VLOOKUP(A10,[5]LISTADHERENT!$A$4:$J$44,3,0) -> DJOMOU TCHAPDA | C10: =IF(G10>0,VLOOKUP(A10,[6]HISTOJANV25!$A$6:$BQ$46,25,0),0) -> 50000 | D10: 61000 | E10: 50000 | G10: =SUM(D10:F10) -> 111000
A11: AS201605 | B11: =VLOOKUP(A11,[5]LISTADHERENT!$A$4:$J$44,3,0) -> DJOUKWE NANGUEN GUY BLAISE | C11: =IF(G11>0,VLOOKUP(A11,[6]HISTOJANV25!$A$6:$BQ$46,25,0),0) -> 150000 | E11: 150000 | G11: =SUM(D11:F11) -> 150000
A12: AS201608 | B12: =VLOOKUP(A12,[5]LISTADHERENT!$A$4:$J$44,3,0) -> DJUOMBESSY ANTOINE | C12: =IF(G12>0,VLOOKUP(A12,[6]HISTOJANV25!$A$6:$BQ$46,25,0),0) -> 250000 | E12: =100000+160000+101000 -> 361000 | G12: =SUM(D12:F12) -> 361000
A13: AS201651 | B13: =VLOOKUP(A13,[5]LISTADHERENT!$A$4:$J$44,3,0) -> DOMOU FABIEN | C13: =IF(G13>0,VLOOKUP(A13,[6]HISTOJANV25!$A$6:$BQ$46,25,0),0) -> 50000 | E13: 50000 | G13: =SUM(D13:F13) -> 50000
A14: AS201609 | B14: =VLOOKUP(A14,[5]LISTADHERENT!$A$4:$J$44,3,0) -> DONHOU DAVID | C14: =IF(G14>0,VLOOKUP(A14,[6]HISTOJANV25!$A$6:$BQ$46,25,0),0) -> 50000 | E14: 50000 | G14: =SUM(D14:F14) -> 50000
A15: AS201663 | B15: =VLOOKUP(A15,[5]LISTADHERENT!$A$4:$J$44,3,0) -> FAMPOU PAUL | C15: =IF(G15>0,VLOOKUP(A15,[6]HISTOMARS25!$A$6:$BQ$46,25,0),0) -> 150000 | E15: 150000 | F15: 800000 | G15: =SUM(D15:F15) -> 950000
A16: AS201611 | B16: =VLOOKUP(A16,[5]LISTADHERENT!$A$4:$J$44,3,0) -> HENGUE PAUL OMER | C16: =IF(G16>0,VLOOKUP(A16,[6]HISTOJANV25!$A$6:$BQ$46,25,0),0) -> 125000 | E16: 125000 | G16: =SUM(D16:F16) -> 125000
A17: AS201613 | B17: =VLOOKUP(A17,[5]LISTADHERENT!$A$4:$J$44,3,0) -> HOTCHO BENJAMIN | C17: =IF(G17>0,VLOOKUP(A17,[6]HISTOJANV25!$A$6:$BQ$46,25,0),0) -> 225000 | E17: =250000+234000 -> 484000 | G17: =SUM(D17:F17) -> 484000
A18: AS201617 | B18: =VLOOKUP(A18,[5]LISTADHERENT!$A$4:$J$44,3,0) -> KOUAMOU MOISE | C18: =IF(G18>0,VLOOKUP(A18,[6]HISTOJANV25!$A$6:$BQ$46,25,0),0) -> 150000 | E18: 150000 | G18: =SUM(D18:F18) -> 150000
A19: AS201619 | B19: =VLOOKUP(A19,[5]LISTADHERENT!$A$4:$J$44,3,0) -> KOUATCHO MESSACK | C19: =IF(G19>0,VLOOKUP(A19,[6]HISTOJANV25!$A$6:$BQ$46,25,0),0) -> 225000 | D19: 30500 | E19: 641000 | G19: =SUM(D19:F19) -> 671500
A20: AS201620 | B20: =VLOOKUP(A20,[5]LISTADHERENT!$A$4:$J$44,3,0) -> LOWE JEAN
A21: AS201661 | B21: =VLOOKUP(A21,[5]LISTADHERENT!$A$4:$J$44,3,0) -> MASSEUNGOUE DAGOBERT | C21: =IF(G21>0,VLOOKUP(A21,[6]HISTOJANV25!$A$6:$BQ$46,25,0),0) -> 50000 | E21: 50000 | G21: =SUM(D21:F21) -> 50000
A22: AS201649 | B22: =VLOOKUP(A22,[5]LISTADHERENT!$A$4:$J$44,3,0) -> MBOGNING TUGMA GUY | C22: =IF(G22>0,VLOOKUP(A22,[6]HISTOJANV25!$A$6:$BQ$46,25,0),0) -> 325000 | D22: =103000+158000 -> 261000 | E22: 471000 | G22: =SUM(D22:F22) -> 732000
A23: AS201639 | B23: =VLOOKUP(A23,[5]LISTADHERENT!$A$4:$J$44,3,0) -> NANGUEN MARTIN | C23: =IF(G23>0,VLOOKUP(A23,[6]HISTOJANV25!$A$6:$BQ$46,25,0),0) -> 50000 | E23: 50000 | G23: =SUM(D23:F23) -> 50000
A24: AS201621 | B24: =VLOOKUP(A24,[5]LISTADHERENT!$A$4:$J$44,3,0) -> NANKAM APPOLINAIRE | C24: =IF(G24>0,VLOOKUP(A24,[6]HISTOJANV25!$A$6:$BQ$46,25,0),0) -> 125000 | E24: 125000 | G24: =SUM(D24:F24) -> 125000
A25: AS201622 | B25: =VLOOKUP(A25,[5]LISTADHERENT!$A$4:$J$44,3,0) -> NDJOMO ETIENNE | C25: =IF(G25>0,VLOOKUP(A25,[6]HISTOJANV25!$A$6:$BQ$46,25,0),0) -> 250000 | E25: =260000+202000 -> 462000 | G25: =SUM(D25:F25) -> 462000
A26: AS201624 | B26: =VLOOKUP(A26,[5]LISTADHERENT!$A$4:$J$44,3,0) -> NGONDIEP CLAUDE | C26: =IF(G26>0,VLOOKUP(A26,[6]HISTOJANV25!$A$6:$BQ$46,25,0),0) -> 225000 | D26: =240000 -> 240000 | E26: 52500 | G26: =SUM(D26:F26) -> 292500
A27: AS201626 | B27: =VLOOKUP(A27,[5]LISTADHERENT!$A$4:$J$44,3,0) -> NGUIEMEGNI MATHIEU BLAISE | C27: =IF(G27>0,VLOOKUP(A27,[6]HISTOJANV25!$A$6:$BQ$46,25,0),0) -> 250000 | E27: =120000+80000+100000+50000 -> 350000 | G27: =SUM(D27:F27) -> 350000
A28: AS201628 | B28: =VLOOKUP(A28,[5]LISTADHERENT!$A$4:$J$44,3,0) -> NKAMGANG JUSTIN DEJOLIE | C28: =IF(G28>0,VLOOKUP(A28,[6]HISTOJANV25!$A$6:$BQ$46,25,0),0) -> 50000 | E28: =655000-50000-50000-202000-202000-101000 -> 50000 | G28: =SUM(D28:F28) -> 50000
A29: AS201656 | B29: =VLOOKUP(A29,[5]LISTADHERENT!$A$4:$J$44,3,0) -> NOUBE ETIENNE | C29: =IF(G29>0,VLOOKUP(A29,[6]HISTOJANV25!$A$6:$BQ$46,25,0),0) -> 50000 | E29: 50000 | G29: =SUM(D29:F29) -> 50000
A30: AS201633 | B30: =VLOOKUP(A30,[5]LISTADHERENT!$A$4:$J$44,3,0) -> PATEGO NJOSSU GUSTAVE | C30: =IF(G30>0,VLOOKUP(A30,[6]HISTOJANV25!$A$6:$BQ$46,25,0),0) -> 125000 | E30: 125000 | G30: =SUM(D30:F30) -> 125000
A31: AS201657 | B31: =VLOOKUP(A31,[5]LISTADHERENT!$A$4:$J$44,3,0) -> SEUMO POLYCARPE | C31: =IF(G31>0,VLOOKUP(A31,[6]HISTOJANV25!$A$6:$BQ$46,25,0),0) -> 50000 | E31: 50000 | G31: =SUM(D31:F31) -> 50000
A32: AS201653 | B32: =VLOOKUP(A32,[5]LISTADHERENT!$A$4:$J$44,3,0) -> SIME BRICE | C32: =IF(G32>0,VLOOKUP(A32,[6]HISTOJANV25!$A$6:$BQ$46,25,0),0) -> 250000 | E32: 250000 | G32: =SUM(D32:F32) -> 250000
A33: AS201629 | B33: =VLOOKUP(A33,[5]LISTADHERENT!$A$4:$J$44,3,0) -> SIMO FONGANG ERIC | C33: =IF(G33>0,VLOOKUP(A33,[6]HISTOJANV25!$A$6:$BQ$46,25,0),0) -> 50000 | E33: 50000 | G33: =SUM(D33:F33) -> 50000
A34: AS201638 | B34: =VLOOKUP(A34,[5]LISTADHERENT!$A$4:$J$44,3,0) -> SIMO PIERRE | C34: =IF(G34>0,VLOOKUP(A34,[6]HISTOJANV25!$A$6:$BQ$46,25,0),0) -> 0 | G34: =SUM(D34:F34) -> 0
A35: AS201641 | B35: =VLOOKUP(A35,[5]LISTADHERENT!$A$4:$J$44,3,0) -> TCHOUAMOU MATHIEU | C35: =IF(G35>0,VLOOKUP(A35,[6]HISTOJANV25!$A$6:$BQ$46,25,0),0) -> 125000 | E35: =125000+202000 -> 327000 | G35: =SUM(D35:F35) -> 327000
A36: AS201660 | B36: =VLOOKUP(A36,[5]LISTADHERENT!$A$4:$J$44,3,0) -> TCHOUATEU AUGUSTIN | C36: =IF(G36>0,VLOOKUP(A36,[6]HISTOJANV25!$A$6:$BQ$46,25,0),0) -> 150000 | E36: 150000 | G36: =SUM(D36:F36) -> 150000
A37: AS201643 | B37: =VLOOKUP(A37,[5]LISTADHERENT!$A$4:$J$44,3,0) -> TCHOUTOU NANA CLAUDE | C37: =IF(G37>0,VLOOKUP(A37,[6]HISTOJANV25!$A$6:$BQ$46,25,0),0) -> 50000 | E37: 50000 | G37: =SUM(D37:F37) -> 50000
A38: AS201662 | B38: =VLOOKUP(A38,[5]LISTADHERENT!$A$4:$J$44,3,0) -> TIEYAM ERNEST | C38: =IF(G38>0,VLOOKUP(A38,[6]HISTOJANV25!$A$6:$BQ$46,25,0),0) -> 50000 | E38: 50000 | G38: =SUM(D38:F38) -> 50000
A39: AS201658 | B39: =VLOOKUP(A39,[5]LISTADHERENT!$A$4:$J$44,3,0) -> YANTCHOU GERVAIS | C39: =IF(G39>0,VLOOKUP(A39,[6]HISTOJANV25!$A$6:$BQ$46,25,0),0) -> 125000 | E39: =130000+102000 -> 232000 | G39: =SUM(D39:F39) -> 232000
A40: AS201646 | B40: =VLOOKUP(A40,[5]LISTADHERENT!$A$4:$J$44,3,0) -> YEPMOU JEAN JACQUES | C40: =IF(G40>0,VLOOKUP(A40,[6]HISTOJANV25!$A$6:$BQ$46,25,0),0) -> 50000 | E40: 50000 | G40: =SUM(D40:F40) -> 50000
A41: AS201659 | B41: =VLOOKUP(A41,[5]LISTADHERENT!$A$4:$J$44,3,0) -> YIALA ALAIN OSCAR | C41: =IF(G41>0,VLOOKUP(A41,[6]HISTOJANV25!$A$6:$BQ$46,25,0),0) -> 250000 | E41: 250000 | G41: =SUM(D41:F41) -> 250000
A42: AS201647 | B42: =VLOOKUP(A42,[5]LISTADHERENT!$A$4:$J$44,3,0) -> YOUMBI EMMANUEL | C42: =IF(G42>0,VLOOKUP(A42,[6]HISTOJANV25!$A$6:$BQ$46,25,0),0) -> 225000 | E42: 225000 | G42: =SUM(D42:F42) -> 225000
B43: LOWE | E43: 50000
B44: TOTAUX | C44: =SUM(C6:C42) -> 4975000 | D44: =SUM(D6:D42) -> 1024500 | E44: =SUM(E6:E42) -> 6055500 | F44: =SUM(F6:F42) -> 800000 | G44: =SUM(G6:G42) -> 7880000 | H44: =SUM(H6:H42) -> 1193

Sheet HISTOBQUEOCT25
A1: ASSOCIATION | B1: ASELBY | C1: 45931
A2: ANNEE | B2: 2025
A3: 1 | B3: 2 | C3: 3 | D3: 4 | E3: 5 | F3: 6 | G3: 7
B4: HISTORIQUE BANCAIRE
A5: MATRICULE | B5: NOM ET PRENOM | C5: HISTORIQUE TONTINE | D5: HITORIQUE ESPECES | E5: HITORIQUE BANQUE | F5: AUTRE VERSEMENT | G5: MONTANT ENGAGEMENT | H5: AGIO
A6: AS201648 | B6: =VLOOKUP(A6,[5]LISTADHERENT!$A$4:$J$44,3,0) -> ASELBY | C6: =IF(G6>0,VLOOKUP(A6,[6]HISTOJANV25!$A$6:$BQ$46,25,0),0) -> 250000 | E6: 250000 | G6: =SUM(D6:F6) -> 250000 | H6: =2385+1193 -> 3578
A7: AS201601 | B7: =VLOOKUP(A7,[5]LISTADHERENT!$A$4:$J$44,3,0) -> BAKOP ACHILLE | C7: =IF(G7>0,VLOOKUP(A7,[6]HISTOJANV25!$A$6:$BQ$46,25,0),0) -> 50000 | D7: 50000 | G7: =SUM(D7:F7) -> 50000
A8: AS201602 | B8: =VLOOKUP(A8,[5]LISTADHERENT!$A$4:$J$44,3,0) -> BOUTCHOUANG WILLIAM | C8: =IF(G8>0,VLOOKUP(A8,[6]HISTOJANV25!$A$6:$BQ$46,25,0),0) -> 125000 | D8: 101000 | E8: 125000 | G8: =SUM(D8:F8) -> 226000
A9: AS201604 | B9: =VLOOKUP(A9,[5]LISTADHERENT!$A$4:$J$44,3,0) -> DJOMO JEAN PAUL | C9: =IF(G9>0,VLOOKUP(A9,[6]HISTOJANV25!$A$6:$BQ$46,25,0),0) -> 250000 | D9: 476500 | G9: =SUM(D9:F9) -> 476500
A10: AS201654 | B10: =VLOOKUP(A10,[5]LISTADHERENT!$A$4:$J$44,3,0) -> DJOMOU TCHAPDA | C10: =IF(G10>0,VLOOKUP(A10,[6]HISTOJANV25!$A$6:$BQ$46,25,0),0) -> 50000 | E10: 50000 | G10: =SUM(D10:F10) -> 50000
A11: AS201605 | B11: =VLOOKUP(A11,[5]LISTADHERENT!$A$4:$J$44,3,0) -> DJOUKWE NANGUEN GUY BLAISE | C11: =IF(G11>0,VLOOKUP(A11,[6]HISTOJANV25!$A$6:$BQ$46,25,0),0) -> 150000 | D11: 205500 | E11: =150000 -> 150000 | G11: =SUM(D11:F11) -> 355500
A12: AS201608 | B12: =VLOOKUP(A12,[5]LISTADHERENT!$A$4:$J$44,3,0) -> DJUOMBESSY ANTOINE | C12: =IF(G12>0,VLOOKUP(A12,[6]HISTOJANV25!$A$6:$BQ$46,25,0),0) -> 250000 | E12: =425000+150000+350000+200000 -> 1125000 | G12: =SUM(D12:F12) -> 1125000
A13: AS201651 | B13: =VLOOKUP(A13,[5]LISTADHERENT!$A$4:$J$44,3,0) -> DOMOU FABIEN | C13: =IF(G13>0,VLOOKUP(A13,[6]HISTOJANV25!$A$6:$BQ$46,25,0),0) -> 50000 | E13: 50000 | G13: =SUM(D13:F13) -> 50000
A14: AS201609 | B14: =VLOOKUP(A14,[5]LISTADHERENT!$A$4:$J$44,3,0) -> DONHOU DAVID | C14: =IF(G14>0,VLOOKUP(A14,[6]HISTOJANV25!$A$6:$BQ$46,25,0),0) -> 50000 | E14: 50000 | G14: =SUM(D14:F14) -> 50000
A15: AS201663 | B15: =VLOOKUP(A15,[5]LISTADHERENT!$A$4:$J$44,3,0) -> FAMPOU PAUL | C15: =IF(G15>0,VLOOKUP(A15,[6]HISTOMARS25!$A$6:$BQ$46,25,0),0) -> 150000 | E15: 150000 | G15: =SUM(D15:F15) -> 150000
A16: AS201611 | B16: =VLOOKUP(A16,[5]LISTADHERENT!$A$4:$J$44,3,0) -> HENGUE PAUL OMER | C16: =IF(G16>0,VLOOKUP(A16,[6]HISTOJANV25!$A$6:$BQ$46,25,0),0) -> 125000 | E16: 125000 | G16: =SUM(D16:F16) -> 125000
A17: AS201613 | B17: =VLOOKUP(A17,[5]LISTADHERENT!$A$4:$J$44,3,0) -> HOTCHO BENJAMIN | C17: =IF(G17>0,VLOOKUP(A17,[6]HISTOJANV25!$A$6:$BQ$46,25,0),0) -> 225000 | E17: =250000+101500 -> 351500 | G17: =SUM(D17:F17) -> 351500
A18: AS201617 | B18: =VLOOKUP(A18,[5]LISTADHERENT!$A$4:$J$44,3,0) -> KOUAMOU MOISE | C18: =IF(G18>0,VLOOKUP(A18,[6]HISTOJANV25!$A$6:$BQ$46,25,0),0) -> 150000 | D18: 50000 | E18: 100000 | G18: =SUM(D18:F18) -> 150000
A19: AS201619 | B19: =VLOOKUP(A19,[5]LISTADHERENT!$A$4:$J$44,3,0) -> KOUATCHO MESSACK | C19: =IF(G19>0,VLOOKUP(A19,[6]HISTOJANV25!$A$6:$BQ$46,25,0),0) -> 225000 | D19: =201000+60000+75000 -> 336000 | G19: =SUM(D19:F19) -> 336000
A20: AS201620 | B20: =VLOOKUP(A20,[5]LISTADHERENT!$A$4:$J$44,3,0) -> LOWE JEAN
A21: AS201661 | B21: =VLOOKUP(A21,[5]LISTADHERENT!$A$4:$J$44,3,0) -> MASSEUNGOUE DAGOBERT | C21: =IF(G21>0,VLOOKUP(A21,[6]HISTOJANV25!$A$6:$BQ$46,25,0),0) -> 50000 | E21: 50000 | G21: =SUM(D21:F21) -> 50000
A22: AS201649 | B22: =VLOOKUP(A22,[5]LISTADHERENT!$A$4:$J$44,3,0) -> MBOGNING TUGMA GUY | C22: =IF(G22>0,VLOOKUP(A22,[6]HISTOJANV25!$A$6:$BQ$46,25,0),0) -> 325000 | D22: 205000 | E22: =530000-101500 -> 428500 | G22: =SUM(D22:F22) -> 633500
A23: AS201639 | B23: =VLOOKUP(A23,[5]LISTADHERENT!$A$4:$J$44,3,0) -> NANGUEN MARTIN | C23: =IF(G23>0,VLOOKUP(A23,[6]HISTOJANV25!$A$6:$BQ$46,25,0),0) -> 50000 | E23: 50000 | G23: =SUM(D23:F23) -> 50000
A24: AS201621 | B24: =VLOOKUP(A24,[5]LISTADHERENT!$A$4:$J$44,3,0) -> NANKAM APPOLINAIRE | C24: =IF(G24>0,VLOOKUP(A24,[6]HISTOJANV25!$A$6:$BQ$46,25,0),0) -> 125000 | E24: 125000 | G24: =SUM(D24:F24) -> 125000
A25: AS201622 | B25: =VLOOKUP(A25,[5]LISTADHERENT!$A$4:$J$44,3,0) -> NDJOMO ETIENNE | C25: =IF(G25>0,VLOOKUP(A25,[6]HISTOJANV25!$A$6:$BQ$46,25,0),0) -> 250000 | D25: 102500 | E25: 275000 | G25: =SUM(D25:F25) -> 377500
A26: AS201624 | B26: =VLOOKUP(A26,[5]LISTADHERENT!$A$4:$J$44,3,0) -> NGONDIEP CLAUDE | C26: =IF(G26>0,VLOOKUP(A26,[6]HISTOJANV25!$A$6:$BQ$46,25,0),0) -> 225000 | D26: =101000+136500 -> 237500 | E26: 240000 | G26: =SUM(D26:F26) -> 477500
A27: AS201626 | B27: =VLOOKUP(A27,[5]LISTADHERENT!$A$4:$J$44,3,0) -> NGUIEMEGNI MATHIEU BLAISE | C27: =IF(G27>0,VLOOKUP(A27,[6]HISTOJANV25!$A$6:$BQ$46,25,0),0) -> 250000 | E27: =150000+120000+190000 -> 460000 | G27: =SUM(D27:F27) -> 460000
A28: AS201628 | B28: =VLOOKUP(A28,[5]LISTADHERENT!$A$4:$J$44,3,0) -> NKAMGANG JUSTIN DEJOLIE | C28: =IF(G28>0,VLOOKUP(A28,[6]HISTOJANV25!$A$6:$BQ$46,25,0),0) -> 50000 | E28: =50000 -> 50000 | G28: =SUM(D28:F28) -> 50000
A29: AS201656 | B29: =VLOOKUP(A29,[5]LISTADHERENT!$A$4:$J$44,3,0) -> NOUBE ETIENNE | C29: =IF(G29>0,VLOOKUP(A29,[6]HISTOJANV25!$A$6:$BQ$46,25,0),0) -> 50000 | E29: 50000 | G29: =SUM(D29:F29) -> 50000
A30: AS201633 | B30: =VLOOKUP(A30,[5]LISTADHERENT!$A$4:$J$44,3,0) -> PATEGO NJOSSU GUSTAVE | C30: =IF(G30>0,VLOOKUP(A30,[6]HISTOJANV25!$A$6:$BQ$46,25,0),0) -> 125000 | E30: 125000 | G30: =SUM(D30:F30) -> 125000
A31: AS201657 | B31: =VLOOKUP(A31,[5]LISTADHERENT!$A$4:$J$44,3,0) -> SEUMO POLYCARPE | C31: =IF(G31>0,VLOOKUP(A31,[6]HISTOJANV25!$A$6:$BQ$46,25,0),0) -> 50000 | E31: 50000 | G31: =SUM(D31:F31) -> 50000
A32: AS201653 | B32: =VLOOKUP(A32,[5]LISTADHERENT!$A$4:$J$44,3,0) -> SIME BRICE | C32: =IF(G32>0,VLOOKUP(A32,[6]HISTOJANV25!$A$6:$BQ$46,25,0),0) -> 250000 | D32: 206500 | E32: 250000 | G32: =SUM(D32:F32) -> 456500
A33: AS201629 | B33: =VLOOKUP(A33,[5]LISTADHERENT!$A$4:$J$44,3,0) -> SIMO FONGANG ERIC | C33: =IF(G33>0,VLOOKUP(A33,[6]HISTOJANV25!$A$6:$BQ$46,25,0),0) -> 50000 | E33: 50000 | G33: =SUM(D33:F33) -> 50000
A34: AS201638 | B34: =VLOOKUP(A34,[5]LISTADHERENT!$A$4:$J$44,3,0) -> SIMO PIERRE | C34: =IF(G34>0,VLOOKUP(A34,[6]HISTOJANV25!$A$6:$BQ$46,25,0),0) -> 150000 | D34: 500000 | G34: =SUM(D34:F34) -> 500000
A35: AS201641 | B35: =VLOOKUP(A35,[5]LISTADHERENT!$A$4:$J$44,3,0) -> TCHOUAMOU MATHIEU | C35: =IF(G35>0,VLOOKUP(A35,[6]HISTOJANV25!$A$6:$BQ$46,25,0),0) -> 125000 | D35: 202500 | E35: 125000 | G35: =SUM(D35:F35) -> 327500
A36: AS201660 | B36: =VLOOKUP(A36,[5]LISTADHERENT!$A$4:$J$44,3,0) -> TCHOUATEU AUGUSTIN | C36: =IF(G36>0,VLOOKUP(A36,[6]HISTOJANV25!$A$6:$BQ$46,25,0),0) -> 150000 | E36: 150000 | G36: =SUM(D36:F36) -> 150000
A37: AS201643 | B37: =VLOOKUP(A37,[5]LISTADHERENT!$A$4:$J$44,3,0) -> TCHOUTOU NANA CLAUDE | C37: =IF(G37>0,VLOOKUP(A37,[6]HISTOJANV25!$A$6:$BQ$46,25,0),0) -> 50000 | E37: 50000 | G37: =SUM(D37:F37) -> 50000
A38: AS201662 | B38: =VLOOKUP(A38,[5]LISTADHERENT!$A$4:$J$44,3,0) -> TIEYAM ERNEST | C38: =IF(G38>0,VLOOKUP(A38,[6]HISTOJANV25!$A$6:$BQ$46,25,0),0) -> 50000 | D38: 50000 | G38: =SUM(D38:F38) -> 50000
A39: AS201658 | B39: =VLOOKUP(A39,[5]LISTADHERENT!$A$4:$J$44,3,0) -> YANTCHOU GERVAIS | C39: =IF(G39>0,VLOOKUP(A39,[6]HISTOJANV25!$A$6:$BQ$46,25,0),0) -> 125000 | E39: 125000 | G39: =SUM(D39:F39) -> 125000
A40: AS201646 | B40: =VLOOKUP(A40,[5]LISTADHERENT!$A$4:$J$44,3,0) -> YEPMOU JEAN JACQUES | C40: =IF(G40>0,VLOOKUP(A40,[6]HISTOJANV25!$A$6:$BQ$46,25,0),0) -> 50000 | E40: 50000 | G40: =SUM(D40:F40) -> 50000
A41: AS201659 | B41: =VLOOKUP(A41,[5]LISTADHERENT!$A$4:$J$44,3,0) -> YIALA ALAIN OSCAR | C41: =IF(G41>0,VLOOKUP(A41,[6]HISTOJANV25!$A$6:$BQ$46,25,0),0) -> 250000 | D41: 253000 | G41: =SUM(D41:F41) -> 253000
A42: AS201647 | B42: =VLOOKUP(A42,[5]LISTADHERENT!$A$4:$J$44,3,0) -> YOUMBI EMMANUEL | C42: =IF(G42>0,VLOOKUP(A42,[6]HISTOJANV25!$A$6:$BQ$46,25,0),0) -> 225000 | E42: 225000 | G42: =SUM(D42:F42) -> 225000
B44: TOTAUX | C44: =SUM(C6:C42) -> 5125000 | D44: =SUM(D6:D42) -> 2976000 | E44: =SUM(E6:E42) -> 5455000 | F44: =SUM(F6:F42) -> 0 | G44: =SUM(G6:G42) -> 8431000 | H44: =SUM(H6:H42) -> 3578

Sheet HISTOBQUENOV25
A1: ASSOCIATION | B1: ASELBY | C1: 45962
A2: ANNEE | B2: 2025
A3: 1 | B3: 2 | C3: 3 | D3: 4 | E3: 5 | F3: 6 | G3: 7
B4: HISTORIQUE BANCAIRE
A5: MATRICULE | B5: NOM ET PRENOM | C5: HISTORIQUE TONTINE | D5: HITORIQUE ESPECES | E5: HITORIQUE BANQUE | F5: AUTRE VERSEMENT | G5: MONTANT ENGAGEMENT | H5: AGIO
A6: AS201648 | B6: =VLOOKUP(A6,[5]LISTADHERENT!$A$4:$J$44,3,0) -> ASELBY | C6: =IF(G6>0,VLOOKUP(A6,[6]HISTOJANV25!$A$6:$BQ$46,25,0),0) -> 250000 | E6: 250000 | G6: =SUM(D6:F6) -> 250000 | H6: 2385
A7: AS201601 | B7: =VLOOKUP(A7,[5]LISTADHERENT!$A$4:$J$44,3,0) -> BAKOP ACHILLE | C7: =IF(G7>0,VLOOKUP(A7,[6]HISTOJANV25!$A$6:$BQ$46,25,0),0) -> 50000 | D7: 50000 | G7: =SUM(D7:F7) -> 50000
A8: AS201602 | B8: =VLOOKUP(A8,[5]LISTADHERENT!$A$4:$J$44,3,0) -> BOUTCHOUANG WILLIAM | C8: =IF(G8>0,VLOOKUP(A8,[6]HISTOJANV25!$A$6:$BQ$46,25,0),0) -> 125000 | E8: =125000+51000+202000 -> 378000 | G8: =SUM(D8:F8) -> 378000
A9: AS201604 | B9: =VLOOKUP(A9,[5]LISTADHERENT!$A$4:$J$44,3,0) -> DJOMO JEAN PAUL | C9: =IF(G9>0,VLOOKUP(A9,[6]HISTOJANV25!$A$6:$BQ$46,25,0),0) -> 250000 | D9: =250000+154500 -> 404500 | E9: 100000 | G9: =SUM(D9:F9) -> 504500
A10: AS201654 | B10: =VLOOKUP(A10,[5]LISTADHERENT!$A$4:$J$44,3,0) -> DJOMOU TCHAPDA | C10: =IF(G10>0,VLOOKUP(A10,[6]HISTOJANV25!$A$6:$BQ$46,25,0),0) -> 50000 | E10: 101000 | G10: =SUM(D10:F10) -> 101000
A11: AS201605 | B11: =VLOOKUP(A11,[5]LISTADHERENT!$A$4:$J$44,3,0) -> DJOUKWE NANGUEN GUY BLAISE | C11: =IF(G11>0,VLOOKUP(A11,[6]HISTOJANV25!$A$6:$BQ$46,25,0),0) -> 150000 | E11: =150000+150000 -> 300000 | G11: =SUM(D11:F11) -> 300000
A12: AS201608 | B12: =VLOOKUP(A12,[5]LISTADHERENT!$A$4:$J$44,3,0) -> DJUOMBESSY ANTOINE | C12: =IF(G12>0,VLOOKUP(A12,[6]HISTOJANV25!$A$6:$BQ$46,25,0),0) -> 250000 | E12: =100000+500000 -> 600000 | G12: =SUM(D12:F12) -> 600000
A13: AS201651 | B13: =VLOOKUP(A13,[5]LISTADHERENT!$A$4:$J$44,3,0) -> DOMOU FABIEN | C13: =IF(G13>0,VLOOKUP(A13,[6]HISTOJANV25!$A$6:$BQ$46,25,0),0) -> 50000 | E13: 50000 | G13: =SUM(D13:F13) -> 50000
A14: AS201609 | B14: =VLOOKUP(A14,[5]LISTADHERENT!$A$4:$J$44,3,0) -> DONHOU DAVID | C14: =IF(G14>0,VLOOKUP(A14,[6]HISTOJANV25!$A$6:$BQ$46,25,0),0) -> 50000 | E14: 50000 | G14: =SUM(D14:F14) -> 50000
A15: AS201663 | B15: =VLOOKUP(A15,[5]LISTADHERENT!$A$4:$J$44,3,0) -> FAMPOU PAUL | C15: =IF(G15>0,VLOOKUP(A15,[6]HISTOMARS25!$A$6:$BQ$46,25,0),0) -> 150000 | E15: 150000 | G15: =SUM(D15:F15) -> 150000
A16: AS201611 | B16: =VLOOKUP(A16,[5]LISTADHERENT!$A$4:$J$44,3,0) -> HENGUE PAUL OMER | C16: =IF(G16>0,VLOOKUP(A16,[6]HISTOJANV25!$A$6:$BQ$46,25,0),0) -> 125000 | E16: 125000 | G16: =SUM(D16:F16) -> 125000
A17: AS201613 | B17: =VLOOKUP(A17,[5]LISTADHERENT!$A$4:$J$44,3,0) -> HOTCHO BENJAMIN | C17: =IF(G17>0,VLOOKUP(A17,[6]HISTOJANV25!$A$6:$BQ$46,25,0),0) -> 225000 | D17: 50500 | E17: =240000+105000+50500 -> 395500 | G17: =SUM(D17:F17) -> 446000
A18: AS201617 | B18: =VLOOKUP(A18,[5]LISTADHERENT!$A$4:$J$44,3,0) -> KOUAMOU MOISE | C18: =IF(G18>0,VLOOKUP(A18,[6]HISTOJANV25!$A$6:$BQ$46,25,0),0) -> 150000 | D18: 150000 | G18: =SUM(D18:F18) -> 150000
A19: AS201619 | B19: =VLOOKUP(A19,[5]LISTADHERENT!$A$4:$J$44,3,0) -> KOUATCHO MESSACK | C19: =IF(G19>0,VLOOKUP(A19,[6]HISTOJANV25!$A$6:$BQ$46,25,0),0) -> 225000 | E19: 335000 | G19: =SUM(D19:F19) -> 335000
A20: AS201620 | B20: =VLOOKUP(A20,[5]LISTADHERENT!$A$4:$J$44,3,0) -> LOWE JEAN
A21: AS201661 | B21: =VLOOKUP(A21,[5]LISTADHERENT!$A$4:$J$44,3,0) -> MASSEUNGOUE DAGOBERT | C21: =IF(G21>0,VLOOKUP(A21,[6]HISTOJANV25!$A$6:$BQ$46,25,0),0) -> 50000 | E21: 50000 | G21: =SUM(D21:F21) -> 50000
A22: AS201649 | B22: =VLOOKUP(A22,[5]LISTADHERENT!$A$4:$J$44,3,0) -> MBOGNING TUGMA GUY | C22: =IF(G22>0,VLOOKUP(A22,[6]HISTOJANV25!$A$6:$BQ$46,25,0),0) -> 325000 | E22: =700000+35000+350000-302000+1400 -> 784400 | G22: =SUM(D22:F22) -> 784400
A23: AS201639 | B23: =VLOOKUP(A23,[5]LISTADHERENT!$A$4:$J$44,3,0) -> NANGUEN MARTIN | C23: =IF(G23>0,VLOOKUP(A23,[6]HISTOJANV25!$A$6:$BQ$46,25,0),0) -> 50000 | E23: =40000+10000 -> 50000 | G23: =SUM(D23:F23) -> 50000
A24: AS201621 | B24: =VLOOKUP(A24,[5]LISTADHERENT!$A$4:$J$44,3,0) -> NANKAM APPOLINAIRE | C24: =IF(G24>0,VLOOKUP(A24,[6]HISTOJANV25!$A$6:$BQ$46,25,0),0) -> 125000 | E24: 125000 | G24: =SUM(D24:F24) -> 125000
A25: AS201622 | B25: =VLOOKUP(A25,[5]LISTADHERENT!$A$4:$J$44,3,0) -> NDJOMO ETIENNE | C25: =IF(G25>0,VLOOKUP(A25,[6]HISTOJANV25!$A$6:$BQ$46,25,0),0) -> 250000 | E25: =260000+102500 -> 362500 | G25: =SUM(D25:F25) -> 362500
A26: AS201624 | B26: =VLOOKUP(A26,[5]LISTADHERENT!$A$4:$J$44,3,0) -> NGONDIEP CLAUDE | C26: =IF(G26>0,VLOOKUP(A26,[6]HISTOJANV25!$A$6:$BQ$46,25,0),0) -> 225000 | E26: 240000 | G26: =SUM(D26:F26) -> 240000
A27: AS201626 | B27: =VLOOKUP(A27,[5]LISTADHERENT!$A$4:$J$44,3,0) -> NGUIEMEGNI MATHIEU BLAISE | C27: =IF(G27>0,VLOOKUP(A27,[6]HISTOJANV25!$A$6:$BQ$46,25,0),0) -> 250000 | E27: =160000+50000+150000 -> 360000 | G27: =SUM(D27:F27) -> 360000
A28: AS201628 | B28: =VLOOKUP(A28,[5]LISTADHERENT!$A$4:$J$44,3,0) -> NKAMGANG JUSTIN DEJOLIE | C28: =IF(G28>0,VLOOKUP(A28,[6]HISTOJANV25!$A$6:$BQ$46,25,0),0) -> 50000 | E28: 100500 | G28: =SUM(D28:F28) -> 100500
A29: AS201656 | B29: =VLOOKUP(A29,[5]LISTADHERENT!$A$4:$J$44,3,0) -> NOUBE ETIENNE | C29: =IF(G29>0,VLOOKUP(A29,[6]HISTOJANV25!$A$6:$BQ$46,25,0),0) -> 50000 | D29: 150000 | E29: 50000 | G29: =SUM(D29:F29) -> 200000
A30: AS201633 | B30: =VLOOKUP(A30,[5]LISTADHERENT!$A$4:$J$44,3,0) -> PATEGO NJOSSU GUSTAVE | C30: =IF(G30>0,VLOOKUP(A30,[6]HISTOJANV25!$A$6:$BQ$46,25,0),0) -> 125000 | E30: 125000 | G30: =SUM(D30:F30) -> 125000
A31: AS201657 | B31: =VLOOKUP(A31,[5]LISTADHERENT!$A$4:$J$44,3,0) -> SEUMO POLYCARPE | C31: =IF(G31>0,VLOOKUP(A31,[6]HISTOJANV25!$A$6:$BQ$46,25,0),0) -> 50000 | E31: 50000 | G31: =SUM(D31:F31) -> 50000
A32: AS201653 | B32: =VLOOKUP(A32,[5]LISTADHERENT!$A$4:$J$44,3,0) -> SIME BRICE | C32: =IF(G32>0,VLOOKUP(A32,[6]HISTOJANV25!$A$6:$BQ$46,25,0),0) -> 250000 | E32: =51000+250000+207000 -> 508000 | G32: =SUM(D32:F32) -> 508000
A33: AS201629 | B33: =VLOOKUP(A33,[5]LISTADHERENT!$A$4:$J$44,3,0) -> SIMO FONGANG ERIC | C33: =IF(G33>0,VLOOKUP(A33,[6]HISTOJANV25!$A$6:$BQ$46,25,0),0) -> 50000 | D33: 50000 | G33: =SUM(D33:F33) -> 50000
A34: AS201638 | B34: =VLOOKUP(A34,[5]LISTADHERENT!$A$4:$J$44,3,0) -> SIMO PIERRE | C34: =IF(G34>0,VLOOKUP(A34,[6]HISTOJANV25!$A$6:$BQ$46,25,0),0) -> 0 | G34: =SUM(D34:F34) -> 0
A35: AS201641 | B35: =VLOOKUP(A35,[5]LISTADHERENT!$A$4:$J$44,3,0) -> TCHOUAMOU MATHIEU | C35: =IF(G35>0,VLOOKUP(A35,[6]HISTOJANV25!$A$6:$BQ$46,25,0),0) -> 125000 | E35: =125000+51000+101000 -> 277000 | G35: =SUM(D35:F35) -> 277000
A36: AS201660 | B36: =VLOOKUP(A36,[5]LISTADHERENT!$A$4:$J$44,3,0) -> TCHOUATEU AUGUSTIN | C36: =IF(G36>0,VLOOKUP(A36,[6]HISTOJANV25!$A$6:$BQ$46,25,0),0) -> 150000 | D36: 102500 | E36: 150000 | G36: =SUM(D36:F36) -> 252500
A37: AS201643 | B37: =VLOOKUP(A37,[5]LISTADHERENT!$A$4:$J$44,3,0) -> TCHOUTOU NANA CLAUDE | C37: =IF(G37>0,VLOOKUP(A37,[6]HISTOJANV25!$A$6:$BQ$46,25,0),0) -> 50000 | E37: 50000 | G37: =SUM(D37:F37) -> 50000
A38: AS201662 | B38: =VLOOKUP(A38,[5]LISTADHERENT!$A$4:$J$44,3,0) -> TIEYAM ERNEST | C38: =IF(G38>0,VLOOKUP(A38,[6]HISTOJANV25!$A$6:$BQ$46,25,0),0) -> 50000 | D38: 50000 | G38: =SUM(D38:F38) -> 50000
A39: AS201658 | B39: =VLOOKUP(A39,[5]LISTADHERENT!$A$4:$J$44,3,0) -> YANTCHOU GERVAIS | C39: =IF(G39>0,VLOOKUP(A39,[6]HISTOJANV25!$A$6:$BQ$46,25,0),0) -> 125000 | D39: 152500 | E39: 125000 | G39: =SUM(D39:F39) -> 277500
A40: AS201646 | B40: =VLOOKUP(A40,[5]LISTADHERENT!$A$4:$J$44,3,0) -> YEPMOU JEAN JACQUES | C40: =IF(G40>0,VLOOKUP(A40,[6]HISTOJANV25!$A$6:$BQ$46,25,0),0) -> 50000 | E40: 50000 | G40: =SUM(D40:F40) -> 50000
A41: AS201659 | B41: =VLOOKUP(A41,[5]LISTADHERENT!$A$4:$J$44,3,0) -> YIALA ALAIN OSCAR | C41: =IF(G41>0,VLOOKUP(A41,[6]HISTOJANV25!$A$6:$BQ$46,25,0),0) -> 250000 | D41: 253000 | G41: =SUM(D41:F41) -> 253000
A42: AS201647 | B42: =VLOOKUP(A42,[5]LISTADHERENT!$A$4:$J$44,3,0) -> YOUMBI EMMANUEL | C42: =IF(G42>0,VLOOKUP(A42,[6]HISTOJANV25!$A$6:$BQ$46,25,0),0) -> 225000 | E42: 225000 | G42: =SUM(D42:F42) -> 225000
B44: TOTAUX | C44: =SUM(C6:C42) -> 4975000 | D44: =SUM(D6:D42) -> 1413000 | E44: =SUM(E6:E42) -> 6516900 | F44: =SUM(F6:F42) -> 0 | G44: =SUM(G6:G42) -> 7929900 | H44: =SUM(H6:H42) -> 2385
E46: 240000
E47: 125000
E48: 125000
E49: 140000
E50: 160000
E51: 625000
E52: 175000
E53: 260000
E54: =250000+150000 -> 400000
E55: 101000
E56: 275000
E57: 400000
E58: 490000
E59: 403000
E60: =SUM(E46:E59) -> 3919000 | F60: 3919000

Sheet HISTOBQUEDEC25
A1: ASSOCIATION | B1: ASELBY | C1: 45992
A2: ANNEE | B2: 2025
A3: 1 | B3: 2 | C3: 3 | D3: 4 | E3: 5 | F3: 6 | G3: 7
B4: HISTORIQUE BANCAIRE
A5: MATRICULE | B5: NOM ET PRENOM | C5: HISTORIQUE TONTINE | D5: HITORIQUE ESPECES | E5: HITORIQUE BANQUE | F5: AUTRE VERSEMENT | G5: MONTANT ENGAGEMENT | H5: AGIO
A6: AS201648 | B6: =VLOOKUP(A6,[5]LISTADHERENT!$A$4:$J$44,3,0) -> ASELBY | C6: =IF(G6>0,VLOOKUP(A6,[6]HISTOJANV25!$A$6:$BQ$46,25,0),0) -> 250000 | E6: 250000 | G6: =SUM(D6:F6) -> 250000 | H6: 2385 | I6: 80000
A7: AS201601 | B7: =VLOOKUP(A7,[5]LISTADHERENT!$A$4:$J$44,3,0) -> BAKOP ACHILLE | C7: =IF(G7>0,VLOOKUP(A7,[6]HISTOJANV25!$A$6:$BQ$46,25,0),0) -> 50000 | D7: 1050000 | G7: =SUM(D7:F7) -> 1050000
A8: AS201602 | B8: =VLOOKUP(A8,[5]LISTADHERENT!$A$4:$J$44,3,0) -> BOUTCHOUANG WILLIAM | C8: =IF(G8>0,VLOOKUP(A8,[6]HISTOJANV25!$A$6:$BQ$46,25,0),0) -> 125000 | D8: 500000 | E8: 125000 | G8: =SUM(D8:F8) -> 625000
A9: AS201604 | B9: =VLOOKUP(A9,[5]LISTADHERENT!$A$4:$J$44,3,0) -> DJOMO JEAN PAUL | C9: =IF(G9>0,VLOOKUP(A9,[6]HISTOJANV25!$A$6:$BQ$46,25,0),0) -> 250000 | D9: 1457000 | G9: =SUM(D9:F9) -> 1457000
A10: AS201654 | B10: =VLOOKUP(A10,[5]LISTADHERENT!$A$4:$J$44,3,0) -> DJOMOU TCHAPDA | C10: =IF(G10>0,VLOOKUP(A10,[6]HISTOJANV25!$A$6:$BQ$46,25,0),0) -> 50000 | D10: =500+1000000 -> 1000500 | E10: 70000 | G10: =SUM(D10:F10) -> 1070500
A11: AS201605 | B11: =VLOOKUP(A11,[5]LISTADHERENT!$A$4:$J$44,3,0) -> DJOUKWE NANGUEN GUY BLAISE | C11: =IF(G11>0,VLOOKUP(A11,[6]HISTOJANV25!$A$6:$BQ$46,25,0),0) -> 150000 | D11: 1101500 | F11: 268500 | G11: =SUM(D11:F11) -> 1370000
A12: AS201608 | B12: =VLOOKUP(A12,[5]LISTADHERENT!$A$4:$J$44,3,0) -> DJUOMBESSY ANTOINE | C12: =IF(G12>0,VLOOKUP(A12,[6]HISTOJANV25!$A$6:$BQ$46,25,0),0) -> 250000 | D12: 101500 | E12: =200000+10000+50000 -> 260000 | G12: =SUM(D12:F12) -> 361500
A13: AS201651 | B13: =VLOOKUP(A13,[5]LISTADHERENT!$A$4:$J$44,3,0) -> DOMOU FABIEN | C13: =IF(G13>0,VLOOKUP(A13,[6]HISTOJANV25!$A$6:$BQ$46,25,0),0) -> 50000 | E13: 50000 | G13: =SUM(D13:F13) -> 50000
A14: AS201609 | B14: =VLOOKUP(A14,[5]LISTADHERENT!$A$4:$J$44,3,0) -> DONHOU DAVID | C14: =IF(G14>0,VLOOKUP(A14,[6]HISTOJANV25!$A$6:$BQ$46,25,0),0) -> 50000 | D14: 50000 | G14: =SUM(D14:F14) -> 50000
A15: AS201663 | B15: =VLOOKUP(A15,[5]LISTADHERENT!$A$4:$J$44,3,0) -> FAMPOU PAUL | C15: =IF(G15>0,VLOOKUP(A15,[6]HISTOMARS25!$A$6:$BQ$46,25,0),0) -> 150000 | D15: 203000 | E15: 150000 | G15: =SUM(D15:F15) -> 353000
A16: AS201611 | B16: =VLOOKUP(A16,[5]LISTADHERENT!$A$4:$J$44,3,0) -> HENGUE PAUL OMER | C16: =IF(G16>0,VLOOKUP(A16,[6]HISTOJANV25!$A$6:$BQ$46,25,0),0) -> 125000 | E16: 125000 | G16: =SUM(D16:F16) -> 125000 | I16: 26000
A17: AS201613 | B17: =VLOOKUP(A17,[5]LISTADHERENT!$A$4:$J$44,3,0) -> HOTCHO BENJAMIN | C17: =IF(G17>0,VLOOKUP(A17,[6]HISTOJANV25!$A$6:$BQ$46,25,0),0) -> 225000 | D17: =400000+203000 -> 603000 | E17: 250000 | G17: =SUM(D17:F17) -> 853000
A18: AS201617 | B18: =VLOOKUP(A18,[5]LISTADHERENT!$A$4:$J$44,3,0) -> KOUAMOU MOISE | C18: =IF(G18>0,VLOOKUP(A18,[6]HISTOJANV25!$A$6:$BQ$46,25,0),0) -> 150000 | D18: 20000 | E18: =200000+100000-50000 -> 250000 | F18: =93500+43500+6500 -> 143500 | G18: =SUM(D18:F18) -> 413500
A19: AS201619 | B19: =VLOOKUP(A19,[5]LISTADHERENT!$A$4:$J$44,3,0) -> KOUATCHO MESSACK | C19: =IF(G19>0,VLOOKUP(A19,[6]HISTOJANV25!$A$6:$BQ$46,25,0),0) -> 225000 | D19: =1225000+10000 -> 1235000 | E19: 208000 | G19: =SUM(D19:F19) -> 1443000
A20: AS201620 | B20: =VLOOKUP(A20,[5]LISTADHERENT!$A$4:$J$44,3,0) -> LOWE JEAN | D20: 50000 | G20: =SUM(D20:F20) -> 50000
A21: AS201661 | B21: =VLOOKUP(A21,[5]LISTADHERENT!$A$4:$J$44,3,0) -> MASSEUNGOUE DAGOBERT | C21: =IF(G21>0,VLOOKUP(A21,[6]HISTOJANV25!$A$6:$BQ$46,25,0),0) -> 50000 | D21: 53000 | E21: 50000 | G21: =SUM(D21:F21) -> 103000
A22: AS201649 | B22: =VLOOKUP(A22,[5]LISTADHERENT!$A$4:$J$44,3,0) -> MBOGNING TUGMA GUY | C22: =IF(G22>0,VLOOKUP(A22,[6]HISTOJANV25!$A$6:$BQ$46,25,0),0) -> 325000 | D22: 1471000 | G22: =SUM(D22:F22) -> 1471000
A23: AS201639 | B23: =VLOOKUP(A23,[5]LISTADHERENT!$A$4:$J$44,3,0) -> NANGUEN MARTIN | C23: =IF(G23>0,VLOOKUP(A23,[6]HISTOJANV25!$A$6:$BQ$46,25,0),0) -> 50000 | D23: 50000 | G23: =SUM(D23:F23) -> 50000
A24: AS201621 | B24: =VLOOKUP(A24,[5]LISTADHERENT!$A$4:$J$44,3,0) -> NANKAM APPOLINAIRE | C24: =IF(G24>0,VLOOKUP(A24,[6]HISTOJANV25!$A$6:$BQ$46,25,0),0) -> 125000 | E24: 125000 | F24: 900000 | G24: =SUM(D24:F24) -> 1025000 | I24: 26000
A25: AS201622 | B25: =VLOOKUP(A25,[5]LISTADHERENT!$A$4:$J$44,3,0) -> NDJOMO ETIENNE | C25: =IF(G25>0,VLOOKUP(A25,[6]HISTOJANV25!$A$6:$BQ$46,25,0),0) -> 250000 | D25: 203000 | E25: 760000 | G25: =SUM(D25:F25) -> 963000
A26: AS201624 | B26: =VLOOKUP(A26,[5]LISTADHERENT!$A$4:$J$44,3,0) -> NGONDIEP CLAUDE | C26: =IF(G26>0,VLOOKUP(A26,[6]HISTOJANV25!$A$6:$BQ$46,25,0),0) -> 225000 | E26: =240000+310000+1000000 -> 1550000 | G26: =SUM(D26:F26) -> 1550000
A27: AS201626 | B27: =VLOOKUP(A27,[5]LISTADHERENT!$A$4:$J$44,3,0) -> NGUIEMEGNI MATHIEU BLAISE | C27: =IF(G27>0,VLOOKUP(A27,[6]HISTOJANV25!$A$6:$BQ$46,25,0),0) -> 250000 | E27: =60000+120000+200000+70000 -> 450000 | G27: =SUM(D27:F27) -> 450000
A28: AS201628 | B28: =VLOOKUP(A28,[5]LISTADHERENT!$A$4:$J$44,3,0) -> NKAMGANG JUSTIN DEJOLIE | C28: =IF(G28>0,VLOOKUP(A28,[6]HISTOJANV25!$A$6:$BQ$46,25,0),0) -> 50000 | D28: =1000000+50000 -> 1050000 | E28: 51500 | G28: =SUM(D28:F28) -> 1101500
A29: AS201656 | B29: =VLOOKUP(A29,[5]LISTADHERENT!$A$4:$J$44,3,0) -> NOUBE ETIENNE | C29: =IF(G29>0,VLOOKUP(A29,[6]HISTOJANV25!$A$6:$BQ$46,25,0),0) -> 50000 | E29: 300000 | G29: =SUM(D29:F29) -> 300000
A30: AS201633 | B30: =VLOOKUP(A30,[5]LISTADHERENT!$A$4:$J$44,3,0) -> PATEGO NJOSSU GUSTAVE | C30: =IF(G30>0,VLOOKUP(A30,[6]HISTOJANV25!$A$6:$BQ$46,25,0),0) -> 125000 | E30: 125000 | G30: =SUM(D30:F30) -> 125000
A31: AS201657 | B31: =VLOOKUP(A31,[5]LISTADHERENT!$A$4:$J$44,3,0) -> SEUMO POLYCARPE | C31: =IF(G31>0,VLOOKUP(A31,[6]HISTOJANV25!$A$6:$BQ$46,25,0),0) -> 50000 | E31: 110000 | G31: =SUM(D31:F31) -> 110000
A32: AS201653 | B32: =VLOOKUP(A32,[5]LISTADHERENT!$A$4:$J$44,3,0) -> SIME BRICE | C32: =IF(G32>0,VLOOKUP(A32,[6]HISTOJANV25!$A$6:$BQ$46,25,0),0) -> 250000 | D32: 1203000 | E32: 250000 | G32: =SUM(D32:F32) -> 1453000
A33: AS201629 | B33: =VLOOKUP(A33,[5]LISTADHERENT!$A$4:$J$44,3,0) -> SIMO FONGANG ERIC | C33: =IF(G33>0,VLOOKUP(A33,[6]HISTOJANV25!$A$6:$BQ$46,25,0),0) -> 50000 | D33: 10000 | E33: 50000 | G33: =SUM(D33:F33) -> 60000
A34: AS201638 | B34: =VLOOKUP(A34,[5]LISTADHERENT!$A$4:$J$44,3,0) -> SIMO PIERRE | C34: =IF(G34>0,VLOOKUP(A34,[6]HISTOJANV25!$A$6:$BQ$46,25,0),0) -> 150000 | F34: 530500 | G34: =SUM(D34:F34) -> 530500 | I34: 58000
A35: AS201641 | B35: =VLOOKUP(A35,[5]LISTADHERENT!$A$4:$J$44,3,0) -> TCHOUAMOU MATHIEU | C35: =IF(G35>0,VLOOKUP(A35,[6]HISTOJANV25!$A$6:$BQ$46,25,0),0) -> 125000 | D35: 1000000 | E35: 125000 | G35: =SUM(D35:F35) -> 1125000
A36: AS201660 | B36: =VLOOKUP(A36,[5]LISTADHERENT!$A$4:$J$44,3,0) -> TCHOUATEU AUGUSTIN | C36: =IF(G36>0,VLOOKUP(A36,[6]HISTOJANV25!$A$6:$BQ$46,25,0),0) -> 150000 | D36: 3500 | E36: 1150000 | G36: =SUM(D36:F36) -> 1153500
A37: AS201643 | B37: =VLOOKUP(A37,[5]LISTADHERENT!$A$4:$J$44,3,0) -> TCHOUTOU NANA CLAUDE | C37: =IF(G37>0,VLOOKUP(A37,[6]HISTOJANV25!$A$6:$BQ$46,25,0),0) -> 50000 | E37: 50000 | G37: =SUM(D37:F37) -> 50000
A38: AS201662 | B38: =VLOOKUP(A38,[5]LISTADHERENT!$A$4:$J$44,3,0) -> TIEYAM ERNEST | C38: =IF(G38>0,VLOOKUP(A38,[6]HISTOJANV25!$A$6:$BQ$46,25,0),0) -> 50000 | D38: 13300 | E38: 50000 | G38: =SUM(D38:F38) -> 63300
A39: AS201658 | B39: =VLOOKUP(A39,[5]LISTADHERENT!$A$4:$J$44,3,0) -> YANTCHOU GERVAIS | C39: =IF(G39>0,VLOOKUP(A39,[6]HISTOJANV25!$A$6:$BQ$46,25,0),0) -> 125000 | E39: =107500+125000 -> 232500 | G39: =SUM(D39:F39) -> 232500
A40: AS201646 | B40: =VLOOKUP(A40,[5]LISTADHERENT!$A$4:$J$44,3,0) -> YEPMOU JEAN JACQUES | C40: =IF(G40>0,VLOOKUP(A40,[6]HISTOJANV25!$A$6:$BQ$46,25,0),0) -> 50000 | D40: 50000 | G40: =SUM(D40:F40) -> 50000
A41: AS201659 | B41: =VLOOKUP(A41,[5]LISTADHERENT!$A$4:$J$44,3,0) -> YIALA ALAIN OSCAR | C41: =IF(G41>0,VLOOKUP(A41,[6]HISTOJANV25!$A$6:$BQ$46,25,0),0) -> 250000 | D41: =250000+203000 -> 453000 | G41: =SUM(D41:F41) -> 453000
A42: AS201647 | B42: =VLOOKUP(A42,[5]LISTADHERENT!$A$4:$J$44,3,0) -> YOUMBI EMMANUEL | C42: =IF(G42>0,VLOOKUP(A42,[6]HISTOJANV25!$A$6:$BQ$46,25,0),0) -> 225000 | E42: 225000 | G42: =SUM(D42:F42) -> 225000
B44: TOTAUX | C44: =SUM(C6:C42) -> 5125000 | D44: =SUM(D6:D42) -> 12931300 | E44: =SUM(E6:E42) -> 7392000 | F44: =SUM(F6:F42) -> 1842500 | G44: =SUM(G6:G42) -> 22165800 | H44: =SUM(H6:H42) -> 2385 | I44: =SUM(I6:I42) -> 190000
D46: =I44 -> 190000
D48: =D44+D46 -> 13121300 | E48: 12501150

Sheet HISTOBQUERESUME25
A1: ASSOCIATION | B1: ASELBY | C1: RECAPITULATION
A2: ANNEE | B2: 2025
A3: 1 | B3: 2 | C3: 4 | D3: 5 | E3: 6 | F3: 21
B4: HISTORIQUE BANCAIRE
A5: MATRICULE | B5: NOM ET PRENOM | C5: HISTORIQUE BANQUE | D5: HITORIQUE ESPECES | E5: HITORIQUE TONTINE | F5: MONTANT ENGAGEMENT | G5: VERIFICATION | H5: AGIO
A6: AS201648 | B6: ASELBY | C6: =HISTOBQUEJANV25!C6+HISTOBQUEFEV25!C6+HISTOBQUEMARS25!C6+HISTOBQUEAVRIL25!C6+HISTOBQUEMAI25!C6+HISTOBQUEJUIN25!C6+HISTOBQUEJUIL25!C6+HISTOBQUEAOUT25!C6+HISTOBQUESEPT25!C6+HISTOBQUEOCT25!C6+HISTOBQUENOV25!C6+HISTOBQUEDEC25!C6 -> 3000000 | D6: =HISTOBQUEJANV25!D6+HISTOBQUEFEV25!D6+HISTOBQUEMARS25!D6+HISTOBQUEAVRIL25!D6+HISTOBQUEMAI25!D6+HISTOBQUEJUIN25!D6+HISTOBQUEJUIL25!D6+HISTOBQUEAOUT25!D6+HISTOBQUESEPT25!D6+HISTOBQUEOCT25!D6+HISTOBQUENOV25!D6+HISTOBQUEDEC25!D6 -> 0 | E6: =HISTOBQUEJANV25!E6+HISTOBQUEFEV25!E6+HISTOBQUEMARS25!E6+HISTOBQUEAVRIL25!E6+HISTOBQUEMAI25!E6+HISTOBQUEJUIN25!E6+HISTOBQUEJUIL25!E6+HISTOBQUEAOUT25!E6+HISTOBQUESEPT25!E6+HISTOBQUEOCT25!E6+HISTOBQUENOV25!E6+HISTOBQUEDEC25!E6 -> 3000000 | F6: =SUM(C6:E6) -> 6000000
A7: AS201601 | B7: BAKOP ACHILLE | C7: =HISTOBQUEJANV25!C7+HISTOBQUEFEV25!C7+HISTOBQUEMARS25!C7+HISTOBQUEAVRIL25!C7+HISTOBQUEMAI25!C7+HISTOBQUEJUIN25!C7+HISTOBQUEJUIL25!C7+HISTOBQUEAOUT25!C7+HISTOBQUESEPT25!C7+HISTOBQUEOCT25!C7+HISTOBQUENOV25!C7+HISTOBQUEDEC25!C7 -> 550000 | D7: =HISTOBQUEJANV25!D7+HISTOBQUEFEV25!D7+HISTOBQUEMARS25!D7+HISTOBQUEAVRIL25!D7+HISTOBQUEMAI25!D7+HISTOBQUEJUIN25!D7+HISTOBQUEJUIL25!D7+HISTOBQUEAOUT25!D7+HISTOBQUESEPT25!D7+HISTOBQUEOCT25!D7+HISTOBQUENOV25!D7+HISTOBQUEDEC25!D7 -> 1500000 | E7: =HISTOBQUEJANV25!E7+HISTOBQUEFEV25!E7+HISTOBQUEMARS25!E7+HISTOBQUEAVRIL25!E7+HISTOBQUEMAI25!E7+HISTOBQUEJUIN25!E7+HISTOBQUEJUIL25!E7+HISTOBQUEAOUT25!E7+HISTOBQUESEPT25!E7+HISTOBQUEOCT25!E7+HISTOBQUENOV25!E7+HISTOBQUEDEC25!E7 -> 100000 | F7: =SUM(C7:E7) -> 2150000
A8: AS201602 | B8: BOUTCHOUANG WILLIAM | C8: =HISTOBQUEJANV25!C8+HISTOBQUEFEV25!C8+HISTOBQUEMARS25!C8+HISTOBQUEAVRIL25!C8+HISTOBQUEMAI25!C8+HISTOBQUEJUIN25!C8+HISTOBQUEJUIL25!C8+HISTOBQUEAOUT25!C8+HISTOBQUESEPT25!C8+HISTOBQUEOCT25!C8+HISTOBQUENOV25!C8+HISTOBQUEDEC25!C8 -> 1500000 | D8: =HISTOBQUEJANV25!D8+HISTOBQUEFEV25!D8+HISTOBQUEMARS25!D8+HISTOBQUEAVRIL25!D8+HISTOBQUEMAI25!D8+HISTOBQUEJUIN25!D8+HISTOBQUEJUIL25!D8+HISTOBQUEAOUT25!D8+HISTOBQUESEPT25!D8+HISTOBQUEOCT25!D8+HISTOBQUENOV25!D8+HISTOBQUEDEC25!D8 -> 601000 | E8: =HISTOBQUEJANV25!E8+HISTOBQUEFEV25!E8+HISTOBQUEMARS25!E8+HISTOBQUEAVRIL25!E8+HISTOBQUEMAI25!E8+HISTOBQUEJUIN25!E8+HISTOBQUEJUIL25!E8+HISTOBQUEAOUT25!E8+HISTOBQUESEPT25!E8+HISTOBQUEOCT25!E8+HISTOBQUENOV25!E8+HISTOBQUEDEC25!E8 -> 1856000 | F8: =SUM(C8:E8) -> 3957000
A9: AS201604 | B9: DJOMO JEAN PAUL | C9: =HISTOBQUEJANV25!C9+HISTOBQUEFEV25!C9+HISTOBQUEMARS25!C9+HISTOBQUEAVRIL25!C9+HISTOBQUEMAI25!C9+HISTOBQUEJUIN25!C9+HISTOBQUEJUIL25!C9+HISTOBQUEAOUT25!C9+HISTOBQUESEPT25!C9+HISTOBQUEOCT25!C9+HISTOBQUENOV25!C9+HISTOBQUEDEC25!C9 -> 3000000 | D9: =HISTOBQUEJANV25!D9+HISTOBQUEFEV25!D9+HISTOBQUEMARS25!D9+HISTOBQUEAVRIL25!D9+HISTOBQUEMAI25!D9+HISTOBQUEJUIN25!D9+HISTOBQUEJUIL25!D9+HISTOBQUEAOUT25!D9+HISTOBQUESEPT25!D9+HISTOBQUEOCT25!D9+HISTOBQUENOV25!D9+HISTOBQUEDEC25!D9 -> 4321500 | E9: =HISTOBQUEJANV25!E9+HISTOBQUEFEV25!E9+HISTOBQUEMARS25!E9+HISTOBQUEAVRIL25!E9+HISTOBQUEMAI25!E9+HISTOBQUEJUIN25!E9+HISTOBQUEJUIL25!E9+HISTOBQUEAOUT25!E9+HISTOBQUESEPT25!E9+HISTOBQUEOCT25!E9+HISTOBQUENOV25!E9+HISTOBQUEDEC25!E9 -> 1307500 | F9: =SUM(C9:E9) -> 8629000
A10: AS201654 | B10: DJOMOU TCHAPDA | C10: =HISTOBQUEJANV25!C10+HISTOBQUEFEV25!C10+HISTOBQUEMARS25!C10+HISTOBQUEAVRIL25!C10+HISTOBQUEMAI25!C10+HISTOBQUEJUIN25!C10+HISTOBQUEJUIL25!C10+HISTOBQUEAOUT25!C10+HISTOBQUESEPT25!C10+HISTOBQUEOCT25!C10+HISTOBQUENOV25!C10+HISTOBQUEDEC25!C10 -> 600000 | D10: =HISTOBQUEJANV25!D10+HISTOBQUEFEV25!D10+HISTOBQUEMARS25!D10+HISTOBQUEAVRIL25!D10+HISTOBQUEMAI25!D10+HISTOBQUEJUIN25!D10+HISTOBQUEJUIL25!D10+HISTOBQUEAOUT25!D10+HISTOBQUESEPT25!D10+HISTOBQUEOCT25!D10+HISTOBQUENOV25!D10+HISTOBQUEDEC25!D10 -> 1113000 | E10: =HISTOBQUEJANV25!E10+HISTOBQUEFEV25!E10+HISTOBQUEMARS25!E10+HISTOBQUEAVRIL25!E10+HISTOBQUEMAI25!E10+HISTOBQUEJUIN25!E10+HISTOBQUEJUIL25!E10+HISTOBQUEAOUT25!E10+HISTOBQUESEPT25!E10+HISTOBQUEOCT25!E10+HISTOBQUENOV25!E10+HISTOBQUEDEC25!E10 -> 760500 | F10: =SUM(C10:E10) -> 2473500
A11: AS201605 | B11: DJOUKWE NANGUEN GUY BLAISE | C11: =HISTOBQUEJANV25!C11+HISTOBQUEFEV25!C11+HISTOBQUEMARS25!C11+HISTOBQUEAVRIL25!C11+HISTOBQUEMAI25!C11+HISTOBQUEJUIN25!C11+HISTOBQUEJUIL25!C11+HISTOBQUEAOUT25!C11+HISTOBQUESEPT25!C11+HISTOBQUEOCT25!C11+HISTOBQUENOV25!C11+HISTOBQUEDEC25!C11 -> 1800000 | D11: =HISTOBQUEJANV25!D11+HISTOBQUEFEV25!D11+HISTOBQUEMARS25!D11+HISTOBQUEAVRIL25!D11+HISTOBQUEMAI25!D11+HISTOBQUEJUIN25!D11+HISTOBQUEJUIL25!D11+HISTOBQUEAOUT25!D11+HISTOBQUESEPT25!D11+HISTOBQUEOCT25!D11+HISTOBQUENOV25!D11+HISTOBQUEDEC25!D11 -> 1407000 | E11: =HISTOBQUEJANV25!E11+HISTOBQUEFEV25!E11+HISTOBQUEMARS25!E11+HISTOBQUEAVRIL25!E11+HISTOBQUEMAI25!E11+HISTOBQUEJUIN25!E11+HISTOBQUEJUIL25!E11+HISTOBQUEAOUT25!E11+HISTOBQUESEPT25!E11+HISTOBQUEOCT25!E11+HISTOBQUENOV25!E11+HISTOBQUEDEC25!E11 -> 2191375 | F11: =SUM(C11:E11) -> 5398375
A12: AS201608 | B12: DJUOMBESSY ANTOINE | C12: =HISTOBQUEJANV25!C12+HISTOBQUEFEV25!C12+HISTOBQUEMARS25!C12+HISTOBQUEAVRIL25!C12+HISTOBQUEMAI25!C12+HISTOBQUEJUIN25!C12+HISTOBQUEJUIL25!C12+HISTOBQUEAOUT25!C12+HISTOBQUESEPT25!C12+HISTOBQUEOCT25!C12+HISTOBQUENOV25!C12+HISTOBQUEDEC25!C12 -> 3000000 | D12: =HISTOBQUEJANV25!D12+HISTOBQUEFEV25!D12+HISTOBQUEMARS25!D12+HISTOBQUEAVRIL25!D12+HISTOBQUEMAI25!D12+HISTOBQUEJUIN25!D12+HISTOBQUEJUIL25!D12+HISTOBQUEAOUT25!D12+HISTOBQUESEPT25!D12+HISTOBQUEOCT25!D12+HISTOBQUENOV25!D12+HISTOBQUEDEC25!D12 -> 132500 | E12: =HISTOBQUEJANV25!E12+HISTOBQUEFEV25!E12+HISTOBQUEMARS25!E12+HISTOBQUEAVRIL25!E12+HISTOBQUEMAI25!E12+HISTOBQUEJUIN25!E12+HISTOBQUEJUIL25!E12+HISTOBQUEAOUT25!E12+HISTOBQUESEPT25!E12+HISTOBQUEOCT25!E12+HISTOBQUENOV25!E12+HISTOBQUEDEC25!E12 -> 5607000 | F12: =SUM(C12:E12) -> 8739500
A13: AS201651 | B13: DOMOU FABIEN | C13: =HISTOBQUEJANV25!C13+HISTOBQUEFEV25!C13+HISTOBQUEMARS25!C13+HISTOBQUEAVRIL25!C13+HISTOBQUEMAI25!C13+HISTOBQUEJUIN25!C13+HISTOBQUEJUIL25!C13+HISTOBQUEAOUT25!C13+HISTOBQUESEPT25!C13+HISTOBQUEOCT25!C13+HISTOBQUENOV25!C13+HISTOBQUEDEC25!C13 -> 600000 | D13: =HISTOBQUEJANV25!D13+HISTOBQUEFEV25!D13+HISTOBQUEMARS25!D13+HISTOBQUEAVRIL25!D13+HISTOBQUEMAI25!D13+HISTOBQUEJUIN25!D13+HISTOBQUEJUIL25!D13+HISTOBQUEAOUT25!D13+HISTOBQUESEPT25!D13+HISTOBQUEOCT25!D13+HISTOBQUENOV25!D13+HISTOBQUEDEC25!D13 -> 0 | E13: =HISTOBQUEJANV25!E13+HISTOBQUEFEV25!E13+HISTOBQUEMARS25!E13+HISTOBQUEAVRIL25!E13+HISTOBQUEMAI25!E13+HISTOBQUEJUIN25!E13+HISTOBQUEJUIL25!E13+HISTOBQUEAOUT25!E13+HISTOBQUESEPT25!E13+HISTOBQUEOCT25!E13+HISTOBQUENOV25!E13+HISTOBQUEDEC25!E13 -> 600000 | F13: =SUM(C13:E13) -> 1200000
A14: AS201609 | B14: DONHOU DAVID | C14: =HISTOBQUEJANV25!C14+HISTOBQUEFEV25!C14+HISTOBQUEMARS25!C14+HISTOBQUEAVRIL25!C14+HISTOBQUEMAI25!C14+HISTOBQUEJUIN25!C14+HISTOBQUEJUIL25!C14+HISTOBQUEAOUT25!C14+HISTOBQUESEPT25!C14+HISTOBQUEOCT25!C14+HISTOBQUENOV25!C14+HISTOBQUEDEC25!C14 -> 600000 | D14: =HISTOBQUEJANV25!D14+HISTOBQUEFEV25!D14+HISTOBQUEMARS25!D14+HISTOBQUEAVRIL25!D14+HISTOBQUEMAI25!D14+HISTOBQUEJUIN25!D14+HISTOBQUEJUIL25!D14+HISTOBQUEAOUT25!D14+HISTOBQUESEPT25!D14+HISTOBQUEOCT25!D14+HISTOBQUENOV25!D14+HISTOBQUEDEC25!D14 -> 50000 | E14: =HISTOBQUEJANV25!E14+HISTOBQUEFEV25!E14+HISTOBQUEMARS25!E14+HISTOBQUEAVRIL25!E14+HISTOBQUEMAI25!E14+HISTOBQUEJUIN25!E14+HISTOBQUEJUIL25!E14+HISTOBQUEAOUT25!E14+HISTOBQUESEPT25!E14+HISTOBQUEOCT25!E14+HISTOBQUENOV25!E14+HISTOBQUEDEC25!E14 -> 550000 | F14: =SUM(C14:E14) -> 1200000
A15: AS201663 | B15: =VLOOKUP(A15,[5]LISTADHERENT!$A$4:$J$44,3,0) -> FAMPOU PAUL | C15: =HISTOBQUEJANV25!C15+HISTOBQUEFEV25!C15+HISTOBQUEMARS25!C15+HISTOBQUEAVRIL25!C15+HISTOBQUEMAI25!C15+HISTOBQUEJUIN25!C15+HISTOBQUEJUIL25!C15+HISTOBQUEAOUT25!C15+HISTOBQUESEPT25!C15+HISTOBQUEOCT25!C15+HISTOBQUENOV25!C15+HISTOBQUEDEC25!C15 -> 1500000 | D15: =HISTOBQUEJANV25!D15+HISTOBQUEFEV25!D15+HISTOBQUEMARS25!D15+HISTOBQUEAVRIL25!D15+HISTOBQUEMAI25!D15+HISTOBQUEJUIN25!D15+HISTOBQUEJUIL25!D15+HISTOBQUEAOUT25!D15+HISTOBQUESEPT25!D15+HISTOBQUEOCT25!D15+HISTOBQUENOV25!D15+HISTOBQUEDEC25!D15 -> 328000 | E15: =HISTOBQUEJANV25!E15+HISTOBQUEFEV25!E15+HISTOBQUEMARS25!E15+HISTOBQUEAVRIL25!E15+HISTOBQUEMAI25!E15+HISTOBQUEJUIN25!E15+HISTOBQUEJUIL25!E15+HISTOBQUEAOUT25!E15+HISTOBQUESEPT25!E15+HISTOBQUEOCT25!E15+HISTOBQUENOV25!E15+HISTOBQUEDEC25!E15 -> 1827000 | F15: =SUM(C15:E15) -> 3655000
A16: AS201611 | B16: HENGUE PAUL OMER | C16: =HISTOBQUEJANV25!C16+HISTOBQUEFEV25!C16+HISTOBQUEMARS25!C16+HISTOBQUEAVRIL25!C16+HISTOBQUEMAI25!C16+HISTOBQUEJUIN25!C16+HISTOBQUEJUIL25!C16+HISTOBQUEAOUT25!C16+HISTOBQUESEPT25!C16+HISTOBQUEOCT25!C16+HISTOBQUENOV25!C16+HISTOBQUEDEC25!C16 -> 1500000 | D16: =HISTOBQUEJANV25!D16+HISTOBQUEFEV25!D16+HISTOBQUEMARS25!D16+HISTOBQUEAVRIL25!D16+HISTOBQUEMAI25!D16+HISTOBQUEJUIN25!D16+HISTOBQUEJUIL25!D16+HISTOBQUEAOUT25!D16+HISTOBQUESEPT25!D16+HISTOBQUEOCT25!D16+HISTOBQUENOV25!D16+HISTOBQUEDEC25!D16 -> 0 | E16: =HISTOBQUEJANV25!E16+HISTOBQUEFEV25!E16+HISTOBQUEMARS25!E16+HISTOBQUEAVRIL25!E16+HISTOBQUEMAI25!E16+HISTOBQUEJUIN25!E16+HISTOBQUEJUIL25!E16+HISTOBQUEAOUT25!E16+HISTOBQUESEPT25!E16+HISTOBQUEOCT25!E16+HISTOBQUENOV25!E16+HISTOBQUEDEC25!E16 -> 2650000 | F16: =SUM(C16:E16) -> 4150000
A17: AS201613 | B17: HOTCHO BENJAMIN | C17: =HISTOBQUEJANV25!C17+HISTOBQUEFEV25!C17+HISTOBQUEMARS25!C17+HISTOBQUEAVRIL25!C17+HISTOBQUEMAI25!C17+HISTOBQUEJUIN25!C17+HISTOBQUEJUIL25!C17+HISTOBQUEAOUT25!C17+HISTOBQUESEPT25!C17+HISTOBQUEOCT25!C17+HISTOBQUENOV25!C17+HISTOBQUEDEC25!C17 -> 2700000 | D17: =HISTOBQUEJANV25!D17+HISTOBQUEFEV25!D17+HISTOBQUEMARS25!D17+HISTOBQUEAVRIL25!D17+HISTOBQUEMAI25!D17+HISTOBQUEJUIN25!D17+HISTOBQUEJUIL25!D17+HISTOBQUEAOUT25!D17+HISTOBQUESEPT25!D17+HISTOBQUEOCT25!D17+HISTOBQUENOV25!D17+HISTOBQUEDEC25!D17 -> 678500 | E17: =HISTOBQUEJANV25!E17+HISTOBQUEFEV25!E17+HISTOBQUEMARS25!E17+HISTOBQUEAVRIL25!E17+HISTOBQUEMAI25!E17+HISTOBQUEJUIN25!E17+HISTOBQUEJUIL25!E17+HISTOBQUEAOUT25!E17+HISTOBQUESEPT25!E17+HISTOBQUEOCT25!E17+HISTOBQUENOV25!E17+HISTOBQUEDEC25!E17 -> 3604000 | F17: =SUM(C17:E17) -> 6982500
A18: AS201617 | B18: KOUAMOU MOISE | C18: =HISTOBQUEJANV25!C18+HISTOBQUEFEV25!C18+HISTOBQUEMARS25!C18+HISTOBQUEAVRIL25!C18+HISTOBQUEMAI25!C18+HISTOBQUEJUIN25!C18+HISTOBQUEJUIL25!C18+HISTOBQUEAOUT25!C18+HISTOBQUESEPT25!C18+HISTOBQUEOCT25!C18+HISTOBQUENOV25!C18+HISTOBQUEDEC25!C18 -> 1800000 | D18: =HISTOBQUEJANV25!D18+HISTOBQUEFEV25!D18+HISTOBQUEMARS25!D18+HISTOBQUEAVRIL25!D18+HISTOBQUEMAI25!D18+HISTOBQUEJUIN25!D18+HISTOBQUEJUIL25!D18+HISTOBQUEAOUT25!D18+HISTOBQUESEPT25!D18+HISTOBQUEOCT25!D18+HISTOBQUENOV25!D18+HISTOBQUEDEC25!D18 -> 322000 | E18: =HISTOBQUEJANV25!E18+HISTOBQUEFEV25!E18+HISTOBQUEMARS25!E18+HISTOBQUEAVRIL25!E18+HISTOBQUEMAI25!E18+HISTOBQUEJUIN25!E18+HISTOBQUEJUIL25!E18+HISTOBQUEAOUT25!E18+HISTOBQUESEPT25!E18+HISTOBQUEOCT25!E18+HISTOBQUENOV25!E18+HISTOBQUEDEC25!E18 -> 1730000 | F18: =SUM(C18:E18) -> 3852000
A19: AS201619 | B19: KOUATCHO MESSACK | C19: =HISTOBQUEJANV25!C19+HISTOBQUEFEV25!C19+HISTOBQUEMARS25!C19+HISTOBQUEAVRIL25!C19+HISTOBQUEMAI25!C19+HISTOBQUEJUIN25!C19+HISTOBQUEJUIL25!C19+HISTOBQUEAOUT25!C19+HISTOBQUESEPT25!C19+HISTOBQUEOCT25!C19+HISTOBQUENOV25!C19+HISTOBQUEDEC25!C19 -> 2625000 | D19: =HISTOBQUEJANV25!D19+HISTOBQUEFEV25!D19+HISTOBQUEMARS25!D19+HISTOBQUEAVRIL25!D19+HISTOBQUEMAI25!D19+HISTOBQUEJUIN25!D19+HISTOBQUEJUIL25!D19+HISTOBQUEAOUT25!D19+HISTOBQUESEPT25!D19+HISTOBQUEOCT25!D19+HISTOBQUENOV25!D19+HISTOBQUEDEC25!D19 -> 1628500 | E19: =HISTOBQUEJANV25!E19+HISTOBQUEFEV25!E19+HISTOBQUEMARS25!E19+HISTOBQUEAVRIL25!E19+HISTOBQUEMAI25!E19+HISTOBQUEJUIN25!E19+HISTOBQUEJUIL25!E19+HISTOBQUEAOUT25!E19+HISTOBQUESEPT25!E19+HISTOBQUEOCT25!E19+HISTOBQUENOV25!E19+HISTOBQUEDEC25!E19 -> 3374500 | F19: =SUM(C19:E19) -> 7628000
A20: AS201620 | B20: =VLOOKUP(A20,[5]LISTADHERENT!$A$4:$J$44,3,0) -> LOWE JEAN | C20: =HISTOBQUEJANV25!C20+HISTOBQUEFEV25!C20+HISTOBQUEMARS25!C20+HISTOBQUEAVRIL25!C20+HISTOBQUEMAI25!C20+HISTOBQUEJUIN25!C20+HISTOBQUEJUIL25!C20+HISTOBQUEAOUT25!C20+HISTOBQUESEPT25!C20+HISTOBQUEOCT25!C20+HISTOBQUENOV25!C20+HISTOBQUEDEC25!C20 -> 0 | D20: =HISTOBQUEJANV25!D20+HISTOBQUEFEV25!D20+HISTOBQUEMARS25!D20+HISTOBQUEAVRIL25!D20+HISTOBQUEMAI25!D20+HISTOBQUEJUIN25!D20+HISTOBQUEJUIL25!D20+HISTOBQUEAOUT25!D20+HISTOBQUESEPT25!D20+HISTOBQUEOCT25!D20+HISTOBQUENOV25!D20+HISTOBQUEDEC25!D20 -> 50000 | E20: =HISTOBQUEJANV25!E20+HISTOBQUEFEV25!E20+HISTOBQUEMARS25!E20+HISTOBQUEAVRIL25!E20+HISTOBQUEMAI25!E20+HISTOBQUEJUIN25!E20+HISTOBQUEJUIL25!E20+HISTOBQUEAOUT25!E20+HISTOBQUESEPT25!E20+HISTOBQUEOCT25!E20+HISTOBQUENOV25!E20+HISTOBQUEDEC25!E20 -> 0 | F20: =SUM(C20:E20) -> 50000
A21: AS201661 | B21: MASSEUNGOUE DAGOBERT | C21: =HISTOBQUEJANV25!C21+HISTOBQUEFEV25!C21+HISTOBQUEMARS25!C21+HISTOBQUEAVRIL25!C21+HISTOBQUEMAI25!C21+HISTOBQUEJUIN25!C21+HISTOBQUEJUIL25!C21+HISTOBQUEAOUT25!C21+HISTOBQUESEPT25!C21+HISTOBQUEOCT25!C21+HISTOBQUENOV25!C21+HISTOBQUEDEC25!C21 -> 600000 | D21: =HISTOBQUEJANV25!D21+HISTOBQUEFEV25!D21+HISTOBQUEMARS25!D21+HISTOBQUEAVRIL25!D21+HISTOBQUEMAI25!D21+HISTOBQUEJUIN25!D21+HISTOBQUEJUIL25!D21+HISTOBQUEAOUT25!D21+HISTOBQUESEPT25!D21+HISTOBQUEOCT25!D21+HISTOBQUENOV25!D21+HISTOBQUEDEC25!D21 -> 53000 | E21: =HISTOBQUEJANV25!E21+HISTOBQUEFEV25!E21+HISTOBQUEMARS25!E21+HISTOBQUEAVRIL25!E21+HISTOBQUEMAI25!E21+HISTOBQUEJUIN25!E21+HISTOBQUEJUIL25!E21+HISTOBQUEAOUT25!E21+HISTOBQUESEPT25!E21+HISTOBQUEOCT25!E21+HISTOBQUENOV25!E21+HISTOBQUEDEC25!E21 -> 1225000 | F21: =SUM(C21:E21) -> 1878000
A22: AS201649 | B22: MBOGNING TUGMA GUY | C22: =HISTOBQUEJANV25!C22+HISTOBQUEFEV25!C22+HISTOBQUEMARS25!C22+HISTOBQUEAVRIL25!C22+HISTOBQUEMAI25!C22+HISTOBQUEJUIN25!C22+HISTOBQUEJUIL25!C22+HISTOBQUEAOUT25!C22+HISTOBQUESEPT25!C22+HISTOBQUEOCT25!C22+HISTOBQUENOV25!C22+HISTOBQUEDEC25!C22 -> 3900000 | D22: =HISTOBQUEJANV25!D22+HISTOBQUEFEV25!D22+HISTOBQUEMARS25!D22+HISTOBQUEAVRIL25!D22+HISTOBQUEMAI25!D22+HISTOBQUEJUIN25!D22+HISTOBQUEJUIL25!D22+HISTOBQUEAOUT25!D22+HISTOBQUESEPT25!D22+HISTOBQUEOCT25!D22+HISTOBQUENOV25!D22+HISTOBQUEDEC25!D22 -> 2341000 | E22: =HISTOBQUEJANV25!E22+HISTOBQUEFEV25!E22+HISTOBQUEMARS25!E22+HISTOBQUEAVRIL25!E22+HISTOBQUEMAI25!E22+HISTOBQUEJUIN25!E22+HISTOBQUEJUIL25!E22+HISTOBQUEAOUT25!E22+HISTOBQUESEPT25!E22+HISTOBQUEOCT25!E22+HISTOBQUENOV25!E22+HISTOBQUEDEC25!E22 -> 5152400 | F22: =SUM(C22:E22) -> 11393400
A23: AS201639 | B23: NANGUEN MARTIN | C23: =HISTOBQUEJANV25!C23+HISTOBQUEFEV25!C23+HISTOBQUEMARS25!C23+HISTOBQUEAVRIL25!C23+HISTOBQUEMAI25!C23+HISTOBQUEJUIN25!C23+HISTOBQUEJUIL25!C23+HISTOBQUEAOUT25!C23+HISTOBQUESEPT25!C23+HISTOBQUEOCT25!C23+HISTOBQUENOV25!C23+HISTOBQUEDEC25!C23 -> 600000 | D23: =HISTOBQUEJANV25!D23+HISTOBQUEFEV25!D23+HISTOBQUEMARS25!D23+HISTOBQUEAVRIL25!D23+HISTOBQUEMAI25!D23+HISTOBQUEJUIN25!D23+HISTOBQUEJUIL25!D23+HISTOBQUEAOUT25!D23+HISTOBQUESEPT25!D23+HISTOBQUEOCT25!D23+HISTOBQUENOV25!D23+HISTOBQUEDEC25!D23 -> 253000 | E23: =HISTOBQUEJANV25!E23+HISTOBQUEFEV25!E23+HISTOBQUEMARS25!E23+HISTOBQUEAVRIL25!E23+HISTOBQUEMAI25!E23+HISTOBQUEJUIN25!E23+HISTOBQUEJUIL25!E23+HISTOBQUEAOUT25!E23+HISTOBQUESEPT25!E23+HISTOBQUEOCT25!E23+HISTOBQUENOV25!E23+HISTOBQUEDEC25!E23 -> 500000 | F23: =SUM(C23:E23) -> 1353000
A24: AS201621 | B24: NANKAM APPOLINAIRE | C24: =HISTOBQUEJANV25!C24+HISTOBQUEFEV25!C24+HISTOBQUEMARS25!C24+HISTOBQUEAVRIL25!C24+HISTOBQUEMAI25!C24+HISTOBQUEJUIN25!C24+HISTOBQUEJUIL25!C24+HISTOBQUEAOUT25!C24+HISTOBQUESEPT25!C24+HISTOBQUEOCT25!C24+HISTOBQUENOV25!C24+HISTOBQUEDEC25!C24 -> 1500000 | D24: =HISTOBQUEJANV25!D24+HISTOBQUEFEV25!D24+HISTOBQUEMARS25!D24+HISTOBQUEAVRIL25!D24+HISTOBQUEMAI25!D24+HISTOBQUEJUIN25!D24+HISTOBQUEJUIL25!D24+HISTOBQUEAOUT25!D24+HISTOBQUESEPT25!D24+HISTOBQUEOCT25!D24+HISTOBQUENOV25!D24+HISTOBQUEDEC25!D24 -> 0 | E24: =HISTOBQUEJANV25!E24+HISTOBQUEFEV25!E24+HISTOBQUEMARS25!E24+HISTOBQUEAVRIL25!E24+HISTOBQUEMAI25!E24+HISTOBQUEJUIN25!E24+HISTOBQUEJUIL25!E24+HISTOBQUEAOUT25!E24+HISTOBQUESEPT25!E24+HISTOBQUEOCT25!E24+HISTOBQUENOV25!E24+HISTOBQUEDEC25!E24 -> 1500000 | F24: =SUM(C24:E24) -> 3000000
A25: AS201622 | B25: NDJOMO ETIENNE | C25: =HISTOBQUEJANV25!C25+HISTOBQUEFEV25!C25+HISTOBQUEMARS25!C25+HISTOBQUEAVRIL25!C25+HISTOBQUEMAI25!C25+HISTOBQUEJUIN25!C25+HISTOBQUEJUIL25!C25+HISTOBQUEAOUT25!C25+HISTOBQUESEPT25!C25+HISTOBQUEOCT25!C25+HISTOBQUENOV25!C25+HISTOBQUEDEC25!C25 -> 3000000 | D25: =HISTOBQUEJANV25!D25+HISTOBQUEFEV25!D25+HISTOBQUEMARS25!D25+HISTOBQUEAVRIL25!D25+HISTOBQUEMAI25!D25+HISTOBQUEJUIN25!D25+HISTOBQUEJUIL25!D25+HISTOBQUEAOUT25!D25+HISTOBQUESEPT25!D25+HISTOBQUEOCT25!D25+HISTOBQUENOV25!D25+HISTOBQUEDEC25!D25 -> 508000 | E25: =HISTOBQUEJANV25!E25+HISTOBQUEFEV25!E25+HISTOBQUEMARS25!E25+HISTOBQUEAVRIL25!E25+HISTOBQUEMAI25!E25+HISTOBQUEJUIN25!E25+HISTOBQUEJUIL25!E25+HISTOBQUEAOUT25!E25+HISTOBQUESEPT25!E25+HISTOBQUEOCT25!E25+HISTOBQUENOV25!E25+HISTOBQUEDEC25!E25 -> 4468000 | F25: =SUM(C25:E25) -> 7976000
A26: AS201624 | B26: NGONDIEP CLAUDE | C26: =HISTOBQUEJANV25!C26+HISTOBQUEFEV25!C26+HISTOBQUEMARS25!C26+HISTOBQUEAVRIL25!C26+HISTOBQUEMAI25!C26+HISTOBQUEJUIN25!C26+HISTOBQUEJUIL25!C26+HISTOBQUEAOUT25!C26+HISTOBQUESEPT25!C26+HISTOBQUEOCT25!C26+HISTOBQUENOV25!C26+HISTOBQUEDEC25!C26 -> 2700000 | D26: =HISTOBQUEJANV25!D26+HISTOBQUEFEV25!D26+HISTOBQUEMARS25!D26+HISTOBQUEAVRIL25!D26+HISTOBQUEMAI25!D26+HISTOBQUEJUIN25!D26+HISTOBQUEJUIL25!D26+HISTOBQUEAOUT25!D26+HISTOBQUESEPT25!D26+HISTOBQUEOCT25!D26+HISTOBQUENOV25!D26+HISTOBQUEDEC25!D26 -> 761125 | E26: =HISTOBQUEJANV25!E26+HISTOBQUEFEV25!E26+HISTOBQUEMARS25!E26+HISTOBQUEAVRIL25!E26+HISTOBQUEMAI25!E26+HISTOBQUEJUIN25!E26+HISTOBQUEJUIL25!E26+HISTOBQUEAOUT25!E26+HISTOBQUESEPT25!E26+HISTOBQUEOCT25!E26+HISTOBQUENOV25!E26+HISTOBQUEDEC25!E26 -> 4127500 | F26: =SUM(C26:E26) -> 7588625
A27: AS201626 | B27: NGUIEMEGNI MATHIEU BLAISE | C27: =HISTOBQUEJANV25!C27+HISTOBQUEFEV25!C27+HISTOBQUEMARS25!C27+HISTOBQUEAVRIL25!C27+HISTOBQUEMAI25!C27+HISTOBQUEJUIN25!C27+HISTOBQUEJUIL25!C27+HISTOBQUEAOUT25!C27+HISTOBQUESEPT25!C27+HISTOBQUEOCT25!C27+HISTOBQUENOV25!C27+HISTOBQUEDEC25!C27 -> 3000000 | D27: =HISTOBQUEJANV25!D27+HISTOBQUEFEV25!D27+HISTOBQUEMARS25!D27+HISTOBQUEAVRIL25!D27+HISTOBQUEMAI25!D27+HISTOBQUEJUIN25!D27+HISTOBQUEJUIL25!D27+HISTOBQUEAOUT25!D27+HISTOBQUESEPT25!D27+HISTOBQUEOCT25!D27+HISTOBQUENOV25!D27+HISTOBQUEDEC25!D27 -> 85000 | E27: =HISTOBQUEJANV25!E27+HISTOBQUEFEV25!E27+HISTOBQUEMARS25!E27+HISTOBQUEAVRIL25!E27+HISTOBQUEMAI25!E27+HISTOBQUEJUIN25!E27+HISTOBQUEJUIL25!E27+HISTOBQUEAOUT25!E27+HISTOBQUESEPT25!E27+HISTOBQUEOCT25!E27+HISTOBQUENOV25!E27+HISTOBQUEDEC25!E27 -> 4183000 | F27: =SUM(C27:E27) -> 7268000
A28: AS201628 | B28: NKAMGANG JUSTIN DEJOLIE | C28: =HISTOBQUEJANV25!C28+HISTOBQUEFEV25!C28+HISTOBQUEMARS25!C28+HISTOBQUEAVRIL25!C28+HISTOBQUEMAI25!C28+HISTOBQUEJUIN25!C28+HISTOBQUEJUIL25!C28+HISTOBQUEAOUT25!C28+HISTOBQUESEPT25!C28+HISTOBQUEOCT25!C28+HISTOBQUENOV25!C28+HISTOBQUEDEC25!C28 -> 600000 | D28: =HISTOBQUEJANV25!D28+HISTOBQUEFEV25!D28+HISTOBQUEMARS25!D28+HISTOBQUEAVRIL25!D28+HISTOBQUEMAI25!D28+HISTOBQUEJUIN25!D28+HISTOBQUEJUIL25!D28+HISTOBQUEAOUT25!D28+HISTOBQUESEPT25!D28+HISTOBQUEOCT25!D28+HISTOBQUENOV25!D28+HISTOBQUEDEC25!D28 -> 1103000 | E28: =HISTOBQUEJANV25!E28+HISTOBQUEFEV25!E28+HISTOBQUEMARS25!E28+HISTOBQUEAVRIL25!E28+HISTOBQUEMAI25!E28+HISTOBQUEJUIN25!E28+HISTOBQUEJUIL25!E28+HISTOBQUEAOUT25!E28+HISTOBQUESEPT25!E28+HISTOBQUEOCT25!E28+HISTOBQUENOV25!E28+HISTOBQUEDEC25!E28 -> 1019000 | F28: =SUM(C28:E28) -> 2722000
A29: AS201656 | B29: NOUBE ETIENNE | C29: =HISTOBQUEJANV25!C29+HISTOBQUEFEV25!C29+HISTOBQUEMARS25!C29+HISTOBQUEAVRIL25!C29+HISTOBQUEMAI25!C29+HISTOBQUEJUIN25!C29+HISTOBQUEJUIL25!C29+HISTOBQUEAOUT25!C29+HISTOBQUESEPT25!C29+HISTOBQUEOCT25!C29+HISTOBQUENOV25!C29+HISTOBQUEDEC25!C29 -> 600000 | D29: =HISTOBQUEJANV25!D29+HISTOBQUEFEV25!D29+HISTOBQUEMARS25!D29+HISTOBQUEAVRIL25!D29+HISTOBQUEMAI25!D29+HISTOBQUEJUIN25!D29+HISTOBQUEJUIL25!D29+HISTOBQUEAOUT25!D29+HISTOBQUESEPT25!D29+HISTOBQUEOCT25!D29+HISTOBQUENOV25!D29+HISTOBQUEDEC25!D29 -> 150000 | E29: =HISTOBQUEJANV25!E29+HISTOBQUEFEV25!E29+HISTOBQUEMARS25!E29+HISTOBQUEAVRIL25!E29+HISTOBQUEMAI25!E29+HISTOBQUEJUIN25!E29+HISTOBQUEJUIL25!E29+HISTOBQUEAOUT25!E29+HISTOBQUESEPT25!E29+HISTOBQUEOCT25!E29+HISTOBQUENOV25!E29+HISTOBQUEDEC25!E29 -> 850000 | F29: =SUM(C29:E29) -> 1600000
A30: AS201633 | B30: PATEGO NJOSSU GUSTAVE | C30: =HISTOBQUEJANV25!C30+HISTOBQUEFEV25!C30+HISTOBQUEMARS25!C30+HISTOBQUEAVRIL25!C30+HISTOBQUEMAI25!C30+HISTOBQUEJUIN25!C30+HISTOBQUEJUIL25!C30+HISTOBQUEAOUT25!C30+HISTOBQUESEPT25!C30+HISTOBQUEOCT25!C30+HISTOBQUENOV25!C30+HISTOBQUEDEC25!C30 -> 1500000 | D30: =HISTOBQUEJANV25!D30+HISTOBQUEFEV25!D30+HISTOBQUEMARS25!D30+HISTOBQUEAVRIL25!D30+HISTOBQUEMAI25!D30+HISTOBQUEJUIN25!D30+HISTOBQUEJUIL25!D30+HISTOBQUEAOUT25!D30+HISTOBQUESEPT25!D30+HISTOBQUEOCT25!D30+HISTOBQUENOV25!D30+HISTOBQUEDEC25!D30 -> 0 | E30: =HISTOBQUEJANV25!E30+HISTOBQUEFEV25!E30+HISTOBQUEMARS25!E30+HISTOBQUEAVRIL25!E30+HISTOBQUEMAI25!E30+HISTOBQUEJUIN25!E30+HISTOBQUEJUIL25!E30+HISTOBQUEAOUT25!E30+HISTOBQUESEPT25!E30+HISTOBQUEOCT25!E30+HISTOBQUENOV25!E30+HISTOBQUEDEC25!E30 -> 1500000 | F30: =SUM(C30:E30) -> 3000000
A31: AS201657 | B31: SEUMO POLYCARPE | C31: =HISTOBQUEJANV25!C31+HISTOBQUEFEV25!C31+HISTOBQUEMARS25!C31+HISTOBQUEAVRIL25!C31+HISTOBQUEMAI25!C31+HISTOBQUEJUIN25!C31+HISTOBQUEJUIL25!C31+HISTOBQUEAOUT25!C31+HISTOBQUESEPT25!C31+HISTOBQUEOCT25!C31+HISTOBQUENOV25!C31+HISTOBQUEDEC25!C31 -> 600000 | D31: =HISTOBQUEJANV25!D31+HISTOBQUEFEV25!D31+HISTOBQUEMARS25!D31+HISTOBQUEAVRIL25!D31+HISTOBQUEMAI25!D31+HISTOBQUEJUIN25!D31+HISTOBQUEJUIL25!D31+HISTOBQUEAOUT25!D31+HISTOBQUESEPT25!D31+HISTOBQUEOCT25!D31+HISTOBQUENOV25!D31+HISTOBQUEDEC25!D31 -> 30000 | E31: =HISTOBQUEJANV25!E31+HISTOBQUEFEV25!E31+HISTOBQUEMARS25!E31+HISTOBQUEAVRIL25!E31+HISTOBQUEMAI25!E31+HISTOBQUEJUIN25!E31+HISTOBQUEJUIL25!E31+HISTOBQUEAOUT25!E31+HISTOBQUESEPT25!E31+HISTOBQUEOCT25!E31+HISTOBQUENOV25!E31+HISTOBQUEDEC25!E31 -> 701000 | F31: =SUM(C31:E31) -> 1331000
A32: AS201653 | B32: SIME BRICE | C32: =HISTOBQUEJANV25!C32+HISTOBQUEFEV25!C32+HISTOBQUEMARS25!C32+HISTOBQUEAVRIL25!C32+HISTOBQUEMAI25!C32+HISTOBQUEJUIN25!C32+HISTOBQUEJUIL25!C32+HISTOBQUEAOUT25!C32+HISTOBQUESEPT25!C32+HISTOBQUEOCT25!C32+HISTOBQUENOV25!C32+HISTOBQUEDEC25!C32 -> 3000000 | D32: =HISTOBQUEJANV25!D32+HISTOBQUEFEV25!D32+HISTOBQUEMARS25!D32+HISTOBQUEAVRIL25!D32+HISTOBQUEMAI25!D32+HISTOBQUEJUIN25!D32+HISTOBQUEJUIL25!D32+HISTOBQUEAOUT25!D32+HISTOBQUESEPT25!D32+HISTOBQUEOCT25!D32+HISTOBQUENOV25!D32+HISTOBQUEDEC25!D32 -> 1712500 | E32: =HISTOBQUEJANV25!E32+HISTOBQUEFEV25!E32+HISTOBQUEMARS25!E32+HISTOBQUEAVRIL25!E32+HISTOBQUEMAI25!E32+HISTOBQUEJUIN25!E32+HISTOBQUEJUIL25!E32+HISTOBQUEAOUT25!E32+HISTOBQUESEPT25!E32+HISTOBQUEOCT25!E32+HISTOBQUENOV25!E32+HISTOBQUEDEC25!E32 -> 3008000 | F32: =SUM(C32:E32) -> 7720500
A33: AS201629 | B33: =VLOOKUP(A33,[5]LISTADHERENT!$A$4:$J$44,3,0) -> SIMO FONGANG ERIC | C33: =HISTOBQUEJANV25!C33+HISTOBQUEFEV25!C33+HISTOBQUEMARS25!C33+HISTOBQUEAVRIL25!C33+HISTOBQUEMAI25!C33+HISTOBQUEJUIN25!C33+HISTOBQUEJUIL25!C33+HISTOBQUEAOUT25!C33+HISTOBQUESEPT25!C33+HISTOBQUEOCT25!C33+HISTOBQUENOV25!C33+HISTOBQUEDEC25!C33 -> 600000 | D33: =HISTOBQUEJANV25!D33+HISTOBQUEFEV25!D33+HISTOBQUEMARS25!D33+HISTOBQUEAVRIL25!D33+HISTOBQUEMAI25!D33+HISTOBQUEJUIN25!D33+HISTOBQUEJUIL25!D33+HISTOBQUEAOUT25!D33+HISTOBQUESEPT25!D33+HISTOBQUEOCT25!D33+HISTOBQUENOV25!D33+HISTOBQUEDEC25!D33 -> 313000 | E33: =HISTOBQUEJANV25!E33+HISTOBQUEFEV25!E33+HISTOBQUEMARS25!E33+HISTOBQUEAVRIL25!E33+HISTOBQUEMAI25!E33+HISTOBQUEJUIN25!E33+HISTOBQUEJUIL25!E33+HISTOBQUEAOUT25!E33+HISTOBQUESEPT25!E33+HISTOBQUEOCT25!E33+HISTOBQUENOV25!E33+HISTOBQUEDEC25!E33 -> 300000 | F33: =SUM(C33:E33) -> 1213000
A34: AS201638 | B34: SIMO PIERRE | C34: =HISTOBQUEJANV25!C34+HISTOBQUEFEV25!C34+HISTOBQUEMARS25!C34+HISTOBQUEAVRIL25!C34+HISTOBQUEMAI25!C34+HISTOBQUEJUIN25!C34+HISTOBQUEJUIL25!C34+HISTOBQUEAOUT25!C34+HISTOBQUESEPT25!C34+HISTOBQUEOCT25!C34+HISTOBQUENOV25!C34+HISTOBQUEDEC25!C34 -> 1500000 | D34: =HISTOBQUEJANV25!D34+HISTOBQUEFEV25!D34+HISTOBQUEMARS25!D34+HISTOBQUEAVRIL25!D34+HISTOBQUEMAI25!D34+HISTOBQUEJUIN25!D34+HISTOBQUEJUIL25!D34+HISTOBQUEAOUT25!D34+HISTOBQUESEPT25!D34+HISTOBQUEOCT25!D34+HISTOBQUENOV25!D34+HISTOBQUEDEC25!D34 -> 500000 | E34: =HISTOBQUEJANV25!E34+HISTOBQUEFEV25!E34+HISTOBQUEMARS25!E34+HISTOBQUEAVRIL25!E34+HISTOBQUEMAI25!E34+HISTOBQUEJUIN25!E34+HISTOBQUEJUIL25!E34+HISTOBQUEAOUT25!E34+HISTOBQUESEPT25!E34+HISTOBQUEOCT25!E34+HISTOBQUENOV25!E34+HISTOBQUEDEC25!E34 -> 1241000 | F34: =SUM(C34:E34) -> 3241000
A35: AS201641 | B35: TCHOUAMOU MATHIEU | C35: =HISTOBQUEJANV25!C35+HISTOBQUEFEV25!C35+HISTOBQUEMARS25!C35+HISTOBQUEAVRIL25!C35+HISTOBQUEMAI25!C35+HISTOBQUEJUIN25!C35+HISTOBQUEJUIL25!C35+HISTOBQUEAOUT25!C35+HISTOBQUESEPT25!C35+HISTOBQUEOCT25!C35+HISTOBQUENOV25!C35+HISTOBQUEDEC25!C35 -> 1500000 | D35: =HISTOBQUEJANV25!D35+HISTOBQUEFEV25!D35+HISTOBQUEMARS25!D35+HISTOBQUEAVRIL25!D35+HISTOBQUEMAI25!D35+HISTOBQUEJUIN25!D35+HISTOBQUEJUIL25!D35+HISTOBQUEAOUT25!D35+HISTOBQUESEPT25!D35+HISTOBQUEOCT25!D35+HISTOBQUENOV25!D35+HISTOBQUEDEC25!D35 -> 1304500 | E35: =HISTOBQUEJANV25!E35+HISTOBQUEFEV25!E35+HISTOBQUEMARS25!E35+HISTOBQUEAVRIL25!E35+HISTOBQUEMAI25!E35+HISTOBQUEJUIN25!E35+HISTOBQUEJUIL25!E35+HISTOBQUEAOUT25!E35+HISTOBQUESEPT25!E35+HISTOBQUEOCT25!E35+HISTOBQUENOV25!E35+HISTOBQUEDEC25!E35 -> 2058000 | F35: =SUM(C35:E35) -> 4862500
A36: AS201660 | B36: TCHOUATEU AUGUSTIN | C36: =HISTOBQUEJANV25!C36+HISTOBQUEFEV25!C36+HISTOBQUEMARS25!C36+HISTOBQUEAVRIL25!C36+HISTOBQUEMAI25!C36+HISTOBQUEJUIN25!C36+HISTOBQUEJUIL25!C36+HISTOBQUEAOUT25!C36+HISTOBQUESEPT25!C36+HISTOBQUEOCT25!C36+HISTOBQUENOV25!C36+HISTOBQUEDEC25!C36 -> 1800000 | D36: =HISTOBQUEJANV25!D36+HISTOBQUEFEV25!D36+HISTOBQUEMARS25!D36+HISTOBQUEAVRIL25!D36+HISTOBQUEMAI25!D36+HISTOBQUEJUIN25!D36+HISTOBQUEJUIL25!D36+HISTOBQUEAOUT25!D36+HISTOBQUESEPT25!D36+HISTOBQUEOCT25!D36+HISTOBQUENOV25!D36+HISTOBQUEDEC25!D36 -> 208000 | E36: =HISTOBQUEJANV25!E36+HISTOBQUEFEV25!E36+HISTOBQUEMARS25!E36+HISTOBQUEAVRIL25!E36+HISTOBQUEMAI25!E36+HISTOBQUEJUIN25!E36+HISTOBQUEJUIL25!E36+HISTOBQUEAOUT25!E36+HISTOBQUESEPT25!E36+HISTOBQUEOCT25!E36+HISTOBQUENOV25!E36+HISTOBQUEDEC25!E36 -> 2800000 | F36: =SUM(C36:E36) -> 4808000
A37: AS201643 | B37: TCHOUTOU NANA CLAUDE | C37: =HISTOBQUEJANV25!C37+HISTOBQUEFEV25!C37+HISTOBQUEMARS25!C37+HISTOBQUEAVRIL25!C37+HISTOBQUEMAI25!C37+HISTOBQUEJUIN25!C37+HISTOBQUEJUIL25!C37+HISTOBQUEAOUT25!C37+HISTOBQUESEPT25!C37+HISTOBQUEOCT25!C37+HISTOBQUENOV25!C37+HISTOBQUEDEC25!C37 -> 600000 | D37: =HISTOBQUEJANV25!D37+HISTOBQUEFEV25!D37+HISTOBQUEMARS25!D37+HISTOBQUEAVRIL25!D37+HISTOBQUEMAI25!D37+HISTOBQUEJUIN25!D37+HISTOBQUEJUIL25!D37+HISTOBQUEAOUT25!D37+HISTOBQUESEPT25!D37+HISTOBQUEOCT25!D37+HISTOBQUENOV25!D37+HISTOBQUEDEC25!D37 -> 0 | E37: =HISTOBQUEJANV25!E37+HISTOBQUEFEV25!E37+HISTOBQUEMARS25!E37+HISTOBQUEAVRIL25!E37+HISTOBQUEMAI25!E37+HISTOBQUEJUIN25!E37+HISTOBQUEJUIL25!E37+HISTOBQUEAOUT25!E37+HISTOBQUESEPT25!E37+HISTOBQUEOCT25!E37+HISTOBQUENOV25!E37+HISTOBQUEDEC25!E37 -> 600000 | F37: =SUM(C37:E37) -> 1200000
A38: AS201662 | B38: =VLOOKUP(A38,[5]LISTADHERENT!$A$4:$J$44,3,0) -> TIEYAM ERNEST | C38: =HISTOBQUEJANV25!C38+HISTOBQUEFEV25!C38+HISTOBQUEMARS25!C38+HISTOBQUEAVRIL25!C38+HISTOBQUEMAI25!C38+HISTOBQUEJUIN25!C38+HISTOBQUEJUIL25!C38+HISTOBQUEAOUT25!C38+HISTOBQUESEPT25!C38+HISTOBQUEOCT25!C38+HISTOBQUENOV25!C38+HISTOBQUEDEC25!C38 -> 600000 | D38: =HISTOBQUEJANV25!D38+HISTOBQUEFEV25!D38+HISTOBQUEMARS25!D38+HISTOBQUEAVRIL25!D38+HISTOBQUEMAI25!D38+HISTOBQUEJUIN25!D38+HISTOBQUEJUIL25!D38+HISTOBQUEAOUT25!D38+HISTOBQUESEPT25!D38+HISTOBQUEOCT25!D38+HISTOBQUENOV25!D38+HISTOBQUEDEC25!D38 -> 466300 | E38: =HISTOBQUEJANV25!E38+HISTOBQUEFEV25!E38+HISTOBQUEMARS25!E38+HISTOBQUEAVRIL25!E38+HISTOBQUEMAI25!E38+HISTOBQUEJUIN25!E38+HISTOBQUEJUIL25!E38+HISTOBQUEAOUT25!E38+HISTOBQUESEPT25!E38+HISTOBQUEOCT25!E38+HISTOBQUENOV25!E38+HISTOBQUEDEC25!E38 -> 150000 | F38: =SUM(C38:E38) -> 1216300
A39: AS201658 | B39: YANTCHOU GERVAIS | C39: =HISTOBQUEJANV25!C39+HISTOBQUEFEV25!C39+HISTOBQUEMARS25!C39+HISTOBQUEAVRIL25!C39+HISTOBQUEMAI25!C39+HISTOBQUEJUIN25!C39+HISTOBQUEJUIL25!C39+HISTOBQUEAOUT25!C39+HISTOBQUESEPT25!C39+HISTOBQUEOCT25!C39+HISTOBQUENOV25!C39+HISTOBQUEDEC25!C39 -> 1500000 | D39: =HISTOBQUEJANV25!D39+HISTOBQUEFEV25!D39+HISTOBQUEMARS25!D39+HISTOBQUEAVRIL25!D39+HISTOBQUEMAI25!D39+HISTOBQUEJUIN25!D39+HISTOBQUEJUIL25!D39+HISTOBQUEAOUT25!D39+HISTOBQUESEPT25!D39+HISTOBQUEOCT25!D39+HISTOBQUENOV25!D39+HISTOBQUEDEC25!D39 -> 177500 | E39: =HISTOBQUEJANV25!E39+HISTOBQUEFEV25!E39+HISTOBQUEMARS25!E39+HISTOBQUEAVRIL25!E39+HISTOBQUEMAI25!E39+HISTOBQUEJUIN25!E39+HISTOBQUEJUIL25!E39+HISTOBQUEAOUT25!E39+HISTOBQUESEPT25!E39+HISTOBQUEOCT25!E39+HISTOBQUENOV25!E39+HISTOBQUEDEC25!E39 -> 1796500 | F39: =SUM(C39:E39) -> 3474000
A40: AS201646 | B40: YEPMOU JEAN JACQUES | C40: =HISTOBQUEJANV25!C40+HISTOBQUEFEV25!C40+HISTOBQUEMARS25!C40+HISTOBQUEAVRIL25!C40+HISTOBQUEMAI25!C40+HISTOBQUEJUIN25!C40+HISTOBQUEJUIL25!C40+HISTOBQUEAOUT25!C40+HISTOBQUESEPT25!C40+HISTOBQUEOCT25!C40+HISTOBQUENOV25!C40+HISTOBQUEDEC25!C40 -> 600000 | D40: =HISTOBQUEJANV25!D40+HISTOBQUEFEV25!D40+HISTOBQUEMARS25!D40+HISTOBQUEAVRIL25!D40+HISTOBQUEMAI25!D40+HISTOBQUEJUIN25!D40+HISTOBQUEJUIL25!D40+HISTOBQUEAOUT25!D40+HISTOBQUESEPT25!D40+HISTOBQUEOCT25!D40+HISTOBQUENOV25!D40+HISTOBQUEDEC25!D40 -> 250000 | E40: =HISTOBQUEJANV25!E40+HISTOBQUEFEV25!E40+HISTOBQUEMARS25!E40+HISTOBQUEAVRIL25!E40+HISTOBQUEMAI25!E40+HISTOBQUEJUIN25!E40+HISTOBQUEJUIL25!E40+HISTOBQUEAOUT25!E40+HISTOBQUESEPT25!E40+HISTOBQUEOCT25!E40+HISTOBQUENOV25!E40+HISTOBQUEDEC25!E40 -> 350000 | F40: =SUM(C40:E40) -> 1200000
A41: AS201659 | B41: YIALA ALAIN OSCAR | C41: =HISTOBQUEJANV25!C41+HISTOBQUEFEV25!C41+HISTOBQUEMARS25!C41+HISTOBQUEAVRIL25!C41+HISTOBQUEMAI25!C41+HISTOBQUEJUIN25!C41+HISTOBQUEJUIL25!C41+HISTOBQUEAOUT25!C41+HISTOBQUESEPT25!C41+HISTOBQUEOCT25!C41+HISTOBQUENOV25!C41+HISTOBQUEDEC25!C41 -> 3000000 | D41: =HISTOBQUEJANV25!D41+HISTOBQUEFEV25!D41+HISTOBQUEMARS25!D41+HISTOBQUEAVRIL25!D41+HISTOBQUEMAI25!D41+HISTOBQUEJUIN25!D41+HISTOBQUEJUIL25!D41+HISTOBQUEAOUT25!D41+HISTOBQUESEPT25!D41+HISTOBQUEOCT25!D41+HISTOBQUENOV25!D41+HISTOBQUEDEC25!D41 -> 1968000 | E41: =HISTOBQUEJANV25!E41+HISTOBQUEFEV25!E41+HISTOBQUEMARS25!E41+HISTOBQUEAVRIL25!E41+HISTOBQUEMAI25!E41+HISTOBQUEJUIN25!E41+HISTOBQUEJUIL25!E41+HISTOBQUEAOUT25!E41+HISTOBQUESEPT25!E41+HISTOBQUEOCT25!E41+HISTOBQUENOV25!E41+HISTOBQUEDEC25!E41 -> 1250000 | F41: =SUM(C41:E41) -> 6218000
A42: AS201647 | B42: YOUMBI EMMANUEL | C42: =HISTOBQUEJANV25!C42+HISTOBQUEFEV25!C42+HISTOBQUEMARS25!C42+HISTOBQUEAVRIL25!C42+HISTOBQUEMAI25!C42+HISTOBQUEJUIN25!C42+HISTOBQUEJUIL25!C42+HISTOBQUEAOUT25!C42+HISTOBQUESEPT25!C42+HISTOBQUEOCT25!C42+HISTOBQUENOV25!C42+HISTOBQUEDEC25!C42 -> 2700000 | D42: =HISTOBQUEJANV25!D42+HISTOBQUEFEV25!D42+HISTOBQUEMARS25!D42+HISTOBQUEAVRIL25!D42+HISTOBQUEMAI25!D42+HISTOBQUEJUIN25!D42+HISTOBQUEJUIL25!D42+HISTOBQUEAOUT25!D42+HISTOBQUESEPT25!D42+HISTOBQUEOCT25!D42+HISTOBQUENOV25!D42+HISTOBQUEDEC25!D42 -> 0 | E42: =HISTOBQUEJANV25!E42+HISTOBQUEFEV25!E42+HISTOBQUEMARS25!E42+HISTOBQUEAVRIL25!E42+HISTOBQUEMAI25!E42+HISTOBQUEJUIN25!E42+HISTOBQUEJUIL25!E42+HISTOBQUEAOUT25!E42+HISTOBQUESEPT25!E42+HISTOBQUEOCT25!E42+HISTOBQUENOV25!E42+HISTOBQUEDEC25!E42 -> 3127000 | F42: =SUM(C42:E42) -> 5827000
B44: TOTAUX | C44: =SUM(C7:C43) -> 57775000 | D44: =SUM(D7:D43) -> 24315925 | E44: =SUM(E7:E43) -> 68064275 | F44: =SUM(F7:F43) -> 150155200 | G44: =SUM(G7:G43) -> 0 | H44: =SUM(H8:H43) -> 0

Sheet HISTOBQUERESUME24
A1: ASSOCIATION | B1: ASELBY | C1: RECAPITULATION
A2: ANNEE | B2: 2024
A3: 1 | B3: 2 | C3: 4 | D3: 5 | E3: 6 | F3: 21
B4: HISTORIQUE BANCAIRE
A5: MATRICULE | B5: NOM ET PRENOM | C5: HISTORIQUE BANQUE | D5: HITORIQUE ESPECES | E5: HITORIQUE TONTINE | F5: MONTANT ENGAGEMENT | G5: VERIFICATION | H5: AGIO
A6: AS201648 | B6: ASELBY | C6: =HISTOBQUEJANV24!C6+HISTOBQUEFEV24!C6+HISTOBQUEMARS24!C6+HISTOBQUEAVRIL24!C6+HISTOBQUEMAI24!C6+HISTOBQUEJUIN24!C6+HISTOBQUEJUIL24!C6+HISTOBQUEAOUT24!C6+HISTOBQUESEPT24!C6+HISTOBQUEOCT24!C6+HISTOBQUENOV24!C6+HISTOBQUEDEC24!C6 -> 2100000 | D6: =HISTOBQUEJANV24!D6+HISTOBQUEFEV24!D6+HISTOBQUEMARS24!D6+HISTOBQUEAVRIL24!D6+HISTOBQUEMAI24!D6+HISTOBQUEJUIN24!D6+HISTOBQUEJUIL24!D6+HISTOBQUEAOUT24!D6+HISTOBQUESEPT24!D6+HISTOBQUEOCT24!D6+HISTOBQUENOV24!D6+HISTOBQUEDEC24!D6 -> 0 | E6: =HISTOBQUEJANV24!E6+HISTOBQUEFEV24!E6+HISTOBQUEMARS24!E6+HISTOBQUEAVRIL24!E6+HISTOBQUEMAI24!E6+HISTOBQUEJUIN24!E6+HISTOBQUEJUIL24!E6+HISTOBQUEAOUT24!E6+HISTOBQUESEPT24!E6+HISTOBQUEOCT24!E6+HISTOBQUENOV24!E6+HISTOBQUEDEC24!E6 -> 0 | F6: =SUM(C6:E6) -> 2100000
A7: AS201601 | B7: BAKOP ACHILLE | C7: =HISTOBQUEJANV24!C7+HISTOBQUEFEV24!C7+HISTOBQUEMARS24!C7+HISTOBQUEAVRIL24!C7+HISTOBQUEMAI24!C7+HISTOBQUEJUIN24!C7+HISTOBQUEJUIL24!C7+HISTOBQUEAOUT24!C7+HISTOBQUESEPT24!C7+HISTOBQUEOCT24!C7+HISTOBQUENOV24!C7+HISTOBQUEDEC24!C7 -> 268000 | D7: =HISTOBQUEJANV24!D7+HISTOBQUEFEV24!D7+HISTOBQUEMARS24!D7+HISTOBQUEAVRIL24!D7+HISTOBQUEMAI24!D7+HISTOBQUEJUIN24!D7+HISTOBQUEJUIL24!D7+HISTOBQUEAOUT24!D7+HISTOBQUESEPT24!D7+HISTOBQUEOCT24!D7+HISTOBQUENOV24!D7+HISTOBQUEDEC24!D7 -> 471000 | E7: =HISTOBQUEJANV24!E7+HISTOBQUEFEV24!E7+HISTOBQUEMARS24!E7+HISTOBQUEAVRIL24!E7+HISTOBQUEMAI24!E7+HISTOBQUEJUIN24!E7+HISTOBQUEJUIL24!E7+HISTOBQUEAOUT24!E7+HISTOBQUESEPT24!E7+HISTOBQUEOCT24!E7+HISTOBQUENOV24!E7+HISTOBQUEDEC24!E7 -> 0 | F7: =SUM(C7:E7) -> 739000
A8: AS201602 | B8: BOUTCHOUANG WILLIAM | C8: =HISTOBQUEJANV24!C8+HISTOBQUEFEV24!C8+HISTOBQUEMARS24!C8+HISTOBQUEAVRIL24!C8+HISTOBQUEMAI24!C8+HISTOBQUEJUIN24!C8+HISTOBQUEJUIL24!C8+HISTOBQUEAOUT24!C8+HISTOBQUESEPT24!C8+HISTOBQUEOCT24!C8+HISTOBQUENOV24!C8+HISTOBQUEDEC24!C8 -> 1365000 | D8: =HISTOBQUEJANV24!D8+HISTOBQUEFEV24!D8+HISTOBQUEMARS24!D8+HISTOBQUEAVRIL24!D8+HISTOBQUEMAI24!D8+HISTOBQUEJUIN24!D8+HISTOBQUEJUIL24!D8+HISTOBQUEAOUT24!D8+HISTOBQUESEPT24!D8+HISTOBQUEOCT24!D8+HISTOBQUENOV24!D8+HISTOBQUEDEC24!D8 -> 663000 | E8: =HISTOBQUEJANV24!E8+HISTOBQUEFEV24!E8+HISTOBQUEMARS24!E8+HISTOBQUEAVRIL24!E8+HISTOBQUEMAI24!E8+HISTOBQUEJUIN24!E8+HISTOBQUEJUIL24!E8+HISTOBQUEAOUT24!E8+HISTOBQUESEPT24!E8+HISTOBQUEOCT24!E8+HISTOBQUENOV24!E8+HISTOBQUEDEC24!E8 -> 0 | F8: =SUM(C8:E8) -> 2028000
A9: AS201604 | B9: DJOMO JEAN PAUL | C9: =HISTOBQUEJANV24!C9+HISTOBQUEFEV24!C9+HISTOBQUEMARS24!C9+HISTOBQUEAVRIL24!C9+HISTOBQUEMAI24!C9+HISTOBQUEJUIN24!C9+HISTOBQUEJUIL24!C9+HISTOBQUEAOUT24!C9+HISTOBQUESEPT24!C9+HISTOBQUEOCT24!C9+HISTOBQUENOV24!C9+HISTOBQUEDEC24!C9 -> 3457000 | D9: =HISTOBQUEJANV24!D9+HISTOBQUEFEV24!D9+HISTOBQUEMARS24!D9+HISTOBQUEAVRIL24!D9+HISTOBQUEMAI24!D9+HISTOBQUEJUIN24!D9+HISTOBQUEJUIL24!D9+HISTOBQUEAOUT24!D9+HISTOBQUESEPT24!D9+HISTOBQUEOCT24!D9+HISTOBQUENOV24!D9+HISTOBQUEDEC24!D9 -> 800000 | E9: =HISTOBQUEJANV24!E9+HISTOBQUEFEV24!E9+HISTOBQUEMARS24!E9+HISTOBQUEAVRIL24!E9+HISTOBQUEMAI24!E9+HISTOBQUEJUIN24!E9+HISTOBQUEJUIL24!E9+HISTOBQUEAOUT24!E9+HISTOBQUESEPT24!E9+HISTOBQUEOCT24!E9+HISTOBQUENOV24!E9+HISTOBQUEDEC24!E9 -> 0 | F9: =SUM(C9:E9) -> 4257000
A10: AS201654 | B10: DJOMOU TCHAPDA | C10: =HISTOBQUEJANV24!C10+HISTOBQUEFEV24!C10+HISTOBQUEMARS24!C10+HISTOBQUEAVRIL24!C10+HISTOBQUEMAI24!C10+HISTOBQUEJUIN24!C10+HISTOBQUEJUIL24!C10+HISTOBQUEAOUT24!C10+HISTOBQUESEPT24!C10+HISTOBQUEOCT24!C10+HISTOBQUENOV24!C10+HISTOBQUEDEC24!C10 -> 1382000 | D10: =HISTOBQUEJANV24!D10+HISTOBQUEFEV24!D10+HISTOBQUEMARS24!D10+HISTOBQUEAVRIL24!D10+HISTOBQUEMAI24!D10+HISTOBQUEJUIN24!D10+HISTOBQUEJUIL24!D10+HISTOBQUEAOUT24!D10+HISTOBQUESEPT24!D10+HISTOBQUEOCT24!D10+HISTOBQUENOV24!D10+HISTOBQUEDEC24!D10 -> 1830000 | E10: =HISTOBQUEJANV24!E10+HISTOBQUEFEV24!E10+HISTOBQUEMARS24!E10+HISTOBQUEAVRIL24!E10+HISTOBQUEMAI24!E10+HISTOBQUEJUIN24!E10+HISTOBQUEJUIL24!E10+HISTOBQUEAOUT24!E10+HISTOBQUESEPT24!E10+HISTOBQUEOCT24!E10+HISTOBQUENOV24!E10+HISTOBQUEDEC24!E10 -> 0 | F10: =SUM(C10:E10) -> 3212000
A11: AS201605 | B11: DJOUKWE NANGUEN GUY BLAISE | C11: =HISTOBQUEJANV24!C11+HISTOBQUEFEV24!C11+HISTOBQUEMARS24!C11+HISTOBQUEAVRIL24!C11+HISTOBQUEMAI24!C11+HISTOBQUEJUIN24!C11+HISTOBQUEJUIL24!C11+HISTOBQUEAOUT24!C11+HISTOBQUESEPT24!C11+HISTOBQUEOCT24!C11+HISTOBQUENOV24!C11+HISTOBQUEDEC24!C11 -> 2262500 | D11: =HISTOBQUEJANV24!D11+HISTOBQUEFEV24!D11+HISTOBQUEMARS24!D11+HISTOBQUEAVRIL24!D11+HISTOBQUEMAI24!D11+HISTOBQUEJUIN24!D11+HISTOBQUEJUIL24!D11+HISTOBQUEAOUT24!D11+HISTOBQUESEPT24!D11+HISTOBQUEOCT24!D11+HISTOBQUENOV24!D11+HISTOBQUEDEC24!D11 -> 228000 | E11: =HISTOBQUEJANV24!E11+HISTOBQUEFEV24!E11+HISTOBQUEMARS24!E11+HISTOBQUEAVRIL24!E11+HISTOBQUEMAI24!E11+HISTOBQUEJUIN24!E11+HISTOBQUEJUIL24!E11+HISTOBQUEAOUT24!E11+HISTOBQUESEPT24!E11+HISTOBQUEOCT24!E11+HISTOBQUENOV24!E11+HISTOBQUEDEC24!E11 -> 0 | F11: =SUM(C11:E11) -> 2490500
A12: AS201608 | B12: DJUOMBESSY ANTOINE | C12: =HISTOBQUEJANV24!C12+HISTOBQUEFEV24!C12+HISTOBQUEMARS24!C12+HISTOBQUEAVRIL24!C12+HISTOBQUEMAI24!C12+HISTOBQUEJUIN24!C12+HISTOBQUEJUIL24!C12+HISTOBQUEAOUT24!C12+HISTOBQUESEPT24!C12+HISTOBQUEOCT24!C12+HISTOBQUENOV24!C12+HISTOBQUEDEC24!C12 -> 5364000 | D12: =HISTOBQUEJANV24!D12+HISTOBQUEFEV24!D12+HISTOBQUEMARS24!D12+HISTOBQUEAVRIL24!D12+HISTOBQUEMAI24!D12+HISTOBQUEJUIN24!D12+HISTOBQUEJUIL24!D12+HISTOBQUEAOUT24!D12+HISTOBQUESEPT24!D12+HISTOBQUEOCT24!D12+HISTOBQUENOV24!D12+HISTOBQUEDEC24!D12 -> 642500 | E12: =HISTOBQUEJANV24!E12+HISTOBQUEFEV24!E12+HISTOBQUEMARS24!E12+HISTOBQUEAVRIL24!E12+HISTOBQUEMAI24!E12+HISTOBQUEJUIN24!E12+HISTOBQUEJUIL24!E12+HISTOBQUEAOUT24!E12+HISTOBQUESEPT24!E12+HISTOBQUEOCT24!E12+HISTOBQUENOV24!E12+HISTOBQUEDEC24!E12 -> 0 | F12: =SUM(C12:E12) -> 6006500
A13: AS201651 | B13: DOMOU FABIEN | C13: =HISTOBQUEJANV24!C13+HISTOBQUEFEV24!C13+HISTOBQUEMARS24!C13+HISTOBQUEAVRIL24!C13+HISTOBQUEMAI24!C13+HISTOBQUEJUIN24!C13+HISTOBQUEJUIL24!C13+HISTOBQUEAOUT24!C13+HISTOBQUESEPT24!C13+HISTOBQUEOCT24!C13+HISTOBQUENOV24!C13+HISTOBQUEDEC24!C13 -> 600000 | D13: =HISTOBQUEJANV24!D13+HISTOBQUEFEV24!D13+HISTOBQUEMARS24!D13+HISTOBQUEAVRIL24!D13+HISTOBQUEMAI24!D13+HISTOBQUEJUIN24!D13+HISTOBQUEJUIL24!D13+HISTOBQUEAOUT24!D13+HISTOBQUESEPT24!D13+HISTOBQUEOCT24!D13+HISTOBQUENOV24!D13+HISTOBQUEDEC24!D13 -> 0 | E13: =HISTOBQUEJANV24!E13+HISTOBQUEFEV24!E13+HISTOBQUEMARS24!E13+HISTOBQUEAVRIL24!E13+HISTOBQUEMAI24!E13+HISTOBQUEJUIN24!E13+HISTOBQUEJUIL24!E13+HISTOBQUEAOUT24!E13+HISTOBQUESEPT24!E13+HISTOBQUEOCT24!E13+HISTOBQUENOV24!E13+HISTOBQUEDEC24!E13 -> 0 | F13: =SUM(C13:E13) -> 600000
A14: AS201609 | B14: DONHOU DAVID | C14: =HISTOBQUEJANV24!C14+HISTOBQUEFEV24!C14+HISTOBQUEMARS24!C14+HISTOBQUEAVRIL24!C14+HISTOBQUEMAI24!C14+HISTOBQUEJUIN24!C14+HISTOBQUEJUIL24!C14+HISTOBQUEAOUT24!C14+HISTOBQUESEPT24!C14+HISTOBQUEOCT24!C14+HISTOBQUENOV24!C14+HISTOBQUEDEC24!C14 -> 500000 | D14: =HISTOBQUEJANV24!D14+HISTOBQUEFEV24!D14+HISTOBQUEMARS24!D14+HISTOBQUEAVRIL24!D14+HISTOBQUEMAI24!D14+HISTOBQUEJUIN24!D14+HISTOBQUEJUIL24!D14+HISTOBQUEAOUT24!D14+HISTOBQUESEPT24!D14+HISTOBQUEOCT24!D14+HISTOBQUENOV24!D14+HISTOBQUEDEC24!D14 -> 100000 | E14: =HISTOBQUEJANV24!E14+HISTOBQUEFEV24!E14+HISTOBQUEMARS24!E14+HISTOBQUEAVRIL24!E14+HISTOBQUEMAI24!E14+HISTOBQUEJUIN24!E14+HISTOBQUEJUIL24!E14+HISTOBQUEAOUT24!E14+HISTOBQUESEPT24!E14+HISTOBQUEOCT24!E14+HISTOBQUENOV24!E14+HISTOBQUEDEC24!E14 -> 0 | F14: =SUM(C14:E14) -> 600000
A15: AS201611 | B15: HENGUE PAUL OMER | C15: =HISTOBQUEJANV24!C15+HISTOBQUEFEV24!C15+HISTOBQUEMARS24!C15+HISTOBQUEAVRIL24!C15+HISTOBQUEMAI24!C15+HISTOBQUEJUIN24!C15+HISTOBQUEJUIL24!C15+HISTOBQUEAOUT24!C15+HISTOBQUESEPT24!C15+HISTOBQUEOCT24!C15+HISTOBQUENOV24!C15+HISTOBQUEDEC24!C15 -> 1375000 | D15: =HISTOBQUEJANV24!D15+HISTOBQUEFEV24!D15+HISTOBQUEMARS24!D15+HISTOBQUEAVRIL24!D15+HISTOBQUEMAI24!D15+HISTOBQUEJUIN24!D15+HISTOBQUEJUIL24!D15+HISTOBQUEAOUT24!D15+HISTOBQUESEPT24!D15+HISTOBQUEOCT24!D15+HISTOBQUENOV24!D15+HISTOBQUEDEC24!D15 -> 125000 | E15: =HISTOBQUEJANV24!E15+HISTOBQUEFEV24!E15+HISTOBQUEMARS24!E15+HISTOBQUEAVRIL24!E15+HISTOBQUEMAI24!E15+HISTOBQUEJUIN24!E15+HISTOBQUEJUIL24!E15+HISTOBQUEAOUT24!E15+HISTOBQUESEPT24!E15+HISTOBQUEOCT24!E15+HISTOBQUENOV24!E15+HISTOBQUEDEC24!E15 -> 0 | F15: =SUM(C15:E15) -> 1500000
A16: AS201613 | B16: HOTCHO BENJAMIN | C16: =HISTOBQUEJANV24!C16+HISTOBQUEFEV24!C16+HISTOBQUEMARS24!C16+HISTOBQUEAVRIL24!C16+HISTOBQUEMAI24!C16+HISTOBQUEJUIN24!C16+HISTOBQUEJUIL24!C16+HISTOBQUEAOUT24!C16+HISTOBQUESEPT24!C16+HISTOBQUEOCT24!C16+HISTOBQUENOV24!C16+HISTOBQUEDEC24!C16 -> 3262000 | D16: =HISTOBQUEJANV24!D16+HISTOBQUEFEV24!D16+HISTOBQUEMARS24!D16+HISTOBQUEAVRIL24!D16+HISTOBQUEMAI24!D16+HISTOBQUEJUIN24!D16+HISTOBQUEJUIL24!D16+HISTOBQUEAOUT24!D16+HISTOBQUESEPT24!D16+HISTOBQUEOCT24!D16+HISTOBQUENOV24!D16+HISTOBQUEDEC24!D16 -> 202000 | E16: =HISTOBQUEJANV24!E16+HISTOBQUEFEV24!E16+HISTOBQUEMARS24!E16+HISTOBQUEAVRIL24!E16+HISTOBQUEMAI24!E16+HISTOBQUEJUIN24!E16+HISTOBQUEJUIL24!E16+HISTOBQUEAOUT24!E16+HISTOBQUESEPT24!E16+HISTOBQUEOCT24!E16+HISTOBQUENOV24!E16+HISTOBQUEDEC24!E16 -> 0 | F16: =SUM(C16:E16) -> 3464000
A17: AS201617 | B17: KOUAMOU MOISE | C17: =HISTOBQUEJANV24!C17+HISTOBQUEFEV24!C17+HISTOBQUEMARS24!C17+HISTOBQUEAVRIL24!C17+HISTOBQUEMAI24!C17+HISTOBQUEJUIN24!C17+HISTOBQUEJUIL24!C17+HISTOBQUEAOUT24!C17+HISTOBQUESEPT24!C17+HISTOBQUEOCT24!C17+HISTOBQUENOV24!C17+HISTOBQUEDEC24!C17 -> 2155000 | D17: =HISTOBQUEJANV24!D17+HISTOBQUEFEV24!D17+HISTOBQUEMARS24!D17+HISTOBQUEAVRIL24!D17+HISTOBQUEMAI24!D17+HISTOBQUEJUIN24!D17+HISTOBQUEJUIL24!D17+HISTOBQUEAOUT24!D17+HISTOBQUESEPT24!D17+HISTOBQUEOCT24!D17+HISTOBQUENOV24!D17+HISTOBQUEDEC24!D17 -> 310000 | E17: =HISTOBQUEJANV24!E17+HISTOBQUEFEV24!E17+HISTOBQUEMARS24!E17+HISTOBQUEAVRIL24!E17+HISTOBQUEMAI24!E17+HISTOBQUEJUIN24!E17+HISTOBQUEJUIL24!E17+HISTOBQUEAOUT24!E17+HISTOBQUESEPT24!E17+HISTOBQUEOCT24!E17+HISTOBQUENOV24!E17+HISTOBQUEDEC24!E17 -> 500000 | F17: =SUM(C17:E17) -> 2965000
... A38: AS201647 | B38: YOUMBI EMMANUEL | C38: =HISTOBQUEJANV24!C38+HISTOBQUEFEV24!C38+HISTOBQUEMARS24!C38+HISTOBQUEAVRIL24!C38+HISTOBQUEMAI24!C38+HISTOBQUEJUIN24!C38+HISTOBQUEJUIL24!C38+HISTOBQUEAOUT24!C38+HISTOBQUESEPT24!C38+HISTOBQUEOCT24!C38+HISTOBQUENOV24!C38+HISTOBQUEDEC24!C38 -> 1500000 | D38: =HISTOBQUEJANV24!D38+HISTOBQUEFEV24!D38+HISTOBQUEMARS24!D38+HISTOBQUEAVRIL24!D38+HISTOBQUEMAI24!D38+HISTOBQUEJUIN24!D38+HISTOBQUEJUIL24!D38+HISTOBQUEAOUT24!D38+HISTOBQUESEPT24!D38+HISTOBQUEOCT24!D38+HISTOBQUENOV24!D38+HISTOBQUEDEC24!D38 -> 0 | E38: =HISTOBQUEJANV24!E38+HISTOBQUEFEV24!E38+HISTOBQUEMARS24!E38+HISTOBQUEAVRIL24!E38+HISTOBQUEMAI24!E38+HISTOBQUEJUIN24!E38+HISTOBQUEJUIL24!E38+HISTOBQUEAOUT24!E38+HISTOBQUESEPT24!E38+HISTOBQUEOCT24!E38+HISTOBQUENOV24!E38+HISTOBQUEDEC24!E38 -> 0 | F38: =SUM(C38:E38) -> 1500000
B40: TOTAUX | C40: =SUM(C7:C39) -> 61604500 | D40: =SUM(D7:D39) -> 13646500 | E40: =SUM(E7:E39) -> 1000000 | F40: =SUM(F7:F39) -> 76251000 | G40: =SUM(G7:G39) -> 0 | H40: =SUM(H8:H39) -> 0

Sheet HISTOBQUEJANV24
A1: ASSOCIATION | B1: ASELBY | C1: MOIS DE JANVIER
A2: ANNEE | B2: 2024
A3: 1 | B3: 2 | C3: 4 | D3: 5 | E3: 6 | F3: 21
B4: HISTORIQUE BANCAIRE
A5: MATRICULE | B5: NOM ET PRENOM | C5: HISTORIQUE BANQUE | D5: HITORIQUE ESPECES | E5: HITORIQUE TONTINE | F5: MONTANT ENGAGEMENT | G5: VERIFICATION | H5: AGIO | I5: VALIDATION | J5: MONTANT VERSE A LA BANQUE | K5: C0MPLEMENT TONTINE
A6: AS201648 | B6: ASELBY | C6: 175000 | F6: =SUM(C6:E6) -> 175000 | H6: 1193 | I6: OK | J6: =C6 -> 175000 | K6: 0
A7: AS201601 | B7: BAKOP ACHILLE | C7: 56000 | F7: =SUM(C7:E7) -> 56000 | I7: OK | J7: =C7 -> 56000 | K7: 6000
A8: AS201602 | B8: BOUTCHOUANG WILLIAM | C8: 125000 | F8: =SUM(C8:E8) -> 125000 | I8: OK | J8: =C8 -> 125000 | K8: 0
A9: AS201604 | B9: DJOMO JEAN PAUL | C9: 250000 | F9: =SUM(C9:E9) -> 250000 | I9: OK | J9: =C9 -> 250000 | K9: 0
A10: AS201654 | B10: DJOMOU TCHAPDA | C10: 125000 | F10: =SUM(C10:E10) -> 125000 | I10: OK | J10: =C10 -> 125000 | K10: 0
A11: AS201605 | B11: DJOUKWE NANGUEN GUY BLAISE | C11: 125000 | F11: =SUM(C11:E11) -> 125000 | I11: OK | J11: =C11 -> 125000 | K11: 0
A12: AS201608 | B12: DJUOMBESSY ANTOINE | C12: 330000 | F12: =SUM(C12:E12) -> 330000 | I12: OK | J12: =C12 -> 330000 | K12: 0
A13: AS201651 | B13: DOMOU FABIEN | C13: 50000 | F13: =SUM(C13:E13) -> 50000 | I13: OK | J13: =C13 -> 50000 | K13: 0
A14: AS201609 | B14: DONHOU DAVID | C14: 0 | D14: 50000 | F14: =SUM(C14:E14) -> 50000 | J14: =C14 -> 0 | K14: 0
A15: AS201611 | B15: HENGUE PAUL OMER | C15: 125000 | F15: =SUM(C15:E15) -> 125000 | I15: OK | J15: =C15 -> 125000 | K15: 0
A16: AS201613 | B16: HOTCHO BENJAMIN | C16: 260000 | F16: =SUM(C16:E16) -> 260000 | I16: OK | J16: =C16 -> 260000 | K16: 0
A17: AS201617 | B17: KOUAMOU MOISE | C17: 150000 | F17: =SUM(C17:E17) -> 150000 | I17: OK | J17: =C17 -> 150000 | K17: 0
A18: AS201619 | B18: KOUATCHO MESSACK | C18: 150000 | F18: =SUM(C18:E18) -> 150000 | I18: OK | J18: =C18 -> 150000 | K18: 0
A19: AS201661 | B19: MASSEUNGOUE DAGOBERT | C19: 50000 | D19: 25000 | F19: =SUM(C19:E19) -> 75000 | I19: OK | J19: =C19 -> 50000 | K19: 0
A20: AS201649 | B20: MBOGNING TUGMA GUY | C20: 225000 | F20: =SUM(C20:E20) -> 225000 | I20: OK | J20: =C20 -> 225000 | K20: 0
A21: AS201639 | B21: NANGUEN MARTIN | C21: 50000 | F21: =SUM(C21:E21) -> 50000 | I21: OK | J21: =C21 -> 50000 | K21: 0
A22: AS201621 | B22: NANKAM APPOLINAIRE | C22: 125000 | F22: =SUM(C22:E22) -> 125000 | I22: OK | J22: =C22 -> 125000 | K22: 0
A23: AS201622 | B23: NDJOMO ETIENNE | C23: 260000 | F23: =SUM(C23:E23) -> 260000 | I23: OK | J23: =C23 -> 260000 | K23: 0
A24: AS201624 | B24: NGONDIEP CLAUDE | C24: 225000 | F24: =SUM(C24:E24) -> 225000 | I24: OK | J24: =C24 -> 225000 | K24: 0
A25: AS201626 | B25: NGUIEMEGNI MATHIEU BLAISE | C25: 375000 | F25: =SUM(C25:E25) -> 375000 | I25: OK | J25: =C25 -> 375000 | K25: 0
A26: AS201628 | B26: NKAMGANG JUSTIN DEJOLIE | C26: 50000 | D26: 50000 | F26: =SUM(C26:E26) -> 100000 | I26: OK | J26: =C26 -> 50000 | K26: 0
A27: AS201656 | B27: NOUBE ETIENNE | C27: 50000 | F27: =SUM(C27:E27) -> 50000 | I27: OK | J27: =C27 -> 50000 | K27: 0
A28: AS201633 | B28: PATEGO NJOSSU GUSTAVE | C28: 125000 | F28: =SUM(C28:E28) -> 125000 | I28: OK | J28: =C28 -> 125000 | K28: 0
A29: AS201657 | B29: SEUMO POLYCARPE | C29: 500000 | F29: =SUM(C29:E29) -> 500000 | I29: OK | J29: =C29 -> 500000 | K29: 450000
A30: AS201653 | B30: SIME BRICE | C30: 250000 | F30: =SUM(C30:E30) -> 250000 | I30: OK | J30: =C30 -> 250000 | K30: 0
A31: AS201638 | B31: SIMO PIERRE | C31: 150000 | F31: =SUM(C31:E31) -> 150000 | I31: OK | J31: =C31 -> 150000 | K31: 0
A32: AS201641 | B32: TCHOUAMOU MATHIEU | C32: 125000 | F32: =SUM(C32:E32) -> 125000 | I32: OK | J32: =C32 -> 125000 | K32: 0
A33: AS201660 | B33: TCHOUATEU AUGUSTIN | C33: 540000 | F33: =SUM(C33:E33) -> 540000 | I33: OK | J33: =C33 -> 540000 | K33: 390000
A34: AS201643 | B34: TCHOUTOU NANA CLAUDE | C34: 50000 | F34: =SUM(C34:E34) -> 50000 | I34: OK | J34: =C34 -> 50000 | K34: 0
A35: AS201658 | B35: YANTCHOU GERVAIS | C35: 60000 | F35: =SUM(C35:E35) -> 60000 | I35: OK | J35: =C35 -> 60000 | K35: 0
A36: AS201646 | B36: YEPMOU JEAN JACQUES | C36: 50000 | D36: 50000 | F36: =SUM(C36:E36) -> 100000 | I36: OK | J36: =C36 -> 50000 | K36: 0
A37: AS201659 | B37: YIALA ALAIN OSCAR | C37: 150000 | D37: 25000 | F37: =SUM(C37:E37) -> 175000 | I37: OK | J37: =C37 -> 150000 | K37: 0
A38: AS201647 | B38: YOUMBI EMMANUEL | C38: 125000 | F38: =SUM(C38:E38) -> 125000 | I38: OK | J38: =C38 -> 125000 | K38: 0
B40: TOTAUX | C40: =SUM(C7:C39) -> 5281000 | D40: =SUM(D7:D39) -> 200000 | E40: =SUM(E7:E39) -> 0 | F40: =SUM(F7:F39) -> 5481000 | G40: =SUM(G7:G39) -> 0 | H40: =SUM(H8:H39) -> 0 | J40: =SUM(J6:J39) -> 5456000 | K40: =SUM(K6:K39) -> 846000

Sheet HISTOBQUEFEV24
A1: ASSOCIATION | B1: ASELBY | C1: MOIS DE FEVRIER
A2: ANNEE | B2: 2024
A3: 1 | B3: 2 | C3: 4 | D3: 5 | E3: 6 | F3: 21
B4: HISTORIQUE BANCAIRE
A5: MATRICULE | B5: NOM ET PRENOM | C5: HISTORIQUE BANQUE | D5: HITORIQUE ESPECES | E5: HITORIQUE TONTINE | F5: MONTANT ENGAGEMENT | G5: VERIFICATION | H5: AGIO | I5: VALIDATION | J5: MONTANT VERSE A LA BANQUE | K5: C0MPLEMENT TONTINE
A6: AS201648 | B6: ASELBY | C6: 175000 | F6: =SUM(C6:E6) -> 175000 | H6: 1193 | I6: OK | J6: =C6 -> 175000 | K6: 0
A7: AS201601 | B7: BAKOP ACHILLE | C7: 56000 | F7: =SUM(C7:E7) -> 56000 | I7: OK | J7: =C7 -> 56000 | K7: 6000
A8: AS201602 | B8: BOUTCHOUANG WILLIAM | C8: 100000 | D8: 25000 | F8: =SUM(C8:E8) -> 125000 | I8: OK | J8: =C8 -> 100000 | K8: 0
A9: AS201604 | B9: DJOMO JEAN PAUL | C9: 250000 | F9: =SUM(C9:E9) -> 250000 | I9: OK | J9: =C9 -> 250000 | K9: 0
A10: AS201654 | B10: DJOMOU TCHAPDA | C10: 125000 | D10: 105000 | F10: =SUM(C10:E10) -> 230000 | I10: OK | J10: =C10 -> 125000 | K10: 0
A11: AS201605 | B11: DJOUKWE NANGUEN GUY BLAISE | C11: 227000 | F11: =SUM(C11:E11) -> 227000 | I11: OK | J11: =C11 -> 227000 | K11: 102000
A12: AS201608 | B12: DJUOMBESSY ANTOINE | C12: 330000 | F12: =SUM(C12:E12) -> 330000 | I12: OK | J12: =C12 -> 330000 | K12: 0
A13: AS201651 | B13: DOMOU FABIEN | C13: 50000 | F13: =SUM(C13:E13) -> 50000 | I13: OK | J13: =C13 -> 50000 | K13: 0
A14: AS201609 | B14: DONHOU DAVID | C14: 50000 | F14: =SUM(C14:E14) -> 50000 | I14: OK | J14: =C14 -> 50000 | K14: 0
A15: AS201611 | B15: HENGUE PAUL OMER | C15: 125000 | F15: =SUM(C15:E15) -> 125000 | I15: OK | J15: =C15 -> 125000 | K15: 0
A16: AS201613 | B16: HOTCHO BENJAMIN | C16: 260000 | F16: =SUM(C16:E16) -> 260000 | I16: OK | J16: =C16 -> 260000 | K16: 0
A17: AS201617 | B17: KOUAMOU MOISE | C17: 251000 | F17: =SUM(C17:E17) -> 251000 | I17: OK | J17: =C17 -> 251000 | K17: 101000
A18: AS201619 | B18: KOUATCHO MESSACK | C18: 160000 | F18: =SUM(C18:E18) -> 160000 | I18: OK | J18: =C18 -> 160000 | K18: 10000
A19: AS201661 | B19: MASSEUNGOUE DAGOBERT | C19: 50000 | F19: =SUM(C19:E19) -> 50000 | I19: OK | J19: =C19 -> 50000 | K19: 0
A20: AS201649 | B20: MBOGNING TUGMA GUY | C20: 225000 | F20: =SUM(C20:E20) -> 225000 | I20: OK | J20: =C20 -> 225000 | K20: 0
A21: AS201639 | B21: NANGUEN MARTIN | C21: 50000 | F21: =SUM(C21:E21) -> 50000 | I21: OK | J21: =C21 -> 50000 | K21: 0
A22: AS201621 | B22: NANKAM APPOLINAIRE | C22: 125000 | F22: =SUM(C22:E22) -> 125000 | I22: OK | J22: =C22 -> 125000 | K22: 0
... A36: AS201646 | B36: YEPMOU JEAN JACQUES | C36: 50000 | F36: =SUM(C36:E36) -> 50000 | I36: OK | J36: =C36 -> 50000 | K36: 0
A37: AS201659 | B37: YIALA ALAIN OSCAR | C37: 0 | D37: =150000+3000 -> 153000 | F37: =SUM(C37:E37) -> 153000 | J37: =C37 -> 0 | K37: 0
A38: AS201647 | B38: YOUMBI EMMANUEL | C38: 125000 | F38: =SUM(C38:E38) -> 125000 | I38: OK | J38: =C38 -> 125000 | K38: 0
B40: TOTAUX | C40: =SUM(C7:C39) -> 4574000 | D40: =SUM(D7:D39) -> 283000 | E40: =SUM(E7:E39) -> 0 | F40: =SUM(F7:F39) -> 4857000 | G40: =SUM(G7:G39) -> 0 | H40: =SUM(H8:H39) -> 0 | J40: =SUM(J6:J39) -> 4749000 | K40: =SUM(K6:K39) -> 264000

Sheet HISTOBQUEMARS24
A1: ASSOCIATION | B1: ASELBY | C1: MOIS DE MARS
A2: ANNEE | B2: 2024
A3: 1 | B3: 2 | C3: 4 | D3: 5 | E3: 6 | F3: 21
B4: HISTORIQUE BANCAIRE
A5: MATRICULE | B5: NOM ET PRENOM | C5: HISTORIQUE BANQUE | D5: HITORIQUE ESPECES | E5: HITORIQUE TONTINE | F5: MONTANT ENGAGEMENT | G5: VERIFICATION | H5: AGIO | I5: VALIDATION | J5: MONTANT VERSE A LA BANQUE | K5: C0MPLEMENT TONTINE
A6: AS201648 | B6: ASELBY | C6: 175000 | F6: =SUM(C6:E6) -> 175000 | H6: 1193 | I6: OK | J6: =C6 -> 175000 | K6: 0
A7: AS201601 | B7: BAKOP ACHILLE | C7: 56000 | D7: 61000 | F7: =SUM(C7:E7) -> 117000 | I7: OK | J7: =C7 -> 56000 | K7: 0
A8: AS201602 | B8: BOUTCHOUANG WILLIAM | C8: 150000 | F8: =SUM(C8:E8) -> 150000 | I8: OK | J8: =C8 -> 150000 | K8: 25000
A9: AS201604 | B9: DJOMO JEAN PAUL | C9: 250000 | F9: =SUM(C9:E9) -> 250000 | I9: OK | J9: =C9 -> 250000 | K9: 0
A10: AS201654 | B10: DJOMOU TCHAPDA | C10: 180000 | F10: =SUM(C10:E10) -> 180000 | I10: OK | J10: =C10 -> 180000 | K10: 55000
A11: AS201605 | B11: DJOUKWE NANGUEN GUY BLAISE | C11: 125000 | F11: =SUM(C11:E11) -> 125000 | I11: OK | J11: =C11 -> 125000 | K11: 0
A12: AS201608 | B12: DJUOMBESSY ANTOINE | C12: 462000 | F12: =SUM(C12:E12) -> 462000 | I12: OK | J12: =C12 -> 462000 | K12: 132000
A13: AS201651 | B13: DOMOU FABIEN | C13: 50000 | F13: =SUM(C13:E13) -> 50000 | I13: OK | J13: =C13 -> 50000 | K13: 0
A14: AS201609 | B14: DONHOU DAVID | C14: 50000 | F14: =SUM(C14:E14) -> 50000 | I14: OK | J14: =C14 -> 50000 | K14: 0
A15: AS201611 | B15: HENGUE PAUL OMER | C15: 125000 | F15: =SUM(C15:E15) -> 125000 | I15: OK | J15: =C15 -> 125000 | K15: 0
A16: AS201613 | B16: HOTCHO BENJAMIN | C16: 260000 | F16: =SUM(C16:E16) -> 260000 | I16: OK | J16: =C16 -> 260000 | K16: 0
A17: AS201617 | B17: KOUAMOU MOISE | C17: 150000 | E17: 500000 | F17: =SUM(C17:E17) -> 650000 | I17: OK | J17: =C17 -> 150000 | K17: 0
A18: AS201619 | B18: KOUATCHO MESSACK | C18: 160000 | F18: =SUM(C18:E18) -> 160000 | I18: OK | J18: =C18 -> 160000 | K18: 10000
A19: AS201661 | B19: MASSEUNGOUE DAGOBERT | C19: 50000 | F19: =SUM(C19:E19) -> 50000 | I19: OK | J19: =C19 -> 50000 | K19: 0
A20: AS201649 | B20: MBOGNING TUGMA GUY | C20: 427000 | F20: =SUM(C20:E20) -> 427000 | I20: OK | J20: =C20 -> 427000 | K20: 202000
A21: AS201639 | B21: NANGUEN MARTIN | C21: 50000 | F21: =SUM(C21:E21) -> 50000 | I21: OK | J21: =C21 -> 50000 | K21: 0
A22: AS201621 | B22: NANKAM APPOLINAIRE | C22: 125000 | F22: =SUM(C22:E22) -> 125000 | I22: OK | J22: =C22 -> 125000 | K22: 0
A23: AS201622 | B23: NDJOMO ETIENNE | C23: 260000 | F23: =SUM(C23:E23) -> 260000 | I23: OK | J23: =C23 -> 260000 | K23: 0
A24: AS201624 | B24: NGONDIEP CLAUDE | C24: 240000 | F24: =SUM(C24:E24) -> 240000 | I24: OK | J24: =C24 -> 240000 | K24: 15000
A25: AS201626 | B25: NGUIEMEGNI MATHIEU BLAISE | C25: 375000 | D25: 104500 | F25: =SUM(C25:E25) -> 479500 | I25: OK | J25: =C25 -> 375000 | K25: 0
A26: AS201628 | B26: NKAMGANG JUSTIN DEJOLIE | C26: 50000 | F26: =SUM(C26:E26) -> 50000 | I26: OK | J26: =C26 -> 50000 | K26: 0
A27: AS201656 | B27: NOUBE ETIENNE | C27: 50000 | F27: =SUM(C27:E27) -> 50000 | I27: OK | J27: =C27 -> 50000 | K27: 0
A28: AS201633 | B28: PATEGO NJOSSU GUSTAVE | C28: 125000 | F28: =SUM(C28:E28) -> 125000 | I28: OK | J28: =C28 -> 125000 | K28: 0
A29: AS201657 | B29: SEUMO POLYCARPE | C29: 102000 | F29: =SUM(C29:E29) -> 102000 | I29: OK | J29: =C29 -> 102000 | K29: 52000
A30: AS201653 | B30: SIME BRICE | C30: 250000 | F30: =SUM(C30:E30) -> 250000 | I30: OK | J30: =C30 -> 250000 | K30: 0
A31: AS201638 | B31: SIMO PIERRE | C31: 150000 | F31: =SUM(C31:E31) -> 150000 | I31: OK | J31: =C31 -> 150000 | K31: 0
A32: AS201641 | B32: TCHOUAMOU MATHIEU | C32: 125000 | F32: =SUM(C32:E32) -> 125000 | I32: OK | J32: =C32 -> 125000 | K32: 0
A33: AS201660 | B33: TCHOUATEU AUGUSTIN | C33: 200000 | F33: =SUM(C33:E33) -> 200000 | I33: OK | J33: =C33 -> 200000 | K33: 50000
A34: AS201643 | B34: TCHOUTOU NANA CLAUDE | C34: 50000 | F34: =SUM(C34:E34) -> 50000 | I34: OK | J34: =C34 -> 50000 | K34: 0
A35: AS201658 | B35: YANTCHOU GERVAIS | C35: 60000 | F35: =SUM(C35:E35) -> 60000 | I35: OK | J35: =C35 -> 60000 | K35: 0
A36: AS201646 | B36: YEPMOU JEAN JACQUES | C36: 50000 | F36: =SUM(C36:E36) -> 50000 | I36: OK | J36: =C36 -> 50000 | K36: 0
A37: AS201659 | B37: YIALA ALAIN OSCAR | C37: 0 | D37: 153000 | F37: =SUM(C37:E37) -> 153000 | J37: =C37 -> 0 | K37: 0
A38: AS201647 | B38: YOUMBI EMMANUEL | C38: 125000 | F38: =SUM(C38:E38) -> 125000 | I38: OK | J38: =C38 -> 125000 | K38: 0
B40: TOTAUX | C40: =SUM(C7:C39) -> 4882000 | D40: =SUM(D7:D39) -> 318500 | E40: =SUM(E7:E39) -> 500000 | F40: =SUM(F7:F39) -> 5700500 | G40: =SUM(G7:G39) -> 0 | H40: =SUM(H8:H39) -> 0 | J40: =SUM(J6:J39) -> 5057000 | K40: =SUM(K6:K39) -> 541000

Sheet HISTOBQUEAVRIL24
A1: ASSOCIATION | B1: ASELBY | C1: MOIS DE AVRIL
A2: ANNEE | B2: 2024
A3: 1 | B3: 2 | C3: 4 | D3: 5 | E3: 6 | F3: 21
B4: HISTORIQUE BANCAIRE
A5: MATRICULE | B5: NOM ET PRENOM | C5: HISTORIQUE BANQUE | D5: HITORIQUE ESPECES | E5: HITORIQUE TONTINE | F5: MONTANT ENGAGEMENT | G5: VERIFICATION | H5: AGIO | I5: VALIDATION | J5: MONTANT VERSE A LA BANQUE | K5: C0MPLEMENT TONTINE
A6: AS201648 | B6: ASELBY | C6: 175000 | F6: =SUM(C6:E6) -> 175000 | H6: 2385 | I6: OK | J6: =C6 -> 175000 | K6: 0
A7: AS201601 | B7: BAKOP ACHILLE | C7: 0 | D7: 50000 | F7: =SUM(C7:E7) -> 50000 | J7: =C7 -> 0 | K7: 0
A8: AS201602 | B8: BOUTCHOUANG WILLIAM | C8: 125000 | F8: =SUM(C8:E8) -> 125000 | I8: OK | J8: =C8 -> 125000 | K8: 0
A9: AS201604 | B9: DJOMO JEAN PAUL | C9: 455000 | F9: =SUM(C9:E9) -> 455000 | I9: OK | J9: =C9 -> 455000 | K9: 205000
A10: AS201654 | B10: DJOMOU TCHAPDA | C10: 165000 | F10: =SUM(C10:E10) -> 165000 | I10: OK | J10: =C10 -> 165000 | K10: 40000
A11: AS201605 | B11: DJOUKWE NANGUEN GUY BLAISE | C11: 238000 | F11: =SUM(C11:E11) -> 238000 | I11: OK | J11: =C11 -> 238000 | K11: 113000
A12: AS201608 | B12: DJUOMBESSY ANTOINE | C12: 330000 | F12: =SUM(C12:E12) -> 330000 | I12: OK | J12: =C12 -> 330000 | K12: 0
A13: AS201651 | B13: DOMOU FABIEN | C13: 50000 | F13: =SUM(C13:E13) -> 50000 | I13: OK | J13: =C13 -> 50000 | K13: 0
A14: AS201609 | B14: DONHOU DAVID | C14: 50000 | F14: =SUM(C14:E14) -> 50000 | I14: OK | J14: =C14 -> 50000 | K14: 0
A15: AS201611 | B15: HENGUE PAUL OMER | C15: 125000 | F15: =SUM(C15:E15) -> 125000 | I15: OK | J15: =C15 -> 125000 | K15: 0
A16: AS201613 | B16: HOTCHO BENJAMIN | C16: 260000 | F16: =SUM(C16:E16) -> 260000 | I16: OK | J16: =C16 -> 260000 | K16: 0
A17: AS201617 | B17: KOUAMOU MOISE | C17: 150000 | F17: =SUM(C17:E17) -> 150000 | I17: OK | J17: =C17 -> 150000 | K17: 0
A18: AS201619 | B18: KOUATCHO MESSACK | C18: 362000 | F18: =SUM(C18:E18) -> 362000 | I18: OK | J18: =C18 -> 362000 | K18: 212000
A19: AS201661 | B19: MASSEUNGOUE DAGOBERT | C19: 50000 | F19: =SUM(C19:E19) -> 50000 | I19: OK | J19: =C19 -> 50000 | K19: 0
... A23: AS201622 | B23: NDJOMO ETIENNE | C23: 462000 | F23: =SUM(C23:E23) -> 462000 | I23: OK | J23: =C23 -> 462000 | K23: 202000
A24: AS201624 | B24: NGONDIEP CLAUDE | C24: 0 | D24: 250000 | F24: =SUM(C24:E24) -> 250000 | J24: =C24 -> 0 | K24: 0
A25: AS201626 | B25: NGUIEMEGNI MATHIEU BLAISE | C25: 575000 | F25: =SUM(C25:E25) -> 575000 | I25: OK | J25: =C25 -> 575000 | K25: 200000
A26: AS201628 | B26: NKAMGANG JUSTIN DEJOLIE | C26: 53000 | F26: =SUM(C26:E26) -> 53000 | I26: OK | J26: =C26 -> 53000 | K26: 3000
A27: AS201656 | B27: NOUBE ETIENNE | C27: 50000 | F27: =SUM(C27:E27) -> 50000 | I27: OK | J27: =C27 -> 50000 | K27: 0
A28: AS201633 | B28: PATEGO NJOSSU GUSTAVE | C28: 125000 | F28: =SUM(C28:E28) -> 125000 | I28: OK | J28: =C28 -> 125000 | K28: 0
A29: AS201657 | B29: SEUMO POLYCARPE | C29: 92500 | F29: =SUM(C29:E29) -> 92500 | I29: OK | J29: =C29 -> 92500 | K29: 42500
A30: AS201653 | B30: SIME BRICE | C30: 250000 | F30: =SUM(C30:E30) -> 250000 | I30: OK | J30: =C30 -> 250000 | K30: 0
A31: AS201638 | B31: SIMO PIERRE | C31: 150000 | F31: =SUM(C31:E31) -> 150000 | I31: OK | J31: =C31 -> 150000 | K31: 0
A32: AS201641 | B32: TCHOUAMOU MATHIEU | C32: 125000 | F32: =SUM(C32:E32) -> 125000 | I32: OK | J32: =C32 -> 125000 | K32: 0
A33: AS201660 | B33: TCHOUATEU AUGUSTIN | C33: 230000 | F33: =SUM(C33:E33) -> 230000 | I33: OK | J33: =C33 -> 230000 | K33: 80000
A34: AS201643 | B34: TCHOUTOU NANA CLAUDE | C34: 0 | D34: 50000 | F34: =SUM(C34:E34) -> 50000 | J34: =C34 -> 0 | K34: 0
A35: AS201658 | B35: YANTCHOU GERVAIS | C35: 60000 | F35: =SUM(C35:E35) -> 60000 | I35: OK | J35: =C35 -> 60000 | K35: 0
A36: AS201646 | B36: YEPMOU JEAN JACQUES | C36: 0 | D36: 50000 | F36: =SUM(C36:E36) -> 50000 | J36: =C36 -> 0 | K36: 0
A37: AS201659 | B37: YIALA ALAIN OSCAR | C37: 150000 | F37: =SUM(C37:E37) -> 150000 | I37: OK | J37: =C37 -> 150000 | K37: 0
A38: AS201647 | B38: YOUMBI EMMANUEL | C38: 125000 | F38: =SUM(C38:E38) -> 125000 | I38: OK | J38: =C38 -> 125000 | K38: 0
B40: TOTAUX | C40: =SUM(C7:C39) -> 5499500 | D40: =SUM(D7:D39) -> 400000 | E40: =SUM(E7:E39) -> 0 | F40: =SUM(F7:F39) -> 5899500 | G40: =SUM(G7:G39) -> 0 | H40: =SUM(H8:H39) -> 0 | J40: =SUM(J6:J39) -> 5674500 | K40: =SUM(K6:K39) -> 1389500

Sheet HISTOBQUEMAI24
A1: ASSOCIATION | B1: ASELBY | C1: MOIS DE MAI
A2: ANNEE | B2: 2024
A3: 1 | B3: 2 | C3: 4 | D3: 5 | E3: 6 | F3: 21
B4: HISTORIQUE BANCAIRE
A5: MATRICULE | B5: NOM ET PRENOM | C5: HISTORIQUE BANQUE | D5: HITORIQUE ESPECES | E5: HITORIQUE TONTINE | F5: MONTANT ENGAGEMENT | G5: VERIFICATION | H5: AGIO | I5: VALIDATION | J5: MONTANT VERSE A LA BANQUE | K5: C0MPLEMENT TONTINE
A6: AS201648 | B6: ASELBY | C6: 175000 | F6: =SUM(C6:E6) -> 175000 | H6: 2385 | I6: OK | J6: =C6 -> 175000 | K6: 0
A7: AS201601 | B7: BAKOP ACHILLE | C7: 50000 | F7: =SUM(C7:E7) -> 50000 | I7: OK | J7: =C7 -> 50000 | K7: 0
A8: AS201602 | B8: BOUTCHOUANG WILLIAM | C8: 125000 | F8: =SUM(C8:E8) -> 125000 | I8: OK | J8: =C8 -> 125000 | K8: 0
A9: AS201604 | B9: DJOMO JEAN PAUL | C9: 250000 | F9: =SUM(C9:E9) -> 250000 | I9: OK | J9: =C9 -> 250000 | K9: 0
A10: AS201654 | B10: DJOMOU TCHAPDA | C10: 140000 | F10: =SUM(C10:E10) -> 140000 | I10: OK | J10: =C10 -> 140000 | K10: 15000
A11: AS201605 | B11: DJOUKWE NANGUEN GUY BLAISE | C11: 376000 | F11: =SUM(C11:E11) -> 376000 | I11: OK | J11: =C11 -> 376000 | K11: 251000
A12: AS201608 | B12: DJUOMBESSY ANTOINE | C12: 825000 | D12: 5000 | F12: =SUM(C12:E12) -> 830000 | I12: OK | J12: =C12 -> 825000 | K12: 0
A13: AS201651 | B13: DOMOU FABIEN | C13: 50000 | F13: =SUM(C13:E13) -> 50000 | I13: OK | J13: =C13 -> 50000 | K13: 0
A14: AS201609 | B14: DONHOU DAVID | C14: 50000 | F14: =SUM(C14:E14) -> 50000 | I14: OK | J14: =C14 -> 50000 | K14: 0
A15: AS201611 | B15: HENGUE PAUL OMER | C15: 125000 | F15: =SUM(C15:E15) -> 125000 | I15: OK | J15: =C15 -> 125000 | K15: 0
A16: AS201613 | B16: HOTCHO BENJAMIN | C16: 260000 | F16: =SUM(C16:E16) -> 260000 | I16: OK | J16: =C16 -> 260000 | K16: 0
A17: AS201617 | B17: KOUAMOU MOISE | C17: 150000 | F17: =SUM(C17:E17) -> 150000 | I17: OK | J17: =C17 -> 150000 | K17: 0
A18: AS201619 | B18: KOUATCHO MESSACK | C18: 365000 | D18: 1003000 | F18: =SUM(C18:E18) -> 1368000 | I18: OK | J18: =C18 -> 365000 | K18: 0
A19: AS201661 | B19: MASSEUNGOUE DAGOBERT | C19: 50000 | F19: =SUM(C19:E19) -> 50000 | I19: OK | J19: =C19 -> 50000 | K19: 0
A20: AS201649 | B20: MBOGNING TUGMA GUY | C20: 296000 | D20: 101000 | F20: =SUM(C20:E20) -> 397000 | I20: OK | J20: =C20 -> 296000 | K20: 0
A21: AS201639 | B21: NANGUEN MARTIN | C21: 50000 | F21: =SUM(C21:E21) -> 50000 | I21: OK | J21: =C21 -> 50000 | K21: 0
A22: AS201621 | B22: NANKAM APPOLINAIRE | C22: 125000 | F22: =SUM(C22:E22) -> 125000 | I22: OK | J22: =C22 -> 125000 | K22: 0
A23: AS201622 | B23: NDJOMO ETIENNE | C23: 270000 | F23: =SUM(C23:E23) -> 270000 | I23: OK | J23: =C23 -> 270000 | K23: 10000
A24: AS201624 | B24: NGONDIEP CLAUDE | C24: 250000 | F24: =SUM(C24:E24) -> 250000 | I24: OK | J24: =C24 -> 250000 | K24: 25000
A25: AS201626 | B25: NGUIEMEGNI MATHIEU BLAISE | C25: 580000 | F25: =SUM(C25:E25) -> 580000 | I25: OK | J25: =C25 -> 580000 | K25: 205000
A26: AS201628 | B26: NKAMGANG JUSTIN DEJOLIE | C26: 50000 | F26: =SUM(C26:E26) -> 50000 | I26: OK | J26: =C26 -> 50000 | K26: 0
A27: AS201656 | B27: NOUBE ETIENNE | C27: 50000 | F27: =SUM(C27:E27) -> 50000 | I27: OK | J27: =C27 -> 50000 | K27: 0
A28: AS201633 | B28: PATEGO NJOSSU GUSTAVE | C28: 125000 | F28: =SUM(C28:E28) -> 125000 | I28: OK | J28: =C28 -> 125000 | K28: 0
A29: AS201657 | B29: SEUMO POLYCARPE | C29: 50000 | F29: =SUM(C29:E29) -> 50000 | I29: OK | J29: =C29 -> 50000 | K29: 0
A30: AS201653 | B30: SIME BRICE | C30: 250000 | F30: =SUM(C30:E30) -> 250000 | I30: OK | J30: =C30 -> 250000 | K30: 0
A31: AS201638 | B31: SIMO PIERRE | C31: 150000 | F31: =SUM(C31:E31) -> 150000 | I31: OK | J31: =C31 -> 150000 | K31: 0
A32: AS201641 | B32: TCHOUAMOU MATHIEU | C32: 226000 | F32: =SUM(C32:E32) -> 226000 | I32: OK | J32: =C32 -> 226000 | K32: 101000
... A35: AS201658 | B35: YANTCHOU GERVAIS | C35: 60000 | F35: =SUM(C35:E35) -> 60000 | I35: OK | J35: =C35 -> 60000 | K35: 0
A36: AS201646 | B36: YEPMOU JEAN JACQUES | C36: 0 | D36: 53000 | F36: =SUM(C36:E36) -> 53000 | J36: =C36 -> 0 | K36: 0
A37: AS201659 | B37: YIALA ALAIN OSCAR | C37: 0 | D37: 153000 | F37: =SUM(C37:E37) -> 153000 | J37: =C37 -> 0 | K37: 0
A38: AS201647 | B38: YOUMBI EMMANUEL | C38: 125000 | F38: =SUM(C38:E38) -> 125000 | I38: OK | J38: =C38 -> 125000 | K38: 0
B40: TOTAUX | C40: =SUM(C7:C39) -> 5683000 | D40: =SUM(D7:D39) -> 1315000 | E40: =SUM(E7:E39) -> 0 | F40: =SUM(F7:F39) -> 6998000 | G40: =SUM(G7:G39) -> 0 | H40: =SUM(H8:H39) -> 0 | J40: =SUM(J6:J39) -> 5858000 | K40: =SUM(K6:K39) -> 617000

Sheet HISTOBQUEJUIN24
A1: ASSOCIATION | B1: ASELBY | C1: MOIS DE JUIN
A2: ANNEE | B2: 2024
A3: 1 | B3: 2 | C3: 4 | D3: 5 | E3: 6 | F3: 21
B4: HISTORIQUE BANCAIRE
A5: MATRICULE | B5: NOM ET PRENOM | C5: HISTORIQUE BANQUE | D5: HITORIQUE ESPECES | E5: HITORIQUE TONTINE | F5: MONTANT ENGAGEMENT | G5: VERIFICATION | H5: AGIO | I5: VALIDATION | J5: MONTANT VERSE A LA BANQUE | K5: C0MPLEMENT TONTINE
A6: AS201648 | B6: ASELBY | C6: 175000 | F6: =SUM(C6:E6) -> 175000 | I6: OK | J6: =C6 -> 175000 | K6: 0
A7: AS201601 | B7: BAKOP ACHILLE | D7: 50000 | F7: =SUM(C7:E7) -> 50000 | I7: OK | J7: =C7 -> 0 | K7: 0
A8: AS201602 | B8: BOUTCHOUANG WILLIAM | C8: 115000 | D8: 10000 | F8: =SUM(C8:E8) -> 125000 | I8: OK | J8: =C8 -> 115000 | K8: 0
A9: AS201604 | B9: DJOMO JEAN PAUL | C9: 300000 | F9: =SUM(C9:E9) -> 300000 | I9: OK | J9: =C9 -> 300000 | K9: 50000
A10: AS201654 | B10: DJOMOU TCHAPDA | C10: 0 | D10: 128000 | F10: =SUM(C10:E10) -> 128000 | J10: =C10 -> 0 | K10: 0
A11: AS201605 | B11: DJOUKWE NANGUEN GUY BLAISE | C11: 404000 | F11: =SUM(C11:E11) -> 404000 | I11: OK | J11: =C11 -> 404000 | K11: 279000
A12: AS201608 | B12: DJUOMBESSY ANTOINE | C12: 795000 | F12: =SUM(C12:E12) -> 795000 | I12: OK | J12: =C12 -> 795000 | K12: 465000
A13: AS201651 | B13: DOMOU FABIEN | C13: 50000 | F13: =SUM(C13:E13) -> 50000 | I13: OK | J13: =C13 -> 50000 | K13: 0
A14: AS201609 | B14: DONHOU DAVID | C14: 50000 | F14: =SUM(C14:E14) -> 50000 | I14: OK | J14: =C14 -> 50000 | K14: 0
A15: AS201611 | B15: HENGUE PAUL OMER | C15: 125000 | F15: =SUM(C15:E15) -> 125000 | I15: OK | J15: =C15 -> 125000 | K15: 0
A16: AS201613 | B16: HOTCHO BENJAMIN | C16: 260000 | F16: =SUM(C16:E16) -> 260000 | I16: OK | J16: =C16 -> 260000 | K16: 0
A17: AS201617 | B17: KOUAMOU MOISE | C17: 201000 | F17: =SUM(C17:E17) -> 201000 | I17: OK | J17: =C17 -> 201000 | K17: 51000
A18: AS201619 | B18: KOUATCHO MESSACK | C18: 160000 | F18: =SUM(C18:E18) -> 160000 | I18: OK | J18: =C18 -> 160000 | K18: 10000
A19: AS201661 | B19: MASSEUNGOUE DAGOBERT | C19: 50000 | F19: =SUM(C19:E19) -> 50000 | I19: OK | J19: =C19 -> 50000 | K19: 0
A20: AS201649 | B20: MBOGNING TUGMA GUY | C20: 427000 | F20: =SUM(C20:E20) -> 427000 | I20: OK | J20: =C20 -> 427000 | K20: 202000
A21: AS201639 | B21: NANGUEN MARTIN | C21: 50000 | F21: =SUM(C21:E21) -> 50000 | I21: OK | J21: =C21 -> 50000 | K21: 0
A22: AS201621 | B22: NANKAM APPOLINAIRE | C22: 0 | D22: 128000 | F22: =SUM(C22:E22) -> 128000 | J22: =C22 -> 0 | K22: 0
A23: AS201622 | B23: NDJOMO ETIENNE | C23: 260000 | F23: =SUM(C23:E23) -> 260000 | I23: OK | J23: =C23 -> 260000 | K23: 0
A24: AS201624 | B24: NGONDIEP CLAUDE | C24: 240000 | F24: =SUM(C24:E24) -> 240000 | I24: OK | J24: =C24 -> 240000 | K24: 15000
A25: AS201626 | B25: NGUIEMEGNI MATHIEU BLAISE | C25: 415000 | F25: =SUM(C25:E25) -> 415000 | I25: OK | J25: =C25 -> 415000 | K25: 40000
A26: AS201628 | B26: NKAMGANG JUSTIN DEJOLIE | C26: 101000 | F26: =SUM(C26:E26) -> 101000 | I26: OK | J26: =C26 -> 101000 | K26: 51000
A27: AS201656 | B27: NOUBE ETIENNE | C27: 50000 | F27: =SUM(C27:E27) -> 50000 | I27: OK | J27: =C27 -> 50000 | K27: 0
A28: AS201633 | B28: PATEGO NJOSSU GUSTAVE | C28: 125000 | F28: =SUM(C28:E28) -> 125000 | I28: OK | J28: =C28 -> 125000 | K28: 0
A29: AS201657 | B29: SEUMO POLYCARPE | C29: 50000 | F29: =SUM(C29:E29) -> 50000 | I29: OK | J29: =C29 -> 50000 | K29: 0
A30: AS201653 | B30: SIME BRICE | C30: 250000 | F30: =SUM(C30:E30) -> 250000 | I30: OK | J30: =C30 -> 250000 | K30: 0
A31: AS201638 | B31: SIMO PIERRE | C31: 200000 | D31: 10000 | F31: =SUM(C31:E31) -> 210000 | I31: OK | J31: =C31 -> 200000 | K31: 0
A32: AS201641 | B32: TCHOUAMOU MATHIEU | C32: 327000 | F32: =SUM(C32:E32) -> 327000 | I32: OK | J32: =C32 -> 327000 | K32: 202000
A33: AS201660 | B33: TCHOUATEU AUGUSTIN | C33: 170000 | F33: =SUM(C33:E33) -> 170000 | I33: OK | J33: =C33 -> 170000 | K33: 20000
A34: AS201643 | B34: TCHOUTOU NANA CLAUDE | C34: 50000 | F34: =SUM(C34:E34) -> 50000 | I34: OK | J34: =C34 -> 50000 | K34: 0
A35: AS201658 | B35: YANTCHOU GERVAIS | C35: 60000 | F35: =SUM(C35:E35) -> 60000 | I35: OK | J35: =C35 -> 60000 | K35: 0
A36: AS201646 | B36: YEPMOU JEAN JACQUES | C36: 50000 | F36: =SUM(C36:E36) -> 50000 | I36: OK | J36: =C36 -> 50000 | K36: 0
A37: AS201659 | B37: YIALA ALAIN OSCAR | C37: 150000 | F37: =SUM(C37:E37) -> 150000 | I37: OK | J37: =C37 -> 150000 | K37: 0
A38: AS201647 | B38: YOUMBI EMMANUEL | C38: 125000 | F38: =SUM(C38:E38) -> 125000 | I38: OK | J38: =C38 -> 125000 | K38: 0
B40: TOTAUX | C40: =SUM(C7:C39) -> 5610000 | D40: =SUM(D7:D39)+218000 -> 544000 | E40: =SUM(E7:E39) -> 0 | F40: =SUM(F7:F39) -> 5936000 | G40: =SUM(G7:G39) -> 0 | H40: =SUM(H8:H39) -> 0 | J40: =SUM(J6:J39) -> 5785000 | K40: =SUM(K6:K39) -> 1385000

Sheet HISTOBQUEJUIL24
A1: ASSOCIATION | B1: ASELBY | C1: MOIS DE JUILLET
A2: ANNEE | B2: 2024
A3: 1 | B3: 2 | C3: 4 | D3: 5 | E3: 6 | F3: 21
B4: HISTORIQUE BANCAIRE
A5: MATRICULE | B5: NOM ET PRENOM | C5: MONTANT TONTINE | D5: HITORIQUE ESPECES | E5: HITORIQUE TONTINE | F5: MONTANT ENGAGEMENT | G5: VERIFICATION | H5: AGIO | I5: VALIDATION | J5: MONTANT VERSE A LA BANQUE | K5: C0MPLEMENT TONTINE
A6: AS201648 | B6: ASELBY | C6: 175000 | F6: =SUM(C6:E6) -> 175000 | H6: =2385+2000+385 -> 4770 | I6: OK | J6: 175000 | K6: 0
A7: AS201601 | B7: BAKOP ACHILLE | C7: 0 | D7: 50000 | F7: =SUM(C7:E7) -> 50000 | J7: 0 | K7: 0
A8: AS201602 | B8: BOUTCHOUANG WILLIAM | C8: 125000 | F8: =SUM(C8:E8) -> 125000 | I8: OK | J8: 125000 | K8: 0
A9: AS201604 | B9: DJOMO JEAN PAUL | C9: 250000 | F9: =SUM(C9:E9) -> 250000 | I9: OK | J9: 250000 | K9: 0
A10: AS201654 | B10: DJOMOU TCHAPDA | C10: 159000 | F10: =SUM(C10:E10) -> 159000 | I10: OK | J10: 159000 | K10: 34000
A11: AS201605 | B11: DJOUKWE NANGUEN GUY BLAISE | C11: 216000 | F11: =SUM(C11:E11) -> 216000 | I11: OK | J11: 216000 | K11: 91000
A12: AS201608 | B12: DJUOMBESSY ANTOINE | C12: 340000 | F12: =SUM(C12:E12) -> 340000 | I12: OK | J12: 340000 | K12: 10000
A13: AS201651 | B13: DOMOU FABIEN | C13: 50000 | F13: =SUM(C13:E13) -> 50000 | I13: OK | J13: 50000 | K13: 0
A14: AS201609 | B14: DONHOU DAVID | C14: 50000 | F14: =SUM(C14:E14) -> 50000 | I14: OK | J14: 50000 | K14: 0
A15: AS201611 | B15: HENGUE PAUL OMER | C15: 125000 | F15: =SUM(C15:E15) -> 125000 | I15: OK | J15: 125000 | K15: 0
A16: AS201613 | B16: HOTCHO BENJAMIN | C16: 240000 | F16: =SUM(C16:E16) -> 240000 | I16: OK | J16: 240000 | K16: -20000
A17: AS201617 | B17: KOUAMOU MOISE | C17: 150000 | D17: 100000 | F17: =SUM(C17:E17) -> 250000 | I17: OK | J17: 154000 | K17: 0
A18: AS201619 | B18: KOUATCHO MESSACK | C18: 160000 | D18: 0 | E18: 0 | F18: 0 | I18: OK | J18: 160000 | K18: 10000
A19: AS201661 | B19: MASSEUNGOUE DAGOBERT | C19: 50000 | F19: =SUM(C19:E19) -> 50000 | I19: OK | J19: 50000 | K19: 0
A20: AS201649 | B20: MBOGNING TUGMA GUY | C20: 516000 | F20: =SUM(C20:E20) -> 516000 | I20: OK | J20: 516000 | K20: 291000
A21: AS201639 | B21: NANGUEN MARTIN | C21: 50000 | F21: =SUM(C21:E21) -> 50000 | I21: OK | J21: 50000 | K21: 0
A22: AS201621 | B22: NANKAM APPOLINAIRE | C22: 125000 | F22: =SUM(C22:E22) -> 125000 | I22: OK | J22: 125000 | K22: 0
A23: AS201622 | B23: NDJOMO ETIENNE | C23: 502000 | F23: =SUM(C23:E23) -> 502000 | I23: OK | J23: 502000 | K23: 242000
A24: AS201624 | B24: NGONDIEP CLAUDE | C24: 240000 | E24: =500000 -> 500000 | F24: =SUM(C24:E24) -> 740000 | I24: OK | J24: 240000 | K24: 15000
A25: AS201626 | B25: NGUIEMEGNI MATHIEU BLAISE | C25: 436000 | F25: =SUM(C25:E25) -> 436000 | I25: OK | J25: 436000 | K25: 61000
A26: AS201628 | B26: NKAMGANG JUSTIN DEJOLIE | C26: 74000 | F26: =SUM(C26:E26) -> 74000 | I26: OK | J26: 74000 | K26: 24000
A27: AS201656 | B27: NOUBE ETIENNE | C27: 50000 | F27: =SUM(C27:E27) -> 50000 | I27: OK | J27: 50000 | K27: 0
A28: AS201633 | B28: PATEGO NJOSSU GUSTAVE | C28: 125000 | F28: =SUM(C28:E28) -> 125000 | I28: OK | J28: 125000 | K28: 0
A29: AS201657 | B29: SEUMO POLYCARPE | C29: 50000 | F29: =SUM(C29:E29) -> 50000 | I29: OK | J29: 50000 | K29: 0
A30: AS201653 | B30: SIME BRICE | C30: 379000 | F30: =SUM(C30:E30) -> 379000 | I30: OK | J30: 379000 | K30: 129000
A31: AS201638 | B31: SIMO PIERRE | C31: 150000 | F31: =SUM(C31:E31) -> 150000 | I31: OK | J31: 150000 | K31: 0
A32: AS201641 | B32: TCHOUAMOU MATHIEU | C32: 2227000 | F32: =SUM(C32:E32) -> 2227000 | I32: OK | J32: =2125000+102000 -> 2227000 | K32: 2102000
A33: AS201660 | B33: TCHOUATEU AUGUSTIN | C33: 160000 | F33: =SUM(C33:E33) -> 160000 | I33: OK | J33: 160000 | K33: 10000
A34: AS201643 | B34: TCHOUTOU NANA CLAUDE | C34: 50000 | F34: =SUM(C34:E34) -> 50000 | I34: OK | J34: 50000 | K34: 0
A35: AS201658 | B35: YANTCHOU GERVAIS | C35: 60000 | F35: =SUM(C35:E35) -> 60000 | I35: OK | J35: 60000 | K35: 0
A36: AS201646 | B36: YEPMOU JEAN JACQUES | C36: 50000 | F36: =SUM(C36:E36) -> 50000 | I36: OK | J36: 50000 | K36: 0
A37: AS201659 | B37: YIALA ALAIN OSCAR | C37: 150000 | F37: =SUM(C37:E37) -> 150000 | I37: OK | J37: 150000 | K37: 0
A38: AS201647 | B38: YOUMBI EMMANUEL | C38: 125000 | F38: =SUM(C38:E38) -> 125000 | I38: OK | J38: 125000 | K38: 0
B40: TOTAUX | C40: =SUM(C6:C39) -> 7609000 | D40: =SUM(D6:D39) -> 150000 | E40: =SUM(E6:E39) -> 500000 | F40: =SUM(F6:F39) -> 8099000 | G40: =SUM(G6:G39) -> 0 | H40: =SUM(H6:H39) -> 4770 | I40: =SUM(I6:I39) -> 0 | J40: =SUM(J6:J39) -> 7613000 | K40: =SUM(K6:K39) -> 2999000

Sheet HISTOBQUEAOUT24
A1: ASSOCIATION | B1: ASELBY | C1: MOIS DE AOUT
A2: ANNEE | B2: 2024
A3: 1 | B3: 2 | C3: 4 | D3: 5 | E3: 6 | F3: 21
B4: HISTORIQUE BANCAIRE
A5: MATRICULE | B5: NOM ET PRENOM | C5: HISTORIQUE BANQUE | D5: HITORIQUE ESPECES | E5: HITORIQUE TONTINE | F5: MONTANT ENGAGEMENT | G5: VERIFICATION | H5: AGIO | I5: VALIDATION | J5: MONTANT VERSE A LA BANQUE | K5: C0MPLEMENT TONTINE
A6: AS201648 | B6: ASELBY | C6: 175000 | F6: =SUM(C6:E6) -> 175000 | H6: 2385 | I6: OK | J6: 175000 | K6: 0
A7: AS201601 | B7: BAKOP ACHILLE | C7: 50000 | F7: =SUM(C7:E7) -> 50000 | I7: OK | K7: -50000
A8: AS201602 | B8: BOUTCHOUANG WILLIAM | C8: 125000 | F8: =SUM(C8:E8) -> 125000 | I8: OK | J8: 125000 | K8: 0
A9: AS201604 | B9: DJOMO JEAN PAUL | C9: 250000 | F9: =SUM(C9:E9) -> 250000 | I9: OK | J9: 340000 | K9: 90000
A10: AS201654 | B10: DJOMOU TCHAPDA | C10: 125000 | F10: =SUM(C10:E10) -> 125000 | I10: OK | J10: 125000 | K10: 0
A11: AS201605 | B11: DJOUKWE NANGUEN GUY BLAISE | C11: 125000 | F11: =SUM(C11:E11) -> 125000 | I11: OK | J11: =125000+69500 -> 194500 | K11: 69500
A12: AS201608 | B12: DJUOMBESSY ANTOINE | C12: 330000 | F12: =SUM(C12:E12) -> 330000 | I12: OK | J12: =230000+100000+101000 -> 431000 | K12: 101000
A13: AS201651 | B13: DOMOU FABIEN | C13: 50000 | F13: =SUM(C13:E13) -> 50000 | I13: OK | J13: 50000 | K13: 0
A14: AS201609 | B14: DONHOU DAVID | C14: 50000 | F14: =SUM(C14:E14) -> 50000 | I14: OK | J14: 50000 | K14: 0
A15: AS201611 | B15: HENGUE PAUL OMER | C15: 125000 | F15: =SUM(C15:E15) -> 125000 | I15: OK | J15: 125000 | K15: 0
A16: AS201613 | B16: HOTCHO BENJAMIN | C16: 260000 | F16: =SUM(C16:E16) -> 260000 | I16: OK | J16: 360000 | K16: 100000
A17: AS201617 | B17: KOUAMOU MOISE | C17: 150000 | F17: =SUM(C17:E17) -> 150000 | I17: OK | J17: 200000 | K17: 50000
A18: AS201619 | B18: KOUATCHO MESSACK | C18: 150000 | F18: =SUM(C18:E18) -> 150000 | I18: OK | J18: 260000 | K18: 110000
A19: AS201661 | B19: MASSEUNGOUE DAGOBERT | C19: 50000 | F19: =SUM(C19:E19) -> 50000 | I19: OK | J19: 50000 | K19: 0
A20: AS201649 | B20: MBOGNING TUGMA GUY | C20: 225000 | F20: =SUM(C20:E20) -> 225000 | I20: OK | J20: =225000+303000 -> 528000 | K20: 303000
A21: AS201639 | B21: NANGUEN MARTIN | C21: 50000 | F21: =SUM(C21:E21) -> 50000 | I21: OK | J21: 50000 | K21: 0
A22: AS201621 | B22: NANKAM APPOLINAIRE | C22: 125000 | F22: =SUM(C22:E22) -> 125000 | I22: OK | J22: 125000 | K22: 0
A23: AS201622 | B23: NDJOMO ETIENNE | C23: 260000 | F23: =SUM(C23:E23) -> 260000 | I23: OK | J23: =260000+202000 -> 462000 | K23: 202000
A24: AS201624 | B24: NGONDIEP CLAUDE | C24: 225000 | F24: =SUM(C24:E24) -> 225000 | I24: OK | J24: 240000 | K24: 15000
A25: AS201626 | B25: NGUIEMEGNI MATHIEU BLAISE | C25: 375000 | F25: =SUM(C25:E25) -> 375000 | I25: OK | J25: =200000+330000+75000 -> 605000 | K25: 230000
A26: AS201628 | B26: NKAMGANG JUSTIN DEJOLIE | C26: 50000 | F26: =SUM(C26:E26) -> 50000 | I26: OK | J26: 50000 | K26: 0
A27: AS201656 | B27: NOUBE ETIENNE | C27: 50000 | F27: =SUM(C27:E27) -> 50000 | I27: OK | J27: 50000 | K27: 0
A28: AS201633 | B28: PATEGO NJOSSU GUSTAVE | C28: 125000 | F28: =SUM(C28:E28) -> 125000 | I28: OK | J28: 125000 | K28: 0
A29: AS201657 | B29: SEUMO POLYCARPE | C29: 50000 | F29: =SUM(C29:E29) -> 50000 | I29: OK | J29: 105000 | K29: 55000
A30: AS201653 | B30: SIME BRICE | C30: 250000 | F30: =SUM(C30:E30) -> 250000 | I30: OK | J30: 250000 | K30: 0
A31: AS201638 | B31: SIMO PIERRE | C31: 150000 | F31: =SUM(C31:E31) -> 150000 | I31: OK | J31: 150000 | K31: 0
A32: AS201641 | B32: TCHOUAMOU MATHIEU | C32: 125000 | F32: =SUM(C32:E32) -> 125000 | I32: OK | J32: =125000+101000 -> 226000 | K32: 101000
A33: AS201660 | B33: TCHOUATEU AUGUSTIN | C33: 150000 | F33: =SUM(C33:E33) -> 150000 | I33: OK | J33: 160000 | K33: 10000
A34: AS201643 | B34: TCHOUTOU NANA CLAUDE | C34: 0 | F34: =SUM(C34:E34) -> 0 | K34: -50000
A35: AS201658 | B35: YANTCHOU GERVAIS | C35: 60000 | F35: =SUM(C35:E35) -> 60000 | I35: OK | J35: 60000 | K35: 0
A36: AS201646 | B36: YEPMOU JEAN JACQUES | C36: 50000 | F36: =SUM(C36:E36) -> 50000 | I36: OK | J36: 50000 | K36: 0
A37: AS201659 | B37: YIALA ALAIN OSCAR | C37: 150000 | F37: =SUM(C37:E37) -> 150000 | I37: OK | K37: -150000
A38: AS201647 | B38: YOUMBI EMMANUEL | C38: 125000 | F38: =SUM(C38:E38) -> 125000 | I38: OK | J38: 125000 | K38: 0
B40: TOTAUX | C40: =SUM(C7:C39) -> 4435000 | D40: =SUM(D7:D39) -> 0 | E40: =SUM(E7:E39) -> 0 | F40: =SUM(F7:F39) -> 4435000 | G40: =SUM(G7:G39) -> 0 | H40: =SUM(H8:H39) -> 0 | J40: =SUM(J6:J39) -> 5846500 | K40: =SUM(K6:K39) -> 1186500

Sheet HISTOBQUESEPT24
A1: ASSOCIATION | B1: ASELBY | C1: MOIS DE SEPTEMBRE
A2: ANNEE | B2: 2024
A3: 1 | B3: 2 | C3: 4 | D3: 5 | E3: 6 | F3: 21
B4: HISTORIQUE BANCAIRE
A5: MATRICULE | B5: NOM ET PRENOM | C5: HISTORIQUE BANQUE | D5: HITORIQUE ESPECES | E5: HITORIQUE TONTINE | F5: MONTANT ENGAGEMENT | G5: VERIFICATION | H5: AGIO | I5: VALIDATION | J5: MONTANT VERSE A LA BANQUE | K5: C0MPLEMENT TONTINE
A6: AS201648 | B6: ASELBY | C6: 175000 | F6: =SUM(C6:E6) -> 175000 | H6: 2385 | I6: OK | K6: -175000
A7: AS201601 | B7: BAKOP ACHILLE | C7: 0 | D7: 110000 | F7: =SUM(C7:E7) -> 110000 | K7: 0
A8: AS201602 | B8: BOUTCHOUANG WILLIAM | C8: 0 | D8: 128000 | F8: =SUM(C8:E8) -> 128000 | K8: 0
A9: AS201604 | B9: DJOMO JEAN PAUL | C9: 250000 | F9: =SUM(C9:E9) -> 250000 | I9: OK | J9: =205000+151000 -> 356000 | K9: 106000
A10: AS201654 | B10: DJOMOU TCHAPDA | C10: 0 | D10: =61000+75000+101000+50000+3000 -> 290000 | F10: =SUM(C10:E10) -> 290000 | K10: 0
A11: AS201605 | B11: DJOUKWE NANGUEN GUY BLAISE | C11: 125000 | F11: =SUM(C11:E11) -> 125000 | I11: OK | J11: 230000 | K11: 105000
A12: AS201608 | B12: DJUOMBESSY ANTOINE | C12: 330000 | F12: =SUM(C12:E12) -> 330000 | I12: OK | J12: =100000+230000+202000 -> 532000 | K12: 202000
A13: AS201651 | B13: DOMOU FABIEN | C13: 50000 | F13: =SUM(C13:E13) -> 50000 | I13: OK | J13: 50000 | K13: 0
A14: AS201609 | B14: DONHOU DAVID | C14: 50000 | F14: =SUM(C14:E14) -> 50000 | I14: OK | J14: 50000 | K14: 0
A15: AS201611 | B15: HENGUE PAUL OMER | C15: 125000 | F15: =SUM(C15:E15) -> 125000 | I15: OK | J15: 125000 | K15: 0
A16: AS201613 | B16: HOTCHO BENJAMIN | C16: 250000 | F16: =SUM(C16:E16) -> 250000 | I16: OK | J16: =250000+202000 -> 452000 | K16: 192000
A17: AS201617 | B17: KOUAMOU MOISE | C17: 150000 | D17: 210000 | F17: =SUM(C17:E17) -> 360000 | I17: OK | J17: 170000 | K17: 0
A18: AS201619 | B18: KOUATCHO MESSACK | C18: 150000 | F18: =SUM(C18:E18) -> 150000 | I18: OK | J18: 362000 | K18: 212000
A19: AS201661 | B19: MASSEUNGOUE DAGOBERT | C19: 50000 | F19: =SUM(C19:E19) -> 50000 | I19: OK | J19: 50000 | K19: 0
A20: AS201649 | B20: MBOGNING TUGMA GUY | C20: 225000 | F20: =SUM(C20:E20) -> 225000 | I20: OK | J20: =202000+225000 -> 427000 | K20: 202000
A21: AS201639 | B21: NANGUEN MARTIN | C21: 50000 | F21: =SUM(C21:E21) -> 50000 | I21: OK | J21: 50000 | K21: 0
A22: AS201621 | B22: NANKAM APPOLINAIRE | C22: 125000 | F22: =SUM(C22:E22) -> 125000 | I22: OK | J22: 125000 | K22: 0
A23: AS201622 | B23: NDJOMO ETIENNE | C23: 260000 | F23: =SUM(C23:E23) -> 260000 | I23: OK | J23: =260000+202000 -> 462000 | K23: 202000
A24: AS201624 | B24: NGONDIEP CLAUDE | C24: 225000 | D24: 209000 | F24: =SUM(C24:E24) -> 434000 | I24: OK | J24: 240000 | K24: 0
A25: AS201626 | B25: NGUIEMEGNI MATHIEU BLAISE | C25: 375000 | F25: =SUM(C25:E25) -> 375000 | I25: OK | J25: =300000+75000+83000 -> 458000 | K25: 83000
A26: AS201628 | B26: NKAMGANG JUSTIN DEJOLIE | C26: 50000 | F26: =SUM(C26:E26) -> 50000 | I26: OK | J26: 112000 | K26: 62000
A27: AS201656 | B27: NOUBE ETIENNE | C27: 50000 | F27: =SUM(C27:E27) -> 50000 | I27: OK | J27: 50000 | K27: 0
A28: AS201633 | B28: PATEGO NJOSSU GUSTAVE | C28: 125000 | F28: =SUM(C28:E28) -> 125000 | I28: OK | J28: 125000 | K28: 0
A29: AS201657 | B29: SEUMO POLYCARPE | C29: 50000 | F29: =SUM(C29:E29) -> 50000 | I29: OK | J29: 112000 | K29: 62000
A30: AS201653 | B30: SIME BRICE | C30: 250000 | F30: =SUM(C30:E30) -> 250000 | I30: OK | J30: 250000 | K30: 0
A31: AS201638 | B31: SIMO PIERRE | C31: 150000 | F31: =SUM(C31:E31) -> 150000 | I31: OK | J31: =130000+20000 -> 150000 | K31: 0
A32: AS201641 | B32: TCHOUAMOU MATHIEU | C32: 125000 | F32: =SUM(C32:E32) -> 125000 | I32: OK | J32: =125000+202000 -> 327000 | K32: 202000
A33: AS201660 | B33: TCHOUATEU AUGUSTIN | C33: 150000 | F33: =SUM(C33:E33) -> 150000 | I33: OK | J33: 160000 | K33: 10000
A34: AS201643 | B34: TCHOUTOU NANA CLAUDE | C34: 50000 | F34: =SUM(C34:E34) -> 50000 | I34: OK | J34: 110000 | K34: 60000 | L34: 3750 | M34: 44250
A35: AS201658 | B35: YANTCHOU GERVAIS | C35: 60000 | F35: =SUM(C35:E35) -> 60000 | I35: OK | J35: 60000 | K35: 0
A36: AS201646 | B36: YEPMOU JEAN JACQUES | C36: 50000 | F36: =SUM(C36:E36) -> 50000 | I36: OK | J36: 50000 | K36: 0
A37: AS201659 | B37: YIALA ALAIN OSCAR | C37: 0 | D37: 153000 | F37: =SUM(C37:E37) -> 153000 | K37: 0
A38: AS201647 | B38: YOUMBI EMMANUEL | C38: 125000 | F38: =SUM(C38:E38) -> 125000 | I38: OK | J38: 125000 | K38: 0
B40: TOTAUX | C40: =SUM(C7:C39) -> 4025000 | D40: =SUM(D7:D39) -> 1100000 | E40: =SUM(E7:E39) -> 0 | F40: =SUM(F7:F39) -> 5125000 | G40: =SUM(G7:G39) -> 0 | H40: =SUM(H8:H39) -> 0 | J40: =SUM(J6:J39) -> 5770000 | K40: =SUM(K6:K39) -> 1525000

Sheet HISTOBQUEOCT24
A1: ASSOCIATION | B1: ASELBY | C1: MOIS DE OCTOBRE
A2: ANNEE | B2: 2024
A3: 1 | B3: 2 | C3: 4 | D3: 5 | E3: 6 | F3: 21
B4: HISTORIQUE BANCAIRE
A5: MATRICULE | B5: NOM ET PRENOM | C5: HISTORIQUE BANQUE | D5: HITORIQUE ESPECES | E5: HITORIQUE TONTINE | F5: MONTANT ENGAGEMENT | G5: VERIFICATION | H5: AGIO | I5: VALIDATION | J5: MONTANT VERSE A LA BANQUE | K5: C0MPLEMENT TONTINE
A6: AS201648 | B6: ASELBY | C6: 175000 | F6: =SUM(C6:E6) -> 175000 | I6: =IF(J6>0,"OK","") -> OK | J6: 175000 | K6: 0
A7: AS201601 | B7: BAKOP ACHILLE | C7: 0 | D7: 50000 | F7: =SUM(C7:E7) -> 50000 | I7: =IF(J7>0,"OK","") | K7: 0
A8: AS201602 | B8: BOUTCHOUANG WILLIAM | C8: 125000 | F8: =SUM(C8:E8) -> 125000 | I8: =IF(J8>0,"OK","") -> OK | J8: 125000 | K8: 0
A9: AS201604 | B9: DJOMO JEAN PAUL | C9: 452000 | F9: =SUM(C9:E9) -> 452000 | I9: =IF(J9>0,"OK","") -> OK | J9: 452000 | K9: 202000
A10: AS201654 | B10: DJOMOU TCHAPDA | C10: 238000 | F10: =SUM(C10:E10) -> 238000 | I10: =IF(J10>0,"OK","") -> OK | J10: 238000 | K10: 113000
A11: AS201605 | B11: DJOUKWE NANGUEN GUY BLAISE | C11: 176500 | F11: =SUM(C11:E11) -> 176500 | I11: =IF(J11>0,"OK","") -> OK | J11: 176500 | K11: 51500
A12: AS201608 | B12: DJUOMBESSY ANTOINE | C12: 632000 | F12: =SUM(C12:E12) -> 632000 | I12: =IF(J12>0,"OK","") -> OK | J12: =160000+170000+100000+202000 -> 632000 | K12: 302000
A13: AS201651 | B13: DOMOU FABIEN | C13: 50000 | F13: =SUM(C13:E13) -> 50000 | I13: =IF(J13>0,"OK","") -> OK | J13: 50000 | K13: 0
A14: AS201609 | B14: DONHOU DAVID | C14: 50000 | F14: =SUM(C14:E14) -> 50000 | I14: =IF(J14>0,"OK","") -> OK | J14: 50000 | K14: 0
A15: AS201611 | B15: HENGUE PAUL OMER | C15: 125000 | F15: =SUM(C15:E15) -> 125000 | I15: =IF(J15>0,"OK","") -> OK | J15: 125000 | K15: 0
A16: AS201613 | B16: HOTCHO BENJAMIN | C16: 442000 | F16: =SUM(C16:E16) -> 442000 | I16: =IF(J16>0,"OK","") -> OK | J16: =240000+202000 -> 442000 | K16: 182000
A17: AS201617 | B17: KOUAMOU MOISE | C17: 353000 | F17: =SUM(C17:E17) -> 353000 | I17: =IF(J17>0,"OK","") -> OK | J17: =302000+51000 -> 353000 | K17: 203000
A18: AS201619 | B18: KOUATCHO MESSACK | C18: 251000 | F18: =SUM(C18:E18) -> 251000 | I18: =IF(J18>0,"OK","") -> OK | J18: 251000 | K18: 101000
A19: AS201661 | B19: MASSEUNGOUE DAGOBERT | C19: 50000 | F19: =SUM(C19:E19) -> 50000 | I19: =IF(J19>0,"OK","") -> OK | J19: 50000 | K19: 0
A20: AS201649 | B20: MBOGNING TUGMA GUY | C20: 539000 | F20: =SUM(C20:E20) -> 539000 | I20: =IF(J20>0,"OK","") -> OK | J20: =225000+61000+51000+202000 -> 539000 | K20: 314000
A21: AS201639 | B21: NANGUEN MARTIN | C21: 50000 | F21: =SUM(C21:E21) -> 50000 | I21: =IF(J21>0,"OK","") -> OK | J21: 50000 | K21: 0
A22: AS201621 | B22: NANKAM APPOLINAIRE | C22: 125000 | F22: =SUM(C22:E22) -> 125000 | I22: =IF(J22>0,"OK","") -> OK | J22: 125000 | K22: 0
A23: AS201622 | B23: NDJOMO ETIENNE | C23: 462000 | F23: =SUM(C23:E23) -> 462000 | I23: =IF(J23>0,"OK","") -> OK | J23: =260000+202500 -> 462500 | K23: 202500
A24: AS201624 | B24: NGONDIEP CLAUDE | C24: 0 | D24: 430000 | F24: =SUM(C24:E24) -> 430000 | I24: =IF(J24>0,"OK","") | K24: 0
A25: AS201626 | B25: NGUIEMEGNI MATHIEU BLAISE | C25: 618000 | F25: =SUM(C25:E25) -> 618000 | I25: =IF(J25>0,"OK","") -> OK | J25: =300000+75000+142000+101000 -> 618000 | K25: 243000
A26: AS201628 | B26: NKAMGANG JUSTIN DEJOLIE | C26: 111000 | F26: =SUM(C26:E26) -> 111000 | I26: =IF(J26>0,"OK","") -> OK | J26: 111000 | K26: 61000
A27: AS201656 | B27: NOUBE ETIENNE | C27: 50000 | F27: =SUM(C27:E27) -> 50000 | I27: =IF(J27>0,"OK","") -> OK | J27: 50000 | K27: 0
A28: AS201633 | B28: PATEGO NJOSSU GUSTAVE | C28: 125000 | F28: =SUM(C28:E28) -> 125000 | I28: =IF(J28>0,"OK","") -> OK | J28: 125000 | K28: 0
A29: AS201657 | B29: SEUMO POLYCARPE | C29: 50000 | F29: =SUM(C29:E29) -> 50000 | I29: =IF(J29>0,"OK","") -> OK | J29: 50000 | K29: 0
A30: AS201653 | B30: SIME BRICE | C30: 452000 | F30: =SUM(C30:E30) -> 452000 | I30: =IF(J30>0,"OK","") -> OK | J30: =250000+202000 -> 452000 | K30: 202000
A31: AS201638 | B31: SIMO PIERRE | C31: 180000 | F31: =SUM(C31:E31) -> 180000 | I31: =IF(J31>0,"OK","") -> OK | J31: =105000+75000 -> 180000 | K31: 30000
A32: AS201641 | B32: TCHOUAMOU MATHIEU | C32: 234500 | F32: =SUM(C32:E32) -> 234500 | I32: =IF(J32>0,"OK","") -> OK | J32: =125000+109500 -> 234500 | K32: 109500
A33: AS201660 | B33: TCHOUATEU AUGUSTIN | C33: 160000 | F33: =SUM(C33:E33) -> 160000 | I33: =IF(J33>0,"OK","") -> OK | J33: 160000 | K33: 10000
A34: AS201643 | B34: TCHOUTOU NANA CLAUDE | C34: 50000 | F34: =SUM(C34:E34) -> 50000 | I34: =IF(J34>0,"OK","") -> OK | J34: 50000 | K34: 0
A35: AS201658 | B35: YANTCHOU GERVAIS | C35: 60000 | F35: =SUM(C35:E35) -> 60000 | I35: =IF(J35>0,"OK","") -> OK | J35: 60000 | K35: 0
A36: AS201646 | B36: YEPMOU JEAN JACQUES | C36: 50000 | F36: =SUM(C36:E36) -> 50000 | I36: =IF(J36>0,"OK","") -> OK | J36: 50000 | K36: 0
A37: AS201659 | B37: YIALA ALAIN OSCAR | C37: 0 | D37: 153000 | F37: =SUM(C37:E37) -> 153000 | I37: =IF(J37>0,"OK","") | K37: 0
A38: AS201647 | B38: YOUMBI EMMANUEL | C38: 125000 | F38: =SUM(C38:E38) -> 125000 | I38: =IF(J38>0,"OK","") -> OK | J38: 125000 | K38: 0
B40: TOTAUX | C40: =SUM(C7:C39) -> 6386000 | D40: =SUM(D7:D39) -> 633000 | E40: =SUM(E7:E39) -> 0 | F40: =SUM(F7:F39) -> 7019000 | G40: =SUM(G7:G39) -> 0 | H40: =SUM(H8:H39) -> 0 | J40: =SUM(J6:J39) -> 6561500 | K40: =SUM(K6:K39) -> 2326500

Sheet HISTOBQUENOV24
A1: ASSOCIATION | B1: ASELBY | C1: MOIS DE NOVEMBRE
A2: ANNEE | B2: 2024
A3: 1 | B3: 2 | C3: 4 | D3: 5 | E3: 6 | F3: 21
B4: HISTORIQUE BANCAIRE
A5: MATRICULE | B5: NOM ET PRENOM | C5: HISTORIQUE BANQUE | D5: HITORIQUE ESPECES | E5: HITORIQUE TONTINE | F5: MONTANT ENGAGEMENT | G5: VERIFICATION | H5: AGIO | I5: VALIDATION | J5: MONTANT VERSE A LA BANQUE | K5: C0MPLEMENT TONTINE
A6: AS201648 | B6: ASELBY | C6: 175000 | F6: =SUM(C6:E6) -> 175000 | H6: 2385 | I6: OK | J6: 175000 | K6: 0
A7: AS201601 | B7: BAKOP ACHILLE | C7: 0 | D7: 50000 | F7: =SUM(C7:E7) -> 50000 | K7: 0
A8: AS201602 | B8: BOUTCHOUANG WILLIAM | C8: 125000 | F8: =SUM(C8:E8) -> 125000 | I8: OK | J8: 125000 | K8: 0
A9: AS201604 | B9: DJOMO JEAN PAUL | C9: 250000 | F9: =SUM(C9:E9) -> 250000 | I9: OK | J9: =350000+51500 -> 401500 | K9: 151500
A10: AS201654 | B10: DJOMOU TCHAPDA | C10: 125000 | F10: =SUM(C10:E10) -> 125000 | I10: OK | J10: 285000 | K10: 160000
A11: AS201605 | B11: DJOUKWE NANGUEN GUY BLAISE | C11: 125000 | F11: =SUM(C11:E11) -> 125000 | I11: OK | J11: 125000 | K11: 0
A12: AS201608 | B12: DJUOMBESSY ANTOINE | C12: 330000 | F12: =SUM(C12:E12) -> 330000 | I12: OK | J12: =100000+232000+404000 -> 736000 | K12: 406000
A13: AS201651 | B13: DOMOU FABIEN | C13: 50000 | F13: =SUM(C13:E13) -> 50000 | I13: OK | J13: 50000 | K13: 0
A14: AS201609 | B14: DONHOU DAVID | C14: 0 | D14: 50000 | F14: =SUM(C14:E14) -> 50000 | K14: 0
A15: AS201611 | B15: HENGUE PAUL OMER | C15: 125000 | F15: =SUM(C15:E15) -> 125000 | I15: OK | J15: 125000 | K15: 0
A16: AS201613 | B16: HOTCHO BENJAMIN | C16: 260000 | F16: =SUM(C16:E16) -> 260000 | I16: OK | J16: =303000+240000 -> 543000 | K16: 283000
A17: AS201617 | B17: KOUAMOU MOISE | C17: 150000 | F17: =SUM(C17:E17) -> 150000 | I17: OK | J17: 200000 | K17: 50000
A18: AS201619 | B18: KOUATCHO MESSACK | C18: 0 | D18: 160000 | F18: =SUM(C18:E18) -> 160000 | K18: 0
A19: AS201661 | B19: MASSEUNGOUE DAGOBERT | C19: 50000 | F19: =SUM(C19:E19) -> 50000 | I19: OK | J19: 50000 | K19: 0
A20: AS201649 | B20: MBOGNING TUGMA GUY | C20: 225000 | D20: 51000 | F20: =SUM(C20:E20) -> 276000 | I20: OK | J20: 629000 | K20: 0
A21: AS201639 | B21: NANGUEN MARTIN | C21: 50000 | F21: =SUM(C21:E21) -> 50000 | I21: OK | J21: 50000 | K21: 0
A22: AS201621 | B22: NANKAM APPOLINAIRE | C22: 125000 | F22: =SUM(C22:E22) -> 125000 | I22: OK | J22: 125000 | K22: 0
A23: AS201622 | B23: NDJOMO ETIENNE | C23: 260000 | F23: =SUM(C23:E23) -> 260000 | I23: OK | J23: =260000+202000 -> 462000 | K23: 202000
A24: AS201624 | B24: NGONDIEP CLAUDE | C24: 225000 | D24: 205000 | F24: =SUM(C24:E24) -> 430000 | I24: OK | J24: 240000 | K24: 0
A25: AS201626 | B25: NGUIEMEGNI MATHIEU BLAISE | C25: 375000 | F25: =SUM(C25:E25) -> 375000 | I25: OK | J25: =405000+75000 -> 480000 | K25: 105000
A26: AS201628 | B26: NKAMGANG JUSTIN DEJOLIE | C26: 50000 | F26: =SUM(C26:E26) -> 50000 | I26: OK | J26: =706000-656000 -> 50000 | K26: 0
A27: AS201656 | B27: NOUBE ETIENNE | C27: 50000 | F27: =SUM(C27:E27) -> 50000 | I27: OK | J27: 50000 | K27: 0
A28: AS201633 | B28: PATEGO NJOSSU GUSTAVE | C28: 125000 | F28: =SUM(C28:E28) -> 125000 | I28: OK | J28: 125000 | K28: 0
A29: AS201657 | B29: SEUMO POLYCARPE | C29: 50000 | F29: =SUM(C29:E29) -> 50000 | I29: OK | J29: 120000 | K29: 70000
A30: AS201653 | B30: SIME BRICE | C30: 250000 | F30: =SUM(C30:E30) -> 250000 | I30: OK | J30: 250000 | K30: 0
A31: AS201638 | B31: SIMO PIERRE | C31: 150000 | F31: =SUM(C31:E31) -> 150000 | I31: OK | J31: =100000+50000 -> 150000 | K31: 0
A32: AS201641 | B32: TCHOUAMOU MATHIEU | C32: 125000 | F32: =SUM(C32:E32) -> 125000 | I32: OK | J32: 125000 | K32: 0
A33: AS201660 | B33: TCHOUATEU AUGUSTIN | C33: 150000 | F33: =SUM(C33:E33) -> 150000 | I33: OK | J33: 160000 | K33: 10000
A34: AS201643 | B34: TCHOUTOU NANA CLAUDE | C34: 50000 | F34: =SUM(C34:E34) -> 50000 | I34: OK | J34: 50000 | K34: 0
A35: AS201658 | B35: YANTCHOU GERVAIS | C35: 60000 | F35: =SUM(C35:E35) -> 60000 | I35: OK | J35: 60000 | K35: 0
A36: AS201646 | B36: YEPMOU JEAN JACQUES | C36: 50000 | F36: =SUM(C36:E36) -> 50000 | I36: OK | J36: 50000 | K36: 0
A37: AS201659 | B37: YIALA ALAIN OSCAR | C37: 0 | D37: 153000 | F37: =SUM(C37:E37) -> 153000 | K37: 0
A38: AS201647 | B38: YOUMBI EMMANUEL | C38: 125000 | F38: =SUM(C38:E38) -> 125000 | I38: OK | J38: 125000 | K38: 0
B40: TOTAUX | C40: =SUM(C7:C39) -> 4085000 | D40: =SUM(D7:D39) -> 669000 | E40: =SUM(E7:E39) -> 0 | F40: =SUM(F7:F39) -> 4754000 | G40: =SUM(G7:G39) -> 0 | H40: =SUM(H8:H39) -> 0 | J40: =SUM(J6:J39) -> 6116500 | K40: =SUM(K6:K39) -> 1437500

Sheet HISTOBQUEDEC24
A1: ASSOCIATION | B1: ASELBY | C1: MOIS DE DECEMBRE
A2: ANNEE | B2: 2024
A3: 1 | B3: 2 | C3: 3 | D3: 4 | E3: 5 | F3: 6 | G3: 7 | H3: 8 | I3: 9 | J3: 10 | K3: 11
B4: HISTORIQUE BANCAIRE
A5: MATRICULE | B5: NOM ET PRENOM | C5: HISTORIQUE BANQUE | D5: HITORIQUE ESPECES | E5: HITORIQUE TONTINE | F5: MONTANT ENGAGEMENT | G5: VERIFICATION | H5: AGIO | I5: VALIDATION | J5: MONTANT VERSE A LA BANQUE | K5: C0MPLEMENT TONTINE | L5: ESPECES | M5: EN COMPTE
A6: AS201648 | B6: ASELBY | C6: 175000 | F6: =SUM(C6:E6) -> 175000 | H6: 2385 | I6: OK | K6: -175000
A7: AS201601 | B7: BAKOP ACHILLE | C7: 0 | D7: 50000 | F7: =SUM(C7:E7) -> 50000 | K7: 0
A8: AS201602 | B8: BOUTCHOUANG WILLIAM | C8: 125000 | D8: 500000 | F8: =SUM(C8:E8) -> 625000 | I8: OK | J8: 125000 | K8: 0 | L8: 500000
A9: AS201604 | B9: DJOMO JEAN PAUL | C9: 250000 | D9: 800000 | F9: =SUM(C9:E9) -> 1050000 | I9: OK | J9: 351000 | K9: 0 | L9: 800000 | M9: 200000
A10: AS201654 | B10: DJOMOU TCHAPDA | C10: 0 | D10: 1307000 | F10: =SUM(C10:E10) -> 1307000 | L10: =1207000+50000+50000 -> 1307000
A11: AS201605 | B11: DJOUKWE NANGUEN GUY BLAISE | C11: 0 | D11: 228000 | F11: =SUM(C11:E11) -> 228000 | K11: 0 | L11: 228000
A12: AS201608 | B12: DJUOMBESSY ANTOINE | C12: 330000 | D12: 637500 | F12: =SUM(C12:E12) -> 967500 | I12: OK | J12: =100000+300000 -> 400000 | K12: 0 | L12: =505000+132500 -> 637500
A13: AS201651 | B13: DOMOU FABIEN | C13: 50000 | F13: =SUM(C13:E13) -> 50000 | I13: OK | J13: 1050000 | K13: 1000000
A14: AS201609 | B14: DONHOU DAVID | C14: 50000 | F14: =SUM(C14:E14) -> 50000 | I14: OK | J14: 50000 | K14: 0
A15: AS201611 | B15: HENGUE PAUL OMER | C15: 0 | D15: 125000 | F15: =SUM(C15:E15) -> 125000 | K15: 0 | L15: 125000
A16: AS201613 | B16: HOTCHO BENJAMIN | C16: 250000 | D16: 202000 | F16: =SUM(C16:E16) -> 452000 | I16: OK | J16: =750000+202000 -> 952000 | K16: 0 | M16: 500000
A17: AS201617 | B17: KOUAMOU MOISE | C17: 150000 | F17: =SUM(C17:E17) -> 150000 | I17: OK | J17: 260000 | K17: 110000
A18: AS201619 | B18: KOUATCHO MESSACK | C18: 160000 | F18: =SUM(C18:E18) -> 160000 | I18: OK | J18: 611000 | K18: 461000
A19: AS201661 | B19: MASSEUNGOUE DAGOBERT | C19: 50000 | F19: =SUM(C19:E19) -> 50000 | I19: OK | J19: 50000 | K19: 0
A20: AS201649 | B20: MBOGNING TUGMA GUY | C20: 225000 | D20: =1559000-23000 -> 1536000 | F20: =SUM(C20:E20) -> 1761000 | I20: OK | J20: 202000 | K20: 0 | L20: =75000+50000+100000+202000+1000000+132000 -> 1559000
A21: AS201639 | B21: NANGUEN MARTIN | C21: 0 | D21: 66500 | F21: =SUM(C21:E21) -> 66500 | K21: 0 | L21: 66500 | M21: 280000
A22: AS201621 | B22: NANKAM APPOLINAIRE | C22: 125000 | F22: =SUM(C22:E22) -> 125000 | I22: OK | J22: 125000 | K22: 0 | M22: 107500
A23: AS201622 | B23: NDJOMO ETIENNE | C23: 260000 | F23: =SUM(C23:E23) -> 260000 | I23: OK | J23: =760000+202000+202000 -> 1164000 | K23: 904000
A24: AS201624 | B24: NGONDIEP CLAUDE | C24: 225000 | D24: 500000 | F24: =SUM(C24:E24) -> 725000 | I24: OK | J24: =202000+240000 -> 442000 | K24: 0 | L24: 500000
A25: AS201626 | B25: NGUIEMEGNI MATHIEU BLAISE | C25: 375000 | F25: =SUM(C25:E25) -> 375000 | I25: OK | J25: =190000+75000+110000 -> 375000 | K25: 0 | M25: 1000000
A26: AS201628 | B26: NKAMGANG JUSTIN DEJOLIE | C26: 0 | D26: 1050000 | F26: =SUM(C26:E26) -> 1050000 | K26: 0 | L26: 1050000
A27: AS201656 | B27: NOUBE ETIENNE | C27: 50000 | F27: =SUM(C27:E27) -> 50000 | I27: OK | J27: 50000 | K27: 0 | M27: 57750
A28: AS201633 | B28: PATEGO NJOSSU GUSTAVE | C28: 125000 | F28: =SUM(C28:E28) -> 125000 | I28: OK | J28: 125000 | K28: 0
A29: AS201657 | B29: SEUMO POLYCARPE | C29: 50000 | F29: =SUM(C29:E29) -> 50000 | I29: OK | J29: 110000 | K29: 60000
A30: AS201653 | B30: SIME BRICE | C30: 250000 | D30: 1000000 | F30: =SUM(C30:E30) -> 1250000 | I30: OK | J30: =250000+202000 -> 452000 | K30: 0 | L30: 1000000
A31: AS201638 | B31: SIMO PIERRE | C31: 150000 | F31: =SUM(C31:E31) -> 150000 | I31: OK | J31: =100000+50000+750000+250000 -> 1150000 | K31: 1000000
A32: AS201641 | B32: TCHOUAMOU MATHIEU | C32: 125000 | F32: =SUM(C32:E32) -> 125000 | I32: OK | J32: 125000 | K32: 0
A33: AS201660 | B33: TCHOUATEU AUGUSTIN | C33: 150000 | F33: =SUM(C33:E33) -> 150000 | I33: OK | J33: 160000 | K33: 10000
A34: AS201643 | B34: TCHOUTOU NANA CLAUDE | C34: 0 | D34: 50000 | F34: =SUM(C34:E34) -> 50000 | K34: 0 | L34: 50000
A35: AS201658 | B35: YANTCHOU GERVAIS | C35: 60000 | F35: =SUM(C35:E35) -> 60000 | I35: OK | J35: 350000 | K35: 290000 | M35: 102500
A36: AS201646 | B36: YEPMOU JEAN JACQUES | C36: 0 | D36: 50000 | F36: =SUM(C36:E36) -> 50000 | K36: 0 | L36: 50000
A37: AS201659 | B37: YIALA ALAIN OSCAR | C37: 0 | D37: 150000 | F37: =SUM(C37:E37) -> 150000 | K37: 0 | L37: 150000
A38: AS201647 | B38: YOUMBI EMMANUEL | C38: 125000 | F38: =SUM(C38:E38) -> 125000 | I38: OK | J38: 125000 | K38: 0
B40: TOTAUX | C40: =SUM(C7:C39) -> 3710000 | D40: =SUM(D7:D39) -> 8252000 | E40: =SUM(E7:E39) -> 0 | F40: =SUM(F7:F39) -> 11962000 | G40: =SUM(G7:G39) -> 0 | H40: =SUM(H8:H39) -> 0 | J40: =SUM(J6:J39) -> 8804000 | K40: =SUM(K6:K39) -> 3660000
