Workbook
Name BANQUE: #REF!
Name BANQUE: #REF!
Name BANQUE: #REF!
Name BANQUE: #REF!
Name BANQUE: #REF!
Name BANQUE: #REF!
Name BANQUE: #REF!
Name BANQUE: #REF!
Name BANQUE: #REF!
Name BANQUE: #REF!
Name BANQUE: #REF!
Name BANQUE: #REF!
Name BANQUE: #REF!
Name BANQUE: #REF!
Name BANQUE: #REF!
Name BANQUE: #REF!
Name BANQUE: #REF!
Name BANQUE: #REF!
Name BANQUE: #REF!
Name BANQUE: #REF!
Name BANQUE: #REF!
Name BANQUE: #REF!
Name BANQUE: #REF!
Name BANQUE: #REF!
Name BANQUE: #REF!
Name BANQUE: #REF!
Name BANQUE: #REF!
Name BANQUE: #REF!
Name BANQUE: #REF!
Name MODEPAID: #REF!
Name MODEPAID: [1]Feuil2!$A$1:$A$3
Name MODET25000: [2]MODEVERSEMENT!$A$1:$A$3
Name MODEVERSEMENT: #REF!
Name MODEVERSEMENT: #REF!
Name MODEVERSEMENT: #REF!
Name MODEVERSEMENT: #REF!
Name MODEVERSEMENT: #REF!
Name MODEVERSEMENT: #REF!
Name MODEVERSEMENT: #REF!
Name MODEVERSEMENT: #REF!
Name MODEVERSEMENT: #REF!
Name MODEVERSEMENT: #REF!
Name MODEVERSEMENT: #REF!
Name MODEVERSEMENT: #REF!
Name MODEVERSEMENT: #REF!
Name MODEVERSEMENT: #REF!
Name MODEVERSEMENT: #REF!
Name MODEVERSEMENT: #REF!
Name MODEVERSEMENT: #REF!
Name MODEVERSEMENT: #REF!
Name MODEVERSEMENT: #REF!
Name MODEVERSEMENT: #REF!
Name MODEVERSEMENT: #REF!
Name MODEVERSEMENT: #REF!
Name MODEVERSEMENT: #REF!
Name MODEVERSEMENT: #REF!
Name MODEVERSEMENT: #REF!
Name MODEVERSEMENT: #REF!
Name MODEVERSEMENT: #REF!
Name MODEVERSEMENT: #REF!

Sheet MODEVERSEMENT
A1: BANQUE
A2: ESPECES
A3: ECHEC

Sheet TONTJANV25
A1: ASSOCIATION | B1: ASELBY
A2: ANNEE | B2: 2025 | C2: TONIINE | D2: NBRE PART
A3: TAUX TONTINE | B3: 25000 | C3: =B3*12 -> 300000 | D3: =ROUNDDOWN(M45/C3,0) -> 3
C4: 45670
A5: MATRICULE | B5: NBREPART | C5: NOM ET PRENOM | D5: MONTANT TONTINE | E5: MONTANT VERSE | F5: PENALITE VERSEMENT ESPECES | G5: MODE VERSEMENT | H5: VENTE PETIT LOT | I5: INTERET PETIT LOT | J5: MODE VERSEMENT VENTE PETIT LOT | K5: NUMERO CHEQUE | L5: MONTANT A REMBOURSER PETIT LOT | M5: REMBOURSEMENT PETIT LOT | N5: MODE VERSEMENT REMBOURSEMENT | O5: MODE VERSEMENTLOT PRINCIPAL | P5: NUMERO CHEQUE | Q5: MONTANT LOT PRINCIPAL | R5: INTERET LOT PRINCIPAL
A6: AS201601 | B6: =IF(D6=0,0,VLOOKUP($A6,[6]HISTOJANV25!$A$6:$BP$45,10,0)) -> 1 | C6: =VLOOKUP(A6,[7]LISTADHERENT!A$5:H$60,3,0) -> BAKOP ACHILLE | D6: =IF(G6="ECHEC",0,B$3) -> 25000 | E6: =D6+VLOOKUP($A6,[6]HISTOJANV25!$A$7:$AT$43,45,0)+F6 -> 50000 | F6: =VLOOKUP($A6,[6]HISTOJANV25!$A$6:$AU$48,8,0) -> 0 | G6: =VLOOKUP($A6,[6]HISTOJANV25!$A$6:$AU$49,9,0) -> ESPECES | H6: =VLOOKUP($A6,[6]HISTOJANV25!$A$6:$AV$49,35,0) -> 0 | I6: =VLOOKUP($A6,[6]HISTOJANV25!$A$6:$AV$49,38,0) -> 0 | J6: =IF(H6=0,0,VLOOKUP($A6,[6]HISTOJANV25!$A$6:$AV$49,42,0)) -> 0 | K6: =VLOOKUP($A6,[6]HISTOJANV25!$A$6:$AV$49,41,0) -> 0 | M6: =VLOOKUP($A6,[6]HISTOJANV25!$A$6:$AV$49,16,0) -> 0 | N6: =IF(M6<>0,VLOOKUP($A6,[6]HISTOJANV25!$A$6:$AV$49,42,0),"ECHEC") -> ECHEC | O6: =IF(R6=0,0,VLOOKUP($A6,[6]HISTOJANV25!$A$6:$AV$49,32,0)) -> 0 | P6: =VLOOKUP($A6,[6]HISTOJANV25!$A$6:$AV$49,33,0) -> 0 | Q6: =IF(R6=0,0,($C$3-R6)) -> 0 | R6: =VLOOKUP($A6,[6]HISTOJANV25!$A$6:$AV$49,29,0) -> 0
A7: AS201602 | B7: =IF(D7=0,0,VLOOKUP($A7,[6]HISTOJANV25!$A$6:$BP$45,10,0)) -> 1 | C7: =VLOOKUP(A7,[7]LISTADHERENT!A$5:H$60,3,0) -> BOUTCHOUANG WILLIAM | D7: =IF(G7="ECHEC",0,B$3) -> 25000 | E7: =D7+VLOOKUP($A7,[6]HISTOJANV25!$A$7:$AT$43,45,0)+F7 -> 50000 | F7: =VLOOKUP($A7,[6]HISTOJANV25!$A$6:$AU$48,8,0) -> 0 | G7: =VLOOKUP($A7,[6]HISTOJANV25!$A$6:$AU$49,9,0) -> BANQUE | H7: =VLOOKUP($A7,[6]HISTOJANV25!$A$6:$AV$49,35,0) -> 0 | I7: =VLOOKUP($A7,[6]HISTOJANV25!$A$6:$AV$49,38,0) -> 0 | J7: =IF(H7=0,0,VLOOKUP($A7,[6]HISTOJANV25!$A$6:$AV$49,42,0)) -> 0 | K7: =VLOOKUP($A7,[6]HISTOJANV25!$A$6:$AV$49,41,0) -> 0 | M7: =VLOOKUP($A7,[6]HISTOJANV25!$A$6:$AV$49,16,0) -> 0 | N7: =IF(M7<>0,VLOOKUP($A7,[6]HISTOJANV25!$A$6:$AV$49,42,0),"ECHEC") -> ECHEC | O7: =IF(R7=0,0,VLOOKUP($A7,[6]HISTOJANV25!$A$6:$AV$49,32,0)) -> 0 | P7: =VLOOKUP($A7,[6]HISTOJANV25!$A$6:$AV$49,33,0) -> 0 | Q7: =IF(R7=0,0,($C$3-R7)) -> 0 | R7: =VLOOKUP($A7,[6]HISTOJANV25!$A$6:$AV$49,29,0) -> 0
A8: AS201604 | B8: =IF(D8=0,0,VLOOKUP($A8,[6]HISTOJANV25!$A$6:$BP$45,10,0)) -> 1 | C8: =VLOOKUP(A8,[7]LISTADHERENT!A$5:H$60,3,0) -> DJOMO JEAN PAUL | D8: =IF(G8="ECHEC",0,B$3) -> 25000 | E8: =D8+VLOOKUP($A8,[6]HISTOJANV25!$A$7:$AT$43,45,0)+F8 -> 50000 | F8: =VLOOKUP($A8,[6]HISTOJANV25!$A$6:$AU$48,8,0) -> 0 | G8: =VLOOKUP($A8,[6]HISTOJANV25!$A$6:$AU$49,9,0) -> BANQUE | H8: =VLOOKUP($A8,[6]HISTOJANV25!$A$6:$AV$49,35,0) -> 0 | I8: =VLOOKUP($A8,[6]HISTOJANV25!$A$6:$AV$49,38,0) -> 0 | J8: =IF(H8=0,0,VLOOKUP($A8,[6]HISTOJANV25!$A$6:$AV$49,42,0)) -> 0 | K8: =VLOOKUP($A8,[6]HISTOJANV25!$A$6:$AV$49,41,0) -> 0 | M8: =VLOOKUP($A8,[6]HISTOJANV25!$A$6:$AV$49,16,0) -> 0 | N8: =IF(M8<>0,VLOOKUP($A8,[6]HISTOJANV25!$A$6:$AV$49,42,0),"ECHEC") -> ECHEC | O8: =IF(R8=0,0,VLOOKUP($A8,[6]HISTOJANV25!$A$6:$AV$49,32,0)) -> BANQUE | P8: =VLOOKUP($A8,[6]HISTOJANV25!$A$6:$AV$49,33,0) -> 0 | Q8: =IF(R8=0,0,($C$3-R8)) -> 269000 | R8: =VLOOKUP($A8,[6]HISTOJANV25!$A$6:$AV$49,29,0) -> 31000
A9: AS201654 | B9: =IF(D9=0,0,VLOOKUP($A9,[6]HISTOJANV25!$A$6:$BP$45,10,0)) -> 1 | C9: =VLOOKUP(A9,[7]LISTADHERENT!A$5:H$60,3,0) -> DJOMOU TCHAPDA | D9: =IF(G9="ECHEC",0,B$3) -> 25000 | E9: =D9+VLOOKUP($A9,[6]HISTOJANV25!$A$7:$AT$43,45,0)+F9 -> 50000 | F9: =VLOOKUP($A9,[6]HISTOJANV25!$A$6:$AU$48,8,0) -> 0 | G9: =VLOOKUP($A9,[6]HISTOJANV25!$A$6:$AU$49,9,0) -> ESPECES | H9: =VLOOKUP($A9,[6]HISTOJANV25!$A$6:$AV$49,35,0) -> 0 | I9: =VLOOKUP($A9,[6]HISTOJANV25!$A$6:$AV$49,38,0) -> 0 | J9: =IF(H9=0,0,VLOOKUP($A9,[6]HISTOJANV25!$A$6:$AV$49,42,0)) -> 0 | K9: =VLOOKUP($A9,[6]HISTOJANV25!$A$6:$AV$49,41,0) -> 0 | M9: =VLOOKUP($A9,[6]HISTOJANV25!$A$6:$AV$49,16,0) -> 0 | N9: =IF(M9<>0,VLOOKUP($A9,[6]HISTOJANV25!$A$6:$AV$49,42,0),"ECHEC") -> ECHEC | O9: =IF(R9=0,0,VLOOKUP($A9,[6]HISTOJANV25!$A$6:$AV$49,32,0)) -> BANQUE | P9: =VLOOKUP($A9,[6]HISTOJANV25!$A$6:$AV$49,33,0) -> 0 | Q9: =IF(R9=0,0,($C$3-R9)) -> 270000 | R9: =VLOOKUP($A9,[6]HISTOJANV25!$A$6:$AV$49,29,0) -> 30000
A10: AS201605 | B10: =IF(D10=0,0,VLOOKUP($A10,[6]HISTOJANV25!$A$6:$BP$45,10,0)) -> 1 | C10: =VLOOKUP(A10,[7]LISTADHERENT!A$5:H$60,3,0) -> DJOUKWE NANGUEN GUY BLAISE | D10: =IF(G10="ECHEC",0,B$3) -> 25000 | E10: =D10+VLOOKUP($A10,[6]HISTOJANV25!$A$7:$AT$43,45,0)+F10 -> 50000 | F10: =VLOOKUP($A10,[6]HISTOJANV25!$A$6:$AU$48,8,0) -> 0 | G10: =VLOOKUP($A10,[6]HISTOJANV25!$A$6:$AU$49,9,0) -> BANQUE | H10: =VLOOKUP($A10,[6]HISTOJANV25!$A$6:$AV$49,35,0) -> 0 | I10: =VLOOKUP($A10,[6]HISTOJANV25!$A$6:$AV$49,38,0) -> 0 | J10: =IF(H10=0,0,VLOOKUP($A10,[6]HISTOJANV25!$A$6:$AV$49,42,0)) -> 0 | K10: =VLOOKUP($A10,[6]HISTOJANV25!$A$6:$AV$49,41,0) -> 0 | M10: =VLOOKUP($A10,[6]HISTOJANV25!$A$6:$AV$49,16,0) -> 0 | N10: =IF(M10<>0,VLOOKUP($A10,[6]HISTOJANV25!$A$6:$AV$49,42,0),"ECHEC") -> ECHEC | O10: =IF(R10=0,0,VLOOKUP($A10,[6]HISTOJANV25!$A$6:$AV$49,32,0)) -> 0 | P10: =VLOOKUP($A10,[6]HISTOJANV25!$A$6:$AV$49,33,0) -> 0 | Q10: =IF(R10=0,0,($C$3-R10)) -> 0 | R10: =VLOOKUP($A10,[6]HISTOJANV25!$A$6:$AV$49,29,0) -> 0
A11: AS201608 | B11: =IF(D11=0,0,VLOOKUP($A11,[6]HISTOJANV25!$A$6:$BP$45,10,0)) -> 1 | C11: =VLOOKUP(A11,[7]LISTADHERENT!A$5:H$60,3,0) -> DJUOMBESSY ANTOINE | D11: =IF(G11="ECHEC",0,B$3) -> 25000 | E11: =D11+VLOOKUP($A11,[6]HISTOJANV25!$A$7:$AT$43,45,0)+F11 -> 60000 | F11: =VLOOKUP($A11,[6]HISTOJANV25!$A$6:$AU$48,8,0) -> 0 | G11: =VLOOKUP($A11,[6]HISTOJANV25!$A$6:$AU$49,9,0) -> BANQUE | H11: =VLOOKUP($A11,[6]HISTOJANV25!$A$6:$AV$49,35,0) -> 0 | I11: =VLOOKUP($A11,[6]HISTOJANV25!$A$6:$AV$49,38,0) -> 0 | J11: =IF(H11=0,0,VLOOKUP($A11,[6]HISTOJANV25!$A$6:$AV$49,42,0)) -> 0 | K11: =VLOOKUP($A11,[6]HISTOJANV25!$A$6:$AV$49,41,0) -> 0 | M11: =VLOOKUP($A11,[6]HISTOJANV25!$A$6:$AV$49,16,0) -> 0 | N11: =IF(M11<>0,VLOOKUP($A11,[6]HISTOJANV25!$A$6:$AV$49,42,0),"ECHEC") -> ECHEC | O11: =IF(R11=0,0,VLOOKUP($A11,[6]HISTOJANV25!$A$6:$AV$49,32,0)) -> 0 | P11: =VLOOKUP($A11,[6]HISTOJANV25!$A$6:$AV$49,33,0) -> 0 | Q11: =IF(R11=0,0,($C$3-R11)) -> 0 | R11: =VLOOKUP($A11,[6]HISTOJANV25!$A$6:$AV$49,29,0) -> 0
A12: AS201651 | B12: =IF(D12=0,0,VLOOKUP($A12,[6]HISTOJANV25!$A$6:$BP$45,10,0)) -> 1 | C12: =VLOOKUP(A12,[7]LISTADHERENT!A$5:H$60,3,0) -> DOMOU FABIEN | D12: =IF(G12="ECHEC",0,B$3) -> 25000 | E12: =D12+VLOOKUP($A12,[6]HISTOJANV25!$A$7:$AT$43,45,0)+F12 -> 50000 | F12: =VLOOKUP($A12,[6]HISTOJANV25!$A$6:$AU$48,8,0) -> 0 | G12: =VLOOKUP($A12,[6]HISTOJANV25!$A$6:$AU$49,9,0) -> BANQUE | H12: =VLOOKUP($A12,[6]HISTOJANV25!$A$6:$AV$49,35,0) -> 0 | I12: =VLOOKUP($A12,[6]HISTOJANV25!$A$6:$AV$49,38,0) -> 0 | J12: =IF(H12=0,0,VLOOKUP($A12,[6]HISTOJANV25!$A$6:$AV$49,42,0)) -> 0 | K12: =VLOOKUP($A12,[6]HISTOJANV25!$A$6:$AV$49,41,0) -> 0 | M12: =VLOOKUP($A12,[6]HISTOJANV25!$A$6:$AV$49,16,0) -> 0 | N12: =IF(M12<>0,VLOOKUP($A12,[6]HISTOJANV25!$A$6:$AV$49,42,0),"ECHEC") -> ECHEC | O12: =IF(R12=0,0,VLOOKUP($A12,[6]HISTOJANV25!$A$6:$AV$49,32,0)) -> 0 | P12: =VLOOKUP($A12,[6]HISTOJANV25!$A$6:$AV$49,33,0) -> 0 | Q12: =IF(R12=0,0,($C$3-R12)) -> 0 | R12: =VLOOKUP($A12,[6]HISTOJANV25!$A$6:$AV$49,29,0) -> 0
A13: AS201609 | B13: =IF(D13=0,0,VLOOKUP($A13,[6]HISTOJANV25!$A$6:$BP$45,10,0)) -> 1 | C13: =VLOOKUP(A13,[7]LISTADHERENT!A$5:H$60,3,0) -> DONHOU DAVID | D13: =IF(G13="ECHEC",0,B$3) -> 25000 | E13: =D13+VLOOKUP($A13,[6]HISTOJANV25!$A$7:$AT$43,45,0)+F13 -> 50000 | F13: =VLOOKUP($A13,[6]HISTOJANV25!$A$6:$AU$48,8,0) -> 0 | G13: =VLOOKUP($A13,[6]HISTOJANV25!$A$6:$AU$49,9,0) -> BANQUE | H13: =VLOOKUP($A13,[6]HISTOJANV25!$A$6:$AV$49,35,0) -> 0 | I13: =VLOOKUP($A13,[6]HISTOJANV25!$A$6:$AV$49,38,0) -> 0 | J13: =IF(H13=0,0,VLOOKUP($A13,[6]HISTOJANV25!$A$6:$AV$49,42,0)) -> 0 | K13: =VLOOKUP($A13,[6]HISTOJANV25!$A$6:$AV$49,41,0) -> 0 | M13: =VLOOKUP($A13,[6]HISTOJANV25!$A$6:$AV$49,16,0) -> 0 | N13: =IF(M13<>0,VLOOKUP($A13,[6]HISTOJANV25!$A$6:$AV$49,42,0),"ECHEC") -> ECHEC | O13: =IF(R13=0,0,VLOOKUP($A13,[6]HISTOJANV25!$A$6:$AV$49,32,0)) -> 0 | P13: =VLOOKUP($A13,[6]HISTOJANV25!$A$6:$AV$49,33,0) -> 0 | Q13: =IF(R13=0,0,($C$3-R13)) -> 0 | R13: =VLOOKUP($A13,[6]HISTOJANV25!$A$6:$AV$49,29,0) -> 0
A14: AS201663 | B14: =IF(D14=0,0,VLOOKUP($A14,[6]HISTOJANV25!$A$6:$BP$45,10,0)) -> 0 | C14: =VLOOKUP(A14,[7]LISTADHERENT!A$5:H$60,3,0) -> FAMPOU PAUL | D14: =IF(G14="ECHEC",0,B$3) -> 0 | E14: =D14+VLOOKUP($A14,[6]HISTOJANV25!$A$7:$AT$43,45,0)+F14 -> 0 | F14: =VLOOKUP($A14,[6]HISTOJANV25!$A$6:$AU$48,8,0) -> 0 | G14: =VLOOKUP($A14,[6]HISTOJANV25!$A$6:$AU$49,9,0) -> ECHEC | H14: =VLOOKUP($A14,[6]HISTOJANV25!$A$6:$AV$49,35,0) -> 0 | I14: =VLOOKUP($A14,[6]HISTOJANV25!$A$6:$AV$49,38,0) -> 0 | J14: =IF(H14=0,0,VLOOKUP($A14,[6]HISTOJANV25!$A$6:$AV$49,42,0)) -> 0 | K14: =VLOOKUP($A14,[6]HISTOJANV25!$A$6:$AV$49,41,0) -> 0 | M14: =VLOOKUP($A14,[6]HISTOJANV25!$A$6:$AV$49,16,0) -> 0 | N14: =IF(M14<>0,VLOOKUP($A14,[6]HISTOJANV25!$A$6:$AV$49,42,0),"ECHEC") -> ECHEC | O14: =IF(R14=0,0,VLOOKUP($A14,[6]HISTOJANV25!$A$6:$AV$49,32,0)) -> 0 | P14: =VLOOKUP($A14,[6]HISTOJANV25!$A$6:$AV$49,33,0) -> 0 | Q14: =IF(R14=0,0,($C$3-R14)) -> 0 | R14: =VLOOKUP($A14,[6]HISTOJANV25!$A$6:$AV$49,29,0) -> 0
A15: AS201611 | B15: =IF(D15=0,0,VLOOKUP($A15,[6]HISTOJANV25!$A$6:$BP$45,10,0)) -> 1 | C15: =VLOOKUP(A15,[7]LISTADHERENT!A$5:H$60,3,0) -> HENGUE PAUL OMER | D15: =IF(G15="ECHEC",0,B$3) -> 25000 | E15: =D15+VLOOKUP($A15,[6]HISTOJANV25!$A$7:$AT$43,45,0)+F15 -> 50000 | F15: =VLOOKUP($A15,[6]HISTOJANV25!$A$6:$AU$48,8,0) -> 0 | G15: =VLOOKUP($A15,[6]HISTOJANV25!$A$6:$AU$49,9,0) -> BANQUE | H15: =VLOOKUP($A15,[6]HISTOJANV25!$A$6:$AV$49,35,0) -> 0 | I15: =VLOOKUP($A15,[6]HISTOJANV25!$A$6:$AV$49,38,0) -> 0 | J15: =IF(H15=0,0,VLOOKUP($A15,[6]HISTOJANV25!$A$6:$AV$49,42,0)) -> 0 | K15: =VLOOKUP($A15,[6]HISTOJANV25!$A$6:$AV$49,41,0) -> 0 | M15: =VLOOKUP($A15,[6]HISTOJANV25!$A$6:$AV$49,16,0) -> 0 | N15: =IF(M15<>0,VLOOKUP($A15,[6]HISTOJANV25!$A$6:$AV$49,42,0),"ECHEC") -> ECHEC | O15: =IF(R15=0,0,VLOOKUP($A15,[6]HISTOJANV25!$A$6:$AV$49,32,0)) -> 0 | P15: =VLOOKUP($A15,[6]HISTOJANV25!$A$6:$AV$49,33,0) -> 0 | Q15: =IF(R15=0,0,($C$3-R15)) -> 0 | R15: =VLOOKUP($A15,[6]HISTOJANV25!$A$6:$AV$49,29,0) -> 0
A16: AS201613 | B16: =IF(D16=0,0,VLOOKUP($A16,[6]HISTOJANV25!$A$6:$BP$45,10,0)) -> 1 | C16: =VLOOKUP(A16,[7]LISTADHERENT!A$5:H$60,3,0) -> HOTCHO BENJAMIN | D16: =IF(G16="ECHEC",0,B$3) -> 25000 | E16: =D16+VLOOKUP($A16,[6]HISTOJANV25!$A$7:$AT$43,45,0)+F16 -> 100000 | F16: =VLOOKUP($A16,[6]HISTOJANV25!$A$6:$AU$48,8,0) -> 0 | G16: =VLOOKUP($A16,[6]HISTOJANV25!$A$6:$AU$49,9,0) -> BANQUE | H16: =VLOOKUP($A16,[6]HISTOJANV25!$A$6:$AV$49,35,0) -> 0 | I16: =VLOOKUP($A16,[6]HISTOJANV25!$A$6:$AV$49,38,0) -> 0 | J16: =IF(H16=0,0,VLOOKUP($A16,[6]HISTOJANV25!$A$6:$AV$49,42,0)) -> 0 | K16: =VLOOKUP($A16,[6]HISTOJANV25!$A$6:$AV$49,41,0) -> 0 | M16: =VLOOKUP($A16,[6]HISTOJANV25!$A$6:$AV$49,16,0) -> 0 | N16: =IF(M16<>0,VLOOKUP($A16,[6]HISTOJANV25!$A$6:$AV$49,42,0),"ECHEC") -> ECHEC | O16: =IF(R16=0,0,VLOOKUP($A16,[6]HISTOJANV25!$A$6:$AV$49,32,0)) -> 0 | P16: =VLOOKUP($A16,[6]HISTOJANV25!$A$6:$AV$49,33,0) -> 0 | Q16: =IF(R16=0,0,($C$3-R16)) -> 0 | R16: =VLOOKUP($A16,[6]HISTOJANV25!$A$6:$AV$49,29,0) -> 0
A17: AS201617 | B17: =IF(D17=0,0,VLOOKUP($A17,[6]HISTOJANV25!$A$6:$BP$45,10,0)) -> 1 | C17: =VLOOKUP(A17,[7]LISTADHERENT!A$5:H$60,3,0) -> KOUAMOU MOISE | D17: =IF(G17="ECHEC",0,B$3) -> 25000 | E17: =D17+VLOOKUP($A17,[6]HISTOJANV25!$A$7:$AT$43,45,0)+F17 -> 50000 | F17: =VLOOKUP($A17,[6]HISTOJANV25!$A$6:$AU$48,8,0) -> 0 | G17: =VLOOKUP($A17,[6]HISTOJANV25!$A$6:$AU$49,9,0) -> BANQUE | H17: =VLOOKUP($A17,[6]HISTOJANV25!$A$6:$AV$49,35,0) -> 0 | I17: =VLOOKUP($A17,[6]HISTOJANV25!$A$6:$AV$49,38,0) -> 0 | J17: =IF(H17=0,0,VLOOKUP($A17,[6]HISTOJANV25!$A$6:$AV$49,42,0)) -> 0 | K17: =VLOOKUP($A17,[6]HISTOJANV25!$A$6:$AV$49,41,0) -> 0 | M17: =VLOOKUP($A17,[6]HISTOJANV25!$A$6:$AV$49,16,0) -> 0 | N17: =IF(M17<>0,VLOOKUP($A17,[6]HISTOJANV25!$A$6:$AV$49,42,0),"ECHEC") -> ECHEC | O17: =IF(R17=0,0,VLOOKUP($A17,[6]HISTOJANV25!$A$6:$AV$49,32,0)) -> 0 | P17: =VLOOKUP($A17,[6]HISTOJANV25!$A$6:$AV$49,33,0) -> 0 | Q17: =IF(R17=0,0,($C$3-R17)) -> 0 | R17: =VLOOKUP($A17,[6]HISTOJANV25!$A$6:$AV$49,29,0) -> 0
... A40: AS201647 | B40: =IF(D40=0,0,VLOOKUP($A40,[6]HISTOJANV25!$A$6:$BP$45,10,0)) -> 1 | C40: =VLOOKUP(A40,[7]LISTADHERENT!A$5:H$60,3,0) -> YOUMBI EMMANUEL | D40: =IF(G40="ECHEC",0,B$3) -> 25000 | E40: =D40+VLOOKUP($A40,[6]HISTOJANV25!$A$7:$AT$43,45,0)+F40 -> 50000 | F40: =VLOOKUP($A40,[6]HISTOJANV25!$A$6:$AU$48,8,0) -> 0 | G40: =VLOOKUP($A40,[6]HISTOJANV25!$A$6:$AU$49,9,0) -> BANQUE | H40: =VLOOKUP($A40,[6]HISTOJANV25!$A$6:$AV$49,35,0) -> 0 | I40: =VLOOKUP($A40,[6]HISTOJANV25!$A$6:$AV$49,38,0) -> 0 | J40: =IF(H40=0,0,VLOOKUP($A40,[6]HISTOJANV25!$A$6:$AV$49,42,0)) -> 0 | K40: =VLOOKUP($A40,[6]HISTOJANV25!$A$6:$AV$49,41,0) -> 0 | M40: =VLOOKUP($A40,[6]HISTOJANV25!$A$6:$AV$49,16,0) -> 0 | N40: =IF(M40<>0,VLOOKUP($A40,[6]HISTOJANV25!$A$6:$AV$49,42,0),"ECHEC") -> ECHEC | O40: =IF(R40=0,0,VLOOKUP($A40,[6]HISTOJANV25!$A$6:$AV$49,32,0)) -> 0 | P40: =VLOOKUP($A40,[6]HISTOJANV25!$A$6:$AV$49,33,0) -> 0 | Q40: =IF(R40=0,0,($C$3-R40)) -> 0 | R40: =VLOOKUP($A40,[6]HISTOJANV25!$A$6:$AV$49,29,0) -> 0
A42: TOTAL PART | B42: =SUM(B6:B41) -> 34
A43: NBRE ADHERENT | B43: =COUNT(D6:D41) -> 35 | D43: =SUM(D6:D42) -> 850000 | F43: =SUM(F6:F42) -> 0 | G43: =SUM(G6:G42) -> 0 | H43: =SUM(H6:H42) -> 41000 | I43: =SUM(I6:I42) -> 1000 | J43: =SUM(J6:J42) -> 0 | K43: =SUM(K6:K42) -> 0 | L43: =SUM(L6:L42) -> 0 | M43: =SUM(M6:M42) -> 0 | ... R43: =SUM(R6:R42) -> 91000
N44: NBRE PART | O44: PART VENDUE
D45: MONTANT TONTINE | G45: REMBOURSEMENT PETIT LOT | H45: VENTE PETIT LOT | I45: VENTE LOT PRINCIPAL | J45: SOLDE EN CAISSE | L45: TONTINE + REMB + INTERET VENTE | M45: =D49+G49+R43 -> 941000
D46: =SUMIFS(D6:D42,G6:G42,"ESPECES") -> 100000 | F46: ESPECES | G46: =SUMIFS(M6:M35,N6:N35,"ESPECES") -> 0 | H46: =SUMIFS(H6:H42,J6:J42,"ESPECES") -> 0 | I46: =SUMIFS(Q6:Q42,O6:O42,"ESPECES") -> 0 | J46: =D46+G46-H46-I46 -> 100000 | L46: LOT PRINCIPAL | M46: =C3*COUNTIF(Q7:Q42,">0") -> 900000 | N46: =D3 -> 3 | O46: =COUNTIF(Q7:Q35,">0") -> 3
D47: =SUMIFS(D6:D42,G6:G42,"BANQUE") -> 750000 | F47: BANQUE | G47: =SUMIFS(M6:M35,N6:N35,"BANQUE") -> 0 | H47: =SUMIFS(H6:H42,J6:J42,"BANQUE") -> 41000 | I47: =SUMIFS(Q6:Q42,O6:O42,"BANQUE") -> 809000 | J47: =D47+G47-H47-I47 -> -100000
L48: PETIT LOT | M48: =M45-M46 -> 41000
D49: =D46+D47 -> 850000 | F49: TOTAL | G49: =G46+G47 -> 0 | H49: =H46+H47 -> 41000 | I49: =I46+I47 -> 809000 | J49: =J46+J47 -> 0
F50: TOTAL+DEPOT | L50: RELIQUAT | M50: =M48-H43 -> 0 | O50: =M50 -> 0 | P50: CUMUL
L52: ECHEC TONTINE MOIS | M52: =COUNTIFS(G7:G41,"ECHEC")*23000 -> 23000 | P52: CUMUL
L53: ECHEC REMBOURSEMENT MOIS | M53: =L43-G49 -> 0 | P53: CUMUL

Sheet TONTFEV25
A1: ASSOCIATION | B1: ASELBY
A2: ANNEE | B2: 2025 | C2: TONIINE | D2: NBRE PART
A3: TAUX TONTINE | B3: 25000 | C3: =B3*12 -> 300000 | D3: =ROUNDDOWN(M45/C3,0) -> 3
C4: 45701
A5: MATRICULE | B5: NBREPART | C5: NOM ET PRENOM | D5: MONTANT TONTINE | E5: MONTANT VERSE | F5: PENALITE VERSEMENT ESPECES | G5: MODE VERSEMENT | H5: VENTE PETIT LOT | I5: INTERET PETIT LOT | J5: MODE VERSEMENT VENTE PETIT LOT | K5: NUMERO CHEQUE | L5: MONTANT A REMBOURSER PETIT LOT | M5: REMBOURSEMENT PETIT LOT | N5: MODE VERSEMENT REMBOURSEMENT | O5: MODE VERSEMENTLOT PRINCIPAL | P5: NUMERO CHEQUE | Q5: MONTANT LOT PRINCIPAL | R5: INTERET LOT PRINCIPAL
A6: AS201601 | B6: =IF(D6=0,0,VLOOKUP($A6,[6]HISTOFEV25!$A$6:$BP$45,10,0)) -> 1 | C6: =VLOOKUP(A6,[7]LISTADHERENT!A$5:H$60,3,0) -> BAKOP ACHILLE | D6: =IF(G6="ECHEC",0,B$3) -> 25000 | E6: =D6+VLOOKUP($A6,[6]HISTOFEV25!$A$7:$AT$43,45,0)+F6 -> 50000 | F6: =VLOOKUP($A6,[6]HISTOFEV25!$A$6:$AU$48,8,0) -> 0 | G6: =VLOOKUP($A6,[6]HISTOFEV25!$A$6:$AU$49,9,0) -> ESPECES | H6: =VLOOKUP($A6,[6]HISTOFEV25!$A$6:$AV$49,35,0) -> 0 | I6: =VLOOKUP($A6,[6]HISTOFEV25!$A$6:$AV$49,38,0) -> 0 | J6: =IF(I6=0,"",VLOOKUP($A6,[6]HISTOFEV25!$A$6:$AV$47,42,0)) | K6: =VLOOKUP($A6,[6]HISTOFEV25!$A$6:$AV$49,41,0) -> 0 | L6: =TONTJANV25!H6+TONTJANV25!I6 -> 0 | M6: =VLOOKUP($A6,[6]HISTOFEV25!$A$6:$AV$49,16,0) -> 0 | N6: =IF(M6<>0,VLOOKUP($A6,[6]HISTOFEV25!$A$6:$AV$49,42,0),"ECHEC") -> ECHEC | O6: =IF(R6=0,0,VLOOKUP($A6,[6]HISTOFEV25!$A$6:$AV$49,32,0)) -> 0 | P6: =VLOOKUP($A6,[6]HISTOFEV25!$A$6:$AV$49,33,0) -> 0 | Q6: =IF(R6=0,0,($C$3-R6)) -> 0 | R6: =VLOOKUP($A6,[6]HISTOFEV25!$A$6:$AV$49,29,0) -> 0
A7: AS201602 | B7: =IF(D7=0,0,VLOOKUP($A7,[6]HISTOFEV25!$A$6:$BP$45,10,0)) -> 1 | C7: =VLOOKUP(A7,[7]LISTADHERENT!A$5:H$60,3,0) -> BOUTCHOUANG WILLIAM | D7: =IF(G7="ECHEC",0,B$3) -> 25000 | E7: =D7+VLOOKUP($A7,[6]HISTOFEV25!$A$7:$AT$43,45,0)+F7 -> 50000 | F7: =VLOOKUP($A7,[6]HISTOFEV25!$A$6:$AU$48,8,0) -> 0 | G7: =VLOOKUP($A7,[6]HISTOFEV25!$A$6:$AU$49,9,0) -> BANQUE | H7: =VLOOKUP($A7,[6]HISTOFEV25!$A$6:$AV$49,35,0) -> 0 | I7: =VLOOKUP($A7,[6]HISTOFEV25!$A$6:$AV$49,38,0) -> 0 | J7: =IF(I7=0,"",VLOOKUP($A7,[6]HISTOFEV25!$A$6:$AV$47,42,0)) | K7: =VLOOKUP($A7,[6]HISTOFEV25!$A$6:$AV$49,41,0) -> 0 | L7: =TONTJANV25!H7+TONTJANV25!I7 -> 0 | M7: =VLOOKUP($A7,[6]HISTOFEV25!$A$6:$AV$49,16,0) -> 0 | N7: =IF(M7<>0,VLOOKUP($A7,[6]HISTOFEV25!$A$6:$AV$49,42,0),"ECHEC") -> ECHEC | O7: =IF(R7=0,0,VLOOKUP($A7,[6]HISTOFEV25!$A$6:$AV$49,32,0)) -> 0 | P7: =VLOOKUP($A7,[6]HISTOFEV25!$A$6:$AV$49,33,0) -> 0 | Q7: =IF(R7=0,0,($C$3-R7)) -> 0 | R7: =VLOOKUP($A7,[6]HISTOFEV25!$A$6:$AV$49,29,0) -> 0
A8: AS201604 | B8: =IF(D8=0,0,VLOOKUP($A8,[6]HISTOFEV25!$A$6:$BP$45,10,0)) -> 1 | C8: =VLOOKUP(A8,[7]LISTADHERENT!A$5:H$60,3,0) -> DJOMO JEAN PAUL | D8: =IF(G8="ECHEC",0,B$3) -> 25000 | E8: =D8+VLOOKUP($A8,[6]HISTOFEV25!$A$7:$AT$43,45,0)+F8 -> 50000 | F8: =VLOOKUP($A8,[6]HISTOFEV25!$A$6:$AU$48,8,0) -> 0 | G8: =VLOOKUP($A8,[6]HISTOFEV25!$A$6:$AU$49,9,0) -> BANQUE | H8: =VLOOKUP($A8,[6]HISTOFEV25!$A$6:$AV$49,35,0) -> 0 | I8: =VLOOKUP($A8,[6]HISTOFEV25!$A$6:$AV$49,38,0) -> 0 | J8: =IF(I8=0,"",VLOOKUP($A8,[6]HISTOFEV25!$A$6:$AV$47,42,0)) | K8: =VLOOKUP($A8,[6]HISTOFEV25!$A$6:$AV$49,41,0) -> 0 | L8: =TONTJANV25!H8+TONTJANV25!I8 -> 0 | M8: =VLOOKUP($A8,[6]HISTOFEV25!$A$6:$AV$49,16,0) -> 0 | N8: =IF(M8<>0,VLOOKUP($A8,[6]HISTOFEV25!$A$6:$AV$49,42,0),"ECHEC") -> ECHEC | O8: =IF(R8=0,0,VLOOKUP($A8,[6]HISTOFEV25!$A$6:$AV$49,32,0)) -> 0 | P8: =VLOOKUP($A8,[6]HISTOFEV25!$A$6:$AV$49,33,0) -> 0 | Q8: =IF(R8=0,0,($C$3-R8)) -> 0 | R8: =VLOOKUP($A8,[6]HISTOFEV25!$A$6:$AV$49,29,0) -> 0
A9: AS201654 | B9: =IF(D9=0,0,VLOOKUP($A9,[6]HISTOFEV25!$A$6:$BP$45,10,0)) -> 1 | C9: =VLOOKUP(A9,[7]LISTADHERENT!A$5:H$60,3,0) -> DJOMOU TCHAPDA | D9: =IF(G9="ECHEC",0,B$3) -> 25000 | E9: =D9+VLOOKUP($A9,[6]HISTOFEV25!$A$7:$AT$43,45,0)+F9 -> 50000 | F9: =VLOOKUP($A9,[6]HISTOFEV25!$A$6:$AU$48,8,0) -> 0 | G9: =VLOOKUP($A9,[6]HISTOFEV25!$A$6:$AU$49,9,0) -> BANQUE | H9: =VLOOKUP($A9,[6]HISTOFEV25!$A$6:$AV$49,35,0) -> 40000 | I9: =VLOOKUP($A9,[6]HISTOFEV25!$A$6:$AV$49,38,0) -> 1000 | J9: =IF(I9=0,"",VLOOKUP($A9,[6]HISTOFEV25!$A$6:$AV$47,42,0)) -> BANQUE | K9: =VLOOKUP($A9,[6]HISTOFEV25!$A$6:$AV$49,41,0) -> 0 | L9: =TONTJANV25!H9+TONTJANV25!I9 -> 0 | M9: =VLOOKUP($A9,[6]HISTOFEV25!$A$6:$AV$49,16,0) -> 0 | N9: =IF(M9<>0,VLOOKUP($A9,[6]HISTOFEV25!$A$6:$AV$49,42,0),"ECHEC") -> ECHEC | O9: =IF(R9=0,0,VLOOKUP($A9,[6]HISTOFEV25!$A$6:$AV$49,32,0)) -> 0 | P9: =VLOOKUP($A9,[6]HISTOFEV25!$A$6:$AV$49,33,0) -> 0 | Q9: =IF(R9=0,0,($C$3-R9)) -> 0 | R9: =VLOOKUP($A9,[6]HISTOFEV25!$A$6:$AV$49,29,0) -> 0
A10: AS201605 | B10: =IF(D10=0,0,VLOOKUP($A10,[6]HISTOFEV25!$A$6:$BP$45,10,0)) -> 1 | C10: =VLOOKUP(A10,[7]LISTADHERENT!A$5:H$60,3,0) -> DJOUKWE NANGUEN GUY BLAISE | D10: =IF(G10="ECHEC",0,B$3) -> 25000 | E10: =D10+VLOOKUP($A10,[6]HISTOFEV25!$A$7:$AT$43,45,0)+F10 -> 50375 | F10: =VLOOKUP($A10,[6]HISTOFEV25!$A$6:$AU$48,8,0) -> 0 | G10: =VLOOKUP($A10,[6]HISTOFEV25!$A$6:$AU$49,9,0) -> BANQUE | H10: =VLOOKUP($A10,[6]HISTOFEV25!$A$6:$AV$49,35,0) -> 0 | I10: =VLOOKUP($A10,[6]HISTOFEV25!$A$6:$AV$49,38,0) -> 0 | J10: =IF(I10=0,"",VLOOKUP($A10,[6]HISTOFEV25!$A$6:$AV$47,42,0)) | K10: =VLOOKUP($A10,[6]HISTOFEV25!$A$6:$AV$49,41,0) -> 0 | L10: =TONTJANV25!H10+TONTJANV25!I10 -> 0 | M10: =VLOOKUP($A10,[6]HISTOFEV25!$A$6:$AV$49,16,0) -> 0 | N10: =IF(M10<>0,VLOOKUP($A10,[6]HISTOFEV25!$A$6:$AV$49,42,0),"ECHEC") -> ECHEC | O10: =IF(R10=0,0,VLOOKUP($A10,[6]HISTOFEV25!$A$6:$AV$49,32,0)) -> 0 | P10: =VLOOKUP($A10,[6]HISTOFEV25!$A$6:$AV$49,33,0) -> 0 | Q10: =IF(R10=0,0,($C$3-R10)) -> 0 | R10: =VLOOKUP($A10,[6]HISTOFEV25!$A$6:$AV$49,29,0) -> 0
A11: AS201608 | B11: =IF(D11=0,0,VLOOKUP($A11,[6]HISTOFEV25!$A$6:$BP$45,10,0)) -> 1 | C11: =VLOOKUP(A11,[7]LISTADHERENT!A$5:H$60,3,0) -> DJUOMBESSY ANTOINE | D11: =IF(G11="ECHEC",0,B$3) -> 25000 | E11: =D11+VLOOKUP($A11,[6]HISTOFEV25!$A$7:$AT$43,45,0)+F11 -> 710000 | F11: =VLOOKUP($A11,[6]HISTOFEV25!$A$6:$AU$48,8,0) -> 0 | G11: =VLOOKUP($A11,[6]HISTOFEV25!$A$6:$AU$49,9,0) -> BANQUE | H11: =VLOOKUP($A11,[6]HISTOFEV25!$A$6:$AV$49,35,0) -> 0 | I11: =VLOOKUP($A11,[6]HISTOFEV25!$A$6:$AV$49,38,0) -> 0 | J11: =IF(I11=0,"",VLOOKUP($A11,[6]HISTOFEV25!$A$6:$AV$47,42,0)) | K11: =VLOOKUP($A11,[6]HISTOFEV25!$A$6:$AV$49,41,0) -> 0 | L11: =TONTJANV25!H11+TONTJANV25!I11 -> 0 | M11: =VLOOKUP($A11,[6]HISTOFEV25!$A$6:$AV$49,16,0) -> 0 | N11: =IF(M11<>0,VLOOKUP($A11,[6]HISTOFEV25!$A$6:$AV$49,42,0),"ECHEC") -> ECHEC | O11: =IF(R11=0,0,VLOOKUP($A11,[6]HISTOFEV25!$A$6:$AV$49,32,0)) -> 0 | P11: =VLOOKUP($A11,[6]HISTOFEV25!$A$6:$AV$49,33,0) -> 0 | Q11: =IF(R11=0,0,($C$3-R11)) -> 0 | R11: =VLOOKUP($A11,[6]HISTOFEV25!$A$6:$AV$49,29,0) -> 0
A12: AS201651 | B12: =IF(D12=0,0,VLOOKUP($A12,[6]HISTOFEV25!$A$6:$BP$45,10,0)) -> 1 | C12: =VLOOKUP(A12,[7]LISTADHERENT!A$5:H$60,3,0) -> DOMOU FABIEN | D12: =IF(G12="ECHEC",0,B$3) -> 25000 | E12: =D12+VLOOKUP($A12,[6]HISTOFEV25!$A$7:$AT$43,45,0)+F12 -> 50000 | F12: =VLOOKUP($A12,[6]HISTOFEV25!$A$6:$AU$48,8,0) -> 0 | G12: =VLOOKUP($A12,[6]HISTOFEV25!$A$6:$AU$49,9,0) -> BANQUE | H12: =VLOOKUP($A12,[6]HISTOFEV25!$A$6:$AV$49,35,0) -> 0 | I12: =VLOOKUP($A12,[6]HISTOFEV25!$A$6:$AV$49,38,0) -> 0 | J12: =IF(I12=0,"",VLOOKUP($A12,[6]HISTOFEV25!$A$6:$AV$47,42,0)) | K12: =VLOOKUP($A12,[6]HISTOFEV25!$A$6:$AV$49,41,0) -> 0 | L12: =TONTJANV25!H12+TONTJANV25!I12 -> 0 | M12: =VLOOKUP($A12,[6]HISTOFEV25!$A$6:$AV$49,16,0) -> 0 | N12: =IF(M12<>0,VLOOKUP($A12,[6]HISTOFEV25!$A$6:$AV$49,42,0),"ECHEC") -> ECHEC | O12: =IF(R12=0,0,VLOOKUP($A12,[6]HISTOFEV25!$A$6:$AV$49,32,0)) -> 0 | P12: =VLOOKUP($A12,[6]HISTOFEV25!$A$6:$AV$49,33,0) -> 0 | Q12: =IF(R12=0,0,($C$3-R12)) -> 0 | R12: =VLOOKUP($A12,[6]HISTOFEV25!$A$6:$AV$49,29,0) -> 0
A13: AS201609 | B13: =IF(D13=0,0,VLOOKUP($A13,[6]HISTOFEV25!$A$6:$BP$45,10,0)) -> 1 | C13: =VLOOKUP(A13,[7]LISTADHERENT!A$5:H$60,3,0) -> DONHOU DAVID | D13: =IF(G13="ECHEC",0,B$3) -> 25000 | E13: =D13+VLOOKUP($A13,[6]HISTOFEV25!$A$7:$AT$43,45,0)+F13 -> 50000 | F13: =VLOOKUP($A13,[6]HISTOFEV25!$A$6:$AU$48,8,0) -> 0 | G13: =VLOOKUP($A13,[6]HISTOFEV25!$A$6:$AU$49,9,0) -> BANQUE | H13: =VLOOKUP($A13,[6]HISTOFEV25!$A$6:$AV$49,35,0) -> 0 | I13: =VLOOKUP($A13,[6]HISTOFEV25!$A$6:$AV$49,38,0) -> 0 | J13: =IF(I13=0,"",VLOOKUP($A13,[6]HISTOFEV25!$A$6:$AV$47,42,0)) | K13: =VLOOKUP($A13,[6]HISTOFEV25!$A$6:$AV$49,41,0) -> 0 | L13: =TONTJANV25!H13+TONTJANV25!I13 -> 0 | M13: =VLOOKUP($A13,[6]HISTOFEV25!$A$6:$AV$49,16,0) -> 0 | N13: =IF(M13<>0,VLOOKUP($A13,[6]HISTOFEV25!$A$6:$AV$49,42,0),"ECHEC") -> ECHEC | O13: =IF(R13=0,0,VLOOKUP($A13,[6]HISTOFEV25!$A$6:$AV$49,32,0)) -> 0 | P13: =VLOOKUP($A13,[6]HISTOFEV25!$A$6:$AV$49,33,0) -> 0 | Q13: =IF(R13=0,0,($C$3-R13)) -> 0 | R13: =VLOOKUP($A13,[6]HISTOFEV25!$A$6:$AV$49,29,0) -> 0
A14: AS201663 | B14: =IF(D14=0,0,VLOOKUP($A14,[6]HISTOFEV25!$A$6:$BP$45,10,0)) -> 1 | C14: =VLOOKUP(A14,[7]LISTADHERENT!A$5:H$60,3,0) -> FAMPOU PAUL | D14: =IF(G14="ECHEC",0,B$3) -> 25000 | E14: =D14+VLOOKUP($A14,[6]HISTOFEV25!$A$7:$AT$43,45,0)+F14 -> 75000 | F14: =VLOOKUP($A14,[6]HISTOFEV25!$A$6:$AU$48,8,0) -> 0 | G14: =VLOOKUP($A14,[6]HISTOFEV25!$A$6:$AU$49,9,0) -> ESPECES | H14: =VLOOKUP($A14,[6]HISTOFEV25!$A$6:$AV$49,35,0) -> 0 | I14: =VLOOKUP($A14,[6]HISTOFEV25!$A$6:$AV$49,38,0) -> 0 | J14: =IF(I14=0,"",VLOOKUP($A14,[6]HISTOFEV25!$A$6:$AV$47,42,0)) | K14: =VLOOKUP($A14,[6]HISTOFEV25!$A$6:$AV$49,41,0) -> 0 | L14: =TONTJANV25!H14+TONTJANV25!I14 -> 0 | M14: =VLOOKUP($A14,[6]HISTOFEV25!$A$6:$AV$49,16,0) -> 0 | N14: =IF(M14<>0,VLOOKUP($A14,[6]HISTOFEV25!$A$6:$AV$49,42,0),"ECHEC") -> ECHEC | O14: =IF(R14=0,0,VLOOKUP($A14,[6]HISTOFEV25!$A$6:$AV$49,32,0)) -> 0 | P14: =VLOOKUP($A14,[6]HISTOFEV25!$A$6:$AV$49,33,0) -> 0 | Q14: =IF(R14=0,0,($C$3-R14)) -> 0 | R14: =VLOOKUP($A14,[6]HISTOFEV25!$A$6:$AV$49,29,0) -> 0
A15: AS201611 | B15: =IF(D15=0,0,VLOOKUP($A15,[6]HISTOFEV25!$A$6:$BP$45,10,0)) -> 1 | C15: =VLOOKUP(A15,[7]LISTADHERENT!A$5:H$60,3,0) -> HENGUE PAUL OMER | D15: =IF(G15="ECHEC",0,B$3) -> 25000 | E15: =D15+VLOOKUP($A15,[6]HISTOFEV25!$A$7:$AT$43,45,0)+F15 -> 50000 | F15: =VLOOKUP($A15,[6]HISTOFEV25!$A$6:$AU$48,8,0) -> 0 | G15: =VLOOKUP($A15,[6]HISTOFEV25!$A$6:$AU$49,9,0) -> BANQUE | H15: =VLOOKUP($A15,[6]HISTOFEV25!$A$6:$AV$49,35,0) -> 0 | I15: =VLOOKUP($A15,[6]HISTOFEV25!$A$6:$AV$49,38,0) -> 0 | J15: =IF(I15=0,"",VLOOKUP($A15,[6]HISTOFEV25!$A$6:$AV$47,42,0)) | K15: =VLOOKUP($A15,[6]HISTOFEV25!$A$6:$AV$49,41,0) -> 0 | L15: =TONTJANV25!H15+TONTJANV25!I15 -> 0 | M15: =VLOOKUP($A15,[6]HISTOFEV25!$A$6:$AV$49,16,0) -> 0 | N15: =IF(M15<>0,VLOOKUP($A15,[6]HISTOFEV25!$A$6:$AV$49,42,0),"ECHEC") -> ECHEC | O15: =IF(R15=0,0,VLOOKUP($A15,[6]HISTOFEV25!$A$6:$AV$49,32,0)) -> 0 | P15: =VLOOKUP($A15,[6]HISTOFEV25!$A$6:$AV$49,33,0) -> 0 | Q15: =IF(R15=0,0,($C$3-R15)) -> 0 | R15: =VLOOKUP($A15,[6]HISTOFEV25!$A$6:$AV$49,29,0) -> 0
A16: AS201613 | B16: =IF(D16=0,0,VLOOKUP($A16,[6]HISTOFEV25!$A$6:$BP$45,10,0)) -> 1 | C16: =VLOOKUP(A16,[7]LISTADHERENT!A$5:H$60,3,0) -> HOTCHO BENJAMIN | D16: =IF(G16="ECHEC",0,B$3) -> 25000 | E16: =D16+VLOOKUP($A16,[6]HISTOFEV25!$A$7:$AT$43,45,0)+F16 -> 85000 | F16: =VLOOKUP($A16,[6]HISTOFEV25!$A$6:$AU$48,8,0) -> 0 | G16: =VLOOKUP($A16,[6]HISTOFEV25!$A$6:$AU$49,9,0) -> BANQUE | H16: =VLOOKUP($A16,[6]HISTOFEV25!$A$6:$AV$49,35,0) -> 0 | I16: =VLOOKUP($A16,[6]HISTOFEV25!$A$6:$AV$49,38,0) -> 0 | J16: =IF(I16=0,"",VLOOKUP($A16,[6]HISTOFEV25!$A$6:$AV$47,42,0)) | K16: =VLOOKUP($A16,[6]HISTOFEV25!$A$6:$AV$49,41,0) -> 0 | L16: =TONTJANV25!H16+TONTJANV25!I16 -> 0 | M16: =VLOOKUP($A16,[6]HISTOFEV25!$A$6:$AV$49,16,0) -> 0 | N16: =IF(M16<>0,VLOOKUP($A16,[6]HISTOFEV25!$A$6:$AV$49,42,0),"ECHEC") -> ECHEC | O16: =IF(R16=0,0,VLOOKUP($A16,[6]HISTOFEV25!$A$6:$AV$49,32,0)) -> 0 | P16: =VLOOKUP($A16,[6]HISTOFEV25!$A$6:$AV$49,33,0) -> 0 | Q16: =IF(R16=0,0,($C$3-R16)) -> 0 | R16: =VLOOKUP($A16,[6]HISTOFEV25!$A$6:$AV$49,29,0) -> 0
A17: AS201617 | B17: =IF(D17=0,0,VLOOKUP($A17,[6]HISTOFEV25!$A$6:$BP$45,10,0)) -> 1 | C17: =VLOOKUP(A17,[7]LISTADHERENT!A$5:H$60,3,0) -> KOUAMOU MOISE | D17: =IF(G17="ECHEC",0,B$3) -> 25000 | E17: =D17+VLOOKUP($A17,[6]HISTOFEV25!$A$7:$AT$43,45,0)+F17 -> 50000 | F17: =VLOOKUP($A17,[6]HISTOFEV25!$A$6:$AU$48,8,0) -> 0 | G17: =VLOOKUP($A17,[6]HISTOFEV25!$A$6:$AU$49,9,0) -> BANQUE | H17: =VLOOKUP($A17,[6]HISTOFEV25!$A$6:$AV$49,35,0) -> 0 | I17: =VLOOKUP($A17,[6]HISTOFEV25!$A$6:$AV$49,38,0) -> 0 | J17: =IF(I17=0,"",VLOOKUP($A17,[6]HISTOFEV25!$A$6:$AV$47,42,0)) | K17: =VLOOKUP($A17,[6]HISTOFEV25!$A$6:$AV$49,41,0) -> 0 | L17: =TONTJANV25!H17+TONTJANV25!I17 -> 0 | M17: =VLOOKUP($A17,[6]HISTOFEV25!$A$6:$AV$49,16,0) -> 0 | N17: =IF(M17<>0,VLOOKUP($A17,[6]HISTOFEV25!$A$6:$AV$49,42,0),"ECHEC") -> ECHEC | O17: =IF(R17=0,0,VLOOKUP($A17,[6]HISTOFEV25!$A$6:$AV$49,32,0)) -> 0 | P17: =VLOOKUP($A17,[6]HISTOFEV25!$A$6:$AV$49,33,0) -> 0 | Q17: =IF(R17=0,0,($C$3-R17)) -> 0 | R17: =VLOOKUP($A17,[6]HISTOFEV25!$A$6:$AV$49,29,0) -> 0
... A40: AS201647 | B40: =IF(D40=0,0,VLOOKUP($A40,[6]HISTOFEV25!$A$6:$BP$45,10,0)) -> 1 | C40: =VLOOKUP(A40,[7]LISTADHERENT!A$5:H$60,3,0) -> YOUMBI EMMANUEL | D40: =IF(G40="ECHEC",0,B$3) -> 25000 | E40: =D40+VLOOKUP($A40,[6]HISTOFEV25!$A$7:$AT$43,45,0)+F40 -> 50000 | F40: =VLOOKUP($A40,[6]HISTOFEV25!$A$6:$AU$48,8,0) -> 0 | G40: =VLOOKUP($A40,[6]HISTOFEV25!$A$6:$AU$49,9,0) -> BANQUE | H40: =VLOOKUP($A40,[6]HISTOFEV25!$A$6:$AV$49,35,0) -> 0 | I40: =VLOOKUP($A40,[6]HISTOFEV25!$A$6:$AV$49,38,0) -> 0 | J40: =IF(I40=0,"",VLOOKUP($A40,[6]HISTOFEV25!$A$6:$AV$47,42,0)) | K40: =VLOOKUP($A40,[6]HISTOFEV25!$A$6:$AV$49,41,0) -> 0 | L40: =TONTJANV25!H40+TONTJANV25!I40 -> 0 | M40: =VLOOKUP($A40,[6]HISTOFEV25!$A$6:$AV$49,16,0) -> 0 | N40: =IF(M40<>0,VLOOKUP($A40,[6]HISTOFEV25!$A$6:$AV$49,42,0),"ECHEC") -> ECHEC | O40: =IF(R40=0,0,VLOOKUP($A40,[6]HISTOFEV25!$A$6:$AV$49,32,0)) -> 0 | P40: =VLOOKUP($A40,[6]HISTOFEV25!$A$6:$AV$49,33,0) -> 0 | Q40: =IF(R40=0,0,($C$3-R40)) -> 0 | R40: =VLOOKUP($A40,[6]HISTOFEV25!$A$6:$AV$49,29,0) -> 0
A42: TOTAL PART | B42: =SUM(B6:B41) -> 35
A43: NBRE ADHERENT | B43: =COUNT(D6:D41) -> 35 | D43: =SUM(D6:D42) -> 875000 | F43: =SUM(F6:F42) -> 3000 | G43: =SUM(G6:G42) -> 0 | H43: =SUM(H6:H42) -> 121000 | I43: =SUM(I6:I42) -> 3000 | J43: =SUM(J6:J42) -> 0 | K43: =SUM(K6:K42) -> 0 | L43: =SUM(L6:L42) -> 42000 | M43: =SUM(M6:M42) -> 42000 | ... R43: =SUM(R6:R42) -> 79000
N44: NBRE PART | O44: PART VENDUE
D45: MONTANT TONTINE | G45: REMBOURSEMENT PETIT LOT | H45: VENTE PETIT LOT | I45: VENTE LOT PRINCIPAL | J45: SOLDE EN CAISSE | L45: TONTINE + REMB + INTERET VENTE | M45: =D49+G49+R43+42000-17000 -> 1021000
D46: =SUMIFS(D6:D42,G6:G42,"ESPECES") -> 100000 | F46: ESPECES | G46: =SUMIFS(M6:M35,N6:N35,"ESPECES") -> 0 | H46: =SUMIFS(H6:H42,J6:J42,"ESPECES") -> 0 | I46: =SUMIFS(Q6:Q42,O6:O42,"ESPECES") -> 0 | J46: =D46+G46-H46-I46 -> 100000 | L46: LOT PRINCIPAL | M46: =C3*COUNTIF(Q7:Q42,">0") -> 900000 | N46: =D3 -> 3 | O46: =COUNTIF(Q7:Q35,">0") -> 3
D47: =SUMIFS(D6:D42,G6:G42,"BANQUE") -> 775000 | F47: BANQUE | G47: =SUMIFS(M6:M35,N6:N35,"BANQUE") -> 42000 | H47: =SUMIFS(H6:H42,J6:J42,"BANQUE") -> 121000 | I47: =SUMIFS(Q6:Q42,O6:O42,"BANQUE") -> 821000 | J47: =D47+G47-H47-I47 -> -125000
L48: PETIT LOT | M48: =M45-M46 -> 121000
D49: =D46+D47 -> 875000 | F49: TOTAL | G49: =G46+G47 -> 42000 | H49: =H46+H47 -> 121000 | I49: =I46+I47 -> 821000 | J49: =J46+J47 -> -25000
F50: TOTAL+DEPOT | L50: RELIQUAT | M50: =M48-H43 -> 0 | O50: =M50+TONTJANV25!O50 -> 0 | P50: CUMUL
L52: ECHEC TONTINE MOIS | M52: =COUNTIFS(G7:G41,"ECHEC")*23000 -> 0 | O52: =+M52+TONTJANV25!O52 -> 0 | P52: CUMUL
L53: ECHEC REMBOURSEMENT MOIS | M53: =L43-G49 -> 0 | O53: =+TONTJANV25!O53 -> 0 | P53: CUMUL

Sheet TONTMARS25
A1: ASSOCIATION | B1: ASELBY
A2: ANNEE | B2: 2025 | C2: TONIINE | D2: NBRE PART
A3: TAUX TONTINE | B3: 25000 | C3: =B3*12 -> 300000 | D3: =ROUNDDOWN(M45/C3,0) -> 3
C4: 45729
A5: MATRICULE | B5: NBREPART | C5: NOM ET PRENOM | D5: MONTANT TONTINE | E5: MONTANT VERSE | F5: PENALITE VERSEMENT ESPECES | G5: MODE VERSEMENT | H5: VENTE PETIT LOT | I5: INTERET PETIT LOT | J5: MODE VERSEMENT VENTE PETIT LOT | K5: NUMERO CHEQUE | L5: MONTANT A REMBOURSER PETIT LOT | M5: REMBOURSEMENT PETIT LOT | N5: MODE VERSEMENT REMBOURSEMENT | O5: MODE VERSEMENTLOT PRINCIPAL | P5: NUMERO CHEQUE | Q5: MONTANT LOT PRINCIPAL | R5: INTERET LOT PRINCIPAL
A6: AS201601 | B6: =IF(D6=0,0,VLOOKUP($A6,[6]HISTOMARS25!$A$6:$BP$45,10,0)) -> 1 | C6: =VLOOKUP(A6,[7]LISTADHERENT!A$5:H$60,3,0) -> BAKOP ACHILLE | D6: =IF(G6="ECHEC",0,B$3) -> 25000 | E6: =D6+VLOOKUP($A6,[6]HISTOMARS25!$A$7:$AT$43,45,0)+F6 -> 50000 | F6: =VLOOKUP($A6,[6]HISTOMARS25!$A$6:$AU$48,8,0) -> 0 | G6: =VLOOKUP($A6,[6]HISTOMARS25!$A$6:$AU$49,9,0) -> ESPECES | H6: =VLOOKUP($A6,[6]HISTOMARS25!$A$6:$AV$49,35,0) -> 0 | I6: =VLOOKUP($A6,[6]HISTOMARS25!$A$6:$AV$49,38,0) -> 0 | J6: =IF(I6=0,"",VLOOKUP($A6,[6]HISTOMARS25!$A$6:$AV$47,42,0)) | K6: =VLOOKUP($A6,[6]HISTOMARS25!$A$6:$AV$49,41,0) -> 0 | L6: =TONTFEV25!H6+TONTFEV25!I6 -> 0 | M6: =VLOOKUP($A6,[6]HISTOMARS25!$A$6:$AV$49,16,0) -> 0 | N6: =IF(M6<>0,VLOOKUP($A6,[6]HISTOMARS25!$A$6:$AV$49,42,0),"ECHEC") -> ECHEC | O6: =IF(R6=0,0,VLOOKUP($A6,[6]HISTOMARS25!$A$6:$AV$49,32,0)) -> 0 | P6: =VLOOKUP($A6,[6]HISTOMARS25!$A$6:$AV$49,33,0) -> 0 | Q6: =IF(R6=0,0,($C$3-R6)) -> 0 | R6: =VLOOKUP($A6,[6]HISTOMARS25!$A$6:$AV$49,29,0) -> 0
A7: AS201602 | B7: =IF(D7=0,0,VLOOKUP($A7,[6]HISTOMARS25!$A$6:$BP$45,10,0)) -> 1 | C7: =VLOOKUP(A7,[7]LISTADHERENT!A$5:H$60,3,0) -> BOUTCHOUANG WILLIAM | D7: =IF(G7="ECHEC",0,B$3) -> 25000 | E7: =D7+VLOOKUP($A7,[6]HISTOMARS25!$A$7:$AT$43,45,0)+F7 -> 50000 | F7: =VLOOKUP($A7,[6]HISTOMARS25!$A$6:$AU$48,8,0) -> 0 | G7: =VLOOKUP($A7,[6]HISTOMARS25!$A$6:$AU$49,9,0) -> BANQUE | H7: =VLOOKUP($A7,[6]HISTOMARS25!$A$6:$AV$49,35,0) -> 0 | I7: =VLOOKUP($A7,[6]HISTOMARS25!$A$6:$AV$49,38,0) -> 0 | J7: =IF(I7=0,"",VLOOKUP($A7,[6]HISTOMARS25!$A$6:$AV$47,42,0)) | K7: =VLOOKUP($A7,[6]HISTOMARS25!$A$6:$AV$49,41,0) -> 0 | L7: =TONTFEV25!H7+TONTFEV25!I7 -> 0 | M7: =VLOOKUP($A7,[6]HISTOMARS25!$A$6:$AV$49,16,0) -> 0 | N7: =IF(M7<>0,VLOOKUP($A7,[6]HISTOMARS25!$A$6:$AV$49,42,0),"ECHEC") -> ECHEC | O7: =IF(R7=0,0,VLOOKUP($A7,[6]HISTOMARS25!$A$6:$AV$49,32,0)) -> 0 | P7: =VLOOKUP($A7,[6]HISTOMARS25!$A$6:$AV$49,33,0) -> 0 | Q7: =IF(R7=0,0,($C$3-R7)) -> 0 | R7: =VLOOKUP($A7,[6]HISTOMARS25!$A$6:$AV$49,29,0) -> 0
A8: AS201604 | B8: =IF(D8=0,0,VLOOKUP($A8,[6]HISTOMARS25!$A$6:$BP$45,10,0)) -> 1 | C8: =VLOOKUP(A8,[7]LISTADHERENT!A$5:H$60,3,0) -> DJOMO JEAN PAUL | D8: =IF(G8="ECHEC",0,B$3) -> 25000 | E8: =D8+VLOOKUP($A8,[6]HISTOMARS25!$A$7:$AT$43,45,0)+F8 -> 50000 | F8: =VLOOKUP($A8,[6]HISTOMARS25!$A$6:$AU$48,8,0) -> 0 | G8: =VLOOKUP($A8,[6]HISTOMARS25!$A$6:$AU$49,9,0) -> BANQUE | H8: =VLOOKUP($A8,[6]HISTOMARS25!$A$6:$AV$49,35,0) -> 0 | I8: =VLOOKUP($A8,[6]HISTOMARS25!$A$6:$AV$49,38,0) -> 0 | J8: =IF(I8=0,"",VLOOKUP($A8,[6]HISTOMARS25!$A$6:$AV$47,42,0)) | K8: =VLOOKUP($A8,[6]HISTOMARS25!$A$6:$AV$49,41,0) -> 0 | L8: =TONTFEV25!H8+TONTFEV25!I8 -> 0 | M8: =VLOOKUP($A8,[6]HISTOMARS25!$A$6:$AV$49,16,0) -> 0 | N8: =IF(M8<>0,VLOOKUP($A8,[6]HISTOMARS25!$A$6:$AV$49,42,0),"ECHEC") -> ECHEC | O8: =IF(R8=0,0,VLOOKUP($A8,[6]HISTOMARS25!$A$6:$AV$49,32,0)) -> 0 | P8: =VLOOKUP($A8,[6]HISTOMARS25!$A$6:$AV$49,33,0) -> 0 | Q8: =IF(R8=0,0,($C$3-R8)) -> 0 | R8: =VLOOKUP($A8,[6]HISTOMARS25!$A$6:$AV$49,29,0) -> 0
A9: AS201654 | B9: =IF(D9=0,0,VLOOKUP($A9,[6]HISTOMARS25!$A$6:$BP$45,10,0)) -> 1 | C9: =VLOOKUP(A9,[7]LISTADHERENT!A$5:H$60,3,0) -> DJOMOU TCHAPDA | D9: =IF(G9="ECHEC",0,B$3) -> 25000 | E9: =D9+VLOOKUP($A9,[6]HISTOMARS25!$A$7:$AT$43,45,0)+F9 -> 59500 | F9: =VLOOKUP($A9,[6]HISTOMARS25!$A$6:$AU$48,8,0) -> 0 | G9: =VLOOKUP($A9,[6]HISTOMARS25!$A$6:$AU$49,9,0) -> BANQUE | H9: =VLOOKUP($A9,[6]HISTOMARS25!$A$6:$AV$49,35,0) -> 40000 | I9: =VLOOKUP($A9,[6]HISTOMARS25!$A$6:$AV$49,38,0) -> 2000 | J9: =IF(I9=0,"",VLOOKUP($A9,[6]HISTOMARS25!$A$6:$AV$47,42,0)) -> BANQUE | K9: =VLOOKUP($A9,[6]HISTOMARS25!$A$6:$AV$49,41,0) -> 0 | L9: =TONTFEV25!H9+TONTFEV25!I9 -> 41000 | M9: =VLOOKUP($A9,[6]HISTOMARS25!$A$6:$AV$49,16,0) -> 41000 | N9: =IF(M9<>0,VLOOKUP($A9,[6]HISTOMARS25!$A$6:$AV$49,42,0),"ECHEC") -> BANQUE | O9: =IF(R9=0,0,VLOOKUP($A9,[6]HISTOMARS25!$A$6:$AV$49,32,0)) -> 0 | P9: =VLOOKUP($A9,[6]HISTOMARS25!$A$6:$AV$49,33,0) -> 0 | Q9: =IF(R9=0,0,($C$3-R9)) -> 0 | R9: =VLOOKUP($A9,[6]HISTOMARS25!$A$6:$AV$49,29,0) -> 0
A10: AS201605 | B10: =IF(D10=0,0,VLOOKUP($A10,[6]HISTOMARS25!$A$6:$BP$45,10,0)) -> 1 | C10: =VLOOKUP(A10,[7]LISTADHERENT!A$5:H$60,3,0) -> DJOUKWE NANGUEN GUY BLAISE | D10: =IF(G10="ECHEC",0,B$3) -> 25000 | E10: =D10+VLOOKUP($A10,[6]HISTOMARS25!$A$7:$AT$43,45,0)+F10 -> 50000 | F10: =VLOOKUP($A10,[6]HISTOMARS25!$A$6:$AU$48,8,0) -> 0 | G10: =VLOOKUP($A10,[6]HISTOMARS25!$A$6:$AU$49,9,0) -> BANQUE | H10: =VLOOKUP($A10,[6]HISTOMARS25!$A$6:$AV$49,35,0) -> 0 | I10: =VLOOKUP($A10,[6]HISTOMARS25!$A$6:$AV$49,38,0) -> 0 | J10: =IF(I10=0,"",VLOOKUP($A10,[6]HISTOMARS25!$A$6:$AV$47,42,0)) | K10: =VLOOKUP($A10,[6]HISTOMARS25!$A$6:$AV$49,41,0) -> 0 | L10: =TONTFEV25!H10+TONTFEV25!I10 -> 0 | M10: =VLOOKUP($A10,[6]HISTOMARS25!$A$6:$AV$49,16,0) -> 0 | N10: =IF(M10<>0,VLOOKUP($A10,[6]HISTOMARS25!$A$6:$AV$49,42,0),"ECHEC") -> ECHEC | O10: =IF(R10=0,0,VLOOKUP($A10,[6]HISTOMARS25!$A$6:$AV$49,32,0)) -> BANQUE | P10: =VLOOKUP($A10,[6]HISTOMARS25!$A$6:$AV$49,33,0) -> 0 | Q10: =IF(R10=0,0,($C$3-R10)) -> 293500 | R10: =VLOOKUP($A10,[6]HISTOMARS25!$A$6:$AV$49,29,0) -> 6500
A11: AS201608 | B11: =IF(D11=0,0,VLOOKUP($A11,[6]HISTOMARS25!$A$6:$BP$45,10,0)) -> 1 | C11: =VLOOKUP(A11,[7]LISTADHERENT!A$5:H$60,3,0) -> DJUOMBESSY ANTOINE | D11: =IF(G11="ECHEC",0,B$3) -> 25000 | E11: =D11+VLOOKUP($A11,[6]HISTOMARS25!$A$7:$AT$43,45,0)+F11 -> 60000 | F11: =VLOOKUP($A11,[6]HISTOMARS25!$A$6:$AU$48,8,0) -> 0 | G11: =VLOOKUP($A11,[6]HISTOMARS25!$A$6:$AU$49,9,0) -> BANQUE | H11: =VLOOKUP($A11,[6]HISTOMARS25!$A$6:$AV$49,35,0) -> 0 | I11: =VLOOKUP($A11,[6]HISTOMARS25!$A$6:$AV$49,38,0) -> 0 | J11: =IF(I11=0,"",VLOOKUP($A11,[6]HISTOMARS25!$A$6:$AV$47,42,0)) | K11: =VLOOKUP($A11,[6]HISTOMARS25!$A$6:$AV$49,41,0) -> 0 | L11: =TONTFEV25!H11+TONTFEV25!I11 -> 0 | M11: =VLOOKUP($A11,[6]HISTOMARS25!$A$6:$AV$49,16,0) -> 0 | N11: =IF(M11<>0,VLOOKUP($A11,[6]HISTOMARS25!$A$6:$AV$49,42,0),"ECHEC") -> ECHEC | O11: =IF(R11=0,0,VLOOKUP($A11,[6]HISTOMARS25!$A$6:$AV$49,32,0)) -> BANQUE | P11: =VLOOKUP($A11,[6]HISTOMARS25!$A$6:$AV$49,33,0) -> 0 | Q11: =IF(R11=0,0,($C$3-R11)) -> 293000 | R11: =VLOOKUP($A11,[6]HISTOMARS25!$A$6:$AV$49,29,0) -> 7000
A12: AS201651 | B12: =IF(D12=0,0,VLOOKUP($A12,[6]HISTOMARS25!$A$6:$BP$45,10,0)) -> 1 | C12: =VLOOKUP(A12,[7]LISTADHERENT!A$5:H$60,3,0) -> DOMOU FABIEN | D12: =IF(G12="ECHEC",0,B$3) -> 25000 | E12: =D12+VLOOKUP($A12,[6]HISTOMARS25!$A$7:$AT$43,45,0)+F12 -> 50000 | F12: =VLOOKUP($A12,[6]HISTOMARS25!$A$6:$AU$48,8,0) -> 0 | G12: =VLOOKUP($A12,[6]HISTOMARS25!$A$6:$AU$49,9,0) -> BANQUE | H12: =VLOOKUP($A12,[6]HISTOMARS25!$A$6:$AV$49,35,0) -> 0 | I12: =VLOOKUP($A12,[6]HISTOMARS25!$A$6:$AV$49,38,0) -> 0 | J12: =IF(I12=0,"",VLOOKUP($A12,[6]HISTOMARS25!$A$6:$AV$47,42,0)) | K12: =VLOOKUP($A12,[6]HISTOMARS25!$A$6:$AV$49,41,0) -> 0 | L12: =TONTFEV25!H12+TONTFEV25!I12 -> 0 | M12: =VLOOKUP($A12,[6]HISTOMARS25!$A$6:$AV$49,16,0) -> 0 | N12: =IF(M12<>0,VLOOKUP($A12,[6]HISTOMARS25!$A$6:$AV$49,42,0),"ECHEC") -> ECHEC | O12: =IF(R12=0,0,VLOOKUP($A12,[6]HISTOMARS25!$A$6:$AV$49,32,0)) -> 0 | P12: =VLOOKUP($A12,[6]HISTOMARS25!$A$6:$AV$49,33,0) -> 0 | Q12: =IF(R12=0,0,($C$3-R12)) -> 0 | R12: =VLOOKUP($A12,[6]HISTOMARS25!$A$6:$AV$49,29,0) -> 0
A13: AS201609 | B13: =IF(D13=0,0,VLOOKUP($A13,[6]HISTOMARS25!$A$6:$BP$45,10,0)) -> 1 | C13: =VLOOKUP(A13,[7]LISTADHERENT!A$5:H$60,3,0) -> DONHOU DAVID | D13: =IF(G13="ECHEC",0,B$3) -> 25000 | E13: =D13+VLOOKUP($A13,[6]HISTOMARS25!$A$7:$AT$43,45,0)+F13 -> 50000 | F13: =VLOOKUP($A13,[6]HISTOMARS25!$A$6:$AU$48,8,0) -> 0 | G13: =VLOOKUP($A13,[6]HISTOMARS25!$A$6:$AU$49,9,0) -> BANQUE | H13: =VLOOKUP($A13,[6]HISTOMARS25!$A$6:$AV$49,35,0) -> 0 | I13: =VLOOKUP($A13,[6]HISTOMARS25!$A$6:$AV$49,38,0) -> 0 | J13: =IF(I13=0,"",VLOOKUP($A13,[6]HISTOMARS25!$A$6:$AV$47,42,0)) | K13: =VLOOKUP($A13,[6]HISTOMARS25!$A$6:$AV$49,41,0) -> 0 | L13: =TONTFEV25!H13+TONTFEV25!I13 -> 0 | M13: =VLOOKUP($A13,[6]HISTOMARS25!$A$6:$AV$49,16,0) -> 0 | N13: =IF(M13<>0,VLOOKUP($A13,[6]HISTOMARS25!$A$6:$AV$49,42,0),"ECHEC") -> ECHEC | O13: =IF(R13=0,0,VLOOKUP($A13,[6]HISTOMARS25!$A$6:$AV$49,32,0)) -> 0 | P13: =VLOOKUP($A13,[6]HISTOMARS25!$A$6:$AV$49,33,0) -> 0 | Q13: =IF(R13=0,0,($C$3-R13)) -> 0 | R13: =VLOOKUP($A13,[6]HISTOMARS25!$A$6:$AV$49,29,0) -> 0
A14: AS201663 | B14: =IF(D14=0,0,VLOOKUP($A14,[6]HISTOMARS25!$A$6:$BP$45,10,0)) -> 1 | C14: =VLOOKUP(A14,[7]LISTADHERENT!A$5:H$60,3,0) -> FAMPOU PAUL | D14: =IF(G14="ECHEC",0,B$3) -> 25000 | E14: =D14+VLOOKUP($A14,[6]HISTOMARS25!$A$7:$AT$43,45,0)+F14 -> 50000 | F14: =VLOOKUP($A14,[6]HISTOMARS25!$A$6:$AU$48,8,0) -> 0 | G14: =VLOOKUP($A14,[6]HISTOMARS25!$A$6:$AU$49,9,0) -> BANQUE | H14: =VLOOKUP($A14,[6]HISTOMARS25!$A$6:$AV$49,35,0) -> 0 | I14: =VLOOKUP($A14,[6]HISTOMARS25!$A$6:$AV$49,38,0) -> 0 | J14: =IF(I14=0,"",VLOOKUP($A14,[6]HISTOMARS25!$A$6:$AV$47,42,0)) | K14: =VLOOKUP($A14,[6]HISTOMARS25!$A$6:$AV$49,41,0) -> 0 | L14: =TONTFEV25!H14+TONTFEV25!I14 -> 0 | M14: =VLOOKUP($A14,[6]HISTOMARS25!$A$6:$AV$49,16,0) -> 0 | N14: =IF(M14<>0,VLOOKUP($A14,[6]HISTOMARS25!$A$6:$AV$49,42,0),"ECHEC") -> ECHEC | O14: =IF(R14=0,0,VLOOKUP($A14,[6]HISTOMARS25!$A$6:$AV$49,32,0)) -> 0 | P14: =VLOOKUP($A14,[6]HISTOMARS25!$A$6:$AV$49,33,0) -> 0 | Q14: =IF(R14=0,0,($C$3-R14)) -> 0 | R14: =VLOOKUP($A14,[6]HISTOMARS25!$A$6:$AV$49,29,0) -> 0
A15: AS201611 | B15: =IF(D15=0,0,VLOOKUP($A15,[6]HISTOMARS25!$A$6:$BP$45,10,0)) -> 1 | C15: =VLOOKUP(A15,[7]LISTADHERENT!A$5:H$60,3,0) -> HENGUE PAUL OMER | D15: =IF(G15="ECHEC",0,B$3) -> 25000 | E15: =D15+VLOOKUP($A15,[6]HISTOMARS25!$A$7:$AT$43,45,0)+F15 -> 50000 | F15: =VLOOKUP($A15,[6]HISTOMARS25!$A$6:$AU$48,8,0) -> 0 | G15: =VLOOKUP($A15,[6]HISTOMARS25!$A$6:$AU$49,9,0) -> BANQUE | H15: =VLOOKUP($A15,[6]HISTOMARS25!$A$6:$AV$49,35,0) -> 0 | I15: =VLOOKUP($A15,[6]HISTOMARS25!$A$6:$AV$49,38,0) -> 0 | J15: =IF(I15=0,"",VLOOKUP($A15,[6]HISTOMARS25!$A$6:$AV$47,42,0)) | K15: =VLOOKUP($A15,[6]HISTOMARS25!$A$6:$AV$49,41,0) -> 0 | L15: =TONTFEV25!H15+TONTFEV25!I15 -> 0 | M15: =VLOOKUP($A15,[6]HISTOMARS25!$A$6:$AV$49,16,0) -> 0 | N15: =IF(M15<>0,VLOOKUP($A15,[6]HISTOMARS25!$A$6:$AV$49,42,0),"ECHEC") -> ECHEC | O15: =IF(R15=0,0,VLOOKUP($A15,[6]HISTOMARS25!$A$6:$AV$49,32,0)) -> 0 | P15: =VLOOKUP($A15,[6]HISTOMARS25!$A$6:$AV$49,33,0) -> 0 | Q15: =IF(R15=0,0,($C$3-R15)) -> 0 | R15: =VLOOKUP($A15,[6]HISTOMARS25!$A$6:$AV$49,29,0) -> 0
A16: AS201613 | B16: =IF(D16=0,0,VLOOKUP($A16,[6]HISTOMARS25!$A$6:$BP$45,10,0)) -> 1 | C16: =VLOOKUP(A16,[7]LISTADHERENT!A$5:H$60,3,0) -> HOTCHO BENJAMIN | D16: =IF(G16="ECHEC",0,B$3) -> 25000 | E16: =D16+VLOOKUP($A16,[6]HISTOMARS25!$A$7:$AT$43,45,0)+F16 -> 75000 | F16: =VLOOKUP($A16,[6]HISTOMARS25!$A$6:$AU$48,8,0) -> 0 | G16: =VLOOKUP($A16,[6]HISTOMARS25!$A$6:$AU$49,9,0) -> BANQUE | H16: =VLOOKUP($A16,[6]HISTOMARS25!$A$6:$AV$49,35,0) -> 0 | I16: =VLOOKUP($A16,[6]HISTOMARS25!$A$6:$AV$49,38,0) -> 0 | J16: =IF(I16=0,"",VLOOKUP($A16,[6]HISTOMARS25!$A$6:$AV$47,42,0)) | K16: =VLOOKUP($A16,[6]HISTOMARS25!$A$6:$AV$49,41,0) -> 0 | L16: =TONTFEV25!H16+TONTFEV25!I16 -> 0 | M16: =VLOOKUP($A16,[6]HISTOMARS25!$A$6:$AV$49,16,0) -> 0 | N16: =IF(M16<>0,VLOOKUP($A16,[6]HISTOMARS25!$A$6:$AV$49,42,0),"ECHEC") -> ECHEC | O16: =IF(R16=0,0,VLOOKUP($A16,[6]HISTOMARS25!$A$6:$AV$49,32,0)) -> 0 | P16: =VLOOKUP($A16,[6]HISTOMARS25!$A$6:$AV$49,33,0) -> 0 | Q16: =IF(R16=0,0,($C$3-R16)) -> 0 | R16: =VLOOKUP($A16,[6]HISTOMARS25!$A$6:$AV$49,29,0) -> 0
A17: AS201617 | B17: =IF(D17=0,0,VLOOKUP($A17,[6]HISTOMARS25!$A$6:$BP$45,10,0)) -> 1 | C17: =VLOOKUP(A17,[7]LISTADHERENT!A$5:H$60,3,0) -> KOUAMOU MOISE | D17: =IF(G17="ECHEC",0,B$3) -> 25000 | E17: =D17+VLOOKUP($A17,[6]HISTOMARS25!$A$7:$AT$43,45,0)+F17 -> 50000 | F17: =VLOOKUP($A17,[6]HISTOMARS25!$A$6:$AU$48,8,0) -> 0 | G17: =VLOOKUP($A17,[6]HISTOMARS25!$A$6:$AU$49,9,0) -> BANQUE | H17: =VLOOKUP($A17,[6]HISTOMARS25!$A$6:$AV$49,35,0) -> 0 | I17: =VLOOKUP($A17,[6]HISTOMARS25!$A$6:$AV$49,38,0) -> 0 | J17: =IF(I17=0,"",VLOOKUP($A17,[6]HISTOMARS25!$A$6:$AV$47,42,0)) | K17: =VLOOKUP($A17,[6]HISTOMARS25!$A$6:$AV$49,41,0) -> 0 | L17: =TONTFEV25!H17+TONTFEV25!I17 -> 0 | M17: =VLOOKUP($A17,[6]HISTOMARS25!$A$6:$AV$49,16,0) -> 0 | N17: =IF(M17<>0,VLOOKUP($A17,[6]HISTOMARS25!$A$6:$AV$49,42,0),"ECHEC") -> ECHEC | O17: =IF(R17=0,0,VLOOKUP($A17,[6]HISTOMARS25!$A$6:$AV$49,32,0)) -> 0 | P17: =VLOOKUP($A17,[6]HISTOMARS25!$A$6:$AV$49,33,0) -> 0 | Q17: =IF(R17=0,0,($C$3-R17)) -> 0 | R17: =VLOOKUP($A17,[6]HISTOMARS25!$A$6:$AV$49,29,0) -> 0
... A40: AS201647 | B40: =IF(D40=0,0,VLOOKUP($A40,[6]HISTOMARS25!$A$6:$BP$45,10,0)) -> 1 | C40: =VLOOKUP(A40,[7]LISTADHERENT!A$5:H$60,3,0) -> YOUMBI EMMANUEL | D40: =IF(G40="ECHEC",0,B$3) -> 25000 | E40: =D40+VLOOKUP($A40,[6]HISTOMARS25!$A$7:$AT$43,45,0)+F40 -> 50000 | F40: =VLOOKUP($A40,[6]HISTOMARS25!$A$6:$AU$48,8,0) -> 0 | G40: =VLOOKUP($A40,[6]HISTOMARS25!$A$6:$AU$49,9,0) -> BANQUE | H40: =VLOOKUP($A40,[6]HISTOMARS25!$A$6:$AV$49,35,0) -> 0 | I40: =VLOOKUP($A40,[6]HISTOMARS25!$A$6:$AV$49,38,0) -> 0 | J40: =IF(I40=0,"",VLOOKUP($A40,[6]HISTOMARS25!$A$6:$AV$47,42,0)) | K40: =VLOOKUP($A40,[6]HISTOMARS25!$A$6:$AV$49,41,0) -> 0 | L40: =TONTFEV25!H40+TONTFEV25!I40 -> 0 | M40: =VLOOKUP($A40,[6]HISTOMARS25!$A$6:$AV$49,16,0) -> 0 | N40: =IF(M40<>0,VLOOKUP($A40,[6]HISTOMARS25!$A$6:$AV$49,42,0),"ECHEC") -> ECHEC | O40: =IF(R40=0,0,VLOOKUP($A40,[6]HISTOMARS25!$A$6:$AV$49,32,0)) -> 0 | P40: =VLOOKUP($A40,[6]HISTOMARS25!$A$6:$AV$49,33,0) -> 0 | Q40: =IF(R40=0,0,($C$3-R40)) -> 0 | R40: =VLOOKUP($A40,[6]HISTOMARS25!$A$6:$AV$49,29,0) -> 0
A42: TOTAL PART | B42: =SUM(B6:B41) -> 35
A43: NBRE ADHERENT | B43: =COUNT(D6:D41) -> 35 | D43: =SUM(D6:D42) -> 875000 | F43: =SUM(F6:F42) -> 9000 | G43: =SUM(G6:G42) -> 0 | H43: =SUM(H6:H42) -> 120000 | I43: =SUM(I6:I42) -> 5000 | J43: =SUM(J6:J42) -> 0 | K43: =SUM(K6:K42) -> 0 | L43: =SUM(L6:L42) -> 124000 | M43: =SUM(M6:M42) -> 124000 | ... R43: =SUM(R6:R42) -> 21000
N44: NBRE PART | O44: PART VENDUE
D45: MONTANT TONTINE | G45: REMBOURSEMENT PETIT LOT | H45: VENTE PETIT LOT | I45: VENTE LOT PRINCIPAL | J45: SOLDE EN CAISSE | L45: TONTINE + REMB + INTERET VENTE | M45: =D49+G49+R43 -> 1020000
D46: =SUMIFS(D6:D42,G6:G42,"ESPECES") -> 100000 | F46: ESPECES | G46: =SUMIFS(M6:M35,N6:N35,"ESPECES") -> 0 | H46: =SUMIFS(H6:H42,J6:J42,"ESPECES") -> 0 | I46: =SUMIFS(Q6:Q42,O6:O42,"ESPECES") -> 0 | J46: =D46+G46-H46-I46 -> 100000 | L46: LOT PRINCIPAL | M46: =C3*COUNTIF(Q7:Q42,">0") -> 900000 | N46: =D3 -> 3 | O46: =COUNTIF(Q7:Q35,">0") -> 3
D47: =SUMIFS(D6:D42,G6:G42,"BANQUE") -> 775000 | F47: BANQUE | G47: =SUMIFS(M6:M35,N6:N35,"BANQUE") -> 124000 | H47: =SUMIFS(H6:H42,J6:J42,"BANQUE") -> 120000 | I47: =SUMIFS(Q6:Q42,O6:O42,"BANQUE") -> 879000 | J47: =D47+G47-H47-I47 -> -100000
L48: PETIT LOT | M48: =M45-M46 -> 120000
D49: =D46+D47 -> 875000 | F49: TOTAL | G49: =G46+G47 -> 124000 | H49: =H46+H47 -> 120000 | I49: =I46+I47 -> 879000 | J49: =J46+J47 -> 0
F50: TOTAL+DEPOT | L50: RELIQUAT | M50: =M48-H43 -> 0 | O50: =M50+TONTJANV25!O50 -> 0 | P50: CUMUL
L52: ECHEC TONTINE MOIS | M52: =COUNTIFS(G7:G41,"ECHEC")*23000 -> 0 | O52: =+M52+TONTJANV25!O52 -> 0 | P52: CUMUL
L53: ECHEC REMBOURSEMENT MOIS | M53: =L43-G49 -> 0 | O53: =+TONTJANV25!O53 -> 0 | P53: CUMUL

Sheet TONTAVRIL25
A1: ASSOCIATION | B1: ASELBY
A2: ANNEE | B2: 2025 | C2: TONIINE | D2: NBRE PART
A3: TAUX TONTINE | B3: 25000 | C3: =B3*12 -> 300000 | D3: =ROUNDDOWN(M45/C3,0) -> 3
C4: 45760
A5: MATRICULE | B5: NBREPART | C5: NOM ET PRENOM | D5: MONTANT TONTINE | E5: MONTANT VERSE | F5: PENALITE VERSEMENT ESPECES | G5: MODE VERSEMENT | H5: VENTE PETIT LOT | I5: INTERET PETIT LOT | J5: MODE VERSEMENT VENTE PETIT LOT | K5: NUMERO CHEQUE | L5: MONTANT A REMBOURSER PETIT LOT | M5: REMBOURSEMENT PETIT LOT | N5: MODE VERSEMENT REMBOURSEMENT | O5: MODE VERSEMENTLOT PRINCIPAL | P5: NUMERO CHEQUE | Q5: MONTANT LOT PRINCIPAL | R5: INTERET LOT PRINCIPAL
A6: AS201601 | B6: =IF(D6=0,0,VLOOKUP($A6,[6]HISTOAVRIL25!$A$6:$BP$45,10,0)) -> 0 | C6: =VLOOKUP(A6,[7]LISTADHERENT!A$5:H$60,3,0) -> BAKOP ACHILLE | D6: =IF(G6="ECHEC",0,B$3) -> 0 | E6: =D6+VLOOKUP($A6,[6]HISTOAVRIL25!$A$7:$AT$43,45,0)+F6 -> 0 | F6: =VLOOKUP($A6,[6]HISTOAVRIL25!$A$6:$AU$48,8,0) -> 0 | G6: =VLOOKUP($A6,[6]HISTOAVRIL25!$A$6:$AU$49,9,0) -> ECHEC | H6: =VLOOKUP($A6,[6]HISTOAVRIL25!$A$6:$AV$49,35,0) -> 0 | I6: =VLOOKUP($A6,[6]HISTOAVRIL25!$A$6:$AV$49,38,0) -> 0 | J6: =IF(I6=0,"",VLOOKUP($A6,[6]HISTOAVRIL25!$A$6:$AV$47,42,0)) | K6: =VLOOKUP($A6,[6]HISTOAVRIL25!$A$6:$AV$49,41,0) -> 0 | L6: =TONTMARS25!H6+TONTMARS25!I6 -> 0 | M6: =VLOOKUP($A6,[6]HISTOAVRIL25!$A$6:$AV$49,16,0) -> 0 | N6: =IF(M6<>0,VLOOKUP($A6,[6]HISTOAVRIL25!$A$6:$AV$49,42,0),"ECHEC") -> ECHEC | O6: =IF(R6=0,0,VLOOKUP($A6,[6]HISTOAVRIL25!$A$6:$AV$49,32,0)) -> 0 | P6: =VLOOKUP($A6,[6]HISTOAVRIL25!$A$6:$AV$49,33,0) -> 0 | Q6: =IF(R6=0,0,($C$3-R6)) -> 0 | R6: =VLOOKUP($A6,[6]HISTOAVRIL25!$A$6:$AV$49,29,0) -> 0
A7: AS201602 | B7: =IF(D7=0,0,VLOOKUP($A7,[6]HISTOAVRIL25!$A$6:$BP$45,10,0)) -> 1 | C7: =VLOOKUP(A7,[7]LISTADHERENT!A$5:H$60,3,0) -> BOUTCHOUANG WILLIAM | D7: =IF(G7="ECHEC",0,B$3) -> 25000 | E7: =D7+VLOOKUP($A7,[6]HISTOAVRIL25!$A$7:$AT$43,45,0)+F7 -> 50000 | F7: =VLOOKUP($A7,[6]HISTOAVRIL25!$A$6:$AU$48,8,0) -> 0 | G7: =VLOOKUP($A7,[6]HISTOAVRIL25!$A$6:$AU$49,9,0) -> BANQUE | H7: =VLOOKUP($A7,[6]HISTOAVRIL25!$A$6:$AV$49,35,0) -> 0 | I7: =VLOOKUP($A7,[6]HISTOAVRIL25!$A$6:$AV$49,38,0) -> 0 | J7: =IF(I7=0,"",VLOOKUP($A7,[6]HISTOAVRIL25!$A$6:$AV$47,42,0)) | K7: =VLOOKUP($A7,[6]HISTOAVRIL25!$A$6:$AV$49,41,0) -> 0 | L7: =TONTMARS25!H7+TONTMARS25!I7 -> 0 | M7: =VLOOKUP($A7,[6]HISTOAVRIL25!$A$6:$AV$49,16,0) -> 0 | N7: =IF(M7<>0,VLOOKUP($A7,[6]HISTOAVRIL25!$A$6:$AV$49,42,0),"ECHEC") -> ECHEC | O7: =IF(R7=0,0,VLOOKUP($A7,[6]HISTOAVRIL25!$A$6:$AV$49,32,0)) -> 0 | P7: =VLOOKUP($A7,[6]HISTOAVRIL25!$A$6:$AV$49,33,0) -> 0 | Q7: =IF(R7=0,0,($C$3-R7)) -> 0 | R7: =VLOOKUP($A7,[6]HISTOAVRIL25!$A$6:$AV$49,29,0) -> 0
A8: AS201604 | B8: =IF(D8=0,0,VLOOKUP($A8,[6]HISTOAVRIL25!$A$6:$BP$45,10,0)) -> 1 | C8: =VLOOKUP(A8,[7]LISTADHERENT!A$5:H$60,3,0) -> DJOMO JEAN PAUL | D8: =IF(G8="ECHEC",0,B$3) -> 25000 | E8: =D8+VLOOKUP($A8,[6]HISTOAVRIL25!$A$7:$AT$43,45,0)+F8 -> 50000 | F8: =VLOOKUP($A8,[6]HISTOAVRIL25!$A$6:$AU$48,8,0) -> 0 | G8: =VLOOKUP($A8,[6]HISTOAVRIL25!$A$6:$AU$49,9,0) -> ESPECES | H8: =VLOOKUP($A8,[6]HISTOAVRIL25!$A$6:$AV$49,35,0) -> 0 | I8: =VLOOKUP($A8,[6]HISTOAVRIL25!$A$6:$AV$49,38,0) -> 0 | J8: =IF(I8=0,"",VLOOKUP($A8,[6]HISTOAVRIL25!$A$6:$AV$47,42,0)) | K8: =VLOOKUP($A8,[6]HISTOAVRIL25!$A$6:$AV$49,41,0) -> 0 | L8: =TONTMARS25!H8+TONTMARS25!I8 -> 0 | M8: =VLOOKUP($A8,[6]HISTOAVRIL25!$A$6:$AV$49,16,0) -> 0 | N8: =IF(M8<>0,VLOOKUP($A8,[6]HISTOAVRIL25!$A$6:$AV$49,42,0),"ECHEC") -> ECHEC | O8: =IF(R8=0,0,VLOOKUP($A8,[6]HISTOAVRIL25!$A$6:$AV$49,32,0)) -> 0 | P8: =VLOOKUP($A8,[6]HISTOAVRIL25!$A$6:$AV$49,33,0) -> 0 | Q8: =IF(R8=0,0,($C$3-R8)) -> 0 | R8: =VLOOKUP($A8,[6]HISTOAVRIL25!$A$6:$AV$49,29,0) -> 0
A9: AS201654 | B9: =IF(D9=0,0,VLOOKUP($A9,[6]HISTOAVRIL25!$A$6:$BP$45,10,0)) -> 1 | C9: =VLOOKUP(A9,[7]LISTADHERENT!A$5:H$60,3,0) -> DJOMOU TCHAPDA | D9: =IF(G9="ECHEC",0,B$3) -> 25000 | E9: =D9+VLOOKUP($A9,[6]HISTOAVRIL25!$A$7:$AT$43,45,0)+F9 -> 50000 | F9: =VLOOKUP($A9,[6]HISTOAVRIL25!$A$6:$AU$48,8,0) -> 0 | G9: =VLOOKUP($A9,[6]HISTOAVRIL25!$A$6:$AU$49,9,0) -> BANQUE | H9: =VLOOKUP($A9,[6]HISTOAVRIL25!$A$6:$AV$49,35,0) -> 30000 | I9: =VLOOKUP($A9,[6]HISTOAVRIL25!$A$6:$AV$49,38,0) -> 2500 | J9: =IF(I9=0,"",VLOOKUP($A9,[6]HISTOAVRIL25!$A$6:$AV$47,42,0)) -> BANQUE | K9: =VLOOKUP($A9,[6]HISTOAVRIL25!$A$6:$AV$49,41,0) -> 0 | L9: =TONTMARS25!H9+TONTMARS25!I9 -> 42000 | M9: =VLOOKUP($A9,[6]HISTOAVRIL25!$A$6:$AV$49,16,0) -> 42000 | N9: =IF(M9<>0,VLOOKUP($A9,[6]HISTOAVRIL25!$A$6:$AV$49,42,0),"ECHEC") -> BANQUE | O9: =IF(R9=0,0,VLOOKUP($A9,[6]HISTOAVRIL25!$A$6:$AV$49,32,0)) -> 0 | P9: =VLOOKUP($A9,[6]HISTOAVRIL25!$A$6:$AV$49,33,0) -> 0 | Q9: =IF(R9=0,0,($C$3-R9)) -> 0 | R9: =VLOOKUP($A9,[6]HISTOAVRIL25!$A$6:$AV$49,29,0) -> 0
A10: AS201605 | B10: =IF(D10=0,0,VLOOKUP($A10,[6]HISTOAVRIL25!$A$6:$BP$45,10,0)) -> 1 | C10: =VLOOKUP(A10,[7]LISTADHERENT!A$5:H$60,3,0) -> DJOUKWE NANGUEN GUY BLAISE | D10: =IF(G10="ECHEC",0,B$3) -> 25000 | E10: =D10+VLOOKUP($A10,[6]HISTOAVRIL25!$A$7:$AT$43,45,0)+F10 -> 50000 | F10: =VLOOKUP($A10,[6]HISTOAVRIL25!$A$6:$AU$48,8,0) -> 0 | G10: =VLOOKUP($A10,[6]HISTOAVRIL25!$A$6:$AU$49,9,0) -> BANQUE | H10: =VLOOKUP($A10,[6]HISTOAVRIL25!$A$6:$AV$49,35,0) -> 0 | I10: =VLOOKUP($A10,[6]HISTOAVRIL25!$A$6:$AV$49,38,0) -> 0 | J10: =IF(I10=0,"",VLOOKUP($A10,[6]HISTOAVRIL25!$A$6:$AV$47,42,0)) | K10: =VLOOKUP($A10,[6]HISTOAVRIL25!$A$6:$AV$49,41,0) -> 0 | L10: =TONTMARS25!H10+TONTMARS25!I10 -> 0 | M10: =VLOOKUP($A10,[6]HISTOAVRIL25!$A$6:$AV$49,16,0) -> 0 | N10: =IF(M10<>0,VLOOKUP($A10,[6]HISTOAVRIL25!$A$6:$AV$49,42,0),"ECHEC") -> ECHEC | O10: =IF(R10=0,0,VLOOKUP($A10,[6]HISTOAVRIL25!$A$6:$AV$49,32,0)) -> 0 | P10: =VLOOKUP($A10,[6]HISTOAVRIL25!$A$6:$AV$49,33,0) -> 0 | Q10: =IF(R10=0,0,($C$3-R10)) -> 0 | R10: =VLOOKUP($A10,[6]HISTOAVRIL25!$A$6:$AV$49,29,0) -> 0
A11: AS201608 | B11: =IF(D11=0,0,VLOOKUP($A11,[6]HISTOAVRIL25!$A$6:$BP$45,10,0)) -> 1 | C11: =VLOOKUP(A11,[7]LISTADHERENT!A$5:H$60,3,0) -> DJUOMBESSY ANTOINE | D11: =IF(G11="ECHEC",0,B$3) -> 25000 | E11: =D11+VLOOKUP($A11,[6]HISTOAVRIL25!$A$7:$AT$43,45,0)+F11 -> 60000 | F11: =VLOOKUP($A11,[6]HISTOAVRIL25!$A$6:$AU$48,8,0) -> 0 | G11: =VLOOKUP($A11,[6]HISTOAVRIL25!$A$6:$AU$49,9,0) -> BANQUE | H11: =VLOOKUP($A11,[6]HISTOAVRIL25!$A$6:$AV$49,35,0) -> 0 | I11: =VLOOKUP($A11,[6]HISTOAVRIL25!$A$6:$AV$49,38,0) -> 0 | J11: =IF(I11=0,"",VLOOKUP($A11,[6]HISTOAVRIL25!$A$6:$AV$47,42,0)) | K11: =VLOOKUP($A11,[6]HISTOAVRIL25!$A$6:$AV$49,41,0) -> 0 | L11: =TONTMARS25!H11+TONTMARS25!I11 -> 0 | M11: =VLOOKUP($A11,[6]HISTOAVRIL25!$A$6:$AV$49,16,0) -> 0 | N11: =IF(M11<>0,VLOOKUP($A11,[6]HISTOAVRIL25!$A$6:$AV$49,42,0),"ECHEC") -> ECHEC | O11: =IF(R11=0,0,VLOOKUP($A11,[6]HISTOAVRIL25!$A$6:$AV$49,32,0)) -> 0 | P11: =VLOOKUP($A11,[6]HISTOAVRIL25!$A$6:$AV$49,33,0) -> 0 | Q11: =IF(R11=0,0,($C$3-R11)) -> 0 | R11: =VLOOKUP($A11,[6]HISTOAVRIL25!$A$6:$AV$49,29,0) -> 0
A12: AS201651 | B12: =IF(D12=0,0,VLOOKUP($A12,[6]HISTOAVRIL25!$A$6:$BP$45,10,0)) -> 1 | C12: =VLOOKUP(A12,[7]LISTADHERENT!A$5:H$60,3,0) -> DOMOU FABIEN | D12: =IF(G12="ECHEC",0,B$3) -> 25000 | E12: =D12+VLOOKUP($A12,[6]HISTOAVRIL25!$A$7:$AT$43,45,0)+F12 -> 50000 | F12: =VLOOKUP($A12,[6]HISTOAVRIL25!$A$6:$AU$48,8,0) -> 0 | G12: =VLOOKUP($A12,[6]HISTOAVRIL25!$A$6:$AU$49,9,0) -> BANQUE | H12: =VLOOKUP($A12,[6]HISTOAVRIL25!$A$6:$AV$49,35,0) -> 0 | I12: =VLOOKUP($A12,[6]HISTOAVRIL25!$A$6:$AV$49,38,0) -> 0 | J12: =IF(I12=0,"",VLOOKUP($A12,[6]HISTOAVRIL25!$A$6:$AV$47,42,0)) | K12: =VLOOKUP($A12,[6]HISTOAVRIL25!$A$6:$AV$49,41,0) -> 0 | L12: =TONTMARS25!H12+TONTMARS25!I12 -> 0 | M12: =VLOOKUP($A12,[6]HISTOAVRIL25!$A$6:$AV$49,16,0) -> 0 | N12: =IF(M12<>0,VLOOKUP($A12,[6]HISTOAVRIL25!$A$6:$AV$49,42,0),"ECHEC") -> ECHEC | O12: =IF(R12=0,0,VLOOKUP($A12,[6]HISTOAVRIL25!$A$6:$AV$49,32,0)) -> 0 | P12: =VLOOKUP($A12,[6]HISTOAVRIL25!$A$6:$AV$49,33,0) -> 0 | Q12: =IF(R12=0,0,($C$3-R12)) -> 0 | R12: =VLOOKUP($A12,[6]HISTOAVRIL25!$A$6:$AV$49,29,0) -> 0
A13: AS201609 | B13: =IF(D13=0,0,VLOOKUP($A13,[6]HISTOAVRIL25!$A$6:$BP$45,10,0)) -> 1 | C13: =VLOOKUP(A13,[7]LISTADHERENT!A$5:H$60,3,0) -> DONHOU DAVID | D13: =IF(G13="ECHEC",0,B$3) -> 25000 | E13: =D13+VLOOKUP($A13,[6]HISTOAVRIL25!$A$7:$AT$43,45,0)+F13 -> 50000 | F13: =VLOOKUP($A13,[6]HISTOAVRIL25!$A$6:$AU$48,8,0) -> 0 | G13: =VLOOKUP($A13,[6]HISTOAVRIL25!$A$6:$AU$49,9,0) -> BANQUE | H13: =VLOOKUP($A13,[6]HISTOAVRIL25!$A$6:$AV$49,35,0) -> 0 | I13: =VLOOKUP($A13,[6]HISTOAVRIL25!$A$6:$AV$49,38,0) -> 0 | J13: =IF(I13=0,"",VLOOKUP($A13,[6]HISTOAVRIL25!$A$6:$AV$47,42,0)) | K13: =VLOOKUP($A13,[6]HISTOAVRIL25!$A$6:$AV$49,41,0) -> 0 | L13: =TONTMARS25!H13+TONTMARS25!I13 -> 0 | M13: =VLOOKUP($A13,[6]HISTOAVRIL25!$A$6:$AV$49,16,0) -> 0 | N13: =IF(M13<>0,VLOOKUP($A13,[6]HISTOAVRIL25!$A$6:$AV$49,42,0),"ECHEC") -> ECHEC | O13: =IF(R13=0,0,VLOOKUP($A13,[6]HISTOAVRIL25!$A$6:$AV$49,32,0)) -> 0 | P13: =VLOOKUP($A13,[6]HISTOAVRIL25!$A$6:$AV$49,33,0) -> 0 | Q13: =IF(R13=0,0,($C$3-R13)) -> 0 | R13: =VLOOKUP($A13,[6]HISTOAVRIL25!$A$6:$AV$49,29,0) -> 0
A14: AS201663 | B14: =IF(D14=0,0,VLOOKUP($A14,[6]HISTOAVRIL25!$A$6:$BP$45,10,0)) -> 1 | C14: =VLOOKUP(A14,[7]LISTADHERENT!A$5:H$60,3,0) -> FAMPOU PAUL | D14: =IF(G14="ECHEC",0,B$3) -> 25000 | E14: =D14+VLOOKUP($A14,[6]HISTOAVRIL25!$A$7:$AT$43,45,0)+F14 -> 50000 | F14: =VLOOKUP($A14,[6]HISTOAVRIL25!$A$6:$AU$48,8,0) -> 0 | G14: =VLOOKUP($A14,[6]HISTOAVRIL25!$A$6:$AU$49,9,0) -> BANQUE | H14: =VLOOKUP($A14,[6]HISTOAVRIL25!$A$6:$AV$49,35,0) -> 0 | I14: =VLOOKUP($A14,[6]HISTOAVRIL25!$A$6:$AV$49,38,0) -> 0 | J14: =IF(I14=0,"",VLOOKUP($A14,[6]HISTOAVRIL25!$A$6:$AV$47,42,0)) | K14: =VLOOKUP($A14,[6]HISTOAVRIL25!$A$6:$AV$49,41,0) -> 0 | L14: =TONTMARS25!H14+TONTMARS25!I14 -> 0 | M14: =VLOOKUP($A14,[6]HISTOAVRIL25!$A$6:$AV$49,16,0) -> 0 | N14: =IF(M14<>0,VLOOKUP($A14,[6]HISTOAVRIL25!$A$6:$AV$49,42,0),"ECHEC") -> ECHEC | O14: =IF(R14=0,0,VLOOKUP($A14,[6]HISTOAVRIL25!$A$6:$AV$49,32,0)) -> 0 | P14: =VLOOKUP($A14,[6]HISTOAVRIL25!$A$6:$AV$49,33,0) -> 0 | Q14: =IF(R14=0,0,($C$3-R14)) -> 0 | R14: =VLOOKUP($A14,[6]HISTOAVRIL25!$A$6:$AV$49,29,0) -> 0
A15: AS201611 | B15: =IF(D15=0,0,VLOOKUP($A15,[6]HISTOAVRIL25!$A$6:$BP$45,10,0)) -> 1 | C15: =VLOOKUP(A15,[7]LISTADHERENT!A$5:H$60,3,0) -> HENGUE PAUL OMER | D15: =IF(G15="ECHEC",0,B$3) -> 25000 | E15: =D15+VLOOKUP($A15,[6]HISTOAVRIL25!$A$7:$AT$43,45,0)+F15 -> 45000 | F15: =VLOOKUP($A15,[6]HISTOAVRIL25!$A$6:$AU$48,8,0) -> 0 | G15: =VLOOKUP($A15,[6]HISTOAVRIL25!$A$6:$AU$49,9,0) -> BANQUE | H15: =VLOOKUP($A15,[6]HISTOAVRIL25!$A$6:$AV$49,35,0) -> 0 | I15: =VLOOKUP($A15,[6]HISTOAVRIL25!$A$6:$AV$49,38,0) -> 0 | J15: =IF(I15=0,"",VLOOKUP($A15,[6]HISTOAVRIL25!$A$6:$AV$47,42,0)) | K15: =VLOOKUP($A15,[6]HISTOAVRIL25!$A$6:$AV$49,41,0) -> 0 | L15: =TONTMARS25!H15+TONTMARS25!I15 -> 0 | M15: =VLOOKUP($A15,[6]HISTOAVRIL25!$A$6:$AV$49,16,0) -> 0 | N15: =IF(M15<>0,VLOOKUP($A15,[6]HISTOAVRIL25!$A$6:$AV$49,42,0),"ECHEC") -> ECHEC | O15: =IF(R15=0,0,VLOOKUP($A15,[6]HISTOAVRIL25!$A$6:$AV$49,32,0)) -> 0 | P15: =VLOOKUP($A15,[6]HISTOAVRIL25!$A$6:$AV$49,33,0) -> 0 | Q15: =IF(R15=0,0,($C$3-R15)) -> 0 | R15: =VLOOKUP($A15,[6]HISTOAVRIL25!$A$6:$AV$49,29,0) -> 0
A16: AS201613 | B16: =IF(D16=0,0,VLOOKUP($A16,[6]HISTOAVRIL25!$A$6:$BP$45,10,0)) -> 1 | C16: =VLOOKUP(A16,[7]LISTADHERENT!A$5:H$60,3,0) -> HOTCHO BENJAMIN | D16: =IF(G16="ECHEC",0,B$3) -> 25000 | E16: =D16+VLOOKUP($A16,[6]HISTOAVRIL25!$A$7:$AT$43,45,0)+F16 -> 45000 | F16: =VLOOKUP($A16,[6]HISTOAVRIL25!$A$6:$AU$48,8,0) -> 0 | G16: =VLOOKUP($A16,[6]HISTOAVRIL25!$A$6:$AU$49,9,0) -> BANQUE | H16: =VLOOKUP($A16,[6]HISTOAVRIL25!$A$6:$AV$49,35,0) -> 0 | I16: =VLOOKUP($A16,[6]HISTOAVRIL25!$A$6:$AV$49,38,0) -> 0 | J16: =IF(I16=0,"",VLOOKUP($A16,[6]HISTOAVRIL25!$A$6:$AV$47,42,0)) | K16: =VLOOKUP($A16,[6]HISTOAVRIL25!$A$6:$AV$49,41,0) -> 0 | L16: =TONTMARS25!H16+TONTMARS25!I16 -> 0 | M16: =VLOOKUP($A16,[6]HISTOAVRIL25!$A$6:$AV$49,16,0) -> 0 | N16: =IF(M16<>0,VLOOKUP($A16,[6]HISTOAVRIL25!$A$6:$AV$49,42,0),"ECHEC") -> ECHEC | O16: =IF(R16=0,0,VLOOKUP($A16,[6]HISTOAVRIL25!$A$6:$AV$49,32,0)) -> 0 | P16: =VLOOKUP($A16,[6]HISTOAVRIL25!$A$6:$AV$49,33,0) -> 0 | Q16: =IF(R16=0,0,($C$3-R16)) -> 0 | R16: =VLOOKUP($A16,[6]HISTOAVRIL25!$A$6:$AV$49,29,0) -> 0
A17: AS201617 | B17: =IF(D17=0,0,VLOOKUP($A17,[6]HISTOAVRIL25!$A$6:$BP$45,10,0)) -> 1 | C17: =VLOOKUP(A17,[7]LISTADHERENT!A$5:H$60,3,0) -> KOUAMOU MOISE | D17: =IF(G17="ECHEC",0,B$3) -> 25000 | E17: =D17+VLOOKUP($A17,[6]HISTOAVRIL25!$A$7:$AT$43,45,0)+F17 -> 50000 | F17: =VLOOKUP($A17,[6]HISTOAVRIL25!$A$6:$AU$48,8,0) -> 0 | G17: =VLOOKUP($A17,[6]HISTOAVRIL25!$A$6:$AU$49,9,0) -> BANQUE | H17: =VLOOKUP($A17,[6]HISTOAVRIL25!$A$6:$AV$49,35,0) -> 0 | I17: =VLOOKUP($A17,[6]HISTOAVRIL25!$A$6:$AV$49,38,0) -> 0 | J17: =IF(I17=0,"",VLOOKUP($A17,[6]HISTOAVRIL25!$A$6:$AV$47,42,0)) | K17: =VLOOKUP($A17,[6]HISTOAVRIL25!$A$6:$AV$49,41,0) -> 0 | L17: =TONTMARS25!H17+TONTMARS25!I17 -> 0 | M17: =VLOOKUP($A17,[6]HISTOAVRIL25!$A$6:$AV$49,16,0) -> 0 | N17: =IF(M17<>0,VLOOKUP($A17,[6]HISTOAVRIL25!$A$6:$AV$49,42,0),"ECHEC") -> ECHEC | O17: =IF(R17=0,0,VLOOKUP($A17,[6]HISTOAVRIL25!$A$6:$AV$49,32,0)) -> 0 | P17: =VLOOKUP($A17,[6]HISTOAVRIL25!$A$6:$AV$49,33,0) -> 0 | Q17: =IF(R17=0,0,($C$3-R17)) -> 280000 | R17: =VLOOKUP($A17,[6]HISTOAVRIL25!$A$6:$AV$49,29,0) -> 20000
... A40: AS201647 | B40: =IF(D40=0,0,VLOOKUP($A40,[6]HISTOAVRIL25!$A$6:$BP$45,10,0)) -> 1 | C40: =VLOOKUP(A40,[7]LISTADHERENT!A$5:H$60,3,0) -> YOUMBI EMMANUEL | D40: =IF(G40="ECHEC",0,B$3) -> 25000 | E40: =D40+VLOOKUP($A40,[6]HISTOAVRIL25!$A$7:$AT$43,45,0)+F40 -> 50000 | F40: =VLOOKUP($A40,[6]HISTOAVRIL25!$A$6:$AU$48,8,0) -> 0 | G40: =VLOOKUP($A40,[6]HISTOAVRIL25!$A$6:$AU$49,9,0) -> BANQUE | H40: =VLOOKUP($A40,[6]HISTOAVRIL25!$A$6:$AV$49,35,0) -> 0 | I40: =VLOOKUP($A40,[6]HISTOAVRIL25!$A$6:$AV$49,38,0) -> 0 | J40: =IF(I40=0,"",VLOOKUP($A40,[6]HISTOAVRIL25!$A$6:$AV$47,42,0)) | K40: =VLOOKUP($A40,[6]HISTOAVRIL25!$A$6:$AV$49,41,0) -> 0 | L40: =TONTMARS25!H40+TONTMARS25!I40 -> 0 | M40: =VLOOKUP($A40,[6]HISTOAVRIL25!$A$6:$AV$49,16,0) -> 0 | N40: =IF(M40<>0,VLOOKUP($A40,[6]HISTOAVRIL25!$A$6:$AV$49,42,0),"ECHEC") -> ECHEC | O40: =IF(R40=0,0,VLOOKUP($A40,[6]HISTOAVRIL25!$A$6:$AV$49,32,0)) -> 0 | P40: =VLOOKUP($A40,[6]HISTOAVRIL25!$A$6:$AV$49,33,0) -> 0 | Q40: =IF(R40=0,0,($C$3-R40)) -> 0 | R40: =VLOOKUP($A40,[6]HISTOAVRIL25!$A$6:$AV$49,29,0) -> 0
A42: TOTAL PART | B42: =SUM(B6:B41) -> 34
A43: NBRE ADHERENT | B43: =COUNT(D6:D41) -> 35 | D43: =SUM(D6:D42) -> 850000 | F43: =SUM(F6:F42) -> 12000 | G43: =SUM(G6:G42) -> 0 | H43: =SUM(H6:H42) -> 145000 | I43: =SUM(I6:I42) -> 11500 | J43: =SUM(J6:J42) -> 0 | K43: =SUM(K6:K42) -> 0 | L43: =SUM(L6:L42) -> 125000 | M43: =SUM(M6:M42) -> 125000 | ... R43: =SUM(R6:R42) -> 70000
N44: NBRE PART | O44: PART VENDUE
D45: MONTANT TONTINE | G45: REMBOURSEMENT PETIT LOT | H45: VENTE PETIT LOT | I45: VENTE LOT PRINCIPAL | J45: SOLDE EN CAISSE | L45: TONTINE + REMB + INTERET VENTE | M45: =D49+G49+R43 -> 1045000
D46: =SUMIFS(D6:D42,G6:G42,"ESPECES") -> 125000 | F46: ESPECES | G46: =SUMIFS(M6:M35,N6:N35,"ESPECES") -> 0 | H46: =SUMIFS(H6:H42,J6:J42,"ESPECES") -> 0 | I46: =SUMIFS(Q6:Q42,O6:O42,"ESPECES") -> 0 | J46: =D46+G46-H46-I46 -> 125000 | L46: LOT PRINCIPAL | M46: =C3*COUNTIF(Q7:Q42,">0") -> 900000 | N46: =D3 -> 3 | O46: =COUNTIF(Q7:Q35,">0") -> 2
D47: =SUMIFS(D6:D42,G6:G42,"BANQUE") -> 725000 | F47: BANQUE | G47: =SUMIFS(M6:M35,N6:N35,"BANQUE") -> 125000 | H47: =SUMIFS(H6:H42,J6:J42,"BANQUE") -> 145000 | I47: =SUMIFS(Q6:Q42,O6:O42,"BANQUE") -> 0 | J47: =D47+G47-H47-I47 -> 705000
L48: PETIT LOT | M48: =M45-M46 -> 145000
D49: =D46+D47 -> 850000 | F49: TOTAL | G49: =G46+G47 -> 125000 | H49: =H46+H47 -> 145000 | I49: =I46+I47 -> 0 | J49: =J46+J47 -> 830000
F50: TOTAL+DEPOT | L50: RELIQUAT | M50: =M48-H43 -> 0 | O50: =M50+TONTJANV25!O50 -> 0 | P50: CUMUL
L52: ECHEC TONTINE MOIS | M52: =COUNTIFS(G7:G41,"ECHEC")*23000 -> 0 | O52: =+M52+TONTJANV25!O52 -> 0 | P52: CUMUL
L53: ECHEC REMBOURSEMENT MOIS | M53: =L43-G49 -> 0 | O53: =+TONTJANV25!O53 -> 0 | P53: CUMUL

Sheet TONTMAI25
A1: ASSOCIATION | B1: ASELBY
A2: ANNEE | B2: 2025 | C2: TONIINE | D2: NBRE PART
A3: TAUX TONTINE | B3: 25000 | C3: =B3*12 -> 300000 | D3: =ROUNDDOWN(M45/C3,0) -> 3
C4: 45790
A5: MATRICULE | B5: NBREPART | C5: NOM ET PRENOM | D5: MONTANT TONTINE | E5: MONTANT VERSE | F5: PENALITE VERSEMENT ESPECES | G5: MODE VERSEMENT | H5: VENTE PETIT LOT | I5: INTERET PETIT LOT | J5: MODE VERSEMENT VENTE PETIT LOT | K5: NUMERO CHEQUE | L5: MONTANT A REMBOURSER PETIT LOT | M5: REMBOURSEMENT PETIT LOT | N5: MODE VERSEMENT REMBOURSEMENT | O5: MODE VERSEMENTLOT PRINCIPAL | P5: NUMERO CHEQUE | Q5: MONTANT LOT PRINCIPAL | R5: INTERET LOT PRINCIPAL
A6: AS201601 | B6: =IF(D6=0,0,VLOOKUP($A6,[6]HISTOMAI25!$A$6:$BP$45,10,0)) -> 1 | C6: =VLOOKUP(A6,[7]LISTADHERENT!A$5:H$60,3,0) -> BAKOP ACHILLE | D6: =IF(G6="ECHEC",0,B$3)+25000 -> 50000 | E6: =D6+VLOOKUP($A6,[6]HISTOMAI25!$A$7:$AT$43,45,0)+F6 -> 100000 | F6: =VLOOKUP($A6,[6]HISTOMAI25!$A$6:$AU$48,8,0) -> 5000 | G6: =VLOOKUP($A6,[6]HISTOMAI25!$A$6:$AU$49,9,0) -> BANQUE | H6: =VLOOKUP($A6,[6]HISTOMAI25!$A$6:$AV$49,35,0) -> 0 | I6: =VLOOKUP($A6,[6]HISTOMAI25!$A$6:$AV$49,38,0) -> 0 | J6: =IF(I6=0,"",VLOOKUP($A6,[6]HISTOMAI25!$A$6:$AV$47,42,0)) | K6: =VLOOKUP($A6,[6]HISTOMAI25!$A$6:$AV$49,41,0) -> 0 | L6: =TONTAVRIL25!H6+TONTAVRIL25!I6 -> 0 | M6: =VLOOKUP($A6,[6]HISTOMAI25!$A$6:$AV$49,16,0) -> 0 | N6: =IF(M6<>0,VLOOKUP($A6,[6]HISTOMAI25!$A$6:$AV$49,42,0),"ECHEC") -> ECHEC | O6: =IF(R6=0,0,VLOOKUP($A6,[6]HISTOMAI25!$A$6:$AV$49,32,0)) -> 0 | P6: =VLOOKUP($A6,[6]HISTOMAI25!$A$6:$AV$49,33,0) -> 0 | Q6: =IF(R6=0,0,($C$3-R6)) -> 0 | R6: =VLOOKUP($A6,[6]HISTOMAI25!$A$6:$AV$49,29,0) -> 0
A7: AS201602 | B7: =IF(D7=0,0,VLOOKUP($A7,[6]HISTOMAI25!$A$6:$BP$45,10,0)) -> 1 | C7: =VLOOKUP(A7,[7]LISTADHERENT!A$5:H$60,3,0) -> BOUTCHOUANG WILLIAM | D7: =IF(G7="ECHEC",0,B$3) -> 25000 | E7: =D7+VLOOKUP($A7,[6]HISTOMAI25!$A$7:$AT$43,45,0)+F7 -> 50000 | F7: =VLOOKUP($A7,[6]HISTOMAI25!$A$6:$AU$48,8,0) -> 0 | G7: =VLOOKUP($A7,[6]HISTOMAI25!$A$6:$AU$49,9,0) -> BANQUE | H7: =VLOOKUP($A7,[6]HISTOMAI25!$A$6:$AV$49,35,0) -> 0 | I7: =VLOOKUP($A7,[6]HISTOMAI25!$A$6:$AV$49,38,0) -> 0 | J7: =IF(I7=0,"",VLOOKUP($A7,[6]HISTOMAI25!$A$6:$AV$47,42,0)) | K7: =VLOOKUP($A7,[6]HISTOMAI25!$A$6:$AV$49,41,0) -> 0 | L7: =TONTAVRIL25!H7+TONTAVRIL25!I7 -> 0 | M7: =VLOOKUP($A7,[6]HISTOMAI25!$A$6:$AV$49,16,0) -> 0 | N7: =IF(M7<>0,VLOOKUP($A7,[6]HISTOMAI25!$A$6:$AV$49,42,0),"ECHEC") -> ECHEC | O7: =IF(R7=0,0,VLOOKUP($A7,[6]HISTOMAI25!$A$6:$AV$49,32,0)) -> 0 | P7: =VLOOKUP($A7,[6]HISTOMAI25!$A$6:$AV$49,33,0) -> 0 | Q7: =IF(R7=0,0,($C$3-R7)) -> 0 | R7: =VLOOKUP($A7,[6]HISTOMAI25!$A$6:$AV$49,29,0) -> 0
A8: AS201604 | B8: =IF(D8=0,0,VLOOKUP($A8,[6]HISTOMAI25!$A$6:$BP$45,10,0)) -> 1 | C8: =VLOOKUP(A8,[7]LISTADHERENT!A$5:H$60,3,0) -> DJOMO JEAN PAUL | D8: =IF(G8="ECHEC",0,B$3) -> 25000 | E8: =D8+VLOOKUP($A8,[6]HISTOMAI25!$A$7:$AT$43,45,0)+F8 -> 50000 | F8: =VLOOKUP($A8,[6]HISTOMAI25!$A$6:$AU$48,8,0) -> 0 | G8: =VLOOKUP($A8,[6]HISTOMAI25!$A$6:$AU$49,9,0) -> BANQUE | H8: =VLOOKUP($A8,[6]HISTOMAI25!$A$6:$AV$49,35,0) -> 0 | I8: =VLOOKUP($A8,[6]HISTOMAI25!$A$6:$AV$49,38,0) -> 0 | J8: =IF(I8=0,"",VLOOKUP($A8,[6]HISTOMAI25!$A$6:$AV$47,42,0)) | K8: =VLOOKUP($A8,[6]HISTOMAI25!$A$6:$AV$49,41,0) -> 0 | L8: =TONTAVRIL25!H8+TONTAVRIL25!I8 -> 0 | M8: =VLOOKUP($A8,[6]HISTOMAI25!$A$6:$AV$49,16,0) -> 0 | N8: =IF(M8<>0,VLOOKUP($A8,[6]HISTOMAI25!$A$6:$AV$49,42,0),"ECHEC") -> ECHEC | O8: =IF(R8=0,0,VLOOKUP($A8,[6]HISTOMAI25!$A$6:$AV$49,32,0)) -> 0 | P8: =VLOOKUP($A8,[6]HISTOMAI25!$A$6:$AV$49,33,0) -> 0 | Q8: =IF(R8=0,0,($C$3-R8)) -> 0 | R8: =VLOOKUP($A8,[6]HISTOMAI25!$A$6:$AV$49,29,0) -> 0
A9: AS201654 | B9: =IF(D9=0,0,VLOOKUP($A9,[6]HISTOMAI25!$A$6:$BP$45,10,0)) -> 1 | C9: =VLOOKUP(A9,[7]LISTADHERENT!A$5:H$60,3,0) -> DJOMOU TCHAPDA | D9: =IF(G9="ECHEC",0,B$3) -> 25000 | E9: =D9+VLOOKUP($A9,[6]HISTOMAI25!$A$7:$AT$43,45,0)+F9 -> 50000 | F9: =VLOOKUP($A9,[6]HISTOMAI25!$A$6:$AU$48,8,0) -> 0 | G9: =VLOOKUP($A9,[6]HISTOMAI25!$A$6:$AU$49,9,0) -> BANQUE | H9: =VLOOKUP($A9,[6]HISTOMAI25!$A$6:$AV$49,35,0) -> 30000 | I9: =VLOOKUP($A9,[6]HISTOMAI25!$A$6:$AV$49,38,0) -> 500 | J9: =IF(I9=0,"",VLOOKUP($A9,[6]HISTOMAI25!$A$6:$AV$47,42,0)) -> BANQUE | K9: =VLOOKUP($A9,[6]HISTOMAI25!$A$6:$AV$49,41,0) -> 0 | L9: =TONTAVRIL25!H9+TONTAVRIL25!I9 -> 32500 | M9: =VLOOKUP($A9,[6]HISTOMAI25!$A$6:$AV$49,16,0) -> 32500 | N9: =IF(M9<>0,VLOOKUP($A9,[6]HISTOMAI25!$A$6:$AV$49,42,0),"ECHEC") -> BANQUE | O9: =IF(R9=0,0,VLOOKUP($A9,[6]HISTOMAI25!$A$6:$AV$49,32,0)) -> 0 | P9: =VLOOKUP($A9,[6]HISTOMAI25!$A$6:$AV$49,33,0) -> 0 | Q9: =IF(R9=0,0,($C$3-R9)) -> 0 | R9: =VLOOKUP($A9,[6]HISTOMAI25!$A$6:$AV$49,29,0) -> 0
A10: AS201605 | B10: =IF(D10=0,0,VLOOKUP($A10,[6]HISTOMAI25!$A$6:$BP$45,10,0)) -> 1 | C10: =VLOOKUP(A10,[7]LISTADHERENT!A$5:H$60,3,0) -> DJOUKWE NANGUEN GUY BLAISE | D10: =IF(G10="ECHEC",0,B$3) -> 25000 | E10: =D10+VLOOKUP($A10,[6]HISTOMAI25!$A$7:$AT$43,45,0)+F10 -> 50000 | F10: =VLOOKUP($A10,[6]HISTOMAI25!$A$6:$AU$48,8,0) -> 0 | G10: =VLOOKUP($A10,[6]HISTOMAI25!$A$6:$AU$49,9,0) -> BANQUE | H10: =VLOOKUP($A10,[6]HISTOMAI25!$A$6:$AV$49,35,0) -> 0 | I10: =VLOOKUP($A10,[6]HISTOMAI25!$A$6:$AV$49,38,0) -> 0 | J10: =IF(I10=0,"",VLOOKUP($A10,[6]HISTOMAI25!$A$6:$AV$47,42,0)) | K10: =VLOOKUP($A10,[6]HISTOMAI25!$A$6:$AV$49,41,0) -> 0 | L10: =TONTAVRIL25!H10+TONTAVRIL25!I10 -> 0 | M10: =VLOOKUP($A10,[6]HISTOMAI25!$A$6:$AV$49,16,0) -> 0 | N10: =IF(M10<>0,VLOOKUP($A10,[6]HISTOMAI25!$A$6:$AV$49,42,0),"ECHEC") -> ECHEC | O10: =IF(R10=0,0,VLOOKUP($A10,[6]HISTOMAI25!$A$6:$AV$49,32,0)) -> 0 | P10: =VLOOKUP($A10,[6]HISTOMAI25!$A$6:$AV$49,33,0) -> 0 | Q10: =IF(R10=0,0,($C$3-R10)) -> 0 | R10: =VLOOKUP($A10,[6]HISTOMAI25!$A$6:$AV$49,29,0) -> 0
A11: AS201608 | B11: =IF(D11=0,0,VLOOKUP($A11,[6]HISTOMAI25!$A$6:$BP$45,10,0)) -> 1 | C11: =VLOOKUP(A11,[7]LISTADHERENT!A$5:H$60,3,0) -> DJUOMBESSY ANTOINE | D11: =IF(G11="ECHEC",0,B$3) -> 25000 | E11: =D11+VLOOKUP($A11,[6]HISTOMAI25!$A$7:$AT$43,45,0)+F11 -> 60000 | F11: =VLOOKUP($A11,[6]HISTOMAI25!$A$6:$AU$48,8,0) -> 0 | G11: =VLOOKUP($A11,[6]HISTOMAI25!$A$6:$AU$49,9,0) -> BANQUE | H11: =VLOOKUP($A11,[6]HISTOMAI25!$A$6:$AV$49,35,0) -> 53000 | I11: =VLOOKUP($A11,[6]HISTOMAI25!$A$6:$AV$49,38,0) -> 1000 | J11: =IF(I11=0,"",VLOOKUP($A11,[6]HISTOMAI25!$A$6:$AV$47,42,0)) -> 0 | K11: =VLOOKUP($A11,[6]HISTOMAI25!$A$6:$AV$49,41,0) -> 0 | L11: =TONTAVRIL25!H11+TONTAVRIL25!I11 -> 0 | M11: =VLOOKUP($A11,[6]HISTOMAI25!$A$6:$AV$49,16,0) -> 0 | N11: =IF(M11<>0,VLOOKUP($A11,[6]HISTOMAI25!$A$6:$AV$49,42,0),"ECHEC") -> ECHEC | O11: =IF(R11=0,0,VLOOKUP($A11,[6]HISTOMAI25!$A$6:$AV$49,32,0)) -> 0 | P11: =VLOOKUP($A11,[6]HISTOMAI25!$A$6:$AV$49,33,0) -> 0 | Q11: =IF(R11=0,0,($C$3-R11)) -> 0 | R11: =VLOOKUP($A11,[6]HISTOMAI25!$A$6:$AV$49,29,0) -> 0
A12: AS201651 | B12: =IF(D12=0,0,VLOOKUP($A12,[6]HISTOMAI25!$A$6:$BP$45,10,0)) -> 1 | C12: =VLOOKUP(A12,[7]LISTADHERENT!A$5:H$60,3,0) -> DOMOU FABIEN | D12: =IF(G12="ECHEC",0,B$3) -> 25000 | E12: =D12+VLOOKUP($A12,[6]HISTOMAI25!$A$7:$AT$43,45,0)+F12 -> 50000 | F12: =VLOOKUP($A12,[6]HISTOMAI25!$A$6:$AU$48,8,0) -> 0 | G12: =VLOOKUP($A12,[6]HISTOMAI25!$A$6:$AU$49,9,0) -> BANQUE | H12: =VLOOKUP($A12,[6]HISTOMAI25!$A$6:$AV$49,35,0) -> 0 | I12: =VLOOKUP($A12,[6]HISTOMAI25!$A$6:$AV$49,38,0) -> 0 | J12: =IF(I12=0,"",VLOOKUP($A12,[6]HISTOMAI25!$A$6:$AV$47,42,0)) | K12: =VLOOKUP($A12,[6]HISTOMAI25!$A$6:$AV$49,41,0) -> 0 | L12: =TONTAVRIL25!H12+TONTAVRIL25!I12 -> 0 | M12: =VLOOKUP($A12,[6]HISTOMAI25!$A$6:$AV$49,16,0) -> 0 | N12: =IF(M12<>0,VLOOKUP($A12,[6]HISTOMAI25!$A$6:$AV$49,42,0),"ECHEC") -> ECHEC | O12: =IF(R12=0,0,VLOOKUP($A12,[6]HISTOMAI25!$A$6:$AV$49,32,0)) -> 0 | P12: =VLOOKUP($A12,[6]HISTOMAI25!$A$6:$AV$49,33,0) -> 0 | Q12: =IF(R12=0,0,($C$3-R12)) -> 294500 | R12: =VLOOKUP($A12,[6]HISTOMAI25!$A$6:$AV$49,29,0) -> 5500
A13: AS201609 | B13: =IF(D13=0,0,VLOOKUP($A13,[6]HISTOMAI25!$A$6:$BP$45,10,0)) -> 1 | C13: =VLOOKUP(A13,[7]LISTADHERENT!A$5:H$60,3,0) -> DONHOU DAVID | D13: =IF(G13="ECHEC",0,B$3) -> 25000 | E13: =D13+VLOOKUP($A13,[6]HISTOMAI25!$A$7:$AT$43,45,0)+F13 -> 50000 | F13: =VLOOKUP($A13,[6]HISTOMAI25!$A$6:$AU$48,8,0) -> 0 | G13: =VLOOKUP($A13,[6]HISTOMAI25!$A$6:$AU$49,9,0) -> BANQUE | H13: =VLOOKUP($A13,[6]HISTOMAI25!$A$6:$AV$49,35,0) -> 0 | I13: =VLOOKUP($A13,[6]HISTOMAI25!$A$6:$AV$49,38,0) -> 0 | J13: =IF(I13=0,"",VLOOKUP($A13,[6]HISTOMAI25!$A$6:$AV$47,42,0)) | K13: =VLOOKUP($A13,[6]HISTOMAI25!$A$6:$AV$49,41,0) -> 0 | L13: =TONTAVRIL25!H13+TONTAVRIL25!I13 -> 0 | M13: =VLOOKUP($A13,[6]HISTOMAI25!$A$6:$AV$49,16,0) -> 0 | N13: =IF(M13<>0,VLOOKUP($A13,[6]HISTOMAI25!$A$6:$AV$49,42,0),"ECHEC") -> ECHEC | O13: =IF(R13=0,0,VLOOKUP($A13,[6]HISTOMAI25!$A$6:$AV$49,32,0)) -> 0 | P13: =VLOOKUP($A13,[6]HISTOMAI25!$A$6:$AV$49,33,0) -> 0 | Q13: =IF(R13=0,0,($C$3-R13)) -> 0 | R13: =VLOOKUP($A13,[6]HISTOMAI25!$A$6:$AV$49,29,0) -> 0
A14: AS201663 | B14: =IF(D14=0,0,VLOOKUP($A14,[6]HISTOMAI25!$A$6:$BP$45,10,0)) -> 1 | C14: =VLOOKUP(A14,[7]LISTADHERENT!A$5:H$60,3,0) -> FAMPOU PAUL | D14: =IF(G14="ECHEC",0,B$3) -> 25000 | E14: =D14+VLOOKUP($A14,[6]HISTOMAI25!$A$7:$AT$43,45,0)+F14 -> 50000 | F14: =VLOOKUP($A14,[6]HISTOMAI25!$A$6:$AU$48,8,0) -> 0 | G14: =VLOOKUP($A14,[6]HISTOMAI25!$A$6:$AU$49,9,0) -> BANQUE | H14: =VLOOKUP($A14,[6]HISTOMAI25!$A$6:$AV$49,35,0) -> 0 | I14: =VLOOKUP($A14,[6]HISTOMAI25!$A$6:$AV$49,38,0) -> 0 | J14: =IF(I14=0,"",VLOOKUP($A14,[6]HISTOMAI25!$A$6:$AV$47,42,0)) | K14: =VLOOKUP($A14,[6]HISTOMAI25!$A$6:$AV$49,41,0) -> 0 | L14: =TONTAVRIL25!H14+TONTAVRIL25!I14 -> 0 | M14: =VLOOKUP($A14,[6]HISTOMAI25!$A$6:$AV$49,16,0) -> 0 | N14: =IF(M14<>0,VLOOKUP($A14,[6]HISTOMAI25!$A$6:$AV$49,42,0),"ECHEC") -> ECHEC | O14: =IF(R14=0,0,VLOOKUP($A14,[6]HISTOMAI25!$A$6:$AV$49,32,0)) -> 0 | P14: =VLOOKUP($A14,[6]HISTOMAI25!$A$6:$AV$49,33,0) -> 0 | Q14: =IF(R14=0,0,($C$3-R14)) -> 0 | R14: =VLOOKUP($A14,[6]HISTOMAI25!$A$6:$AV$49,29,0) -> 0
A15: AS201611 | B15: =IF(D15=0,0,VLOOKUP($A15,[6]HISTOMAI25!$A$6:$BP$45,10,0)) -> 1 | C15: =VLOOKUP(A15,[7]LISTADHERENT!A$5:H$60,3,0) -> HENGUE PAUL OMER | D15: =IF(G15="ECHEC",0,B$3) -> 25000 | E15: =D15+VLOOKUP($A15,[6]HISTOMAI25!$A$7:$AT$43,45,0)+F15 -> 50000 | F15: =VLOOKUP($A15,[6]HISTOMAI25!$A$6:$AU$48,8,0) -> 0 | G15: =VLOOKUP($A15,[6]HISTOMAI25!$A$6:$AU$49,9,0) -> BANQUE | H15: =VLOOKUP($A15,[6]HISTOMAI25!$A$6:$AV$49,35,0) -> 0 | I15: =VLOOKUP($A15,[6]HISTOMAI25!$A$6:$AV$49,38,0) -> 0 | J15: =IF(I15=0,"",VLOOKUP($A15,[6]HISTOMAI25!$A$6:$AV$47,42,0)) | K15: =VLOOKUP($A15,[6]HISTOMAI25!$A$6:$AV$49,41,0) -> 0 | L15: =TONTAVRIL25!H15+TONTAVRIL25!I15 -> 0 | M15: =VLOOKUP($A15,[6]HISTOMAI25!$A$6:$AV$49,16,0) -> 0 | N15: =IF(M15<>0,VLOOKUP($A15,[6]HISTOMAI25!$A$6:$AV$49,42,0),"ECHEC") -> ECHEC | O15: =IF(R15=0,0,VLOOKUP($A15,[6]HISTOMAI25!$A$6:$AV$49,32,0)) -> 0 | P15: =VLOOKUP($A15,[6]HISTOMAI25!$A$6:$AV$49,33,0) -> 0 | Q15: =IF(R15=0,0,($C$3-R15)) -> 0 | R15: =VLOOKUP($A15,[6]HISTOMAI25!$A$6:$AV$49,29,0) -> 0
A16: AS201613 | B16: =IF(D16=0,0,VLOOKUP($A16,[6]HISTOMAI25!$A$6:$BP$45,10,0)) -> 1 | C16: =VLOOKUP(A16,[7]LISTADHERENT!A$5:H$60,3,0) -> HOTCHO BENJAMIN | D16: =IF(G16="ECHEC",0,B$3) -> 25000 | E16: =D16+VLOOKUP($A16,[6]HISTOMAI25!$A$7:$AT$43,45,0)+F16 -> 75000 | F16: =VLOOKUP($A16,[6]HISTOMAI25!$A$6:$AU$48,8,0) -> 0 | G16: =VLOOKUP($A16,[6]HISTOMAI25!$A$6:$AU$49,9,0) -> BANQUE | H16: =VLOOKUP($A16,[6]HISTOMAI25!$A$6:$AV$49,35,0) -> 0 | I16: =VLOOKUP($A16,[6]HISTOMAI25!$A$6:$AV$49,38,0) -> 0 | J16: =IF(I16=0,"",VLOOKUP($A16,[6]HISTOMAI25!$A$6:$AV$47,42,0)) | K16: =VLOOKUP($A16,[6]HISTOMAI25!$A$6:$AV$49,41,0) -> 0 | L16: =TONTAVRIL25!H16+TONTAVRIL25!I16 -> 0 | M16: =VLOOKUP($A16,[6]HISTOMAI25!$A$6:$AV$49,16,0) -> 0 | N16: =IF(M16<>0,VLOOKUP($A16,[6]HISTOMAI25!$A$6:$AV$49,42,0),"ECHEC") -> ECHEC | O16: =IF(R16=0,0,VLOOKUP($A16,[6]HISTOMAI25!$A$6:$AV$49,32,0)) -> 0 | P16: =VLOOKUP($A16,[6]HISTOMAI25!$A$6:$AV$49,33,0) -> 0 | Q16: =IF(R16=0,0,($C$3-R16)) -> 295500 | R16: =VLOOKUP($A16,[6]HISTOMAI25!$A$6:$AV$49,29,0) -> 4500
A17: AS201617 | B17: =IF(D17=0,0,VLOOKUP($A17,[6]HISTOMAI25!$A$6:$BP$45,10,0)) -> 1 | C17: =VLOOKUP(A17,[7]LISTADHERENT!A$5:H$60,3,0) -> KOUAMOU MOISE | D17: =IF(G17="ECHEC",0,B$3) -> 25000 | E17: =D17+VLOOKUP($A17,[6]HISTOMAI25!$A$7:$AT$43,45,0)+F17 -> 50000 | F17: =VLOOKUP($A17,[6]HISTOMAI25!$A$6:$AU$48,8,0) -> 0 | G17: =VLOOKUP($A17,[6]HISTOMAI25!$A$6:$AU$49,9,0) -> BANQUE | H17: =VLOOKUP($A17,[6]HISTOMAI25!$A$6:$AV$49,35,0) -> 0 | I17: =VLOOKUP($A17,[6]HISTOMAI25!$A$6:$AV$49,38,0) -> 0 | J17: =IF(I17=0,"",VLOOKUP($A17,[6]HISTOMAI25!$A$6:$AV$47,42,0)) | K17: =VLOOKUP($A17,[6]HISTOMAI25!$A$6:$AV$49,41,0) -> 0 | L17: =TONTAVRIL25!H17+TONTAVRIL25!I17 -> 0 | M17: =VLOOKUP($A17,[6]HISTOMAI25!$A$6:$AV$49,16,0) -> 0 | N17: =IF(M17<>0,VLOOKUP($A17,[6]HISTOMAI25!$A$6:$AV$49,42,0),"ECHEC") -> ECHEC | O17: =IF(R17=0,0,VLOOKUP($A17,[6]HISTOMAI25!$A$6:$AV$49,32,0)) -> 0 | P17: =VLOOKUP($A17,[6]HISTOMAI25!$A$6:$AV$49,33,0) -> 0 | Q17: =IF(R17=0,0,($C$3-R17)) -> 0 | R17: =VLOOKUP($A17,[6]HISTOMAI25!$A$6:$AV$49,29,0) -> 0
A18: AS201619 | B18: =IF(D18=0,0,VLOOKUP($A18,[6]HISTOMAI25!$A$6:$BP$45,10,0)) -> 1 | C18: =VLOOKUP(A18,[7]LISTADHERENT!A$5:H$60,3,0) -> KOUATCHO MESSACK | D18: =IF(G18="ECHEC",0,B$3) -> 25000 | E18: =D18+VLOOKUP($A18,[6]HISTOMAI25!$A$7:$AT$43,45,0)+F18 -> 50000 | F18: =VLOOKUP($A18,[6]HISTOMAI25!$A$6:$AU$48,8,0) -> 0 | G18: =VLOOKUP($A18,[6]HISTOMAI25!$A$6:$AU$49,9,0) -> BANQUE | H18: =VLOOKUP($A18,[6]HISTOMAI25!$A$6:$AV$49,35,0) -> 0 | I18: =VLOOKUP($A18,[6]HISTOMAI25!$A$6:$AV$49,38,0) -> 0 | J18: =IF(I18=0,"",VLOOKUP($A18,[6]HISTOMAI25!$A$6:$AV$47,42,0)) | K18: =VLOOKUP($A18,[6]HISTOMAI25!$A$6:$AV$49,41,0) -> 0 | L18: =TONTAVRIL25!H18+TONTAVRIL25!I18 -> 0 | M18: =VLOOKUP($A18,[6]HISTOMAI25!$A$6:$AV$49,16,0) -> 0 | N18: =IF(M18<>0,VLOOKUP($A18,[6]HISTOMAI25!$A$6:$AV$49,42,0),"ECHEC") -> ECHEC | O18: =IF(R18=0,0,VLOOKUP($A18,[6]HISTOMAI25!$A$6:$AV$49,32,0)) -> 0 | P18: =VLOOKUP($A18,[6]HISTOMAI25!$A$6:$AV$49,33,0) -> 0 | Q18: =IF(R18=0,0,($C$3-R18)) -> 0 | R18: =VLOOKUP($A18,[6]HISTOMAI25!$A$6:$AV$49,29,0) -> 0
... A40: AS201647 | B40: =IF(D40=0,0,VLOOKUP($A40,[6]HISTOMAI25!$A$6:$BP$45,10,0)) -> 1 | C40: =VLOOKUP(A40,[7]LISTADHERENT!A$5:H$60,3,0) -> YOUMBI EMMANUEL | D40: =IF(G40="ECHEC",0,B$3) -> 25000 | E40: =D40+VLOOKUP($A40,[6]HISTOMAI25!$A$7:$AT$43,45,0)+F40 -> 50000 | F40: =VLOOKUP($A40,[6]HISTOMAI25!$A$6:$AU$48,8,0) -> 0 | G40: =VLOOKUP($A40,[6]HISTOMAI25!$A$6:$AU$49,9,0) -> BANQUE | H40: =VLOOKUP($A40,[6]HISTOMAI25!$A$6:$AV$49,35,0) -> 0 | I40: =VLOOKUP($A40,[6]HISTOMAI25!$A$6:$AV$49,38,0) -> 0 | J40: =IF(I40=0,"",VLOOKUP($A40,[6]HISTOMAI25!$A$6:$AV$47,42,0)) | K40: =VLOOKUP($A40,[6]HISTOMAI25!$A$6:$AV$49,41,0) -> 0 | L40: =TONTAVRIL25!H40+TONTAVRIL25!I40 -> 0 | M40: =VLOOKUP($A40,[6]HISTOMAI25!$A$6:$AV$49,16,0) -> 0 | N40: =IF(M40<>0,VLOOKUP($A40,[6]HISTOMAI25!$A$6:$AV$49,42,0),"ECHEC") -> ECHEC | O40: =IF(R40=0,0,VLOOKUP($A40,[6]HISTOMAI25!$A$6:$AV$49,32,0)) -> 0 | P40: =VLOOKUP($A40,[6]HISTOMAI25!$A$6:$AV$49,33,0) -> 0 | Q40: =IF(R40=0,0,($C$3-R40)) -> 0 | R40: =VLOOKUP($A40,[6]HISTOMAI25!$A$6:$AV$49,29,0) -> 0
A42: TOTAL PART | B42: =SUM(B6:B41) -> 35
A43: NBRE ADHERENT | B43: =COUNT(D6:D41) -> 35 | D43: =SUM(D6:D42) -> 900000 | F43: =SUM(F6:F42) -> 14000 | G43: =SUM(G6:G42) -> 0 | H43: =SUM(H6:H42) -> 172000 | I43: =SUM(I6:I42) -> 2000 | J43: =SUM(J6:J42) -> 0 | K43: =SUM(K6:K42) -> 0 | L43: =SUM(L6:L42) -> 156500 | M43: =SUM(M6:M42) -> 156500 | ... R43: =SUM(R6:R42) -> 15500
N44: NBRE PART | O44: PART VENDUE
D45: MONTANT TONTINE | G45: REMBOURSEMENT PETIT LOT | H45: VENTE PETIT LOT | I45: VENTE LOT PRINCIPAL | J45: SOLDE EN CAISSE | L45: TONTINE + REMB + INTERET VENTE | M45: =D49+G49+R43 -> 1072000
D46: =SUMIFS(D6:D42,G6:G42,"ESPECES") -> 75000 | F46: ESPECES | G46: =SUMIFS(M6:M35,N6:N35,"ESPECES") -> 0 | H46: =SUMIFS(H6:H42,J6:J42,"ESPECES") -> 0 | I46: =SUMIFS(Q6:Q42,O6:O42,"ESPECES") -> 0 | J46: =D46+G46-H46-I46 -> 75000 | L46: LOT PRINCIPAL | M46: =C3*COUNTIF(Q7:Q42,">0") -> 900000 | N46: =D3 -> 3 | O46: =COUNTIF(Q7:Q35,">0") -> 3
D47: =SUMIFS(D6:D42,G6:G42,"BANQUE") -> 825000 | F47: BANQUE | G47: =SUMIFS(M6:M35,N6:N35,"BANQUE") -> 156500 | H47: =SUMIFS(H6:H42,J6:J42,"BANQUE") -> 30000 | I47: =SUMIFS(Q6:Q42,O6:O42,"BANQUE") -> 0 | J47: =D47+G47-H47-I47 -> 951500
L48: PETIT LOT | M48: =M45-M46 -> 172000
D49: =D46+D47 -> 900000 | F49: TOTAL | G49: =G46+G47 -> 156500 | H49: =H46+H47 -> 30000 | I49: =I46+I47 -> 0 | J49: =J46+J47 -> 1026500
F50: TOTAL+DEPOT | L50: RELIQUAT | M50: =M48-H43 -> 0 | O50: =M50+TONTJANV25!O50 -> 0 | P50: CUMUL
L52: ECHEC TONTINE MOIS | M52: =COUNTIFS(G7:G41,"ECHEC")*23000 -> 0 | O52: =+M52+TONTJANV25!O52 -> 0 | P52: CUMUL
L53: ECHEC REMBOURSEMENT MOIS | M53: =L43-G49 -> 0 | O53: =+TONTJANV25!O53 -> 0 | P53: CUMUL

Sheet TONTJUIN25
A1: ASSOCIATION | B1: ASELBY
A2: ANNEE | B2: 2025 | C2: TONIINE | D2: NBRE PART
A3: TAUX TONTINE | B3: 25000 | C3: =B3*12 -> 300000 | D3: =ROUNDDOWN(M45/C3,0) -> 3
C4: 45821
A5: MATRICULE | B5: NBREPART | C5: NOM ET PRENOM | D5: MONTANT TONTINE | E5: MONTANT VERSE | F5: PENALITE VERSEMENT ESPECES | G5: MODE VERSEMENT | H5: VENTE PETIT LOT | I5: INTERET PETIT LOT | J5: MODE VERSEMENT VENTE PETIT LOT | K5: NUMERO CHEQUE | L5: MONTANT A REMBOURSER PETIT LOT | M5: REMBOURSEMENT PETIT LOT | N5: MODE VERSEMENT REMBOURSEMENT | O5: MODE VERSEMENTLOT PRINCIPAL | P5: NUMERO CHEQUE | Q5: MONTANT LOT PRINCIPAL | R5: INTERET LOT PRINCIPAL
A6: AS201601 | B6: =IF(D6=0,0,VLOOKUP($A6,[6]HISTOJUIN25!$A$6:$BP$45,10,0)) -> 1 | C6: =VLOOKUP(A6,[7]LISTADHERENT!A$5:H$60,3,0) -> BAKOP ACHILLE | D6: =IF(G6="ECHEC",0,B$3) -> 25000 | E6: =D6+VLOOKUP($A6,[6]HISTOJUIN25!$A$7:$AT$43,45,0)+F6 -> 50000 | F6: =VLOOKUP($A6,[6]HISTOJUIN25!$A$6:$AU$48,8,0) -> 0 | G6: =VLOOKUP($A6,[6]HISTOJUIN25!$A$6:$AU$49,9,0) -> ESPECES | H6: =VLOOKUP($A6,[6]HISTOJUIN25!$A$6:$AV$49,35,0) -> 0 | I6: =VLOOKUP($A6,[6]HISTOJUIN25!$A$6:$AV$49,38,0) -> 0 | J6: =IF(I6=0,"",VLOOKUP($A6,[6]HISTOJUIN25!$A$6:$AV$47,42,0)) | K6: =VLOOKUP($A6,[6]HISTOJUIN25!$A$6:$AV$49,41,0) -> 0 | L6: =+TONTMAI25!H6+TONTMAI25!I6 -> 0 | M6: =VLOOKUP($A6,[6]HISTOJUIN25!$A$6:$AV$49,16,0) -> 0 | N6: =IF(M6<>0,VLOOKUP($A6,[6]HISTOJUIN25!$A$6:$AV$49,42,0),"ECHEC") -> ECHEC | O6: =IF(R6=0,0,VLOOKUP($A6,[6]HISTOJUIN25!$A$6:$AV$49,32,0)) -> 0 | P6: =VLOOKUP($A6,[6]HISTOJUIN25!$A$6:$AV$49,33,0) -> 0 | Q6: =IF(R6=0,0,($C$3-R6)) -> 0 | R6: =VLOOKUP($A6,[6]HISTOJUIN25!$A$6:$AV$49,29,0) -> 0
A7: AS201602 | B7: =IF(D7=0,0,VLOOKUP($A7,[6]HISTOJUIN25!$A$6:$BP$45,10,0)) -> 1 | C7: =VLOOKUP(A7,[7]LISTADHERENT!A$5:H$60,3,0) -> BOUTCHOUANG WILLIAM | D7: =IF(G7="ECHEC",0,B$3) -> 25000 | E7: =D7+VLOOKUP($A7,[6]HISTOJUIN25!$A$7:$AT$43,45,0)+F7 -> 50000 | F7: =VLOOKUP($A7,[6]HISTOJUIN25!$A$6:$AU$48,8,0) -> 0 | G7: =VLOOKUP($A7,[6]HISTOJUIN25!$A$6:$AU$49,9,0) -> BANQUE | H7: =VLOOKUP($A7,[6]HISTOJUIN25!$A$6:$AV$49,35,0) -> 0 | I7: =VLOOKUP($A7,[6]HISTOJUIN25!$A$6:$AV$49,38,0) -> 0 | J7: =IF(I7=0,"",VLOOKUP($A7,[6]HISTOJUIN25!$A$6:$AV$47,42,0)) | K7: =VLOOKUP($A7,[6]HISTOJUIN25!$A$6:$AV$49,41,0) -> 0 | L7: =+TONTMAI25!H7+TONTMAI25!I7 -> 0 | M7: =VLOOKUP($A7,[6]HISTOJUIN25!$A$6:$AV$49,16,0) -> 0 | N7: =IF(M7<>0,VLOOKUP($A7,[6]HISTOJUIN25!$A$6:$AV$49,42,0),"ECHEC") -> ECHEC | O7: =IF(R7=0,0,VLOOKUP($A7,[6]HISTOJUIN25!$A$6:$AV$49,32,0)) -> 0 | P7: =VLOOKUP($A7,[6]HISTOJUIN25!$A$6:$AV$49,33,0) -> 0 | Q7: =IF(R7=0,0,($C$3-R7)) -> 0 | R7: =VLOOKUP($A7,[6]HISTOJUIN25!$A$6:$AV$49,29,0) -> 0
A8: AS201604 | B8: =IF(D8=0,0,VLOOKUP($A8,[6]HISTOJUIN25!$A$6:$BP$45,10,0)) -> 1 | C8: =VLOOKUP(A8,[7]LISTADHERENT!A$5:H$60,3,0) -> DJOMO JEAN PAUL | D8: =IF(G8="ECHEC",0,B$3) -> 25000 | E8: =D8+VLOOKUP($A8,[6]HISTOJUIN25!$A$7:$AT$43,45,0)+F8 -> 50000 | F8: =VLOOKUP($A8,[6]HISTOJUIN25!$A$6:$AU$48,8,0) -> 0 | G8: =VLOOKUP($A8,[6]HISTOJUIN25!$A$6:$AU$49,9,0) -> ESPECES | H8: =VLOOKUP($A8,[6]HISTOJUIN25!$A$6:$AV$49,35,0) -> 39500 | I8: =VLOOKUP($A8,[6]HISTOJUIN25!$A$6:$AV$49,38,0) -> 2000 | J8: =IF(I8=0,"",VLOOKUP($A8,[6]HISTOJUIN25!$A$6:$AV$47,42,0)) -> 0 | K8: =VLOOKUP($A8,[6]HISTOJUIN25!$A$6:$AV$49,41,0) -> 0 | L8: =+TONTMAI25!H8+TONTMAI25!I8 -> 0 | M8: =VLOOKUP($A8,[6]HISTOJUIN25!$A$6:$AV$49,16,0) -> 0 | N8: =IF(M8<>0,VLOOKUP($A8,[6]HISTOJUIN25!$A$6:$AV$49,42,0),"ECHEC") -> ECHEC | O8: =IF(R8=0,0,VLOOKUP($A8,[6]HISTOJUIN25!$A$6:$AV$49,32,0)) -> 0 | P8: =VLOOKUP($A8,[6]HISTOJUIN25!$A$6:$AV$49,33,0) -> 0 | Q8: =IF(R8=0,0,($C$3-R8)) -> 0 | R8: =VLOOKUP($A8,[6]HISTOJUIN25!$A$6:$AV$49,29,0) -> 0
A9: AS201654 | B9: =IF(D9=0,0,VLOOKUP($A9,[6]HISTOJUIN25!$A$6:$BP$45,10,0)) -> 1 | C9: =VLOOKUP(A9,[7]LISTADHERENT!A$5:H$60,3,0) -> DJOMOU TCHAPDA | D9: =IF(G9="ECHEC",0,B$3) -> 25000 | E9: =D9+VLOOKUP($A9,[6]HISTOJUIN25!$A$7:$AT$43,45,0)+F9 -> 50500 | F9: =VLOOKUP($A9,[6]HISTOJUIN25!$A$6:$AU$48,8,0) -> 0 | G9: =VLOOKUP($A9,[6]HISTOJUIN25!$A$6:$AU$49,9,0) -> BANQUE | H9: =VLOOKUP($A9,[6]HISTOJUIN25!$A$6:$AV$49,35,0) -> 0 | I9: =VLOOKUP($A9,[6]HISTOJUIN25!$A$6:$AV$49,38,0) -> 0 | J9: =IF(I9=0,"",VLOOKUP($A9,[6]HISTOJUIN25!$A$6:$AV$47,42,0)) | K9: =VLOOKUP($A9,[6]HISTOJUIN25!$A$6:$AV$49,41,0) -> 0 | L9: =+TONTMAI25!H9+TONTMAI25!I9 -> 30500 | M9: =VLOOKUP($A9,[6]HISTOJUIN25!$A$6:$AV$49,16,0) -> 30500 | N9: =IF(M9<>0,VLOOKUP($A9,[6]HISTOJUIN25!$A$6:$AV$49,42,0),"ECHEC") -> BANQUE | O9: =IF(R9=0,0,VLOOKUP($A9,[6]HISTOJUIN25!$A$6:$AV$49,32,0)) -> 0 | P9: =VLOOKUP($A9,[6]HISTOJUIN25!$A$6:$AV$49,33,0) -> 0 | Q9: =IF(R9=0,0,($C$3-R9)) -> 0 | R9: =VLOOKUP($A9,[6]HISTOJUIN25!$A$6:$AV$49,29,0) -> 0
A10: AS201605 | B10: =IF(D10=0,0,VLOOKUP($A10,[6]HISTOJUIN25!$A$6:$BP$45,10,0)) -> 1 | C10: =VLOOKUP(A10,[7]LISTADHERENT!A$5:H$60,3,0) -> DJOUKWE NANGUEN GUY BLAISE | D10: =IF(G10="ECHEC",0,B$3) -> 25000 | E10: =D10+VLOOKUP($A10,[6]HISTOJUIN25!$A$7:$AT$43,45,0)+F10 -> 50000 | F10: =VLOOKUP($A10,[6]HISTOJUIN25!$A$6:$AU$48,8,0) -> 0 | G10: =VLOOKUP($A10,[6]HISTOJUIN25!$A$6:$AU$49,9,0) -> BANQUE | H10: =VLOOKUP($A10,[6]HISTOJUIN25!$A$6:$AV$49,35,0) -> 30000 | I10: =VLOOKUP($A10,[6]HISTOJUIN25!$A$6:$AV$49,38,0) -> 1000 | J10: =IF(I10=0,"",VLOOKUP($A10,[6]HISTOJUIN25!$A$6:$AV$47,42,0)) -> BANQUE | K10: =VLOOKUP($A10,[6]HISTOJUIN25!$A$6:$AV$49,41,0) -> 0 | L10: =+TONTMAI25!H10+TONTMAI25!I10 -> 0 | M10: =VLOOKUP($A10,[6]HISTOJUIN25!$A$6:$AV$49,16,0) -> 0 | N10: =IF(M10<>0,VLOOKUP($A10,[6]HISTOJUIN25!$A$6:$AV$49,42,0),"ECHEC") -> ECHEC | O10: =IF(R10=0,0,VLOOKUP($A10,[6]HISTOJUIN25!$A$6:$AV$49,32,0)) -> 0 | P10: =VLOOKUP($A10,[6]HISTOJUIN25!$A$6:$AV$49,33,0) -> 0 | Q10: =IF(R10=0,0,($C$3-R10)) -> 0 | R10: =VLOOKUP($A10,[6]HISTOJUIN25!$A$6:$AV$49,29,0) -> 0
A11: AS201608 | B11: =IF(D11=0,0,VLOOKUP($A11,[6]HISTOJUIN25!$A$6:$BP$45,10,0)) -> 1 | C11: =VLOOKUP(A11,[7]LISTADHERENT!A$5:H$60,3,0) -> DJUOMBESSY ANTOINE | D11: =IF(G11="ECHEC",0,B$3) -> 25000 | E11: =D11+VLOOKUP($A11,[6]HISTOJUIN25!$A$7:$AT$43,45,0)+F11 -> 61000 | F11: =VLOOKUP($A11,[6]HISTOJUIN25!$A$6:$AU$48,8,0) -> 0 | G11: =VLOOKUP($A11,[6]HISTOJUIN25!$A$6:$AU$49,9,0) -> BANQUE | H11: =VLOOKUP($A11,[6]HISTOJUIN25!$A$6:$AV$49,35,0) -> 30000 | I11: =VLOOKUP($A11,[6]HISTOJUIN25!$A$6:$AV$49,38,0) -> 1000 | J11: =IF(I11=0,"",VLOOKUP($A11,[6]HISTOJUIN25!$A$6:$AV$47,42,0)) -> BANQUE | K11: =VLOOKUP($A11,[6]HISTOJUIN25!$A$6:$AV$49,41,0) -> 0 | L11: =+TONTMAI25!H11+TONTMAI25!I11 -> 54000 | M11: =VLOOKUP($A11,[6]HISTOJUIN25!$A$6:$AV$49,16,0) -> 54000 | N11: =IF(M11<>0,VLOOKUP($A11,[6]HISTOJUIN25!$A$6:$AV$49,42,0),"ECHEC") -> BANQUE | O11: =IF(R11=0,0,VLOOKUP($A11,[6]HISTOJUIN25!$A$6:$AV$49,32,0)) -> 0 | P11: =VLOOKUP($A11,[6]HISTOJUIN25!$A$6:$AV$49,33,0) -> 0 | Q11: =IF(R11=0,0,($C$3-R11)) -> 0 | R11: =VLOOKUP($A11,[6]HISTOJUIN25!$A$6:$AV$49,29,0) -> 0
A12: AS201651 | B12: =IF(D12=0,0,VLOOKUP($A12,[6]HISTOJUIN25!$A$6:$BP$45,10,0)) -> 1 | C12: =VLOOKUP(A12,[7]LISTADHERENT!A$5:H$60,3,0) -> DOMOU FABIEN | D12: =IF(G12="ECHEC",0,B$3) -> 25000 | E12: =D12+VLOOKUP($A12,[6]HISTOJUIN25!$A$7:$AT$43,45,0)+F12 -> 50000 | F12: =VLOOKUP($A12,[6]HISTOJUIN25!$A$6:$AU$48,8,0) -> 0 | G12: =VLOOKUP($A12,[6]HISTOJUIN25!$A$6:$AU$49,9,0) -> BANQUE | H12: =VLOOKUP($A12,[6]HISTOJUIN25!$A$6:$AV$49,35,0) -> 0 | I12: =VLOOKUP($A12,[6]HISTOJUIN25!$A$6:$AV$49,38,0) -> 0 | J12: =IF(I12=0,"",VLOOKUP($A12,[6]HISTOJUIN25!$A$6:$AV$47,42,0)) | K12: =VLOOKUP($A12,[6]HISTOJUIN25!$A$6:$AV$49,41,0) -> 0 | L12: =+TONTMAI25!H12+TONTMAI25!I12 -> 0 | M12: =VLOOKUP($A12,[6]HISTOJUIN25!$A$6:$AV$49,16,0) -> 0 | N12: =IF(M12<>0,VLOOKUP($A12,[6]HISTOJUIN25!$A$6:$AV$49,42,0),"ECHEC") -> ECHEC | O12: =IF(R12=0,0,VLOOKUP($A12,[6]HISTOJUIN25!$A$6:$AV$49,32,0)) -> 0 | P12: =VLOOKUP($A12,[6]HISTOJUIN25!$A$6:$AV$49,33,0) -> 0 | Q12: =IF(R12=0,0,($C$3-R12)) -> 0 | R12: =VLOOKUP($A12,[6]HISTOJUIN25!$A$6:$AV$49,29,0) -> 0
A13: AS201609 | B13: =IF(D13=0,0,VLOOKUP($A13,[6]HISTOJUIN25!$A$6:$BP$45,10,0)) -> 1 | C13: =VLOOKUP(A13,[7]LISTADHERENT!A$5:H$60,3,0) -> DONHOU DAVID | D13: =IF(G13="ECHEC",0,B$3) -> 25000 | E13: =D13+VLOOKUP($A13,[6]HISTOJUIN25!$A$7:$AT$43,45,0)+F13 -> 50000 | F13: =VLOOKUP($A13,[6]HISTOJUIN25!$A$6:$AU$48,8,0) -> 0 | G13: =VLOOKUP($A13,[6]HISTOJUIN25!$A$6:$AU$49,9,0) -> BANQUE | H13: =VLOOKUP($A13,[6]HISTOJUIN25!$A$6:$AV$49,35,0) -> 0 | I13: =VLOOKUP($A13,[6]HISTOJUIN25!$A$6:$AV$49,38,0) -> 0 | J13: =IF(I13=0,"",VLOOKUP($A13,[6]HISTOJUIN25!$A$6:$AV$47,42,0)) | K13: =VLOOKUP($A13,[6]HISTOJUIN25!$A$6:$AV$49,41,0) -> 0 | L13: =+TONTMAI25!H13+TONTMAI25!I13 -> 0 | M13: =VLOOKUP($A13,[6]HISTOJUIN25!$A$6:$AV$49,16,0) -> 0 | N13: =IF(M13<>0,VLOOKUP($A13,[6]HISTOJUIN25!$A$6:$AV$49,42,0),"ECHEC") -> ECHEC | O13: =IF(R13=0,0,VLOOKUP($A13,[6]HISTOJUIN25!$A$6:$AV$49,32,0)) -> 0 | P13: =VLOOKUP($A13,[6]HISTOJUIN25!$A$6:$AV$49,33,0) -> 0 | Q13: =IF(R13=0,0,($C$3-R13)) -> 0 | R13: =VLOOKUP($A13,[6]HISTOJUIN25!$A$6:$AV$49,29,0) -> 0
A14: AS201663 | B14: =IF(D14=0,0,VLOOKUP($A14,[6]HISTOJUIN25!$A$6:$BP$45,10,0)) -> 1 | C14: =VLOOKUP(A14,[7]LISTADHERENT!A$5:H$60,3,0) -> FAMPOU PAUL | D14: =IF(G14="ECHEC",0,B$3) -> 25000 | E14: =D14+VLOOKUP($A14,[6]HISTOJUIN25!$A$7:$AT$43,45,0)+F14 -> 50000 | F14: =VLOOKUP($A14,[6]HISTOJUIN25!$A$6:$AU$48,8,0) -> 0 | G14: =VLOOKUP($A14,[6]HISTOJUIN25!$A$6:$AU$49,9,0) -> BANQUE | H14: =VLOOKUP($A14,[6]HISTOJUIN25!$A$6:$AV$49,35,0) -> 0 | I14: =VLOOKUP($A14,[6]HISTOJUIN25!$A$6:$AV$49,38,0) -> 0 | J14: =IF(I14=0,"",VLOOKUP($A14,[6]HISTOJUIN25!$A$6:$AV$47,42,0)) | K14: =VLOOKUP($A14,[6]HISTOJUIN25!$A$6:$AV$49,41,0) -> 0 | L14: =+TONTMAI25!H14+TONTMAI25!I14 -> 0 | M14: =VLOOKUP($A14,[6]HISTOJUIN25!$A$6:$AV$49,16,0) -> 0 | N14: =IF(M14<>0,VLOOKUP($A14,[6]HISTOJUIN25!$A$6:$AV$49,42,0),"ECHEC") -> ECHEC | O14: =IF(R14=0,0,VLOOKUP($A14,[6]HISTOJUIN25!$A$6:$AV$49,32,0)) -> 0 | P14: =VLOOKUP($A14,[6]HISTOJUIN25!$A$6:$AV$49,33,0) -> 0 | Q14: =IF(R14=0,0,($C$3-R14)) -> 0 | R14: =VLOOKUP($A14,[6]HISTOJUIN25!$A$6:$AV$49,29,0) -> 0
A15: AS201611 | B15: =IF(D15=0,0,VLOOKUP($A15,[6]HISTOJUIN25!$A$6:$BP$45,10,0)) -> 1 | C15: =VLOOKUP(A15,[7]LISTADHERENT!A$5:H$60,3,0) -> HENGUE PAUL OMER | D15: =IF(G15="ECHEC",0,B$3) -> 25000 | E15: =D15+VLOOKUP($A15,[6]HISTOJUIN25!$A$7:$AT$43,45,0)+F15 -> 50000 | F15: =VLOOKUP($A15,[6]HISTOJUIN25!$A$6:$AU$48,8,0) -> 0 | G15: =VLOOKUP($A15,[6]HISTOJUIN25!$A$6:$AU$49,9,0) -> BANQUE | H15: =VLOOKUP($A15,[6]HISTOJUIN25!$A$6:$AV$49,35,0) -> 0 | I15: =VLOOKUP($A15,[6]HISTOJUIN25!$A$6:$AV$49,38,0) -> 0 | J15: =IF(I15=0,"",VLOOKUP($A15,[6]HISTOJUIN25!$A$6:$AV$47,42,0)) | K15: =VLOOKUP($A15,[6]HISTOJUIN25!$A$6:$AV$49,41,0) -> 0 | L15: =+TONTMAI25!H15+TONTMAI25!I15 -> 0 | M15: =VLOOKUP($A15,[6]HISTOJUIN25!$A$6:$AV$49,16,0) -> 0 | N15: =IF(M15<>0,VLOOKUP($A15,[6]HISTOJUIN25!$A$6:$AV$49,42,0),"ECHEC") -> ECHEC | O15: =IF(R15=0,0,VLOOKUP($A15,[6]HISTOJUIN25!$A$6:$AV$49,32,0)) -> 0 | P15: =VLOOKUP($A15,[6]HISTOJUIN25!$A$6:$AV$49,33,0) -> 0 | Q15: =IF(R15=0,0,($C$3-R15)) -> 0 | R15: =VLOOKUP($A15,[6]HISTOJUIN25!$A$6:$AV$49,29,0) -> 0
A16: AS201613 | B16: =IF(D16=0,0,VLOOKUP($A16,[6]HISTOJUIN25!$A$6:$BP$45,10,0)) -> 1 | C16: =VLOOKUP(A16,[7]LISTADHERENT!A$5:H$60,3,0) -> HOTCHO BENJAMIN | D16: =IF(G16="ECHEC",0,B$3) -> 25000 | E16: =D16+VLOOKUP($A16,[6]HISTOJUIN25!$A$7:$AT$43,45,0)+F16 -> 75000 | F16: =VLOOKUP($A16,[6]HISTOJUIN25!$A$6:$AU$48,8,0) -> 0 | G16: =VLOOKUP($A16,[6]HISTOJUIN25!$A$6:$AU$49,9,0) -> BANQUE | H16: =VLOOKUP($A16,[6]HISTOJUIN25!$A$6:$AV$49,35,0) -> 0 | I16: =VLOOKUP($A16,[6]HISTOJUIN25!$A$6:$AV$49,38,0) -> 0 | J16: =IF(I16=0,"",VLOOKUP($A16,[6]HISTOJUIN25!$A$6:$AV$47,42,0)) | K16: =VLOOKUP($A16,[6]HISTOJUIN25!$A$6:$AV$49,41,0) -> 0 | L16: =+TONTMAI25!H16+TONTMAI25!I16 -> 0 | M16: =VLOOKUP($A16,[6]HISTOJUIN25!$A$6:$AV$49,16,0) -> 0 | N16: =IF(M16<>0,VLOOKUP($A16,[6]HISTOJUIN25!$A$6:$AV$49,42,0),"ECHEC") -> ECHEC | O16: =IF(R16=0,0,VLOOKUP($A16,[6]HISTOJUIN25!$A$6:$AV$49,32,0)) -> 0 | P16: =VLOOKUP($A16,[6]HISTOJUIN25!$A$6:$AV$49,33,0) -> 0 | Q16: =IF(R16=0,0,($C$3-R16)) -> 0 | R16: =VLOOKUP($A16,[6]HISTOJUIN25!$A$6:$AV$49,29,0) -> 0
A17: AS201617 | B17: =IF(D17=0,0,VLOOKUP($A17,[6]HISTOJUIN25!$A$6:$BP$45,10,0)) -> 1 | C17: =VLOOKUP(A17,[7]LISTADHERENT!A$5:H$60,3,0) -> KOUAMOU MOISE | D17: =IF(G17="ECHEC",0,B$3) -> 25000 | E17: =D17+VLOOKUP($A17,[6]HISTOJUIN25!$A$7:$AT$43,45,0)+F17 -> 50000 | F17: =VLOOKUP($A17,[6]HISTOJUIN25!$A$6:$AU$48,8,0) -> 0 | G17: =VLOOKUP($A17,[6]HISTOJUIN25!$A$6:$AU$49,9,0) -> BANQUE | H17: =VLOOKUP($A17,[6]HISTOJUIN25!$A$6:$AV$49,35,0) -> 0 | I17: =VLOOKUP($A17,[6]HISTOJUIN25!$A$6:$AV$49,38,0) -> 0 | J17: =IF(I17=0,"",VLOOKUP($A17,[6]HISTOJUIN25!$A$6:$AV$47,42,0)) | K17: =VLOOKUP($A17,[6]HISTOJUIN25!$A$6:$AV$49,41,0) -> 0 | L17: =+TONTMAI25!H17+TONTMAI25!I17 -> 0 | M17: =VLOOKUP($A17,[6]HISTOJUIN25!$A$6:$AV$49,16,0) -> 0 | N17: =IF(M17<>0,VLOOKUP($A17,[6]HISTOJUIN25!$A$6:$AV$49,42,0),"ECHEC") -> ECHEC | O17: =IF(R17=0,0,VLOOKUP($A17,[6]HISTOJUIN25!$A$6:$AV$49,32,0)) -> 0 | P17: =VLOOKUP($A17,[6]HISTOJUIN25!$A$6:$AV$49,33,0) -> 0 | Q17: =IF(R17=0,0,($C$3-R17)) -> 0 | R17: =VLOOKUP($A17,[6]HISTOJUIN25!$A$6:$AV$49,29,0) -> 0
... A40: AS201647 | B40: =IF(D40=0,0,VLOOKUP($A40,[6]HISTOJUIN25!$A$6:$BP$45,10,0)) -> 1 | C40: =VLOOKUP(A40,[7]LISTADHERENT!A$5:H$60,3,0) -> YOUMBI EMMANUEL | D40: =IF(G40="ECHEC",0,B$3) -> 25000 | E40: =D40+VLOOKUP($A40,[6]HISTOJUIN25!$A$7:$AT$43,45,0)+F40 -> 50000 | F40: =VLOOKUP($A40,[6]HISTOJUIN25!$A$6:$AU$48,8,0) -> 0 | G40: =VLOOKUP($A40,[6]HISTOJUIN25!$A$6:$AU$49,9,0) -> BANQUE | H40: =VLOOKUP($A40,[6]HISTOJUIN25!$A$6:$AV$49,35,0) -> 0 | I40: =VLOOKUP($A40,[6]HISTOJUIN25!$A$6:$AV$49,38,0) -> 0 | J40: =IF(I40=0,"",VLOOKUP($A40,[6]HISTOJUIN25!$A$6:$AV$47,42,0)) | K40: =VLOOKUP($A40,[6]HISTOJUIN25!$A$6:$AV$49,41,0) -> 0 | L40: =+TONTMAI25!H40+TONTMAI25!I40 -> 0 | M40: =VLOOKUP($A40,[6]HISTOJUIN25!$A$6:$AV$49,16,0) -> 0 | N40: =IF(M40<>0,VLOOKUP($A40,[6]HISTOJUIN25!$A$6:$AV$49,42,0),"ECHEC") -> ECHEC | O40: =IF(R40=0,0,VLOOKUP($A40,[6]HISTOJUIN25!$A$6:$AV$49,32,0)) -> 0 | P40: =VLOOKUP($A40,[6]HISTOJUIN25!$A$6:$AV$49,33,0) -> 0 | Q40: =IF(R40=0,0,($C$3-R40)) -> 0 | R40: =VLOOKUP($A40,[6]HISTOJUIN25!$A$6:$AV$49,29,0) -> 0
A42: TOTAL PART | B42: =SUM(B6:B41) -> 35
A43: NBRE ADHERENT | B43: =COUNT(D6:D41) -> 35 | D43: =SUM(D6:D42) -> 875000 | F43: =SUM(F6:F42) -> 15000 | G43: =SUM(G6:G42) -> 0 | H43: =SUM(H6:H42) -> 158500 | I43: =SUM(I6:I42) -> 4000 | J43: =SUM(J6:J42) -> 0 | K43: =SUM(K6:K42) -> 0 | L43: =SUM(L6:L42) -> 174000 | M43: =SUM(M6:M42) -> 174000 | ... R43: =SUM(R6:R42) -> 9500
N44: NBRE PART | O44: PART VENDUE
D45: MONTANT TONTINE | G45: REMBOURSEMENT PETIT LOT | H45: VENTE PETIT LOT | I45: VENTE LOT PRINCIPAL | J45: SOLDE EN CAISSE | L45: TONTINE + REMB + INTERET VENTE | M45: =D49+G49+R43 -> 1058500
D46: =SUMIFS(D6:D42,G6:G42,"ESPECES") -> 175000 | F46: ESPECES | G46: =SUMIFS(M6:M35,N6:N35,"ESPECES") -> 0 | H46: =SUMIFS(H6:H42,J6:J42,"ESPECES") -> 0 | I46: =SUMIFS(Q6:Q42,O6:O42,"ESPECES") -> 0 | J46: =D46+G46-H46-I46 -> 175000 | L46: LOT PRINCIPAL | M46: =C3*COUNTIF(Q7:Q42,">0") -> 900000 | N46: =D3 -> 3 | O46: =COUNTIF(Q7:Q35,">0") -> 2
D47: =SUMIFS(D6:D42,G6:G42,"BANQUE") -> 700000 | F47: BANQUE | G47: =SUMIFS(M6:M35,N6:N35,"BANQUE") -> 174000 | H47: =SUMIFS(H6:H42,J6:J42,"BANQUE") -> 60000 | I47: =SUMIFS(Q6:Q42,O6:O42,"BANQUE") -> 0 | J47: =D47+G47-H47-I47 -> 814000
L48: PETIT LOT | M48: =M45-M46 -> 158500
D49: =D46+D47 -> 875000 | F49: TOTAL | G49: =G46+G47 -> 174000 | H49: =H46+H47 -> 60000 | I49: =I46+I47 -> 0 | J49: =J46+J47 -> 989000
F50: TOTAL+DEPOT | L50: RELIQUAT | M50: =M48-H43 -> 0 | O50: =M50+TONTJANV25!O50 -> 0 | P50: CUMUL
L52: ECHEC TONTINE MOIS | M52: =COUNTIFS(G7:G41,"ECHEC")*23000 -> 0 | O52: =+M52+TONTJANV25!O52 -> 0 | P52: CUMUL
L53: ECHEC REMBOURSEMENT MOIS | M53: =L43-G49 -> 0 | O53: =+TONTJANV25!O53 -> 0 | P53: CUMUL

Sheet TONTJUIL25
A1: ASSOCIATION | B1: ASELBY
A2: ANNEE | B2: 2025 | C2: TONIINE | D2: NBRE PART
A3: TAUX TONTINE | B3: 25000 | C3: =B3*12 -> 300000 | D3: =ROUNDDOWN(M45/C3,0) -> 3
C4: 45851
A5: MATRICULE | B5: NBREPART | C5: NOM ET PRENOM | D5: MONTANT TONTINE | E5: MONTANT VERSE | F5: PENALITE VERSEMENT ESPECES | G5: MODE VERSEMENT | H5: VENTE PETIT LOT | I5: INTERET PETIT LOT | J5: MODE VERSEMENT VENTE PETIT LOT | K5: NUMERO CHEQUE | L5: MONTANT A REMBOURSER PETIT LOT | M5: REMBOURSEMENT PETIT LOT | N5: MODE VERSEMENT REMBOURSEMENT | O5: MODE VERSEMENTLOT PRINCIPAL | P5: NUMERO CHEQUE | Q5: MONTANT LOT PRINCIPAL | R5: INTERET LOT PRINCIPAL
A6: AS201601 | B6: =IF(D6=0,0,VLOOKUP($A6,[6]HISTOJUIL25!$A$6:$BP$45,10,0)) -> 1 | C6: =VLOOKUP(A6,[7]LISTADHERENT!A$5:H$60,3,0) -> BAKOP ACHILLE | D6: =IF(G6="ECHEC",0,B$3) -> 25000 | E6: =D6+VLOOKUP($A6,[6]HISTOJUIL25!$A$7:$AT$43,45,0)+F6 -> 50000 | F6: =VLOOKUP($A6,[6]HISTOJUIL25!$A$6:$AU$48,8,0) -> 0 | G6: =VLOOKUP($A6,[6]HISTOJUIL25!$A$6:$AU$49,9,0) -> ESPECES | H6: =VLOOKUP($A6,[6]HISTOJUIL25!$A$6:$AV$49,35,0) -> 0 | I6: =VLOOKUP($A6,[6]HISTOJUIL25!$A$6:$AV$49,38,0) -> 0 | J6: =IF(I6=0,"",VLOOKUP($A6,[6]HISTOJUIL25!$A$6:$AV$47,42,0)) | K6: =VLOOKUP($A6,[6]HISTOJUIL25!$A$6:$AV$49,41,0) -> 0 | L6: =TONTJUIN25!H6+TONTJUIN25!I6 -> 0 | M6: =VLOOKUP($A6,[6]HISTOJUIL25!$A$6:$AV$49,16,0) -> 0 | N6: =IF(M6<>0,VLOOKUP($A6,[6]HISTOJUIL25!$A$6:$AV$49,42,0),"ECHEC") -> ECHEC | O6: =IF(R6=0,0,VLOOKUP($A6,[6]HISTOJUIL25!$A$6:$AV$49,32,0)) -> 0 | P6: =VLOOKUP($A6,[6]HISTOJUIL25!$A$6:$AV$49,33,0) -> 0 | Q6: =IF(R6=0,0,($C$3-R6)) -> 0 | R6: =VLOOKUP($A6,[6]HISTOJUIL25!$A$6:$AV$49,29,0) -> 0
A7: AS201602 | B7: =IF(D7=0,0,VLOOKUP($A7,[6]HISTOJUIL25!$A$6:$BP$45,10,0)) -> 1 | C7: =VLOOKUP(A7,[7]LISTADHERENT!A$5:H$60,3,0) -> BOUTCHOUANG WILLIAM | D7: =IF(G7="ECHEC",0,B$3) -> 25000 | E7: =D7+VLOOKUP($A7,[6]HISTOJUIL25!$A$7:$AT$43,45,0)+F7 -> 50000 | F7: =VLOOKUP($A7,[6]HISTOJUIL25!$A$6:$AU$48,8,0) -> 0 | G7: =VLOOKUP($A7,[6]HISTOJUIL25!$A$6:$AU$49,9,0) -> BANQUE | H7: =VLOOKUP($A7,[6]HISTOJUIL25!$A$6:$AV$49,35,0) -> 0 | I7: =VLOOKUP($A7,[6]HISTOJUIL25!$A$6:$AV$49,38,0) -> 0 | J7: =IF(I7=0,"",VLOOKUP($A7,[6]HISTOJUIL25!$A$6:$AV$47,42,0)) | K7: =VLOOKUP($A7,[6]HISTOJUIL25!$A$6:$AV$49,41,0) -> 0 | L7: =TONTJUIN25!H7+TONTJUIN25!I7 -> 0 | M7: =VLOOKUP($A7,[6]HISTOJUIL25!$A$6:$AV$49,16,0) -> 0 | N7: =IF(M7<>0,VLOOKUP($A7,[6]HISTOJUIL25!$A$6:$AV$49,42,0),"ECHEC") -> ECHEC | O7: =IF(R7=0,0,VLOOKUP($A7,[6]HISTOJUIL25!$A$6:$AV$49,32,0)) -> 0 | P7: =VLOOKUP($A7,[6]HISTOJUIL25!$A$6:$AV$49,33,0) -> 0 | Q7: =IF(R7=0,0,($C$3-R7)) -> 0 | R7: =VLOOKUP($A7,[6]HISTOJUIL25!$A$6:$AV$49,29,0) -> 0
A8: AS201604 | B8: =IF(D8=0,0,VLOOKUP($A8,[6]HISTOJUIL25!$A$6:$BP$45,10,0)) -> 1 | C8: =VLOOKUP(A8,[7]LISTADHERENT!A$5:H$60,3,0) -> DJOMO JEAN PAUL | D8: =IF(G8="ECHEC",0,B$3) -> 25000 | E8: =D8+VLOOKUP($A8,[6]HISTOJUIL25!$A$7:$AT$43,45,0)+F8 -> 50000 | F8: =VLOOKUP($A8,[6]HISTOJUIL25!$A$6:$AU$48,8,0) -> 0 | G8: =VLOOKUP($A8,[6]HISTOJUIL25!$A$6:$AU$49,9,0) -> ESPECES | H8: =VLOOKUP($A8,[6]HISTOJUIL25!$A$6:$AV$49,35,0) -> 0 | I8: =VLOOKUP($A8,[6]HISTOJUIL25!$A$6:$AV$49,38,0) -> 0 | J8: =IF(I8=0,"",VLOOKUP($A8,[6]HISTOJUIL25!$A$6:$AV$47,42,0)) | K8: =VLOOKUP($A8,[6]HISTOJUIL25!$A$6:$AV$49,41,0) -> 0 | L8: =TONTJUIN25!H8+TONTJUIN25!I8 -> 41500 | M8: =VLOOKUP($A8,[6]HISTOJUIL25!$A$6:$AV$49,16,0) -> 41500 | N8: =IF(M8<>0,VLOOKUP($A8,[6]HISTOJUIL25!$A$6:$AV$49,42,0),"ECHEC") -> BANQUE | O8: =IF(R8=0,0,VLOOKUP($A8,[6]HISTOJUIL25!$A$6:$AV$49,32,0)) -> 0 | P8: =VLOOKUP($A8,[6]HISTOJUIL25!$A$6:$AV$49,33,0) -> 0 | Q8: =IF(R8=0,0,($C$3-R8)) -> 0 | R8: =VLOOKUP($A8,[6]HISTOJUIL25!$A$6:$AV$49,29,0) -> 0
A9: AS201654 | B9: =IF(D9=0,0,VLOOKUP($A9,[6]HISTOJUIL25!$A$6:$BP$45,10,0)) -> 1 | C9: =VLOOKUP(A9,[7]LISTADHERENT!A$5:H$60,3,0) -> DJOMOU TCHAPDA | D9: =IF(G9="ECHEC",0,B$3) -> 25000 | E9: =D9+VLOOKUP($A9,[6]HISTOJUIL25!$A$7:$AT$43,45,0)+F9 -> 50000 | F9: =VLOOKUP($A9,[6]HISTOJUIL25!$A$6:$AU$48,8,0) -> 0 | G9: =VLOOKUP($A9,[6]HISTOJUIL25!$A$6:$AU$49,9,0) -> BANQUE | H9: =VLOOKUP($A9,[6]HISTOJUIL25!$A$6:$AV$49,35,0) -> 26000 | I9: =VLOOKUP($A9,[6]HISTOJUIL25!$A$6:$AV$49,38,0) -> 500 | J9: =IF(I9=0,"",VLOOKUP($A9,[6]HISTOJUIL25!$A$6:$AV$47,42,0)) -> 0 | K9: =VLOOKUP($A9,[6]HISTOJUIL25!$A$6:$AV$49,41,0) -> 0 | L9: =TONTJUIN25!H9+TONTJUIN25!I9 -> 0 | M9: =VLOOKUP($A9,[6]HISTOJUIL25!$A$6:$AV$49,16,0) -> 0 | N9: =IF(M9<>0,VLOOKUP($A9,[6]HISTOJUIL25!$A$6:$AV$49,42,0),"ECHEC") -> ECHEC | O9: =IF(R9=0,0,VLOOKUP($A9,[6]HISTOJUIL25!$A$6:$AV$49,32,0)) -> 0 | P9: =VLOOKUP($A9,[6]HISTOJUIL25!$A$6:$AV$49,33,0) -> 0 | Q9: =IF(R9=0,0,($C$3-R9)) -> 0 | R9: =VLOOKUP($A9,[6]HISTOJUIL25!$A$6:$AV$49,29,0) -> 0
A10: AS201605 | B10: =IF(D10=0,0,VLOOKUP($A10,[6]HISTOJUIL25!$A$6:$BP$45,10,0)) -> 1 | C10: =VLOOKUP(A10,[7]LISTADHERENT!A$5:H$60,3,0) -> DJOUKWE NANGUEN GUY BLAISE | D10: =IF(G10="ECHEC",0,B$3) -> 25000 | E10: =D10+VLOOKUP($A10,[6]HISTOJUIL25!$A$7:$AT$43,45,0)+F10 -> 50000 | F10: =VLOOKUP($A10,[6]HISTOJUIL25!$A$6:$AU$48,8,0) -> 0 | G10: =VLOOKUP($A10,[6]HISTOJUIL25!$A$6:$AU$49,9,0) -> BANQUE | H10: =VLOOKUP($A10,[6]HISTOJUIL25!$A$6:$AV$49,35,0) -> 0 | I10: =VLOOKUP($A10,[6]HISTOJUIL25!$A$6:$AV$49,38,0) -> 0 | J10: =IF(I10=0,"",VLOOKUP($A10,[6]HISTOJUIL25!$A$6:$AV$47,42,0)) | K10: =VLOOKUP($A10,[6]HISTOJUIL25!$A$6:$AV$49,41,0) -> 0 | L10: =TONTJUIN25!H10+TONTJUIN25!I10 -> 31000 | M10: =VLOOKUP($A10,[6]HISTOJUIL25!$A$6:$AV$49,16,0) -> 31000 | N10: =IF(M10<>0,VLOOKUP($A10,[6]HISTOJUIL25!$A$6:$AV$49,42,0),"ECHEC") -> BANQUE | O10: =IF(R10=0,0,VLOOKUP($A10,[6]HISTOJUIL25!$A$6:$AV$49,32,0)) -> 0 | P10: =VLOOKUP($A10,[6]HISTOJUIL25!$A$6:$AV$49,33,0) -> 0 | Q10: =IF(R10=0,0,($C$3-R10)) -> 0 | R10: =VLOOKUP($A10,[6]HISTOJUIL25!$A$6:$AV$49,29,0) -> 0
A11: AS201608 | B11: =IF(D11=0,0,VLOOKUP($A11,[6]HISTOJUIL25!$A$6:$BP$45,10,0)) -> 1 | C11: =VLOOKUP(A11,[7]LISTADHERENT!A$5:H$60,3,0) -> DJUOMBESSY ANTOINE | D11: =IF(G11="ECHEC",0,B$3) -> 25000 | E11: =D11+VLOOKUP($A11,[6]HISTOJUIL25!$A$7:$AT$43,45,0)+F11 -> 63500 | F11: =VLOOKUP($A11,[6]HISTOJUIL25!$A$6:$AU$48,8,0) -> 0 | G11: =VLOOKUP($A11,[6]HISTOJUIL25!$A$6:$AU$49,9,0) -> BANQUE | H11: =VLOOKUP($A11,[6]HISTOJUIL25!$A$6:$AV$49,35,0) -> 30000 | I11: =VLOOKUP($A11,[6]HISTOJUIL25!$A$6:$AV$49,38,0) -> 500 | J11: =IF(I11=0,"",VLOOKUP($A11,[6]HISTOJUIL25!$A$6:$AV$47,42,0)) -> BANQUE | K11: =VLOOKUP($A11,[6]HISTOJUIL25!$A$6:$AV$49,41,0) -> 0 | L11: =TONTJUIN25!H11+TONTJUIN25!I11 -> 31000 | M11: =VLOOKUP($A11,[6]HISTOJUIL25!$A$6:$AV$49,16,0) -> 31000 | N11: =IF(M11<>0,VLOOKUP($A11,[6]HISTOJUIL25!$A$6:$AV$49,42,0),"ECHEC") -> BANQUE | O11: =IF(R11=0,0,VLOOKUP($A11,[6]HISTOJUIL25!$A$6:$AV$49,32,0)) -> 0 | P11: =VLOOKUP($A11,[6]HISTOJUIL25!$A$6:$AV$49,33,0) -> 0 | Q11: =IF(R11=0,0,($C$3-R11)) -> 0 | R11: =VLOOKUP($A11,[6]HISTOJUIL25!$A$6:$AV$49,29,0) -> 0
A12: AS201651 | B12: =IF(D12=0,0,VLOOKUP($A12,[6]HISTOJUIL25!$A$6:$BP$45,10,0)) -> 1 | C12: =VLOOKUP(A12,[7]LISTADHERENT!A$5:H$60,3,0) -> DOMOU FABIEN | D12: =IF(G12="ECHEC",0,B$3) -> 25000 | E12: =D12+VLOOKUP($A12,[6]HISTOJUIL25!$A$7:$AT$43,45,0)+F12 -> 50000 | F12: =VLOOKUP($A12,[6]HISTOJUIL25!$A$6:$AU$48,8,0) -> 0 | G12: =VLOOKUP($A12,[6]HISTOJUIL25!$A$6:$AU$49,9,0) -> BANQUE | H12: =VLOOKUP($A12,[6]HISTOJUIL25!$A$6:$AV$49,35,0) -> 0 | I12: =VLOOKUP($A12,[6]HISTOJUIL25!$A$6:$AV$49,38,0) -> 0 | J12: =IF(I12=0,"",VLOOKUP($A12,[6]HISTOJUIL25!$A$6:$AV$47,42,0)) | K12: =VLOOKUP($A12,[6]HISTOJUIL25!$A$6:$AV$49,41,0) -> 0 | L12: =TONTJUIN25!H12+TONTJUIN25!I12 -> 0 | M12: =VLOOKUP($A12,[6]HISTOJUIL25!$A$6:$AV$49,16,0) -> 0 | N12: =IF(M12<>0,VLOOKUP($A12,[6]HISTOJUIL25!$A$6:$AV$49,42,0),"ECHEC") -> ECHEC | O12: =IF(R12=0,0,VLOOKUP($A12,[6]HISTOJUIL25!$A$6:$AV$49,32,0)) -> 0 | P12: =VLOOKUP($A12,[6]HISTOJUIL25!$A$6:$AV$49,33,0) -> 0 | Q12: =IF(R12=0,0,($C$3-R12)) -> 0 | R12: =VLOOKUP($A12,[6]HISTOJUIL25!$A$6:$AV$49,29,0) -> 0
A13: AS201609 | B13: =IF(D13=0,0,VLOOKUP($A13,[6]HISTOJUIL25!$A$6:$BP$45,10,0)) -> 1 | C13: =VLOOKUP(A13,[7]LISTADHERENT!A$5:H$60,3,0) -> DONHOU DAVID | D13: =IF(G13="ECHEC",0,B$3) -> 25000 | E13: =D13+VLOOKUP($A13,[6]HISTOJUIL25!$A$7:$AT$43,45,0)+F13 -> 50000 | F13: =VLOOKUP($A13,[6]HISTOJUIL25!$A$6:$AU$48,8,0) -> 0 | G13: =VLOOKUP($A13,[6]HISTOJUIL25!$A$6:$AU$49,9,0) -> BANQUE | H13: =VLOOKUP($A13,[6]HISTOJUIL25!$A$6:$AV$49,35,0) -> 0 | I13: =VLOOKUP($A13,[6]HISTOJUIL25!$A$6:$AV$49,38,0) -> 0 | J13: =IF(I13=0,"",VLOOKUP($A13,[6]HISTOJUIL25!$A$6:$AV$47,42,0)) | K13: =VLOOKUP($A13,[6]HISTOJUIL25!$A$6:$AV$49,41,0) -> 0 | L13: =TONTJUIN25!H13+TONTJUIN25!I13 -> 0 | M13: =VLOOKUP($A13,[6]HISTOJUIL25!$A$6:$AV$49,16,0) -> 0 | N13: =IF(M13<>0,VLOOKUP($A13,[6]HISTOJUIL25!$A$6:$AV$49,42,0),"ECHEC") -> ECHEC | O13: =IF(R13=0,0,VLOOKUP($A13,[6]HISTOJUIL25!$A$6:$AV$49,32,0)) -> 0 | P13: =VLOOKUP($A13,[6]HISTOJUIL25!$A$6:$AV$49,33,0) -> 0 | Q13: =IF(R13=0,0,($C$3-R13)) -> 0 | R13: =VLOOKUP($A13,[6]HISTOJUIL25!$A$6:$AV$49,29,0) -> 0
A14: AS201663 | B14: =IF(D14=0,0,VLOOKUP($A14,[6]HISTOJUIL25!$A$6:$BP$45,10,0)) -> 1 | C14: =VLOOKUP(A14,[7]LISTADHERENT!A$5:H$60,3,0) -> FAMPOU PAUL | D14: =IF(G14="ECHEC",0,B$3) -> 25000 | E14: =D14+VLOOKUP($A14,[6]HISTOJUIL25!$A$7:$AT$43,45,0)+F14 -> 50000 | F14: =VLOOKUP($A14,[6]HISTOJUIL25!$A$6:$AU$48,8,0) -> 0 | G14: =VLOOKUP($A14,[6]HISTOJUIL25!$A$6:$AU$49,9,0) -> BANQUE | H14: =VLOOKUP($A14,[6]HISTOJUIL25!$A$6:$AV$49,35,0) -> 0 | I14: =VLOOKUP($A14,[6]HISTOJUIL25!$A$6:$AV$49,38,0) -> 0 | J14: =IF(I14=0,"",VLOOKUP($A14,[6]HISTOJUIL25!$A$6:$AV$47,42,0)) | K14: =VLOOKUP($A14,[6]HISTOJUIL25!$A$6:$AV$49,41,0) -> 0 | L14: =TONTJUIN25!H14+TONTJUIN25!I14 -> 0 | M14: =VLOOKUP($A14,[6]HISTOJUIL25!$A$6:$AV$49,16,0) -> 0 | N14: =IF(M14<>0,VLOOKUP($A14,[6]HISTOJUIL25!$A$6:$AV$49,42,0),"ECHEC") -> ECHEC | O14: =IF(R14=0,0,VLOOKUP($A14,[6]HISTOJUIL25!$A$6:$AV$49,32,0)) -> 0 | P14: =VLOOKUP($A14,[6]HISTOJUIL25!$A$6:$AV$49,33,0) -> 0 | Q14: =IF(R14=0,0,($C$3-R14)) -> 297500 | R14: =VLOOKUP($A14,[6]HISTOJUIL25!$A$6:$AV$49,29,0) -> 2500
A15: AS201611 | B15: =IF(D15=0,0,VLOOKUP($A15,[6]HISTOJUIL25!$A$6:$BP$45,10,0)) -> 1 | C15: =VLOOKUP(A15,[7]LISTADHERENT!A$5:H$60,3,0) -> HENGUE PAUL OMER | D15: =IF(G15="ECHEC",0,B$3) -> 25000 | E15: =D15+VLOOKUP($A15,[6]HISTOJUIL25!$A$7:$AT$43,45,0)+F15 -> 50000 | F15: =VLOOKUP($A15,[6]HISTOJUIL25!$A$6:$AU$48,8,0) -> 0 | G15: =VLOOKUP($A15,[6]HISTOJUIL25!$A$6:$AU$49,9,0) -> BANQUE | H15: =VLOOKUP($A15,[6]HISTOJUIL25!$A$6:$AV$49,35,0) -> 0 | I15: =VLOOKUP($A15,[6]HISTOJUIL25!$A$6:$AV$49,38,0) -> 0 | J15: =IF(I15=0,"",VLOOKUP($A15,[6]HISTOJUIL25!$A$6:$AV$47,42,0)) | K15: =VLOOKUP($A15,[6]HISTOJUIL25!$A$6:$AV$49,41,0) -> 0 | L15: =TONTJUIN25!H15+TONTJUIN25!I15 -> 0 | M15: =VLOOKUP($A15,[6]HISTOJUIL25!$A$6:$AV$49,16,0) -> 0 | N15: =IF(M15<>0,VLOOKUP($A15,[6]HISTOJUIL25!$A$6:$AV$49,42,0),"ECHEC") -> ECHEC | O15: =IF(R15=0,0,VLOOKUP($A15,[6]HISTOJUIL25!$A$6:$AV$49,32,0)) -> 0 | P15: =VLOOKUP($A15,[6]HISTOJUIL25!$A$6:$AV$49,33,0) -> 0 | Q15: =IF(R15=0,0,($C$3-R15)) -> 0 | R15: =VLOOKUP($A15,[6]HISTOJUIL25!$A$6:$AV$49,29,0) -> 0
A16: AS201613 | B16: =IF(D16=0,0,VLOOKUP($A16,[6]HISTOJUIL25!$A$6:$BP$45,10,0)) -> 1 | C16: =VLOOKUP(A16,[7]LISTADHERENT!A$5:H$60,3,0) -> HOTCHO BENJAMIN | D16: =IF(G16="ECHEC",0,B$3) -> 25000 | E16: =D16+VLOOKUP($A16,[6]HISTOJUIL25!$A$7:$AT$43,45,0)+F16 -> 64500 | F16: =VLOOKUP($A16,[6]HISTOJUIL25!$A$6:$AU$48,8,0) -> 0 | G16: =VLOOKUP($A16,[6]HISTOJUIL25!$A$6:$AU$49,9,0) -> BANQUE | H16: =VLOOKUP($A16,[6]HISTOJUIL25!$A$6:$AV$49,35,0) -> 0 | I16: =VLOOKUP($A16,[6]HISTOJUIL25!$A$6:$AV$49,38,0) -> 0 | J16: =IF(I16=0,"",VLOOKUP($A16,[6]HISTOJUIL25!$A$6:$AV$47,42,0)) | K16: =VLOOKUP($A16,[6]HISTOJUIL25!$A$6:$AV$49,41,0) -> 0 | L16: =TONTJUIN25!H16+TONTJUIN25!I16 -> 0 | M16: =VLOOKUP($A16,[6]HISTOJUIL25!$A$6:$AV$49,16,0) -> 0 | N16: =IF(M16<>0,VLOOKUP($A16,[6]HISTOJUIL25!$A$6:$AV$49,42,0),"ECHEC") -> ECHEC | O16: =IF(R16=0,0,VLOOKUP($A16,[6]HISTOJUIL25!$A$6:$AV$49,32,0)) -> 0 | P16: =VLOOKUP($A16,[6]HISTOJUIL25!$A$6:$AV$49,33,0) -> 0 | Q16: =IF(R16=0,0,($C$3-R16)) -> 0 | R16: =VLOOKUP($A16,[6]HISTOJUIL25!$A$6:$AV$49,29,0) -> 0
A17: AS201617 | B17: =IF(D17=0,0,VLOOKUP($A17,[6]HISTOJUIL25!$A$6:$BP$45,10,0)) -> 1 | C17: =VLOOKUP(A17,[7]LISTADHERENT!A$5:H$60,3,0) -> KOUAMOU MOISE | D17: =IF(G17="ECHEC",0,B$3) -> 25000 | E17: =D17+VLOOKUP($A17,[6]HISTOJUIL25!$A$7:$AT$43,45,0)+F17 -> 50000 | F17: =VLOOKUP($A17,[6]HISTOJUIL25!$A$6:$AU$48,8,0) -> 0 | G17: =VLOOKUP($A17,[6]HISTOJUIL25!$A$6:$AU$49,9,0) -> BANQUE | H17: =VLOOKUP($A17,[6]HISTOJUIL25!$A$6:$AV$49,35,0) -> 0 | I17: =VLOOKUP($A17,[6]HISTOJUIL25!$A$6:$AV$49,38,0) -> 0 | J17: =IF(I17=0,"",VLOOKUP($A17,[6]HISTOJUIL25!$A$6:$AV$47,42,0)) | K17: =VLOOKUP($A17,[6]HISTOJUIL25!$A$6:$AV$49,41,0) -> 0 | L17: =TONTJUIN25!H17+TONTJUIN25!I17 -> 0 | M17: =VLOOKUP($A17,[6]HISTOJUIL25!$A$6:$AV$49,16,0) -> 0 | N17: =IF(M17<>0,VLOOKUP($A17,[6]HISTOJUIL25!$A$6:$AV$49,42,0),"ECHEC") -> ECHEC | O17: =IF(R17=0,0,VLOOKUP($A17,[6]HISTOJUIL25!$A$6:$AV$49,32,0)) -> 0 | P17: =VLOOKUP($A17,[6]HISTOJUIL25!$A$6:$AV$49,33,0) -> 0 | Q17: =IF(R17=0,0,($C$3-R17)) -> 0 | R17: =VLOOKUP($A17,[6]HISTOJUIL25!$A$6:$AV$49,29,0) -> 0
... A40: AS201647 | B40: =IF(D40=0,0,VLOOKUP($A40,[6]HISTOJUIL25!$A$6:$BP$45,10,0)) -> 1 | C40: =VLOOKUP(A40,[7]LISTADHERENT!A$5:H$60,3,0) -> YOUMBI EMMANUEL | D40: =IF(G40="ECHEC",0,B$3) -> 25000 | E40: =D40+VLOOKUP($A40,[6]HISTOJUIL25!$A$7:$AT$43,45,0)+F40 -> 50000 | F40: =VLOOKUP($A40,[6]HISTOJUIL25!$A$6:$AU$48,8,0) -> 0 | G40: =VLOOKUP($A40,[6]HISTOJUIL25!$A$6:$AU$49,9,0) -> BANQUE | H40: =VLOOKUP($A40,[6]HISTOJUIL25!$A$6:$AV$49,35,0) -> 0 | I40: =VLOOKUP($A40,[6]HISTOJUIL25!$A$6:$AV$49,38,0) -> 0 | J40: =IF(I40=0,"",VLOOKUP($A40,[6]HISTOJUIL25!$A$6:$AV$47,42,0)) | K40: =VLOOKUP($A40,[6]HISTOJUIL25!$A$6:$AV$49,41,0) -> 0 | L40: =TONTJUIN25!H40+TONTJUIN25!I40 -> 0 | M40: =VLOOKUP($A40,[6]HISTOJUIL25!$A$6:$AV$49,16,0) -> 0 | N40: =IF(M40<>0,VLOOKUP($A40,[6]HISTOJUIL25!$A$6:$AV$49,42,0),"ECHEC") -> ECHEC | O40: =IF(R40=0,0,VLOOKUP($A40,[6]HISTOJUIL25!$A$6:$AV$49,32,0)) -> 0 | P40: =VLOOKUP($A40,[6]HISTOJUIL25!$A$6:$AV$49,33,0) -> 0 | Q40: =IF(R40=0,0,($C$3-R40)) -> 0 | R40: =VLOOKUP($A40,[6]HISTOJUIL25!$A$6:$AV$49,29,0) -> 0
A42: TOTAL PART | B42: =SUM(B6:B41) -> 35
A43: NBRE ADHERENT | B43: =COUNT(D6:D41) -> 35 | D43: =SUM(D6:D42) -> 875000 | F43: =SUM(F6:F42) -> 6000 | G43: =SUM(G6:G42) -> 0 | H43: =SUM(H6:H42) -> 145000 | I43: =SUM(I6:I42) -> 1500 | J43: =SUM(J6:J42) -> 0 | K43: =SUM(K6:K42) -> 0 | L43: =SUM(L6:L42) -> 162500 | M43: =SUM(M6:M42) -> 162500 | ... R43: =SUM(R6:R42) -> 7500
N44: NBRE PART | O44: PART VENDUE
D45: MONTANT TONTINE | G45: REMBOURSEMENT PETIT LOT | H45: VENTE PETIT LOT | I45: VENTE LOT PRINCIPAL | J45: SOLDE EN CAISSE | L45: TONTINE + REMB + INTERET VENTE | M45: =D49+G49+R43 -> 1045000
D46: =SUMIFS(D6:D42,G6:G42,"ESPECES") -> 100000 | F46: ESPECES | G46: =SUMIFS(M6:M35,N6:N35,"ESPECES") -> 0 | H46: =SUMIFS(H6:H42,J6:J42,"ESPECES") -> 0 | I46: =SUMIFS(Q6:Q42,O6:O42,"ESPECES") -> 0 | J46: =D46+G46-H46-I46 -> 100000 | L46: LOT PRINCIPAL | M46: =C3*COUNTIF(Q7:Q42,">0") -> 900000 | N46: =D3 -> 3 | O46: =COUNTIF(Q7:Q35,">0") -> 3
D47: =SUMIFS(D6:D42,G6:G42,"BANQUE") -> 775000 | F47: BANQUE | G47: =SUMIFS(M6:M35,N6:N35,"BANQUE") -> 162500 | H47: =SUMIFS(H6:H42,J6:J42,"BANQUE") -> 30000 | I47: =SUMIFS(Q6:Q42,O6:O42,"BANQUE") -> 0 | J47: =D47+G47-H47-I47 -> 907500
L48: PETIT LOT | M48: =M45-M46 -> 145000
D49: =D46+D47 -> 875000 | F49: TOTAL | G49: =G46+G47 -> 162500 | H49: =H46+H47 -> 30000 | I49: =I46+I47 -> 0 | J49: =J46+J47 -> 1007500
F50: TOTAL+DEPOT | L50: RELIQUAT | M50: =M48-H43 -> 0 | O50: =M50+TONTJANV25!O50 -> 0 | P50: CUMUL
L52: ECHEC TONTINE MOIS | M52: =COUNTIFS(G7:G41,"ECHEC")*23000 -> 0 | O52: =+M52+TONTJANV25!O52 -> 0 | P52: CUMUL
L53: ECHEC REMBOURSEMENT MOIS | M53: =L43-G49 -> 0 | O53: =+TONTJANV25!O53 -> 0 | P53: CUMUL

Sheet TONTAOUT25
A1: ASSOCIATION | B1: ASELBY
A2: ANNEE | B2: 2025 | C2: TONIINE | D2: NBRE PART
A3: TAUX TONTINE | B3: 25000 | C3: =B3*12 -> 300000 | D3: =ROUNDDOWN(M45/C3,0) -> 3
C4: 45882
A5: MATRICULE | B5: NBREPART | C5: NOM ET PRENOM | D5: MONTANT TONTINE | E5: MONTANT VERSE | F5: PENALITE VERSEMENT ESPECES | G5: MODE VERSEMENT | H5: VENTE PETIT LOT | I5: INTERET PETIT LOT | J5: MODE VERSEMENT VENTE PETIT LOT | K5: NUMERO CHEQUE | L5: MONTANT A REMBOURSER PETIT LOT | M5: REMBOURSEMENT PETIT LOT | N5: MODE VERSEMENT REMBOURSEMENT | O5: MODE VERSEMENTLOT PRINCIPAL | P5: NUMERO CHEQUE | Q5: MONTANT LOT PRINCIPAL | R5: INTERET LOT PRINCIPAL
A6: AS201601 | B6: =IF(D6=0,0,VLOOKUP($A6,[6]HISTOAOUT25!$A$6:$BP$45,10,0)) -> 1 | C6: =VLOOKUP(A6,[7]LISTADHERENT!A$5:H$60,3,0) -> BAKOP ACHILLE | D6: =IF(G6="ECHEC",0,B$3) -> 25000 | E6: =D6+VLOOKUP($A6,[6]HISTOAOUT25!$A$7:$AT$43,45,0)+F6 -> 50000 | F6: =VLOOKUP($A6,[6]HISTOAOUT25!$A$6:$AU$48,8,0) -> 0 | G6: =VLOOKUP($A6,[6]HISTOAOUT25!$A$6:$AU$49,9,0) -> ESPECES | H6: =VLOOKUP($A6,[6]HISTOAOUT25!$A$6:$AV$49,35,0) -> 0 | I6: =VLOOKUP($A6,[6]HISTOAOUT25!$A$6:$AV$49,38,0) -> 0 | J6: =IF(I6=0,"",VLOOKUP($A6,[6]HISTOAOUT25!$A$6:$AV$47,42,0)) | K6: =VLOOKUP($A6,[6]HISTOAOUT25!$A$6:$AV$49,41,0) -> 0 | L6: =TONTJUIL25!H6+TONTJUIL25!I6 -> 0 | M6: =VLOOKUP($A6,[6]HISTOAOUT25!$A$6:$AV$49,16,0) -> 0 | N6: =IF(M6<>0,VLOOKUP($A6,[6]HISTOAOUT25!$A$6:$AV$49,42,0),"ECHEC") -> ECHEC | O6: =IF(R6=0,0,VLOOKUP($A6,[6]HISTOAOUT25!$A$6:$AV$49,32,0)) -> 0 | P6: =VLOOKUP($A6,[6]HISTOAOUT25!$A$6:$AV$49,33,0) -> 0 | Q6: =IF(R6=0,0,($C$3-R6)) -> 297500 | R6: =VLOOKUP($A6,[6]HISTOAOUT25!$A$6:$AV$49,29,0) -> 2500
A7: AS201602 | B7: =IF(D7=0,0,VLOOKUP($A7,[6]HISTOAOUT25!$A$6:$BP$45,10,0)) -> 1 | C7: =VLOOKUP(A7,[7]LISTADHERENT!A$5:H$60,3,0) -> BOUTCHOUANG WILLIAM | D7: =IF(G7="ECHEC",0,B$3) -> 25000 | E7: =D7+VLOOKUP($A7,[6]HISTOAOUT25!$A$7:$AT$43,45,0)+F7 -> 50000 | F7: =VLOOKUP($A7,[6]HISTOAOUT25!$A$6:$AU$48,8,0) -> 0 | G7: =VLOOKUP($A7,[6]HISTOAOUT25!$A$6:$AU$49,9,0) -> BANQUE | H7: =VLOOKUP($A7,[6]HISTOAOUT25!$A$6:$AV$49,35,0) -> 0 | I7: =VLOOKUP($A7,[6]HISTOAOUT25!$A$6:$AV$49,38,0) -> 0 | J7: =IF(I7=0,"",VLOOKUP($A7,[6]HISTOAOUT25!$A$6:$AV$47,42,0)) | K7: =VLOOKUP($A7,[6]HISTOAOUT25!$A$6:$AV$49,41,0) -> 0 | L7: =TONTJUIL25!H7+TONTJUIL25!I7 -> 0 | M7: =VLOOKUP($A7,[6]HISTOAOUT25!$A$6:$AV$49,16,0) -> 0 | N7: =IF(M7<>0,VLOOKUP($A7,[6]HISTOAOUT25!$A$6:$AV$49,42,0),"ECHEC") -> ECHEC | O7: =IF(R7=0,0,VLOOKUP($A7,[6]HISTOAOUT25!$A$6:$AV$49,32,0)) -> 0 | P7: =VLOOKUP($A7,[6]HISTOAOUT25!$A$6:$AV$49,33,0) -> 0 | Q7: =IF(R7=0,0,($C$3-R7)) -> 0 | R7: =VLOOKUP($A7,[6]HISTOAOUT25!$A$6:$AV$49,29,0) -> 0
A8: AS201604 | B8: =IF(D8=0,0,VLOOKUP($A8,[6]HISTOAOUT25!$A$6:$BP$45,10,0)) -> 1 | C8: =VLOOKUP(A8,[7]LISTADHERENT!A$5:H$60,3,0) -> DJOMO JEAN PAUL | D8: =IF(G8="ECHEC",0,B$3) -> 25000 | E8: =D8+VLOOKUP($A8,[6]HISTOAOUT25!$A$7:$AT$43,45,0)+F8 -> 50000 | F8: =VLOOKUP($A8,[6]HISTOAOUT25!$A$6:$AU$48,8,0) -> 0 | G8: =VLOOKUP($A8,[6]HISTOAOUT25!$A$6:$AU$49,9,0) -> ESPECES | H8: =VLOOKUP($A8,[6]HISTOAOUT25!$A$6:$AV$49,35,0) -> 30000 | I8: =VLOOKUP($A8,[6]HISTOAOUT25!$A$6:$AV$49,38,0) -> 500 | J8: =IF(I8=0,"",VLOOKUP($A8,[6]HISTOAOUT25!$A$6:$AV$47,42,0)) -> BANQUE | K8: =VLOOKUP($A8,[6]HISTOAOUT25!$A$6:$AV$49,41,0) -> 0 | L8: =TONTJUIL25!H8+TONTJUIL25!I8 -> 0 | M8: =VLOOKUP($A8,[6]HISTOAOUT25!$A$6:$AV$49,16,0) -> 0 | N8: =IF(M8<>0,VLOOKUP($A8,[6]HISTOAOUT25!$A$6:$AV$49,42,0),"ECHEC") -> ECHEC | O8: =IF(R8=0,0,VLOOKUP($A8,[6]HISTOAOUT25!$A$6:$AV$49,32,0)) -> 0 | P8: =VLOOKUP($A8,[6]HISTOAOUT25!$A$6:$AV$49,33,0) -> 0 | Q8: =IF(R8=0,0,($C$3-R8)) -> 0 | R8: =VLOOKUP($A8,[6]HISTOAOUT25!$A$6:$AV$49,29,0) -> 0
A9: AS201654 | B9: =IF(D9=0,0,VLOOKUP($A9,[6]HISTOAOUT25!$A$6:$BP$45,10,0)) -> 1 | C9: =VLOOKUP(A9,[7]LISTADHERENT!A$5:H$60,3,0) -> DJOMOU TCHAPDA | D9: =IF(G9="ECHEC",0,B$3) -> 25000 | E9: =D9+VLOOKUP($A9,[6]HISTOAOUT25!$A$7:$AT$43,45,0)+F9 -> 50500 | F9: =VLOOKUP($A9,[6]HISTOAOUT25!$A$6:$AU$48,8,0) -> 0 | G9: =VLOOKUP($A9,[6]HISTOAOUT25!$A$6:$AU$49,9,0) -> BANQUE | H9: =VLOOKUP($A9,[6]HISTOAOUT25!$A$6:$AV$49,35,0) -> 60000 | I9: =VLOOKUP($A9,[6]HISTOAOUT25!$A$6:$AV$49,38,0) -> 1000 | J9: =IF(I9=0,"",VLOOKUP($A9,[6]HISTOAOUT25!$A$6:$AV$47,42,0)) -> BANQUE | K9: =VLOOKUP($A9,[6]HISTOAOUT25!$A$6:$AV$49,41,0) -> 0 | L9: =TONTJUIL25!H9+TONTJUIL25!I9 -> 26500 | M9: =VLOOKUP($A9,[6]HISTOAOUT25!$A$6:$AV$49,16,0) -> 26500 | N9: =IF(M9<>0,VLOOKUP($A9,[6]HISTOAOUT25!$A$6:$AV$49,42,0),"ECHEC") -> BANQUE | O9: =IF(R9=0,0,VLOOKUP($A9,[6]HISTOAOUT25!$A$6:$AV$49,32,0)) -> 0 | P9: =VLOOKUP($A9,[6]HISTOAOUT25!$A$6:$AV$49,33,0) -> 0 | Q9: =IF(R9=0,0,($C$3-R9)) -> 0 | R9: =VLOOKUP($A9,[6]HISTOAOUT25!$A$6:$AV$49,29,0) -> 0
A10: AS201605 | B10: =IF(D10=0,0,VLOOKUP($A10,[6]HISTOAOUT25!$A$6:$BP$45,10,0)) -> 1 | C10: =VLOOKUP(A10,[7]LISTADHERENT!A$5:H$60,3,0) -> DJOUKWE NANGUEN GUY BLAISE | D10: =IF(G10="ECHEC",0,B$3) -> 25000 | E10: =D10+VLOOKUP($A10,[6]HISTOAOUT25!$A$7:$AT$43,45,0)+F10 -> 300000 | F10: =VLOOKUP($A10,[6]HISTOAOUT25!$A$6:$AU$48,8,0) -> 0 | G10: =VLOOKUP($A10,[6]HISTOAOUT25!$A$6:$AU$49,9,0) -> BANQUE | H10: =VLOOKUP($A10,[6]HISTOAOUT25!$A$6:$AV$49,35,0) -> 0 | I10: =VLOOKUP($A10,[6]HISTOAOUT25!$A$6:$AV$49,38,0) -> 0 | J10: =IF(I10=0,"",VLOOKUP($A10,[6]HISTOAOUT25!$A$6:$AV$47,42,0)) | K10: =VLOOKUP($A10,[6]HISTOAOUT25!$A$6:$AV$49,41,0) -> 0 | L10: =TONTJUIL25!H10+TONTJUIL25!I10 -> 0 | M10: =VLOOKUP($A10,[6]HISTOAOUT25!$A$6:$AV$49,16,0) -> 0 | N10: =IF(M10<>0,VLOOKUP($A10,[6]HISTOAOUT25!$A$6:$AV$49,42,0),"ECHEC") -> ECHEC | O10: =IF(R10=0,0,VLOOKUP($A10,[6]HISTOAOUT25!$A$6:$AV$49,32,0)) -> 0 | P10: =VLOOKUP($A10,[6]HISTOAOUT25!$A$6:$AV$49,33,0) -> 0 | Q10: =IF(R10=0,0,($C$3-R10)) -> 0 | R10: =VLOOKUP($A10,[6]HISTOAOUT25!$A$6:$AV$49,29,0) -> 0
A11: AS201608 | B11: =IF(D11=0,0,VLOOKUP($A11,[6]HISTOAOUT25!$A$6:$BP$45,10,0)) -> 1 | C11: =VLOOKUP(A11,[7]LISTADHERENT!A$5:H$60,3,0) -> DJUOMBESSY ANTOINE | D11: =IF(G11="ECHEC",0,B$3) -> 25000 | E11: =D11+VLOOKUP($A11,[6]HISTOAOUT25!$A$7:$AT$43,45,0)+F11 -> 62500 | F11: =VLOOKUP($A11,[6]HISTOAOUT25!$A$6:$AU$48,8,0) -> 0 | G11: =VLOOKUP($A11,[6]HISTOAOUT25!$A$6:$AU$49,9,0) -> BANQUE | H11: =VLOOKUP($A11,[6]HISTOAOUT25!$A$6:$AV$49,35,0) -> 0 | I11: =VLOOKUP($A11,[6]HISTOAOUT25!$A$6:$AV$49,38,0) -> 0 | J11: =IF(I11=0,"",VLOOKUP($A11,[6]HISTOAOUT25!$A$6:$AV$47,42,0)) | K11: =VLOOKUP($A11,[6]HISTOAOUT25!$A$6:$AV$49,41,0) -> 0 | L11: =TONTJUIL25!H11+TONTJUIL25!I11 -> 30500 | M11: =VLOOKUP($A11,[6]HISTOAOUT25!$A$6:$AV$49,16,0) -> 30500 | N11: =IF(M11<>0,VLOOKUP($A11,[6]HISTOAOUT25!$A$6:$AV$49,42,0),"ECHEC") -> BANQUE | O11: =IF(R11=0,0,VLOOKUP($A11,[6]HISTOAOUT25!$A$6:$AV$49,32,0)) -> 0 | P11: =VLOOKUP($A11,[6]HISTOAOUT25!$A$6:$AV$49,33,0) -> 0 | Q11: =IF(R11=0,0,($C$3-R11)) -> 0 | R11: =VLOOKUP($A11,[6]HISTOAOUT25!$A$6:$AV$49,29,0) -> 0
A12: AS201651 | B12: =IF(D12=0,0,VLOOKUP($A12,[6]HISTOAOUT25!$A$6:$BP$45,10,0)) -> 1 | C12: =VLOOKUP(A12,[7]LISTADHERENT!A$5:H$60,3,0) -> DOMOU FABIEN | D12: =IF(G12="ECHEC",0,B$3) -> 25000 | E12: =D12+VLOOKUP($A12,[6]HISTOAOUT25!$A$7:$AT$43,45,0)+F12 -> 50000 | F12: =VLOOKUP($A12,[6]HISTOAOUT25!$A$6:$AU$48,8,0) -> 0 | G12: =VLOOKUP($A12,[6]HISTOAOUT25!$A$6:$AU$49,9,0) -> BANQUE | H12: =VLOOKUP($A12,[6]HISTOAOUT25!$A$6:$AV$49,35,0) -> 0 | I12: =VLOOKUP($A12,[6]HISTOAOUT25!$A$6:$AV$49,38,0) -> 0 | J12: =IF(I12=0,"",VLOOKUP($A12,[6]HISTOAOUT25!$A$6:$AV$47,42,0)) | K12: =VLOOKUP($A12,[6]HISTOAOUT25!$A$6:$AV$49,41,0) -> 0 | L12: =TONTJUIL25!H12+TONTJUIL25!I12 -> 0 | M12: =VLOOKUP($A12,[6]HISTOAOUT25!$A$6:$AV$49,16,0) -> 0 | N12: =IF(M12<>0,VLOOKUP($A12,[6]HISTOAOUT25!$A$6:$AV$49,42,0),"ECHEC") -> ECHEC | O12: =IF(R12=0,0,VLOOKUP($A12,[6]HISTOAOUT25!$A$6:$AV$49,32,0)) -> 0 | P12: =VLOOKUP($A12,[6]HISTOAOUT25!$A$6:$AV$49,33,0) -> 0 | Q12: =IF(R12=0,0,($C$3-R12)) -> 0 | R12: =VLOOKUP($A12,[6]HISTOAOUT25!$A$6:$AV$49,29,0) -> 0
A13: AS201609 | B13: =IF(D13=0,0,VLOOKUP($A13,[6]HISTOAOUT25!$A$6:$BP$45,10,0)) -> 1 | C13: =VLOOKUP(A13,[7]LISTADHERENT!A$5:H$60,3,0) -> DONHOU DAVID | D13: =IF(G13="ECHEC",0,B$3) -> 25000 | E13: =D13+VLOOKUP($A13,[6]HISTOAOUT25!$A$7:$AT$43,45,0)+F13 -> 50000 | F13: =VLOOKUP($A13,[6]HISTOAOUT25!$A$6:$AU$48,8,0) -> 0 | G13: =VLOOKUP($A13,[6]HISTOAOUT25!$A$6:$AU$49,9,0) -> BANQUE | H13: =VLOOKUP($A13,[6]HISTOAOUT25!$A$6:$AV$49,35,0) -> 0 | I13: =VLOOKUP($A13,[6]HISTOAOUT25!$A$6:$AV$49,38,0) -> 0 | J13: =IF(I13=0,"",VLOOKUP($A13,[6]HISTOAOUT25!$A$6:$AV$47,42,0)) | K13: =VLOOKUP($A13,[6]HISTOAOUT25!$A$6:$AV$49,41,0) -> 0 | L13: =TONTJUIL25!H13+TONTJUIL25!I13 -> 0 | M13: =VLOOKUP($A13,[6]HISTOAOUT25!$A$6:$AV$49,16,0) -> 0 | N13: =IF(M13<>0,VLOOKUP($A13,[6]HISTOAOUT25!$A$6:$AV$49,42,0),"ECHEC") -> ECHEC | O13: =IF(R13=0,0,VLOOKUP($A13,[6]HISTOAOUT25!$A$6:$AV$49,32,0)) -> 0 | P13: =VLOOKUP($A13,[6]HISTOAOUT25!$A$6:$AV$49,33,0) -> 0 | Q13: =IF(R13=0,0,($C$3-R13)) -> 0 | R13: =VLOOKUP($A13,[6]HISTOAOUT25!$A$6:$AV$49,29,0) -> 0
A14: AS201663 | B14: =IF(D14=0,0,VLOOKUP($A14,[6]HISTOAOUT25!$A$6:$BP$45,10,0)) -> 1 | C14: =VLOOKUP(A14,[7]LISTADHERENT!A$5:H$60,3,0) -> FAMPOU PAUL | D14: =IF(G14="ECHEC",0,B$3) -> 25000 | E14: =D14+VLOOKUP($A14,[6]HISTOAOUT25!$A$7:$AT$43,45,0)+F14 -> 49000 | F14: =VLOOKUP($A14,[6]HISTOAOUT25!$A$6:$AU$48,8,0) -> 0 | G14: =VLOOKUP($A14,[6]HISTOAOUT25!$A$6:$AU$49,9,0) -> BANQUE | H14: =VLOOKUP($A14,[6]HISTOAOUT25!$A$6:$AV$49,35,0) -> 0 | I14: =VLOOKUP($A14,[6]HISTOAOUT25!$A$6:$AV$49,38,0) -> 0 | J14: =IF(I14=0,"",VLOOKUP($A14,[6]HISTOAOUT25!$A$6:$AV$47,42,0)) | K14: =VLOOKUP($A14,[6]HISTOAOUT25!$A$6:$AV$49,41,0) -> 0 | L14: =TONTJUIL25!H14+TONTJUIL25!I14 -> 0 | M14: =VLOOKUP($A14,[6]HISTOAOUT25!$A$6:$AV$49,16,0) -> 0 | N14: =IF(M14<>0,VLOOKUP($A14,[6]HISTOAOUT25!$A$6:$AV$49,42,0),"ECHEC") -> ECHEC | O14: =IF(R14=0,0,VLOOKUP($A14,[6]HISTOAOUT25!$A$6:$AV$49,32,0)) -> 0 | P14: =VLOOKUP($A14,[6]HISTOAOUT25!$A$6:$AV$49,33,0) -> 0 | Q14: =IF(R14=0,0,($C$3-R14)) -> 0 | R14: =VLOOKUP($A14,[6]HISTOAOUT25!$A$6:$AV$49,29,0) -> 0
A15: AS201611 | B15: =IF(D15=0,0,VLOOKUP($A15,[6]HISTOAOUT25!$A$6:$BP$45,10,0)) -> 1 | C15: =VLOOKUP(A15,[7]LISTADHERENT!A$5:H$60,3,0) -> HENGUE PAUL OMER | D15: =IF(G15="ECHEC",0,B$3) -> 25000 | E15: =D15+VLOOKUP($A15,[6]HISTOAOUT25!$A$7:$AT$43,45,0)+F15 -> 50000 | F15: =VLOOKUP($A15,[6]HISTOAOUT25!$A$6:$AU$48,8,0) -> 0 | G15: =VLOOKUP($A15,[6]HISTOAOUT25!$A$6:$AU$49,9,0) -> BANQUE | H15: =VLOOKUP($A15,[6]HISTOAOUT25!$A$6:$AV$49,35,0) -> 0 | I15: =VLOOKUP($A15,[6]HISTOAOUT25!$A$6:$AV$49,38,0) -> 0 | J15: =IF(I15=0,"",VLOOKUP($A15,[6]HISTOAOUT25!$A$6:$AV$47,42,0)) | K15: =VLOOKUP($A15,[6]HISTOAOUT25!$A$6:$AV$49,41,0) -> 0 | L15: =TONTJUIL25!H15+TONTJUIL25!I15 -> 0 | M15: =VLOOKUP($A15,[6]HISTOAOUT25!$A$6:$AV$49,16,0) -> 0 | N15: =IF(M15<>0,VLOOKUP($A15,[6]HISTOAOUT25!$A$6:$AV$49,42,0),"ECHEC") -> ECHEC | O15: =IF(R15=0,0,VLOOKUP($A15,[6]HISTOAOUT25!$A$6:$AV$49,32,0)) -> 0 | P15: =VLOOKUP($A15,[6]HISTOAOUT25!$A$6:$AV$49,33,0) -> 0 | Q15: =IF(R15=0,0,($C$3-R15)) -> 296500 | R15: =VLOOKUP($A15,[6]HISTOAOUT25!$A$6:$AV$49,29,0) -> 3500
A16: AS201613 | B16: =IF(D16=0,0,VLOOKUP($A16,[6]HISTOAOUT25!$A$6:$BP$45,10,0)) -> 1 | C16: =VLOOKUP(A16,[7]LISTADHERENT!A$5:H$60,3,0) -> HOTCHO BENJAMIN | D16: =IF(G16="ECHEC",0,B$3) -> 25000 | E16: =D16+VLOOKUP($A16,[6]HISTOAOUT25!$A$7:$AT$43,45,0)+F16 -> 75000 | F16: =VLOOKUP($A16,[6]HISTOAOUT25!$A$6:$AU$48,8,0) -> 0 | G16: =VLOOKUP($A16,[6]HISTOAOUT25!$A$6:$AU$49,9,0) -> BANQUE | H16: =VLOOKUP($A16,[6]HISTOAOUT25!$A$6:$AV$49,35,0) -> 0 | I16: =VLOOKUP($A16,[6]HISTOAOUT25!$A$6:$AV$49,38,0) -> 0 | J16: =IF(I16=0,"",VLOOKUP($A16,[6]HISTOAOUT25!$A$6:$AV$47,42,0)) | K16: =VLOOKUP($A16,[6]HISTOAOUT25!$A$6:$AV$49,41,0) -> 0 | L16: =TONTJUIL25!H16+TONTJUIL25!I16 -> 0 | M16: =VLOOKUP($A16,[6]HISTOAOUT25!$A$6:$AV$49,16,0) -> 0 | N16: =IF(M16<>0,VLOOKUP($A16,[6]HISTOAOUT25!$A$6:$AV$49,42,0),"ECHEC") -> ECHEC | O16: =IF(R16=0,0,VLOOKUP($A16,[6]HISTOAOUT25!$A$6:$AV$49,32,0)) -> 0 | P16: =VLOOKUP($A16,[6]HISTOAOUT25!$A$6:$AV$49,33,0) -> 0 | Q16: =IF(R16=0,0,($C$3-R16)) -> 0 | R16: =VLOOKUP($A16,[6]HISTOAOUT25!$A$6:$AV$49,29,0) -> 0
A17: AS201617 | B17: =IF(D17=0,0,VLOOKUP($A17,[6]HISTOAOUT25!$A$6:$BP$45,10,0)) -> 1 | C17: =VLOOKUP(A17,[7]LISTADHERENT!A$5:H$60,3,0) -> KOUAMOU MOISE | D17: =IF(G17="ECHEC",0,B$3) -> 25000 | E17: =D17+VLOOKUP($A17,[6]HISTOAOUT25!$A$7:$AT$43,45,0)+F17 -> 50000 | F17: =VLOOKUP($A17,[6]HISTOAOUT25!$A$6:$AU$48,8,0) -> 0 | G17: =VLOOKUP($A17,[6]HISTOAOUT25!$A$6:$AU$49,9,0) -> BANQUE | H17: =VLOOKUP($A17,[6]HISTOAOUT25!$A$6:$AV$49,35,0) -> 0 | I17: =VLOOKUP($A17,[6]HISTOAOUT25!$A$6:$AV$49,38,0) -> 0 | J17: =IF(I17=0,"",VLOOKUP($A17,[6]HISTOAOUT25!$A$6:$AV$47,42,0)) | K17: =VLOOKUP($A17,[6]HISTOAOUT25!$A$6:$AV$49,41,0) -> 0 | L17: =TONTJUIL25!H17+TONTJUIL25!I17 -> 0 | M17: =VLOOKUP($A17,[6]HISTOAOUT25!$A$6:$AV$49,16,0) -> 0 | N17: =IF(M17<>0,VLOOKUP($A17,[6]HISTOAOUT25!$A$6:$AV$49,42,0),"ECHEC") -> ECHEC | O17: =IF(R17=0,0,VLOOKUP($A17,[6]HISTOAOUT25!$A$6:$AV$49,32,0)) -> 0 | P17: =VLOOKUP($A17,[6]HISTOAOUT25!$A$6:$AV$49,33,0) -> 0 | Q17: =IF(R17=0,0,($C$3-R17)) -> 0 | R17: =VLOOKUP($A17,[6]HISTOAOUT25!$A$6:$AV$49,29,0) -> 0
... A40: AS201647 | B40: =IF(D40=0,0,VLOOKUP($A40,[6]HISTOAOUT25!$A$6:$BP$45,10,0)) -> 1 | C40: =VLOOKUP(A40,[7]LISTADHERENT!A$5:H$60,3,0) -> YOUMBI EMMANUEL | D40: =IF(G40="ECHEC",0,B$3) -> 25000 | E40: =D40+VLOOKUP($A40,[6]HISTOAOUT25!$A$7:$AT$43,45,0)+F40 -> 50000 | F40: =VLOOKUP($A40,[6]HISTOAOUT25!$A$6:$AU$48,8,0) -> 0 | G40: =VLOOKUP($A40,[6]HISTOAOUT25!$A$6:$AU$49,9,0) -> BANQUE | H40: =VLOOKUP($A40,[6]HISTOAOUT25!$A$6:$AV$49,35,0) -> 0 | I40: =VLOOKUP($A40,[6]HISTOAOUT25!$A$6:$AV$49,38,0) -> 0 | J40: =IF(I40=0,"",VLOOKUP($A40,[6]HISTOAOUT25!$A$6:$AV$47,42,0)) | K40: =VLOOKUP($A40,[6]HISTOAOUT25!$A$6:$AV$49,41,0) -> 0 | L40: =TONTJUIL25!H40+TONTJUIL25!I40 -> 0 | M40: =VLOOKUP($A40,[6]HISTOAOUT25!$A$6:$AV$49,16,0) -> 0 | N40: =IF(M40<>0,VLOOKUP($A40,[6]HISTOAOUT25!$A$6:$AV$49,42,0),"ECHEC") -> ECHEC | O40: =IF(R40=0,0,VLOOKUP($A40,[6]HISTOAOUT25!$A$6:$AV$49,32,0)) -> 0 | P40: =VLOOKUP($A40,[6]HISTOAOUT25!$A$6:$AV$49,33,0) -> 0 | Q40: =IF(R40=0,0,($C$3-R40)) -> 0 | R40: =VLOOKUP($A40,[6]HISTOAOUT25!$A$6:$AV$49,29,0) -> 0
A42: TOTAL PART | B42: =SUM(B6:B41) -> 35
A43: NBRE ADHERENT | B43: =COUNT(D6:D41) -> 35 | D43: =SUM(D6:D42) -> 875000 | F43: =SUM(F6:F42) -> 6000 | G43: =SUM(G6:G42) -> 0 | H43: =SUM(H6:H42) -> 209000 | I43: =SUM(I6:I42) -> 2500 | J43: =SUM(J6:J42) -> 0 | K43: =SUM(K6:K42) -> 0 | L43: =SUM(L6:L42) -> 146500 | M43: =SUM(M6:M42) -> 146500 | ... R43: =SUM(R6:R42) -> 6000
N44: NBRE PART | O44: PART VENDUE
D45: MONTANT TONTINE | G45: REMBOURSEMENT PETIT LOT | H45: VENTE PETIT LOT | I45: VENTE LOT PRINCIPAL | J45: SOLDE EN CAISSE | L45: TONTINE + REMB + INTERET VENTE | M45: =D49+G49+R43 -> 1027500
D46: =SUMIFS(D6:D42,G6:G42,"ESPECES") -> 100000 | F46: ESPECES | G46: =SUMIFS(M6:M35,N6:N35,"ESPECES") -> 0 | H46: =SUMIFS(H6:H42,J6:J42,"ESPECES") -> 0 | I46: =SUMIFS(Q6:Q42,O6:O42,"ESPECES") -> 0 | J46: =D46+G46-H46-I46 -> 100000 | L46: LOT PRINCIPAL | M46: =C3*COUNTIF(Q6:Q42,">0") -> 600000 | N46: =D3 -> 3 | O46: =COUNTIF(Q7:Q35,">0") -> 1
D47: =SUMIFS(D6:D42,G6:G42,"BANQUE") -> 775000 | F47: BANQUE | G47: =SUMIFS(M6:M35,N6:N35,"BANQUE") -> 146500 | H47: =SUMIFS(H6:H42,J6:J42,"BANQUE") -> 150000 | I47: =SUMIFS(Q6:Q42,O6:O42,"BANQUE") -> 0 | J47: =D47+G47-H47-I47 -> 771500
L48: PETIT LOT | M48: =M45-M46 -> 427500
D49: =D46+D47 -> 875000 | F49: TOTAL | G49: =G46+G47 -> 146500 | H49: =H46+H47 -> 150000 | I49: =I46+I47 -> 0 | J49: =J46+J47 -> 871500
F50: TOTAL+DEPOT | L50: RELIQUAT | M50: =M48-H43 -> 218500 | O50: =M50 -> 218500 | P50: CUMUL
L52: ECHEC TONTINE MOIS | M52: =COUNTIFS(G7:G41,"ECHEC")*23000 -> 0 | O52: =+M52+TONTJANV25!O52 -> 0 | P52: CUMUL
L53: ECHEC REMBOURSEMENT MOIS | M53: =L43-G49 -> 0 | O53: =+TONTJANV25!O53 -> 0 | P53: CUMUL

Sheet TONTSEPT25
A1: ASSOCIATION | B1: ASELBY
A2: ANNEE | B2: 2025 | C2: TONIINE | D2: NBRE PART
A3: TAUX TONTINE | B3: 25000 | C3: =B3*12 -> 300000 | D3: =ROUNDDOWN(M45/C3,0) -> 4
C4: 45913
A5: MATRICULE | B5: NBREPART | C5: NOM ET PRENOM | D5: MONTANT TONTINE | E5: MONTANT VERSE | F5: PENALITE VERSEMENT ESPECES | G5: MODE VERSEMENT | H5: VENTE PETIT LOT | I5: INTERET PETIT LOT | J5: MODE VERSEMENT VENTE PETIT LOT | K5: NUMERO CHEQUE | L5: MONTANT A REMBOURSER PETIT LOT | M5: REMBOURSEMENT PETIT LOT | N5: MODE VERSEMENT REMBOURSEMENT | O5: MODE VERSEMENTLOT PRINCIPAL | P5: NUMERO CHEQUE | Q5: MONTANT LOT PRINCIPAL | R5: INTERET LOT PRINCIPAL
A6: AS201601 | B6: =IF(D6=0,0,VLOOKUP($A6,[6]HISTOSEPT25!$A$6:$BP$45,10,0)) -> 1 | C6: =VLOOKUP(A6,[7]LISTADHERENT!A$5:H$60,3,0) -> BAKOP ACHILLE | D6: =IF(G6="ECHEC",0,B$3) -> 25000 | E6: =D6+VLOOKUP($A6,[6]HISTOSEPT25!$A$7:$AT$43,45,0)+F6 -> 50000 | F6: =VLOOKUP($A6,[6]HISTOSEPT25!$A$6:$AU$48,8,0) -> 0 | G6: =VLOOKUP($A6,[6]HISTOSEPT25!$A$6:$AU$49,9,0) -> ESPECES | H6: =VLOOKUP($A6,[6]HISTOSEPT25!$A$6:$AV$49,35,0) -> 0 | I6: =VLOOKUP($A6,[6]HISTOSEPT25!$A$6:$AV$49,38,0) -> 0 | J6: =IF(I6=0,"",VLOOKUP($A6,[6]HISTOSEPT25!$A$6:$AV$47,42,0)) | K6: =VLOOKUP($A6,[6]HISTOSEPT25!$A$6:$AV$49,41,0) -> 0 | L6: =TONTAOUT25!H6+TONTAOUT25!I6 -> 0 | M6: =VLOOKUP($A6,[6]HISTOSEPT25!$A$6:$AV$49,16,0) -> 0 | N6: =IF(M6<>0,VLOOKUP($A6,[6]HISTOSEPT25!$A$6:$AV$49,42,0),"ECHEC") -> ECHEC | O6: =IF(R6=0,0,VLOOKUP($A6,[6]HISTOSEPT25!$A$6:$AV$49,32,0)) -> 0 | P6: =VLOOKUP($A6,[6]HISTOSEPT25!$A$6:$AV$49,33,0) -> 0 | Q6: =IF(R6=0,0,($C$3-R6)) -> 0 | R6: =VLOOKUP($A6,[6]HISTOSEPT25!$A$6:$AV$49,29,0) -> 0
A7: AS201602 | B7: =IF(D7=0,0,VLOOKUP($A7,[6]HISTOSEPT25!$A$6:$BP$45,10,0)) -> 1 | C7: =VLOOKUP(A7,[7]LISTADHERENT!A$5:H$60,3,0) -> BOUTCHOUANG WILLIAM | D7: =IF(G7="ECHEC",0,B$3) -> 25000 | E7: =D7+VLOOKUP($A7,[6]HISTOSEPT25!$A$7:$AT$43,45,0)+F7 -> 50000 | F7: =VLOOKUP($A7,[6]HISTOSEPT25!$A$6:$AU$48,8,0) -> 0 | G7: =VLOOKUP($A7,[6]HISTOSEPT25!$A$6:$AU$49,9,0) -> BANQUE | H7: =VLOOKUP($A7,[6]HISTOSEPT25!$A$6:$AV$49,35,0) -> 0 | I7: =VLOOKUP($A7,[6]HISTOSEPT25!$A$6:$AV$49,38,0) -> 0 | J7: =IF(I7=0,"",VLOOKUP($A7,[6]HISTOSEPT25!$A$6:$AV$47,42,0)) | K7: =VLOOKUP($A7,[6]HISTOSEPT25!$A$6:$AV$49,41,0) -> 0 | L7: =TONTAOUT25!H7+TONTAOUT25!I7 -> 0 | M7: =VLOOKUP($A7,[6]HISTOSEPT25!$A$6:$AV$49,16,0) -> 0 | N7: =IF(M7<>0,VLOOKUP($A7,[6]HISTOSEPT25!$A$6:$AV$49,42,0),"ECHEC") -> ECHEC | O7: =IF(R7=0,0,VLOOKUP($A7,[6]HISTOSEPT25!$A$6:$AV$49,32,0)) -> BANQUE | P7: =VLOOKUP($A7,[6]HISTOSEPT25!$A$6:$AV$49,33,0) -> 0 | Q7: =IF(R7=0,0,($C$3-R7)) -> 297500 | R7: =VLOOKUP($A7,[6]HISTOSEPT25!$A$6:$AV$49,29,0) -> 2500
A8: AS201604 | B8: =IF(D8=0,0,VLOOKUP($A8,[6]HISTOSEPT25!$A$6:$BP$45,10,0)) -> 1 | C8: =VLOOKUP(A8,[7]LISTADHERENT!A$5:H$60,3,0) -> DJOMO JEAN PAUL | D8: =IF(G8="ECHEC",0,B$3) -> 25000 | E8: =D8+VLOOKUP($A8,[6]HISTOSEPT25!$A$7:$AT$43,45,0)+F8 -> 50000 | F8: =VLOOKUP($A8,[6]HISTOSEPT25!$A$6:$AU$48,8,0) -> 0 | G8: =VLOOKUP($A8,[6]HISTOSEPT25!$A$6:$AU$49,9,0) -> ESPECES | H8: =VLOOKUP($A8,[6]HISTOSEPT25!$A$6:$AV$49,35,0) -> 0 | I8: =VLOOKUP($A8,[6]HISTOSEPT25!$A$6:$AV$49,38,0) -> 0 | J8: =IF(I8=0,"",VLOOKUP($A8,[6]HISTOSEPT25!$A$6:$AV$47,42,0)) | K8: =VLOOKUP($A8,[6]HISTOSEPT25!$A$6:$AV$49,41,0) -> 0 | L8: =TONTAOUT25!H8+TONTAOUT25!I8 -> 30500 | M8: =VLOOKUP($A8,[6]HISTOSEPT25!$A$6:$AV$49,16,0) -> 30500 | N8: =IF(M8<>0,VLOOKUP($A8,[6]HISTOSEPT25!$A$6:$AV$49,42,0),"ECHEC") -> BANQUE | O8: =IF(R8=0,0,VLOOKUP($A8,[6]HISTOSEPT25!$A$6:$AV$49,32,0)) -> 0 | P8: =VLOOKUP($A8,[6]HISTOSEPT25!$A$6:$AV$49,33,0) -> 0 | Q8: =IF(R8=0,0,($C$3-R8)) -> 0 | R8: =VLOOKUP($A8,[6]HISTOSEPT25!$A$6:$AV$49,29,0) -> 0
A9: AS201654 | B9: =IF(D9=0,0,VLOOKUP($A9,[6]HISTOSEPT25!$A$6:$BP$45,10,0)) -> 1 | C9: =VLOOKUP(A9,[7]LISTADHERENT!A$5:H$60,3,0) -> DJOMOU TCHAPDA | D9: =IF(G9="ECHEC",0,B$3) -> 25000 | E9: =D9+VLOOKUP($A9,[6]HISTOSEPT25!$A$7:$AT$43,45,0)+F9 -> 50000 | F9: =VLOOKUP($A9,[6]HISTOSEPT25!$A$6:$AU$48,8,0) -> 3000 | G9: =VLOOKUP($A9,[6]HISTOSEPT25!$A$6:$AU$49,9,0) -> BANQUE | H9: =VLOOKUP($A9,[6]HISTOSEPT25!$A$6:$AV$49,35,0) -> 0 | I9: =VLOOKUP($A9,[6]HISTOSEPT25!$A$6:$AV$49,38,0) -> 0 | J9: =IF(I9=0,"",VLOOKUP($A9,[6]HISTOSEPT25!$A$6:$AV$47,42,0)) | K9: =VLOOKUP($A9,[6]HISTOSEPT25!$A$6:$AV$49,41,0) -> 0 | L9: =TONTAOUT25!H9+TONTAOUT25!I9 -> 61000 | M9: =VLOOKUP($A9,[6]HISTOSEPT25!$A$6:$AV$49,16,0) -> 61000 | N9: =IF(M9<>0,VLOOKUP($A9,[6]HISTOSEPT25!$A$6:$AV$49,42,0),"ECHEC") -> BANQUE | O9: =IF(R9=0,0,VLOOKUP($A9,[6]HISTOSEPT25!$A$6:$AV$49,32,0)) -> 0 | P9: =VLOOKUP($A9,[6]HISTOSEPT25!$A$6:$AV$49,33,0) -> 0 | Q9: =IF(R9=0,0,($C$3-R9)) -> 0 | R9: =VLOOKUP($A9,[6]HISTOSEPT25!$A$6:$AV$49,29,0) -> 0
A10: AS201605 | B10: =IF(D10=0,0,VLOOKUP($A10,[6]HISTOSEPT25!$A$6:$BP$45,10,0)) -> 1 | C10: =VLOOKUP(A10,[7]LISTADHERENT!A$5:H$60,3,0) -> DJOUKWE NANGUEN GUY BLAISE | D10: =IF(G10="ECHEC",0,B$3) -> 25000 | E10: =D10+VLOOKUP($A10,[6]HISTOSEPT25!$A$7:$AT$43,45,0)+F10 -> 50000 | F10: =VLOOKUP($A10,[6]HISTOSEPT25!$A$6:$AU$48,8,0) -> 0 | G10: =VLOOKUP($A10,[6]HISTOSEPT25!$A$6:$AU$49,9,0) -> BANQUE | H10: =VLOOKUP($A10,[6]HISTOSEPT25!$A$6:$AV$49,35,0) -> 0 | I10: =VLOOKUP($A10,[6]HISTOSEPT25!$A$6:$AV$49,38,0) -> 0 | J10: =IF(I10=0,"",VLOOKUP($A10,[6]HISTOSEPT25!$A$6:$AV$47,42,0)) | K10: =VLOOKUP($A10,[6]HISTOSEPT25!$A$6:$AV$49,41,0) -> 0 | L10: =TONTAOUT25!H10+TONTAOUT25!I10 -> 0 | M10: =VLOOKUP($A10,[6]HISTOSEPT25!$A$6:$AV$49,16,0) -> 0 | N10: =IF(M10<>0,VLOOKUP($A10,[6]HISTOSEPT25!$A$6:$AV$49,42,0),"ECHEC") -> ECHEC | O10: =IF(R10=0,0,VLOOKUP($A10,[6]HISTOSEPT25!$A$6:$AV$49,32,0)) -> 0 | P10: =VLOOKUP($A10,[6]HISTOSEPT25!$A$6:$AV$49,33,0) -> 0 | Q10: =IF(R10=0,0,($C$3-R10)) -> 0 | R10: =VLOOKUP($A10,[6]HISTOSEPT25!$A$6:$AV$49,29,0) -> 0
A11: AS201608 | B11: =IF(D11=0,0,VLOOKUP($A11,[6]HISTOSEPT25!$A$6:$BP$45,10,0)) -> 1 | C11: =VLOOKUP(A11,[7]LISTADHERENT!A$5:H$60,3,0) -> DJUOMBESSY ANTOINE | D11: =IF(G11="ECHEC",0,B$3) -> 25000 | E11: =D11+VLOOKUP($A11,[6]HISTOSEPT25!$A$7:$AT$43,45,0)+F11 -> 60000 | F11: =VLOOKUP($A11,[6]HISTOSEPT25!$A$6:$AU$48,8,0) -> 0 | G11: =VLOOKUP($A11,[6]HISTOSEPT25!$A$6:$AU$49,9,0) -> BANQUE | H11: =VLOOKUP($A11,[6]HISTOSEPT25!$A$6:$AV$49,35,0) -> 0 | I11: =VLOOKUP($A11,[6]HISTOSEPT25!$A$6:$AV$49,38,0) -> 0 | J11: =IF(I11=0,"",VLOOKUP($A11,[6]HISTOSEPT25!$A$6:$AV$47,42,0)) | K11: =VLOOKUP($A11,[6]HISTOSEPT25!$A$6:$AV$49,41,0) -> 0 | L11: =TONTAOUT25!H11+TONTAOUT25!I11 -> 0 | M11: =VLOOKUP($A11,[6]HISTOSEPT25!$A$6:$AV$49,16,0) -> 0 | N11: =IF(M11<>0,VLOOKUP($A11,[6]HISTOSEPT25!$A$6:$AV$49,42,0),"ECHEC") -> ECHEC | O11: =IF(R11=0,0,VLOOKUP($A11,[6]HISTOSEPT25!$A$6:$AV$49,32,0)) -> 0 | P11: =VLOOKUP($A11,[6]HISTOSEPT25!$A$6:$AV$49,33,0) -> 0 | Q11: =IF(R11=0,0,($C$3-R11)) -> 0 | R11: =VLOOKUP($A11,[6]HISTOSEPT25!$A$6:$AV$49,29,0) -> 0
A12: AS201651 | B12: =IF(D12=0,0,VLOOKUP($A12,[6]HISTOSEPT25!$A$6:$BP$45,10,0)) -> 1 | C12: =VLOOKUP(A12,[7]LISTADHERENT!A$5:H$60,3,0) -> DOMOU FABIEN | D12: =IF(G12="ECHEC",0,B$3) -> 25000 | E12: =D12+VLOOKUP($A12,[6]HISTOSEPT25!$A$7:$AT$43,45,0)+F12 -> 50000 | F12: =VLOOKUP($A12,[6]HISTOSEPT25!$A$6:$AU$48,8,0) -> 0 | G12: =VLOOKUP($A12,[6]HISTOSEPT25!$A$6:$AU$49,9,0) -> BANQUE | H12: =VLOOKUP($A12,[6]HISTOSEPT25!$A$6:$AV$49,35,0) -> 0 | I12: =VLOOKUP($A12,[6]HISTOSEPT25!$A$6:$AV$49,38,0) -> 0 | J12: =IF(I12=0,"",VLOOKUP($A12,[6]HISTOSEPT25!$A$6:$AV$47,42,0)) | K12: =VLOOKUP($A12,[6]HISTOSEPT25!$A$6:$AV$49,41,0) -> 0 | L12: =TONTAOUT25!H12+TONTAOUT25!I12 -> 0 | M12: =VLOOKUP($A12,[6]HISTOSEPT25!$A$6:$AV$49,16,0) -> 0 | N12: =IF(M12<>0,VLOOKUP($A12,[6]HISTOSEPT25!$A$6:$AV$49,42,0),"ECHEC") -> ECHEC | O12: =IF(R12=0,0,VLOOKUP($A12,[6]HISTOSEPT25!$A$6:$AV$49,32,0)) -> 0 | P12: =VLOOKUP($A12,[6]HISTOSEPT25!$A$6:$AV$49,33,0) -> 0 | Q12: =IF(R12=0,0,($C$3-R12)) -> 0 | R12: =VLOOKUP($A12,[6]HISTOSEPT25!$A$6:$AV$49,29,0) -> 0
A13: AS201609 | B13: =IF(D13=0,0,VLOOKUP($A13,[6]HISTOSEPT25!$A$6:$BP$45,10,0)) -> 1 | C13: =VLOOKUP(A13,[7]LISTADHERENT!A$5:H$60,3,0) -> DONHOU DAVID | D13: =IF(G13="ECHEC",0,B$3) -> 25000 | E13: =D13+VLOOKUP($A13,[6]HISTOSEPT25!$A$7:$AT$43,45,0)+F13 -> 50000 | F13: =VLOOKUP($A13,[6]HISTOSEPT25!$A$6:$AU$48,8,0) -> 0 | G13: =VLOOKUP($A13,[6]HISTOSEPT25!$A$6:$AU$49,9,0) -> BANQUE | H13: =VLOOKUP($A13,[6]HISTOSEPT25!$A$6:$AV$49,35,0) -> 0 | I13: =VLOOKUP($A13,[6]HISTOSEPT25!$A$6:$AV$49,38,0) -> 0 | J13: =IF(I13=0,"",VLOOKUP($A13,[6]HISTOSEPT25!$A$6:$AV$47,42,0)) | K13: =VLOOKUP($A13,[6]HISTOSEPT25!$A$6:$AV$49,41,0) -> 0 | L13: =TONTAOUT25!H13+TONTAOUT25!I13 -> 0 | M13: =VLOOKUP($A13,[6]HISTOSEPT25!$A$6:$AV$49,16,0) -> 0 | N13: =IF(M13<>0,VLOOKUP($A13,[6]HISTOSEPT25!$A$6:$AV$49,42,0),"ECHEC") -> ECHEC | O13: =IF(R13=0,0,VLOOKUP($A13,[6]HISTOSEPT25!$A$6:$AV$49,32,0)) -> 0 | P13: =VLOOKUP($A13,[6]HISTOSEPT25!$A$6:$AV$49,33,0) -> 0 | Q13: =IF(R13=0,0,($C$3-R13)) -> 0 | R13: =VLOOKUP($A13,[6]HISTOSEPT25!$A$6:$AV$49,29,0) -> 0
A14: AS201663 | B14: =IF(D14=0,0,VLOOKUP($A14,[6]HISTOSEPT25!$A$6:$BP$45,10,0)) -> 1 | C14: =VLOOKUP(A14,[7]LISTADHERENT!A$5:H$60,3,0) -> FAMPOU PAUL | D14: =IF(G14="ECHEC",0,B$3) -> 25000 | E14: =D14+VLOOKUP($A14,[6]HISTOSEPT25!$A$7:$AT$43,45,0)+F14 -> 850000 | F14: =VLOOKUP($A14,[6]HISTOSEPT25!$A$6:$AU$48,8,0) -> 0 | G14: =VLOOKUP($A14,[6]HISTOSEPT25!$A$6:$AU$49,9,0) -> BANQUE | H14: =VLOOKUP($A14,[6]HISTOSEPT25!$A$6:$AV$49,35,0) -> 0 | I14: =VLOOKUP($A14,[6]HISTOSEPT25!$A$6:$AV$49,38,0) -> 0 | J14: =IF(I14=0,"",VLOOKUP($A14,[6]HISTOSEPT25!$A$6:$AV$47,42,0)) | K14: =VLOOKUP($A14,[6]HISTOSEPT25!$A$6:$AV$49,41,0) -> 0 | L14: =TONTAOUT25!H14+TONTAOUT25!I14 -> 0 | M14: =VLOOKUP($A14,[6]HISTOSEPT25!$A$6:$AV$49,16,0) -> 0 | N14: =IF(M14<>0,VLOOKUP($A14,[6]HISTOSEPT25!$A$6:$AV$49,42,0),"ECHEC") -> ECHEC | O14: =IF(R14=0,0,VLOOKUP($A14,[6]HISTOSEPT25!$A$6:$AV$49,32,0)) -> 0 | P14: =VLOOKUP($A14,[6]HISTOSEPT25!$A$6:$AV$49,33,0) -> 0 | Q14: =IF(R14=0,0,($C$3-R14)) -> 0 | R14: =VLOOKUP($A14,[6]HISTOSEPT25!$A$6:$AV$49,29,0) -> 0
A15: AS201611 | B15: =IF(D15=0,0,VLOOKUP($A15,[6]HISTOSEPT25!$A$6:$BP$45,10,0)) -> 1 | C15: =VLOOKUP(A15,[7]LISTADHERENT!A$5:H$60,3,0) -> HENGUE PAUL OMER | D15: =IF(G15="ECHEC",0,B$3) -> 25000 | E15: =D15+VLOOKUP($A15,[6]HISTOSEPT25!$A$7:$AT$43,45,0)+F15 -> 50000 | F15: =VLOOKUP($A15,[6]HISTOSEPT25!$A$6:$AU$48,8,0) -> 0 | G15: =VLOOKUP($A15,[6]HISTOSEPT25!$A$6:$AU$49,9,0) -> BANQUE | H15: =VLOOKUP($A15,[6]HISTOSEPT25!$A$6:$AV$49,35,0) -> 0 | I15: =VLOOKUP($A15,[6]HISTOSEPT25!$A$6:$AV$49,38,0) -> 0 | J15: =IF(I15=0,"",VLOOKUP($A15,[6]HISTOSEPT25!$A$6:$AV$47,42,0)) | K15: =VLOOKUP($A15,[6]HISTOSEPT25!$A$6:$AV$49,41,0) -> 0 | L15: =TONTAOUT25!H15+TONTAOUT25!I15 -> 0 | M15: =VLOOKUP($A15,[6]HISTOSEPT25!$A$6:$AV$49,16,0) -> 0 | N15: =IF(M15<>0,VLOOKUP($A15,[6]HISTOSEPT25!$A$6:$AV$49,42,0),"ECHEC") -> ECHEC | O15: =IF(R15=0,0,VLOOKUP($A15,[6]HISTOSEPT25!$A$6:$AV$49,32,0)) -> 0 | P15: =VLOOKUP($A15,[6]HISTOSEPT25!$A$6:$AV$49,33,0) -> 0 | Q15: =IF(R15=0,0,($C$3-R15)) -> 0 | R15: =VLOOKUP($A15,[6]HISTOSEPT25!$A$6:$AV$49,29,0) -> 0
A16: AS201613 | B16: =IF(D16=0,0,VLOOKUP($A16,[6]HISTOSEPT25!$A$6:$BP$45,10,0)) -> 1 | C16: =VLOOKUP(A16,[7]LISTADHERENT!A$5:H$60,3,0) -> HOTCHO BENJAMIN | D16: =IF(G16="ECHEC",0,B$3) -> 25000 | E16: =D16+VLOOKUP($A16,[6]HISTOSEPT25!$A$7:$AT$43,45,0)+F16 -> 75000 | F16: =VLOOKUP($A16,[6]HISTOSEPT25!$A$6:$AU$48,8,0) -> 0 | G16: =VLOOKUP($A16,[6]HISTOSEPT25!$A$6:$AU$49,9,0) -> BANQUE | H16: =VLOOKUP($A16,[6]HISTOSEPT25!$A$6:$AV$49,35,0) -> 0 | I16: =VLOOKUP($A16,[6]HISTOSEPT25!$A$6:$AV$49,38,0) -> 0 | J16: =IF(I16=0,"",VLOOKUP($A16,[6]HISTOSEPT25!$A$6:$AV$47,42,0)) | K16: =VLOOKUP($A16,[6]HISTOSEPT25!$A$6:$AV$49,41,0) -> 0 | L16: =TONTAOUT25!H16+TONTAOUT25!I16 -> 0 | M16: =VLOOKUP($A16,[6]HISTOSEPT25!$A$6:$AV$49,16,0) -> 0 | N16: =IF(M16<>0,VLOOKUP($A16,[6]HISTOSEPT25!$A$6:$AV$49,42,0),"ECHEC") -> ECHEC | O16: =IF(R16=0,0,VLOOKUP($A16,[6]HISTOSEPT25!$A$6:$AV$49,32,0)) -> 0 | P16: =VLOOKUP($A16,[6]HISTOSEPT25!$A$6:$AV$49,33,0) -> 0 | Q16: =IF(R16=0,0,($C$3-R16)) -> 0 | R16: =VLOOKUP($A16,[6]HISTOSEPT25!$A$6:$AV$49,29,0) -> 0
A17: AS201617 | B17: =IF(D17=0,0,VLOOKUP($A17,[6]HISTOSEPT25!$A$6:$BP$45,10,0)) -> 1 | C17: =VLOOKUP(A17,[7]LISTADHERENT!A$5:H$60,3,0) -> KOUAMOU MOISE | D17: =IF(G17="ECHEC",0,B$3) -> 25000 | E17: =D17+VLOOKUP($A17,[6]HISTOSEPT25!$A$7:$AT$43,45,0)+F17 -> 50000 | F17: =VLOOKUP($A17,[6]HISTOSEPT25!$A$6:$AU$48,8,0) -> 0 | G17: =VLOOKUP($A17,[6]HISTOSEPT25!$A$6:$AU$49,9,0) -> BANQUE | H17: =VLOOKUP($A17,[6]HISTOSEPT25!$A$6:$AV$49,35,0) -> 0 | I17: =VLOOKUP($A17,[6]HISTOSEPT25!$A$6:$AV$49,38,0) -> 0 | J17: =IF(I17=0,"",VLOOKUP($A17,[6]HISTOSEPT25!$A$6:$AV$47,42,0)) | K17: =VLOOKUP($A17,[6]HISTOSEPT25!$A$6:$AV$49,41,0) -> 0 | L17: =TONTAOUT25!H17+TONTAOUT25!I17 -> 0 | M17: =VLOOKUP($A17,[6]HISTOSEPT25!$A$6:$AV$49,16,0) -> 0 | N17: =IF(M17<>0,VLOOKUP($A17,[6]HISTOSEPT25!$A$6:$AV$49,42,0),"ECHEC") -> ECHEC | O17: =IF(R17=0,0,VLOOKUP($A17,[6]HISTOSEPT25!$A$6:$AV$49,32,0)) -> 0 | P17: =VLOOKUP($A17,[6]HISTOSEPT25!$A$6:$AV$49,33,0) -> 0 | Q17: =IF(R17=0,0,($C$3-R17)) -> 0 | R17: =VLOOKUP($A17,[6]HISTOSEPT25!$A$6:$AV$49,29,0) -> 0
... A40: AS201647 | B40: =IF(D40=0,0,VLOOKUP($A40,[6]HISTOSEPT25!$A$6:$BP$45,10,0)) -> 1 | C40: =VLOOKUP(A40,[7]LISTADHERENT!A$5:H$60,3,0) -> YOUMBI EMMANUEL | D40: =IF(G40="ECHEC",0,B$3) -> 25000 | E40: =D40+VLOOKUP($A40,[6]HISTOSEPT25!$A$7:$AT$43,45,0)+F40 -> 50000 | F40: =VLOOKUP($A40,[6]HISTOSEPT25!$A$6:$AU$48,8,0) -> 0 | G40: =VLOOKUP($A40,[6]HISTOSEPT25!$A$6:$AU$49,9,0) -> BANQUE | H40: =VLOOKUP($A40,[6]HISTOSEPT25!$A$6:$AV$49,35,0) -> 0 | I40: =VLOOKUP($A40,[6]HISTOSEPT25!$A$6:$AV$49,38,0) -> 0 | J40: =IF(I40=0,"",VLOOKUP($A40,[6]HISTOSEPT25!$A$6:$AV$47,42,0)) | K40: =VLOOKUP($A40,[6]HISTOSEPT25!$A$6:$AV$49,41,0) -> 0 | L40: =TONTAOUT25!H40+TONTAOUT25!I40 -> 0 | M40: =VLOOKUP($A40,[6]HISTOSEPT25!$A$6:$AV$49,16,0) -> 0 | N40: =IF(M40<>0,VLOOKUP($A40,[6]HISTOSEPT25!$A$6:$AV$49,42,0),"ECHEC") -> ECHEC | O40: =IF(R40=0,0,VLOOKUP($A40,[6]HISTOSEPT25!$A$6:$AV$49,32,0)) -> 0 | P40: =VLOOKUP($A40,[6]HISTOSEPT25!$A$6:$AV$49,33,0) -> 0 | Q40: =IF(R40=0,0,($C$3-R40)) -> 0 | R40: =VLOOKUP($A40,[6]HISTOSEPT25!$A$6:$AV$49,29,0) -> 0
A42: TOTAL PART | B42: =SUM(B6:B41) -> 34
A43: NBRE ADHERENT | B43: =COUNT(D6:D41) -> 35 | D43: =SUM(D6:D42) -> 850000 | F43: =SUM(F6:F42) -> 9000 | G43: =SUM(G6:G42) -> 0 | H43: =SUM(H6:H42) -> 89500 | I43: =SUM(I6:I42) -> 0 | J43: =SUM(J6:J42) -> 0 | K43: =SUM(K6:K42) -> 0 | L43: =SUM(L6:L42) -> 211500 | M43: =SUM(M6:M42) -> 211500 | ... R43: =SUM(R6:R42) -> 10000
N44: NBRE PART | O44: PART VENDUE
D45: MONTANT TONTINE | G45: REMBOURSEMENT PETIT LOT | H45: VENTE PETIT LOT | I45: VENTE LOT PRINCIPAL | J45: SOLDE EN CAISSE | L45: TONTINE + REMB + INTERET VENTE | M45: =D49+G49+R43+TONTAOUT25!O50 -> 1290000
D46: =SUMIFS(D6:D42,G6:G42,"ESPECES") -> 50000 | F46: ESPECES | G46: =SUMIFS(M6:M35,N6:N35,"ESPECES") -> 0 | H46: =SUMIFS(H6:H42,J6:J42,"ESPECES") -> 0 | I46: =SUMIFS(Q6:Q42,O6:O42,"ESPECES") -> 0 | J46: =D46+G46-H46-I46 -> 50000 | L46: LOT PRINCIPAL | M46: =C3*COUNTIF(Q7:Q42,">0") -> 1200000 | N46: =D3 -> 4 | O46: =COUNTIF(Q7:Q35,">0") -> 4
D47: =SUMIFS(D6:D42,G6:G42,"BANQUE") -> 800000 | F47: BANQUE | G47: =SUMIFS(M6:M35,N6:N35,"BANQUE") -> 211500 | H47: =SUMIFS(H6:H42,J6:J42,"BANQUE") -> 0 | I47: =SUMIFS(Q6:Q42,O6:O42,"BANQUE") -> 1190000 | J47: =D47+G47-H47-I47 -> -178500
L48: PETIT LOT | M48: =M45-M46 -> 90000
D49: =D46+D47 -> 850000 | F49: TOTAL | G49: =G46+G47 -> 211500 | H49: =H46+H47 -> 0 | I49: =I46+I47 -> 1190000 | J49: =J46+J47 -> -128500
F50: TOTAL+DEPOT | L50: RELIQUAT | M50: =M48-H43 -> 500 | O50: =M50 -> 500 | P50: CUMUL
L52: ECHEC TONTINE MOIS | M52: =COUNTIFS(G7:G41,"ECHEC")*23000 -> 23000 | O52: =+M52+TONTJANV25!O52 -> 23000 | P52: CUMUL
L53: ECHEC REMBOURSEMENT MOIS | M53: =L43-G49 -> 0 | O53: =+TONTJANV25!O53 -> 0 | P53: CUMUL

Sheet TONTOCT25
A1: ASSOCIATION | B1: ASELBY
A2: ANNEE | B2: 2025 | C2: TONIINE | D2: NBRE PART
A3: TAUX TONTINE | B3: 25000 | C3: =B3*12 -> 300000 | D3: =ROUNDDOWN(M45/C3,0) -> 3
C4: 45943
A5: MATRICULE | B5: NBREPART | C5: NOM ET PRENOM | D5: MONTANT TONTINE | E5: MONTANT VERSE | F5: PENALITE VERSEMENT ESPECES | G5: MODE VERSEMENT | H5: VENTE PETIT LOT | I5: INTERET PETIT LOT | J5: MODE VERSEMENT VENTE PETIT LOT | K5: NUMERO CHEQUE | L5: MONTANT A REMBOURSER PETIT LOT | M5: REMBOURSEMENT PETIT LOT | N5: MODE VERSEMENT REMBOURSEMENT | O5: MODE VERSEMENTLOT PRINCIPAL | P5: NUMERO CHEQUE | Q5: MONTANT LOT PRINCIPAL | R5: INTERET LOT PRINCIPAL
A6: AS201601 | B6: =IF(D6=0,0,VLOOKUP($A6,[6]HISTOOCT25!$A$6:$BP$45,10,0)) -> 1 | C6: =VLOOKUP(A6,[7]LISTADHERENT!A$5:H$60,3,0) -> BAKOP ACHILLE | D6: =IF(G6="ECHEC",0,B$3) -> 25000 | E6: =D6+VLOOKUP($A6,[6]HISTOOCT25!$A$7:$AT$43,45,0)+F6 -> 50000 | F6: =VLOOKUP($A6,[6]HISTOOCT25!$A$6:$AU$48,8,0) -> 0 | G6: =VLOOKUP($A6,[6]HISTOOCT25!$A$6:$AU$49,9,0) -> ESPECES | H6: =VLOOKUP($A6,[6]HISTOOCT25!$A$6:$AV$49,35,0) -> 0 | I6: =VLOOKUP($A6,[6]HISTOOCT25!$A$6:$AV$49,38,0) -> 0 | J6: =IF(I6=0,"",VLOOKUP($A6,[6]HISTOOCT25!$A$6:$AV$47,42,0)) | K6: =VLOOKUP($A6,[6]HISTOOCT25!$A$6:$AV$49,41,0) -> 0 | L6: =TONTSEPT25!H6+TONTSEPT25!I6 -> 0 | M6: =VLOOKUP($A6,[6]HISTOOCT25!$A$6:$AV$49,16,0) -> 0 | N6: =IF(M6<>0,VLOOKUP($A6,[6]HISTOOCT25!$A$6:$AV$49,42,0),"ECHEC") -> ECHEC | O6: =IF(R6=0,0,VLOOKUP($A6,[6]HISTOOCT25!$A$6:$AV$49,32,0)) -> 0 | P6: =VLOOKUP($A6,[6]HISTOOCT25!$A$6:$AV$49,33,0) -> 0 | Q6: =IF(R6=0,0,($C$3-R6)) -> 0 | R6: =VLOOKUP($A6,[6]HISTOOCT25!$A$6:$AV$49,29,0) -> 0
A7: AS201602 | B7: =IF(D7=0,0,VLOOKUP($A7,[6]HISTOOCT25!$A$6:$BP$45,10,0)) -> 1 | C7: =VLOOKUP(A7,[7]LISTADHERENT!A$5:H$60,3,0) -> BOUTCHOUANG WILLIAM | D7: =IF(G7="ECHEC",0,B$3) -> 25000 | E7: =D7+VLOOKUP($A7,[6]HISTOOCT25!$A$7:$AT$43,45,0)+F7 -> 50000 | F7: =VLOOKUP($A7,[6]HISTOOCT25!$A$6:$AU$48,8,0) -> 0 | G7: =VLOOKUP($A7,[6]HISTOOCT25!$A$6:$AU$49,9,0) -> BANQUE | H7: =VLOOKUP($A7,[6]HISTOOCT25!$A$6:$AV$49,35,0) -> 50000 | I7: =VLOOKUP($A7,[6]HISTOOCT25!$A$6:$AV$49,38,0) -> 500 | J7: =IF(I7=0,"",VLOOKUP($A7,[6]HISTOOCT25!$A$6:$AV$47,42,0)) -> BANQUE | K7: =VLOOKUP($A7,[6]HISTOOCT25!$A$6:$AV$49,41,0) -> 0 | L7: =TONTSEPT25!H7+TONTSEPT25!I7 -> 0 | M7: =VLOOKUP($A7,[6]HISTOOCT25!$A$6:$AV$49,16,0) -> 0 | N7: =IF(M7<>0,VLOOKUP($A7,[6]HISTOOCT25!$A$6:$AV$49,42,0),"ECHEC") -> ECHEC | O7: =IF(R7=0,0,VLOOKUP($A7,[6]HISTOOCT25!$A$6:$AV$49,32,0)) -> 0 | P7: =VLOOKUP($A7,[6]HISTOOCT25!$A$6:$AV$49,33,0) -> 0 | Q7: =IF(R7=0,0,($C$3-R7)) -> 0 | R7: =VLOOKUP($A7,[6]HISTOOCT25!$A$6:$AV$49,29,0) -> 0
A8: AS201604 | B8: =IF(D8=0,0,VLOOKUP($A8,[6]HISTOOCT25!$A$6:$BP$45,10,0)) -> 1 | C8: =VLOOKUP(A8,[7]LISTADHERENT!A$5:H$60,3,0) -> DJOMO JEAN PAUL | D8: =IF(G8="ECHEC",0,B$3) -> 25000 | E8: =D8+VLOOKUP($A8,[6]HISTOOCT25!$A$7:$AT$43,45,0)+F8 -> 50000 | F8: =VLOOKUP($A8,[6]HISTOOCT25!$A$6:$AU$48,8,0) -> 0 | G8: =VLOOKUP($A8,[6]HISTOOCT25!$A$6:$AU$49,9,0) -> ESPECES | H8: =VLOOKUP($A8,[6]HISTOOCT25!$A$6:$AV$49,35,0) -> 50000 | I8: =VLOOKUP($A8,[6]HISTOOCT25!$A$6:$AV$49,38,0) -> 500 | J8: =IF(I8=0,"",VLOOKUP($A8,[6]HISTOOCT25!$A$6:$AV$47,42,0)) -> BANQUE | K8: =VLOOKUP($A8,[6]HISTOOCT25!$A$6:$AV$49,41,0) -> 0 | L8: =TONTSEPT25!H8+TONTSEPT25!I8 -> 0 | M8: =VLOOKUP($A8,[6]HISTOOCT25!$A$6:$AV$49,16,0) -> 0 | N8: =IF(M8<>0,VLOOKUP($A8,[6]HISTOOCT25!$A$6:$AV$49,42,0),"ECHEC") -> ECHEC | O8: =IF(R8=0,0,VLOOKUP($A8,[6]HISTOOCT25!$A$6:$AV$49,32,0)) -> 0 | P8: =VLOOKUP($A8,[6]HISTOOCT25!$A$6:$AV$49,33,0) -> 0 | Q8: =IF(R8=0,0,($C$3-R8)) -> 0 | R8: =VLOOKUP($A8,[6]HISTOOCT25!$A$6:$AV$49,29,0) -> 0
A9: AS201654 | B9: =IF(D9=0,0,VLOOKUP($A9,[6]HISTOOCT25!$A$6:$BP$45,10,0)) -> 1 | C9: =VLOOKUP(A9,[7]LISTADHERENT!A$5:H$60,3,0) -> DJOMOU TCHAPDA | D9: =IF(G9="ECHEC",0,B$3) -> 25000 | E9: =D9+VLOOKUP($A9,[6]HISTOOCT25!$A$7:$AT$43,45,0)+F9 -> 50000 | F9: =VLOOKUP($A9,[6]HISTOOCT25!$A$6:$AU$48,8,0) -> 0 | G9: =VLOOKUP($A9,[6]HISTOOCT25!$A$6:$AU$49,9,0) -> BANQUE | H9: =VLOOKUP($A9,[6]HISTOOCT25!$A$6:$AV$49,35,0) -> 50000 | I9: =VLOOKUP($A9,[6]HISTOOCT25!$A$6:$AV$49,38,0) -> 1000 | J9: =IF(I9=0,"",VLOOKUP($A9,[6]HISTOOCT25!$A$6:$AV$47,42,0)) -> 0 | K9: =VLOOKUP($A9,[6]HISTOOCT25!$A$6:$AV$49,41,0) -> 0 | L9: =TONTSEPT25!H9+TONTSEPT25!I9 -> 0 | M9: =VLOOKUP($A9,[6]HISTOOCT25!$A$6:$AV$49,16,0) -> 0 | N9: =IF(M9<>0,VLOOKUP($A9,[6]HISTOOCT25!$A$6:$AV$49,42,0),"ECHEC") -> ECHEC | O9: =IF(R9=0,0,VLOOKUP($A9,[6]HISTOOCT25!$A$6:$AV$49,32,0)) -> 0 | P9: =VLOOKUP($A9,[6]HISTOOCT25!$A$6:$AV$49,33,0) -> 0 | Q9: =IF(R9=0,0,($C$3-R9)) -> 0 | R9: =VLOOKUP($A9,[6]HISTOOCT25!$A$6:$AV$49,29,0) -> 0
A10: AS201605 | B10: =IF(D10=0,0,VLOOKUP($A10,[6]HISTOOCT25!$A$6:$BP$45,10,0)) -> 1 | C10: =VLOOKUP(A10,[7]LISTADHERENT!A$5:H$60,3,0) -> DJOUKWE NANGUEN GUY BLAISE | D10: =IF(G10="ECHEC",0,B$3) -> 25000 | E10: =D10+VLOOKUP($A10,[6]HISTOOCT25!$A$7:$AT$43,45,0)+F10 -> 53000 | F10: =VLOOKUP($A10,[6]HISTOOCT25!$A$6:$AU$48,8,0) -> 3000 | G10: =VLOOKUP($A10,[6]HISTOOCT25!$A$6:$AU$49,9,0) -> BANQUE | H10: =VLOOKUP($A10,[6]HISTOOCT25!$A$6:$AV$49,35,0) -> 50000 | I10: =VLOOKUP($A10,[6]HISTOOCT25!$A$6:$AV$49,38,0) -> 500 | J10: =IF(I10=0,"",VLOOKUP($A10,[6]HISTOOCT25!$A$6:$AV$47,42,0)) -> BANQUE | K10: =VLOOKUP($A10,[6]HISTOOCT25!$A$6:$AV$49,41,0) -> 0 | L10: =TONTSEPT25!H10+TONTSEPT25!I10 -> 0 | M10: =VLOOKUP($A10,[6]HISTOOCT25!$A$6:$AV$49,16,0) -> 0 | N10: =IF(M10<>0,VLOOKUP($A10,[6]HISTOOCT25!$A$6:$AV$49,42,0),"ECHEC") -> ECHEC | O10: =IF(R10=0,0,VLOOKUP($A10,[6]HISTOOCT25!$A$6:$AV$49,32,0)) -> 0 | P10: =VLOOKUP($A10,[6]HISTOOCT25!$A$6:$AV$49,33,0) -> 0 | Q10: =IF(R10=0,0,($C$3-R10)) -> 0 | R10: =VLOOKUP($A10,[6]HISTOOCT25!$A$6:$AV$49,29,0) -> 0
A11: AS201608 | B11: =IF(D11=0,0,VLOOKUP($A11,[6]HISTOOCT25!$A$6:$BP$45,10,0)) -> 1 | C11: =VLOOKUP(A11,[7]LISTADHERENT!A$5:H$60,3,0) -> DJUOMBESSY ANTOINE | D11: =IF(G11="ECHEC",0,B$3) -> 25000 | E11: =D11+VLOOKUP($A11,[6]HISTOOCT25!$A$7:$AT$43,45,0)+F11 -> 73500 | F11: =VLOOKUP($A11,[6]HISTOOCT25!$A$6:$AU$48,8,0) -> 0 | G11: =VLOOKUP($A11,[6]HISTOOCT25!$A$6:$AU$49,9,0) -> BANQUE | H11: =VLOOKUP($A11,[6]HISTOOCT25!$A$6:$AV$49,35,0) -> 0 | I11: =VLOOKUP($A11,[6]HISTOOCT25!$A$6:$AV$49,38,0) -> 0 | J11: =IF(I11=0,"",VLOOKUP($A11,[6]HISTOOCT25!$A$6:$AV$47,42,0)) | K11: =VLOOKUP($A11,[6]HISTOOCT25!$A$6:$AV$49,41,0) -> 0 | L11: =TONTSEPT25!H11+TONTSEPT25!I11 -> 0 | M11: =VLOOKUP($A11,[6]HISTOOCT25!$A$6:$AV$49,16,0) -> 0 | N11: =IF(M11<>0,VLOOKUP($A11,[6]HISTOOCT25!$A$6:$AV$49,42,0),"ECHEC") -> ECHEC | O11: =IF(R11=0,0,VLOOKUP($A11,[6]HISTOOCT25!$A$6:$AV$49,32,0)) -> 0 | P11: =VLOOKUP($A11,[6]HISTOOCT25!$A$6:$AV$49,33,0) -> 0 | Q11: =IF(R11=0,0,($C$3-R11)) -> 0 | R11: =VLOOKUP($A11,[6]HISTOOCT25!$A$6:$AV$49,29,0) -> 0
A12: AS201651 | B12: =IF(D12=0,0,VLOOKUP($A12,[6]HISTOOCT25!$A$6:$BP$45,10,0)) -> 1 | C12: =VLOOKUP(A12,[7]LISTADHERENT!A$5:H$60,3,0) -> DOMOU FABIEN | D12: =IF(G12="ECHEC",0,B$3) -> 25000 | E12: =D12+VLOOKUP($A12,[6]HISTOOCT25!$A$7:$AT$43,45,0)+F12 -> 50000 | F12: =VLOOKUP($A12,[6]HISTOOCT25!$A$6:$AU$48,8,0) -> 0 | G12: =VLOOKUP($A12,[6]HISTOOCT25!$A$6:$AU$49,9,0) -> BANQUE | H12: =VLOOKUP($A12,[6]HISTOOCT25!$A$6:$AV$49,35,0) -> 0 | I12: =VLOOKUP($A12,[6]HISTOOCT25!$A$6:$AV$49,38,0) -> 0 | J12: =IF(I12=0,"",VLOOKUP($A12,[6]HISTOOCT25!$A$6:$AV$47,42,0)) | K12: =VLOOKUP($A12,[6]HISTOOCT25!$A$6:$AV$49,41,0) -> 0 | L12: =TONTSEPT25!H12+TONTSEPT25!I12 -> 0 | M12: =VLOOKUP($A12,[6]HISTOOCT25!$A$6:$AV$49,16,0) -> 0 | N12: =IF(M12<>0,VLOOKUP($A12,[6]HISTOOCT25!$A$6:$AV$49,42,0),"ECHEC") -> ECHEC | O12: =IF(R12=0,0,VLOOKUP($A12,[6]HISTOOCT25!$A$6:$AV$49,32,0)) -> 0 | P12: =VLOOKUP($A12,[6]HISTOOCT25!$A$6:$AV$49,33,0) -> 0 | Q12: =IF(R12=0,0,($C$3-R12)) -> 0 | R12: =VLOOKUP($A12,[6]HISTOOCT25!$A$6:$AV$49,29,0) -> 0
A13: AS201609 | B13: =IF(D13=0,0,VLOOKUP($A13,[6]HISTOOCT25!$A$6:$BP$45,10,0)) -> 1 | C13: =VLOOKUP(A13,[7]LISTADHERENT!A$5:H$60,3,0) -> DONHOU DAVID | D13: =IF(G13="ECHEC",0,B$3) -> 25000 | E13: =D13+VLOOKUP($A13,[6]HISTOOCT25!$A$7:$AT$43,45,0)+F13 -> 50000 | F13: =VLOOKUP($A13,[6]HISTOOCT25!$A$6:$AU$48,8,0) -> 3000 | G13: =VLOOKUP($A13,[6]HISTOOCT25!$A$6:$AU$49,9,0) -> BANQUE | H13: =VLOOKUP($A13,[6]HISTOOCT25!$A$6:$AV$49,35,0) -> 0 | I13: =VLOOKUP($A13,[6]HISTOOCT25!$A$6:$AV$49,38,0) -> 0 | J13: =IF(I13=0,"",VLOOKUP($A13,[6]HISTOOCT25!$A$6:$AV$47,42,0)) | K13: =VLOOKUP($A13,[6]HISTOOCT25!$A$6:$AV$49,41,0) -> 0 | L13: =TONTSEPT25!H13+TONTSEPT25!I13 -> 0 | M13: =VLOOKUP($A13,[6]HISTOOCT25!$A$6:$AV$49,16,0) -> 0 | N13: =IF(M13<>0,VLOOKUP($A13,[6]HISTOOCT25!$A$6:$AV$49,42,0),"ECHEC") -> ECHEC | O13: =IF(R13=0,0,VLOOKUP($A13,[6]HISTOOCT25!$A$6:$AV$49,32,0)) -> 0 | P13: =VLOOKUP($A13,[6]HISTOOCT25!$A$6:$AV$49,33,0) -> 0 | Q13: =IF(R13=0,0,($C$3-R13)) -> 0 | R13: =VLOOKUP($A13,[6]HISTOOCT25!$A$6:$AV$49,29,0) -> 0
A14: AS201663 | B14: =IF(D14=0,0,VLOOKUP($A14,[6]HISTOOCT25!$A$6:$BP$45,10,0)) -> 1 | C14: =VLOOKUP(A14,[7]LISTADHERENT!A$5:H$60,3,0) -> FAMPOU PAUL | D14: =IF(G14="ECHEC",0,B$3) -> 25000 | E14: =D14+VLOOKUP($A14,[6]HISTOOCT25!$A$7:$AT$43,45,0)+F14 -> 50000 | F14: =VLOOKUP($A14,[6]HISTOOCT25!$A$6:$AU$48,8,0) -> 0 | G14: =VLOOKUP($A14,[6]HISTOOCT25!$A$6:$AU$49,9,0) -> BANQUE | H14: =VLOOKUP($A14,[6]HISTOOCT25!$A$6:$AV$49,35,0) -> 0 | I14: =VLOOKUP($A14,[6]HISTOOCT25!$A$6:$AV$49,38,0) -> 0 | J14: =IF(I14=0,"",VLOOKUP($A14,[6]HISTOOCT25!$A$6:$AV$47,42,0)) | K14: =VLOOKUP($A14,[6]HISTOOCT25!$A$6:$AV$49,41,0) -> 0 | L14: =TONTSEPT25!H14+TONTSEPT25!I14 -> 0 | M14: =VLOOKUP($A14,[6]HISTOOCT25!$A$6:$AV$49,16,0) -> 0 | N14: =IF(M14<>0,VLOOKUP($A14,[6]HISTOOCT25!$A$6:$AV$49,42,0),"ECHEC") -> ECHEC | O14: =IF(R14=0,0,VLOOKUP($A14,[6]HISTOOCT25!$A$6:$AV$49,32,0)) -> 0 | P14: =VLOOKUP($A14,[6]HISTOOCT25!$A$6:$AV$49,33,0) -> 0 | Q14: =IF(R14=0,0,($C$3-R14)) -> 0 | R14: =VLOOKUP($A14,[6]HISTOOCT25!$A$6:$AV$49,29,0) -> 0
A15: AS201611 | B15: =IF(D15=0,0,VLOOKUP($A15,[6]HISTOOCT25!$A$6:$BP$45,10,0)) -> 1 | C15: =VLOOKUP(A15,[7]LISTADHERENT!A$5:H$60,3,0) -> HENGUE PAUL OMER | D15: =IF(G15="ECHEC",0,B$3) -> 25000 | E15: =D15+VLOOKUP($A15,[6]HISTOOCT25!$A$7:$AT$43,45,0)+F15 -> 50000 | F15: =VLOOKUP($A15,[6]HISTOOCT25!$A$6:$AU$48,8,0) -> 0 | G15: =VLOOKUP($A15,[6]HISTOOCT25!$A$6:$AU$49,9,0) -> BANQUE | H15: =VLOOKUP($A15,[6]HISTOOCT25!$A$6:$AV$49,35,0) -> 0 | I15: =VLOOKUP($A15,[6]HISTOOCT25!$A$6:$AV$49,38,0) -> 0 | J15: =IF(I15=0,"",VLOOKUP($A15,[6]HISTOOCT25!$A$6:$AV$47,42,0)) | K15: =VLOOKUP($A15,[6]HISTOOCT25!$A$6:$AV$49,41,0) -> 0 | L15: =TONTSEPT25!H15+TONTSEPT25!I15 -> 0 | M15: =VLOOKUP($A15,[6]HISTOOCT25!$A$6:$AV$49,16,0) -> 0 | N15: =IF(M15<>0,VLOOKUP($A15,[6]HISTOOCT25!$A$6:$AV$49,42,0),"ECHEC") -> ECHEC | O15: =IF(R15=0,0,VLOOKUP($A15,[6]HISTOOCT25!$A$6:$AV$49,32,0)) -> 0 | P15: =VLOOKUP($A15,[6]HISTOOCT25!$A$6:$AV$49,33,0) -> 0 | Q15: =IF(R15=0,0,($C$3-R15)) -> 0 | R15: =VLOOKUP($A15,[6]HISTOOCT25!$A$6:$AV$49,29,0) -> 0
A16: AS201613 | B16: =IF(D16=0,0,VLOOKUP($A16,[6]HISTOOCT25!$A$6:$BP$45,10,0)) -> 1 | C16: =VLOOKUP(A16,[7]LISTADHERENT!A$5:H$60,3,0) -> HOTCHO BENJAMIN | D16: =IF(G16="ECHEC",0,B$3) -> 25000 | E16: =D16+VLOOKUP($A16,[6]HISTOOCT25!$A$7:$AT$43,45,0)+F16 -> 75000 | F16: =VLOOKUP($A16,[6]HISTOOCT25!$A$6:$AU$48,8,0) -> 0 | G16: =VLOOKUP($A16,[6]HISTOOCT25!$A$6:$AU$49,9,0) -> BANQUE | H16: =VLOOKUP($A16,[6]HISTOOCT25!$A$6:$AV$49,35,0) -> 50000 | I16: =VLOOKUP($A16,[6]HISTOOCT25!$A$6:$AV$49,38,0) -> 500 | J16: =IF(I16=0,"",VLOOKUP($A16,[6]HISTOOCT25!$A$6:$AV$47,42,0)) -> BANQUE | K16: =VLOOKUP($A16,[6]HISTOOCT25!$A$6:$AV$49,41,0) -> 0 | L16: =TONTSEPT25!H16+TONTSEPT25!I16 -> 0 | M16: =VLOOKUP($A16,[6]HISTOOCT25!$A$6:$AV$49,16,0) -> 0 | N16: =IF(M16<>0,VLOOKUP($A16,[6]HISTOOCT25!$A$6:$AV$49,42,0),"ECHEC") -> ECHEC | O16: =IF(R16=0,0,VLOOKUP($A16,[6]HISTOOCT25!$A$6:$AV$49,32,0)) -> 0 | P16: =VLOOKUP($A16,[6]HISTOOCT25!$A$6:$AV$49,33,0) -> 0 | Q16: =IF(R16=0,0,($C$3-R16)) -> 0 | R16: =VLOOKUP($A16,[6]HISTOOCT25!$A$6:$AV$49,29,0) -> 0
A17: AS201617 | B17: =IF(D17=0,0,VLOOKUP($A17,[6]HISTOOCT25!$A$6:$BP$45,10,0)) -> 1 | C17: =VLOOKUP(A17,[7]LISTADHERENT!A$5:H$60,3,0) -> KOUAMOU MOISE | D17: =IF(G17="ECHEC",0,B$3) -> 25000 | E17: =D17+VLOOKUP($A17,[6]HISTOOCT25!$A$7:$AT$43,45,0)+F17 -> 50000 | F17: =VLOOKUP($A17,[6]HISTOOCT25!$A$6:$AU$48,8,0) -> 0 | G17: =VLOOKUP($A17,[6]HISTOOCT25!$A$6:$AU$49,9,0) -> BANQUE | H17: =VLOOKUP($A17,[6]HISTOOCT25!$A$6:$AV$49,35,0) -> 50000 | I17: =VLOOKUP($A17,[6]HISTOOCT25!$A$6:$AV$49,38,0) -> 1000 | J17: =IF(I17=0,"",VLOOKUP($A17,[6]HISTOOCT25!$A$6:$AV$47,42,0)) -> 0 | K17: =VLOOKUP($A17,[6]HISTOOCT25!$A$6:$AV$49,41,0) -> 0 | L17: =TONTSEPT25!H17+TONTSEPT25!I17 -> 0 | M17: =VLOOKUP($A17,[6]HISTOOCT25!$A$6:$AV$49,16,0) -> 0 | N17: =IF(M17<>0,VLOOKUP($A17,[6]HISTOOCT25!$A$6:$AV$49,42,0),"ECHEC") -> ECHEC | O17: =IF(R17=0,0,VLOOKUP($A17,[6]HISTOOCT25!$A$6:$AV$49,32,0)) -> 0 | P17: =VLOOKUP($A17,[6]HISTOOCT25!$A$6:$AV$49,33,0) -> 0 | Q17: =IF(R17=0,0,($C$3-R17)) -> 0 | R17: =VLOOKUP($A17,[6]HISTOOCT25!$A$6:$AV$49,29,0) -> 0
... A31: AS201629 | B31: =IF(D31=0,0,VLOOKUP($A31,[6]HISTOOCT25!$A$6:$BP$45,10,0)) -> 1 | C31: =VLOOKUP(A31,[7]LISTADHERENT!A$5:H$60,3,0) -> SIMO FONGANG ERIC | D31: =IF(G31="ECHEC",0,B$3) -> 25000 | E31: =D31+VLOOKUP($A31,[6]HISTOOCT25!$A$7:$AT$43,45,0)+F31 -> 50000 | F31: =VLOOKUP($A31,[6]HISTOOCT25!$A$6:$AU$48,8,0) -> 0 | G31: =VLOOKUP($A31,[6]HISTOOCT25!$A$6:$AU$49,9,0) -> BANQUE | H31: =VLOOKUP($A31,[6]HISTOOCT25!$A$6:$AV$49,35,0) -> 0 | I31: =VLOOKUP($A31,[6]HISTOOCT25!$A$6:$AV$49,38,0) -> 0 | J31: =IF(I31=0,"",VLOOKUP($A31,[6]HISTOOCT25!$A$6:$AV$47,42,0)) | K31: =VLOOKUP($A31,[6]HISTOOCT25!$A$6:$AV$49,41,0) -> 0 | L31: =TONTSEPT25!H31+TONTSEPT25!I31 -> 0 | M31: =VLOOKUP($A31,[6]HISTOOCT25!$A$6:$AV$49,16,0) -> 0 | N31: =IF(M31<>0,VLOOKUP($A31,[6]HISTOOCT25!$A$6:$AV$49,42,0),"ECHEC") -> ECHEC | O31: =IF(R31=0,0,VLOOKUP($A31,[6]HISTOOCT25!$A$6:$AV$49,32,0)) -> 0 | P31: =VLOOKUP($A31,[6]HISTOOCT25!$A$6:$AV$49,33,0) -> 0 | Q31: =IF(R31=0,0,($C$3-R31)) -> 0 | R31: =VLOOKUP($A31,[6]HISTOOCT25!$A$6:$AV$49,29,0) -> 0
A32: AS201638 | B32: =IF(D32=0,0,VLOOKUP($A32,[6]HISTOOCT25!$A$6:$BP$45,10,0)) -> 0 | C32: =VLOOKUP(A32,[7]LISTADHERENT!A$5:H$60,3,0) -> SIMO PIERRE | F32: =VLOOKUP($A32,[6]HISTOOCT25!$A$6:$AU$48,8,0) -> 0 | G32: =VLOOKUP($A32,[6]HISTOOCT25!$A$6:$AU$49,9,0) -> ESPECES | H32: =VLOOKUP($A32,[6]HISTOOCT25!$A$6:$AV$49,35,0) -> 30500 | I32: =VLOOKUP($A32,[6]HISTOOCT25!$A$6:$AV$49,38,0) -> 0 | J32: =IF(I32=0,"",VLOOKUP($A32,[6]HISTOOCT25!$A$6:$AV$47,42,0)) | K32: =VLOOKUP($A32,[6]HISTOOCT25!$A$6:$AV$49,41,0) -> 0 | L32: =TONTSEPT25!H32+TONTSEPT25!I32 -> 30500 | M32: =VLOOKUP($A32,[6]HISTOOCT25!$A$6:$AV$49,16,0) -> 30500 | N32: =IF(M32<>0,VLOOKUP($A32,[6]HISTOOCT25!$A$6:$AV$49,42,0),"ECHEC") -> BANQUE | O32: =IF(R32=0,0,VLOOKUP($A32,[6]HISTOOCT25!$A$6:$AV$49,32,0)) -> 0 | P32: =VLOOKUP($A32,[6]HISTOOCT25!$A$6:$AV$49,33,0) -> 0 | Q32: =IF(R32=0,0,($C$3-R32)) -> 0 | R32: =VLOOKUP($A32,[6]HISTOOCT25!$A$6:$AV$49,29,0) -> 0
A33: AS201641 | B33: =IF(D33=0,0,VLOOKUP($A33,[6]HISTOOCT25!$A$6:$BP$45,10,0)) -> 1 | C33: =VLOOKUP(A33,[7]LISTADHERENT!A$5:H$60,3,0) -> TCHOUAMOU MATHIEU | D33: =IF(G33="ECHEC",0,B$3) -> 25000 | E33: =D33+VLOOKUP($A33,[6]HISTOOCT25!$A$7:$AT$43,45,0)+F33 -> 50000 | F33: =VLOOKUP($A33,[6]HISTOOCT25!$A$6:$AU$48,8,0) -> 0 | G33: =VLOOKUP($A33,[6]HISTOOCT25!$A$6:$AU$49,9,0) -> BANQUE | H33: =VLOOKUP($A33,[6]HISTOOCT25!$A$6:$AV$49,35,0) -> 50000 | I33: =VLOOKUP($A33,[6]HISTOOCT25!$A$6:$AV$49,38,0) -> 1000 | J33: =IF(I33=0,"",VLOOKUP($A33,[6]HISTOOCT25!$A$6:$AV$47,42,0)) -> BANQUE | K33: =VLOOKUP($A33,[6]HISTOOCT25!$A$6:$AV$49,41,0) -> 0 | L33: =TONTSEPT25!H33+TONTSEPT25!I33 -> 0 | M33: =VLOOKUP($A33,[6]HISTOOCT25!$A$6:$AV$49,16,0) -> 0 | N33: =IF(M33<>0,VLOOKUP($A33,[6]HISTOOCT25!$A$6:$AV$49,42,0),"ECHEC") -> ECHEC | O33: =IF(R33=0,0,VLOOKUP($A33,[6]HISTOOCT25!$A$6:$AV$49,32,0)) -> 0 | P33: =VLOOKUP($A33,[6]HISTOOCT25!$A$6:$AV$49,33,0) -> 0 | Q33: =IF(R33=0,0,($C$3-R33)) -> 0 | R33: =VLOOKUP($A33,[6]HISTOOCT25!$A$6:$AV$49,29,0) -> 0
A34: AS201660 | B34: =IF(D34=0,0,VLOOKUP($A34,[6]HISTOOCT25!$A$6:$BP$45,10,0)) -> 1 | C34: =VLOOKUP(A34,[7]LISTADHERENT!A$5:H$60,3,0) -> TCHOUATEU AUGUSTIN | D34: =IF(G34="ECHEC",0,B$3) -> 25000 | E34: =D34+VLOOKUP($A34,[6]HISTOOCT25!$A$7:$AT$43,45,0)+F34 -> 50000 | F34: =VLOOKUP($A34,[6]HISTOOCT25!$A$6:$AU$48,8,0) -> 0 | G34: =VLOOKUP($A34,[6]HISTOOCT25!$A$6:$AU$49,9,0) -> BANQUE | H34: =VLOOKUP($A34,[6]HISTOOCT25!$A$6:$AV$49,35,0) -> 0 | I34: =VLOOKUP($A34,[6]HISTOOCT25!$A$6:$AV$49,38,0) -> 0 | J34: =IF(I34=0,"",VLOOKUP($A34,[6]HISTOOCT25!$A$6:$AV$47,42,0)) | K34: =VLOOKUP($A34,[6]HISTOOCT25!$A$6:$AV$49,41,0) -> 0 | L34: =TONTSEPT25!H34+TONTSEPT25!I34 -> 0 | M34: =VLOOKUP($A34,[6]HISTOOCT25!$A$6:$AV$49,16,0) -> 0 | N34: =IF(M34<>0,VLOOKUP($A34,[6]HISTOOCT25!$A$6:$AV$49,42,0),"ECHEC") -> ECHEC | O34: =IF(R34=0,0,VLOOKUP($A34,[6]HISTOOCT25!$A$6:$AV$49,32,0)) -> 0 | P34: =VLOOKUP($A34,[6]HISTOOCT25!$A$6:$AV$49,33,0) -> 0 | Q34: =IF(R34=0,0,($C$3-R34)) -> 0 | R34: =VLOOKUP($A34,[6]HISTOOCT25!$A$6:$AV$49,29,0) -> 0
A35: AS201643 | B35: =IF(D35=0,0,VLOOKUP($A35,[6]HISTOOCT25!$A$6:$BP$45,10,0)) -> 1 | C35: =VLOOKUP(A35,[7]LISTADHERENT!A$5:H$60,3,0) -> TCHOUTOU NANA CLAUDE | D35: =IF(G35="ECHEC",0,B$3) -> 25000 | E35: =D35+VLOOKUP($A35,[6]HISTOOCT25!$A$7:$AT$43,45,0)+F35 -> 50000 | F35: =VLOOKUP($A35,[6]HISTOOCT25!$A$6:$AU$48,8,0) -> 0 | G35: =VLOOKUP($A35,[6]HISTOOCT25!$A$6:$AU$49,9,0) -> BANQUE | H35: =VLOOKUP($A35,[6]HISTOOCT25!$A$6:$AV$49,35,0) -> 0 | I35: =VLOOKUP($A35,[6]HISTOOCT25!$A$6:$AV$49,38,0) -> 0 | J35: =IF(I35=0,"",VLOOKUP($A35,[6]HISTOOCT25!$A$6:$AV$47,42,0)) | K35: =VLOOKUP($A35,[6]HISTOOCT25!$A$6:$AV$49,41,0) -> 0 | L35: =TONTSEPT25!H35+TONTSEPT25!I35 -> 0 | M35: =VLOOKUP($A35,[6]HISTOOCT25!$A$6:$AV$49,16,0) -> 0 | N35: =IF(M35<>0,VLOOKUP($A35,[6]HISTOOCT25!$A$6:$AV$49,42,0),"ECHEC") -> ECHEC | O35: =IF(R35=0,0,VLOOKUP($A35,[6]HISTOOCT25!$A$6:$AV$49,32,0)) -> 0 | P35: =VLOOKUP($A35,[6]HISTOOCT25!$A$6:$AV$49,33,0) -> 0 | Q35: =IF(R35=0,0,($C$3-R35)) -> 0 | R35: =VLOOKUP($A35,[6]HISTOOCT25!$A$6:$AV$49,29,0) -> 0
A36: AS201662 | B36: =IF(D36=0,0,VLOOKUP($A36,[6]HISTOOCT25!$A$6:$BP$45,10,0)) -> 1 | C36: =VLOOKUP(A36,[7]LISTADHERENT!A$5:H$60,3,0) -> TIEYAM ERNEST | D36: =IF(G36="ECHEC",0,B$3) -> 25000 | E36: =D36+VLOOKUP($A36,[6]HISTOOCT25!$A$7:$AT$43,45,0)+F36 -> 50000 | F36: =VLOOKUP($A36,[6]HISTOOCT25!$A$6:$AU$48,8,0) -> 3000 | G36: =VLOOKUP($A36,[6]HISTOOCT25!$A$6:$AU$49,9,0) -> ESPECES | H36: =VLOOKUP($A36,[6]HISTOOCT25!$A$6:$AV$49,35,0) -> 0 | I36: =VLOOKUP($A36,[6]HISTOOCT25!$A$6:$AV$49,38,0) -> 0 | J36: =IF(I36=0,"",VLOOKUP($A36,[6]HISTOOCT25!$A$6:$AV$47,42,0)) | K36: =VLOOKUP($A36,[6]HISTOOCT25!$A$6:$AV$49,41,0) -> 0 | L36: =TONTSEPT25!H36+TONTSEPT25!I36 -> 0 | M36: =VLOOKUP($A36,[6]HISTOOCT25!$A$6:$AV$49,16,0) -> 0 | N36: =IF(M36<>0,VLOOKUP($A36,[6]HISTOOCT25!$A$6:$AV$49,42,0),"ECHEC") -> ECHEC | O36: =IF(R36=0,0,VLOOKUP($A36,[6]HISTOOCT25!$A$6:$AV$49,32,0)) -> 0 | P36: =VLOOKUP($A36,[6]HISTOOCT25!$A$6:$AV$49,33,0) -> 0 | Q36: =IF(R36=0,0,($C$3-R36)) -> 0 | R36: =VLOOKUP($A36,[6]HISTOOCT25!$A$6:$AV$49,29,0) -> 0
A37: AS201658 | B37: =IF(D37=0,0,VLOOKUP($A37,[6]HISTOOCT25!$A$6:$BP$45,10,0)) -> 1 | C37: =VLOOKUP(A37,[7]LISTADHERENT!A$5:H$60,3,0) -> YANTCHOU GERVAIS | D37: =IF(G37="ECHEC",0,B$3) -> 25000 | E37: =D37+VLOOKUP($A37,[6]HISTOOCT25!$A$7:$AT$43,45,0)+F37 -> 50000 | F37: =VLOOKUP($A37,[6]HISTOOCT25!$A$6:$AU$48,8,0) -> 0 | G37: =VLOOKUP($A37,[6]HISTOOCT25!$A$6:$AU$49,9,0) -> BANQUE | H37: =VLOOKUP($A37,[6]HISTOOCT25!$A$6:$AV$49,35,0) -> 50000 | I37: =VLOOKUP($A37,[6]HISTOOCT25!$A$6:$AV$49,38,0) -> 1000 | J37: =IF(I37=0,"",VLOOKUP($A37,[6]HISTOOCT25!$A$6:$AV$47,42,0)) -> 0 | K37: =VLOOKUP($A37,[6]HISTOOCT25!$A$6:$AV$49,41,0) -> 0 | L37: =TONTSEPT25!H37+TONTSEPT25!I37 -> 0 | M37: =VLOOKUP($A37,[6]HISTOOCT25!$A$6:$AV$49,16,0) -> 0 | N37: =IF(M37<>0,VLOOKUP($A37,[6]HISTOOCT25!$A$6:$AV$49,42,0),"ECHEC") -> ECHEC | O37: =IF(R37=0,0,VLOOKUP($A37,[6]HISTOOCT25!$A$6:$AV$49,32,0)) -> 0 | P37: =VLOOKUP($A37,[6]HISTOOCT25!$A$6:$AV$49,33,0) -> 0 | Q37: =IF(R37=0,0,($C$3-R37)) -> 0 | R37: =VLOOKUP($A37,[6]HISTOOCT25!$A$6:$AV$49,29,0) -> 0
A38: AS201646 | B38: =IF(D38=0,0,VLOOKUP($A38,[6]HISTOOCT25!$A$6:$BP$45,10,0)) -> 1 | C38: =VLOOKUP(A38,[7]LISTADHERENT!A$5:H$60,3,0) -> YEPMOU JEAN JACQUES | D38: =IF(G38="ECHEC",0,B$3) -> 25000 | E38: =D38+VLOOKUP($A38,[6]HISTOOCT25!$A$7:$AT$43,45,0)+F38 -> 50000 | F38: =VLOOKUP($A38,[6]HISTOOCT25!$A$6:$AU$48,8,0) -> 0 | G38: =VLOOKUP($A38,[6]HISTOOCT25!$A$6:$AU$49,9,0) -> BANQUE | H38: =VLOOKUP($A38,[6]HISTOOCT25!$A$6:$AV$49,35,0) -> 0 | I38: =VLOOKUP($A38,[6]HISTOOCT25!$A$6:$AV$49,38,0) -> 0 | J38: =IF(I38=0,"",VLOOKUP($A38,[6]HISTOOCT25!$A$6:$AV$47,42,0)) | K38: =VLOOKUP($A38,[6]HISTOOCT25!$A$6:$AV$49,41,0) -> 0 | L38: =TONTSEPT25!H38+TONTSEPT25!I38 -> 0 | M38: =VLOOKUP($A38,[6]HISTOOCT25!$A$6:$AV$49,16,0) -> 0 | N38: =IF(M38<>0,VLOOKUP($A38,[6]HISTOOCT25!$A$6:$AV$49,42,0),"ECHEC") -> ECHEC | O38: =IF(R38=0,0,VLOOKUP($A38,[6]HISTOOCT25!$A$6:$AV$49,32,0)) -> 0 | P38: =VLOOKUP($A38,[6]HISTOOCT25!$A$6:$AV$49,33,0) -> 0 | Q38: =IF(R38=0,0,($C$3-R38)) -> 0 | R38: =VLOOKUP($A38,[6]HISTOOCT25!$A$6:$AV$49,29,0) -> 0
A39: AS201659 | B39: =IF(D39=0,0,VLOOKUP($A39,[6]HISTOOCT25!$A$6:$BP$45,10,0)) -> 1 | C39: =VLOOKUP(A39,[7]LISTADHERENT!A$5:H$60,3,0) -> YIALA ALAIN OSCAR | D39: =IF(G39="ECHEC",0,B$3) -> 25000 | E39: =D39+VLOOKUP($A39,[6]HISTOOCT25!$A$7:$AT$43,45,0)+F39 -> 53000 | F39: =VLOOKUP($A39,[6]HISTOOCT25!$A$6:$AU$48,8,0) -> 3000 | G39: =VLOOKUP($A39,[6]HISTOOCT25!$A$6:$AU$49,9,0) -> ESPECES | H39: =VLOOKUP($A39,[6]HISTOOCT25!$A$6:$AV$49,35,0) -> 0 | I39: =VLOOKUP($A39,[6]HISTOOCT25!$A$6:$AV$49,38,0) -> 0 | J39: =IF(I39=0,"",VLOOKUP($A39,[6]HISTOOCT25!$A$6:$AV$47,42,0)) | K39: =VLOOKUP($A39,[6]HISTOOCT25!$A$6:$AV$49,41,0) -> 0 | L39: =TONTSEPT25!H39+TONTSEPT25!I39 -> 0 | M39: =VLOOKUP($A39,[6]HISTOOCT25!$A$6:$AV$49,16,0) -> 0 | N39: =IF(M39<>0,VLOOKUP($A39,[6]HISTOOCT25!$A$6:$AV$49,42,0),"ECHEC") -> ECHEC | O39: =IF(R39=0,0,VLOOKUP($A39,[6]HISTOOCT25!$A$6:$AV$49,32,0)) -> 0 | P39: =VLOOKUP($A39,[6]HISTOOCT25!$A$6:$AV$49,33,0) -> 0 | Q39: =IF(R39=0,0,($C$3-R39)) -> 0 | R39: =VLOOKUP($A39,[6]HISTOOCT25!$A$6:$AV$49,29,0) -> 0
A40: AS201647 | B40: =IF(D40=0,0,VLOOKUP($A40,[6]HISTOOCT25!$A$6:$BP$45,10,0)) -> 1 | C40: =VLOOKUP(A40,[7]LISTADHERENT!A$5:H$60,3,0) -> YOUMBI EMMANUEL | D40: =IF(G40="ECHEC",0,B$3) -> 25000 | E40: =D40+VLOOKUP($A40,[6]HISTOOCT25!$A$7:$AT$43,45,0)+F40 -> 50000 | F40: =VLOOKUP($A40,[6]HISTOOCT25!$A$6:$AU$48,8,0) -> 0 | G40: =VLOOKUP($A40,[6]HISTOOCT25!$A$6:$AU$49,9,0) -> BANQUE | H40: =VLOOKUP($A40,[6]HISTOOCT25!$A$6:$AV$49,35,0) -> 0 | I40: =VLOOKUP($A40,[6]HISTOOCT25!$A$6:$AV$49,38,0) -> 0 | J40: =IF(I40=0,"",VLOOKUP($A40,[6]HISTOOCT25!$A$6:$AV$47,42,0)) | K40: =VLOOKUP($A40,[6]HISTOOCT25!$A$6:$AV$49,41,0) -> 0 | L40: =TONTSEPT25!H40+TONTSEPT25!I40 -> 0 | M40: =VLOOKUP($A40,[6]HISTOOCT25!$A$6:$AV$49,16,0) -> 0 | N40: =IF(M40<>0,VLOOKUP($A40,[6]HISTOOCT25!$A$6:$AV$49,42,0),"ECHEC") -> ECHEC | O40: =IF(R40=0,0,VLOOKUP($A40,[6]HISTOOCT25!$A$6:$AV$49,32,0)) -> 0 | P40: =VLOOKUP($A40,[6]HISTOOCT25!$A$6:$AV$49,33,0) -> 0 | Q40: =IF(R40=0,0,($C$3-R40)) -> 0 | R40: =VLOOKUP($A40,[6]HISTOOCT25!$A$6:$AV$49,29,0) -> 0
A42: TOTAL PART | B42: =SUM(B6:B41) -> 34
A43: NBRE ADHERENT | B43: =COUNT(D6:D41) -> 34 | D43: =SUM(D6:D42) -> 850000 | F43: =SUM(F6:F42) -> 21000 | G43: =SUM(G6:G42) -> 0 | H43: =SUM(H6:H42) -> 739500 | I43: =SUM(I6:I42) -> 10000 | J43: =SUM(J6:J42) -> 0 | K43: =SUM(K6:K42) -> 0 | L43: =SUM(L6:L42) -> 89500 | M43: =SUM(M6:M42) -> 89500 | ... R43: =SUM(R6:R42) -> 0
N44: NBRE PART | O44: PART VENDUE
D45: MONTANT TONTINE | G45: REMBOURSEMENT PETIT LOT | H45: VENTE PETIT LOT | I45: VENTE LOT PRINCIPAL | J45: SOLDE EN CAISSE | L45: TONTINE + REMB + INTERET VENTE | M45: =D49+G49+R43+TONTSEPT25!O50 -> 940000
D46: =SUMIFS(D6:D42,G6:G42,"ESPECES") -> 125000 | F46: ESPECES | G46: =SUMIFS(M6:M35,N6:N35,"ESPECES") -> 0 | H46: =SUMIFS(H6:H42,J6:J42,"ESPECES") -> 0 | I46: =SUMIFS(Q6:Q42,O6:O42,"ESPECES") -> 0 | J46: =D46+G46-H46-I46 -> 125000 | L46: LOT PRINCIPAL | M46: =C3*COUNTIF(Q7:Q42,">0") -> 0 | N46: =D3 -> 3 | O46: =COUNTIF(Q7:Q35,">0") -> 0
D47: =SUMIFS(D6:D42,G6:G42,"BANQUE") -> 725000 | F47: BANQUE | G47: =SUMIFS(M6:M35,N6:N35,"BANQUE") -> 89500 | H47: =SUMIFS(H6:H42,J6:J42,"BANQUE") -> 350000 | I47: =SUMIFS(Q6:Q42,O6:O42,"BANQUE") -> 0 | J47: =D47+G47-H47-I47 -> 464500
L48: PETIT LOT | M48: =M45-M46 -> 940000
D49: =D46+D47 -> 850000 | F49: TOTAL | G49: =G46+G47 -> 89500 | H49: =H46+H47 -> 350000 | I49: =I46+I47 -> 0 | J49: =J46+J47 -> 589500
F50: TOTAL+DEPOT | L50: RELIQUAT | M50: =M48-H43 -> 200500 | O50: =M50+TONTJANV25!O50 -> 200500 | P50: CUMUL
L52: ECHEC TONTINE MOIS | M52: =COUNTIFS(G7:G41,"ECHEC")*23000 -> 0 | O52: =+M52+TONTJANV25!O52 -> 0 | P52: CUMUL
L53: ECHEC REMBOURSEMENT MOIS | M53: =L43-G49 -> 0 | O53: =+TONTJANV25!O53 -> 0 | P53: CUMUL

Sheet TONTNOV25
A1: ASSOCIATION | B1: ASELBY
A2: ANNEE | B2: 2025 | C2: TONIINE | D2: NBRE PART
A3: TAUX TONTINE | B3: 25000 | C3: =B3*12 -> 300000 | D3: =ROUNDDOWN(M45/C3,0) -> 6
C4: 45974
A5: MATRICULE | B5: NBREPART | C5: NOM ET PRENOM | D5: MONTANT TONTINE | E5: MONTANT VERSE | F5: PENALITE VERSEMENT ESPECES | G5: MODE VERSEMENT | H5: VENTE PETIT LOT | I5: INTERET PETIT LOT | J5: MODE VERSEMENT VENTE PETIT LOT | K5: NUMERO CHEQUE | L5: MONTANT A REMBOURSER PETIT LOT | M5: REMBOURSEMENT PETIT LOT | N5: MODE VERSEMENT REMBOURSEMENT | O5: MODE VERSEMENTLOT PRINCIPAL | P5: NUMERO CHEQUE | Q5: MONTANT LOT PRINCIPAL | R5: INTERET LOT PRINCIPAL
A6: AS201601 | B6: =IF(D6=0,0,VLOOKUP($A6,[6]HISTONOV25!$A$6:$BP$45,10,0)) -> 1 | C6: =VLOOKUP(A6,[7]LISTADHERENT!A$5:H$60,3,0) -> BAKOP ACHILLE | D6: =IF(G6="ECHEC",0,B$3) -> 25000 | E6: =D6+VLOOKUP($A6,[6]HISTONOV25!$A$7:$AT$43,45,0)+F6 -> 50000 | F6: =VLOOKUP($A6,[6]HISTONOV25!$A$6:$AU$48,8,0) -> 0 | G6: =VLOOKUP($A6,[6]HISTONOV25!$A$6:$AU$49,9,0) -> ESPECES | H6: =VLOOKUP($A6,[6]HISTONOV25!$A$6:$AV$49,35,0) -> 0 | I6: =VLOOKUP($A6,[6]HISTONOV25!$A$6:$AV$49,38,0) -> 0 | J6: =IF(I6=0,"",VLOOKUP($A6,[6]HISTONOV25!$A$6:$AV$47,42,0)) | K6: =VLOOKUP($A6,[6]HISTONOV25!$A$6:$AV$49,41,0) -> 0 | L6: =TONTOCT25!H6+TONTOCT25!I6 -> 0 | M6: =VLOOKUP($A6,[6]HISTONOV25!$A$6:$AV$49,16,0) -> 0 | N6: =IF(M6<>0,VLOOKUP($A6,[6]HISTONOV25!$A$6:$AV$49,42,0),"ECHEC") -> ECHEC | O6: =IF(R6=0,0,VLOOKUP($A6,[6]HISTONOV25!$A$6:$AV$49,32,0)) -> 0 | P6: =VLOOKUP($A6,[6]HISTONOV25!$A$6:$AV$49,33,0) -> 0 | Q6: =IF(R6=0,0,($C$3-R6)) -> 0 | R6: =VLOOKUP($A6,[6]HISTONOV25!$A$6:$AV$49,29,0) -> 0
A7: AS201602 | B7: =IF(D7=0,0,VLOOKUP($A7,[6]HISTONOV25!$A$6:$BP$45,10,0)) -> 1 | C7: =VLOOKUP(A7,[7]LISTADHERENT!A$5:H$60,3,0) -> BOUTCHOUANG WILLIAM | D7: =IF(G7="ECHEC",0,B$3) -> 25000 | E7: =D7+VLOOKUP($A7,[6]HISTONOV25!$A$7:$AT$43,45,0)+F7 -> 50000 | F7: =VLOOKUP($A7,[6]HISTONOV25!$A$6:$AU$48,8,0) -> 0 | G7: =VLOOKUP($A7,[6]HISTONOV25!$A$6:$AU$49,9,0) -> BANQUE | H7: =VLOOKUP($A7,[6]HISTONOV25!$A$6:$AV$49,35,0) -> 0 | I7: =VLOOKUP($A7,[6]HISTONOV25!$A$6:$AV$49,38,0) -> 0 | J7: =IF(I7=0,"",VLOOKUP($A7,[6]HISTONOV25!$A$6:$AV$47,42,0)) | K7: =VLOOKUP($A7,[6]HISTONOV25!$A$6:$AV$49,41,0) -> 0 | L7: =TONTOCT25!H7+TONTOCT25!I7 -> 50500 | M7: =VLOOKUP($A7,[6]HISTONOV25!$A$6:$AV$49,16,0) -> 50500 | N7: =IF(M7<>0,VLOOKUP($A7,[6]HISTONOV25!$A$6:$AV$49,42,0),"ECHEC") -> BANQUE | O7: =IF(R7=0,0,VLOOKUP($A7,[6]HISTONOV25!$A$6:$AV$49,32,0)) -> 0 | P7: =VLOOKUP($A7,[6]HISTONOV25!$A$6:$AV$49,33,0) -> 0 | Q7: =IF(R7=0,0,($C$3-R7)) -> 0 | R7: =VLOOKUP($A7,[6]HISTONOV25!$A$6:$AV$49,29,0) -> 0
A8: AS201604 | B8: =IF(D8=0,0,VLOOKUP($A8,[6]HISTONOV25!$A$6:$BP$45,10,0)) -> 1 | C8: =VLOOKUP(A8,[7]LISTADHERENT!A$5:H$60,3,0) -> DJOMO JEAN PAUL | D8: =IF(G8="ECHEC",0,B$3) -> 25000 | E8: =D8+VLOOKUP($A8,[6]HISTONOV25!$A$7:$AT$43,45,0)+F8 -> 50000 | F8: =VLOOKUP($A8,[6]HISTONOV25!$A$6:$AU$48,8,0) -> 0 | G8: =VLOOKUP($A8,[6]HISTONOV25!$A$6:$AU$49,9,0) -> BANQUE | H8: =VLOOKUP($A8,[6]HISTONOV25!$A$6:$AV$49,35,0) -> 0 | I8: =VLOOKUP($A8,[6]HISTONOV25!$A$6:$AV$49,38,0) -> 0 | J8: =IF(I8=0,"",VLOOKUP($A8,[6]HISTONOV25!$A$6:$AV$47,42,0)) | K8: =VLOOKUP($A8,[6]HISTONOV25!$A$6:$AV$49,41,0) -> 0 | L8: =TONTOCT25!H8+TONTOCT25!I8 -> 50500 | M8: =VLOOKUP($A8,[6]HISTONOV25!$A$6:$AV$49,16,0) -> 50500 | N8: =IF(M8<>0,VLOOKUP($A8,[6]HISTONOV25!$A$6:$AV$49,42,0),"ECHEC") -> BANQUE | O8: =IF(R8=0,0,VLOOKUP($A8,[6]HISTONOV25!$A$6:$AV$49,32,0)) -> 0 | P8: =VLOOKUP($A8,[6]HISTONOV25!$A$6:$AV$49,33,0) -> 0 | Q8: =IF(R8=0,0,($C$3-R8)) -> 0 | R8: =VLOOKUP($A8,[6]HISTONOV25!$A$6:$AV$49,29,0) -> 0
A9: AS201654 | B9: =IF(D9=0,0,VLOOKUP($A9,[6]HISTONOV25!$A$6:$BP$45,10,0)) -> 1 | C9: =VLOOKUP(A9,[7]LISTADHERENT!A$5:H$60,3,0) -> DJOMOU TCHAPDA | D9: =IF(G9="ECHEC",0,B$3) -> 25000 | E9: =D9+VLOOKUP($A9,[6]HISTONOV25!$A$7:$AT$43,45,0)+F9 -> 50000 | F9: =VLOOKUP($A9,[6]HISTONOV25!$A$6:$AU$48,8,0) -> 0 | G9: =VLOOKUP($A9,[6]HISTONOV25!$A$6:$AU$49,9,0) -> BANQUE | H9: =VLOOKUP($A9,[6]HISTONOV25!$A$6:$AV$49,35,0) -> 20000 | I9: =VLOOKUP($A9,[6]HISTONOV25!$A$6:$AV$49,38,0) -> 500 | J9: =IF(I9=0,"",VLOOKUP($A9,[6]HISTONOV25!$A$6:$AV$47,42,0)) -> BANQUE | K9: =VLOOKUP($A9,[6]HISTONOV25!$A$6:$AV$49,41,0) -> 0 | L9: =TONTOCT25!H9+TONTOCT25!I9 -> 51000 | M9: =VLOOKUP($A9,[6]HISTONOV25!$A$6:$AV$49,16,0) -> 51000 | N9: =IF(M9<>0,VLOOKUP($A9,[6]HISTONOV25!$A$6:$AV$49,42,0),"ECHEC") -> BANQUE | O9: =IF(R9=0,0,VLOOKUP($A9,[6]HISTONOV25!$A$6:$AV$49,32,0)) -> 0 | P9: =VLOOKUP($A9,[6]HISTONOV25!$A$6:$AV$49,33,0) -> 0 | Q9: =IF(R9=0,0,($C$3-R9)) -> 0 | R9: =VLOOKUP($A9,[6]HISTONOV25!$A$6:$AV$49,29,0) -> 0
A10: AS201605 | B10: =IF(D10=0,0,VLOOKUP($A10,[6]HISTONOV25!$A$6:$BP$45,10,0)) -> 1 | C10: =VLOOKUP(A10,[7]LISTADHERENT!A$5:H$60,3,0) -> DJOUKWE NANGUEN GUY BLAISE | D10: =IF(G10="ECHEC",0,B$3) -> 25000 | E10: =D10+VLOOKUP($A10,[6]HISTONOV25!$A$7:$AT$43,45,0)+F10 -> 50000 | F10: =VLOOKUP($A10,[6]HISTONOV25!$A$6:$AU$48,8,0) -> 0 | G10: =VLOOKUP($A10,[6]HISTONOV25!$A$6:$AU$49,9,0) -> BANQUE | H10: =VLOOKUP($A10,[6]HISTONOV25!$A$6:$AV$49,35,0) -> 50500 | I10: =VLOOKUP($A10,[6]HISTONOV25!$A$6:$AV$49,38,0) -> 1000 | J10: =IF(I10=0,"",VLOOKUP($A10,[6]HISTONOV25!$A$6:$AV$47,42,0)) -> BANQUE | K10: =VLOOKUP($A10,[6]HISTONOV25!$A$6:$AV$49,41,0) -> 0 | L10: =TONTOCT25!H10+TONTOCT25!I10 -> 50500 | M10: =VLOOKUP($A10,[6]HISTONOV25!$A$6:$AV$49,16,0) -> 50500 | N10: =IF(M10<>0,VLOOKUP($A10,[6]HISTONOV25!$A$6:$AV$49,42,0),"ECHEC") -> BANQUE | O10: =IF(R10=0,0,VLOOKUP($A10,[6]HISTONOV25!$A$6:$AV$49,32,0)) -> 0 | P10: =VLOOKUP($A10,[6]HISTONOV25!$A$6:$AV$49,33,0) -> 0 | Q10: =IF(R10=0,0,($C$3-R10)) -> 0 | R10: =VLOOKUP($A10,[6]HISTONOV25!$A$6:$AV$49,29,0) -> 0
A11: AS201608 | B11: =IF(D11=0,0,VLOOKUP($A11,[6]HISTONOV25!$A$6:$BP$45,10,0)) -> 1 | C11: =VLOOKUP(A11,[7]LISTADHERENT!A$5:H$60,3,0) -> DJUOMBESSY ANTOINE | D11: =IF(G11="ECHEC",0,B$3) -> 25000 | E11: =D11+VLOOKUP($A11,[6]HISTONOV25!$A$7:$AT$43,45,0)+F11 -> 250000 | F11: =VLOOKUP($A11,[6]HISTONOV25!$A$6:$AU$48,8,0) -> 0 | G11: =VLOOKUP($A11,[6]HISTONOV25!$A$6:$AU$49,9,0) -> BANQUE | H11: =VLOOKUP($A11,[6]HISTONOV25!$A$6:$AV$49,35,0) -> 0 | I11: =VLOOKUP($A11,[6]HISTONOV25!$A$6:$AV$49,38,0) -> 0 | J11: =IF(I11=0,"",VLOOKUP($A11,[6]HISTONOV25!$A$6:$AV$47,42,0)) | K11: =VLOOKUP($A11,[6]HISTONOV25!$A$6:$AV$49,41,0) -> 0 | L11: =TONTOCT25!H11+TONTOCT25!I11 -> 0 | M11: =VLOOKUP($A11,[6]HISTONOV25!$A$6:$AV$49,16,0) -> 0 | N11: =IF(M11<>0,VLOOKUP($A11,[6]HISTONOV25!$A$6:$AV$49,42,0),"ECHEC") -> ECHEC | O11: =IF(R11=0,0,VLOOKUP($A11,[6]HISTONOV25!$A$6:$AV$49,32,0)) -> 0 | P11: =VLOOKUP($A11,[6]HISTONOV25!$A$6:$AV$49,33,0) -> 0 | Q11: =IF(R11=0,0,($C$3-R11)) -> 0 | R11: =VLOOKUP($A11,[6]HISTONOV25!$A$6:$AV$49,29,0) -> 0
A12: AS201651 | B12: =IF(D12=0,0,VLOOKUP($A12,[6]HISTONOV25!$A$6:$BP$45,10,0)) -> 1 | C12: =VLOOKUP(A12,[7]LISTADHERENT!A$5:H$60,3,0) -> DOMOU FABIEN | D12: =IF(G12="ECHEC",0,B$3) -> 25000 | E12: =D12+VLOOKUP($A12,[6]HISTONOV25!$A$7:$AT$43,45,0)+F12 -> 50000 | F12: =VLOOKUP($A12,[6]HISTONOV25!$A$6:$AU$48,8,0) -> 0 | G12: =VLOOKUP($A12,[6]HISTONOV25!$A$6:$AU$49,9,0) -> BANQUE | H12: =VLOOKUP($A12,[6]HISTONOV25!$A$6:$AV$49,35,0) -> 0 | I12: =VLOOKUP($A12,[6]HISTONOV25!$A$6:$AV$49,38,0) -> 0 | J12: =IF(I12=0,"",VLOOKUP($A12,[6]HISTONOV25!$A$6:$AV$47,42,0)) | K12: =VLOOKUP($A12,[6]HISTONOV25!$A$6:$AV$49,41,0) -> 0 | L12: =TONTOCT25!H12+TONTOCT25!I12 -> 0 | M12: =VLOOKUP($A12,[6]HISTONOV25!$A$6:$AV$49,16,0) -> 0 | N12: =IF(M12<>0,VLOOKUP($A12,[6]HISTONOV25!$A$6:$AV$49,42,0),"ECHEC") -> ECHEC | O12: =IF(R12=0,0,VLOOKUP($A12,[6]HISTONOV25!$A$6:$AV$49,32,0)) -> 0 | P12: =VLOOKUP($A12,[6]HISTONOV25!$A$6:$AV$49,33,0) -> 0 | Q12: =IF(R12=0,0,($C$3-R12)) -> 0 | R12: =VLOOKUP($A12,[6]HISTONOV25!$A$6:$AV$49,29,0) -> 0
A13: AS201609 | B13: =IF(D13=0,0,VLOOKUP($A13,[6]HISTONOV25!$A$6:$BP$45,10,0)) -> 1 | C13: =VLOOKUP(A13,[7]LISTADHERENT!A$5:H$60,3,0) -> DONHOU DAVID | D13: =IF(G13="ECHEC",0,B$3) -> 25000 | E13: =D13+VLOOKUP($A13,[6]HISTONOV25!$A$7:$AT$43,45,0)+F13 -> 50000 | F13: =VLOOKUP($A13,[6]HISTONOV25!$A$6:$AU$48,8,0) -> 0 | G13: =VLOOKUP($A13,[6]HISTONOV25!$A$6:$AU$49,9,0) -> BANQUE | H13: =VLOOKUP($A13,[6]HISTONOV25!$A$6:$AV$49,35,0) -> 0 | I13: =VLOOKUP($A13,[6]HISTONOV25!$A$6:$AV$49,38,0) -> 0 | J13: =IF(I13=0,"",VLOOKUP($A13,[6]HISTONOV25!$A$6:$AV$47,42,0)) | K13: =VLOOKUP($A13,[6]HISTONOV25!$A$6:$AV$49,41,0) -> 0 | L13: =TONTOCT25!H13+TONTOCT25!I13 -> 0 | M13: =VLOOKUP($A13,[6]HISTONOV25!$A$6:$AV$49,16,0) -> 0 | N13: =IF(M13<>0,VLOOKUP($A13,[6]HISTONOV25!$A$6:$AV$49,42,0),"ECHEC") -> ECHEC | O13: =IF(R13=0,0,VLOOKUP($A13,[6]HISTONOV25!$A$6:$AV$49,32,0)) -> 0 | P13: =VLOOKUP($A13,[6]HISTONOV25!$A$6:$AV$49,33,0) -> 0 | Q13: =IF(R13=0,0,($C$3-R13)) -> 297500 | R13: =VLOOKUP($A13,[6]HISTONOV25!$A$6:$AV$49,29,0) -> 2500
A14: AS201663 | B14: =IF(D14=0,0,VLOOKUP($A14,[6]HISTONOV25!$A$6:$BP$45,10,0)) -> 1 | C14: =VLOOKUP(A14,[7]LISTADHERENT!A$5:H$60,3,0) -> FAMPOU PAUL | D14: =IF(G14="ECHEC",0,B$3) -> 25000 | E14: =D14+VLOOKUP($A14,[6]HISTONOV25!$A$7:$AT$43,45,0)+F14 -> 50000 | F14: =VLOOKUP($A14,[6]HISTONOV25!$A$6:$AU$48,8,0) -> 0 | G14: =VLOOKUP($A14,[6]HISTONOV25!$A$6:$AU$49,9,0) -> BANQUE | H14: =VLOOKUP($A14,[6]HISTONOV25!$A$6:$AV$49,35,0) -> 0 | I14: =VLOOKUP($A14,[6]HISTONOV25!$A$6:$AV$49,38,0) -> 0 | J14: =IF(I14=0,"",VLOOKUP($A14,[6]HISTONOV25!$A$6:$AV$47,42,0)) | K14: =VLOOKUP($A14,[6]HISTONOV25!$A$6:$AV$49,41,0) -> 0 | L14: =TONTOCT25!H14+TONTOCT25!I14 -> 0 | M14: =VLOOKUP($A14,[6]HISTONOV25!$A$6:$AV$49,16,0) -> 0 | N14: =IF(M14<>0,VLOOKUP($A14,[6]HISTONOV25!$A$6:$AV$49,42,0),"ECHEC") -> ECHEC | O14: =IF(R14=0,0,VLOOKUP($A14,[6]HISTONOV25!$A$6:$AV$49,32,0)) -> 0 | P14: =VLOOKUP($A14,[6]HISTONOV25!$A$6:$AV$49,33,0) -> 0 | Q14: =IF(R14=0,0,($C$3-R14)) -> 0 | R14: =VLOOKUP($A14,[6]HISTONOV25!$A$6:$AV$49,29,0) -> 0
A15: AS201611 | B15: =IF(D15=0,0,VLOOKUP($A15,[6]HISTONOV25!$A$6:$BP$45,10,0)) -> 1 | C15: =VLOOKUP(A15,[7]LISTADHERENT!A$5:H$60,3,0) -> HENGUE PAUL OMER | D15: =IF(G15="ECHEC",0,B$3) -> 25000 | E15: =D15+VLOOKUP($A15,[6]HISTONOV25!$A$7:$AT$43,45,0)+F15 -> 50000 | F15: =VLOOKUP($A15,[6]HISTONOV25!$A$6:$AU$48,8,0) -> 0 | G15: =VLOOKUP($A15,[6]HISTONOV25!$A$6:$AU$49,9,0) -> BANQUE | H15: =VLOOKUP($A15,[6]HISTONOV25!$A$6:$AV$49,35,0) -> 0 | I15: =VLOOKUP($A15,[6]HISTONOV25!$A$6:$AV$49,38,0) -> 0 | J15: =IF(I15=0,"",VLOOKUP($A15,[6]HISTONOV25!$A$6:$AV$47,42,0)) | K15: =VLOOKUP($A15,[6]HISTONOV25!$A$6:$AV$49,41,0) -> 0 | L15: =TONTOCT25!H15+TONTOCT25!I15 -> 0 | M15: =VLOOKUP($A15,[6]HISTONOV25!$A$6:$AV$49,16,0) -> 0 | N15: =IF(M15<>0,VLOOKUP($A15,[6]HISTONOV25!$A$6:$AV$49,42,0),"ECHEC") -> ECHEC | O15: =IF(R15=0,0,VLOOKUP($A15,[6]HISTONOV25!$A$6:$AV$49,32,0)) -> 0 | P15: =VLOOKUP($A15,[6]HISTONOV25!$A$6:$AV$49,33,0) -> 0 | Q15: =IF(R15=0,0,($C$3-R15)) -> 0 | R15: =VLOOKUP($A15,[6]HISTONOV25!$A$6:$AV$49,29,0) -> 0
A16: AS201613 | B16: =IF(D16=0,0,VLOOKUP($A16,[6]HISTONOV25!$A$6:$BP$45,10,0)) -> 1 | C16: =VLOOKUP(A16,[7]LISTADHERENT!A$5:H$60,3,0) -> HOTCHO BENJAMIN | D16: =IF(G16="ECHEC",0,B$3) -> 25000 | E16: =D16+VLOOKUP($A16,[6]HISTONOV25!$A$7:$AT$43,45,0)+F16 -> 65000 | F16: =VLOOKUP($A16,[6]HISTONOV25!$A$6:$AU$48,8,0) -> 0 | G16: =VLOOKUP($A16,[6]HISTONOV25!$A$6:$AU$49,9,0) -> BANQUE | H16: =VLOOKUP($A16,[6]HISTONOV25!$A$6:$AV$49,35,0) -> 0 | I16: =VLOOKUP($A16,[6]HISTONOV25!$A$6:$AV$49,38,0) -> 0 | J16: =IF(I16=0,"",VLOOKUP($A16,[6]HISTONOV25!$A$6:$AV$47,42,0)) | K16: =VLOOKUP($A16,[6]HISTONOV25!$A$6:$AV$49,41,0) -> 0 | L16: =TONTOCT25!H16+TONTOCT25!I16 -> 50500 | M16: =VLOOKUP($A16,[6]HISTONOV25!$A$6:$AV$49,16,0) -> 50500 | N16: =IF(M16<>0,VLOOKUP($A16,[6]HISTONOV25!$A$6:$AV$49,42,0),"ECHEC") -> BANQUE | O16: =IF(R16=0,0,VLOOKUP($A16,[6]HISTONOV25!$A$6:$AV$49,32,0)) -> 0 | P16: =VLOOKUP($A16,[6]HISTONOV25!$A$6:$AV$49,33,0) -> 0 | Q16: =IF(R16=0,0,($C$3-R16)) -> 0 | R16: =VLOOKUP($A16,[6]HISTONOV25!$A$6:$AV$49,29,0) -> 0
A17: AS201617 | B17: =IF(D17=0,0,VLOOKUP($A17,[6]HISTONOV25!$A$6:$BP$45,10,0)) -> 1 | C17: =VLOOKUP(A17,[7]LISTADHERENT!A$5:H$60,3,0) -> KOUAMOU MOISE | D17: =IF(G17="ECHEC",0,B$3) -> 25000 | E17: =D17+VLOOKUP($A17,[6]HISTONOV25!$A$7:$AT$43,45,0)+F17 -> 50000 | F17: =VLOOKUP($A17,[6]HISTONOV25!$A$6:$AU$48,8,0) -> 3000 | G17: =VLOOKUP($A17,[6]HISTONOV25!$A$6:$AU$49,9,0) -> ESPECES | H17: =VLOOKUP($A17,[6]HISTONOV25!$A$6:$AV$49,35,0) -> 51000 | I17: =VLOOKUP($A17,[6]HISTONOV25!$A$6:$AV$49,38,0) -> 2000 | J17: =IF(I17=0,"",VLOOKUP($A17,[6]HISTONOV25!$A$6:$AV$47,42,0)) -> BANQUE | K17: =VLOOKUP($A17,[6]HISTONOV25!$A$6:$AV$49,41,0) -> 0 | L17: =TONTOCT25!H17+TONTOCT25!I17 -> 51000 | M17: =VLOOKUP($A17,[6]HISTONOV25!$A$6:$AV$49,16,0) -> 51000 | N17: =IF(M17<>0,VLOOKUP($A17,[6]HISTONOV25!$A$6:$AV$49,42,0),"ECHEC") -> BANQUE | O17: =IF(R17=0,0,VLOOKUP($A17,[6]HISTONOV25!$A$6:$AV$49,32,0)) -> 0 | P17: =VLOOKUP($A17,[6]HISTONOV25!$A$6:$AV$49,33,0) -> 0 | Q17: =IF(R17=0,0,($C$3-R17)) -> 0 | R17: =VLOOKUP($A17,[6]HISTONOV25!$A$6:$AV$49,29,0) -> 0
... A28: AS201633 | B28: =IF(D28=0,0,VLOOKUP($A28,[6]HISTONOV25!$A$6:$BP$45,10,0)) -> 1 | C28: =VLOOKUP(A28,[7]LISTADHERENT!A$5:H$60,3,0) -> PATEGO NJOSSU GUSTAVE | D28: =IF(G28="ECHEC",0,B$3) -> 25000 | E28: =D28+VLOOKUP($A28,[6]HISTONOV25!$A$7:$AT$43,45,0)+F28 -> 50000 | F28: =VLOOKUP($A28,[6]HISTONOV25!$A$6:$AU$48,8,0) -> 0 | G28: =VLOOKUP($A28,[6]HISTONOV25!$A$6:$AU$49,9,0) -> BANQUE | H28: =VLOOKUP($A28,[6]HISTONOV25!$A$6:$AV$49,35,0) -> 0 | I28: =VLOOKUP($A28,[6]HISTONOV25!$A$6:$AV$49,38,0) -> 0 | J28: =IF(I28=0,"",VLOOKUP($A28,[6]HISTONOV25!$A$6:$AV$47,42,0)) | K28: =VLOOKUP($A28,[6]HISTONOV25!$A$6:$AV$49,41,0) -> 0 | L28: =TONTOCT25!H28+TONTOCT25!I28 -> 0 | M28: =VLOOKUP($A28,[6]HISTONOV25!$A$6:$AV$49,16,0) -> 0 | N28: =IF(M28<>0,VLOOKUP($A28,[6]HISTONOV25!$A$6:$AV$49,42,0),"ECHEC") -> ECHEC | O28: =IF(R28=0,0,VLOOKUP($A28,[6]HISTONOV25!$A$6:$AV$49,32,0)) -> 0 | P28: =VLOOKUP($A28,[6]HISTONOV25!$A$6:$AV$49,33,0) -> 0 | Q28: =IF(R28=0,0,($C$3-R28)) -> 0 | R28: =VLOOKUP($A28,[6]HISTONOV25!$A$6:$AV$49,29,0) -> 0
A29: AS201657 | B29: =IF(D29=0,0,VLOOKUP($A29,[6]HISTONOV25!$A$6:$BP$45,10,0)) -> 1 | C29: =VLOOKUP(A29,[7]LISTADHERENT!A$5:H$60,3,0) -> SEUMO POLYCARPE | D29: =IF(G29="ECHEC",0,B$3) -> 25000 | E29: =D29+VLOOKUP($A29,[6]HISTONOV25!$A$7:$AT$43,45,0)+F29 -> 50000 | F29: =VLOOKUP($A29,[6]HISTONOV25!$A$6:$AU$48,8,0) -> 0 | G29: =VLOOKUP($A29,[6]HISTONOV25!$A$6:$AU$49,9,0) -> BANQUE | H29: =VLOOKUP($A29,[6]HISTONOV25!$A$6:$AV$49,35,0) -> 59000 | I29: =VLOOKUP($A29,[6]HISTONOV25!$A$6:$AV$49,38,0) -> 0 | J29: BANQUE | K29: =VLOOKUP($A29,[6]HISTONOV25!$A$6:$AV$49,41,0) -> 0 | L29: =TONTOCT25!H29+TONTOCT25!I29 -> 59000 | M29: =VLOOKUP($A29,[6]HISTONOV25!$A$6:$AV$49,16,0) -> 59000 | N29: =IF(M29<>0,VLOOKUP($A29,[6]HISTONOV25!$A$6:$AV$49,42,0),"ECHEC") -> BANQUE | O29: =IF(R29=0,0,VLOOKUP($A29,[6]HISTONOV25!$A$6:$AV$49,32,0)) -> 0 | P29: =VLOOKUP($A29,[6]HISTONOV25!$A$6:$AV$49,33,0) -> 0 | Q29: =IF(R29=0,0,($C$3-R29)) -> 0 | R29: =VLOOKUP($A29,[6]HISTONOV25!$A$6:$AV$49,29,0) -> 0
A30: AS201653 | B30: =IF(D30=0,0,VLOOKUP($A30,[6]HISTONOV25!$A$6:$BP$45,10,0)) -> 1 | C30: =VLOOKUP(A30,[7]LISTADHERENT!A$5:H$60,3,0) -> SIME BRICE | D30: =IF(G30="ECHEC",0,B$3) -> 25000 | E30: =D30+VLOOKUP($A30,[6]HISTONOV25!$A$7:$AT$43,45,0)+F30 -> 50000 | F30: =VLOOKUP($A30,[6]HISTONOV25!$A$6:$AU$48,8,0) -> 0 | G30: =VLOOKUP($A30,[6]HISTONOV25!$A$6:$AU$49,9,0) -> BANQUE | H30: =VLOOKUP($A30,[6]HISTONOV25!$A$6:$AV$49,35,0) -> 0 | I30: =VLOOKUP($A30,[6]HISTONOV25!$A$6:$AV$49,38,0) -> 0 | J30: =IF(I30=0,"",VLOOKUP($A30,[6]HISTONOV25!$A$6:$AV$47,42,0)) | K30: =VLOOKUP($A30,[6]HISTONOV25!$A$6:$AV$49,41,0) -> 0 | L30: =TONTOCT25!H30+TONTOCT25!I30 -> 51000 | M30: =VLOOKUP($A30,[6]HISTONOV25!$A$6:$AV$49,16,0) -> 51000 | N30: =IF(M30<>0,VLOOKUP($A30,[6]HISTONOV25!$A$6:$AV$49,42,0),"ECHEC") -> BANQUE | O30: =IF(R30=0,0,VLOOKUP($A30,[6]HISTONOV25!$A$6:$AV$49,32,0)) -> 0 | P30: =VLOOKUP($A30,[6]HISTONOV25!$A$6:$AV$49,33,0) -> 0 | Q30: =IF(R30=0,0,($C$3-R30)) -> 0 | R30: =VLOOKUP($A30,[6]HISTONOV25!$A$6:$AV$49,29,0) -> 0
A31: AS201629 | B31: =IF(D31=0,0,VLOOKUP($A31,[6]HISTONOV25!$A$6:$BP$45,10,0)) -> 1 | C31: =VLOOKUP(A31,[7]LISTADHERENT!A$5:H$60,3,0) -> SIMO FONGANG ERIC | D31: =IF(G31="ECHEC",0,B$3) -> 25000 | E31: =D31+VLOOKUP($A31,[6]HISTONOV25!$A$7:$AT$43,45,0)+F31 -> 50000 | F31: =VLOOKUP($A31,[6]HISTONOV25!$A$6:$AU$48,8,0) -> 3000 | G31: =VLOOKUP($A31,[6]HISTONOV25!$A$6:$AU$49,9,0) -> ESPECES | H31: =VLOOKUP($A31,[6]HISTONOV25!$A$6:$AV$49,35,0) -> 0 | I31: =VLOOKUP($A31,[6]HISTONOV25!$A$6:$AV$49,38,0) -> 0 | J31: =IF(I31=0,"",VLOOKUP($A31,[6]HISTONOV25!$A$6:$AV$47,42,0)) | K31: =VLOOKUP($A31,[6]HISTONOV25!$A$6:$AV$49,41,0) -> 0 | L31: =TONTOCT25!H31+TONTOCT25!I31 -> 0 | M31: =VLOOKUP($A31,[6]HISTONOV25!$A$6:$AV$49,16,0) -> 0 | N31: =IF(M31<>0,VLOOKUP($A31,[6]HISTONOV25!$A$6:$AV$49,42,0),"ECHEC") -> ECHEC | O31: =IF(R31=0,0,VLOOKUP($A31,[6]HISTONOV25!$A$6:$AV$49,32,0)) -> 0 | P31: =VLOOKUP($A31,[6]HISTONOV25!$A$6:$AV$49,33,0) -> 0 | Q31: =IF(R31=0,0,($C$3-R31)) -> 0 | R31: =VLOOKUP($A31,[6]HISTONOV25!$A$6:$AV$49,29,0) -> 0
A32: AS201638 | B32: =IF(D32=0,0,VLOOKUP($A32,[6]HISTONOV25!$A$6:$BP$45,10,0)) -> 0 | C32: =VLOOKUP(A32,[7]LISTADHERENT!A$5:H$60,3,0) -> SIMO PIERRE | D32: =IF(G32="ECHEC",0,B$3) -> 0 | E32: =D32+VLOOKUP($A32,[6]HISTONOV25!$A$7:$AT$43,45,0)+F32 -> 0 | F32: =VLOOKUP($A32,[6]HISTONOV25!$A$6:$AU$48,8,0) -> 0 | G32: =VLOOKUP($A32,[6]HISTONOV25!$A$6:$AU$49,9,0) -> ECHEC | H32: =VLOOKUP($A32,[6]HISTONOV25!$A$6:$AV$49,35,0) -> 30500 | I32: =VLOOKUP($A32,[6]HISTONOV25!$A$6:$AV$49,38,0) -> 0 | J32: BANQUE | K32: =VLOOKUP($A32,[6]HISTONOV25!$A$6:$AV$49,41,0) -> 0 | L32: =TONTOCT25!H32+TONTOCT25!I32 -> 30500 | M32: =VLOOKUP($A32,[6]HISTONOV25!$A$6:$AV$49,16,0) -> 30500 | N32: =IF(M32<>0,VLOOKUP($A32,[6]HISTONOV25!$A$6:$AV$49,42,0),"ECHEC") -> BANQUE | O32: =IF(R32=0,0,VLOOKUP($A32,[6]HISTONOV25!$A$6:$AV$49,32,0)) -> 0 | P32: =VLOOKUP($A32,[6]HISTONOV25!$A$6:$AV$49,33,0) -> 0 | Q32: =IF(R32=0,0,($C$3-R32)) -> 0 | R32: =VLOOKUP($A32,[6]HISTONOV25!$A$6:$AV$49,29,0) -> 0
A33: AS201641 | B33: =IF(D33=0,0,VLOOKUP($A33,[6]HISTONOV25!$A$6:$BP$45,10,0)) -> 1 | C33: =VLOOKUP(A33,[7]LISTADHERENT!A$5:H$60,3,0) -> TCHOUAMOU MATHIEU | D33: =IF(G33="ECHEC",0,B$3) -> 25000 | E33: =D33+VLOOKUP($A33,[6]HISTONOV25!$A$7:$AT$43,45,0)+F33 -> 50000 | F33: =VLOOKUP($A33,[6]HISTONOV25!$A$6:$AU$48,8,0) -> 0 | G33: =VLOOKUP($A33,[6]HISTONOV25!$A$6:$AU$49,9,0) -> BANQUE | H33: =VLOOKUP($A33,[6]HISTONOV25!$A$6:$AV$49,35,0) -> 0 | I33: =VLOOKUP($A33,[6]HISTONOV25!$A$6:$AV$49,38,0) -> 0 | J33: =IF(I33=0,"",VLOOKUP($A33,[6]HISTONOV25!$A$6:$AV$47,42,0)) | K33: =VLOOKUP($A33,[6]HISTONOV25!$A$6:$AV$49,41,0) -> 0 | L33: =TONTOCT25!H33+TONTOCT25!I33 -> 51000 | M33: =VLOOKUP($A33,[6]HISTONOV25!$A$6:$AV$49,16,0) -> 51000 | N33: =IF(M33<>0,VLOOKUP($A33,[6]HISTONOV25!$A$6:$AV$49,42,0),"ECHEC") -> BANQUE | O33: =IF(R33=0,0,VLOOKUP($A33,[6]HISTONOV25!$A$6:$AV$49,32,0)) -> 0 | P33: =VLOOKUP($A33,[6]HISTONOV25!$A$6:$AV$49,33,0) -> 0 | Q33: =IF(R33=0,0,($C$3-R33)) -> 0 | R33: =VLOOKUP($A33,[6]HISTONOV25!$A$6:$AV$49,29,0) -> 0
A34: AS201660 | B34: =IF(D34=0,0,VLOOKUP($A34,[6]HISTONOV25!$A$6:$BP$45,10,0)) -> 1 | C34: =VLOOKUP(A34,[7]LISTADHERENT!A$5:H$60,3,0) -> TCHOUATEU AUGUSTIN | D34: =IF(G34="ECHEC",0,B$3) -> 25000 | E34: =D34+VLOOKUP($A34,[6]HISTONOV25!$A$7:$AT$43,45,0)+F34 -> 50000 | F34: =VLOOKUP($A34,[6]HISTONOV25!$A$6:$AU$48,8,0) -> 0 | G34: =VLOOKUP($A34,[6]HISTONOV25!$A$6:$AU$49,9,0) -> BANQUE | H34: =VLOOKUP($A34,[6]HISTONOV25!$A$6:$AV$49,35,0) -> 0 | I34: =VLOOKUP($A34,[6]HISTONOV25!$A$6:$AV$49,38,0) -> 0 | J34: =IF(I34=0,"",VLOOKUP($A34,[6]HISTONOV25!$A$6:$AV$47,42,0)) | K34: =VLOOKUP($A34,[6]HISTONOV25!$A$6:$AV$49,41,0) -> 0 | L34: =TONTOCT25!H34+TONTOCT25!I34 -> 0 | M34: =VLOOKUP($A34,[6]HISTONOV25!$A$6:$AV$49,16,0) -> 0 | N34: =IF(M34<>0,VLOOKUP($A34,[6]HISTONOV25!$A$6:$AV$49,42,0),"ECHEC") -> ECHEC | O34: =IF(R34=0,0,VLOOKUP($A34,[6]HISTONOV25!$A$6:$AV$49,32,0)) -> 0 | P34: =VLOOKUP($A34,[6]HISTONOV25!$A$6:$AV$49,33,0) -> 0 | Q34: =IF(R34=0,0,($C$3-R34)) -> 0 | R34: =VLOOKUP($A34,[6]HISTONOV25!$A$6:$AV$49,29,0) -> 0
A35: AS201643 | B35: =IF(D35=0,0,VLOOKUP($A35,[6]HISTONOV25!$A$6:$BP$45,10,0)) -> 1 | C35: =VLOOKUP(A35,[7]LISTADHERENT!A$5:H$60,3,0) -> TCHOUTOU NANA CLAUDE | D35: =IF(G35="ECHEC",0,B$3) -> 25000 | E35: =D35+VLOOKUP($A35,[6]HISTONOV25!$A$7:$AT$43,45,0)+F35 -> 267500 | F35: =VLOOKUP($A35,[6]HISTONOV25!$A$6:$AU$48,8,0) -> 0 | G35: =VLOOKUP($A35,[6]HISTONOV25!$A$6:$AU$49,9,0) -> BANQUE | H35: =VLOOKUP($A35,[6]HISTONOV25!$A$6:$AV$49,35,0) -> 0 | I35: =VLOOKUP($A35,[6]HISTONOV25!$A$6:$AV$49,38,0) -> 0 | J35: =IF(I35=0,"",VLOOKUP($A35,[6]HISTONOV25!$A$6:$AV$47,42,0)) | K35: =VLOOKUP($A35,[6]HISTONOV25!$A$6:$AV$49,41,0) -> 0 | L35: =TONTOCT25!H35+TONTOCT25!I35 -> 0 | M35: =VLOOKUP($A35,[6]HISTONOV25!$A$6:$AV$49,16,0) -> 0 | N35: =IF(M35<>0,VLOOKUP($A35,[6]HISTONOV25!$A$6:$AV$49,42,0),"ECHEC") -> ECHEC | O35: =IF(R35=0,0,VLOOKUP($A35,[6]HISTONOV25!$A$6:$AV$49,32,0)) -> 0 | P35: =VLOOKUP($A35,[6]HISTONOV25!$A$6:$AV$49,33,0) -> 0 | Q35: =IF(R35=0,0,($C$3-R35)) -> 297500 | R35: =VLOOKUP($A35,[6]HISTONOV25!$A$6:$AV$49,29,0) -> 2500
A36: AS201662 | B36: =IF(D36=0,0,VLOOKUP($A36,[6]HISTONOV25!$A$6:$BP$45,10,0)) -> 1 | C36: =VLOOKUP(A36,[7]LISTADHERENT!A$5:H$60,3,0) -> TIEYAM ERNEST | D36: =IF(G36="ECHEC",0,B$3) -> 25000 | E36: =D36+VLOOKUP($A36,[6]HISTONOV25!$A$7:$AT$43,45,0)+F36 -> 50000 | F36: =VLOOKUP($A36,[6]HISTONOV25!$A$6:$AU$48,8,0) -> 3000 | G36: =VLOOKUP($A36,[6]HISTONOV25!$A$6:$AU$49,9,0) -> ESPECES | H36: =VLOOKUP($A36,[6]HISTONOV25!$A$6:$AV$49,35,0) -> 0 | I36: =VLOOKUP($A36,[6]HISTONOV25!$A$6:$AV$49,38,0) -> 0 | J36: =IF(I36=0,"",VLOOKUP($A36,[6]HISTONOV25!$A$6:$AV$47,42,0)) | K36: =VLOOKUP($A36,[6]HISTONOV25!$A$6:$AV$49,41,0) -> 0 | L36: =TONTOCT25!H36+TONTOCT25!I36 -> 0 | M36: =VLOOKUP($A36,[6]HISTONOV25!$A$6:$AV$49,16,0) -> 0 | N36: =IF(M36<>0,VLOOKUP($A36,[6]HISTONOV25!$A$6:$AV$49,42,0),"ECHEC") -> ECHEC | O36: =IF(R36=0,0,VLOOKUP($A36,[6]HISTONOV25!$A$6:$AV$49,32,0)) -> 0 | P36: =VLOOKUP($A36,[6]HISTONOV25!$A$6:$AV$49,33,0) -> 0 | Q36: =IF(R36=0,0,($C$3-R36)) -> 0 | R36: =VLOOKUP($A36,[6]HISTONOV25!$A$6:$AV$49,29,0) -> 0
A37: AS201658 | B37: =IF(D37=0,0,VLOOKUP($A37,[6]HISTONOV25!$A$6:$BP$45,10,0)) -> 1 | C37: =VLOOKUP(A37,[7]LISTADHERENT!A$5:H$60,3,0) -> YANTCHOU GERVAIS | D37: =IF(G37="ECHEC",0,B$3) -> 25000 | E37: =D37+VLOOKUP($A37,[6]HISTONOV25!$A$7:$AT$43,45,0)+F37 -> 50000 | F37: =VLOOKUP($A37,[6]HISTONOV25!$A$6:$AU$48,8,0) -> 0 | G37: =VLOOKUP($A37,[6]HISTONOV25!$A$6:$AU$49,9,0) -> BANQUE | H37: =VLOOKUP($A37,[6]HISTONOV25!$A$6:$AV$49,35,0) -> 0 | I37: =VLOOKUP($A37,[6]HISTONOV25!$A$6:$AV$49,38,0) -> 0 | J37: =IF(I37=0,"",VLOOKUP($A37,[6]HISTONOV25!$A$6:$AV$47,42,0)) | K37: =VLOOKUP($A37,[6]HISTONOV25!$A$6:$AV$49,41,0) -> 0 | L37: =TONTOCT25!H37+TONTOCT25!I37 -> 51000 | M37: =VLOOKUP($A37,[6]HISTONOV25!$A$6:$AV$49,16,0) -> 51000 | N37: =IF(M37<>0,VLOOKUP($A37,[6]HISTONOV25!$A$6:$AV$49,42,0),"ECHEC") -> BANQUE | O37: =IF(R37=0,0,VLOOKUP($A37,[6]HISTONOV25!$A$6:$AV$49,32,0)) -> 0 | P37: =VLOOKUP($A37,[6]HISTONOV25!$A$6:$AV$49,33,0) -> 0 | Q37: =IF(R37=0,0,($C$3-R37)) -> 0 | R37: =VLOOKUP($A37,[6]HISTONOV25!$A$6:$AV$49,29,0) -> 0
A38: AS201646 | B38: =IF(D38=0,0,VLOOKUP($A38,[6]HISTONOV25!$A$6:$BP$45,10,0)) -> 1 | C38: =VLOOKUP(A38,[7]LISTADHERENT!A$5:H$60,3,0) -> YEPMOU JEAN JACQUES | D38: =IF(G38="ECHEC",0,B$3) -> 25000 | E38: =D38+VLOOKUP($A38,[6]HISTONOV25!$A$7:$AT$43,45,0)+F38 -> 47000 | F38: =VLOOKUP($A38,[6]HISTONOV25!$A$6:$AU$48,8,0) -> 0 | G38: =VLOOKUP($A38,[6]HISTONOV25!$A$6:$AU$49,9,0) -> BANQUE | H38: =VLOOKUP($A38,[6]HISTONOV25!$A$6:$AV$49,35,0) -> 0 | I38: =VLOOKUP($A38,[6]HISTONOV25!$A$6:$AV$49,38,0) -> 0 | J38: =IF(I38=0,"",VLOOKUP($A38,[6]HISTONOV25!$A$6:$AV$47,42,0)) | K38: =VLOOKUP($A38,[6]HISTONOV25!$A$6:$AV$49,41,0) -> 0 | L38: =TONTOCT25!H38+TONTOCT25!I38 -> 0 | M38: =VLOOKUP($A38,[6]HISTONOV25!$A$6:$AV$49,16,0) -> 0 | N38: =IF(M38<>0,VLOOKUP($A38,[6]HISTONOV25!$A$6:$AV$49,42,0),"ECHEC") -> ECHEC | O38: =IF(R38=0,0,VLOOKUP($A38,[6]HISTONOV25!$A$6:$AV$49,32,0)) -> 0 | P38: =VLOOKUP($A38,[6]HISTONOV25!$A$6:$AV$49,33,0) -> 0 | Q38: =IF(R38=0,0,($C$3-R38)) -> 297500 | R38: =VLOOKUP($A38,[6]HISTONOV25!$A$6:$AV$49,29,0) -> 2500
A39: AS201659 | B39: =IF(D39=0,0,VLOOKUP($A39,[6]HISTONOV25!$A$6:$BP$45,10,0)) -> 1 | C39: =VLOOKUP(A39,[7]LISTADHERENT!A$5:H$60,3,0) -> YIALA ALAIN OSCAR | D39: =IF(G39="ECHEC",0,B$3) -> 25000 | E39: =D39+VLOOKUP($A39,[6]HISTONOV25!$A$7:$AT$43,45,0)+F39 -> 53000 | F39: =VLOOKUP($A39,[6]HISTONOV25!$A$6:$AU$48,8,0) -> 3000 | G39: =VLOOKUP($A39,[6]HISTONOV25!$A$6:$AU$49,9,0) -> ESPECES | H39: =VLOOKUP($A39,[6]HISTONOV25!$A$6:$AV$49,35,0) -> 0 | I39: =VLOOKUP($A39,[6]HISTONOV25!$A$6:$AV$49,38,0) -> 0 | J39: =IF(I39=0,"",VLOOKUP($A39,[6]HISTONOV25!$A$6:$AV$47,42,0)) | K39: =VLOOKUP($A39,[6]HISTONOV25!$A$6:$AV$49,41,0) -> 0 | L39: =TONTOCT25!H39+TONTOCT25!I39 -> 0 | M39: =VLOOKUP($A39,[6]HISTONOV25!$A$6:$AV$49,16,0) -> 0 | N39: =IF(M39<>0,VLOOKUP($A39,[6]HISTONOV25!$A$6:$AV$49,42,0),"ECHEC") -> ECHEC | O39: =IF(R39=0,0,VLOOKUP($A39,[6]HISTONOV25!$A$6:$AV$49,32,0)) -> 0 | P39: =VLOOKUP($A39,[6]HISTONOV25!$A$6:$AV$49,33,0) -> 0 | Q39: =IF(R39=0,0,($C$3-R39)) -> 0 | R39: =VLOOKUP($A39,[6]HISTONOV25!$A$6:$AV$49,29,0) -> 0
A40: AS201647 | B40: =IF(D40=0,0,VLOOKUP($A40,[6]HISTONOV25!$A$6:$BP$45,10,0)) -> 1 | C40: =VLOOKUP(A40,[7]LISTADHERENT!A$5:H$60,3,0) -> YOUMBI EMMANUEL | D40: =IF(G40="ECHEC",0,B$3) -> 25000 | E40: =D40+VLOOKUP($A40,[6]HISTONOV25!$A$7:$AT$43,45,0)+F40 -> 50000 | F40: =VLOOKUP($A40,[6]HISTONOV25!$A$6:$AU$48,8,0) -> 0 | G40: =VLOOKUP($A40,[6]HISTONOV25!$A$6:$AU$49,9,0) -> BANQUE | H40: =VLOOKUP($A40,[6]HISTONOV25!$A$6:$AV$49,35,0) -> 0 | I40: =VLOOKUP($A40,[6]HISTONOV25!$A$6:$AV$49,38,0) -> 0 | J40: =IF(I40=0,"",VLOOKUP($A40,[6]HISTONOV25!$A$6:$AV$47,42,0)) | K40: =VLOOKUP($A40,[6]HISTONOV25!$A$6:$AV$49,41,0) -> 0 | L40: =TONTOCT25!H40+TONTOCT25!I40 -> 0 | M40: =VLOOKUP($A40,[6]HISTONOV25!$A$6:$AV$49,16,0) -> 0 | N40: =IF(M40<>0,VLOOKUP($A40,[6]HISTONOV25!$A$6:$AV$49,42,0),"ECHEC") -> ECHEC | O40: =IF(R40=0,0,VLOOKUP($A40,[6]HISTONOV25!$A$6:$AV$49,32,0)) -> 0 | P40: =VLOOKUP($A40,[6]HISTONOV25!$A$6:$AV$49,33,0) -> 0 | Q40: =IF(R40=0,0,($C$3-R40)) -> 297500 | R40: =VLOOKUP($A40,[6]HISTONOV25!$A$6:$AV$49,29,0) -> 2500
A42: TOTAL PART | B42: =SUM(B6:B41) -> 34
A43: NBRE ADHERENT | B43: =COUNT(D6:D41) -> 35 | D43: =SUM(D6:D42) -> 850000 | F43: =SUM(F6:F42) -> 12000 | G43: =SUM(G6:G42) -> 0 | H43: =SUM(H6:H42) -> 312500 | I43: =SUM(I6:I42) -> 6500 | J43: =SUM(J6:J42) -> 0 | K43: =SUM(K6:K42) -> 0 | L43: =SUM(L6:L42) -> 749500 | M43: =SUM(M6:M42) -> 749500 | ... R43: =SUM(R6:R42) -> 12500
N44: NBRE PART | O44: PART VENDUE
D45: MONTANT TONTINE | G45: REMBOURSEMENT PETIT LOT | H45: VENTE PETIT LOT | I45: VENTE LOT PRINCIPAL | J45: SOLDE EN CAISSE | L45: TONTINE + REMB + INTERET VENTE | M45: =D49+G49+R43+TONTOCT25!O50 -> 1812500
D46: =SUMIFS(D6:D42,G6:G42,"ESPECES") -> 125000 | F46: ESPECES | G46: =SUMIFS(M6:M35,N6:N35,"ESPECES") -> 0 | H46: =SUMIFS(H6:H42,J6:J42,"ESPECES") -> 0 | I46: =SUMIFS(Q6:Q42,O6:O42,"ESPECES") -> 0 | J46: =D46+G46-H46-I46 -> 125000 | L46: LOT PRINCIPAL | M46: =C3*COUNTIF(Q7:Q42,">0") -> 1500000 | N46: =D3 -> 6 | O46: =COUNTIF(Q6:Q40,">0") -> 5
D47: =SUMIFS(D6:D42,G6:G42,"BANQUE") -> 725000 | F47: BANQUE | G47: =SUMIFS(M6:M40,N6:N40,"BANQUE") -> 749500 | H47: =SUMIFS(H6:H40,J6:J40,"BANQUE") -> 312500 | I47: =SUMIFS(Q6:Q42,O6:O42,"BANQUE") -> 0 | J47: =D47+G47-H47-I47 -> 1162000
L48: PETIT LOT | M48: =M45-M46 -> 312500
D49: =D46+D47 -> 850000 | F49: TOTAL | G49: =G46+G47 -> 749500 | H49: =H46+H47 -> 312500 | I49: =I46+I47 -> 0 | J49: =J46+J47 -> 1287000
F50: TOTAL+DEPOT | L50: RELIQUAT | M50: =M48-H43 -> 0 | O50: =M50 -> 0 | P50: CUMUL
L52: ECHEC TONTINE MOIS | M52: =COUNTIFS(G7:G41,"ECHEC")*23000 -> 23000 | O52: =+M52+TONTJANV25!O52 -> 23000 | P52: CUMUL
L53: ECHEC REMBOURSEMENT MOIS | M53: =L43-G49 -> 0 | O53: =+TONTJANV25!O53 -> 0 | P53: CUMUL

Sheet TONTDEC25
A1: ASSOCIATION | B1: ASELBY
A2: ANNEE | B2: 2025 | C2: TONIINE | D2: NBRE PART
A3: TAUX TONTINE | B3: 25000 | C3: =B3*12 -> 300000 | D3: =ROUNDDOWN(M45/C3,0) -> 3
C4: 46004
A5: MATRICULE | B5: NBREPART | C5: NOM ET PRENOM | D5: MONTANT TONTINE | E5: MONTANT VERSE | F5: PENALITE VERSEMENT ESPECES | G5: MODE VERSEMENT | H5: VENTE PETIT LOT | I5: INTERET PETIT LOT | J5: MODE VERSEMENT VENTE PETIT LOT | K5: NUMERO CHEQUE | L5: MONTANT A REMBOURSER PETIT LOT | M5: REMBOURSEMENT PETIT LOT | N5: MODE VERSEMENT REMBOURSEMENT | O5: MODE VERSEMENTLOT PRINCIPAL | P5: NUMERO CHEQUE | Q5: MONTANT LOT PRINCIPAL | R5: INTERET LOT PRINCIPAL
A6: AS201601 | B6: =IF(D6=0,0,VLOOKUP($A6,[6]HISTODEC25!$A$6:$BP$45,10,0)) -> 1 | C6: =VLOOKUP(A6,[7]LISTADHERENT!A$5:H$60,3,0) -> BAKOP ACHILLE | D6: =IF(G6="ECHEC",0,B$3) -> 25000 | E6: =D6+VLOOKUP($A6,[6]HISTODEC25!$A$7:$AT$43,45,0)+F6 -> 50000 | F6: =VLOOKUP($A6,[6]HISTODEC25!$A$6:$AU$48,8,0) -> 0 | G6: =VLOOKUP($A6,[6]HISTODEC25!$A$6:$AU$49,9,0) -> ESPECES | H6: =VLOOKUP($A6,[6]HISTODEC25!$A$6:$AV$49,35,0) -> 0 | I6: =VLOOKUP($A6,[6]HISTODEC25!$A$6:$AV$49,38,0) -> 0 | J6: =IF(I6=0,"",VLOOKUP($A6,[6]HISTODEC25!$A$6:$AV$47,42,0)) | K6: =VLOOKUP($A6,[6]HISTODEC25!$A$6:$AV$49,41,0) -> 0 | L6: =TONTNOV25!H6+TONTNOV25!I6 -> 0 | M6: =VLOOKUP($A6,[6]HISTODEC25!$A$6:$AV$49,16,0) -> 0 | N6: =IF(M6<>0,VLOOKUP($A6,[6]HISTODEC25!$A$6:$AV$49,42,0),"ECHEC") -> ECHEC | O6: =IF(R6=0,0,VLOOKUP($A6,[6]HISTODEC25!$A$6:$AV$49,32,0)) -> 0 | P6: =VLOOKUP($A6,[6]HISTODEC25!$A$6:$AV$49,33,0) -> 0 | Q6: =IF(R6=0,0,($C$3-R6)) -> 0 | R6: =VLOOKUP($A6,[6]HISTODEC25!$A$6:$AV$49,29,0) -> 0
A7: AS201602 | B7: =IF(D7=0,0,VLOOKUP($A7,[6]HISTODEC25!$A$6:$BP$45,10,0)) -> 1 | C7: =VLOOKUP(A7,[7]LISTADHERENT!A$5:H$60,3,0) -> BOUTCHOUANG WILLIAM | D7: =IF(G7="ECHEC",0,B$3) -> 25000 | E7: =D7+VLOOKUP($A7,[6]HISTODEC25!$A$7:$AT$43,45,0)+F7 -> 50000 | F7: =VLOOKUP($A7,[6]HISTODEC25!$A$6:$AU$48,8,0) -> 0 | G7: =VLOOKUP($A7,[6]HISTODEC25!$A$6:$AU$49,9,0) -> BANQUE | H7: =VLOOKUP($A7,[6]HISTODEC25!$A$6:$AV$49,35,0) -> 0 | I7: =VLOOKUP($A7,[6]HISTODEC25!$A$6:$AV$49,38,0) -> 0 | J7: =IF(I7=0,"",VLOOKUP($A7,[6]HISTODEC25!$A$6:$AV$47,42,0)) | K7: =VLOOKUP($A7,[6]HISTODEC25!$A$6:$AV$49,41,0) -> 0 | L7: =TONTNOV25!H7+TONTNOV25!I7 -> 0 | M7: =VLOOKUP($A7,[6]HISTODEC25!$A$6:$AV$49,16,0) -> 0 | N7: =IF(M7<>0,VLOOKUP($A7,[6]HISTODEC25!$A$6:$AV$49,42,0),"ECHEC") -> ECHEC | O7: =IF(R7=0,0,VLOOKUP($A7,[6]HISTODEC25!$A$6:$AV$49,32,0)) -> 0 | P7: =VLOOKUP($A7,[6]HISTODEC25!$A$6:$AV$49,33,0) -> 0 | Q7: =IF(R7=0,0,($C$3-R7)) -> 0 | R7: =VLOOKUP($A7,[6]HISTODEC25!$A$6:$AV$49,29,0) -> 0
A8: AS201604 | B8: =IF(D8=0,0,VLOOKUP($A8,[6]HISTODEC25!$A$6:$BP$45,10,0)) -> 1 | C8: =VLOOKUP(A8,[7]LISTADHERENT!A$5:H$60,3,0) -> DJOMO JEAN PAUL | D8: =IF(G8="ECHEC",0,B$3) -> 25000 | E8: =D8+VLOOKUP($A8,[6]HISTODEC25!$A$7:$AT$43,45,0)+F8 -> 50000 | F8: =VLOOKUP($A8,[6]HISTODEC25!$A$6:$AU$48,8,0) -> 0 | G8: =VLOOKUP($A8,[6]HISTODEC25!$A$6:$AU$49,9,0) -> ESPECES | H8: =VLOOKUP($A8,[6]HISTODEC25!$A$6:$AV$49,35,0) -> 0 | I8: =VLOOKUP($A8,[6]HISTODEC25!$A$6:$AV$49,38,0) -> 0 | J8: =IF(I8=0,"",VLOOKUP($A8,[6]HISTODEC25!$A$6:$AV$47,42,0)) | K8: =VLOOKUP($A8,[6]HISTODEC25!$A$6:$AV$49,41,0) -> 0 | L8: =TONTNOV25!H8+TONTNOV25!I8 -> 0 | M8: =VLOOKUP($A8,[6]HISTODEC25!$A$6:$AV$49,16,0) -> 0 | N8: =IF(M8<>0,VLOOKUP($A8,[6]HISTODEC25!$A$6:$AV$49,42,0),"ECHEC") -> ECHEC | O8: =IF(R8=0,0,VLOOKUP($A8,[6]HISTODEC25!$A$6:$AV$49,32,0)) -> 0 | P8: =VLOOKUP($A8,[6]HISTODEC25!$A$6:$AV$49,33,0) -> 0 | Q8: =IF(R8=0,0,($C$3-R8)) -> 0 | R8: =VLOOKUP($A8,[6]HISTODEC25!$A$6:$AV$49,29,0) -> 0
