Workbook
Name BANQUE: #REF!
Name BANQUE: #REF!
Name BANQUE: #REF!
Name BANQUE: #REF!
Name BANQUE: #REF!
Name BANQUE: #REF!
Name BANQUE: #REF!
Name BANQUE: #REF!
Name BANQUE: #REF!
Name BANQUE: #REF!
Name BANQUE: #REF!
Name BANQUE: #REF!
Name BANQUE: #REF!
Name BANQUE: #REF!
Name BANQUE: #REF!
Name BANQUE: #REF!
Name MODEPAID: #REF!
Name MODEPAID: [1]Feuil2!$A$1:$A$3
Name MODET25000: [2]MODEVERSEMENT!$A$1:$A$3
Name MODEVERSEMENT: #REF!
Name MODEVERSEMENT: #REF!
Name MODEVERSEMENT: #REF!
Name MODEVERSEMENT: #REF!
Name MODEVERSEMENT: #REF!
Name MODEVERSEMENT: #REF!
Name MODEVERSEMENT: #REF!
Name MODEVERSEMENT: #REF!
Name MODEVERSEMENT: #REF!
Name MODEVERSEMENT: #REF!
Name MODEVERSEMENT: #REF!
Name MODEVERSEMENT: #REF!
Name MODEVERSEMENT: #REF!
Name MODEVERSEMENT: #REF!
Name MODEVERSEMENT: #REF!
Name MODEVERSEMENT: #REF!
Name MODEVERSEMENTS: [3]MODEVERSEMENT!$A$1:$A$3
Name MODEVERSEMENTS: [3]MODEVERSEMENT!$A$1:$A$3
Name MODEVERSEMENTS: [3]MODEVERSEMENT!$A$1:$A$3
Name MODEVERSEMENTS: [3]MODEVERSEMENT!$A$1:$A$3
Name MODEVERSEMENTS: [3]MODEVERSEMENT!$A$1:$A$3
Name MODEVERSEMENTS: [3]MODEVERSEMENT!$A$1:$A$3
Name MODEVERSEMENTS: [3]MODEVERSEMENT!$A$1:$A$3
Name MODEVERSEMENTS: [3]MODEVERSEMENT!$A$1:$A$3
Name MODEVERSEMENTS: [3]MODEVERSEMENT!$A$1:$A$3
Name MODEVERSEMENTS: [3]MODEVERSEMENT!$A$1:$A$3
Name MODEVERSEMENTS: [3]MODEVERSEMENT!$A$1:$A$3
Name MODEVERSEMENTS: [3]MODEVERSEMENT!$A$1:$A$3
Name MODEVERSEMENTS: [3]MODEVERSEMENT!$A$1:$A$3
Name MODEVERSEMENTS: [3]MODEVERSEMENT!$A$1:$A$3
Name MODEVERSEMENTS: MODEVERSEMENT!$A$1:$A$3
Name MODPAID: TONTAOUT24!#REF!
Name MODPAID: TONTAVRIL24!#REF!
Name MODPAID: TONTDEC24!#REF!
Name MODPAID: TONTFEV24!#REF!
Name MODPAID: TONTJANV24!#REF!
Name MODPAID: TONTJUIL24!#REF!
Name MODPAID: TONTJUIN24!#REF!
Name MODPAID: TONTMAI24!#REF!
Name MODPAID: TONTMARS24!#REF!
Name MODPAID: TONTNOV24!#REF!

Sheet MODEVERSEMENT
A1: BANQUE
A2: ESPECES
A3: ECHEC

Sheet TONTJANV24
A1: ASSOCIATION | B1: ASELBY
A2: ANNEE | B2: 2024 | C2: TONIINE | D2: NBRE PART
A3: TAUX TONTINE | B3: 25000 | C3: =B3*12 -> 300000 | D3: =ROUNDDOWN(M42/C3,0) -> 2
C4: 45304
A5: MATRICULE | B5: NBREPART | C5: NOM ET PRENOM | D5: MONTANT TONTINE | E5: MONTANT VERSE | F5: PENALITE VERSEMENT ESPECES | G5: MODE VERSEMENT | H5: VENTE PETIT LOT | I5: INTERET PETIT LOT | J5: MODE VERSEMENT VENTE PETIT LOT | K5: NUMERO CHEQUE | L5: MONTANT A REMBOURSER PETIT LOT | M5: REMBOURSEMENT PETIT LOT | N5: MODE VERSEMENT REMBOURSEMENT | O5: MODE VERSEMENTLOT PRINCIPAL | P5: NUMERO CHEQUE | Q5: MONTANT LOT PRINCIPAL | R5: INTERET LOT PRINCIPAL
A6: AS201601 | B6: =IF(D6=0,0,VLOOKUP($A6,[6]HISTOJANV24!$A$6:$BP$44,10,0)) -> 1 | C6: =VLOOKUP(A6,[7]LISTADHERENT!A$5:H$60,3,0) -> BAKOP ACHILLE | D6: =IF(G6="ECHEC",0,B$3) -> 25000 | E6: =D6+VLOOKUP($A6,[6]HISTOJANV24!$A$7:$AU$42,45,0)+F6 -> 50000 | F6: =VLOOKUP($A6,[6]HISTOJANV24!$A$6:$AV$48,7,0) -> 0 | G6: =VLOOKUP($A6,[6]HISTOJANV24!$A$6:$AV$49,8,0) -> BANQUE | H6: =VLOOKUP($A6,[6]HISTOJANV24!$A$6:$AV$49,35,0) -> 0 | I6: =VLOOKUP($A6,[6]HISTOJANV24!$A$6:$AV$49,38,0) -> 0 | J6: =IF(H6=0,0,VLOOKUP($A6,[6]HISTOJANV24!$A$6:$AV$49,42,0)) -> 0 | K6: =VLOOKUP($A6,[6]HISTOJANV24!$A$6:$AV$49,41,0) -> 0 | M6: =VLOOKUP($A6,[6]HISTOJANV24!$A$6:$AV$49,16,0) -> 0 | N6: =IF(M6<>0,VLOOKUP($A6,[6]HISTOJANV24!$A$6:$AV$49,8,0),"ECHEC") -> ECHEC | O6: =IF(R6=0,0,VLOOKUP($A6,[6]HISTOJANV24!$A$6:$AV$49,32,0)) -> 0 | P6: =VLOOKUP($A6,[6]HISTOJANV24!$A$6:$AV$49,33,0) -> 0 | Q6: =IF(R6=0,0,($C$3-R6)) -> 0 | R6: =VLOOKUP($A6,[6]HISTOJANV24!$A$6:$AV$49,29,0) -> 0
A7: AS201602 | B7: =IF(D7=0,0,VLOOKUP($A7,[6]HISTOJANV24!$A$6:$BP$44,10,0)) -> 1 | C7: =VLOOKUP(A7,[7]LISTADHERENT!A$5:H$60,3,0) -> BOUTCHOUANG WILLIAM | D7: =IF(G7="ECHEC",0,B$3) -> 25000 | E7: =D7+VLOOKUP($A7,[6]HISTOJANV24!$A$7:$AU$42,45,0)+F7 -> 50000 | F7: =VLOOKUP($A7,[6]HISTOJANV24!$A$6:$AV$48,7,0) -> 0 | G7: =VLOOKUP($A7,[6]HISTOJANV24!$A$6:$AV$49,8,0) -> BANQUE | H7: =VLOOKUP($A7,[6]HISTOJANV24!$A$6:$AV$49,35,0) -> 0 | I7: =VLOOKUP($A7,[6]HISTOJANV24!$A$6:$AV$49,38,0) -> 0 | J7: =IF(H7=0,0,VLOOKUP($A7,[6]HISTOJANV24!$A$6:$AV$49,42,0)) -> 0 | K7: =VLOOKUP($A7,[6]HISTOJANV24!$A$6:$AV$49,41,0) -> 0 | M7: =VLOOKUP($A7,[6]HISTOJANV24!$A$6:$AV$49,16,0) -> 0 | N7: =IF(M7<>0,VLOOKUP($A7,[6]HISTOJANV24!$A$6:$AV$49,8,0),"ECHEC") -> ECHEC | O7: =IF(R7=0,0,VLOOKUP($A7,[6]HISTOJANV24!$A$6:$AV$49,32,0)) -> 0 | P7: =VLOOKUP($A7,[6]HISTOJANV24!$A$6:$AV$49,33,0) -> 0 | Q7: =IF(R7=0,0,($C$3-R7)) -> 0 | R7: =VLOOKUP($A7,[6]HISTOJANV24!$A$6:$AV$49,29,0) -> 0
A8: AS201604 | B8: =IF(D8=0,0,VLOOKUP($A8,[6]HISTOJANV24!$A$6:$BP$44,10,0)) -> 1 | C8: =VLOOKUP(A8,[7]LISTADHERENT!A$5:H$60,3,0) -> DJOMO JEAN PAUL | D8: =IF(G8="ECHEC",0,B$3) -> 25000 | E8: =D8+VLOOKUP($A8,[6]HISTOJANV24!$A$7:$AU$42,45,0)+F8 -> 50000 | F8: =VLOOKUP($A8,[6]HISTOJANV24!$A$6:$AV$48,7,0) -> 0 | G8: =VLOOKUP($A8,[6]HISTOJANV24!$A$6:$AV$49,8,0) -> BANQUE | H8: =VLOOKUP($A8,[6]HISTOJANV24!$A$6:$AV$49,35,0) -> 0 | I8: =VLOOKUP($A8,[6]HISTOJANV24!$A$6:$AV$49,38,0) -> 0 | J8: =IF(H8=0,0,VLOOKUP($A8,[6]HISTOJANV24!$A$6:$AV$49,42,0)) -> 0 | K8: =VLOOKUP($A8,[6]HISTOJANV24!$A$6:$AV$49,41,0) -> 0 | M8: =VLOOKUP($A8,[6]HISTOJANV24!$A$6:$AV$49,16,0) -> 0 | N8: =IF(M8<>0,VLOOKUP($A8,[6]HISTOJANV24!$A$6:$AV$49,8,0),"ECHEC") -> ECHEC | O8: =IF(R8=0,0,VLOOKUP($A8,[6]HISTOJANV24!$A$6:$AV$49,32,0)) -> 0 | P8: =VLOOKUP($A8,[6]HISTOJANV24!$A$6:$AV$49,33,0) -> 0 | Q8: =IF(R8=0,0,($C$3-R8)) -> 0 | R8: =VLOOKUP($A8,[6]HISTOJANV24!$A$6:$AV$49,29,0) -> 0
A9: AS201654 | B9: =IF(D9=0,0,VLOOKUP($A9,[6]HISTOJANV24!$A$6:$BP$44,10,0)) -> 1 | C9: =VLOOKUP(A9,[7]LISTADHERENT!A$5:H$60,3,0) -> DJOMOU TCHAPDA | D9: =IF(G9="ECHEC",0,B$3) -> 25000 | E9: =D9+VLOOKUP($A9,[6]HISTOJANV24!$A$7:$AU$42,45,0)+F9 -> 50000 | F9: =VLOOKUP($A9,[6]HISTOJANV24!$A$6:$AV$48,7,0) -> 0 | G9: =VLOOKUP($A9,[6]HISTOJANV24!$A$6:$AV$49,8,0) -> BANQUE | H9: =VLOOKUP($A9,[6]HISTOJANV24!$A$6:$AV$49,35,0) -> 0 | I9: =VLOOKUP($A9,[6]HISTOJANV24!$A$6:$AV$49,38,0) -> 0 | J9: =IF(H9=0,0,VLOOKUP($A9,[6]HISTOJANV24!$A$6:$AV$49,42,0)) -> 0 | K9: =VLOOKUP($A9,[6]HISTOJANV24!$A$6:$AV$49,41,0) -> 0 | M9: =VLOOKUP($A9,[6]HISTOJANV24!$A$6:$AV$49,16,0) -> 0 | N9: =IF(M9<>0,VLOOKUP($A9,[6]HISTOJANV24!$A$6:$AV$49,8,0),"ECHEC") -> ECHEC | O9: =IF(R9=0,0,VLOOKUP($A9,[6]HISTOJANV24!$A$6:$AV$49,32,0)) -> 0 | P9: =VLOOKUP($A9,[6]HISTOJANV24!$A$6:$AV$49,33,0) -> 0 | Q9: =IF(R9=0,0,($C$3-R9)) -> 0 | R9: =VLOOKUP($A9,[6]HISTOJANV24!$A$6:$AV$49,29,0) -> 0
A10: AS201605 | B10: =IF(D10=0,0,VLOOKUP($A10,[6]HISTOJANV24!$A$6:$BP$44,10,0)) -> 1 | C10: =VLOOKUP(A10,[7]LISTADHERENT!A$5:H$60,3,0) -> DJOUKWE NANGUEN GUY BLAISE | D10: =IF(G10="ECHEC",0,B$3) -> 25000 | E10: =D10+VLOOKUP($A10,[6]HISTOJANV24!$A$7:$AU$42,45,0)+F10 -> 50000 | F10: =VLOOKUP($A10,[6]HISTOJANV24!$A$6:$AV$48,7,0) -> 0 | G10: =VLOOKUP($A10,[6]HISTOJANV24!$A$6:$AV$49,8,0) -> BANQUE | H10: =VLOOKUP($A10,[6]HISTOJANV24!$A$6:$AV$49,35,0) -> 0 | I10: =VLOOKUP($A10,[6]HISTOJANV24!$A$6:$AV$49,38,0) -> 0 | J10: =IF(H10=0,0,VLOOKUP($A10,[6]HISTOJANV24!$A$6:$AV$49,42,0)) -> 0 | K10: =VLOOKUP($A10,[6]HISTOJANV24!$A$6:$AV$49,41,0) -> 0 | M10: =VLOOKUP($A10,[6]HISTOJANV24!$A$6:$AV$49,16,0) -> 0 | N10: =IF(M10<>0,VLOOKUP($A10,[6]HISTOJANV24!$A$6:$AV$49,8,0),"ECHEC") -> ECHEC | O10: =IF(R10=0,0,VLOOKUP($A10,[6]HISTOJANV24!$A$6:$AV$49,32,0)) -> 0 | P10: =VLOOKUP($A10,[6]HISTOJANV24!$A$6:$AV$49,33,0) -> 0 | Q10: =IF(R10=0,0,($C$3-R10)) -> 0 | R10: =VLOOKUP($A10,[6]HISTOJANV24!$A$6:$AV$49,29,0) -> 0
A11: AS201608 | B11: =IF(D11=0,0,VLOOKUP($A11,[6]HISTOJANV24!$A$6:$BP$44,10,0)) -> 1 | C11: =VLOOKUP(A11,[7]LISTADHERENT!A$5:H$60,3,0) -> DJUOMBESSY ANTOINE | D11: =IF(G11="ECHEC",0,B$3) -> 25000 | E11: =D11+VLOOKUP($A11,[6]HISTOJANV24!$A$7:$AU$42,45,0)+F11 -> 55000 | F11: =VLOOKUP($A11,[6]HISTOJANV24!$A$6:$AV$48,7,0) -> 0 | G11: =VLOOKUP($A11,[6]HISTOJANV24!$A$6:$AV$49,8,0) -> BANQUE | H11: =VLOOKUP($A11,[6]HISTOJANV24!$A$6:$AV$49,35,0) -> 0 | I11: =VLOOKUP($A11,[6]HISTOJANV24!$A$6:$AV$49,38,0) -> 0 | J11: =IF(H11=0,0,VLOOKUP($A11,[6]HISTOJANV24!$A$6:$AV$49,42,0)) -> 0 | K11: =VLOOKUP($A11,[6]HISTOJANV24!$A$6:$AV$49,41,0) -> 0 | M11: =VLOOKUP($A11,[6]HISTOJANV24!$A$6:$AV$49,16,0) -> 0 | N11: =IF(M11<>0,VLOOKUP($A11,[6]HISTOJANV24!$A$6:$AV$49,8,0),"ECHEC") -> ECHEC | O11: =IF(R11=0,0,VLOOKUP($A11,[6]HISTOJANV24!$A$6:$AV$49,32,0)) -> 0 | P11: =VLOOKUP($A11,[6]HISTOJANV24!$A$6:$AV$49,33,0) -> 0 | Q11: =IF(R11=0,0,($C$3-R11)) -> 0 | R11: =VLOOKUP($A11,[6]HISTOJANV24!$A$6:$AV$49,29,0) -> 0
A12: AS201651 | B12: =IF(D12=0,0,VLOOKUP($A12,[6]HISTOJANV24!$A$6:$BP$44,10,0)) -> 1 | C12: =VLOOKUP(A12,[7]LISTADHERENT!A$5:H$60,3,0) -> DOMOU FABIEN | D12: =IF(G12="ECHEC",0,B$3) -> 25000 | E12: =D12+VLOOKUP($A12,[6]HISTOJANV24!$A$7:$AU$42,45,0)+F12 -> 50000 | F12: =VLOOKUP($A12,[6]HISTOJANV24!$A$6:$AV$48,7,0) -> 0 | G12: =VLOOKUP($A12,[6]HISTOJANV24!$A$6:$AV$49,8,0) -> BANQUE | H12: =VLOOKUP($A12,[6]HISTOJANV24!$A$6:$AV$49,35,0) -> 0 | I12: =VLOOKUP($A12,[6]HISTOJANV24!$A$6:$AV$49,38,0) -> 0 | J12: =IF(H12=0,0,VLOOKUP($A12,[6]HISTOJANV24!$A$6:$AV$49,42,0)) -> 0 | K12: =VLOOKUP($A12,[6]HISTOJANV24!$A$6:$AV$49,41,0) -> 0 | M12: =VLOOKUP($A12,[6]HISTOJANV24!$A$6:$AV$49,16,0) -> 0 | N12: =IF(M12<>0,VLOOKUP($A12,[6]HISTOJANV24!$A$6:$AV$49,8,0),"ECHEC") -> ECHEC | O12: =IF(R12=0,0,VLOOKUP($A12,[6]HISTOJANV24!$A$6:$AV$49,32,0)) -> 0 | P12: =VLOOKUP($A12,[6]HISTOJANV24!$A$6:$AV$49,33,0) -> 0 | Q12: =IF(R12=0,0,($C$3-R12)) -> 0 | R12: =VLOOKUP($A12,[6]HISTOJANV24!$A$6:$AV$49,29,0) -> 0
A13: AS201609 | B13: =IF(D13=0,0,VLOOKUP($A13,[6]HISTOJANV24!$A$6:$BP$44,10,0)) -> 1 | C13: =VLOOKUP(A13,[7]LISTADHERENT!A$5:H$60,3,0) -> DONHOU DAVID | D13: =IF(G13="ECHEC",0,B$3) -> 25000 | E13: =D13+VLOOKUP($A13,[6]HISTOJANV24!$A$7:$AU$42,45,0)+F13 -> 50000 | F13: =VLOOKUP($A13,[6]HISTOJANV24!$A$6:$AV$48,7,0) -> 0 | G13: =VLOOKUP($A13,[6]HISTOJANV24!$A$6:$AV$49,8,0) -> ESPECES | H13: =VLOOKUP($A13,[6]HISTOJANV24!$A$6:$AV$49,35,0) -> 0 | I13: =VLOOKUP($A13,[6]HISTOJANV24!$A$6:$AV$49,38,0) -> 0 | J13: =IF(H13=0,0,VLOOKUP($A13,[6]HISTOJANV24!$A$6:$AV$49,42,0)) -> 0 | K13: =VLOOKUP($A13,[6]HISTOJANV24!$A$6:$AV$49,41,0) -> 0 | M13: =VLOOKUP($A13,[6]HISTOJANV24!$A$6:$AV$49,16,0) -> 0 | N13: =IF(M13<>0,VLOOKUP($A13,[6]HISTOJANV24!$A$6:$AV$49,8,0),"ECHEC") -> ECHEC | O13: =IF(R13=0,0,VLOOKUP($A13,[6]HISTOJANV24!$A$6:$AV$49,32,0)) -> 0 | P13: =VLOOKUP($A13,[6]HISTOJANV24!$A$6:$AV$49,33,0) -> 0 | Q13: =IF(R13=0,0,($C$3-R13)) -> 0 | R13: =VLOOKUP($A13,[6]HISTOJANV24!$A$6:$AV$49,29,0) -> 0
A14: AS201611 | B14: =IF(D14=0,0,VLOOKUP($A14,[6]HISTOJANV24!$A$6:$BP$44,10,0)) -> 1 | C14: =VLOOKUP(A14,[7]LISTADHERENT!A$5:H$60,3,0) -> HENGUE PAUL OMER | D14: =IF(G14="ECHEC",0,B$3) -> 25000 | E14: =D14+VLOOKUP($A14,[6]HISTOJANV24!$A$7:$AU$42,45,0)+F14 -> 50000 | F14: =VLOOKUP($A14,[6]HISTOJANV24!$A$6:$AV$48,7,0) -> 0 | G14: =VLOOKUP($A14,[6]HISTOJANV24!$A$6:$AV$49,8,0) -> BANQUE | H14: =VLOOKUP($A14,[6]HISTOJANV24!$A$6:$AV$49,35,0) -> 0 | I14: =VLOOKUP($A14,[6]HISTOJANV24!$A$6:$AV$49,38,0) -> 0 | J14: =IF(H14=0,0,VLOOKUP($A14,[6]HISTOJANV24!$A$6:$AV$49,42,0)) -> 0 | K14: =VLOOKUP($A14,[6]HISTOJANV24!$A$6:$AV$49,41,0) -> 0 | M14: =VLOOKUP($A14,[6]HISTOJANV24!$A$6:$AV$49,16,0) -> 0 | N14: =IF(M14<>0,VLOOKUP($A14,[6]HISTOJANV24!$A$6:$AV$49,8,0),"ECHEC") -> ECHEC | O14: =IF(R14=0,0,VLOOKUP($A14,[6]HISTOJANV24!$A$6:$AV$49,32,0)) -> 0 | P14: =VLOOKUP($A14,[6]HISTOJANV24!$A$6:$AV$49,33,0) -> 0 | Q14: =IF(R14=0,0,($C$3-R14)) -> 0 | R14: =VLOOKUP($A14,[6]HISTOJANV24!$A$6:$AV$49,29,0) -> 0
A15: AS201613 | B15: =IF(D15=0,0,VLOOKUP($A15,[6]HISTOJANV24!$A$6:$BP$44,10,0)) -> 1 | C15: =VLOOKUP(A15,[7]LISTADHERENT!A$5:H$60,3,0) -> HOTCHO BENJAMIN | D15: =IF(G15="ECHEC",0,B$3) -> 25000 | E15: =D15+VLOOKUP($A15,[6]HISTOJANV24!$A$7:$AU$42,45,0)+F15 -> 85000 | F15: =VLOOKUP($A15,[6]HISTOJANV24!$A$6:$AV$48,7,0) -> 0 | G15: =VLOOKUP($A15,[6]HISTOJANV24!$A$6:$AV$49,8,0) -> BANQUE | H15: =VLOOKUP($A15,[6]HISTOJANV24!$A$6:$AV$49,35,0) -> 0 | I15: =VLOOKUP($A15,[6]HISTOJANV24!$A$6:$AV$49,38,0) -> 0 | J15: =IF(H15=0,0,VLOOKUP($A15,[6]HISTOJANV24!$A$6:$AV$49,42,0)) -> 0 | K15: =VLOOKUP($A15,[6]HISTOJANV24!$A$6:$AV$49,41,0) -> 0 | M15: =VLOOKUP($A15,[6]HISTOJANV24!$A$6:$AV$49,16,0) -> 0 | N15: =IF(M15<>0,VLOOKUP($A15,[6]HISTOJANV24!$A$6:$AV$49,8,0),"ECHEC") -> ECHEC | O15: =IF(R15=0,0,VLOOKUP($A15,[6]HISTOJANV24!$A$6:$AV$49,32,0)) -> BANQUE | P15: =VLOOKUP($A15,[6]HISTOJANV24!$A$6:$AV$49,33,0) -> 0 | Q15: =IF(R15=0,0,($C$3-R15)) -> 288000 | R15: =VLOOKUP($A15,[6]HISTOJANV24!$A$6:$AV$49,29,0) -> 12000
A16: AS201617 | B16: =IF(D16=0,0,VLOOKUP($A16,[6]HISTOJANV24!$A$6:$BP$44,10,0)) -> 1 | C16: =VLOOKUP(A16,[7]LISTADHERENT!A$5:H$60,3,0) -> KOUAMOU MOISE | D16: =IF(G16="ECHEC",0,B$3) -> 25000 | E16: =D16+VLOOKUP($A16,[6]HISTOJANV24!$A$7:$AU$42,45,0)+F16 -> 50000 | F16: =VLOOKUP($A16,[6]HISTOJANV24!$A$6:$AV$48,7,0) -> 0 | G16: =VLOOKUP($A16,[6]HISTOJANV24!$A$6:$AV$49,8,0) -> BANQUE | H16: =VLOOKUP($A16,[6]HISTOJANV24!$A$6:$AV$49,35,0) -> 0 | I16: =VLOOKUP($A16,[6]HISTOJANV24!$A$6:$AV$49,38,0) -> 0 | J16: =IF(H16=0,0,VLOOKUP($A16,[6]HISTOJANV24!$A$6:$AV$49,42,0)) -> 0 | K16: =VLOOKUP($A16,[6]HISTOJANV24!$A$6:$AV$49,41,0) -> 0 | M16: =VLOOKUP($A16,[6]HISTOJANV24!$A$6:$AV$49,16,0) -> 0 | N16: =IF(M16<>0,VLOOKUP($A16,[6]HISTOJANV24!$A$6:$AV$49,8,0),"ECHEC") -> ECHEC | O16: =IF(R16=0,0,VLOOKUP($A16,[6]HISTOJANV24!$A$6:$AV$49,32,0)) -> 0 | P16: =VLOOKUP($A16,[6]HISTOJANV24!$A$6:$AV$49,33,0) -> 0 | Q16: =IF(R16=0,0,($C$3-R16)) -> 0 | R16: =VLOOKUP($A16,[6]HISTOJANV24!$A$6:$AV$49,29,0) -> 0
A17: AS201619 | B17: =IF(D17=0,0,VLOOKUP($A17,[6]HISTOJANV24!$A$6:$BP$44,10,0)) -> 1 | C17: =VLOOKUP(A17,[7]LISTADHERENT!A$5:H$60,3,0) -> KOUATCHO MESSACK | D17: =IF(G17="ECHEC",0,B$3) -> 25000 | E17: =D17+VLOOKUP($A17,[6]HISTOJANV24!$A$7:$AU$42,45,0)+F17 -> 50000 | F17: =VLOOKUP($A17,[6]HISTOJANV24!$A$6:$AV$48,7,0) -> 0 | G17: =VLOOKUP($A17,[6]HISTOJANV24!$A$6:$AV$49,8,0) -> BANQUE | H17: =VLOOKUP($A17,[6]HISTOJANV24!$A$6:$AV$49,35,0) -> 0 | I17: =VLOOKUP($A17,[6]HISTOJANV24!$A$6:$AV$49,38,0) -> 0 | J17: =IF(H17=0,0,VLOOKUP($A17,[6]HISTOJANV24!$A$6:$AV$49,42,0)) -> 0 | K17: =VLOOKUP($A17,[6]HISTOJANV24!$A$6:$AV$49,41,0) -> 0 | M17: =VLOOKUP($A17,[6]HISTOJANV24!$A$6:$AV$49,16,0) -> 0 | N17: =IF(M17<>0,VLOOKUP($A17,[6]HISTOJANV24!$A$6:$AV$49,8,0),"ECHEC") -> ECHEC | O17: =IF(R17=0,0,VLOOKUP($A17,[6]HISTOJANV24!$A$6:$AV$49,32,0)) -> BANQUE | P17: =VLOOKUP($A17,[6]HISTOJANV24!$A$6:$AV$49,33,0) -> 0 | Q17: =IF(R17=0,0,($C$3-R17)) -> 287000 | R17: =VLOOKUP($A17,[6]HISTOJANV24!$A$6:$AV$49,29,0) -> 13000
... A37: AS201647 | B37: =IF(D37=0,0,VLOOKUP($A37,[6]HISTOJANV24!$A$6:$BP$44,10,0)) -> 1 | C37: =VLOOKUP(A37,[7]LISTADHERENT!A$5:H$60,3,0) -> YOUMBI EMMANUEL | D37: =IF(G37="ECHEC",0,B$3) -> 25000 | E37: =D37+VLOOKUP($A37,[6]HISTOJANV24!$A$7:$AU$42,45,0)+F37 -> 50000 | F37: =VLOOKUP($A37,[6]HISTOJANV24!$A$6:$AV$48,7,0) -> 0 | G37: =VLOOKUP($A37,[6]HISTOJANV24!$A$6:$AV$49,8,0) -> BANQUE | H37: =VLOOKUP($A37,[6]HISTOJANV24!$A$6:$AV$49,35,0) -> 0 | I37: =VLOOKUP($A37,[6]HISTOJANV24!$A$6:$AV$49,38,0) -> 0 | J37: =IF(H37=0,0,VLOOKUP($A37,[6]HISTOJANV24!$A$6:$AV$49,42,0)) -> 0 | K37: =VLOOKUP($A37,[6]HISTOJANV24!$A$6:$AV$49,41,0) -> 0 | M37: =VLOOKUP($A37,[6]HISTOJANV24!$A$6:$AV$49,16,0) -> 0 | N37: =IF(M37<>0,VLOOKUP($A37,[6]HISTOJANV24!$A$6:$AV$49,8,0),"ECHEC") -> ECHEC | O37: =IF(R37=0,0,VLOOKUP($A37,[6]HISTOJANV24!$A$6:$AV$49,32,0)) -> 0 | P37: =VLOOKUP($A37,[6]HISTOJANV24!$A$6:$AV$49,33,0) -> 0 | Q37: =IF(R37=0,0,($C$3-R37)) -> 0 | R37: =VLOOKUP($A37,[6]HISTOJANV24!$A$6:$AV$49,29,0) -> 0
A39: TOTAL PART | B39: =SUM(B6:B38) -> 32
A40: NBRE ADHERENT | B40: =COUNT(D6:D38) -> 32 | D40: =SUM(D6:D39) -> 800000 | F40: =SUM(F6:F39) -> -3000 | G40: =SUM(G6:G39) -> 0 | H40: =SUM(H6:H39) -> 0 | I40: =SUM(I6:I39) -> 0 | J40: =SUM(J6:J39) -> 0 | K40: =SUM(K6:K39) -> 0 | L40: =SUM(L6:L39) -> 0 | M40: =SUM(M6:M39) -> 0 | ... R40: =SUM(R6:R39) -> 38000
N41: NBRE PART | O41: PART VENDUE
D42: MONTANT TONTINE | G42: REMBOURSEMENT PETIT LOT | H42: VENTE PETIT LOT | I42: VENTE LOT PRINCIPAL | J42: SOLDE EN CAISSE | L42: TONTINE + REMB + INTERET VENTE | M42: =D46+G46+R40 -> 838000
D43: =SUMIFS(D6:D39,G6:G39,"ESPECES") -> 25000 | F43: ESPECES | G43: =SUMIFS(M6:M33,N6:N33,"ESPECES") -> 0 | H43: =SUMIFS(H6:H39,J6:J39,"ESPECES") -> 0 | I43: =SUMIFS(Q6:Q39,O6:O39,"ESPECES") -> 0 | J43: =D43+G43-H43-I43 -> 25000 | L43: LOT PRINCIPAL | M43: =C3*COUNTIF(Q7:Q39,">0") -> 900000 | N43: =D3 -> 2 | O43: =COUNTIF(Q7:Q33,">0") -> 3
D44: =SUMIFS(D6:D39,G6:G39,"BANQUE") -> 775000 | F44: BANQUE | G44: =SUMIFS(M6:M33,N6:N33,"BANQUE") -> 0 | H44: =SUMIFS(H6:H39,J6:J39,"BANQUE") -> 0 | I44: =SUMIFS(Q6:Q39,O6:O39,"BANQUE") -> 862000 | J44: =D44+G44-H44-I44 -> -87000
L45: PETIT LOT | M45: =M42-M43 -> -62000
D46: =D43+D44 -> 800000 | F46: TOTAL | G46: =G43+G44 -> 0 | H46: =H43+H44 -> 0 | I46: =I43+I44 -> 862000 | J46: =J43+J44 -> -62000
F47: TOTAL+DEPOT | L47: RELIQUAT | M47: =M45-H40 -> -62000 | O47: =M47 -> -62000 | P47: CUMUL
L49: ECHEC TONTINE MOIS | M49: =COUNTIFS(G7:G38,"ECHEC")*23000 -> 0 | P49: CUMUL
L50: ECHEC REMBOURSEMENT MOIS | M50: =L40-G46 -> 0 | P50: CUMUL

Sheet TONTFEV24
A1: ASSOCIATION | B1: ASELBY
A2: ANNEE | B2: 2024 | C2: TONIINE | D2: NBRE PART
A3: TAUX TONTINE | B3: 25000 | C3: =B3*12 -> 300000 | D3: =ROUNDDOWN(M42/C3,0) -> 2
C4: 45335
A5: MATRICULE | B5: NBREPART | C5: NOM ET PRENOM | D5: MONTANT TONTINE | E5: MONTANT VERSE | F5: PENALITE VERSEMENT ESPECES | G5: MODE VERSEMENT | H5: VENTE PETIT LOT | I5: INTERET PETIT LOT | J5: MODE VERSEMENT VENTE PETIT LOT | K5: NUMERO CHEQUE | L5: MONTANT A REMBOURSER PETIT LOT | M5: REMBOURSEMENT PETIT LOT | N5: MODE VERSEMENT REMBOURSEMENT | O5: MODE VERSEMENTLOT PRINCIPAL | P5: NUMERO CHEQUE | Q5: MONTANT LOT PRINCIPAL | R5: INTERET LOT PRINCIPAL
A6: AS201601 | B6: =IF(D6=0,0,VLOOKUP($A6,[6]HISTOFEV24!$A$6:$BP$44,10,0)) -> 1 | C6: =VLOOKUP(A6,[7]LISTADHERENT!A$5:H$60,3,0) -> BAKOP ACHILLE | D6: =IF(G6="ECHEC",0,B$3) -> 25000 | E6: =D6+VLOOKUP($A6,[6]HISTOFEV24!$A$7:$AU$42,45,0)+F6 -> 50000 | F6: =VLOOKUP($A6,[6]HISTOFEV24!$A$6:$AV$48,7,0) -> 0 | G6: =VLOOKUP($A6,[6]HISTOFEV24!$A$6:$AV$49,8,0) -> BANQUE | H6: =VLOOKUP($A6,[6]HISTOFEV24!$A$6:$AV$49,35,0) -> 60000 | I6: =VLOOKUP($A6,[6]HISTOFEV24!$A$6:$AV$49,38,0) -> 1000 | J6: =IF(H6=0,0,VLOOKUP($A6,[6]HISTOFEV24!$A$6:$AV$49,42,0)) -> 0 | K6: =VLOOKUP($A6,[6]HISTOFEV24!$A$6:$AV$49,41,0) -> 0 | L6: =TONTJANV24!H6+TONTJANV24!I6 -> 0 | M6: =VLOOKUP($A6,[6]HISTOFEV24!$A$6:$AV$49,16,0) -> 0 | N6: =IF(M6<>0,VLOOKUP($A6,[6]HISTOFEV24!$A$6:$AV$49,8,0),"ECHEC") -> ECHEC | O6: =IF(R6=0,0,VLOOKUP($A6,[6]HISTOFEV24!$A$6:$AV$49,32,0)) -> 0 | P6: =VLOOKUP($A6,[6]HISTOFEV24!$A$6:$AV$49,33,0) -> 0 | Q6: =IF(R6=0,0,($C$3-R6)) -> 0 | R6: =VLOOKUP($A6,[6]HISTOFEV24!$A$6:$AV$49,29,0) -> 0
A7: AS201602 | B7: =IF(D7=0,0,VLOOKUP($A7,[6]HISTOFEV24!$A$6:$BP$44,10,0)) -> 1 | C7: =VLOOKUP(A7,[7]LISTADHERENT!A$5:H$60,3,0) -> BOUTCHOUANG WILLIAM | D7: =IF(G7="ECHEC",0,B$3) -> 25000 | E7: =D7+VLOOKUP($A7,[6]HISTOFEV24!$A$7:$AU$42,45,0)+F7 -> 50000 | F7: =VLOOKUP($A7,[6]HISTOFEV24!$A$6:$AV$48,7,0) -> 3000 | G7: =VLOOKUP($A7,[6]HISTOFEV24!$A$6:$AV$49,8,0) -> BANQUE | H7: =VLOOKUP($A7,[6]HISTOFEV24!$A$6:$AV$49,35,0) -> 0 | I7: =VLOOKUP($A7,[6]HISTOFEV24!$A$6:$AV$49,38,0) -> 0 | J7: =IF(H7=0,0,VLOOKUP($A7,[6]HISTOFEV24!$A$6:$AV$49,42,0)) -> 0 | K7: =VLOOKUP($A7,[6]HISTOFEV24!$A$6:$AV$49,41,0) -> 0 | L7: =TONTJANV24!H7+TONTJANV24!I7 -> 0 | M7: =VLOOKUP($A7,[6]HISTOFEV24!$A$6:$AV$49,16,0) -> 0 | N7: =IF(M7<>0,VLOOKUP($A7,[6]HISTOFEV24!$A$6:$AV$49,8,0),"ECHEC") -> ECHEC | O7: =IF(R7=0,0,VLOOKUP($A7,[6]HISTOFEV24!$A$6:$AV$49,32,0)) -> 0 | P7: =VLOOKUP($A7,[6]HISTOFEV24!$A$6:$AV$49,33,0) -> 0 | Q7: =IF(R7=0,0,($C$3-R7)) -> 0 | R7: =VLOOKUP($A7,[6]HISTOFEV24!$A$6:$AV$49,29,0) -> 0
A8: AS201604 | B8: =IF(D8=0,0,VLOOKUP($A8,[6]HISTOFEV24!$A$6:$BP$44,10,0)) -> 1 | C8: =VLOOKUP(A8,[7]LISTADHERENT!A$5:H$60,3,0) -> DJOMO JEAN PAUL | D8: =IF(G8="ECHEC",0,B$3) -> 25000 | E8: =D8+VLOOKUP($A8,[6]HISTOFEV24!$A$7:$AU$42,45,0)+F8 -> 50000 | F8: =VLOOKUP($A8,[6]HISTOFEV24!$A$6:$AV$48,7,0) -> 0 | G8: =VLOOKUP($A8,[6]HISTOFEV24!$A$6:$AV$49,8,0) -> BANQUE | H8: =VLOOKUP($A8,[6]HISTOFEV24!$A$6:$AV$49,35,0) -> 0 | I8: =VLOOKUP($A8,[6]HISTOFEV24!$A$6:$AV$49,38,0) -> 0 | J8: =IF(H8=0,0,VLOOKUP($A8,[6]HISTOFEV24!$A$6:$AV$49,42,0)) -> 0 | K8: =VLOOKUP($A8,[6]HISTOFEV24!$A$6:$AV$49,41,0) -> 0 | L8: =TONTJANV24!H8+TONTJANV24!I8 -> 0 | M8: =VLOOKUP($A8,[6]HISTOFEV24!$A$6:$AV$49,16,0) -> 0 | N8: =IF(M8<>0,VLOOKUP($A8,[6]HISTOFEV24!$A$6:$AV$49,8,0),"ECHEC") -> ECHEC | O8: =IF(R8=0,0,VLOOKUP($A8,[6]HISTOFEV24!$A$6:$AV$49,32,0)) -> 0 | P8: =VLOOKUP($A8,[6]HISTOFEV24!$A$6:$AV$49,33,0) -> 0 | Q8: =IF(R8=0,0,($C$3-R8)) -> 0 | R8: =VLOOKUP($A8,[6]HISTOFEV24!$A$6:$AV$49,29,0) -> 0
A9: AS201654 | B9: =IF(D9=0,0,VLOOKUP($A9,[6]HISTOFEV24!$A$6:$BP$44,10,0)) -> 1 | C9: =VLOOKUP(A9,[7]LISTADHERENT!A$5:H$60,3,0) -> DJOMOU TCHAPDA | D9: =IF(G9="ECHEC",0,B$3) -> 25000 | E9: =D9+VLOOKUP($A9,[6]HISTOFEV24!$A$7:$AU$42,45,0)+F9 -> 53000 | F9: =VLOOKUP($A9,[6]HISTOFEV24!$A$6:$AV$48,7,0) -> 3000 | G9: =VLOOKUP($A9,[6]HISTOFEV24!$A$6:$AV$49,8,0) -> BANQUE | H9: =VLOOKUP($A9,[6]HISTOFEV24!$A$6:$AV$49,35,0) -> 60000 | I9: =VLOOKUP($A9,[6]HISTOFEV24!$A$6:$AV$49,38,0) -> 1000 | J9: =IF(H9=0,0,VLOOKUP($A9,[6]HISTOFEV24!$A$6:$AV$49,42,0)) -> BANQUE | K9: =VLOOKUP($A9,[6]HISTOFEV24!$A$6:$AV$49,41,0) -> 0 | L9: =TONTJANV24!H9+TONTJANV24!I9 -> 0 | M9: =VLOOKUP($A9,[6]HISTOFEV24!$A$6:$AV$49,16,0) -> 0 | N9: =IF(M9<>0,VLOOKUP($A9,[6]HISTOFEV24!$A$6:$AV$49,8,0),"ECHEC") -> ECHEC | O9: =IF(R9=0,0,VLOOKUP($A9,[6]HISTOFEV24!$A$6:$AV$49,32,0)) -> 0 | P9: =VLOOKUP($A9,[6]HISTOFEV24!$A$6:$AV$49,33,0) -> 0 | Q9: =IF(R9=0,0,($C$3-R9)) -> 0 | R9: =VLOOKUP($A9,[6]HISTOFEV24!$A$6:$AV$49,29,0) -> 0
A10: AS201605 | B10: =IF(D10=0,0,VLOOKUP($A10,[6]HISTOFEV24!$A$6:$BP$44,10,0)) -> 1 | C10: =VLOOKUP(A10,[7]LISTADHERENT!A$5:H$60,3,0) -> DJOUKWE NANGUEN GUY BLAISE | D10: =IF(G10="ECHEC",0,B$3) -> 25000 | E10: =D10+VLOOKUP($A10,[6]HISTOFEV24!$A$7:$AU$42,45,0)+F10 -> 50000 | F10: =VLOOKUP($A10,[6]HISTOFEV24!$A$6:$AV$48,7,0) -> 0 | G10: =VLOOKUP($A10,[6]HISTOFEV24!$A$6:$AV$49,8,0) -> BANQUE | H10: =VLOOKUP($A10,[6]HISTOFEV24!$A$6:$AV$49,35,0) -> 0 | I10: =VLOOKUP($A10,[6]HISTOFEV24!$A$6:$AV$49,38,0) -> 0 | J10: =IF(H10=0,0,VLOOKUP($A10,[6]HISTOFEV24!$A$6:$AV$49,42,0)) -> 0 | K10: =VLOOKUP($A10,[6]HISTOFEV24!$A$6:$AV$49,41,0) -> 0 | L10: =TONTJANV24!H10+TONTJANV24!I10 -> 0 | M10: =VLOOKUP($A10,[6]HISTOFEV24!$A$6:$AV$49,16,0) -> 0 | N10: =IF(M10<>0,VLOOKUP($A10,[6]HISTOFEV24!$A$6:$AV$49,8,0),"ECHEC") -> ECHEC | O10: =IF(R10=0,0,VLOOKUP($A10,[6]HISTOFEV24!$A$6:$AV$49,32,0)) -> BANQUE | P10: =VLOOKUP($A10,[6]HISTOFEV24!$A$6:$AV$49,33,0) -> 0 | Q10: =IF(R10=0,0,($C$3-R10)) -> 284000 | R10: =VLOOKUP($A10,[6]HISTOFEV24!$A$6:$AV$49,29,0) -> 16000
A11: AS201608 | B11: =IF(D11=0,0,VLOOKUP($A11,[6]HISTOFEV24!$A$6:$BP$44,10,0)) -> 1 | C11: =VLOOKUP(A11,[7]LISTADHERENT!A$5:H$60,3,0) -> DJUOMBESSY ANTOINE | D11: =IF(G11="ECHEC",0,B$3) -> 25000 | E11: =D11+VLOOKUP($A11,[6]HISTOFEV24!$A$7:$AU$42,45,0)+F11 -> 55000 | F11: =VLOOKUP($A11,[6]HISTOFEV24!$A$6:$AV$48,7,0) -> 0 | G11: =VLOOKUP($A11,[6]HISTOFEV24!$A$6:$AV$49,8,0) -> BANQUE | H11: =VLOOKUP($A11,[6]HISTOFEV24!$A$6:$AV$49,35,0) -> 0 | I11: =VLOOKUP($A11,[6]HISTOFEV24!$A$6:$AV$49,38,0) -> 0 | J11: =IF(H11=0,0,VLOOKUP($A11,[6]HISTOFEV24!$A$6:$AV$49,42,0)) -> 0 | K11: =VLOOKUP($A11,[6]HISTOFEV24!$A$6:$AV$49,41,0) -> 0 | L11: =TONTJANV24!H11+TONTJANV24!I11 -> 0 | M11: =VLOOKUP($A11,[6]HISTOFEV24!$A$6:$AV$49,16,0) -> 0 | N11: =IF(M11<>0,VLOOKUP($A11,[6]HISTOFEV24!$A$6:$AV$49,8,0),"ECHEC") -> ECHEC | O11: =IF(R11=0,0,VLOOKUP($A11,[6]HISTOFEV24!$A$6:$AV$49,32,0)) -> 0 | P11: =VLOOKUP($A11,[6]HISTOFEV24!$A$6:$AV$49,33,0) -> 0 | Q11: =IF(R11=0,0,($C$3-R11)) -> 0 | R11: =VLOOKUP($A11,[6]HISTOFEV24!$A$6:$AV$49,29,0) -> 0
A12: AS201651 | B12: =IF(D12=0,0,VLOOKUP($A12,[6]HISTOFEV24!$A$6:$BP$44,10,0)) -> 1 | C12: =VLOOKUP(A12,[7]LISTADHERENT!A$5:H$60,3,0) -> DOMOU FABIEN | D12: =IF(G12="ECHEC",0,B$3) -> 25000 | E12: =D12+VLOOKUP($A12,[6]HISTOFEV24!$A$7:$AU$42,45,0)+F12 -> 50000 | F12: =VLOOKUP($A12,[6]HISTOFEV24!$A$6:$AV$48,7,0) -> 0 | G12: =VLOOKUP($A12,[6]HISTOFEV24!$A$6:$AV$49,8,0) -> BANQUE | H12: =VLOOKUP($A12,[6]HISTOFEV24!$A$6:$AV$49,35,0) -> 0 | I12: =VLOOKUP($A12,[6]HISTOFEV24!$A$6:$AV$49,38,0) -> 0 | J12: =IF(H12=0,0,VLOOKUP($A12,[6]HISTOFEV24!$A$6:$AV$49,42,0)) -> 0 | K12: =VLOOKUP($A12,[6]HISTOFEV24!$A$6:$AV$49,41,0) -> 0 | L12: =TONTJANV24!H12+TONTJANV24!I12 -> 0 | M12: =VLOOKUP($A12,[6]HISTOFEV24!$A$6:$AV$49,16,0) -> 0 | N12: =IF(M12<>0,VLOOKUP($A12,[6]HISTOFEV24!$A$6:$AV$49,8,0),"ECHEC") -> ECHEC | O12: =IF(R12=0,0,VLOOKUP($A12,[6]HISTOFEV24!$A$6:$AV$49,32,0)) -> 0 | P12: =VLOOKUP($A12,[6]HISTOFEV24!$A$6:$AV$49,33,0) -> 0 | Q12: =IF(R12=0,0,($C$3-R12)) -> 0 | R12: =VLOOKUP($A12,[6]HISTOFEV24!$A$6:$AV$49,29,0) -> 0
A13: AS201609 | B13: =IF(D13=0,0,VLOOKUP($A13,[6]HISTOFEV24!$A$6:$BP$44,10,0)) -> 1 | C13: =VLOOKUP(A13,[7]LISTADHERENT!A$5:H$60,3,0) -> DONHOU DAVID | D13: =IF(G13="ECHEC",0,B$3) -> 25000 | E13: =D13+VLOOKUP($A13,[6]HISTOFEV24!$A$7:$AU$42,45,0)+F13 -> 50000 | F13: =VLOOKUP($A13,[6]HISTOFEV24!$A$6:$AV$48,7,0) -> 0 | G13: =VLOOKUP($A13,[6]HISTOFEV24!$A$6:$AV$49,8,0) -> BANQUE | H13: =VLOOKUP($A13,[6]HISTOFEV24!$A$6:$AV$49,35,0) -> 0 | I13: =VLOOKUP($A13,[6]HISTOFEV24!$A$6:$AV$49,38,0) -> 0 | J13: =IF(H13=0,0,VLOOKUP($A13,[6]HISTOFEV24!$A$6:$AV$49,42,0)) -> 0 | K13: =VLOOKUP($A13,[6]HISTOFEV24!$A$6:$AV$49,41,0) -> 0 | L13: =TONTJANV24!H13+TONTJANV24!I13 -> 0 | M13: =VLOOKUP($A13,[6]HISTOFEV24!$A$6:$AV$49,16,0) -> 0 | N13: =IF(M13<>0,VLOOKUP($A13,[6]HISTOFEV24!$A$6:$AV$49,8,0),"ECHEC") -> ECHEC | O13: =IF(R13=0,0,VLOOKUP($A13,[6]HISTOFEV24!$A$6:$AV$49,32,0)) -> 0 | P13: =VLOOKUP($A13,[6]HISTOFEV24!$A$6:$AV$49,33,0) -> 0 | Q13: =IF(R13=0,0,($C$3-R13)) -> 0 | R13: =VLOOKUP($A13,[6]HISTOFEV24!$A$6:$AV$49,29,0) -> 0
A14: AS201611 | B14: =IF(D14=0,0,VLOOKUP($A14,[6]HISTOFEV24!$A$6:$BP$44,10,0)) -> 1 | C14: =VLOOKUP(A14,[7]LISTADHERENT!A$5:H$60,3,0) -> HENGUE PAUL OMER | D14: =IF(G14="ECHEC",0,B$3) -> 25000 | E14: =D14+VLOOKUP($A14,[6]HISTOFEV24!$A$7:$AU$42,45,0)+F14 -> 50000 | F14: =VLOOKUP($A14,[6]HISTOFEV24!$A$6:$AV$48,7,0) -> 0 | G14: =VLOOKUP($A14,[6]HISTOFEV24!$A$6:$AV$49,8,0) -> BANQUE | H14: =VLOOKUP($A14,[6]HISTOFEV24!$A$6:$AV$49,35,0) -> 0 | I14: =VLOOKUP($A14,[6]HISTOFEV24!$A$6:$AV$49,38,0) -> 0 | J14: =IF(H14=0,0,VLOOKUP($A14,[6]HISTOFEV24!$A$6:$AV$49,42,0)) -> 0 | K14: =VLOOKUP($A14,[6]HISTOFEV24!$A$6:$AV$49,41,0) -> 0 | L14: =TONTJANV24!H14+TONTJANV24!I14 -> 0 | M14: =VLOOKUP($A14,[6]HISTOFEV24!$A$6:$AV$49,16,0) -> 0 | N14: =IF(M14<>0,VLOOKUP($A14,[6]HISTOFEV24!$A$6:$AV$49,8,0),"ECHEC") -> ECHEC | O14: =IF(R14=0,0,VLOOKUP($A14,[6]HISTOFEV24!$A$6:$AV$49,32,0)) -> 0 | P14: =VLOOKUP($A14,[6]HISTOFEV24!$A$6:$AV$49,33,0) -> 0 | Q14: =IF(R14=0,0,($C$3-R14)) -> 0 | R14: =VLOOKUP($A14,[6]HISTOFEV24!$A$6:$AV$49,29,0) -> 0
A15: AS201613 | B15: =IF(D15=0,0,VLOOKUP($A15,[6]HISTOFEV24!$A$6:$BP$44,10,0)) -> 1 | C15: =VLOOKUP(A15,[7]LISTADHERENT!A$5:H$60,3,0) -> HOTCHO BENJAMIN | D15: =IF(G15="ECHEC",0,B$3) -> 25000 | E15: =D15+VLOOKUP($A15,[6]HISTOFEV24!$A$7:$AU$42,45,0)+F15 -> 85000 | F15: =VLOOKUP($A15,[6]HISTOFEV24!$A$6:$AV$48,7,0) -> 0 | G15: =VLOOKUP($A15,[6]HISTOFEV24!$A$6:$AV$49,8,0) -> BANQUE | H15: =VLOOKUP($A15,[6]HISTOFEV24!$A$6:$AV$49,35,0) -> 0 | I15: =VLOOKUP($A15,[6]HISTOFEV24!$A$6:$AV$49,38,0) -> 0 | J15: =IF(H15=0,0,VLOOKUP($A15,[6]HISTOFEV24!$A$6:$AV$49,42,0)) -> 0 | K15: =VLOOKUP($A15,[6]HISTOFEV24!$A$6:$AV$49,41,0) -> 0 | L15: =TONTJANV24!H15+TONTJANV24!I15 -> 0 | M15: =VLOOKUP($A15,[6]HISTOFEV24!$A$6:$AV$49,16,0) -> 0 | N15: =IF(M15<>0,VLOOKUP($A15,[6]HISTOFEV24!$A$6:$AV$49,8,0),"ECHEC") -> ECHEC | O15: =IF(R15=0,0,VLOOKUP($A15,[6]HISTOFEV24!$A$6:$AV$49,32,0)) -> 0 | P15: =VLOOKUP($A15,[6]HISTOFEV24!$A$6:$AV$49,33,0) -> 0 | Q15: =IF(R15=0,0,($C$3-R15)) -> 0 | R15: =VLOOKUP($A15,[6]HISTOFEV24!$A$6:$AV$49,29,0) -> 0
A16: AS201617 | B16: =IF(D16=0,0,VLOOKUP($A16,[6]HISTOFEV24!$A$6:$BP$44,10,0)) -> 1 | C16: =VLOOKUP(A16,[7]LISTADHERENT!A$5:H$60,3,0) -> KOUAMOU MOISE | D16: =IF(G16="ECHEC",0,B$3) -> 25000 | E16: =D16+VLOOKUP($A16,[6]HISTOFEV24!$A$7:$AU$42,45,0)+F16 -> 50000 | F16: =VLOOKUP($A16,[6]HISTOFEV24!$A$6:$AV$48,7,0) -> 0 | G16: =VLOOKUP($A16,[6]HISTOFEV24!$A$6:$AV$49,8,0) -> BANQUE | H16: =VLOOKUP($A16,[6]HISTOFEV24!$A$6:$AV$49,35,0) -> 0 | I16: =VLOOKUP($A16,[6]HISTOFEV24!$A$6:$AV$49,38,0) -> 0 | J16: =IF(H16=0,0,VLOOKUP($A16,[6]HISTOFEV24!$A$6:$AV$49,42,0)) -> 0 | K16: =VLOOKUP($A16,[6]HISTOFEV24!$A$6:$AV$49,41,0) -> 0 | L16: =TONTJANV24!H16+TONTJANV24!I16 -> 0 | M16: =VLOOKUP($A16,[6]HISTOFEV24!$A$6:$AV$49,16,0) -> 0 | N16: =IF(M16<>0,VLOOKUP($A16,[6]HISTOFEV24!$A$6:$AV$49,8,0),"ECHEC") -> ECHEC | O16: =IF(R16=0,0,VLOOKUP($A16,[6]HISTOFEV24!$A$6:$AV$49,32,0)) -> BANQUE | P16: =VLOOKUP($A16,[6]HISTOFEV24!$A$6:$AV$49,33,0) -> 0 | Q16: =IF(R16=0,0,($C$3-R16)) -> 283000 | R16: =VLOOKUP($A16,[6]HISTOFEV24!$A$6:$AV$49,29,0) -> 17000
A17: AS201619 | B17: =IF(D17=0,0,VLOOKUP($A17,[6]HISTOFEV24!$A$6:$BP$44,10,0)) -> 1 | C17: =VLOOKUP(A17,[7]LISTADHERENT!A$5:H$60,3,0) -> KOUATCHO MESSACK | D17: =IF(G17="ECHEC",0,B$3) -> 25000 | E17: =D17+VLOOKUP($A17,[6]HISTOFEV24!$A$7:$AU$42,45,0)+F17 -> 60000 | F17: =VLOOKUP($A17,[6]HISTOFEV24!$A$6:$AV$48,7,0) -> 0 | G17: =VLOOKUP($A17,[6]HISTOFEV24!$A$6:$AV$49,8,0) -> BANQUE | H17: =VLOOKUP($A17,[6]HISTOFEV24!$A$6:$AV$49,35,0) -> 0 | I17: =VLOOKUP($A17,[6]HISTOFEV24!$A$6:$AV$49,38,0) -> 0 | J17: =IF(H17=0,0,VLOOKUP($A17,[6]HISTOFEV24!$A$6:$AV$49,42,0)) -> 0 | K17: =VLOOKUP($A17,[6]HISTOFEV24!$A$6:$AV$49,41,0) -> 0 | L17: =TONTJANV24!H17+TONTJANV24!I17 -> 0 | M17: =VLOOKUP($A17,[6]HISTOFEV24!$A$6:$AV$49,16,0) -> 0 | N17: =IF(M17<>0,VLOOKUP($A17,[6]HISTOFEV24!$A$6:$AV$49,8,0),"ECHEC") -> ECHEC | O17: =IF(R17=0,0,VLOOKUP($A17,[6]HISTOFEV24!$A$6:$AV$49,32,0)) -> 0 | P17: =VLOOKUP($A17,[6]HISTOFEV24!$A$6:$AV$49,33,0) -> 0 | Q17: =IF(R17=0,0,($C$3-R17)) -> 0 | R17: =VLOOKUP($A17,[6]HISTOFEV24!$A$6:$AV$49,29,0) -> 0
... A37: AS201647 | B37: =IF(D37=0,0,VLOOKUP($A37,[6]HISTOFEV24!$A$6:$BP$44,10,0)) -> 1 | C37: =VLOOKUP(A37,[7]LISTADHERENT!A$5:H$60,3,0) -> YOUMBI EMMANUEL | D37: =IF(G37="ECHEC",0,B$3) -> 25000 | E37: =D37+VLOOKUP($A37,[6]HISTOFEV24!$A$7:$AU$42,45,0)+F37 -> 50000 | F37: =VLOOKUP($A37,[6]HISTOFEV24!$A$6:$AV$48,7,0) -> 0 | G37: =VLOOKUP($A37,[6]HISTOFEV24!$A$6:$AV$49,8,0) -> BANQUE | H37: =VLOOKUP($A37,[6]HISTOFEV24!$A$6:$AV$49,35,0) -> 0 | I37: =VLOOKUP($A37,[6]HISTOFEV24!$A$6:$AV$49,38,0) -> 0 | J37: =IF(H37=0,0,VLOOKUP($A37,[6]HISTOFEV24!$A$6:$AV$49,42,0)) -> 0 | K37: =VLOOKUP($A37,[6]HISTOFEV24!$A$6:$AV$49,41,0) -> 0 | L37: =TONTJANV24!H37+TONTJANV24!I37 -> 0 | M37: =VLOOKUP($A37,[6]HISTOFEV24!$A$6:$AV$49,16,0) -> 0 | N37: =IF(M37<>0,VLOOKUP($A37,[6]HISTOFEV24!$A$6:$AV$49,8,0),"ECHEC") -> ECHEC | O37: =IF(R37=0,0,VLOOKUP($A37,[6]HISTOFEV24!$A$6:$AV$49,32,0)) -> 0 | P37: =VLOOKUP($A37,[6]HISTOFEV24!$A$6:$AV$49,33,0) -> 0 | Q37: =IF(R37=0,0,($C$3-R37)) -> 0 | R37: =VLOOKUP($A37,[6]HISTOFEV24!$A$6:$AV$49,29,0) -> 0
A39: TOTAL PART | B39: =SUM(B6:B38) -> 32
A40: NBRE ADHERENT | B40: =COUNT(D6:D38) -> 32 | D40: =SUM(D6:D39) -> 800000 | F40: =SUM(F6:F39) -> 9000 | G40: =SUM(G6:G39) -> 0 | H40: =SUM(H6:H39) -> 171000 | I40: =SUM(I6:I39) -> 3000 | J40: =SUM(J6:J39) -> 0 | K40: =SUM(K6:K39) -> 0 | L40: =SUM(L6:L39) -> 0 | M40: =SUM(M6:M39) -> 0 | ... R40: =SUM(R6:R39) -> 33000
N41: NBRE PART | O41: PART VENDUE
D42: MONTANT TONTINE | G42: REMBOURSEMENT PETIT LOT | H42: VENTE PETIT LOT | I42: VENTE LOT PRINCIPAL | J42: SOLDE EN CAISSE | L42: TONTINE + REMB + INTERET VENTE | M42: =D46+G46+R40+TONTJANV24!O47 -> 771000
D43: =SUMIFS(D6:D39,G6:G39,"ESPECES") -> 25000 | F43: ESPECES | G43: =SUMIFS(M6:M33,N6:N33,"ESPECES") -> 0 | H43: =SUMIFS(H6:H39,J6:J39,"ESPECES") -> 0 | I43: =SUMIFS(Q6:Q39,O6:O39,"ESPECES") -> 0 | J43: =D43+G43-H43-I43 -> 25000 | L43: LOT PRINCIPAL | M43: =C3*COUNTIF(Q7:Q39,">0") -> 600000 | N43: =D3 -> 2 | O43: =COUNTIF(Q7:Q33,">0") -> 2
D44: =SUMIFS(D6:D39,G6:G39,"BANQUE") -> 775000 | F44: BANQUE | G44: =SUMIFS(M6:M33,N6:N33,"BANQUE") -> 0 | H44: =SUMIFS(H6:H39,J6:J39,"BANQUE") -> 60000 | I44: =SUMIFS(Q6:Q39,O6:O39,"BANQUE") -> 567000 | J44: =D44+G44-H44-I44 -> 148000
L45: PETIT LOT | M45: =M42-M43 -> 171000
D46: =D43+D44 -> 800000 | F46: TOTAL | G46: =G43+G44 -> 0 | H46: =H43+H44 -> 60000 | I46: =I43+I44 -> 567000 | J46: =J43+J44 -> 173000
F47: TOTAL+DEPOT | L47: RELIQUAT | M47: =M45-H40 -> 0 | O47: =TONTFEV24!M47 -> 0 | P47: CUMUL
L49: ECHEC TONTINE MOIS | M49: =COUNTIFS(G7:G38,"ECHEC")*23000 -> 0 | O49: =TONTFEV24!M49 -> 0 | P49: CUMUL
L50: ECHEC REMBOURSEMENT MOIS | M50: =L40-G46 -> 0 | O50: =TONTFEV24!M50 -> 0 | P50: CUMUL

Sheet TONTMARS24
A1: ASSOCIATION | B1: ASELBY
A2: ANNEE | B2: 2024 | C2: TONIINE | D2: NBRE PART
A3: TAUX TONTINE | B3: 25000 | C3: =B3*12 -> 300000 | D3: =ROUNDDOWN(M42/C3,0) -> 3
C4: 45364
A5: MATRICULE | B5: NBREPART | C5: NOM ET PRENOM | D5: MONTANT TONTINE | E5: MONTANT VERSE | F5: PENALITE VERSEMENT ESPECES | G5: MODE VERSEMENT | H5: VENTE PETIT LOT | I5: INTERET PETIT LOT | J5: MODE VERSEMENT VENTE PETIT LOT | K5: NUMERO CHEQUE | L5: MONTANT A REMBOURSER PETIT LOT | M5: REMBOURSEMENT PETIT LOT | N5: MODE VERSEMENT REMBOURSEMENT | O5: MODE VERSEMENTLOT PRINCIPAL | P5: NUMERO CHEQUE | Q5: MONTANT LOT PRINCIPAL | R5: INTERET LOT PRINCIPAL
A6: AS201601 | B6: =IF(D6=0,0,VLOOKUP($A6,[6]HISTOMARS24!$A$6:$BP$44,10,0)) -> 1 | C6: =VLOOKUP(A6,[7]LISTADHERENT!A$5:H$60,3,0) -> BAKOP ACHILLE | D6: =IF(G6="ECHEC",0,B$3) -> 25000 | E6: =D6+VLOOKUP($A6,[6]HISTOMARS24!$A$7:$AU$42,45,0)+F6 -> 72000 | F6: =VLOOKUP($A6,[6]HISTOMARS24!$A$6:$AV$48,7,0) -> 0 | G6: =VLOOKUP($A6,[6]HISTOMARS24!$A$6:$AV$49,8,0) -> BANQUE | H6: =VLOOKUP($A6,[6]HISTOMARS24!$A$6:$AV$49,35,0) -> 0 | I6: =VLOOKUP($A6,[6]HISTOMARS24!$A$6:$AV$49,38,0) -> 0 | J6: =IF(H6=0,0,VLOOKUP($A6,[6]HISTOMARS24!$A$6:$AV$49,42,0)) -> 0 | K6: =VLOOKUP($A6,[6]HISTOMARS24!$A$6:$AV$49,41,0) -> 0 | L6: =TONTFEV24!H6+TONTFEV24!I6 -> 61000 | M6: =VLOOKUP($A6,[6]HISTOMARS24!$A$6:$AV$49,16,0) -> 61000 | N6: =IF(M6<>0,VLOOKUP($A6,[6]HISTOMARS24!$A$6:$AV$49,8,0),"ECHEC") -> BANQUE | O6: =IF(R6=0,0,VLOOKUP($A6,[6]HISTOMARS24!$A$6:$AV$49,32,0)) -> BANQUE | P6: =VLOOKUP($A6,[6]HISTOMARS24!$A$6:$AV$49,33,0) -> 0 | Q6: =IF(R6=0,0,($C$3-R6)) -> 290000 | R6: =VLOOKUP($A6,[6]HISTOMARS24!$A$6:$AV$49,29,0) -> 10000
A7: AS201602 | B7: =IF(D7=0,0,VLOOKUP($A7,[6]HISTOMARS24!$A$6:$BP$44,10,0)) -> 1 | C7: =VLOOKUP(A7,[7]LISTADHERENT!A$5:H$60,3,0) -> BOUTCHOUANG WILLIAM | D7: =IF(G7="ECHEC",0,B$3) -> 25000 | E7: =D7+VLOOKUP($A7,[6]HISTOMARS24!$A$7:$AU$42,45,0)+F7 -> 50000 | F7: =VLOOKUP($A7,[6]HISTOMARS24!$A$6:$AV$48,7,0) -> 0 | G7: =VLOOKUP($A7,[6]HISTOMARS24!$A$6:$AV$49,8,0) -> BANQUE | H7: =VLOOKUP($A7,[6]HISTOMARS24!$A$6:$AV$49,35,0) -> 0 | I7: =VLOOKUP($A7,[6]HISTOMARS24!$A$6:$AV$49,38,0) -> 0 | J7: =IF(H7=0,0,VLOOKUP($A7,[6]HISTOMARS24!$A$6:$AV$49,42,0)) -> 0 | K7: =VLOOKUP($A7,[6]HISTOMARS24!$A$6:$AV$49,41,0) -> 0 | L7: =TONTFEV24!H7+TONTFEV24!I7 -> 0 | M7: =VLOOKUP($A7,[6]HISTOMARS24!$A$6:$AV$49,16,0) -> 0 | N7: =IF(M7<>0,VLOOKUP($A7,[6]HISTOMARS24!$A$6:$AV$49,8,0),"ECHEC") -> ECHEC | O7: =IF(R7=0,0,VLOOKUP($A7,[6]HISTOMARS24!$A$6:$AV$49,32,0)) -> 0 | P7: =VLOOKUP($A7,[6]HISTOMARS24!$A$6:$AV$49,33,0) -> 0 | Q7: =IF(R7=0,0,($C$3-R7)) -> 0 | R7: =VLOOKUP($A7,[6]HISTOMARS24!$A$6:$AV$49,29,0) -> 0
A8: AS201604 | B8: =IF(D8=0,0,VLOOKUP($A8,[6]HISTOMARS24!$A$6:$BP$44,10,0)) -> 1 | C8: =VLOOKUP(A8,[7]LISTADHERENT!A$5:H$60,3,0) -> DJOMO JEAN PAUL | D8: =IF(G8="ECHEC",0,B$3) -> 25000 | E8: =D8+VLOOKUP($A8,[6]HISTOMARS24!$A$7:$AU$42,45,0)+F8 -> 50000 | F8: =VLOOKUP($A8,[6]HISTOMARS24!$A$6:$AV$48,7,0) -> 0 | G8: =VLOOKUP($A8,[6]HISTOMARS24!$A$6:$AV$49,8,0) -> BANQUE | H8: =VLOOKUP($A8,[6]HISTOMARS24!$A$6:$AV$49,35,0) -> 0 | I8: =VLOOKUP($A8,[6]HISTOMARS24!$A$6:$AV$49,38,0) -> 0 | J8: =IF(H8=0,0,VLOOKUP($A8,[6]HISTOMARS24!$A$6:$AV$49,42,0)) -> 0 | K8: =VLOOKUP($A8,[6]HISTOMARS24!$A$6:$AV$49,41,0) -> 0 | L8: =TONTFEV24!H8+TONTFEV24!I8 -> 0 | M8: =VLOOKUP($A8,[6]HISTOMARS24!$A$6:$AV$49,16,0) -> 0 | N8: =IF(M8<>0,VLOOKUP($A8,[6]HISTOMARS24!$A$6:$AV$49,8,0),"ECHEC") -> ECHEC | O8: =IF(R8=0,0,VLOOKUP($A8,[6]HISTOMARS24!$A$6:$AV$49,32,0)) -> BANQUE | P8: =VLOOKUP($A8,[6]HISTOMARS24!$A$6:$AV$49,33,0) -> 0 | Q8: =IF(R8=0,0,($C$3-R8)) -> 282000 | R8: =VLOOKUP($A8,[6]HISTOMARS24!$A$6:$AV$49,29,0) -> 18000
A9: AS201654 | B9: =IF(D9=0,0,VLOOKUP($A9,[6]HISTOMARS24!$A$6:$BP$44,10,0)) -> 1 | C9: =VLOOKUP(A9,[7]LISTADHERENT!A$5:H$60,3,0) -> DJOMOU TCHAPDA | D9: =IF(G9="ECHEC",0,B$3) -> 25000 | E9: =D9+VLOOKUP($A9,[6]HISTOMARS24!$A$7:$AU$42,45,0)+F9 -> 44000 | F9: =VLOOKUP($A9,[6]HISTOMARS24!$A$6:$AV$48,7,0) -> 0 | G9: =VLOOKUP($A9,[6]HISTOMARS24!$A$6:$AV$49,8,0) -> BANQUE | H9: =VLOOKUP($A9,[6]HISTOMARS24!$A$6:$AV$49,35,0) -> 39000 | I9: =VLOOKUP($A9,[6]HISTOMARS24!$A$6:$AV$49,38,0) -> 1000 | J9: =IF(H9=0,0,VLOOKUP($A9,[6]HISTOMARS24!$A$6:$AV$49,42,0)) -> BANQUE | K9: =VLOOKUP($A9,[6]HISTOMARS24!$A$6:$AV$49,41,0) -> 0 | L9: =TONTFEV24!H9+TONTFEV24!I9 -> 61000 | M9: =VLOOKUP($A9,[6]HISTOMARS24!$A$6:$AV$49,16,0) -> 61000 | N9: =IF(M9<>0,VLOOKUP($A9,[6]HISTOMARS24!$A$6:$AV$49,8,0),"ECHEC") -> BANQUE | O9: =IF(R9=0,0,VLOOKUP($A9,[6]HISTOMARS24!$A$6:$AV$49,32,0)) -> 0 | P9: =VLOOKUP($A9,[6]HISTOMARS24!$A$6:$AV$49,33,0) -> 0 | Q9: =IF(R9=0,0,($C$3-R9)) -> 0 | R9: =VLOOKUP($A9,[6]HISTOMARS24!$A$6:$AV$49,29,0) -> 0
A10: AS201605 | B10: =IF(D10=0,0,VLOOKUP($A10,[6]HISTOMARS24!$A$6:$BP$44,10,0)) -> 1 | C10: =VLOOKUP(A10,[7]LISTADHERENT!A$5:H$60,3,0) -> DJOUKWE NANGUEN GUY BLAISE | D10: =IF(G10="ECHEC",0,B$3) -> 25000 | E10: =D10+VLOOKUP($A10,[6]HISTOMARS24!$A$7:$AU$42,45,0)+F10 -> 50000 | F10: =VLOOKUP($A10,[6]HISTOMARS24!$A$6:$AV$48,7,0) -> 0 | G10: =VLOOKUP($A10,[6]HISTOMARS24!$A$6:$AV$49,8,0) -> BANQUE | H10: =VLOOKUP($A10,[6]HISTOMARS24!$A$6:$AV$49,35,0) -> 40000 | I10: =VLOOKUP($A10,[6]HISTOMARS24!$A$6:$AV$49,38,0) -> 1000 | J10: =IF(H10=0,0,VLOOKUP($A10,[6]HISTOMARS24!$A$6:$AV$49,42,0)) -> BANQUE | K10: =VLOOKUP($A10,[6]HISTOMARS24!$A$6:$AV$49,41,0) -> 0 | L10: =TONTFEV24!H10+TONTFEV24!I10 -> 0 | M10: =VLOOKUP($A10,[6]HISTOMARS24!$A$6:$AV$49,16,0) -> 0 | N10: =IF(M10<>0,VLOOKUP($A10,[6]HISTOMARS24!$A$6:$AV$49,8,0),"ECHEC") -> ECHEC | O10: =IF(R10=0,0,VLOOKUP($A10,[6]HISTOMARS24!$A$6:$AV$49,32,0)) -> 0 | P10: =VLOOKUP($A10,[6]HISTOMARS24!$A$6:$AV$49,33,0) -> 0 | Q10: =IF(R10=0,0,($C$3-R10)) -> 0 | R10: =VLOOKUP($A10,[6]HISTOMARS24!$A$6:$AV$49,29,0) -> 0
A11: AS201608 | B11: =IF(D11=0,0,VLOOKUP($A11,[6]HISTOMARS24!$A$6:$BP$44,10,0)) -> 1 | C11: =VLOOKUP(A11,[7]LISTADHERENT!A$5:H$60,3,0) -> DJUOMBESSY ANTOINE | D11: =IF(G11="ECHEC",0,B$3) -> 25000 | E11: =D11+VLOOKUP($A11,[6]HISTOMARS24!$A$7:$AU$42,45,0)+F11 -> 55000 | F11: =VLOOKUP($A11,[6]HISTOMARS24!$A$6:$AV$48,7,0) -> 0 | G11: =VLOOKUP($A11,[6]HISTOMARS24!$A$6:$AV$49,8,0) -> BANQUE | H11: =VLOOKUP($A11,[6]HISTOMARS24!$A$6:$AV$49,35,0) -> 0 | I11: =VLOOKUP($A11,[6]HISTOMARS24!$A$6:$AV$49,38,0) -> 0 | J11: =IF(H11=0,0,VLOOKUP($A11,[6]HISTOMARS24!$A$6:$AV$49,42,0)) -> 0 | K11: =VLOOKUP($A11,[6]HISTOMARS24!$A$6:$AV$49,41,0) -> 0 | L11: =TONTFEV24!H11+TONTFEV24!I11 -> 0 | M11: =VLOOKUP($A11,[6]HISTOMARS24!$A$6:$AV$49,16,0) -> 0 | N11: =IF(M11<>0,VLOOKUP($A11,[6]HISTOMARS24!$A$6:$AV$49,8,0),"ECHEC") -> ECHEC | O11: =IF(R11=0,0,VLOOKUP($A11,[6]HISTOMARS24!$A$6:$AV$49,32,0)) -> 0 | P11: =VLOOKUP($A11,[6]HISTOMARS24!$A$6:$AV$49,33,0) -> 0 | Q11: =IF(R11=0,0,($C$3-R11)) -> 0 | R11: =VLOOKUP($A11,[6]HISTOMARS24!$A$6:$AV$49,29,0) -> 0
A12: AS201651 | B12: =IF(D12=0,0,VLOOKUP($A12,[6]HISTOMARS24!$A$6:$BP$44,10,0)) -> 1 | C12: =VLOOKUP(A12,[7]LISTADHERENT!A$5:H$60,3,0) -> DOMOU FABIEN | D12: =IF(G12="ECHEC",0,B$3) -> 25000 | E12: =D12+VLOOKUP($A12,[6]HISTOMARS24!$A$7:$AU$42,45,0)+F12 -> 50000 | F12: =VLOOKUP($A12,[6]HISTOMARS24!$A$6:$AV$48,7,0) -> 0 | G12: =VLOOKUP($A12,[6]HISTOMARS24!$A$6:$AV$49,8,0) -> BANQUE | H12: =VLOOKUP($A12,[6]HISTOMARS24!$A$6:$AV$49,35,0) -> 0 | I12: =VLOOKUP($A12,[6]HISTOMARS24!$A$6:$AV$49,38,0) -> 0 | J12: =IF(H12=0,0,VLOOKUP($A12,[6]HISTOMARS24!$A$6:$AV$49,42,0)) -> 0 | K12: =VLOOKUP($A12,[6]HISTOMARS24!$A$6:$AV$49,41,0) -> 0 | L12: =TONTFEV24!H12+TONTFEV24!I12 -> 0 | M12: =VLOOKUP($A12,[6]HISTOMARS24!$A$6:$AV$49,16,0) -> 0 | N12: =IF(M12<>0,VLOOKUP($A12,[6]HISTOMARS24!$A$6:$AV$49,8,0),"ECHEC") -> ECHEC | O12: =IF(R12=0,0,VLOOKUP($A12,[6]HISTOMARS24!$A$6:$AV$49,32,0)) -> 0 | P12: =VLOOKUP($A12,[6]HISTOMARS24!$A$6:$AV$49,33,0) -> 0 | Q12: =IF(R12=0,0,($C$3-R12)) -> 0 | R12: =VLOOKUP($A12,[6]HISTOMARS24!$A$6:$AV$49,29,0) -> 0
A13: AS201609 | B13: =IF(D13=0,0,VLOOKUP($A13,[6]HISTOMARS24!$A$6:$BP$44,10,0)) -> 1 | C13: =VLOOKUP(A13,[7]LISTADHERENT!A$5:H$60,3,0) -> DONHOU DAVID | D13: =IF(G13="ECHEC",0,B$3) -> 25000 | E13: =D13+VLOOKUP($A13,[6]HISTOMARS24!$A$7:$AU$42,45,0)+F13 -> 50000 | F13: =VLOOKUP($A13,[6]HISTOMARS24!$A$6:$AV$48,7,0) -> 0 | G13: =VLOOKUP($A13,[6]HISTOMARS24!$A$6:$AV$49,8,0) -> BANQUE | H13: =VLOOKUP($A13,[6]HISTOMARS24!$A$6:$AV$49,35,0) -> 0 | I13: =VLOOKUP($A13,[6]HISTOMARS24!$A$6:$AV$49,38,0) -> 0 | J13: =IF(H13=0,0,VLOOKUP($A13,[6]HISTOMARS24!$A$6:$AV$49,42,0)) -> 0 | K13: =VLOOKUP($A13,[6]HISTOMARS24!$A$6:$AV$49,41,0) -> 0 | L13: =TONTFEV24!H13+TONTFEV24!I13 -> 0 | M13: =VLOOKUP($A13,[6]HISTOMARS24!$A$6:$AV$49,16,0) -> 0 | N13: =IF(M13<>0,VLOOKUP($A13,[6]HISTOMARS24!$A$6:$AV$49,8,0),"ECHEC") -> ECHEC | O13: =IF(R13=0,0,VLOOKUP($A13,[6]HISTOMARS24!$A$6:$AV$49,32,0)) -> 0 | P13: =VLOOKUP($A13,[6]HISTOMARS24!$A$6:$AV$49,33,0) -> 0 | Q13: =IF(R13=0,0,($C$3-R13)) -> 0 | R13: =VLOOKUP($A13,[6]HISTOMARS24!$A$6:$AV$49,29,0) -> 0
A14: AS201611 | B14: =IF(D14=0,0,VLOOKUP($A14,[6]HISTOMARS24!$A$6:$BP$44,10,0)) -> 1 | C14: =VLOOKUP(A14,[7]LISTADHERENT!A$5:H$60,3,0) -> HENGUE PAUL OMER | D14: =IF(G14="ECHEC",0,B$3) -> 25000 | E14: =D14+VLOOKUP($A14,[6]HISTOMARS24!$A$7:$AU$42,45,0)+F14 -> 50000 | F14: =VLOOKUP($A14,[6]HISTOMARS24!$A$6:$AV$48,7,0) -> 0 | G14: =VLOOKUP($A14,[6]HISTOMARS24!$A$6:$AV$49,8,0) -> BANQUE | H14: =VLOOKUP($A14,[6]HISTOMARS24!$A$6:$AV$49,35,0) -> 0 | I14: =VLOOKUP($A14,[6]HISTOMARS24!$A$6:$AV$49,38,0) -> 0 | J14: =IF(H14=0,0,VLOOKUP($A14,[6]HISTOMARS24!$A$6:$AV$49,42,0)) -> 0 | K14: =VLOOKUP($A14,[6]HISTOMARS24!$A$6:$AV$49,41,0) -> 0 | L14: =TONTFEV24!H14+TONTFEV24!I14 -> 0 | M14: =VLOOKUP($A14,[6]HISTOMARS24!$A$6:$AV$49,16,0) -> 0 | N14: =IF(M14<>0,VLOOKUP($A14,[6]HISTOMARS24!$A$6:$AV$49,8,0),"ECHEC") -> ECHEC | O14: =IF(R14=0,0,VLOOKUP($A14,[6]HISTOMARS24!$A$6:$AV$49,32,0)) -> 0 | P14: =VLOOKUP($A14,[6]HISTOMARS24!$A$6:$AV$49,33,0) -> 0 | Q14: =IF(R14=0,0,($C$3-R14)) -> 0 | R14: =VLOOKUP($A14,[6]HISTOMARS24!$A$6:$AV$49,29,0) -> 0
A15: AS201613 | B15: =IF(D15=0,0,VLOOKUP($A15,[6]HISTOMARS24!$A$6:$BP$44,10,0)) -> 1 | C15: =VLOOKUP(A15,[7]LISTADHERENT!A$5:H$60,3,0) -> HOTCHO BENJAMIN | D15: =IF(G15="ECHEC",0,B$3) -> 25000 | E15: =D15+VLOOKUP($A15,[6]HISTOMARS24!$A$7:$AU$42,45,0)+F15 -> 85000 | F15: =VLOOKUP($A15,[6]HISTOMARS24!$A$6:$AV$48,7,0) -> 0 | G15: =VLOOKUP($A15,[6]HISTOMARS24!$A$6:$AV$49,8,0) -> BANQUE | H15: =VLOOKUP($A15,[6]HISTOMARS24!$A$6:$AV$49,35,0) -> 0 | I15: =VLOOKUP($A15,[6]HISTOMARS24!$A$6:$AV$49,38,0) -> 0 | J15: =IF(H15=0,0,VLOOKUP($A15,[6]HISTOMARS24!$A$6:$AV$49,42,0)) -> 0 | K15: =VLOOKUP($A15,[6]HISTOMARS24!$A$6:$AV$49,41,0) -> 0 | L15: =TONTFEV24!H15+TONTFEV24!I15 -> 0 | M15: =VLOOKUP($A15,[6]HISTOMARS24!$A$6:$AV$49,16,0) -> 0 | N15: =IF(M15<>0,VLOOKUP($A15,[6]HISTOMARS24!$A$6:$AV$49,8,0),"ECHEC") -> ECHEC | O15: =IF(R15=0,0,VLOOKUP($A15,[6]HISTOMARS24!$A$6:$AV$49,32,0)) -> 0 | P15: =VLOOKUP($A15,[6]HISTOMARS24!$A$6:$AV$49,33,0) -> 0 | Q15: =IF(R15=0,0,($C$3-R15)) -> 0 | R15: =VLOOKUP($A15,[6]HISTOMARS24!$A$6:$AV$49,29,0) -> 0
A16: AS201617 | B16: =IF(D16=0,0,VLOOKUP($A16,[6]HISTOMARS24!$A$6:$BP$44,10,0)) -> 1 | C16: =VLOOKUP(A16,[7]LISTADHERENT!A$5:H$60,3,0) -> KOUAMOU MOISE | D16: =IF(G16="ECHEC",0,B$3) -> 25000 | E16: =D16+VLOOKUP($A16,[6]HISTOMARS24!$A$7:$AU$42,45,0)+F16 -> 50000 | F16: =VLOOKUP($A16,[6]HISTOMARS24!$A$6:$AV$48,7,0) -> 0 | G16: =VLOOKUP($A16,[6]HISTOMARS24!$A$6:$AV$49,8,0) -> BANQUE | H16: =VLOOKUP($A16,[6]HISTOMARS24!$A$6:$AV$49,35,0) -> 0 | I16: =VLOOKUP($A16,[6]HISTOMARS24!$A$6:$AV$49,38,0) -> 0 | J16: =IF(H16=0,0,VLOOKUP($A16,[6]HISTOMARS24!$A$6:$AV$49,42,0)) -> 0 | K16: =VLOOKUP($A16,[6]HISTOMARS24!$A$6:$AV$49,41,0) -> 0 | L16: =TONTFEV24!H16+TONTFEV24!I16 -> 0 | M16: =VLOOKUP($A16,[6]HISTOMARS24!$A$6:$AV$49,16,0) -> 0 | N16: =IF(M16<>0,VLOOKUP($A16,[6]HISTOMARS24!$A$6:$AV$49,8,0),"ECHEC") -> ECHEC | O16: =IF(R16=0,0,VLOOKUP($A16,[6]HISTOMARS24!$A$6:$AV$49,32,0)) -> 0 | P16: =VLOOKUP($A16,[6]HISTOMARS24!$A$6:$AV$49,33,0) -> 0 | Q16: =IF(R16=0,0,($C$3-R16)) -> 0 | R16: =VLOOKUP($A16,[6]HISTOMARS24!$A$6:$AV$49,29,0) -> 0
A17: AS201619 | B17: =IF(D17=0,0,VLOOKUP($A17,[6]HISTOMARS24!$A$6:$BP$44,10,0)) -> 1 | C17: =VLOOKUP(A17,[7]LISTADHERENT!A$5:H$60,3,0) -> KOUATCHO MESSACK | D17: =IF(G17="ECHEC",0,B$3) -> 25000 | E17: =D17+VLOOKUP($A17,[6]HISTOMARS24!$A$7:$AU$42,45,0)+F17 -> 60000 | F17: =VLOOKUP($A17,[6]HISTOMARS24!$A$6:$AV$48,7,0) -> 0 | G17: =VLOOKUP($A17,[6]HISTOMARS24!$A$6:$AV$49,8,0) -> BANQUE | H17: =VLOOKUP($A17,[6]HISTOMARS24!$A$6:$AV$49,35,0) -> 0 | I17: =VLOOKUP($A17,[6]HISTOMARS24!$A$6:$AV$49,38,0) -> 0 | J17: =IF(H17=0,0,VLOOKUP($A17,[6]HISTOMARS24!$A$6:$AV$49,42,0)) -> 0 | K17: =VLOOKUP($A17,[6]HISTOMARS24!$A$6:$AV$49,41,0) -> 0 | L17: =TONTFEV24!H17+TONTFEV24!I17 -> 0 | M17: =VLOOKUP($A17,[6]HISTOMARS24!$A$6:$AV$49,16,0) -> 0 | N17: =IF(M17<>0,VLOOKUP($A17,[6]HISTOMARS24!$A$6:$AV$49,8,0),"ECHEC") -> ECHEC | O17: =IF(R17=0,0,VLOOKUP($A17,[6]HISTOMARS24!$A$6:$AV$49,32,0)) -> 0 | P17: =VLOOKUP($A17,[6]HISTOMARS24!$A$6:$AV$49,33,0) -> 0 | Q17: =IF(R17=0,0,($C$3-R17)) -> 0 | R17: =VLOOKUP($A17,[6]HISTOMARS24!$A$6:$AV$49,29,0) -> 0
... A37: AS201647 | B37: =IF(D37=0,0,VLOOKUP($A37,[6]HISTOMARS24!$A$6:$BP$44,10,0)) -> 1 | C37: =VLOOKUP(A37,[7]LISTADHERENT!A$5:H$60,3,0) -> YOUMBI EMMANUEL | D37: =IF(G37="ECHEC",0,B$3) -> 25000 | E37: =D37+VLOOKUP($A37,[6]HISTOMARS24!$A$7:$AU$42,45,0)+F37 -> 50000 | F37: =VLOOKUP($A37,[6]HISTOMARS24!$A$6:$AV$48,7,0) -> 0 | G37: =VLOOKUP($A37,[6]HISTOMARS24!$A$6:$AV$49,8,0) -> BANQUE | H37: =VLOOKUP($A37,[6]HISTOMARS24!$A$6:$AV$49,35,0) -> 0 | I37: =VLOOKUP($A37,[6]HISTOMARS24!$A$6:$AV$49,38,0) -> 0 | J37: =IF(H37=0,0,VLOOKUP($A37,[6]HISTOMARS24!$A$6:$AV$49,42,0)) -> 0 | K37: =VLOOKUP($A37,[6]HISTOMARS24!$A$6:$AV$49,41,0) -> 0 | L37: =TONTFEV24!H37+TONTFEV24!I37 -> 0 | M37: =VLOOKUP($A37,[6]HISTOMARS24!$A$6:$AV$49,16,0) -> 0 | N37: =IF(M37<>0,VLOOKUP($A37,[6]HISTOMARS24!$A$6:$AV$49,8,0),"ECHEC") -> ECHEC | O37: =IF(R37=0,0,VLOOKUP($A37,[6]HISTOMARS24!$A$6:$AV$49,32,0)) -> 0 | P37: =VLOOKUP($A37,[6]HISTOMARS24!$A$6:$AV$49,33,0) -> 0 | Q37: =IF(R37=0,0,($C$3-R37)) -> 0 | R37: =VLOOKUP($A37,[6]HISTOMARS24!$A$6:$AV$49,29,0) -> 0
A39: TOTAL PART | B39: =SUM(B6:B38) -> 32
A40: NBRE ADHERENT | B40: =COUNT(D6:D38) -> 32 | D40: =SUM(D6:D39) -> 800000 | F40: =SUM(F6:F39) -> 6000 | G40: =SUM(G6:G39) -> 0 | H40: =SUM(H6:H39) -> 119000 | I40: =SUM(I6:I39) -> 4500 | J40: =SUM(J6:J39) -> 0 | K40: =SUM(K6:K39) -> 0 | L40: =SUM(L6:L39) -> 174000 | M40: =SUM(M6:M39) -> 174000 | ... R40: =SUM(R6:R39) -> 45000
N41: NBRE PART | O41: PART VENDUE
D42: MONTANT TONTINE | G42: REMBOURSEMENT PETIT LOT | H42: VENTE PETIT LOT | I42: VENTE LOT PRINCIPAL | J42: SOLDE EN CAISSE | L42: TONTINE + REMB + INTERET VENTE | M42: =D46+G46+R40+TONTFEV24!O47 -> 1019000
D43: =SUMIFS(D6:D39,G6:G39,"ESPECES") -> 25000 | F43: ESPECES | G43: =SUMIFS(M6:M33,N6:N33,"ESPECES") -> 0 | H43: =SUMIFS(H6:H39,J6:J39,"ESPECES") -> 0 | I43: =SUMIFS(Q6:Q39,O6:O39,"ESPECES") -> 0 | J43: =D43+G43-H43-I43 -> 25000 | L43: LOT PRINCIPAL | M43: =C3*COUNTIF(Q7:Q39,">0")+300000 -> 900000 | N43: =D3 -> 3 | O43: =COUNTIF(Q6:Q33,">0") -> 3
D44: =SUMIFS(D6:D39,G6:G39,"BANQUE") -> 775000 | F44: BANQUE | G44: =SUMIFS(M6:M33,N6:N33,"BANQUE") -> 174000 | H44: =SUMIFS(H6:H39,J6:J39,"BANQUE") -> 79000 | I44: =SUMIFS(Q6:Q39,O6:O39,"BANQUE") -> 855000 | J44: =D44+G44-H44-I44 -> 15000
L45: PETIT LOT | M45: =M42-M43 -> 119000
D46: =D43+D44 -> 800000 | F46: TOTAL | G46: =G43+G44 -> 174000 | H46: =H43+H44 -> 79000 | I46: =I43+I44 -> 855000 | J46: =J43+J44 -> 40000
F47: TOTAL+DEPOT | L47: RELIQUAT | M47: =M45-H40 -> 0 | O47: =TONTMARS24!M47 -> 0 | P47: CUMUL
L49: ECHEC TONTINE MOIS | M49: =COUNTIFS(G7:G38,"ECHEC")*23000 -> 0 | O49: =TONTMARS24!M49 -> 0 | P49: CUMUL
L50: ECHEC REMBOURSEMENT MOIS | M50: =L40-G46 -> 0 | O50: =TONTMARS24!M50 -> 0 | P50: CUMUL

Sheet TONTAVRIL24
A1: ASSOCIATION | B1: ASELBY
A2: ANNEE | B2: 2024 | C2: TONIINE | D2: NBRE PART
A3: TAUX TONTINE | B3: 25000 | C3: =B3*12 -> 300000 | D3: =ROUNDDOWN(M42/C3,0) -> 3
C4: 45395
A5: MATRICULE | B5: NBREPART | C5: NOM ET PRENOM | D5: MONTANT TONTINE | E5: MONTANT VERSE | F5: PENALITE VERSEMENT ESPECES | G5: MODE VERSEMENT | H5: VENTE PETIT LOT | I5: INTERET PETIT LOT | J5: MODE VERSEMENT VENTE PETIT LOT | K5: NUMERO CHEQUE | L5: MONTANT A REMBOURSER PETIT LOT | M5: REMBOURSEMENT PETIT LOT | N5: MODE VERSEMENT REMBOURSEMENT | O5: MODE VERSEMENTLOT PRINCIPAL | P5: NUMERO CHEQUE | Q5: MONTANT LOT PRINCIPAL | R5: INTERET LOT PRINCIPAL
A6: AS201601 | B6: =IF(D6=0,0,VLOOKUP($A6,[6]HISTOAVRIL24!$A$6:$BP$44,10,0)) -> 1 | C6: =VLOOKUP(A6,[7]LISTADHERENT!A$5:H$60,3,0) -> BAKOP ACHILLE | D6: =IF(G6="ECHEC",0,B$3) -> 25000 | E6: =D6+VLOOKUP($A6,[6]HISTOAVRIL24!$A$7:$AU$42,45,0)+F6 -> 50000 | F6: =VLOOKUP($A6,[6]HISTOAVRIL24!$A$6:$AV$48,7,0) -> 3000 | G6: =VLOOKUP($A6,[6]HISTOAVRIL24!$A$6:$AV$49,8,0) -> ESPECES | H6: =VLOOKUP($A6,[6]HISTOAVRIL24!$A$6:$AV$49,35,0) -> 0 | I6: =VLOOKUP($A6,[6]HISTOAVRIL24!$A$6:$AV$49,38,0) -> 0 | J6: =IF(H6=0,0,VLOOKUP($A6,[6]HISTOAVRIL24!$A$6:$AV$49,42,0)) -> 0 | K6: =VLOOKUP($A6,[6]HISTOAVRIL24!$A$6:$AV$49,41,0) -> 0 | L6: =TONTMARS24!H6+TONTMARS24!I6 -> 0 | M6: =VLOOKUP($A6,[6]HISTOAVRIL24!$A$6:$AV$49,16,0) -> 0 | N6: =IF(M6<>0,VLOOKUP($A6,[6]HISTOAVRIL24!$A$6:$AV$49,8,0),"ECHEC") -> ECHEC | O6: =IF(R6=0,0,VLOOKUP($A6,[6]HISTOAVRIL24!$A$6:$AV$49,32,0)) -> 0 | P6: =VLOOKUP($A6,[6]HISTOAVRIL24!$A$6:$AV$49,33,0) -> 0 | Q6: =IF(R6=0,0,($C$3-R6)) -> 0 | R6: =VLOOKUP($A6,[6]HISTOAVRIL24!$A$6:$AV$49,29,0) -> 0
A7: AS201602 | B7: =IF(D7=0,0,VLOOKUP($A7,[6]HISTOAVRIL24!$A$6:$BP$44,10,0)) -> 1 | C7: =VLOOKUP(A7,[7]LISTADHERENT!A$5:H$60,3,0) -> BOUTCHOUANG WILLIAM | D7: =IF(G7="ECHEC",0,B$3) -> 25000 | E7: =D7+VLOOKUP($A7,[6]HISTOAVRIL24!$A$7:$AU$42,45,0)+F7 -> 50000 | F7: =VLOOKUP($A7,[6]HISTOAVRIL24!$A$6:$AV$48,7,0) -> 0 | G7: =VLOOKUP($A7,[6]HISTOAVRIL24!$A$6:$AV$49,8,0) -> BANQUE | H7: =VLOOKUP($A7,[6]HISTOAVRIL24!$A$6:$AV$49,35,0) -> 0 | I7: =VLOOKUP($A7,[6]HISTOAVRIL24!$A$6:$AV$49,38,0) -> 0 | J7: =IF(H7=0,0,VLOOKUP($A7,[6]HISTOAVRIL24!$A$6:$AV$49,42,0)) -> 0 | K7: =VLOOKUP($A7,[6]HISTOAVRIL24!$A$6:$AV$49,41,0) -> 0 | L7: =TONTMARS24!H7+TONTMARS24!I7 -> 0 | M7: =VLOOKUP($A7,[6]HISTOAVRIL24!$A$6:$AV$49,16,0) -> 0 | N7: =IF(M7<>0,VLOOKUP($A7,[6]HISTOAVRIL24!$A$6:$AV$49,8,0),"ECHEC") -> ECHEC | O7: =IF(R7=0,0,VLOOKUP($A7,[6]HISTOAVRIL24!$A$6:$AV$49,32,0)) -> 0 | P7: =VLOOKUP($A7,[6]HISTOAVRIL24!$A$6:$AV$49,33,0) -> 0 | Q7: =IF(R7=0,0,($C$3-R7)) -> 0 | R7: =VLOOKUP($A7,[6]HISTOAVRIL24!$A$6:$AV$49,29,0) -> 0
A8: AS201604 | B8: =IF(D8=0,0,VLOOKUP($A8,[6]HISTOAVRIL24!$A$6:$BP$44,10,0)) -> 1 | C8: =VLOOKUP(A8,[7]LISTADHERENT!A$5:H$60,3,0) -> DJOMO JEAN PAUL | D8: =IF(G8="ECHEC",0,B$3) -> 25000 | E8: =D8+VLOOKUP($A8,[6]HISTOAVRIL24!$A$7:$AU$42,45,0)+F8 -> 47500 | F8: =VLOOKUP($A8,[6]HISTOAVRIL24!$A$6:$AV$48,7,0) -> 0 | G8: =VLOOKUP($A8,[6]HISTOAVRIL24!$A$6:$AV$49,8,0) -> BANQUE | H8: =VLOOKUP($A8,[6]HISTOAVRIL24!$A$6:$AV$49,35,0) -> 0 | I8: =VLOOKUP($A8,[6]HISTOAVRIL24!$A$6:$AV$49,38,0) -> 0 | J8: =IF(H8=0,0,VLOOKUP($A8,[6]HISTOAVRIL24!$A$6:$AV$49,42,0)) -> 0 | K8: =VLOOKUP($A8,[6]HISTOAVRIL24!$A$6:$AV$49,41,0) -> 0 | L8: =TONTMARS24!H8+TONTMARS24!I8 -> 0 | M8: =VLOOKUP($A8,[6]HISTOAVRIL24!$A$6:$AV$49,16,0) -> 0 | N8: =IF(M8<>0,VLOOKUP($A8,[6]HISTOAVRIL24!$A$6:$AV$49,8,0),"ECHEC") -> ECHEC | O8: =IF(R8=0,0,VLOOKUP($A8,[6]HISTOAVRIL24!$A$6:$AV$49,32,0)) -> 0 | P8: =VLOOKUP($A8,[6]HISTOAVRIL24!$A$6:$AV$49,33,0) -> 0 | Q8: =IF(R8=0,0,($C$3-R8)) -> 0 | R8: =VLOOKUP($A8,[6]HISTOAVRIL24!$A$6:$AV$49,29,0) -> 0
A9: AS201654 | B9: =IF(D9=0,0,VLOOKUP($A9,[6]HISTOAVRIL24!$A$6:$BP$44,10,0)) -> 1 | C9: =VLOOKUP(A9,[7]LISTADHERENT!A$5:H$60,3,0) -> DJOMOU TCHAPDA | D9: =IF(G9="ECHEC",0,B$3) -> 25000 | E9: =D9+VLOOKUP($A9,[6]HISTOAVRIL24!$A$7:$AU$42,45,0)+F9 -> 50000 | F9: =VLOOKUP($A9,[6]HISTOAVRIL24!$A$6:$AV$48,7,0) -> 0 | G9: =VLOOKUP($A9,[6]HISTOAVRIL24!$A$6:$AV$49,8,0) -> BANQUE | H9: =VLOOKUP($A9,[6]HISTOAVRIL24!$A$6:$AV$49,35,0) -> 0 | I9: =VLOOKUP($A9,[6]HISTOAVRIL24!$A$6:$AV$49,38,0) -> 0 | J9: =IF(H9=0,0,VLOOKUP($A9,[6]HISTOAVRIL24!$A$6:$AV$49,42,0)) -> 0 | K9: =VLOOKUP($A9,[6]HISTOAVRIL24!$A$6:$AV$49,41,0) -> 0 | L9: =TONTMARS24!H9+TONTMARS24!I9 -> 40000 | M9: =VLOOKUP($A9,[6]HISTOAVRIL24!$A$6:$AV$49,16,0) -> 40000 | N9: =IF(M9<>0,VLOOKUP($A9,[6]HISTOAVRIL24!$A$6:$AV$49,8,0),"ECHEC") -> BANQUE | O9: =IF(R9=0,0,VLOOKUP($A9,[6]HISTOAVRIL24!$A$6:$AV$49,32,0)) -> 0 | P9: =VLOOKUP($A9,[6]HISTOAVRIL24!$A$6:$AV$49,33,0) -> 0 | Q9: =IF(R9=0,0,($C$3-R9)) -> 0 | R9: =VLOOKUP($A9,[6]HISTOAVRIL24!$A$6:$AV$49,29,0) -> 0
A10: AS201605 | B10: =IF(D10=0,0,VLOOKUP($A10,[6]HISTOAVRIL24!$A$6:$BP$44,10,0)) -> 1 | C10: =VLOOKUP(A10,[7]LISTADHERENT!A$5:H$60,3,0) -> DJOUKWE NANGUEN GUY BLAISE | D10: =IF(G10="ECHEC",0,B$3) -> 25000 | E10: =D10+VLOOKUP($A10,[6]HISTOAVRIL24!$A$7:$AU$42,45,0)+F10 -> 60000 | F10: =VLOOKUP($A10,[6]HISTOAVRIL24!$A$6:$AV$48,7,0) -> 0 | G10: =VLOOKUP($A10,[6]HISTOAVRIL24!$A$6:$AV$49,8,0) -> BANQUE | H10: =VLOOKUP($A10,[6]HISTOAVRIL24!$A$6:$AV$49,35,0) -> 41000 | I10: =VLOOKUP($A10,[6]HISTOAVRIL24!$A$6:$AV$49,38,0) -> 2000 | J10: =IF(H10=0,0,VLOOKUP($A10,[6]HISTOAVRIL24!$A$6:$AV$49,42,0)) -> BANQUE | K10: =VLOOKUP($A10,[6]HISTOAVRIL24!$A$6:$AV$49,41,0) -> 0 | L10: =TONTMARS24!H10+TONTMARS24!I10 -> 41000 | M10: =VLOOKUP($A10,[6]HISTOAVRIL24!$A$6:$AV$49,16,0) -> 41000 | N10: =IF(M10<>0,VLOOKUP($A10,[6]HISTOAVRIL24!$A$6:$AV$49,8,0),"ECHEC") -> BANQUE | O10: =IF(R10=0,0,VLOOKUP($A10,[6]HISTOAVRIL24!$A$6:$AV$49,32,0)) -> 0 | P10: =VLOOKUP($A10,[6]HISTOAVRIL24!$A$6:$AV$49,33,0) -> 0 | Q10: =IF(R10=0,0,($C$3-R10)) -> 0 | R10: =VLOOKUP($A10,[6]HISTOAVRIL24!$A$6:$AV$49,29,0) -> 0
A11: AS201608 | B11: =IF(D11=0,0,VLOOKUP($A11,[6]HISTOAVRIL24!$A$6:$BP$44,10,0)) -> 1 | C11: =VLOOKUP(A11,[7]LISTADHERENT!A$5:H$60,3,0) -> DJUOMBESSY ANTOINE | D11: =IF(G11="ECHEC",0,B$3) -> 25000 | E11: =D11+VLOOKUP($A11,[6]HISTOAVRIL24!$A$7:$AU$42,45,0)+F11 -> 55000 | F11: =VLOOKUP($A11,[6]HISTOAVRIL24!$A$6:$AV$48,7,0) -> 0 | G11: =VLOOKUP($A11,[6]HISTOAVRIL24!$A$6:$AV$49,8,0) -> BANQUE | H11: =VLOOKUP($A11,[6]HISTOAVRIL24!$A$6:$AV$49,35,0) -> 0 | I11: =VLOOKUP($A11,[6]HISTOAVRIL24!$A$6:$AV$49,38,0) -> 0 | J11: =IF(H11=0,0,VLOOKUP($A11,[6]HISTOAVRIL24!$A$6:$AV$49,42,0)) -> 0 | K11: =VLOOKUP($A11,[6]HISTOAVRIL24!$A$6:$AV$49,41,0) -> 0 | L11: =TONTMARS24!H11+TONTMARS24!I11 -> 0 | M11: =VLOOKUP($A11,[6]HISTOAVRIL24!$A$6:$AV$49,16,0) -> 0 | N11: =IF(M11<>0,VLOOKUP($A11,[6]HISTOAVRIL24!$A$6:$AV$49,8,0),"ECHEC") -> ECHEC | O11: =IF(R11=0,0,VLOOKUP($A11,[6]HISTOAVRIL24!$A$6:$AV$49,32,0)) -> 0 | P11: =VLOOKUP($A11,[6]HISTOAVRIL24!$A$6:$AV$49,33,0) -> 0 | Q11: =IF(R11=0,0,($C$3-R11)) -> 0 | R11: =VLOOKUP($A11,[6]HISTOAVRIL24!$A$6:$AV$49,29,0) -> 0
A12: AS201651 | B12: =IF(D12=0,0,VLOOKUP($A12,[6]HISTOAVRIL24!$A$6:$BP$44,10,0)) -> 1 | C12: =VLOOKUP(A12,[7]LISTADHERENT!A$5:H$60,3,0) -> DOMOU FABIEN | D12: =IF(G12="ECHEC",0,B$3) -> 25000 | E12: =D12+VLOOKUP($A12,[6]HISTOAVRIL24!$A$7:$AU$42,45,0)+F12 -> 50000 | F12: =VLOOKUP($A12,[6]HISTOAVRIL24!$A$6:$AV$48,7,0) -> 0 | G12: =VLOOKUP($A12,[6]HISTOAVRIL24!$A$6:$AV$49,8,0) -> BANQUE | H12: =VLOOKUP($A12,[6]HISTOAVRIL24!$A$6:$AV$49,35,0) -> 0 | I12: =VLOOKUP($A12,[6]HISTOAVRIL24!$A$6:$AV$49,38,0) -> 0 | J12: =IF(H12=0,0,VLOOKUP($A12,[6]HISTOAVRIL24!$A$6:$AV$49,42,0)) -> 0 | K12: =VLOOKUP($A12,[6]HISTOAVRIL24!$A$6:$AV$49,41,0) -> 0 | L12: =TONTMARS24!H12+TONTMARS24!I12 -> 0 | M12: =VLOOKUP($A12,[6]HISTOAVRIL24!$A$6:$AV$49,16,0) -> 0 | N12: =IF(M12<>0,VLOOKUP($A12,[6]HISTOAVRIL24!$A$6:$AV$49,8,0),"ECHEC") -> ECHEC | O12: =IF(R12=0,0,VLOOKUP($A12,[6]HISTOAVRIL24!$A$6:$AV$49,32,0)) -> 0 | P12: =VLOOKUP($A12,[6]HISTOAVRIL24!$A$6:$AV$49,33,0) -> 0 | Q12: =IF(R12=0,0,($C$3-R12)) -> 0 | R12: =VLOOKUP($A12,[6]HISTOAVRIL24!$A$6:$AV$49,29,0) -> 0
A13: AS201609 | B13: =IF(D13=0,0,VLOOKUP($A13,[6]HISTOAVRIL24!$A$6:$BP$44,10,0)) -> 1 | C13: =VLOOKUP(A13,[7]LISTADHERENT!A$5:H$60,3,0) -> DONHOU DAVID | D13: =IF(G13="ECHEC",0,B$3) -> 25000 | E13: =D13+VLOOKUP($A13,[6]HISTOAVRIL24!$A$7:$AU$42,45,0)+F13 -> 50000 | F13: =VLOOKUP($A13,[6]HISTOAVRIL24!$A$6:$AV$48,7,0) -> 0 | G13: =VLOOKUP($A13,[6]HISTOAVRIL24!$A$6:$AV$49,8,0) -> BANQUE | H13: =VLOOKUP($A13,[6]HISTOAVRIL24!$A$6:$AV$49,35,0) -> 0 | I13: =VLOOKUP($A13,[6]HISTOAVRIL24!$A$6:$AV$49,38,0) -> 0 | J13: =IF(H13=0,0,VLOOKUP($A13,[6]HISTOAVRIL24!$A$6:$AV$49,42,0)) -> 0 | K13: =VLOOKUP($A13,[6]HISTOAVRIL24!$A$6:$AV$49,41,0) -> 0 | L13: =TONTMARS24!H13+TONTMARS24!I13 -> 0 | M13: =VLOOKUP($A13,[6]HISTOAVRIL24!$A$6:$AV$49,16,0) -> 0 | N13: =IF(M13<>0,VLOOKUP($A13,[6]HISTOAVRIL24!$A$6:$AV$49,8,0),"ECHEC") -> ECHEC | O13: =IF(R13=0,0,VLOOKUP($A13,[6]HISTOAVRIL24!$A$6:$AV$49,32,0)) -> 0 | P13: =VLOOKUP($A13,[6]HISTOAVRIL24!$A$6:$AV$49,33,0) -> 0 | Q13: =IF(R13=0,0,($C$3-R13)) -> 0 | R13: =VLOOKUP($A13,[6]HISTOAVRIL24!$A$6:$AV$49,29,0) -> 0
A14: AS201611 | B14: =IF(D14=0,0,VLOOKUP($A14,[6]HISTOAVRIL24!$A$6:$BP$44,10,0)) -> 1 | C14: =VLOOKUP(A14,[7]LISTADHERENT!A$5:H$60,3,0) -> HENGUE PAUL OMER | D14: =IF(G14="ECHEC",0,B$3) -> 25000 | E14: =D14+VLOOKUP($A14,[6]HISTOAVRIL24!$A$7:$AU$42,45,0)+F14 -> 50000 | F14: =VLOOKUP($A14,[6]HISTOAVRIL24!$A$6:$AV$48,7,0) -> 0 | G14: =VLOOKUP($A14,[6]HISTOAVRIL24!$A$6:$AV$49,8,0) -> BANQUE | H14: =VLOOKUP($A14,[6]HISTOAVRIL24!$A$6:$AV$49,35,0) -> 0 | I14: =VLOOKUP($A14,[6]HISTOAVRIL24!$A$6:$AV$49,38,0) -> 0 | J14: =IF(H14=0,0,VLOOKUP($A14,[6]HISTOAVRIL24!$A$6:$AV$49,42,0)) -> 0 | K14: =VLOOKUP($A14,[6]HISTOAVRIL24!$A$6:$AV$49,41,0) -> 0 | L14: =TONTMARS24!H14+TONTMARS24!I14 -> 0 | M14: =VLOOKUP($A14,[6]HISTOAVRIL24!$A$6:$AV$49,16,0) -> 0 | N14: =IF(M14<>0,VLOOKUP($A14,[6]HISTOAVRIL24!$A$6:$AV$49,8,0),"ECHEC") -> ECHEC | O14: =IF(R14=0,0,VLOOKUP($A14,[6]HISTOAVRIL24!$A$6:$AV$49,32,0)) -> BANQUE | P14: =VLOOKUP($A14,[6]HISTOAVRIL24!$A$6:$AV$49,33,0) -> 0 | Q14: =IF(R14=0,0,($C$3-R14)) -> 290000 | R14: =VLOOKUP($A14,[6]HISTOAVRIL24!$A$6:$AV$49,29,0) -> 10000
A15: AS201613 | B15: =IF(D15=0,0,VLOOKUP($A15,[6]HISTOAVRIL24!$A$6:$BP$44,10,0)) -> 1 | C15: =VLOOKUP(A15,[7]LISTADHERENT!A$5:H$60,3,0) -> HOTCHO BENJAMIN | D15: =IF(G15="ECHEC",0,B$3) -> 25000 | E15: =D15+VLOOKUP($A15,[6]HISTOAVRIL24!$A$7:$AU$42,45,0)+F15 -> 85000 | F15: =VLOOKUP($A15,[6]HISTOAVRIL24!$A$6:$AV$48,7,0) -> 0 | G15: =VLOOKUP($A15,[6]HISTOAVRIL24!$A$6:$AV$49,8,0) -> BANQUE | H15: =VLOOKUP($A15,[6]HISTOAVRIL24!$A$6:$AV$49,35,0) -> 0 | I15: =VLOOKUP($A15,[6]HISTOAVRIL24!$A$6:$AV$49,38,0) -> 0 | J15: =IF(H15=0,0,VLOOKUP($A15,[6]HISTOAVRIL24!$A$6:$AV$49,42,0)) -> 0 | K15: =VLOOKUP($A15,[6]HISTOAVRIL24!$A$6:$AV$49,41,0) -> 0 | L15: =TONTMARS24!H15+TONTMARS24!I15 -> 0 | M15: =VLOOKUP($A15,[6]HISTOAVRIL24!$A$6:$AV$49,16,0) -> 0 | N15: =IF(M15<>0,VLOOKUP($A15,[6]HISTOAVRIL24!$A$6:$AV$49,8,0),"ECHEC") -> ECHEC | O15: =IF(R15=0,0,VLOOKUP($A15,[6]HISTOAVRIL24!$A$6:$AV$49,32,0)) -> 0 | P15: =VLOOKUP($A15,[6]HISTOAVRIL24!$A$6:$AV$49,33,0) -> 0 | Q15: =IF(R15=0,0,($C$3-R15)) -> 0 | R15: =VLOOKUP($A15,[6]HISTOAVRIL24!$A$6:$AV$49,29,0) -> 0
A16: AS201617 | B16: =IF(D16=0,0,VLOOKUP($A16,[6]HISTOAVRIL24!$A$6:$BP$44,10,0)) -> 1 | C16: =VLOOKUP(A16,[7]LISTADHERENT!A$5:H$60,3,0) -> KOUAMOU MOISE | D16: =IF(G16="ECHEC",0,B$3) -> 25000 | E16: =D16+VLOOKUP($A16,[6]HISTOAVRIL24!$A$7:$AU$42,45,0)+F16 -> 50000 | F16: =VLOOKUP($A16,[6]HISTOAVRIL24!$A$6:$AV$48,7,0) -> 0 | G16: =VLOOKUP($A16,[6]HISTOAVRIL24!$A$6:$AV$49,8,0) -> BANQUE | H16: =VLOOKUP($A16,[6]HISTOAVRIL24!$A$6:$AV$49,35,0) -> 0 | I16: =VLOOKUP($A16,[6]HISTOAVRIL24!$A$6:$AV$49,38,0) -> 0 | J16: =IF(H16=0,0,VLOOKUP($A16,[6]HISTOAVRIL24!$A$6:$AV$49,42,0)) -> 0 | K16: =VLOOKUP($A16,[6]HISTOAVRIL24!$A$6:$AV$49,41,0) -> 0 | L16: =TONTMARS24!H16+TONTMARS24!I16 -> 0 | M16: =VLOOKUP($A16,[6]HISTOAVRIL24!$A$6:$AV$49,16,0) -> 0 | N16: =IF(M16<>0,VLOOKUP($A16,[6]HISTOAVRIL24!$A$6:$AV$49,8,0),"ECHEC") -> ECHEC | O16: =IF(R16=0,0,VLOOKUP($A16,[6]HISTOAVRIL24!$A$6:$AV$49,32,0)) -> 0 | P16: =VLOOKUP($A16,[6]HISTOAVRIL24!$A$6:$AV$49,33,0) -> 0 | Q16: =IF(R16=0,0,($C$3-R16)) -> 0 | R16: =VLOOKUP($A16,[6]HISTOAVRIL24!$A$6:$AV$49,29,0) -> 0
A17: AS201619 | B17: =IF(D17=0,0,VLOOKUP($A17,[6]HISTOAVRIL24!$A$6:$BP$44,10,0)) -> 1 | C17: =VLOOKUP(A17,[7]LISTADHERENT!A$5:H$60,3,0) -> KOUATCHO MESSACK | D17: =IF(G17="ECHEC",0,B$3) -> 25000 | E17: =D17+VLOOKUP($A17,[6]HISTOAVRIL24!$A$7:$AU$42,45,0)+F17 -> 60000 | F17: =VLOOKUP($A17,[6]HISTOAVRIL24!$A$6:$AV$48,7,0) -> 0 | G17: =VLOOKUP($A17,[6]HISTOAVRIL24!$A$6:$AV$49,8,0) -> BANQUE | H17: =VLOOKUP($A17,[6]HISTOAVRIL24!$A$6:$AV$49,35,0) -> 0 | I17: =VLOOKUP($A17,[6]HISTOAVRIL24!$A$6:$AV$49,38,0) -> 0 | J17: =IF(H17=0,0,VLOOKUP($A17,[6]HISTOAVRIL24!$A$6:$AV$49,42,0)) -> 0 | K17: =VLOOKUP($A17,[6]HISTOAVRIL24!$A$6:$AV$49,41,0) -> 0 | L17: =TONTMARS24!H17+TONTMARS24!I17 -> 0 | M17: =VLOOKUP($A17,[6]HISTOAVRIL24!$A$6:$AV$49,16,0) -> 0 | N17: =IF(M17<>0,VLOOKUP($A17,[6]HISTOAVRIL24!$A$6:$AV$49,8,0),"ECHEC") -> ECHEC | O17: =IF(R17=0,0,VLOOKUP($A17,[6]HISTOAVRIL24!$A$6:$AV$49,32,0)) -> 0 | P17: =VLOOKUP($A17,[6]HISTOAVRIL24!$A$6:$AV$49,33,0) -> 0 | Q17: =IF(R17=0,0,($C$3-R17)) -> 0 | R17: =VLOOKUP($A17,[6]HISTOAVRIL24!$A$6:$AV$49,29,0) -> 0
... A37: AS201647 | B37: =IF(D37=0,0,VLOOKUP($A37,[6]HISTOAVRIL24!$A$6:$BP$44,10,0)) -> 1 | C37: =VLOOKUP(A37,[7]LISTADHERENT!A$5:H$60,3,0) -> YOUMBI EMMANUEL | D37: =IF(G37="ECHEC",0,B$3) -> 25000 | E37: =D37+VLOOKUP($A37,[6]HISTOAVRIL24!$A$7:$AU$42,45,0)+F37 -> 50000 | F37: =VLOOKUP($A37,[6]HISTOAVRIL24!$A$6:$AV$48,7,0) -> 0 | G37: =VLOOKUP($A37,[6]HISTOAVRIL24!$A$6:$AV$49,8,0) -> BANQUE | H37: =VLOOKUP($A37,[6]HISTOAVRIL24!$A$6:$AV$49,35,0) -> 0 | I37: =VLOOKUP($A37,[6]HISTOAVRIL24!$A$6:$AV$49,38,0) -> 0 | J37: =IF(H37=0,0,VLOOKUP($A37,[6]HISTOAVRIL24!$A$6:$AV$49,42,0)) -> 0 | K37: =VLOOKUP($A37,[6]HISTOAVRIL24!$A$6:$AV$49,41,0) -> 0 | L37: =TONTMARS24!H37+TONTMARS24!I37 -> 0 | M37: =VLOOKUP($A37,[6]HISTOAVRIL24!$A$6:$AV$49,16,0) -> 0 | N37: =IF(M37<>0,VLOOKUP($A37,[6]HISTOAVRIL24!$A$6:$AV$49,8,0),"ECHEC") -> ECHEC | O37: =IF(R37=0,0,VLOOKUP($A37,[6]HISTOAVRIL24!$A$6:$AV$49,32,0)) -> 0 | P37: =VLOOKUP($A37,[6]HISTOAVRIL24!$A$6:$AV$49,33,0) -> 0 | Q37: =IF(R37=0,0,($C$3-R37)) -> 0 | R37: =VLOOKUP($A37,[6]HISTOAVRIL24!$A$6:$AV$49,29,0) -> 0
A39: TOTAL PART | B39: =SUM(B6:B38) -> 32
A40: NBRE ADHERENT | B40: =COUNT(D6:D38) -> 32 | D40: =SUM(D6:D39) -> 800000 | F40: =SUM(F6:F39) -> 12000 | G40: =SUM(G6:G39) -> 0 | H40: =SUM(H6:H39) -> 41000 | I40: =SUM(I6:I39) -> 2000 | J40: =SUM(J6:J39) -> 0 | K40: =SUM(K6:K39) -> 0 | L40: =SUM(L6:L39) -> 123500 | M40: =SUM(M6:M39) -> 123500 | ... R40: =SUM(R6:R39) -> 31500
N41: NBRE PART | O41: PART VENDUE
D42: MONTANT TONTINE | G42: REMBOURSEMENT PETIT LOT | H42: VENTE PETIT LOT | I42: VENTE LOT PRINCIPAL | J42: SOLDE EN CAISSE | L42: TONTINE + REMB + INTERET VENTE | M42: =D46+G46+R40+TONTMARS24!O47 -> 955000
D43: =SUMIFS(D6:D39,G6:G39,"ESPECES") -> 100000 | F43: ESPECES | G43: =SUMIFS(M6:M33,N6:N33,"ESPECES") -> 0 | H43: =SUMIFS(H6:H39,J6:J39,"ESPECES") -> 0 | I43: =SUMIFS(Q6:Q39,O6:O39,"ESPECES") -> 0 | J43: =D43+G43-H43-I43 -> 100000 | L43: LOT PRINCIPAL | M43: =C3*COUNTIF(Q7:Q39,">0") -> 900000 | N43: =D3 -> 3 | O43: =COUNTIF(Q6:Q33,">0") -> 3
D44: =SUMIFS(D6:D39,G6:G39,"BANQUE") -> 700000 | F44: BANQUE | G44: =SUMIFS(M6:M33,N6:N33,"BANQUE") -> 123500 | H44: =SUMIFS(H6:H39,J6:J39,"BANQUE") -> 41000 | I44: =SUMIFS(Q6:Q39,O6:O39,"BANQUE") -> 868500 | J44: =D44+G44-H44-I44 -> -86000
L45: PETIT LOT | M45: =M42-M43 -> 55000
D46: =D43+D44 -> 800000 | F46: TOTAL | G46: =G43+G44 -> 123500 | H46: =H43+H44 -> 41000 | I46: =I43+I44 -> 868500 | J46: =J43+J44 -> 14000
F47: TOTAL+DEPOT | L47: RELIQUAT | M47: =M45-H40 -> 14000 | O47: =TONTAVRIL24!M47 -> 14000 | P47: CUMUL
L49: ECHEC TONTINE MOIS | M49: =COUNTIFS(G7:G38,"ECHEC")*23000 -> 0 | O49: =TONTAVRIL24!M49 -> 0 | P49: CUMUL
L50: ECHEC REMBOURSEMENT MOIS | M50: =L40-G46 -> 0 | O50: =TONTAVRIL24!M50 -> 0 | P50: CUMUL

Sheet TONTMAI24
A1: ASSOCIATION | B1: ASELBY
A2: ANNEE | B2: 2024 | C2: TONIINE | D2: NBRE PART
A3: TAUX TONTINE | B3: 25000 | C3: =B3*12 -> 300000 | D3: =ROUNDDOWN(M42/C3,0) -> 2
C4: 45425
A5: MATRICULE | B5: NBREPART | C5: NOM ET PRENOM | D5: MONTANT TONTINE | E5: MONTANT VERSE | F5: PENALITE VERSEMENT ESPECES | G5: MODE VERSEMENT | H5: VENTE PETIT LOT | I5: INTERET PETIT LOT | J5: MODE VERSEMENT VENTE PETIT LOT | K5: NUMERO CHEQUE | L5: MONTANT A REMBOURSER PETIT LOT | M5: REMBOURSEMENT PETIT LOT | N5: MODE VERSEMENT REMBOURSEMENT | O5: MODE VERSEMENTLOT PRINCIPAL | P5: NUMERO CHEQUE | Q5: MONTANT LOT PRINCIPAL | R5: INTERET LOT PRINCIPAL
A6: AS201601 | B6: =IF(D6=0,0,VLOOKUP($A6,[6]HISTOMAI24!$A$6:$BP$44,10,0)) -> 1 | C6: =VLOOKUP(A6,[7]LISTADHERENT!A$5:H$60,3,0) -> BAKOP ACHILLE | D6: =IF(G6="ECHEC",0,B$3) -> 25000 | E6: =D6+VLOOKUP($A6,[6]HISTOMAI24!$A$7:$AU$42,45,0)+F6 -> 50000 | F6: =VLOOKUP($A6,[6]HISTOMAI24!$A$6:$AV$48,7,0) -> 0 | G6: =VLOOKUP($A6,[6]HISTOMAI24!$A$6:$AV$49,8,0) -> BANQUE | H6: =VLOOKUP($A6,[6]HISTOMAI24!$A$6:$AV$49,35,0) -> 0 | I6: =VLOOKUP($A6,[6]HISTOMAI24!$A$6:$AV$49,38,0) -> 0 | J6: =IF(H6=0,0,VLOOKUP($A6,[6]HISTOMAI24!$A$6:$AV$49,42,0)) -> 0 | K6: =VLOOKUP($A6,[6]HISTOMAI24!$A$6:$AV$49,41,0) -> 0 | L6: =TONTAVRIL24!H6+TONTAVRIL24!I6 -> 0 | M6: =VLOOKUP($A6,[6]HISTOMAI24!$A$6:$AV$49,16,0) -> 0 | N6: =IF(M6<>0,VLOOKUP($A6,[6]HISTOMAI24!$A$6:$AV$49,8,0),"ECHEC") -> ECHEC | O6: =IF(R6=0,0,VLOOKUP($A6,[6]HISTOMAI24!$A$6:$AV$49,32,0)) -> 0 | P6: =VLOOKUP($A6,[6]HISTOMAI24!$A$6:$AV$49,33,0) -> 0 | Q6: =IF(R6=0,0,($C$3-R6)) -> 0 | R6: =VLOOKUP($A6,[6]HISTOMAI24!$A$6:$AV$49,29,0) -> 0
A7: AS201602 | B7: =IF(D7=0,0,VLOOKUP($A7,[6]HISTOMAI24!$A$6:$BP$44,10,0)) -> 1 | C7: =VLOOKUP(A7,[7]LISTADHERENT!A$5:H$60,3,0) -> BOUTCHOUANG WILLIAM | D7: =IF(G7="ECHEC",0,B$3) -> 25000 | E7: =D7+VLOOKUP($A7,[6]HISTOMAI24!$A$7:$AU$42,45,0)+F7 -> 50000 | F7: =VLOOKUP($A7,[6]HISTOMAI24!$A$6:$AV$48,7,0) -> 0 | G7: =VLOOKUP($A7,[6]HISTOMAI24!$A$6:$AV$49,8,0) -> BANQUE | H7: =VLOOKUP($A7,[6]HISTOMAI24!$A$6:$AV$49,35,0) -> 0 | I7: =VLOOKUP($A7,[6]HISTOMAI24!$A$6:$AV$49,38,0) -> 0 | J7: =IF(H7=0,0,VLOOKUP($A7,[6]HISTOMAI24!$A$6:$AV$49,42,0)) -> 0 | K7: =VLOOKUP($A7,[6]HISTOMAI24!$A$6:$AV$49,41,0) -> 0 | L7: =TONTAVRIL24!H7+TONTAVRIL24!I7 -> 0 | M7: =VLOOKUP($A7,[6]HISTOMAI24!$A$6:$AV$49,16,0) -> 0 | N7: =IF(M7<>0,VLOOKUP($A7,[6]HISTOMAI24!$A$6:$AV$49,8,0),"ECHEC") -> ECHEC | O7: =IF(R7=0,0,VLOOKUP($A7,[6]HISTOMAI24!$A$6:$AV$49,32,0)) -> 0 | P7: =VLOOKUP($A7,[6]HISTOMAI24!$A$6:$AV$49,33,0) -> 0 | Q7: =IF(R7=0,0,($C$3-R7)) -> 0 | R7: =VLOOKUP($A7,[6]HISTOMAI24!$A$6:$AV$49,29,0) -> 0
A8: AS201604 | B8: =IF(D8=0,0,VLOOKUP($A8,[6]HISTOMAI24!$A$6:$BP$44,10,0)) -> 1 | C8: =VLOOKUP(A8,[7]LISTADHERENT!A$5:H$60,3,0) -> DJOMO JEAN PAUL | D8: =IF(G8="ECHEC",0,B$3) -> 25000 | E8: =D8+VLOOKUP($A8,[6]HISTOMAI24!$A$7:$AU$42,45,0)+F8 -> 50000 | F8: =VLOOKUP($A8,[6]HISTOMAI24!$A$6:$AV$48,7,0) -> 0 | G8: =VLOOKUP($A8,[6]HISTOMAI24!$A$6:$AV$49,8,0) -> BANQUE | H8: =VLOOKUP($A8,[6]HISTOMAI24!$A$6:$AV$49,35,0) -> 0 | I8: =VLOOKUP($A8,[6]HISTOMAI24!$A$6:$AV$49,38,0) -> 0 | J8: =IF(H8=0,0,VLOOKUP($A8,[6]HISTOMAI24!$A$6:$AV$49,42,0)) -> 0 | K8: =VLOOKUP($A8,[6]HISTOMAI24!$A$6:$AV$49,41,0) -> 0 | L8: =TONTAVRIL24!H8+TONTAVRIL24!I8 -> 0 | M8: =VLOOKUP($A8,[6]HISTOMAI24!$A$6:$AV$49,16,0) -> 0 | N8: =IF(M8<>0,VLOOKUP($A8,[6]HISTOMAI24!$A$6:$AV$49,8,0),"ECHEC") -> ECHEC | O8: =IF(R8=0,0,VLOOKUP($A8,[6]HISTOMAI24!$A$6:$AV$49,32,0)) -> 0 | P8: =VLOOKUP($A8,[6]HISTOMAI24!$A$6:$AV$49,33,0) -> 0 | Q8: =IF(R8=0,0,($C$3-R8)) -> 0 | R8: =VLOOKUP($A8,[6]HISTOMAI24!$A$6:$AV$49,29,0) -> 0
A9: AS201654 | B9: =IF(D9=0,0,VLOOKUP($A9,[6]HISTOMAI24!$A$6:$BP$44,10,0)) -> 1 | C9: =VLOOKUP(A9,[7]LISTADHERENT!A$5:H$60,3,0) -> DJOMOU TCHAPDA | D9: =IF(G9="ECHEC",0,B$3) -> 25000 | E9: =D9+VLOOKUP($A9,[6]HISTOMAI24!$A$7:$AU$42,45,0)+F9 -> 48000 | F9: =VLOOKUP($A9,[6]HISTOMAI24!$A$6:$AV$48,7,0) -> 0 | G9: =VLOOKUP($A9,[6]HISTOMAI24!$A$6:$AV$49,8,0) -> BANQUE | H9: =VLOOKUP($A9,[6]HISTOMAI24!$A$6:$AV$49,35,0) -> 0 | I9: =VLOOKUP($A9,[6]HISTOMAI24!$A$6:$AV$49,38,0) -> 0 | J9: =IF(H9=0,0,VLOOKUP($A9,[6]HISTOMAI24!$A$6:$AV$49,42,0)) -> 0 | K9: =VLOOKUP($A9,[6]HISTOMAI24!$A$6:$AV$49,41,0) -> 0 | L9: =TONTAVRIL24!H9+TONTAVRIL24!I9 -> 0 | M9: =VLOOKUP($A9,[6]HISTOMAI24!$A$6:$AV$49,16,0) -> 0 | N9: =IF(M9<>0,VLOOKUP($A9,[6]HISTOMAI24!$A$6:$AV$49,8,0),"ECHEC") -> ECHEC | O9: =IF(R9=0,0,VLOOKUP($A9,[6]HISTOMAI24!$A$6:$AV$49,32,0)) -> 0 | P9: =VLOOKUP($A9,[6]HISTOMAI24!$A$6:$AV$49,33,0) -> 0 | Q9: =IF(R9=0,0,($C$3-R9)) -> 0 | R9: =VLOOKUP($A9,[6]HISTOMAI24!$A$6:$AV$49,29,0) -> 0
A10: AS201605 | B10: =IF(D10=0,0,VLOOKUP($A10,[6]HISTOMAI24!$A$6:$BP$44,10,0)) -> 1 | C10: =VLOOKUP(A10,[7]LISTADHERENT!A$5:H$60,3,0) -> DJOUKWE NANGUEN GUY BLAISE | D10: =IF(G10="ECHEC",0,B$3) -> 25000 | E10: =D10+VLOOKUP($A10,[6]HISTOMAI24!$A$7:$AU$42,45,0)+F10 -> 55000 | F10: =VLOOKUP($A10,[6]HISTOMAI24!$A$6:$AV$48,7,0) -> 0 | G10: =VLOOKUP($A10,[6]HISTOMAI24!$A$6:$AV$49,8,0) -> BANQUE | H10: =VLOOKUP($A10,[6]HISTOMAI24!$A$6:$AV$49,35,0) -> 0 | I10: =VLOOKUP($A10,[6]HISTOMAI24!$A$6:$AV$49,38,0) -> 0 | J10: =IF(H10=0,0,VLOOKUP($A10,[6]HISTOMAI24!$A$6:$AV$49,42,0)) -> 0 | K10: =VLOOKUP($A10,[6]HISTOMAI24!$A$6:$AV$49,41,0) -> 0 | L10: =TONTAVRIL24!H10+TONTAVRIL24!I10 -> 43000 | M10: =VLOOKUP($A10,[6]HISTOMAI24!$A$6:$AV$49,16,0) -> 43000 | N10: =IF(M10<>0,VLOOKUP($A10,[6]HISTOMAI24!$A$6:$AV$49,8,0),"ECHEC") -> BANQUE | O10: =IF(R10=0,0,VLOOKUP($A10,[6]HISTOMAI24!$A$6:$AV$49,32,0)) -> 0 | P10: =VLOOKUP($A10,[6]HISTOMAI24!$A$6:$AV$49,33,0) -> 0 | Q10: =IF(R10=0,0,($C$3-R10)) -> 0 | R10: =VLOOKUP($A10,[6]HISTOMAI24!$A$6:$AV$49,29,0) -> 0
A11: AS201608 | B11: =IF(D11=0,0,VLOOKUP($A11,[6]HISTOMAI24!$A$6:$BP$44,10,0)) -> 1 | C11: =VLOOKUP(A11,[7]LISTADHERENT!A$5:H$60,3,0) -> DJUOMBESSY ANTOINE | D11: =IF(G11="ECHEC",0,B$3) -> 25000 | E11: =D11+VLOOKUP($A11,[6]HISTOMAI24!$A$7:$AU$42,45,0)+F11 -> 55000 | F11: =VLOOKUP($A11,[6]HISTOMAI24!$A$6:$AV$48,7,0) -> 0 | G11: =VLOOKUP($A11,[6]HISTOMAI24!$A$6:$AV$49,8,0) -> BANQUE | H11: =VLOOKUP($A11,[6]HISTOMAI24!$A$6:$AV$49,35,0) -> 0 | I11: =VLOOKUP($A11,[6]HISTOMAI24!$A$6:$AV$49,38,0) -> 0 | J11: =IF(H11=0,0,VLOOKUP($A11,[6]HISTOMAI24!$A$6:$AV$49,42,0)) -> 0 | K11: =VLOOKUP($A11,[6]HISTOMAI24!$A$6:$AV$49,41,0) -> 0 | L11: =TONTAVRIL24!H11+TONTAVRIL24!I11 -> 0 | M11: =VLOOKUP($A11,[6]HISTOMAI24!$A$6:$AV$49,16,0) -> 0 | N11: =IF(M11<>0,VLOOKUP($A11,[6]HISTOMAI24!$A$6:$AV$49,8,0),"ECHEC") -> ECHEC | O11: =IF(R11=0,0,VLOOKUP($A11,[6]HISTOMAI24!$A$6:$AV$49,32,0)) -> 0 | P11: =VLOOKUP($A11,[6]HISTOMAI24!$A$6:$AV$49,33,0) -> 0 | Q11: =IF(R11=0,0,($C$3-R11)) -> 0 | R11: =VLOOKUP($A11,[6]HISTOMAI24!$A$6:$AV$49,29,0) -> 0
A12: AS201651 | B12: =IF(D12=0,0,VLOOKUP($A12,[6]HISTOMAI24!$A$6:$BP$44,10,0)) -> 1 | C12: =VLOOKUP(A12,[7]LISTADHERENT!A$5:H$60,3,0) -> DOMOU FABIEN | D12: =IF(G12="ECHEC",0,B$3) -> 25000 | E12: =D12+VLOOKUP($A12,[6]HISTOMAI24!$A$7:$AU$42,45,0)+F12 -> 50000 | F12: =VLOOKUP($A12,[6]HISTOMAI24!$A$6:$AV$48,7,0) -> 0 | G12: =VLOOKUP($A12,[6]HISTOMAI24!$A$6:$AV$49,8,0) -> BANQUE | H12: =VLOOKUP($A12,[6]HISTOMAI24!$A$6:$AV$49,35,0) -> 0 | I12: =VLOOKUP($A12,[6]HISTOMAI24!$A$6:$AV$49,38,0) -> 0 | J12: =IF(H12=0,0,VLOOKUP($A12,[6]HISTOMAI24!$A$6:$AV$49,42,0)) -> 0 | K12: =VLOOKUP($A12,[6]HISTOMAI24!$A$6:$AV$49,41,0) -> 0 | L12: =TONTAVRIL24!H12+TONTAVRIL24!I12 -> 0 | M12: =VLOOKUP($A12,[6]HISTOMAI24!$A$6:$AV$49,16,0) -> 0 | N12: =IF(M12<>0,VLOOKUP($A12,[6]HISTOMAI24!$A$6:$AV$49,8,0),"ECHEC") -> ECHEC | O12: =IF(R12=0,0,VLOOKUP($A12,[6]HISTOMAI24!$A$6:$AV$49,32,0)) -> 0 | P12: =VLOOKUP($A12,[6]HISTOMAI24!$A$6:$AV$49,33,0) -> 0 | Q12: =IF(R12=0,0,($C$3-R12)) -> 0 | R12: =VLOOKUP($A12,[6]HISTOMAI24!$A$6:$AV$49,29,0) -> 0
A13: AS201609 | B13: =IF(D13=0,0,VLOOKUP($A13,[6]HISTOMAI24!$A$6:$BP$44,10,0)) -> 1 | C13: =VLOOKUP(A13,[7]LISTADHERENT!A$5:H$60,3,0) -> DONHOU DAVID | D13: =IF(G13="ECHEC",0,B$3) -> 25000 | E13: =D13+VLOOKUP($A13,[6]HISTOMAI24!$A$7:$AU$42,45,0)+F13 -> 50000 | F13: =VLOOKUP($A13,[6]HISTOMAI24!$A$6:$AV$48,7,0) -> 0 | G13: =VLOOKUP($A13,[6]HISTOMAI24!$A$6:$AV$49,8,0) -> BANQUE | H13: =VLOOKUP($A13,[6]HISTOMAI24!$A$6:$AV$49,35,0) -> 0 | I13: =VLOOKUP($A13,[6]HISTOMAI24!$A$6:$AV$49,38,0) -> 0 | J13: =IF(H13=0,0,VLOOKUP($A13,[6]HISTOMAI24!$A$6:$AV$49,42,0)) -> 0 | K13: =VLOOKUP($A13,[6]HISTOMAI24!$A$6:$AV$49,41,0) -> 0 | L13: =TONTAVRIL24!H13+TONTAVRIL24!I13 -> 0 | M13: =VLOOKUP($A13,[6]HISTOMAI24!$A$6:$AV$49,16,0) -> 0 | N13: =IF(M13<>0,VLOOKUP($A13,[6]HISTOMAI24!$A$6:$AV$49,8,0),"ECHEC") -> ECHEC | O13: =IF(R13=0,0,VLOOKUP($A13,[6]HISTOMAI24!$A$6:$AV$49,32,0)) -> 0 | P13: =VLOOKUP($A13,[6]HISTOMAI24!$A$6:$AV$49,33,0) -> 0 | Q13: =IF(R13=0,0,($C$3-R13)) -> 0 | R13: =VLOOKUP($A13,[6]HISTOMAI24!$A$6:$AV$49,29,0) -> 0
A14: AS201611 | B14: =IF(D14=0,0,VLOOKUP($A14,[6]HISTOMAI24!$A$6:$BP$44,10,0)) -> 1 | C14: =VLOOKUP(A14,[7]LISTADHERENT!A$5:H$60,3,0) -> HENGUE PAUL OMER | D14: =IF(G14="ECHEC",0,B$3) -> 25000 | E14: =D14+VLOOKUP($A14,[6]HISTOMAI24!$A$7:$AU$42,45,0)+F14 -> 50000 | F14: =VLOOKUP($A14,[6]HISTOMAI24!$A$6:$AV$48,7,0) -> 0 | G14: =VLOOKUP($A14,[6]HISTOMAI24!$A$6:$AV$49,8,0) -> BANQUE | H14: =VLOOKUP($A14,[6]HISTOMAI24!$A$6:$AV$49,35,0) -> 0 | I14: =VLOOKUP($A14,[6]HISTOMAI24!$A$6:$AV$49,38,0) -> 0 | J14: =IF(H14=0,0,VLOOKUP($A14,[6]HISTOMAI24!$A$6:$AV$49,42,0)) -> 0 | K14: =VLOOKUP($A14,[6]HISTOMAI24!$A$6:$AV$49,41,0) -> 0 | L14: =TONTAVRIL24!H14+TONTAVRIL24!I14 -> 0 | M14: =VLOOKUP($A14,[6]HISTOMAI24!$A$6:$AV$49,16,0) -> 0 | N14: =IF(M14<>0,VLOOKUP($A14,[6]HISTOMAI24!$A$6:$AV$49,8,0),"ECHEC") -> ECHEC | O14: =IF(R14=0,0,VLOOKUP($A14,[6]HISTOMAI24!$A$6:$AV$49,32,0)) -> 0 | P14: =VLOOKUP($A14,[6]HISTOMAI24!$A$6:$AV$49,33,0) -> 0 | Q14: =IF(R14=0,0,($C$3-R14)) -> 0 | R14: =VLOOKUP($A14,[6]HISTOMAI24!$A$6:$AV$49,29,0) -> 0
A15: AS201613 | B15: =IF(D15=0,0,VLOOKUP($A15,[6]HISTOMAI24!$A$6:$BP$44,10,0)) -> 1 | C15: =VLOOKUP(A15,[7]LISTADHERENT!A$5:H$60,3,0) -> HOTCHO BENJAMIN | D15: =IF(G15="ECHEC",0,B$3) -> 25000 | E15: =D15+VLOOKUP($A15,[6]HISTOMAI24!$A$7:$AU$42,45,0)+F15 -> 85000 | F15: =VLOOKUP($A15,[6]HISTOMAI24!$A$6:$AV$48,7,0) -> 0 | G15: =VLOOKUP($A15,[6]HISTOMAI24!$A$6:$AV$49,8,0) -> BANQUE | H15: =VLOOKUP($A15,[6]HISTOMAI24!$A$6:$AV$49,35,0) -> 0 | I15: =VLOOKUP($A15,[6]HISTOMAI24!$A$6:$AV$49,38,0) -> 0 | J15: =IF(H15=0,0,VLOOKUP($A15,[6]HISTOMAI24!$A$6:$AV$49,42,0)) -> 0 | K15: =VLOOKUP($A15,[6]HISTOMAI24!$A$6:$AV$49,41,0) -> 0 | L15: =TONTAVRIL24!H15+TONTAVRIL24!I15 -> 0 | M15: =VLOOKUP($A15,[6]HISTOMAI24!$A$6:$AV$49,16,0) -> 0 | N15: =IF(M15<>0,VLOOKUP($A15,[6]HISTOMAI24!$A$6:$AV$49,8,0),"ECHEC") -> ECHEC | O15: =IF(R15=0,0,VLOOKUP($A15,[6]HISTOMAI24!$A$6:$AV$49,32,0)) -> 0 | P15: =VLOOKUP($A15,[6]HISTOMAI24!$A$6:$AV$49,33,0) -> 0 | Q15: =IF(R15=0,0,($C$3-R15)) -> 0 | R15: =VLOOKUP($A15,[6]HISTOMAI24!$A$6:$AV$49,29,0) -> 0
A16: AS201617 | B16: =IF(D16=0,0,VLOOKUP($A16,[6]HISTOMAI24!$A$6:$BP$44,10,0)) -> 1 | C16: =VLOOKUP(A16,[7]LISTADHERENT!A$5:H$60,3,0) -> KOUAMOU MOISE | D16: =IF(G16="ECHEC",0,B$3) -> 25000 | E16: =D16+VLOOKUP($A16,[6]HISTOMAI24!$A$7:$AU$42,45,0)+F16 -> 50000 | F16: =VLOOKUP($A16,[6]HISTOMAI24!$A$6:$AV$48,7,0) -> 0 | G16: =VLOOKUP($A16,[6]HISTOMAI24!$A$6:$AV$49,8,0) -> BANQUE | H16: =VLOOKUP($A16,[6]HISTOMAI24!$A$6:$AV$49,35,0) -> 50000 | I16: =VLOOKUP($A16,[6]HISTOMAI24!$A$6:$AV$49,38,0) -> 500 | J16: =IF(H16=0,0,VLOOKUP($A16,[6]HISTOMAI24!$A$6:$AV$49,42,0)) -> 0 | K16: =VLOOKUP($A16,[6]HISTOMAI24!$A$6:$AV$49,41,0) -> 0 | L16: =TONTAVRIL24!H16+TONTAVRIL24!I16 -> 0 | M16: =VLOOKUP($A16,[6]HISTOMAI24!$A$6:$AV$49,16,0) -> 0 | N16: =IF(M16<>0,VLOOKUP($A16,[6]HISTOMAI24!$A$6:$AV$49,8,0),"ECHEC") -> ECHEC | O16: =IF(R16=0,0,VLOOKUP($A16,[6]HISTOMAI24!$A$6:$AV$49,32,0)) -> 0 | P16: =VLOOKUP($A16,[6]HISTOMAI24!$A$6:$AV$49,33,0) -> 0 | Q16: =IF(R16=0,0,($C$3-R16)) -> 0 | R16: =VLOOKUP($A16,[6]HISTOMAI24!$A$6:$AV$49,29,0) -> 0
A17: AS201619 | B17: =IF(D17=0,0,VLOOKUP($A17,[6]HISTOMAI24!$A$6:$BP$44,10,0)) -> 1 | C17: =VLOOKUP(A17,[7]LISTADHERENT!A$5:H$60,3,0) -> KOUATCHO MESSACK | D17: =IF(G17="ECHEC",0,B$3) -> 25000 | E17: =D17+VLOOKUP($A17,[6]HISTOMAI24!$A$7:$AU$42,45,0)+F17 -> 63000 | F17: =VLOOKUP($A17,[6]HISTOMAI24!$A$6:$AV$48,7,0) -> 3000 | G17: =VLOOKUP($A17,[6]HISTOMAI24!$A$6:$AV$49,8,0) -> BANQUE | H17: =VLOOKUP($A17,[6]HISTOMAI24!$A$6:$AV$49,35,0) -> 0 | I17: =VLOOKUP($A17,[6]HISTOMAI24!$A$6:$AV$49,38,0) -> 0 | J17: =IF(H17=0,0,VLOOKUP($A17,[6]HISTOMAI24!$A$6:$AV$49,42,0)) -> 0 | K17: =VLOOKUP($A17,[6]HISTOMAI24!$A$6:$AV$49,41,0) -> 0 | L17: =TONTAVRIL24!H17+TONTAVRIL24!I17 -> 0 | M17: =VLOOKUP($A17,[6]HISTOMAI24!$A$6:$AV$49,16,0) -> 0 | N17: =IF(M17<>0,VLOOKUP($A17,[6]HISTOMAI24!$A$6:$AV$49,8,0),"ECHEC") -> ECHEC | O17: =IF(R17=0,0,VLOOKUP($A17,[6]HISTOMAI24!$A$6:$AV$49,32,0)) -> 0 | P17: =VLOOKUP($A17,[6]HISTOMAI24!$A$6:$AV$49,33,0) -> 0 | Q17: =IF(R17=0,0,($C$3-R17)) -> 0 | R17: =VLOOKUP($A17,[6]HISTOMAI24!$A$6:$AV$49,29,0) -> 0
... A37: AS201647 | B37: =IF(D37=0,0,VLOOKUP($A37,[6]HISTOMAI24!$A$6:$BP$44,10,0)) -> 1 | C37: =VLOOKUP(A37,[7]LISTADHERENT!A$5:H$60,3,0) -> YOUMBI EMMANUEL | D37: =IF(G37="ECHEC",0,B$3) -> 25000 | E37: =D37+VLOOKUP($A37,[6]HISTOMAI24!$A$7:$AU$42,45,0)+F37 -> 50000 | F37: =VLOOKUP($A37,[6]HISTOMAI24!$A$6:$AV$48,7,0) -> 0 | G37: =VLOOKUP($A37,[6]HISTOMAI24!$A$6:$AV$49,8,0) -> BANQUE | H37: =VLOOKUP($A37,[6]HISTOMAI24!$A$6:$AV$49,35,0) -> 0 | I37: =VLOOKUP($A37,[6]HISTOMAI24!$A$6:$AV$49,38,0) -> 0 | J37: =IF(H37=0,0,VLOOKUP($A37,[6]HISTOMAI24!$A$6:$AV$49,42,0)) -> 0 | K37: =VLOOKUP($A37,[6]HISTOMAI24!$A$6:$AV$49,41,0) -> 0 | L37: =TONTAVRIL24!H37+TONTAVRIL24!I37 -> 0 | M37: =VLOOKUP($A37,[6]HISTOMAI24!$A$6:$AV$49,16,0) -> 0 | N37: =IF(M37<>0,VLOOKUP($A37,[6]HISTOMAI24!$A$6:$AV$49,8,0),"ECHEC") -> ECHEC | O37: =IF(R37=0,0,VLOOKUP($A37,[6]HISTOMAI24!$A$6:$AV$49,32,0)) -> 0 | P37: =VLOOKUP($A37,[6]HISTOMAI24!$A$6:$AV$49,33,0) -> 0 | Q37: =IF(R37=0,0,($C$3-R37)) -> 0 | R37: =VLOOKUP($A37,[6]HISTOMAI24!$A$6:$AV$49,29,0) -> 0
A39: TOTAL PART | B39: =SUM(B6:B38) -> 32
A40: NBRE ADHERENT | B40: =COUNT(D6:D38) -> 32 | D40: =SUM(D6:D39) -> 800000 | F40: =SUM(F6:F39) -> 9000 | G40: =SUM(G6:G39) -> 0 | H40: =SUM(H6:H39) -> 100000 | I40: =SUM(I6:I39) -> 1000 | J40: =SUM(J6:J39) -> 0 | K40: =SUM(K6:K39) -> 0 | L40: =SUM(L6:L39) -> 43000 | M40: =SUM(M6:M39) -> 43000 | ... R40: =SUM(R6:R39) -> 6500
N41: NBRE PART | O41: PART VENDUE
D42: MONTANT TONTINE | G42: REMBOURSEMENT PETIT LOT | H42: VENTE PETIT LOT | I42: VENTE LOT PRINCIPAL | J42: SOLDE EN CAISSE | L42: TONTINE + REMB + INTERET VENTE | M42: =D46+G46+R40+TONTAVRIL24!O47 -> 863500
D43: =SUMIFS(D6:D39,G6:G39,"ESPECES") -> 50000 | F43: ESPECES | G43: =SUMIFS(M6:M33,N6:N33,"ESPECES") -> 0 | H43: =SUMIFS(H6:H39,J6:J39,"ESPECES") -> 0 | I43: =SUMIFS(Q6:Q39,O6:O39,"ESPECES") -> 0 | J43: =D43+G43-H43-I43 -> 50000 | L43: LOT PRINCIPAL | M43: =C3*COUNTIF(Q7:Q39,">0") -> 600000 | N43: =D3 -> 2 | O43: =COUNTIF(Q6:Q33,">0") -> 2
D44: =SUMIFS(D6:D39,G6:G39,"BANQUE") -> 750000 | F44: BANQUE | G44: =SUMIFS(M6:M33,N6:N33,"BANQUE") -> 43000 | H44: =SUMIFS(H6:H39,J6:J39,"BANQUE") -> 0 | I44: =SUMIFS(Q6:Q39,O6:O39,"BANQUE") -> 593500 | J44: =D44+G44-H44-I44 -> 199500
L45: PETIT LOT | M45: =M42-M43 -> 263500
D46: =D43+D44 -> 800000 | F46: TOTAL | G46: =G43+G44 -> 43000 | H46: =H43+H44 -> 0 | I46: =I43+I44 -> 593500 | J46: =J43+J44 -> 249500
F47: TOTAL+DEPOT | L47: RELIQUAT | M47: =M45-H40 -> 163500 | O47: =TONTMAI24!M47 -> 163500 | P47: CUMUL
L49: ECHEC TONTINE MOIS | M49: =COUNTIFS(G7:G38,"ECHEC")*23000 -> 0 | O49: =TONTMAI24!M49 -> 0 | P49: CUMUL
L50: ECHEC REMBOURSEMENT MOIS | M50: =L40-G46 -> 0 | O50: =TONTMAI24!M50 -> 0 | P50: CUMUL

Sheet TONTJUIN24
A1: ASSOCIATION | B1: ASELBY
A2: ANNEE | B2: 2024 | C2: TONIINE | D2: NBRE PART
A3: TAUX TONTINE | B3: 25000 | C3: =B3*12 -> 300000 | D3: =ROUNDDOWN(M42/C3,0) -> 3
C4: 45456
A5: MATRICULE | B5: NBREPART | C5: NOM ET PRENOM | D5: MONTANT TONTINE | E5: MONTANT VERSE | F5: PENALITE VERSEMENT ESPECES | G5: MODE VERSEMENT | H5: VENTE PETIT LOT | I5: INTERET PETIT LOT | J5: MODE VERSEMENT VENTE PETIT LOT | K5: NUMERO CHEQUE | L5: MONTANT A REMBOURSER PETIT LOT | M5: REMBOURSEMENT PETIT LOT | N5: MODE VERSEMENT REMBOURSEMENT | O5: MODE VERSEMENTLOT PRINCIPAL | P5: NUMERO CHEQUE | Q5: MONTANT LOT PRINCIPAL | R5: INTERET LOT PRINCIPAL
A6: AS201601 | B6: =IF(D6=0,0,VLOOKUP($A6,[6]HISTOJUIN24!$A$6:$BP$44,10,0)) -> 1 | C6: =VLOOKUP(A6,[7]LISTADHERENT!A$5:H$60,3,0) -> BAKOP ACHILLE | D6: =IF(G6="ECHEC",0,B$3) -> 25000 | E6: =D6+VLOOKUP($A6,[6]HISTOJUIN24!$A$7:$AU$42,45,0)+F6 -> 46000 | F6: =VLOOKUP($A6,[6]HISTOJUIN24!$A$6:$AV$48,7,0) -> 0 | G6: =VLOOKUP($A6,[6]HISTOJUIN24!$A$6:$AV$49,8,0) -> BANQUE | H6: =VLOOKUP($A6,[6]HISTOJUIN24!$A$6:$AV$49,35,0) -> 0 | I6: =VLOOKUP($A6,[6]HISTOJUIN24!$A$6:$AV$49,38,0) -> 0 | J6: =IF(H6=0,0,VLOOKUP($A6,[6]HISTOJUIN24!$A$6:$AV$49,42,0)) -> 0 | K6: =VLOOKUP($A6,[6]HISTOJUIN24!$A$6:$AV$49,41,0) -> 0 | L6: =TONTMAI24!H6+TONTMAI24!I6 -> 0 | M6: =VLOOKUP($A6,[6]HISTOJUIN24!$A$6:$AV$49,16,0) -> 0 | N6: =IF(M6<>0,VLOOKUP($A6,[6]HISTOJUIN24!$A$6:$AV$49,8,0),"ECHEC") -> ECHEC | O6: =IF(R6=0,0,VLOOKUP($A6,[6]HISTOJUIN24!$A$6:$AV$49,32,0)) -> 0 | P6: =VLOOKUP($A6,[6]HISTOJUIN24!$A$6:$AV$49,33,0) -> 0 | Q6: =IF(R6=0,0,($C$3-R6)) -> 0 | R6: =VLOOKUP($A6,[6]HISTOJUIN24!$A$6:$AV$49,29,0) -> 0
A7: AS201602 | B7: =IF(D7=0,0,VLOOKUP($A7,[6]HISTOJUIN24!$A$6:$BP$44,10,0)) -> 1 | C7: =VLOOKUP(A7,[7]LISTADHERENT!A$5:H$60,3,0) -> BOUTCHOUANG WILLIAM | D7: =IF(G7="ECHEC",0,B$3) -> 25000 | E7: =D7+VLOOKUP($A7,[6]HISTOJUIN24!$A$7:$AU$42,45,0)+F7 -> 50000 | F7: =VLOOKUP($A7,[6]HISTOJUIN24!$A$6:$AV$48,7,0) -> 0 | G7: =VLOOKUP($A7,[6]HISTOJUIN24!$A$6:$AV$49,8,0) -> BANQUE | H7: =VLOOKUP($A7,[6]HISTOJUIN24!$A$6:$AV$49,35,0) -> 0 | I7: =VLOOKUP($A7,[6]HISTOJUIN24!$A$6:$AV$49,38,0) -> 0 | J7: =IF(H7=0,0,VLOOKUP($A7,[6]HISTOJUIN24!$A$6:$AV$49,42,0)) -> 0 | K7: =VLOOKUP($A7,[6]HISTOJUIN24!$A$6:$AV$49,41,0) -> 0 | L7: =TONTMAI24!H7+TONTMAI24!I7 -> 0 | M7: =VLOOKUP($A7,[6]HISTOJUIN24!$A$6:$AV$49,16,0) -> 0 | N7: =IF(M7<>0,VLOOKUP($A7,[6]HISTOJUIN24!$A$6:$AV$49,8,0),"ECHEC") -> ECHEC | O7: =IF(R7=0,0,VLOOKUP($A7,[6]HISTOJUIN24!$A$6:$AV$49,32,0)) -> 0 | P7: =VLOOKUP($A7,[6]HISTOJUIN24!$A$6:$AV$49,33,0) -> 0 | Q7: =IF(R7=0,0,($C$3-R7)) -> 0 | R7: =VLOOKUP($A7,[6]HISTOJUIN24!$A$6:$AV$49,29,0) -> 0
A8: AS201604 | B8: =IF(D8=0,0,VLOOKUP($A8,[6]HISTOJUIN24!$A$6:$BP$44,10,0)) -> 1 | C8: =VLOOKUP(A8,[7]LISTADHERENT!A$5:H$60,3,0) -> DJOMO JEAN PAUL | D8: =IF(G8="ECHEC",0,B$3) -> 25000 | E8: =D8+VLOOKUP($A8,[6]HISTOJUIN24!$A$7:$AU$42,45,0)+F8 -> 50000 | F8: =VLOOKUP($A8,[6]HISTOJUIN24!$A$6:$AV$48,7,0) -> 0 | G8: =VLOOKUP($A8,[6]HISTOJUIN24!$A$6:$AV$49,8,0) -> BANQUE | H8: =VLOOKUP($A8,[6]HISTOJUIN24!$A$6:$AV$49,35,0) -> 0 | I8: =VLOOKUP($A8,[6]HISTOJUIN24!$A$6:$AV$49,38,0) -> 0 | J8: =IF(H8=0,0,VLOOKUP($A8,[6]HISTOJUIN24!$A$6:$AV$49,42,0)) -> 0 | K8: =VLOOKUP($A8,[6]HISTOJUIN24!$A$6:$AV$49,41,0) -> 0 | L8: =TONTMAI24!H8+TONTMAI24!I8 -> 0 | M8: =VLOOKUP($A8,[6]HISTOJUIN24!$A$6:$AV$49,16,0) -> 0 | N8: =IF(M8<>0,VLOOKUP($A8,[6]HISTOJUIN24!$A$6:$AV$49,8,0),"ECHEC") -> ECHEC | O8: =IF(R8=0,0,VLOOKUP($A8,[6]HISTOJUIN24!$A$6:$AV$49,32,0)) -> 0 | P8: =VLOOKUP($A8,[6]HISTOJUIN24!$A$6:$AV$49,33,0) -> 0 | Q8: =IF(R8=0,0,($C$3-R8)) -> 0 | R8: =VLOOKUP($A8,[6]HISTOJUIN24!$A$6:$AV$49,29,0) -> 0
A9: AS201654 | B9: =IF(D9=0,0,VLOOKUP($A9,[6]HISTOJUIN24!$A$6:$BP$44,10,0)) -> 1 | C9: =VLOOKUP(A9,[7]LISTADHERENT!A$5:H$60,3,0) -> DJOMOU TCHAPDA | D9: =IF(G9="ECHEC",0,B$3) -> 25000 | E9: =D9+VLOOKUP($A9,[6]HISTOJUIN24!$A$7:$AU$42,45,0)+F9 -> 53000 | F9: =VLOOKUP($A9,[6]HISTOJUIN24!$A$6:$AV$48,7,0) -> 3000 | G9: =VLOOKUP($A9,[6]HISTOJUIN24!$A$6:$AV$49,8,0) -> ESPECES | H9: =VLOOKUP($A9,[6]HISTOJUIN24!$A$6:$AV$49,35,0) -> 30000 | I9: =VLOOKUP($A9,[6]HISTOJUIN24!$A$6:$AV$49,38,0) -> 500 | J9: =IF(H9=0,0,VLOOKUP($A9,[6]HISTOJUIN24!$A$6:$AV$49,42,0)) -> BANQUE | K9: =VLOOKUP($A9,[6]HISTOJUIN24!$A$6:$AV$49,41,0) -> 0 | L9: =TONTMAI24!H9+TONTMAI24!I9 -> 0 | M9: =VLOOKUP($A9,[6]HISTOJUIN24!$A$6:$AV$49,16,0) -> 0 | N9: =IF(M9<>0,VLOOKUP($A9,[6]HISTOJUIN24!$A$6:$AV$49,8,0),"ECHEC") -> ECHEC | O9: =IF(R9=0,0,VLOOKUP($A9,[6]HISTOJUIN24!$A$6:$AV$49,32,0)) -> 0 | P9: =VLOOKUP($A9,[6]HISTOJUIN24!$A$6:$AV$49,33,0) -> 0 | Q9: =IF(R9=0,0,($C$3-R9)) -> 0 | R9: =VLOOKUP($A9,[6]HISTOJUIN24!$A$6:$AV$49,29,0) -> 0
A10: AS201605 | B10: =IF(D10=0,0,VLOOKUP($A10,[6]HISTOJUIN24!$A$6:$BP$44,10,0)) -> 1 | C10: =VLOOKUP(A10,[7]LISTADHERENT!A$5:H$60,3,0) -> DJOUKWE NANGUEN GUY BLAISE | D10: =IF(G10="ECHEC",0,B$3) -> 25000 | E10: =D10+VLOOKUP($A10,[6]HISTOJUIN24!$A$7:$AU$42,45,0)+F10 -> 55000 | F10: =VLOOKUP($A10,[6]HISTOJUIN24!$A$6:$AV$48,7,0) -> 0 | G10: =VLOOKUP($A10,[6]HISTOJUIN24!$A$6:$AV$49,8,0) -> BANQUE | H10: =VLOOKUP($A10,[6]HISTOJUIN24!$A$6:$AV$49,35,0) -> 30000 | I10: =VLOOKUP($A10,[6]HISTOJUIN24!$A$6:$AV$49,38,0) -> 500 | J10: =IF(H10=0,0,VLOOKUP($A10,[6]HISTOJUIN24!$A$6:$AV$49,42,0)) -> BANQUE | K10: =VLOOKUP($A10,[6]HISTOJUIN24!$A$6:$AV$49,41,0) -> 0 | L10: =TONTMAI24!H10+TONTMAI24!I10 -> 0 | M10: =VLOOKUP($A10,[6]HISTOJUIN24!$A$6:$AV$49,16,0) -> 0 | N10: =IF(M10<>0,VLOOKUP($A10,[6]HISTOJUIN24!$A$6:$AV$49,8,0),"ECHEC") -> ECHEC | O10: =IF(R10=0,0,VLOOKUP($A10,[6]HISTOJUIN24!$A$6:$AV$49,32,0)) -> 0 | P10: =VLOOKUP($A10,[6]HISTOJUIN24!$A$6:$AV$49,33,0) -> 0 | Q10: =IF(R10=0,0,($C$3-R10)) -> 0 | R10: =VLOOKUP($A10,[6]HISTOJUIN24!$A$6:$AV$49,29,0) -> 0
A11: AS201608 | B11: =IF(D11=0,0,VLOOKUP($A11,[6]HISTOJUIN24!$A$6:$BP$44,10,0)) -> 1 | C11: =VLOOKUP(A11,[7]LISTADHERENT!A$5:H$60,3,0) -> DJUOMBESSY ANTOINE | D11: =IF(G11="ECHEC",0,B$3) -> 25000 | E11: =D11+VLOOKUP($A11,[6]HISTOJUIN24!$A$7:$AU$42,45,0)+F11 -> 59000 | F11: =VLOOKUP($A11,[6]HISTOJUIN24!$A$6:$AV$48,7,0) -> 0 | G11: =VLOOKUP($A11,[6]HISTOJUIN24!$A$6:$AV$49,8,0) -> BANQUE | H11: =VLOOKUP($A11,[6]HISTOJUIN24!$A$6:$AV$49,35,0) -> 0 | I11: =VLOOKUP($A11,[6]HISTOJUIN24!$A$6:$AV$49,38,0) -> 0 | J11: =IF(H11=0,0,VLOOKUP($A11,[6]HISTOJUIN24!$A$6:$AV$49,42,0)) -> 0 | K11: =VLOOKUP($A11,[6]HISTOJUIN24!$A$6:$AV$49,41,0) -> 0 | L11: =TONTMAI24!H11+TONTMAI24!I11 -> 0 | M11: =VLOOKUP($A11,[6]HISTOJUIN24!$A$6:$AV$49,16,0) -> 0 | N11: =IF(M11<>0,VLOOKUP($A11,[6]HISTOJUIN24!$A$6:$AV$49,8,0),"ECHEC") -> ECHEC | O11: =IF(R11=0,0,VLOOKUP($A11,[6]HISTOJUIN24!$A$6:$AV$49,32,0)) -> 0 | P11: =VLOOKUP($A11,[6]HISTOJUIN24!$A$6:$AV$49,33,0) -> 0 | Q11: =IF(R11=0,0,($C$3-R11)) -> 0 | R11: =VLOOKUP($A11,[6]HISTOJUIN24!$A$6:$AV$49,29,0) -> 0
A12: AS201651 | B12: =IF(D12=0,0,VLOOKUP($A12,[6]HISTOJUIN24!$A$6:$BP$44,10,0)) -> 1 | C12: =VLOOKUP(A12,[7]LISTADHERENT!A$5:H$60,3,0) -> DOMOU FABIEN | D12: =IF(G12="ECHEC",0,B$3) -> 25000 | E12: =D12+VLOOKUP($A12,[6]HISTOJUIN24!$A$7:$AU$42,45,0)+F12 -> 50000 | F12: =VLOOKUP($A12,[6]HISTOJUIN24!$A$6:$AV$48,7,0) -> 0 | G12: =VLOOKUP($A12,[6]HISTOJUIN24!$A$6:$AV$49,8,0) -> BANQUE | H12: =VLOOKUP($A12,[6]HISTOJUIN24!$A$6:$AV$49,35,0) -> 0 | I12: =VLOOKUP($A12,[6]HISTOJUIN24!$A$6:$AV$49,38,0) -> 0 | J12: =IF(H12=0,0,VLOOKUP($A12,[6]HISTOJUIN24!$A$6:$AV$49,42,0)) -> 0 | K12: =VLOOKUP($A12,[6]HISTOJUIN24!$A$6:$AV$49,41,0) -> 0 | L12: =TONTMAI24!H12+TONTMAI24!I12 -> 0 | M12: =VLOOKUP($A12,[6]HISTOJUIN24!$A$6:$AV$49,16,0) -> 0 | N12: =IF(M12<>0,VLOOKUP($A12,[6]HISTOJUIN24!$A$6:$AV$49,8,0),"ECHEC") -> ECHEC | O12: =IF(R12=0,0,VLOOKUP($A12,[6]HISTOJUIN24!$A$6:$AV$49,32,0)) -> 0 | P12: =VLOOKUP($A12,[6]HISTOJUIN24!$A$6:$AV$49,33,0) -> 0 | Q12: =IF(R12=0,0,($C$3-R12)) -> 0 | R12: =VLOOKUP($A12,[6]HISTOJUIN24!$A$6:$AV$49,29,0) -> 0
A13: AS201609 | B13: =IF(D13=0,0,VLOOKUP($A13,[6]HISTOJUIN24!$A$6:$BP$44,10,0)) -> 1 | C13: =VLOOKUP(A13,[7]LISTADHERENT!A$5:H$60,3,0) -> DONHOU DAVID | D13: =IF(G13="ECHEC",0,B$3) -> 25000 | E13: =D13+VLOOKUP($A13,[6]HISTOJUIN24!$A$7:$AU$42,45,0)+F13 -> 50000 | F13: =VLOOKUP($A13,[6]HISTOJUIN24!$A$6:$AV$48,7,0) -> 0 | G13: =VLOOKUP($A13,[6]HISTOJUIN24!$A$6:$AV$49,8,0) -> BANQUE | H13: =VLOOKUP($A13,[6]HISTOJUIN24!$A$6:$AV$49,35,0) -> 0 | I13: =VLOOKUP($A13,[6]HISTOJUIN24!$A$6:$AV$49,38,0) -> 0 | J13: =IF(H13=0,0,VLOOKUP($A13,[6]HISTOJUIN24!$A$6:$AV$49,42,0)) -> 0 | K13: =VLOOKUP($A13,[6]HISTOJUIN24!$A$6:$AV$49,41,0) -> 0 | L13: =TONTMAI24!H13+TONTMAI24!I13 -> 0 | M13: =VLOOKUP($A13,[6]HISTOJUIN24!$A$6:$AV$49,16,0) -> 0 | N13: =IF(M13<>0,VLOOKUP($A13,[6]HISTOJUIN24!$A$6:$AV$49,8,0),"ECHEC") -> ECHEC | O13: =IF(R13=0,0,VLOOKUP($A13,[6]HISTOJUIN24!$A$6:$AV$49,32,0)) -> 0 | P13: =VLOOKUP($A13,[6]HISTOJUIN24!$A$6:$AV$49,33,0) -> 0 | Q13: =IF(R13=0,0,($C$3-R13)) -> 0 | R13: =VLOOKUP($A13,[6]HISTOJUIN24!$A$6:$AV$49,29,0) -> 0
A14: AS201611 | B14: =IF(D14=0,0,VLOOKUP($A14,[6]HISTOJUIN24!$A$6:$BP$44,10,0)) -> 1 | C14: =VLOOKUP(A14,[7]LISTADHERENT!A$5:H$60,3,0) -> HENGUE PAUL OMER | D14: =IF(G14="ECHEC",0,B$3) -> 25000 | E14: =D14+VLOOKUP($A14,[6]HISTOJUIN24!$A$7:$AU$42,45,0)+F14 -> 50000 | F14: =VLOOKUP($A14,[6]HISTOJUIN24!$A$6:$AV$48,7,0) -> 0 | G14: =VLOOKUP($A14,[6]HISTOJUIN24!$A$6:$AV$49,8,0) -> BANQUE | H14: =VLOOKUP($A14,[6]HISTOJUIN24!$A$6:$AV$49,35,0) -> 0 | I14: =VLOOKUP($A14,[6]HISTOJUIN24!$A$6:$AV$49,38,0) -> 0 | J14: =IF(H14=0,0,VLOOKUP($A14,[6]HISTOJUIN24!$A$6:$AV$49,42,0)) -> 0 | K14: =VLOOKUP($A14,[6]HISTOJUIN24!$A$6:$AV$49,41,0) -> 0 | L14: =TONTMAI24!H14+TONTMAI24!I14 -> 0 | M14: =VLOOKUP($A14,[6]HISTOJUIN24!$A$6:$AV$49,16,0) -> 0 | N14: =IF(M14<>0,VLOOKUP($A14,[6]HISTOJUIN24!$A$6:$AV$49,8,0),"ECHEC") -> ECHEC | O14: =IF(R14=0,0,VLOOKUP($A14,[6]HISTOJUIN24!$A$6:$AV$49,32,0)) -> 0 | P14: =VLOOKUP($A14,[6]HISTOJUIN24!$A$6:$AV$49,33,0) -> 0 | Q14: =IF(R14=0,0,($C$3-R14)) -> 0 | R14: =VLOOKUP($A14,[6]HISTOJUIN24!$A$6:$AV$49,29,0) -> 0
A15: AS201613 | B15: =IF(D15=0,0,VLOOKUP($A15,[6]HISTOJUIN24!$A$6:$BP$44,10,0)) -> 1 | C15: =VLOOKUP(A15,[7]LISTADHERENT!A$5:H$60,3,0) -> HOTCHO BENJAMIN | D15: =IF(G15="ECHEC",0,B$3) -> 25000 | E15: =D15+VLOOKUP($A15,[6]HISTOJUIN24!$A$7:$AU$42,45,0)+F15 -> 85000 | F15: =VLOOKUP($A15,[6]HISTOJUIN24!$A$6:$AV$48,7,0) -> 0 | G15: =VLOOKUP($A15,[6]HISTOJUIN24!$A$6:$AV$49,8,0) -> BANQUE | H15: =VLOOKUP($A15,[6]HISTOJUIN24!$A$6:$AV$49,35,0) -> 0 | I15: =VLOOKUP($A15,[6]HISTOJUIN24!$A$6:$AV$49,38,0) -> 0 | J15: =IF(H15=0,0,VLOOKUP($A15,[6]HISTOJUIN24!$A$6:$AV$49,42,0)) -> 0 | K15: =VLOOKUP($A15,[6]HISTOJUIN24!$A$6:$AV$49,41,0) -> 0 | L15: =TONTMAI24!H15+TONTMAI24!I15 -> 0 | M15: =VLOOKUP($A15,[6]HISTOJUIN24!$A$6:$AV$49,16,0) -> 0 | N15: =IF(M15<>0,VLOOKUP($A15,[6]HISTOJUIN24!$A$6:$AV$49,8,0),"ECHEC") -> ECHEC | O15: =IF(R15=0,0,VLOOKUP($A15,[6]HISTOJUIN24!$A$6:$AV$49,32,0)) -> 0 | P15: =VLOOKUP($A15,[6]HISTOJUIN24!$A$6:$AV$49,33,0) -> 0 | Q15: =IF(R15=0,0,($C$3-R15)) -> 0 | R15: =VLOOKUP($A15,[6]HISTOJUIN24!$A$6:$AV$49,29,0) -> 0
A16: AS201617 | B16: =IF(D16=0,0,VLOOKUP($A16,[6]HISTOJUIN24!$A$6:$BP$44,10,0)) -> 1 | C16: =VLOOKUP(A16,[7]LISTADHERENT!A$5:H$60,3,0) -> KOUAMOU MOISE | D16: =IF(G16="ECHEC",0,B$3) -> 25000 | E16: =D16+VLOOKUP($A16,[6]HISTOJUIN24!$A$7:$AU$42,45,0)+F16 -> 50500 | F16: =VLOOKUP($A16,[6]HISTOJUIN24!$A$6:$AV$48,7,0) -> 0 | G16: =VLOOKUP($A16,[6]HISTOJUIN24!$A$6:$AV$49,8,0) -> BANQUE | H16: =VLOOKUP($A16,[6]HISTOJUIN24!$A$6:$AV$49,35,0) -> 0 | I16: =VLOOKUP($A16,[6]HISTOJUIN24!$A$6:$AV$49,38,0) -> 0 | J16: =IF(H16=0,0,VLOOKUP($A16,[6]HISTOJUIN24!$A$6:$AV$49,42,0)) -> 0 | K16: =VLOOKUP($A16,[6]HISTOJUIN24!$A$6:$AV$49,41,0) -> 0 | L16: =TONTMAI24!H16+TONTMAI24!I16 -> 50500 | M16: =VLOOKUP($A16,[6]HISTOJUIN24!$A$6:$AV$49,16,0) -> 50500 | N16: =IF(M16<>0,VLOOKUP($A16,[6]HISTOJUIN24!$A$6:$AV$49,8,0),"ECHEC") -> BANQUE | O16: =IF(R16=0,0,VLOOKUP($A16,[6]HISTOJUIN24!$A$6:$AV$49,32,0)) -> 0 | P16: =VLOOKUP($A16,[6]HISTOJUIN24!$A$6:$AV$49,33,0) -> 0 | Q16: =IF(R16=0,0,($C$3-R16)) -> 0 | R16: =VLOOKUP($A16,[6]HISTOJUIN24!$A$6:$AV$49,29,0) -> 0
A17: AS201619 | B17: =IF(D17=0,0,VLOOKUP($A17,[6]HISTOJUIN24!$A$6:$BP$44,10,0)) -> 1 | C17: =VLOOKUP(A17,[7]LISTADHERENT!A$5:H$60,3,0) -> KOUATCHO MESSACK | D17: =IF(G17="ECHEC",0,B$3) -> 25000 | E17: =D17+VLOOKUP($A17,[6]HISTOJUIN24!$A$7:$AU$42,45,0)+F17 -> 60000 | F17: =VLOOKUP($A17,[6]HISTOJUIN24!$A$6:$AV$48,7,0) -> 0 | G17: =VLOOKUP($A17,[6]HISTOJUIN24!$A$6:$AV$49,8,0) -> BANQUE | H17: =VLOOKUP($A17,[6]HISTOJUIN24!$A$6:$AV$49,35,0) -> 0 | I17: =VLOOKUP($A17,[6]HISTOJUIN24!$A$6:$AV$49,38,0) -> 0 | J17: =IF(H17=0,0,VLOOKUP($A17,[6]HISTOJUIN24!$A$6:$AV$49,42,0)) -> 0 | K17: =VLOOKUP($A17,[6]HISTOJUIN24!$A$6:$AV$49,41,0) -> 0 | L17: =TONTMAI24!H17+TONTMAI24!I17 -> 0 | M17: =VLOOKUP($A17,[6]HISTOJUIN24!$A$6:$AV$49,16,0) -> 0 | N17: =IF(M17<>0,VLOOKUP($A17,[6]HISTOJUIN24!$A$6:$AV$49,8,0),"ECHEC") -> ECHEC | O17: =IF(R17=0,0,VLOOKUP($A17,[6]HISTOJUIN24!$A$6:$AV$49,32,0)) -> 0 | P17: =VLOOKUP($A17,[6]HISTOJUIN24!$A$6:$AV$49,33,0) -> 0 | Q17: =IF(R17=0,0,($C$3-R17)) -> 0 | R17: =VLOOKUP($A17,[6]HISTOJUIN24!$A$6:$AV$49,29,0) -> 0
... A37: AS201647 | B37: =IF(D37=0,0,VLOOKUP($A37,[6]HISTOJUIN24!$A$6:$BP$44,10,0)) -> 1 | C37: =VLOOKUP(A37,[7]LISTADHERENT!A$5:H$60,3,0) -> YOUMBI EMMANUEL | D37: =IF(G37="ECHEC",0,B$3) -> 25000 | E37: =D37+VLOOKUP($A37,[6]HISTOJUIN24!$A$7:$AU$42,45,0)+F37 -> 50000 | F37: =VLOOKUP($A37,[6]HISTOJUIN24!$A$6:$AV$48,7,0) -> 0 | G37: =VLOOKUP($A37,[6]HISTOJUIN24!$A$6:$AV$49,8,0) -> BANQUE | H37: =VLOOKUP($A37,[6]HISTOJUIN24!$A$6:$AV$49,35,0) -> 0 | I37: =VLOOKUP($A37,[6]HISTOJUIN24!$A$6:$AV$49,38,0) -> 0 | J37: =IF(H37=0,0,VLOOKUP($A37,[6]HISTOJUIN24!$A$6:$AV$49,42,0)) -> 0 | K37: =VLOOKUP($A37,[6]HISTOJUIN24!$A$6:$AV$49,41,0) -> 0 | L37: =TONTMAI24!H37+TONTMAI24!I37 -> 0 | M37: =VLOOKUP($A37,[6]HISTOJUIN24!$A$6:$AV$49,16,0) -> 0 | N37: =IF(M37<>0,VLOOKUP($A37,[6]HISTOJUIN24!$A$6:$AV$49,8,0),"ECHEC") -> ECHEC | O37: =IF(R37=0,0,VLOOKUP($A37,[6]HISTOJUIN24!$A$6:$AV$49,32,0)) -> 0 | P37: =VLOOKUP($A37,[6]HISTOJUIN24!$A$6:$AV$49,33,0) -> 0 | Q37: =IF(R37=0,0,($C$3-R37)) -> 0 | R37: =VLOOKUP($A37,[6]HISTOJUIN24!$A$6:$AV$49,29,0) -> 0
A39: TOTAL PART | B39: =SUM(B6:B38) -> 32
A40: NBRE ADHERENT | B40: =COUNT(D6:D38) -> 32 | D40: =SUM(D6:D39) -> 800000 | F40: =SUM(F6:F39) -> 6000 | G40: =SUM(G6:G39) -> 0 | H40: =SUM(H6:H39) -> 173500 | I40: =SUM(I6:I39) -> 3000 | J40: =SUM(J6:J39) -> 0 | K40: =SUM(K6:K39) -> 0 | L40: =SUM(L6:L39) -> 101000 | M40: =SUM(M6:M39) -> 101000 | ... R40: =SUM(R6:R39) -> 9000
N41: NBRE PART | O41: PART VENDUE
D42: MONTANT TONTINE | G42: REMBOURSEMENT PETIT LOT | H42: VENTE PETIT LOT | I42: VENTE LOT PRINCIPAL | J42: SOLDE EN CAISSE | L42: TONTINE + REMB + INTERET VENTE | M42: =D46+G46+R40+TONTMAI24!O47 -> 1073500
D43: =SUMIFS(D6:D39,G6:G39,"ESPECES") -> 50000 | F43: ESPECES | G43: =SUMIFS(M6:M33,N6:N33,"ESPECES") -> 0 | H43: =SUMIFS(H6:H39,J6:J39,"ESPECES") -> 0 | I43: =SUMIFS(Q6:Q39,O6:O39,"ESPECES") -> 0 | J43: =D43+G43-H43-I43 -> 50000 | L43: LOT PRINCIPAL | M43: =C3*COUNTIF(Q7:Q39,">0") -> 900000 | N43: =D3 -> 3 | O43: =COUNTIF(Q6:Q33,">0") -> 3
D44: =SUMIFS(D6:D39,G6:G39,"BANQUE") -> 750000 | F44: BANQUE | G44: =SUMIFS(M6:M33,N6:N33,"BANQUE") -> 101000 | H44: =SUMIFS(H6:H39,J6:J39,"BANQUE") -> 173500 | I44: =SUMIFS(Q6:Q39,O6:O39,"BANQUE") -> 891000 | J44: =D44+G44-H44-I44 -> -213500
L45: PETIT LOT | M45: =M42-M43 -> 173500
D46: =D43+D44 -> 800000 | F46: TOTAL | G46: =G43+G44 -> 101000 | H46: =H43+H44 -> 173500 | I46: =I43+I44 -> 891000 | J46: =J43+J44 -> -163500
F47: TOTAL+DEPOT | L47: RELIQUAT | M47: =M45-H40 -> 0 | O47: =TONTJUIN24!M47 -> 0 | P47: CUMUL
L49: ECHEC TONTINE MOIS | M49: =COUNTIFS(G7:G38,"ECHEC")*23000 -> 0 | O49: =TONTJUIN24!M49 -> 0 | P49: CUMUL
L50: ECHEC REMBOURSEMENT MOIS | M50: =L40-G46 -> 0 | O50: =TONTJUIN24!M50 -> 0 | P50: CUMUL

Sheet TONTJUIL24
A1: ASSOCIATION | B1: ASELBY
A2: ANNEE | B2: 2024 | C2: TONIINE | D2: NBRE PART
A3: TAUX TONTINE | B3: 25000 | C3: =B3*12 -> 300000 | D3: =ROUNDDOWN(M42/C3,0) -> 3
C4: 45486
A5: MATRICULE | B5: NBREPART | C5: NOM ET PRENOM | D5: MONTANT TONTINE | E5: MONTANT VERSE | F5: PENALITE VERSEMENT ESPECES | G5: MODE VERSEMENT | H5: VENTE PETIT LOT | I5: INTERET PETIT LOT | J5: MODE VERSEMENT VENTE PETIT LOT | K5: NUMERO CHEQUE | L5: MONTANT A REMBOURSER PETIT LOT | M5: REMBOURSEMENT PETIT LOT | N5: MODE VERSEMENT REMBOURSEMENT | O5: MODE VERSEMENTLOT PRINCIPAL | P5: NUMERO CHEQUE | Q5: MONTANT LOT PRINCIPAL | R5: INTERET LOT PRINCIPAL
A6: AS201601 | B6: =IF(D6=0,0,VLOOKUP($A6,[6]HISTOJUIL24!$A$6:$BP$44,10,0)) -> 1 | C6: =VLOOKUP(A6,[7]LISTADHERENT!A$5:H$60,3,0) -> BAKOP ACHILLE | D6: =IF(G6="ECHEC",0,B$3) -> 25000 | E6: =D6+VLOOKUP($A6,[6]HISTOJUIL24!$A$7:$AU$42,45,0)+F6 -> 50000 | F6: =VLOOKUP($A6,[6]HISTOJUIL24!$A$6:$AV$48,7,0) -> 3000 | G6: =VLOOKUP($A6,[6]HISTOJUIL24!$A$6:$AV$49,8,0) -> ESPECES | H6: =VLOOKUP($A6,[6]HISTOJUIL24!$A$6:$AV$49,35,0) -> 0 | I6: =VLOOKUP($A6,[6]HISTOJUIL24!$A$6:$AV$49,38,0) -> 0 | J6: =IF(H6=0,0,VLOOKUP($A6,[6]HISTOJUIL24!$A$6:$AV$49,42,0)) -> 0 | K6: =VLOOKUP($A6,[6]HISTOJUIL24!$A$6:$AV$49,41,0) -> 0 | L6: =TONTJUIN24!H6+TONTJUIN24!I6 -> 0 | M6: =VLOOKUP($A6,[6]HISTOJUIL24!$A$6:$AV$49,16,0) -> 0 | N6: =IF(M6<>0,VLOOKUP($A6,[6]HISTOJUIL24!$A$6:$AV$49,8,0),"ECHEC") -> ECHEC | O6: =IF(R6=0,0,VLOOKUP($A6,[6]HISTOJUIL24!$A$6:$AV$49,32,0)) -> 0 | P6: =VLOOKUP($A6,[6]HISTOJUIL24!$A$6:$AV$49,33,0) -> 0 | Q6: =IF(R6=0,0,($C$3-R6)) -> 0 | R6: =VLOOKUP($A6,[6]HISTOJUIL24!$A$6:$AV$49,29,0) -> 0
A7: AS201602 | B7: =IF(D7=0,0,VLOOKUP($A7,[6]HISTOJUIL24!$A$6:$BP$44,10,0)) -> 1 | C7: =VLOOKUP(A7,[7]LISTADHERENT!A$5:H$60,3,0) -> BOUTCHOUANG WILLIAM | D7: =IF(G7="ECHEC",0,B$3) -> 25000 | E7: =D7+VLOOKUP($A7,[6]HISTOJUIL24!$A$7:$AU$42,45,0)+F7 -> 50000 | F7: =VLOOKUP($A7,[6]HISTOJUIL24!$A$6:$AV$48,7,0) -> 0 | G7: =VLOOKUP($A7,[6]HISTOJUIL24!$A$6:$AV$49,8,0) -> BANQUE | H7: =VLOOKUP($A7,[6]HISTOJUIL24!$A$6:$AV$49,35,0) -> 0 | I7: =VLOOKUP($A7,[6]HISTOJUIL24!$A$6:$AV$49,38,0) -> 0 | J7: =IF(H7=0,0,VLOOKUP($A7,[6]HISTOJUIL24!$A$6:$AV$49,42,0)) -> 0 | K7: =VLOOKUP($A7,[6]HISTOJUIL24!$A$6:$AV$49,41,0) -> 0 | L7: =TONTJUIN24!H7+TONTJUIN24!I7 -> 0 | M7: =VLOOKUP($A7,[6]HISTOJUIL24!$A$6:$AV$49,16,0) -> 0 | N7: =IF(M7<>0,VLOOKUP($A7,[6]HISTOJUIL24!$A$6:$AV$49,8,0),"ECHEC") -> ECHEC | O7: =IF(R7=0,0,VLOOKUP($A7,[6]HISTOJUIL24!$A$6:$AV$49,32,0)) -> 0 | P7: =VLOOKUP($A7,[6]HISTOJUIL24!$A$6:$AV$49,33,0) -> 0 | Q7: =IF(R7=0,0,($C$3-R7)) -> 0 | R7: =VLOOKUP($A7,[6]HISTOJUIL24!$A$6:$AV$49,29,0) -> 0
A8: AS201604 | B8: =IF(D8=0,0,VLOOKUP($A8,[6]HISTOJUIL24!$A$6:$BP$44,10,0)) -> 1 | C8: =VLOOKUP(A8,[7]LISTADHERENT!A$5:H$60,3,0) -> DJOMO JEAN PAUL | D8: =IF(G8="ECHEC",0,B$3) -> 25000 | E8: =D8+VLOOKUP($A8,[6]HISTOJUIL24!$A$7:$AU$42,45,0)+F8 -> 50000 | F8: =VLOOKUP($A8,[6]HISTOJUIL24!$A$6:$AV$48,7,0) -> 0 | G8: =VLOOKUP($A8,[6]HISTOJUIL24!$A$6:$AV$49,8,0) -> BANQUE | H8: =VLOOKUP($A8,[6]HISTOJUIL24!$A$6:$AV$49,35,0) -> 0 | I8: =VLOOKUP($A8,[6]HISTOJUIL24!$A$6:$AV$49,38,0) -> 0 | J8: =IF(H8=0,0,VLOOKUP($A8,[6]HISTOJUIL24!$A$6:$AV$49,42,0)) -> 0 | K8: =VLOOKUP($A8,[6]HISTOJUIL24!$A$6:$AV$49,41,0) -> 0 | L8: =TONTJUIN24!H8+TONTJUIN24!I8 -> 0 | M8: =VLOOKUP($A8,[6]HISTOJUIL24!$A$6:$AV$49,16,0) -> 0 | N8: =IF(M8<>0,VLOOKUP($A8,[6]HISTOJUIL24!$A$6:$AV$49,8,0),"ECHEC") -> ECHEC | O8: =IF(R8=0,0,VLOOKUP($A8,[6]HISTOJUIL24!$A$6:$AV$49,32,0)) -> 0 | P8: =VLOOKUP($A8,[6]HISTOJUIL24!$A$6:$AV$49,33,0) -> 0 | Q8: =IF(R8=0,0,($C$3-R8)) -> 0 | R8: =VLOOKUP($A8,[6]HISTOJUIL24!$A$6:$AV$49,29,0) -> 0
A9: AS201654 | B9: =IF(D9=0,0,VLOOKUP($A9,[6]HISTOJUIL24!$A$6:$BP$44,10,0)) -> 1 | C9: =VLOOKUP(A9,[7]LISTADHERENT!A$5:H$60,3,0) -> DJOMOU TCHAPDA | D9: =IF(G9="ECHEC",0,B$3) -> 25000 | E9: =D9+VLOOKUP($A9,[6]HISTOJUIL24!$A$7:$AU$42,45,0)+F9 -> 53500 | F9: =VLOOKUP($A9,[6]HISTOJUIL24!$A$6:$AV$48,7,0) -> 0 | G9: =VLOOKUP($A9,[6]HISTOJUIL24!$A$6:$AV$49,8,0) -> BANQUE | H9: =VLOOKUP($A9,[6]HISTOJUIL24!$A$6:$AV$49,35,0) -> 0 | I9: =VLOOKUP($A9,[6]HISTOJUIL24!$A$6:$AV$49,38,0) -> 0 | J9: =IF(H9=0,0,VLOOKUP($A9,[6]HISTOJUIL24!$A$6:$AV$49,42,0)) -> 0 | K9: =VLOOKUP($A9,[6]HISTOJUIL24!$A$6:$AV$49,41,0) -> 0 | L9: =TONTJUIN24!H9+TONTJUIN24!I9 -> 30500 | M9: =VLOOKUP($A9,[6]HISTOJUIL24!$A$6:$AV$49,16,0) -> 30500 | N9: =IF(M9<>0,VLOOKUP($A9,[6]HISTOJUIL24!$A$6:$AV$49,8,0),"ECHEC") -> BANQUE | O9: =IF(R9=0,0,VLOOKUP($A9,[6]HISTOJUIL24!$A$6:$AV$49,32,0)) -> 0 | P9: =VLOOKUP($A9,[6]HISTOJUIL24!$A$6:$AV$49,33,0) -> 0 | Q9: =IF(R9=0,0,($C$3-R9)) -> 0 | R9: =VLOOKUP($A9,[6]HISTOJUIL24!$A$6:$AV$49,29,0) -> 0
A10: AS201605 | B10: =IF(D10=0,0,VLOOKUP($A10,[6]HISTOJUIL24!$A$6:$BP$44,10,0)) -> 1 | C10: =VLOOKUP(A10,[7]LISTADHERENT!A$5:H$60,3,0) -> DJOUKWE NANGUEN GUY BLAISE | D10: =IF(G10="ECHEC",0,B$3) -> 25000 | E10: =D10+VLOOKUP($A10,[6]HISTOJUIL24!$A$7:$AU$42,45,0)+F10 -> 53000 | F10: =VLOOKUP($A10,[6]HISTOJUIL24!$A$6:$AV$48,7,0) -> 3000 | G10: =VLOOKUP($A10,[6]HISTOJUIL24!$A$6:$AV$49,8,0) -> BANQUE | H10: =VLOOKUP($A10,[6]HISTOJUIL24!$A$6:$AV$49,35,0) -> 0 | I10: =VLOOKUP($A10,[6]HISTOJUIL24!$A$6:$AV$49,38,0) -> 0 | J10: =IF(H10=0,0,VLOOKUP($A10,[6]HISTOJUIL24!$A$6:$AV$49,42,0)) -> 0 | K10: =VLOOKUP($A10,[6]HISTOJUIL24!$A$6:$AV$49,41,0) -> 0 | L10: =TONTJUIN24!H10+TONTJUIN24!I10 -> 30500 | M10: =VLOOKUP($A10,[6]HISTOJUIL24!$A$6:$AV$49,16,0) -> 30500 | N10: =IF(M10<>0,VLOOKUP($A10,[6]HISTOJUIL24!$A$6:$AV$49,8,0),"ECHEC") -> BANQUE | O10: =IF(R10=0,0,VLOOKUP($A10,[6]HISTOJUIL24!$A$6:$AV$49,32,0)) -> 0 | P10: =VLOOKUP($A10,[6]HISTOJUIL24!$A$6:$AV$49,33,0) -> 0 | Q10: =IF(R10=0,0,($C$3-R10)) -> 0 | R10: =VLOOKUP($A10,[6]HISTOJUIL24!$A$6:$AV$49,29,0) -> 0
A11: AS201608 | B11: =IF(D11=0,0,VLOOKUP($A11,[6]HISTOJUIL24!$A$6:$BP$44,10,0)) -> 1 | C11: =VLOOKUP(A11,[7]LISTADHERENT!A$5:H$60,3,0) -> DJUOMBESSY ANTOINE | D11: =IF(G11="ECHEC",0,B$3) -> 25000 | E11: =D11+VLOOKUP($A11,[6]HISTOJUIL24!$A$7:$AU$42,45,0)+F11 -> 56600 | F11: =VLOOKUP($A11,[6]HISTOJUIL24!$A$6:$AV$48,7,0) -> 0 | G11: =VLOOKUP($A11,[6]HISTOJUIL24!$A$6:$AV$49,8,0) -> BANQUE | H11: =VLOOKUP($A11,[6]HISTOJUIL24!$A$6:$AV$49,35,0) -> 0 | I11: =VLOOKUP($A11,[6]HISTOJUIL24!$A$6:$AV$49,38,0) -> 0 | J11: =IF(H11=0,0,VLOOKUP($A11,[6]HISTOJUIL24!$A$6:$AV$49,42,0)) -> 0 | K11: =VLOOKUP($A11,[6]HISTOJUIL24!$A$6:$AV$49,41,0) -> 0 | L11: =TONTJUIN24!H11+TONTJUIN24!I11 -> 0 | M11: =VLOOKUP($A11,[6]HISTOJUIL24!$A$6:$AV$49,16,0) -> 0 | N11: =IF(M11<>0,VLOOKUP($A11,[6]HISTOJUIL24!$A$6:$AV$49,8,0),"ECHEC") -> ECHEC | O11: =IF(R11=0,0,VLOOKUP($A11,[6]HISTOJUIL24!$A$6:$AV$49,32,0)) -> BANQUE | P11: =VLOOKUP($A11,[6]HISTOJUIL24!$A$6:$AV$49,33,0) -> 0 | Q11: =IF(R11=0,0,($C$3-R11)) -> 297000 | R11: =VLOOKUP($A11,[6]HISTOJUIL24!$A$6:$AV$49,29,0) -> 3000
A12: AS201651 | B12: =IF(D12=0,0,VLOOKUP($A12,[6]HISTOJUIL24!$A$6:$BP$44,10,0)) -> 1 | C12: =VLOOKUP(A12,[7]LISTADHERENT!A$5:H$60,3,0) -> DOMOU FABIEN | D12: =IF(G12="ECHEC",0,B$3) -> 25000 | E12: =D12+VLOOKUP($A12,[6]HISTOJUIL24!$A$7:$AU$42,45,0)+F12 -> 50000 | F12: =VLOOKUP($A12,[6]HISTOJUIL24!$A$6:$AV$48,7,0) -> 0 | G12: =VLOOKUP($A12,[6]HISTOJUIL24!$A$6:$AV$49,8,0) -> BANQUE | H12: =VLOOKUP($A12,[6]HISTOJUIL24!$A$6:$AV$49,35,0) -> 0 | I12: =VLOOKUP($A12,[6]HISTOJUIL24!$A$6:$AV$49,38,0) -> 0 | J12: =IF(H12=0,0,VLOOKUP($A12,[6]HISTOJUIL24!$A$6:$AV$49,42,0)) -> 0 | K12: =VLOOKUP($A12,[6]HISTOJUIL24!$A$6:$AV$49,41,0) -> 0 | L12: =TONTJUIN24!H12+TONTJUIN24!I12 -> 0 | M12: =VLOOKUP($A12,[6]HISTOJUIL24!$A$6:$AV$49,16,0) -> 0 | N12: =IF(M12<>0,VLOOKUP($A12,[6]HISTOJUIL24!$A$6:$AV$49,8,0),"ECHEC") -> ECHEC | O12: =IF(R12=0,0,VLOOKUP($A12,[6]HISTOJUIL24!$A$6:$AV$49,32,0)) -> BANQUE | P12: =VLOOKUP($A12,[6]HISTOJUIL24!$A$6:$AV$49,33,0) -> 0 | Q12: =IF(R12=0,0,($C$3-R12)) -> 297500 | R12: =VLOOKUP($A12,[6]HISTOJUIL24!$A$6:$AV$49,29,0) -> 2500
A13: AS201609 | B13: =IF(D13=0,0,VLOOKUP($A13,[6]HISTOJUIL24!$A$6:$BP$44,10,0)) -> 1 | C13: =VLOOKUP(A13,[7]LISTADHERENT!A$5:H$60,3,0) -> DONHOU DAVID | D13: =IF(G13="ECHEC",0,B$3) -> 25000 | E13: =D13+VLOOKUP($A13,[6]HISTOJUIL24!$A$7:$AU$42,45,0)+F13 -> 50000 | F13: =VLOOKUP($A13,[6]HISTOJUIL24!$A$6:$AV$48,7,0) -> 0 | G13: =VLOOKUP($A13,[6]HISTOJUIL24!$A$6:$AV$49,8,0) -> BANQUE | H13: =VLOOKUP($A13,[6]HISTOJUIL24!$A$6:$AV$49,35,0) -> 0 | I13: =VLOOKUP($A13,[6]HISTOJUIL24!$A$6:$AV$49,38,0) -> 0 | J13: =IF(H13=0,0,VLOOKUP($A13,[6]HISTOJUIL24!$A$6:$AV$49,42,0)) -> 0 | K13: =VLOOKUP($A13,[6]HISTOJUIL24!$A$6:$AV$49,41,0) -> 0 | L13: =TONTJUIN24!H13+TONTJUIN24!I13 -> 0 | M13: =VLOOKUP($A13,[6]HISTOJUIL24!$A$6:$AV$49,16,0) -> 0 | N13: =IF(M13<>0,VLOOKUP($A13,[6]HISTOJUIL24!$A$6:$AV$49,8,0),"ECHEC") -> ECHEC | O13: =IF(R13=0,0,VLOOKUP($A13,[6]HISTOJUIL24!$A$6:$AV$49,32,0)) -> 0 | P13: =VLOOKUP($A13,[6]HISTOJUIL24!$A$6:$AV$49,33,0) -> 0 | Q13: =IF(R13=0,0,($C$3-R13)) -> 0 | R13: =VLOOKUP($A13,[6]HISTOJUIL24!$A$6:$AV$49,29,0) -> 0
A14: AS201611 | B14: =IF(D14=0,0,VLOOKUP($A14,[6]HISTOJUIL24!$A$6:$BP$44,10,0)) -> 1 | C14: =VLOOKUP(A14,[7]LISTADHERENT!A$5:H$60,3,0) -> HENGUE PAUL OMER | D14: =IF(G14="ECHEC",0,B$3) -> 25000 | E14: =D14+VLOOKUP($A14,[6]HISTOJUIL24!$A$7:$AU$42,45,0)+F14 -> 50000 | F14: =VLOOKUP($A14,[6]HISTOJUIL24!$A$6:$AV$48,7,0) -> 0 | G14: =VLOOKUP($A14,[6]HISTOJUIL24!$A$6:$AV$49,8,0) -> BANQUE | H14: =VLOOKUP($A14,[6]HISTOJUIL24!$A$6:$AV$49,35,0) -> 0 | I14: =VLOOKUP($A14,[6]HISTOJUIL24!$A$6:$AV$49,38,0) -> 0 | J14: =IF(H14=0,0,VLOOKUP($A14,[6]HISTOJUIL24!$A$6:$AV$49,42,0)) -> 0 | K14: =VLOOKUP($A14,[6]HISTOJUIL24!$A$6:$AV$49,41,0) -> 0 | L14: =TONTJUIN24!H14+TONTJUIN24!I14 -> 0 | M14: =VLOOKUP($A14,[6]HISTOJUIL24!$A$6:$AV$49,16,0) -> 0 | N14: =IF(M14<>0,VLOOKUP($A14,[6]HISTOJUIL24!$A$6:$AV$49,8,0),"ECHEC") -> ECHEC | O14: =IF(R14=0,0,VLOOKUP($A14,[6]HISTOJUIL24!$A$6:$AV$49,32,0)) -> 0 | P14: =VLOOKUP($A14,[6]HISTOJUIL24!$A$6:$AV$49,33,0) -> 0 | Q14: =IF(R14=0,0,($C$3-R14)) -> 0 | R14: =VLOOKUP($A14,[6]HISTOJUIL24!$A$6:$AV$49,29,0) -> 0
A15: AS201613 | B15: =IF(D15=0,0,VLOOKUP($A15,[6]HISTOJUIL24!$A$6:$BP$44,10,0)) -> 1 | C15: =VLOOKUP(A15,[7]LISTADHERENT!A$5:H$60,3,0) -> HOTCHO BENJAMIN | D15: =IF(G15="ECHEC",0,B$3) -> 25000 | E15: =D15+VLOOKUP($A15,[6]HISTOJUIL24!$A$7:$AU$42,45,0)+F15 -> 65000 | F15: =VLOOKUP($A15,[6]HISTOJUIL24!$A$6:$AV$48,7,0) -> 0 | G15: =VLOOKUP($A15,[6]HISTOJUIL24!$A$6:$AV$49,8,0) -> BANQUE | H15: =VLOOKUP($A15,[6]HISTOJUIL24!$A$6:$AV$49,35,0) -> 0 | I15: =VLOOKUP($A15,[6]HISTOJUIL24!$A$6:$AV$49,38,0) -> 0 | J15: =IF(H15=0,0,VLOOKUP($A15,[6]HISTOJUIL24!$A$6:$AV$49,42,0)) -> 0 | K15: =VLOOKUP($A15,[6]HISTOJUIL24!$A$6:$AV$49,41,0) -> 0 | L15: =TONTJUIN24!H15+TONTJUIN24!I15 -> 0 | M15: =VLOOKUP($A15,[6]HISTOJUIL24!$A$6:$AV$49,16,0) -> 0 | N15: =IF(M15<>0,VLOOKUP($A15,[6]HISTOJUIL24!$A$6:$AV$49,8,0),"ECHEC") -> ECHEC | O15: =IF(R15=0,0,VLOOKUP($A15,[6]HISTOJUIL24!$A$6:$AV$49,32,0)) -> 0 | P15: =VLOOKUP($A15,[6]HISTOJUIL24!$A$6:$AV$49,33,0) -> 0 | Q15: =IF(R15=0,0,($C$3-R15)) -> 0 | R15: =VLOOKUP($A15,[6]HISTOJUIL24!$A$6:$AV$49,29,0) -> 0
A16: AS201617 | B16: =IF(D16=0,0,VLOOKUP($A16,[6]HISTOJUIL24!$A$6:$BP$44,10,0)) -> 1 | C16: =VLOOKUP(A16,[7]LISTADHERENT!A$5:H$60,3,0) -> KOUAMOU MOISE | D16: =IF(G16="ECHEC",0,B$3) -> 25000 | E16: =D16+VLOOKUP($A16,[6]HISTOJUIL24!$A$7:$AU$42,45,0)+F16 -> 53000 | F16: =VLOOKUP($A16,[6]HISTOJUIL24!$A$6:$AV$48,7,0) -> 3000 | G16: =VLOOKUP($A16,[6]HISTOJUIL24!$A$6:$AV$49,8,0) -> BANQUE | H16: =VLOOKUP($A16,[6]HISTOJUIL24!$A$6:$AV$49,35,0) -> 0 | I16: =VLOOKUP($A16,[6]HISTOJUIL24!$A$6:$AV$49,38,0) -> 0 | J16: =IF(H16=0,0,VLOOKUP($A16,[6]HISTOJUIL24!$A$6:$AV$49,42,0)) -> 0 | K16: =VLOOKUP($A16,[6]HISTOJUIL24!$A$6:$AV$49,41,0) -> 0 | L16: =TONTJUIN24!H16+TONTJUIN24!I16 -> 0 | M16: =VLOOKUP($A16,[6]HISTOJUIL24!$A$6:$AV$49,16,0) -> 0 | N16: =IF(M16<>0,VLOOKUP($A16,[6]HISTOJUIL24!$A$6:$AV$49,8,0),"ECHEC") -> ECHEC | O16: =IF(R16=0,0,VLOOKUP($A16,[6]HISTOJUIL24!$A$6:$AV$49,32,0)) -> 0 | P16: =VLOOKUP($A16,[6]HISTOJUIL24!$A$6:$AV$49,33,0) -> 0 | Q16: =IF(R16=0,0,($C$3-R16)) -> 0 | R16: =VLOOKUP($A16,[6]HISTOJUIL24!$A$6:$AV$49,29,0) -> 0
A17: AS201619 | B17: =IF(D17=0,0,VLOOKUP($A17,[6]HISTOJUIL24!$A$6:$BP$44,10,0)) -> 1 | C17: =VLOOKUP(A17,[7]LISTADHERENT!A$5:H$60,3,0) -> KOUATCHO MESSACK | D17: =IF(G17="ECHEC",0,B$3) -> 25000 | E17: =D17+VLOOKUP($A17,[6]HISTOJUIL24!$A$7:$AU$42,45,0)+F17 -> 60000 | F17: =VLOOKUP($A17,[6]HISTOJUIL24!$A$6:$AV$48,7,0) -> 0 | G17: =VLOOKUP($A17,[6]HISTOJUIL24!$A$6:$AV$49,8,0) -> BANQUE | H17: =VLOOKUP($A17,[6]HISTOJUIL24!$A$6:$AV$49,35,0) -> 0 | I17: =VLOOKUP($A17,[6]HISTOJUIL24!$A$6:$AV$49,38,0) -> 0 | J17: =IF(H17=0,0,VLOOKUP($A17,[6]HISTOJUIL24!$A$6:$AV$49,42,0)) -> 0 | K17: =VLOOKUP($A17,[6]HISTOJUIL24!$A$6:$AV$49,41,0) -> 0 | L17: =TONTJUIN24!H17+TONTJUIN24!I17 -> 0 | M17: =VLOOKUP($A17,[6]HISTOJUIL24!$A$6:$AV$49,16,0) -> 0 | N17: =IF(M17<>0,VLOOKUP($A17,[6]HISTOJUIL24!$A$6:$AV$49,8,0),"ECHEC") -> ECHEC | O17: =IF(R17=0,0,VLOOKUP($A17,[6]HISTOJUIL24!$A$6:$AV$49,32,0)) -> 0 | P17: =VLOOKUP($A17,[6]HISTOJUIL24!$A$6:$AV$49,33,0) -> 0 | Q17: =IF(R17=0,0,($C$3-R17)) -> 0 | R17: =VLOOKUP($A17,[6]HISTOJUIL24!$A$6:$AV$49,29,0) -> 0
... A37: AS201647 | B37: =IF(D37=0,0,VLOOKUP($A37,[6]HISTOJUIL24!$A$6:$BP$44,10,0)) -> 1 | C37: =VLOOKUP(A37,[7]LISTADHERENT!A$5:H$60,3,0) -> YOUMBI EMMANUEL | D37: =IF(G37="ECHEC",0,B$3) -> 25000 | E37: =D37+VLOOKUP($A37,[6]HISTOJUIL24!$A$7:$AU$42,45,0)+F37 -> 50000 | F37: =VLOOKUP($A37,[6]HISTOJUIL24!$A$6:$AV$48,7,0) -> 0 | G37: =VLOOKUP($A37,[6]HISTOJUIL24!$A$6:$AV$49,8,0) -> BANQUE | H37: =VLOOKUP($A37,[6]HISTOJUIL24!$A$6:$AV$49,35,0) -> 0 | I37: =VLOOKUP($A37,[6]HISTOJUIL24!$A$6:$AV$49,38,0) -> 0 | J37: =IF(H37=0,0,VLOOKUP($A37,[6]HISTOJUIL24!$A$6:$AV$49,42,0)) -> 0 | K37: =VLOOKUP($A37,[6]HISTOJUIL24!$A$6:$AV$49,41,0) -> 0 | L37: =TONTJUIN24!H37+TONTJUIN24!I37 -> 0 | M37: =VLOOKUP($A37,[6]HISTOJUIL24!$A$6:$AV$49,16,0) -> 0 | N37: =IF(M37<>0,VLOOKUP($A37,[6]HISTOJUIL24!$A$6:$AV$49,8,0),"ECHEC") -> ECHEC | O37: =IF(R37=0,0,VLOOKUP($A37,[6]HISTOJUIL24!$A$6:$AV$49,32,0)) -> 0 | P37: =VLOOKUP($A37,[6]HISTOJUIL24!$A$6:$AV$49,33,0) -> 0 | Q37: =IF(R37=0,0,($C$3-R37)) -> 0 | R37: =VLOOKUP($A37,[6]HISTOJUIL24!$A$6:$AV$49,29,0) -> 0
A39: TOTAL PART | B39: =SUM(B6:B38) -> 32
A40: NBRE ADHERENT | B40: =COUNT(D6:D38) -> 32 | D40: =SUM(D6:D39) -> 800000 | F40: =SUM(F6:F39) -> 9000 | G40: =SUM(G6:G39) -> 0 | H40: =SUM(H6:H39) -> 84500 | I40: =SUM(I6:I39) -> 2500 | J40: =SUM(J6:J39) -> 0 | K40: =SUM(K6:K39) -> 0 | L40: =SUM(L6:L39) -> 176500 | M40: =SUM(M6:M39) -> 176500 | ... R40: =SUM(R6:R39) -> 8000
N41: NBRE PART | O41: PART VENDUE
D42: MONTANT TONTINE | G42: REMBOURSEMENT PETIT LOT | H42: VENTE PETIT LOT | I42: VENTE LOT PRINCIPAL | J42: SOLDE EN CAISSE | L42: TONTINE + REMB + INTERET VENTE | M42: =D46+G46+R40+TONTJUIN24!O47 -> 984500
D43: =SUMIFS(D6:D39,G6:G39,"ESPECES") -> 25000 | F43: ESPECES | G43: =SUMIFS(M6:M33,N6:N33,"ESPECES") -> 0 | H43: =SUMIFS(H6:H39,J6:J39,"ESPECES") -> 0 | I43: =SUMIFS(Q6:Q39,O6:O39,"ESPECES") -> 0 | J43: =D43+G43-H43-I43 -> 25000 | L43: LOT PRINCIPAL | M43: =C3*COUNTIF(Q7:Q39,">0") -> 900000 | N43: =D3 -> 3 | O43: =COUNTIF(Q6:Q33,">0") -> 3
D44: =SUMIFS(D6:D39,G6:G39,"BANQUE") -> 775000 | F44: BANQUE | G44: =SUMIFS(M6:M33,N6:N33,"BANQUE") -> 176500 | H44: =SUMIFS(H6:H39,J6:J39,"BANQUE") -> 30000 | I44: =SUMIFS(Q6:Q39,O6:O39,"BANQUE") -> 892000 | J44: =D44+G44-H44-I44 -> 29500
L45: PETIT LOT | M45: =M42-M43 -> 84500
D46: =D43+D44 -> 800000 | F46: TOTAL | G46: =G43+G44 -> 176500 | H46: =H43+H44 -> 30000 | I46: =I43+I44 -> 892000 | J46: =J43+J44 -> 54500
F47: TOTAL+DEPOT | L47: RELIQUAT | M47: =M45-H40 -> 0 | O47: =TONTJUIL24!M47 -> 0 | P47: CUMUL
L49: ECHEC TONTINE MOIS | M49: =COUNTIFS(G7:G38,"ECHEC")*23000 -> 0 | O49: =TONTJUIL24!M49 -> 0 | P49: CUMUL
L50: ECHEC REMBOURSEMENT MOIS | M50: =L40-G46 -> 0 | O50: =TONTJUIL24!M50 -> 0 | P50: CUMUL

Sheet TONTAOUT24
A1: ASSOCIATION | B1: ASELBY
A2: ANNEE | B2: 2024 | C2: TONIINE | D2: NBRE PART
A3: TAUX TONTINE | B3: 25000 | C3: =B3*12 -> 300000 | D3: =ROUNDDOWN(M42/C3,0) -> 2
C4: 45517
A5: MATRICULE | B5: NBREPART | C5: NOM ET PRENOM | D5: MONTANT TONTINE | E5: MONTANT VERSE | F5: PENALITE VERSEMENT ESPECES | G5: MODE VERSEMENT | H5: VENTE PETIT LOT | I5: INTERET PETIT LOT | J5: MODE VERSEMENT VENTE PETIT LOT | K5: NUMERO CHEQUE | L5: MONTANT A REMBOURSER PETIT LOT | M5: REMBOURSEMENT PETIT LOT | N5: MODE VERSEMENT REMBOURSEMENT | O5: MODE VERSEMENTLOT PRINCIPAL | P5: NUMERO CHEQUE | Q5: MONTANT LOT PRINCIPAL | R5: INTERET LOT PRINCIPAL
A6: AS201601 | B6: =IF(D6=0,0,VLOOKUP($A6,[6]HISTOAOUT24!$A$6:$BP$44,10,0)) -> 1 | C6: =VLOOKUP(A6,[7]LISTADHERENT!A$5:H$60,3,0) -> BAKOP ACHILLE | D6: =IF(G6="ECHEC",0,B$3) -> 25000 | E6: =D6+VLOOKUP($A6,[6]HISTOAOUT24!$A$7:$AU$42,45,0)+F6 -> 50000 | F6: =VLOOKUP($A6,[6]HISTOAOUT24!$A$6:$AV$48,7,0) -> 3000 | G6: =VLOOKUP($A6,[6]HISTOAOUT24!$A$6:$AV$49,8,0) -> BANQUE | H6: =VLOOKUP($A6,[6]HISTOAOUT24!$A$6:$AV$49,35,0) -> 57000 | I6: =VLOOKUP($A6,[6]HISTOAOUT24!$A$6:$AV$49,38,0) -> 1000 | J6: =IF(H6=0,0,VLOOKUP($A6,[6]HISTOAOUT24!$A$6:$AV$49,42,0)) -> 0 | K6: =VLOOKUP($A6,[6]HISTOAOUT24!$A$6:$AV$49,41,0) -> 0 | L6: =TONTJUIL24!H6+TONTJUIL24!I6 -> 0 | M6: =VLOOKUP($A6,[6]HISTOAOUT24!$A$6:$AV$49,16,0) -> 0 | N6: =IF(M6<>0,VLOOKUP($A6,[6]HISTOAOUT24!$A$6:$AV$49,8,0),"ECHEC") -> ECHEC | O6: =IF(R6=0,0,VLOOKUP($A6,[6]HISTOAOUT24!$A$6:$AV$49,32,0)) -> 0 | P6: =VLOOKUP($A6,[6]HISTOAOUT24!$A$6:$AV$49,33,0) -> 0 | Q6: =IF(R6=0,0,($C$3-R6)) -> 0 | R6: =VLOOKUP($A6,[6]HISTOAOUT24!$A$6:$AV$49,29,0) -> 0
A7: AS201602 | B7: =IF(D7=0,0,VLOOKUP($A7,[6]HISTOAOUT24!$A$6:$BP$44,10,0)) -> 1 | C7: =VLOOKUP(A7,[7]LISTADHERENT!A$5:H$60,3,0) -> BOUTCHOUANG WILLIAM | D7: =IF(G7="ECHEC",0,B$3) -> 25000 | E7: =D7+VLOOKUP($A7,[6]HISTOAOUT24!$A$7:$AU$42,45,0)+F7 -> 50000 | F7: =VLOOKUP($A7,[6]HISTOAOUT24!$A$6:$AV$48,7,0) -> 0 | G7: =VLOOKUP($A7,[6]HISTOAOUT24!$A$6:$AV$49,8,0) -> BANQUE | H7: =VLOOKUP($A7,[6]HISTOAOUT24!$A$6:$AV$49,35,0) -> 0 | I7: =VLOOKUP($A7,[6]HISTOAOUT24!$A$6:$AV$49,38,0) -> 0 | J7: =IF(H7=0,0,VLOOKUP($A7,[6]HISTOAOUT24!$A$6:$AV$49,42,0)) -> 0 | K7: =VLOOKUP($A7,[6]HISTOAOUT24!$A$6:$AV$49,41,0) -> 0 | L7: =TONTJUIL24!H7+TONTJUIL24!I7 -> 0 | M7: =VLOOKUP($A7,[6]HISTOAOUT24!$A$6:$AV$49,16,0) -> 0 | N7: =IF(M7<>0,VLOOKUP($A7,[6]HISTOAOUT24!$A$6:$AV$49,8,0),"ECHEC") -> ECHEC | O7: =IF(R7=0,0,VLOOKUP($A7,[6]HISTOAOUT24!$A$6:$AV$49,32,0)) -> 0 | P7: =VLOOKUP($A7,[6]HISTOAOUT24!$A$6:$AV$49,33,0) -> 0 | Q7: =IF(R7=0,0,($C$3-R7)) -> 0 | R7: =VLOOKUP($A7,[6]HISTOAOUT24!$A$6:$AV$49,29,0) -> 0
A8: AS201604 | B8: =IF(D8=0,0,VLOOKUP($A8,[6]HISTOAOUT24!$A$6:$BP$44,10,0)) -> 1 | C8: =VLOOKUP(A8,[7]LISTADHERENT!A$5:H$60,3,0) -> DJOMO JEAN PAUL | D8: =IF(G8="ECHEC",0,B$3) -> 25000 | E8: =D8+VLOOKUP($A8,[6]HISTOAOUT24!$A$7:$AU$42,45,0)+F8 -> 40000 | F8: =VLOOKUP($A8,[6]HISTOAOUT24!$A$6:$AV$48,7,0) -> 0 | G8: =VLOOKUP($A8,[6]HISTOAOUT24!$A$6:$AV$49,8,0) -> BANQUE | H8: =VLOOKUP($A8,[6]HISTOAOUT24!$A$6:$AV$49,35,0) -> 0 | I8: =VLOOKUP($A8,[6]HISTOAOUT24!$A$6:$AV$49,38,0) -> 0 | J8: =IF(H8=0,0,VLOOKUP($A8,[6]HISTOAOUT24!$A$6:$AV$49,42,0)) -> 0 | K8: =VLOOKUP($A8,[6]HISTOAOUT24!$A$6:$AV$49,41,0) -> 0 | L8: =TONTJUIL24!H8+TONTJUIL24!I8 -> 0 | M8: =VLOOKUP($A8,[6]HISTOAOUT24!$A$6:$AV$49,16,0) -> 0 | N8: =IF(M8<>0,VLOOKUP($A8,[6]HISTOAOUT24!$A$6:$AV$49,8,0),"ECHEC") -> ECHEC | O8: =IF(R8=0,0,VLOOKUP($A8,[6]HISTOAOUT24!$A$6:$AV$49,32,0)) -> 0 | P8: =VLOOKUP($A8,[6]HISTOAOUT24!$A$6:$AV$49,33,0) -> 0 | Q8: =IF(R8=0,0,($C$3-R8)) -> 0 | R8: =VLOOKUP($A8,[6]HISTOAOUT24!$A$6:$AV$49,29,0) -> 0
A9: AS201654 | B9: =IF(D9=0,0,VLOOKUP($A9,[6]HISTOAOUT24!$A$6:$BP$44,10,0)) -> 1 | C9: =VLOOKUP(A9,[7]LISTADHERENT!A$5:H$60,3,0) -> DJOMOU TCHAPDA | D9: =IF(G9="ECHEC",0,B$3) -> 25000 | E9: =D9+VLOOKUP($A9,[6]HISTOAOUT24!$A$7:$AU$42,45,0)+F9 -> 50000 | F9: =VLOOKUP($A9,[6]HISTOAOUT24!$A$6:$AV$48,7,0) -> 0 | G9: =VLOOKUP($A9,[6]HISTOAOUT24!$A$6:$AV$49,8,0) -> BANQUE | H9: =VLOOKUP($A9,[6]HISTOAOUT24!$A$6:$AV$49,35,0) -> 60000 | I9: =VLOOKUP($A9,[6]HISTOAOUT24!$A$6:$AV$49,38,0) -> 1000 | J9: =IF(H9=0,0,VLOOKUP($A9,[6]HISTOAOUT24!$A$6:$AV$49,42,0)) -> 0 | K9: =VLOOKUP($A9,[6]HISTOAOUT24!$A$6:$AV$49,41,0) -> 0 | L9: =TONTJUIL24!H9+TONTJUIL24!I9 -> 0 | M9: =VLOOKUP($A9,[6]HISTOAOUT24!$A$6:$AV$49,16,0) -> 0 | N9: =IF(M9<>0,VLOOKUP($A9,[6]HISTOAOUT24!$A$6:$AV$49,8,0),"ECHEC") -> ECHEC | O9: =IF(R9=0,0,VLOOKUP($A9,[6]HISTOAOUT24!$A$6:$AV$49,32,0)) -> 0 | P9: =VLOOKUP($A9,[6]HISTOAOUT24!$A$6:$AV$49,33,0) -> 0 | Q9: =IF(R9=0,0,($C$3-R9)) -> 297500 | R9: =VLOOKUP($A9,[6]HISTOAOUT24!$A$6:$AV$49,29,0) -> 2500
A10: AS201605 | B10: =IF(D10=0,0,VLOOKUP($A10,[6]HISTOAOUT24!$A$6:$BP$44,10,0)) -> 1 | C10: =VLOOKUP(A10,[7]LISTADHERENT!A$5:H$60,3,0) -> DJOUKWE NANGUEN GUY BLAISE | D10: =IF(G10="ECHEC",0,B$3) -> 25000 | E10: =D10+VLOOKUP($A10,[6]HISTOAOUT24!$A$7:$AU$42,45,0)+F10 -> 50000 | F10: =VLOOKUP($A10,[6]HISTOAOUT24!$A$6:$AV$48,7,0) -> 0 | G10: =VLOOKUP($A10,[6]HISTOAOUT24!$A$6:$AV$49,8,0) -> BANQUE | H10: =VLOOKUP($A10,[6]HISTOAOUT24!$A$6:$AV$49,35,0) -> 0 | I10: =VLOOKUP($A10,[6]HISTOAOUT24!$A$6:$AV$49,38,0) -> 0 | J10: =IF(H10=0,0,VLOOKUP($A10,[6]HISTOAOUT24!$A$6:$AV$49,42,0)) -> 0 | K10: =VLOOKUP($A10,[6]HISTOAOUT24!$A$6:$AV$49,41,0) -> 0 | L10: =TONTJUIL24!H10+TONTJUIL24!I10 -> 0 | M10: =VLOOKUP($A10,[6]HISTOAOUT24!$A$6:$AV$49,16,0) -> 0 | N10: =IF(M10<>0,VLOOKUP($A10,[6]HISTOAOUT24!$A$6:$AV$49,8,0),"ECHEC") -> ECHEC | O10: =IF(R10=0,0,VLOOKUP($A10,[6]HISTOAOUT24!$A$6:$AV$49,32,0)) -> 0 | P10: =VLOOKUP($A10,[6]HISTOAOUT24!$A$6:$AV$49,33,0) -> 0 | Q10: =IF(R10=0,0,($C$3-R10)) -> 0 | R10: =VLOOKUP($A10,[6]HISTOAOUT24!$A$6:$AV$49,29,0) -> 0
A11: AS201608 | B11: =IF(D11=0,0,VLOOKUP($A11,[6]HISTOAOUT24!$A$6:$BP$44,10,0)) -> 1 | C11: =VLOOKUP(A11,[7]LISTADHERENT!A$5:H$60,3,0) -> DJUOMBESSY ANTOINE | D11: =IF(G11="ECHEC",0,B$3) -> 25000 | E11: =D11+VLOOKUP($A11,[6]HISTOAOUT24!$A$7:$AU$42,45,0)+F11 -> 55000 | F11: =VLOOKUP($A11,[6]HISTOAOUT24!$A$6:$AV$48,7,0) -> 0 | G11: =VLOOKUP($A11,[6]HISTOAOUT24!$A$6:$AV$49,8,0) -> BANQUE | H11: =VLOOKUP($A11,[6]HISTOAOUT24!$A$6:$AV$49,35,0) -> 0 | I11: =VLOOKUP($A11,[6]HISTOAOUT24!$A$6:$AV$49,38,0) -> 0 | J11: =IF(H11=0,0,VLOOKUP($A11,[6]HISTOAOUT24!$A$6:$AV$49,42,0)) -> 0 | K11: =VLOOKUP($A11,[6]HISTOAOUT24!$A$6:$AV$49,41,0) -> 0 | L11: =TONTJUIL24!H11+TONTJUIL24!I11 -> 0 | M11: =VLOOKUP($A11,[6]HISTOAOUT24!$A$6:$AV$49,16,0) -> 0 | N11: =IF(M11<>0,VLOOKUP($A11,[6]HISTOAOUT24!$A$6:$AV$49,8,0),"ECHEC") -> ECHEC | O11: =IF(R11=0,0,VLOOKUP($A11,[6]HISTOAOUT24!$A$6:$AV$49,32,0)) -> 0 | P11: =VLOOKUP($A11,[6]HISTOAOUT24!$A$6:$AV$49,33,0) -> 0 | Q11: =IF(R11=0,0,($C$3-R11)) -> 0 | R11: =VLOOKUP($A11,[6]HISTOAOUT24!$A$6:$AV$49,29,0) -> 0
A12: AS201651 | B12: =IF(D12=0,0,VLOOKUP($A12,[6]HISTOAOUT24!$A$6:$BP$44,10,0)) -> 1 | C12: =VLOOKUP(A12,[7]LISTADHERENT!A$5:H$60,3,0) -> DOMOU FABIEN | D12: =IF(G12="ECHEC",0,B$3) -> 25000 | E12: =D12+VLOOKUP($A12,[6]HISTOAOUT24!$A$7:$AU$42,45,0)+F12 -> 50000 | F12: =VLOOKUP($A12,[6]HISTOAOUT24!$A$6:$AV$48,7,0) -> 0 | G12: =VLOOKUP($A12,[6]HISTOAOUT24!$A$6:$AV$49,8,0) -> BANQUE | H12: =VLOOKUP($A12,[6]HISTOAOUT24!$A$6:$AV$49,35,0) -> 0 | I12: =VLOOKUP($A12,[6]HISTOAOUT24!$A$6:$AV$49,38,0) -> 0 | J12: =IF(H12=0,0,VLOOKUP($A12,[6]HISTOAOUT24!$A$6:$AV$49,42,0)) -> 0 | K12: =VLOOKUP($A12,[6]HISTOAOUT24!$A$6:$AV$49,41,0) -> 0 | L12: =TONTJUIL24!H12+TONTJUIL24!I12 -> 0 | M12: =VLOOKUP($A12,[6]HISTOAOUT24!$A$6:$AV$49,16,0) -> 0 | N12: =IF(M12<>0,VLOOKUP($A12,[6]HISTOAOUT24!$A$6:$AV$49,8,0),"ECHEC") -> ECHEC | O12: =IF(R12=0,0,VLOOKUP($A12,[6]HISTOAOUT24!$A$6:$AV$49,32,0)) -> 0 | P12: =VLOOKUP($A12,[6]HISTOAOUT24!$A$6:$AV$49,33,0) -> 0 | Q12: =IF(R12=0,0,($C$3-R12)) -> 0 | R12: =VLOOKUP($A12,[6]HISTOAOUT24!$A$6:$AV$49,29,0) -> 0
A13: AS201609 | B13: =IF(D13=0,0,VLOOKUP($A13,[6]HISTOAOUT24!$A$6:$BP$44,10,0)) -> 1 | C13: =VLOOKUP(A13,[7]LISTADHERENT!A$5:H$60,3,0) -> DONHOU DAVID | D13: =IF(G13="ECHEC",0,B$3) -> 25000 | E13: =D13+VLOOKUP($A13,[6]HISTOAOUT24!$A$7:$AU$42,45,0)+F13 -> 50000 | F13: =VLOOKUP($A13,[6]HISTOAOUT24!$A$6:$AV$48,7,0) -> 0 | G13: =VLOOKUP($A13,[6]HISTOAOUT24!$A$6:$AV$49,8,0) -> BANQUE | H13: =VLOOKUP($A13,[6]HISTOAOUT24!$A$6:$AV$49,35,0) -> 0 | I13: =VLOOKUP($A13,[6]HISTOAOUT24!$A$6:$AV$49,38,0) -> 0 | J13: =IF(H13=0,0,VLOOKUP($A13,[6]HISTOAOUT24!$A$6:$AV$49,42,0)) -> 0 | K13: =VLOOKUP($A13,[6]HISTOAOUT24!$A$6:$AV$49,41,0) -> 0 | L13: =TONTJUIL24!H13+TONTJUIL24!I13 -> 0 | M13: =VLOOKUP($A13,[6]HISTOAOUT24!$A$6:$AV$49,16,0) -> 0 | N13: =IF(M13<>0,VLOOKUP($A13,[6]HISTOAOUT24!$A$6:$AV$49,8,0),"ECHEC") -> ECHEC | O13: =IF(R13=0,0,VLOOKUP($A13,[6]HISTOAOUT24!$A$6:$AV$49,32,0)) -> 0 | P13: =VLOOKUP($A13,[6]HISTOAOUT24!$A$6:$AV$49,33,0) -> 0 | Q13: =IF(R13=0,0,($C$3-R13)) -> 0 | R13: =VLOOKUP($A13,[6]HISTOAOUT24!$A$6:$AV$49,29,0) -> 0
A14: AS201611 | B14: =IF(D14=0,0,VLOOKUP($A14,[6]HISTOAOUT24!$A$6:$BP$44,10,0)) -> 1 | C14: =VLOOKUP(A14,[7]LISTADHERENT!A$5:H$60,3,0) -> HENGUE PAUL OMER | D14: =IF(G14="ECHEC",0,B$3) -> 25000 | E14: =D14+VLOOKUP($A14,[6]HISTOAOUT24!$A$7:$AU$42,45,0)+F14 -> 50000 | F14: =VLOOKUP($A14,[6]HISTOAOUT24!$A$6:$AV$48,7,0) -> 0 | G14: =VLOOKUP($A14,[6]HISTOAOUT24!$A$6:$AV$49,8,0) -> BANQUE | H14: =VLOOKUP($A14,[6]HISTOAOUT24!$A$6:$AV$49,35,0) -> 0 | I14: =VLOOKUP($A14,[6]HISTOAOUT24!$A$6:$AV$49,38,0) -> 0 | J14: =IF(H14=0,0,VLOOKUP($A14,[6]HISTOAOUT24!$A$6:$AV$49,42,0)) -> 0 | K14: =VLOOKUP($A14,[6]HISTOAOUT24!$A$6:$AV$49,41,0) -> 0 | L14: =TONTJUIL24!H14+TONTJUIL24!I14 -> 0 | M14: =VLOOKUP($A14,[6]HISTOAOUT24!$A$6:$AV$49,16,0) -> 0 | N14: =IF(M14<>0,VLOOKUP($A14,[6]HISTOAOUT24!$A$6:$AV$49,8,0),"ECHEC") -> ECHEC | O14: =IF(R14=0,0,VLOOKUP($A14,[6]HISTOAOUT24!$A$6:$AV$49,32,0)) -> 0 | P14: =VLOOKUP($A14,[6]HISTOAOUT24!$A$6:$AV$49,33,0) -> 0 | Q14: =IF(R14=0,0,($C$3-R14)) -> 0 | R14: =VLOOKUP($A14,[6]HISTOAOUT24!$A$6:$AV$49,29,0) -> 0
A15: AS201613 | B15: =IF(D15=0,0,VLOOKUP($A15,[6]HISTOAOUT24!$A$6:$BP$44,10,0)) -> 1 | C15: =VLOOKUP(A15,[7]LISTADHERENT!A$5:H$60,3,0) -> HOTCHO BENJAMIN | D15: =IF(G15="ECHEC",0,B$3) -> 25000 | E15: =D15+VLOOKUP($A15,[6]HISTOAOUT24!$A$7:$AU$42,45,0)+F15 -> 84000 | F15: =VLOOKUP($A15,[6]HISTOAOUT24!$A$6:$AV$48,7,0) -> 0 | G15: =VLOOKUP($A15,[6]HISTOAOUT24!$A$6:$AV$49,8,0) -> BANQUE | H15: =VLOOKUP($A15,[6]HISTOAOUT24!$A$6:$AV$49,35,0) -> 0 | I15: =VLOOKUP($A15,[6]HISTOAOUT24!$A$6:$AV$49,38,0) -> 0 | J15: =IF(H15=0,0,VLOOKUP($A15,[6]HISTOAOUT24!$A$6:$AV$49,42,0)) -> 0 | K15: =VLOOKUP($A15,[6]HISTOAOUT24!$A$6:$AV$49,41,0) -> 0 | L15: =TONTJUIL24!H15+TONTJUIL24!I15 -> 0 | M15: =VLOOKUP($A15,[6]HISTOAOUT24!$A$6:$AV$49,16,0) -> 0 | N15: =IF(M15<>0,VLOOKUP($A15,[6]HISTOAOUT24!$A$6:$AV$49,8,0),"ECHEC") -> ECHEC | O15: =IF(R15=0,0,VLOOKUP($A15,[6]HISTOAOUT24!$A$6:$AV$49,32,0)) -> 0 | P15: =VLOOKUP($A15,[6]HISTOAOUT24!$A$6:$AV$49,33,0) -> 0 | Q15: =IF(R15=0,0,($C$3-R15)) -> 0 | R15: =VLOOKUP($A15,[6]HISTOAOUT24!$A$6:$AV$49,29,0) -> 0
A16: AS201617 | B16: =IF(D16=0,0,VLOOKUP($A16,[6]HISTOAOUT24!$A$6:$BP$44,10,0)) -> 1 | C16: =VLOOKUP(A16,[7]LISTADHERENT!A$5:H$60,3,0) -> KOUAMOU MOISE | D16: =IF(G16="ECHEC",0,B$3) -> 25000 | E16: =D16+VLOOKUP($A16,[6]HISTOAOUT24!$A$7:$AU$42,45,0)+F16 -> 45000 | F16: =VLOOKUP($A16,[6]HISTOAOUT24!$A$6:$AV$48,7,0) -> 0 | G16: =VLOOKUP($A16,[6]HISTOAOUT24!$A$6:$AV$49,8,0) -> BANQUE | H16: =VLOOKUP($A16,[6]HISTOAOUT24!$A$6:$AV$49,35,0) -> 30000 | I16: =VLOOKUP($A16,[6]HISTOAOUT24!$A$6:$AV$49,38,0) -> 500 | J16: =IF(H16=0,0,VLOOKUP($A16,[6]HISTOAOUT24!$A$6:$AV$49,42,0)) -> BANQUE | K16: =VLOOKUP($A16,[6]HISTOAOUT24!$A$6:$AV$49,41,0) -> 0 | L16: =TONTJUIL24!H16+TONTJUIL24!I16 -> 0 | M16: =VLOOKUP($A16,[6]HISTOAOUT24!$A$6:$AV$49,16,0) -> 0 | N16: =IF(M16<>0,VLOOKUP($A16,[6]HISTOAOUT24!$A$6:$AV$49,8,0),"ECHEC") -> ECHEC | O16: =IF(R16=0,0,VLOOKUP($A16,[6]HISTOAOUT24!$A$6:$AV$49,32,0)) -> 0 | P16: =VLOOKUP($A16,[6]HISTOAOUT24!$A$6:$AV$49,33,0) -> 0 | Q16: =IF(R16=0,0,($C$3-R16)) -> 0 | R16: =VLOOKUP($A16,[6]HISTOAOUT24!$A$6:$AV$49,29,0) -> 0
A17: AS201619 | B17: =IF(D17=0,0,VLOOKUP($A17,[6]HISTOAOUT24!$A$6:$BP$44,10,0)) -> 1 | C17: =VLOOKUP(A17,[7]LISTADHERENT!A$5:H$60,3,0) -> KOUATCHO MESSACK | D17: =IF(G17="ECHEC",0,B$3) -> 25000 | E17: =D17+VLOOKUP($A17,[6]HISTOAOUT24!$A$7:$AU$42,45,0)+F17 -> 58000 | F17: =VLOOKUP($A17,[6]HISTOAOUT24!$A$6:$AV$48,7,0) -> 0 | G17: =VLOOKUP($A17,[6]HISTOAOUT24!$A$6:$AV$49,8,0) -> BANQUE | H17: =VLOOKUP($A17,[6]HISTOAOUT24!$A$6:$AV$49,35,0) -> 0 | I17: =VLOOKUP($A17,[6]HISTOAOUT24!$A$6:$AV$49,38,0) -> 0 | J17: =IF(H17=0,0,VLOOKUP($A17,[6]HISTOAOUT24!$A$6:$AV$49,42,0)) -> 0 | K17: =VLOOKUP($A17,[6]HISTOAOUT24!$A$6:$AV$49,41,0) -> 0 | L17: =TONTJUIL24!H17+TONTJUIL24!I17 -> 0 | M17: =VLOOKUP($A17,[6]HISTOAOUT24!$A$6:$AV$49,16,0) -> 0 | N17: =IF(M17<>0,VLOOKUP($A17,[6]HISTOAOUT24!$A$6:$AV$49,8,0),"ECHEC") -> ECHEC | O17: =IF(R17=0,0,VLOOKUP($A17,[6]HISTOAOUT24!$A$6:$AV$49,32,0)) -> 0 | P17: =VLOOKUP($A17,[6]HISTOAOUT24!$A$6:$AV$49,33,0) -> 0 | Q17: =IF(R17=0,0,($C$3-R17)) -> 0 | R17: =VLOOKUP($A17,[6]HISTOAOUT24!$A$6:$AV$49,29,0) -> 0
... A37: AS201647 | B37: =IF(D37=0,0,VLOOKUP($A37,[6]HISTOAOUT24!$A$6:$BP$44,10,0)) -> 1 | C37: =VLOOKUP(A37,[7]LISTADHERENT!A$5:H$60,3,0) -> YOUMBI EMMANUEL | D37: =IF(G37="ECHEC",0,B$3) -> 25000 | E37: =D37+VLOOKUP($A37,[6]HISTOAOUT24!$A$7:$AU$42,45,0)+F37 -> 50000 | F37: =VLOOKUP($A37,[6]HISTOAOUT24!$A$6:$AV$48,7,0) -> 0 | G37: =VLOOKUP($A37,[6]HISTOAOUT24!$A$6:$AV$49,8,0) -> BANQUE | H37: =VLOOKUP($A37,[6]HISTOAOUT24!$A$6:$AV$49,35,0) -> 0 | I37: =VLOOKUP($A37,[6]HISTOAOUT24!$A$6:$AV$49,38,0) -> 0 | J37: =IF(H37=0,0,VLOOKUP($A37,[6]HISTOAOUT24!$A$6:$AV$49,42,0)) -> 0 | K37: =VLOOKUP($A37,[6]HISTOAOUT24!$A$6:$AV$49,41,0) -> 0 | L37: =TONTJUIL24!H37+TONTJUIL24!I37 -> 0 | M37: =VLOOKUP($A37,[6]HISTOAOUT24!$A$6:$AV$49,16,0) -> 0 | N37: =IF(M37<>0,VLOOKUP($A37,[6]HISTOAOUT24!$A$6:$AV$49,8,0),"ECHEC") -> ECHEC | O37: =IF(R37=0,0,VLOOKUP($A37,[6]HISTOAOUT24!$A$6:$AV$49,32,0)) -> 0 | P37: =VLOOKUP($A37,[6]HISTOAOUT24!$A$6:$AV$49,33,0) -> 0 | Q37: =IF(R37=0,0,($C$3-R37)) -> 0 | R37: =VLOOKUP($A37,[6]HISTOAOUT24!$A$6:$AV$49,29,0) -> 0
A39: TOTAL PART | B39: =SUM(B6:B38) -> 31
A40: NBRE ADHERENT | B40: =COUNT(D6:D38) -> 32 | D40: =SUM(D6:D39) -> 775000 | F40: =SUM(F6:F39) -> 3000 | G40: =SUM(G6:G39) -> 0 | H40: =SUM(H6:H39) -> 267000 | I40: =SUM(I6:I39) -> 4500 | J40: =SUM(J6:J39) -> 0 | K40: =SUM(K6:K39) -> 0 | L40: =SUM(L6:L39) -> 87000 | M40: =SUM(M6:M39) -> 87000 | ... R40: =SUM(R6:R39) -> 5000
N41: NBRE PART | O41: PART VENDUE
D42: MONTANT TONTINE | G42: REMBOURSEMENT PETIT LOT | H42: VENTE PETIT LOT | I42: VENTE LOT PRINCIPAL | J42: SOLDE EN CAISSE | L42: TONTINE + REMB + INTERET VENTE | M42: =D46+G46+R40+TONTJUIL24!O47 -> 867000
D43: =SUMIFS(D6:D39,G6:G39,"ESPECES") -> 0 | F43: ESPECES | G43: =SUMIFS(M6:M33,N6:N33,"ESPECES") -> 0 | H43: =SUMIFS(H6:H39,J6:J39,"ESPECES") -> 0 | I43: =SUMIFS(Q6:Q39,O6:O39,"ESPECES") -> 0 | J43: =D43+G43-H43-I43 -> 0 | L43: LOT PRINCIPAL | M43: =C3*COUNTIF(Q7:Q39,">0") -> 600000 | N43: =D3 -> 2 | O43: =COUNTIF(Q6:Q33,">0") -> 2
D44: =SUMIFS(D6:D39,G6:G39,"BANQUE") -> 775000 | F44: BANQUE | G44: =SUMIFS(M6:M33,N6:N33,"BANQUE") -> 87000 | H44: =SUMIFS(H6:H39,J6:J39,"BANQUE") -> 90000 | I44: =SUMIFS(Q6:Q39,O6:O39,"BANQUE") -> 0 | J44: =D44+G44-H44-I44 -> 772000
L45: PETIT LOT | M45: =M42-M43 -> 267000
D46: =D43+D44 -> 775000 | F46: TOTAL | G46: =G43+G44 -> 87000 | H46: =H43+H44 -> 90000 | I46: =I43+I44 -> 0 | J46: =J43+J44 -> 772000
F47: TOTAL+DEPOT | L47: RELIQUAT | M47: =M45-H40 -> 0 | O47: =TONTAOUT24!M47 -> 0 | P47: CUMUL
L49: ECHEC TONTINE MOIS | M49: =COUNTIFS(G7:G38,"ECHEC")*25000 -> 25000 | O49: =TONTAOUT24!M49 -> 25000 | P49: CUMUL
L50: ECHEC REMBOURSEMENT MOIS | M50: =L40-G46 -> 0 | O50: =TONTAOUT24!M50 -> 0 | P50: CUMUL

Sheet TONTSEPT24
A1: ASSOCIATION | B1: ASELBY
A2: ANNEE | B2: 2024 | C2: TONIINE | D2: NBRE PART
A3: TAUX TONTINE | B3: 25000 | C3: =B3*12 -> 300000 | D3: =ROUNDDOWN(M42/C3,0) -> 3
C4: 45548
A5: MATRICULE | B5: NBREPART | C5: NOM ET PRENOM | D5: MONTANT TONTINE | E5: MONTANT VERSE | F5: PENALITE VERSEMENT ESPECES | G5: MODE VERSEMENT | H5: VENTE PETIT LOT | I5: INTERET PETIT LOT | J5: MODE VERSEMENT VENTE PETIT LOT | K5: NUMERO CHEQUE | L5: MONTANT A REMBOURSER PETIT LOT | M5: REMBOURSEMENT PETIT LOT | N5: MODE VERSEMENT REMBOURSEMENT | O5: MODE VERSEMENTLOT PRINCIPAL | P5: NUMERO CHEQUE | Q5: MONTANT LOT PRINCIPAL | R5: INTERET LOT PRINCIPAL
A6: AS201601 | B6: =IF(D6=0,0,VLOOKUP($A6,[6]HISTOSEPT24!$A$6:$BP$44,10,0)) -> 1 | C6: =VLOOKUP(A6,[7]LISTADHERENT!A$5:H$60,3,0) -> BAKOP ACHILLE | D6: =IF(G6="ECHEC",0,B$3) -> 25000 | E6: =D6+VLOOKUP($A6,[6]HISTOSEPT24!$A$7:$AU$42,45,0)+F6 -> 52000 | F6: =VLOOKUP($A6,[6]HISTOSEPT24!$A$6:$AV$48,7,0) -> 3000 | G6: =VLOOKUP($A6,[6]HISTOSEPT24!$A$6:$AV$49,8,0) -> ESPECES | H6: =VLOOKUP($A6,[6]HISTOSEPT24!$A$6:$AV$49,35,0) -> 0 | I6: =VLOOKUP($A6,[6]HISTOSEPT24!$A$6:$AV$49,38,0) -> 0 | J6: =IF(H6=0,0,VLOOKUP($A6,[6]HISTOSEPT24!$A$6:$AV$49,42,0)) -> 0 | K6: =VLOOKUP($A6,[6]HISTOSEPT24!$A$6:$AV$49,41,0) -> 0 | L6: =TONTAOUT24!H6+TONTAOUT24!I6 -> 58000 | M6: =VLOOKUP($A6,[6]HISTOSEPT24!$A$6:$AV$49,16,0) -> 58000 | N6: =IF(M6<>0,VLOOKUP($A6,[6]HISTOSEPT24!$A$6:$AV$49,8,0),"ECHEC") -> ESPECES | O6: =IF(R6=0,0,VLOOKUP($A6,[6]HISTOSEPT24!$A$6:$AV$49,32,0)) -> 0 | P6: =VLOOKUP($A6,[6]HISTOSEPT24!$A$6:$AV$49,33,0) -> 0 | Q6: =IF(R6=0,0,($C$3-R6)) -> 0 | R6: =VLOOKUP($A6,[6]HISTOSEPT24!$A$6:$AV$49,29,0) -> 0
A7: AS201602 | B7: =IF(D7=0,0,VLOOKUP($A7,[6]HISTOSEPT24!$A$6:$BP$44,10,0)) -> 1 | C7: =VLOOKUP(A7,[7]LISTADHERENT!A$5:H$60,3,0) -> BOUTCHOUANG WILLIAM | D7: =IF(G7="ECHEC",0,B$3) -> 25000 | E7: =D7+VLOOKUP($A7,[6]HISTOSEPT24!$A$7:$AU$42,45,0)+F7 -> 53000 | F7: =VLOOKUP($A7,[6]HISTOSEPT24!$A$6:$AV$48,7,0) -> 3000 | G7: =VLOOKUP($A7,[6]HISTOSEPT24!$A$6:$AV$49,8,0) -> ESPECES | H7: =VLOOKUP($A7,[6]HISTOSEPT24!$A$6:$AV$49,35,0) -> 0 | I7: =VLOOKUP($A7,[6]HISTOSEPT24!$A$6:$AV$49,38,0) -> 0 | J7: =IF(H7=0,0,VLOOKUP($A7,[6]HISTOSEPT24!$A$6:$AV$49,42,0)) -> 0 | K7: =VLOOKUP($A7,[6]HISTOSEPT24!$A$6:$AV$49,41,0) -> 0 | L7: =TONTAOUT24!H7+TONTAOUT24!I7 -> 0 | M7: =VLOOKUP($A7,[6]HISTOSEPT24!$A$6:$AV$49,16,0) -> 0 | N7: =IF(M7<>0,VLOOKUP($A7,[6]HISTOSEPT24!$A$6:$AV$49,8,0),"ECHEC") -> ECHEC | O7: =IF(R7=0,0,VLOOKUP($A7,[6]HISTOSEPT24!$A$6:$AV$49,32,0)) -> 0 | P7: =VLOOKUP($A7,[6]HISTOSEPT24!$A$6:$AV$49,33,0) -> 0 | Q7: =IF(R7=0,0,($C$3-R7)) -> 0 | R7: =VLOOKUP($A7,[6]HISTOSEPT24!$A$6:$AV$49,29,0) -> 0
A8: AS201604 | B8: =IF(D8=0,0,VLOOKUP($A8,[6]HISTOSEPT24!$A$6:$BP$44,10,0)) -> 1 | C8: =VLOOKUP(A8,[7]LISTADHERENT!A$5:H$60,3,0) -> DJOMO JEAN PAUL | D8: =IF(G8="ECHEC",0,B$3) -> 25000 | E8: =D8+VLOOKUP($A8,[6]HISTOSEPT24!$A$7:$AU$42,45,0)+F8 -> 55000 | F8: =VLOOKUP($A8,[6]HISTOSEPT24!$A$6:$AV$48,7,0) -> 0 | G8: =VLOOKUP($A8,[6]HISTOSEPT24!$A$6:$AV$49,8,0) -> BANQUE | H8: =VLOOKUP($A8,[6]HISTOSEPT24!$A$6:$AV$49,35,0) -> 0 | I8: =VLOOKUP($A8,[6]HISTOSEPT24!$A$6:$AV$49,38,0) -> 0 | J8: =IF(H8=0,0,VLOOKUP($A8,[6]HISTOSEPT24!$A$6:$AV$49,42,0)) -> 0 | K8: =VLOOKUP($A8,[6]HISTOSEPT24!$A$6:$AV$49,41,0) -> 0 | L8: =TONTAOUT24!H8+TONTAOUT24!I8 -> 0 | M8: =VLOOKUP($A8,[6]HISTOSEPT24!$A$6:$AV$49,16,0) -> 0 | N8: =IF(M8<>0,VLOOKUP($A8,[6]HISTOSEPT24!$A$6:$AV$49,8,0),"ECHEC") -> ECHEC | O8: =IF(R8=0,0,VLOOKUP($A8,[6]HISTOSEPT24!$A$6:$AV$49,32,0)) -> 0 | P8: =VLOOKUP($A8,[6]HISTOSEPT24!$A$6:$AV$49,33,0) -> 0 | Q8: =IF(R8=0,0,($C$3-R8)) -> 0 | R8: =VLOOKUP($A8,[6]HISTOSEPT24!$A$6:$AV$49,29,0) -> 0
A9: AS201654 | B9: =IF(D9=0,0,VLOOKUP($A9,[6]HISTOSEPT24!$A$6:$BP$44,10,0)) -> 1 | C9: =VLOOKUP(A9,[7]LISTADHERENT!A$5:H$60,3,0) -> DJOMOU TCHAPDA | D9: =IF(G9="ECHEC",0,B$3) -> 25000 | E9: =D9+VLOOKUP($A9,[6]HISTOSEPT24!$A$7:$AU$42,45,0)+F9 -> 53000 | F9: =VLOOKUP($A9,[6]HISTOSEPT24!$A$6:$AV$48,7,0) -> 3000 | G9: =VLOOKUP($A9,[6]HISTOSEPT24!$A$6:$AV$49,8,0) -> ESPECES | H9: =VLOOKUP($A9,[6]HISTOSEPT24!$A$6:$AV$49,35,0) -> 60000 | I9: =VLOOKUP($A9,[6]HISTOSEPT24!$A$6:$AV$49,38,0) -> 1000 | J9: =IF(H9=0,0,VLOOKUP($A9,[6]HISTOSEPT24!$A$6:$AV$49,42,0)) -> BANQUE | K9: =VLOOKUP($A9,[6]HISTOSEPT24!$A$6:$AV$49,41,0) -> 0 | L9: =TONTAOUT24!H9+TONTAOUT24!I9 -> 61000 | M9: =VLOOKUP($A9,[6]HISTOSEPT24!$A$6:$AV$49,16,0) -> 61000 | N9: =IF(M9<>0,VLOOKUP($A9,[6]HISTOSEPT24!$A$6:$AV$49,8,0),"ECHEC") -> ESPECES | O9: =IF(R9=0,0,VLOOKUP($A9,[6]HISTOSEPT24!$A$6:$AV$49,32,0)) -> 0 | P9: =VLOOKUP($A9,[6]HISTOSEPT24!$A$6:$AV$49,33,0) -> 0 | Q9: =IF(R9=0,0,($C$3-R9)) -> 0 | R9: =VLOOKUP($A9,[6]HISTOSEPT24!$A$6:$AV$49,29,0) -> 0
A10: AS201605 | B10: =IF(D10=0,0,VLOOKUP($A10,[6]HISTOSEPT24!$A$6:$BP$44,10,0)) -> 1 | C10: =VLOOKUP(A10,[7]LISTADHERENT!A$5:H$60,3,0) -> DJOUKWE NANGUEN GUY BLAISE | D10: =IF(G10="ECHEC",0,B$3) -> 25000 | E10: =D10+VLOOKUP($A10,[6]HISTOSEPT24!$A$7:$AU$42,45,0)+F10 -> 52500 | F10: =VLOOKUP($A10,[6]HISTOSEPT24!$A$6:$AV$48,7,0) -> 0 | G10: =VLOOKUP($A10,[6]HISTOSEPT24!$A$6:$AV$49,8,0) -> BANQUE | H10: =VLOOKUP($A10,[6]HISTOSEPT24!$A$6:$AV$49,35,0) -> 0 | I10: =VLOOKUP($A10,[6]HISTOSEPT24!$A$6:$AV$49,38,0) -> 0 | J10: =IF(H10=0,0,VLOOKUP($A10,[6]HISTOSEPT24!$A$6:$AV$49,42,0)) -> 0 | K10: =VLOOKUP($A10,[6]HISTOSEPT24!$A$6:$AV$49,41,0) -> 0 | L10: =TONTAOUT24!H10+TONTAOUT24!I10 -> 0 | M10: =VLOOKUP($A10,[6]HISTOSEPT24!$A$6:$AV$49,16,0) -> 0 | N10: =IF(M10<>0,VLOOKUP($A10,[6]HISTOSEPT24!$A$6:$AV$49,8,0),"ECHEC") -> ECHEC | O10: =IF(R10=0,0,VLOOKUP($A10,[6]HISTOSEPT24!$A$6:$AV$49,32,0)) -> 0 | P10: =VLOOKUP($A10,[6]HISTOSEPT24!$A$6:$AV$49,33,0) -> 0 | Q10: =IF(R10=0,0,($C$3-R10)) -> 0 | R10: =VLOOKUP($A10,[6]HISTOSEPT24!$A$6:$AV$49,29,0) -> 0
A11: AS201608 | B11: =IF(D11=0,0,VLOOKUP($A11,[6]HISTOSEPT24!$A$6:$BP$44,10,0)) -> 1 | C11: =VLOOKUP(A11,[7]LISTADHERENT!A$5:H$60,3,0) -> DJUOMBESSY ANTOINE | D11: =IF(G11="ECHEC",0,B$3) -> 25000 | E11: =D11+VLOOKUP($A11,[6]HISTOSEPT24!$A$7:$AU$42,45,0)+F11 -> 55000 | F11: =VLOOKUP($A11,[6]HISTOSEPT24!$A$6:$AV$48,7,0) -> 0 | G11: =VLOOKUP($A11,[6]HISTOSEPT24!$A$6:$AV$49,8,0) -> BANQUE | H11: =VLOOKUP($A11,[6]HISTOSEPT24!$A$6:$AV$49,35,0) -> 0 | I11: =VLOOKUP($A11,[6]HISTOSEPT24!$A$6:$AV$49,38,0) -> 0 | J11: =IF(H11=0,0,VLOOKUP($A11,[6]HISTOSEPT24!$A$6:$AV$49,42,0)) -> 0 | K11: =VLOOKUP($A11,[6]HISTOSEPT24!$A$6:$AV$49,41,0) -> 0 | L11: =TONTAOUT24!H11+TONTAOUT24!I11 -> 0 | M11: =VLOOKUP($A11,[6]HISTOSEPT24!$A$6:$AV$49,16,0) -> 0 | N11: =IF(M11<>0,VLOOKUP($A11,[6]HISTOSEPT24!$A$6:$AV$49,8,0),"ECHEC") -> ECHEC | O11: =IF(R11=0,0,VLOOKUP($A11,[6]HISTOSEPT24!$A$6:$AV$49,32,0)) -> 0 | P11: =VLOOKUP($A11,[6]HISTOSEPT24!$A$6:$AV$49,33,0) -> 0 | Q11: =IF(R11=0,0,($C$3-R11)) -> 0 | R11: =VLOOKUP($A11,[6]HISTOSEPT24!$A$6:$AV$49,29,0) -> 0
A12: AS201651 | B12: =IF(D12=0,0,VLOOKUP($A12,[6]HISTOSEPT24!$A$6:$BP$44,10,0)) -> 1 | C12: =VLOOKUP(A12,[7]LISTADHERENT!A$5:H$60,3,0) -> DOMOU FABIEN | D12: =IF(G12="ECHEC",0,B$3) -> 25000 | E12: =D12+VLOOKUP($A12,[6]HISTOSEPT24!$A$7:$AU$42,45,0)+F12 -> 50000 | F12: =VLOOKUP($A12,[6]HISTOSEPT24!$A$6:$AV$48,7,0) -> 0 | G12: =VLOOKUP($A12,[6]HISTOSEPT24!$A$6:$AV$49,8,0) -> BANQUE | H12: =VLOOKUP($A12,[6]HISTOSEPT24!$A$6:$AV$49,35,0) -> 0 | I12: =VLOOKUP($A12,[6]HISTOSEPT24!$A$6:$AV$49,38,0) -> 0 | J12: =IF(H12=0,0,VLOOKUP($A12,[6]HISTOSEPT24!$A$6:$AV$49,42,0)) -> 0 | K12: =VLOOKUP($A12,[6]HISTOSEPT24!$A$6:$AV$49,41,0) -> 0 | L12: =TONTAOUT24!H12+TONTAOUT24!I12 -> 0 | M12: =VLOOKUP($A12,[6]HISTOSEPT24!$A$6:$AV$49,16,0) -> 0 | N12: =IF(M12<>0,VLOOKUP($A12,[6]HISTOSEPT24!$A$6:$AV$49,8,0),"ECHEC") -> ECHEC | O12: =IF(R12=0,0,VLOOKUP($A12,[6]HISTOSEPT24!$A$6:$AV$49,32,0)) -> 0 | P12: =VLOOKUP($A12,[6]HISTOSEPT24!$A$6:$AV$49,33,0) -> 0 | Q12: =IF(R12=0,0,($C$3-R12)) -> 0 | R12: =VLOOKUP($A12,[6]HISTOSEPT24!$A$6:$AV$49,29,0) -> 0
A13: AS201609 | B13: =IF(D13=0,0,VLOOKUP($A13,[6]HISTOSEPT24!$A$6:$BP$44,10,0)) -> 1 | C13: =VLOOKUP(A13,[7]LISTADHERENT!A$5:H$60,3,0) -> DONHOU DAVID | D13: =IF(G13="ECHEC",0,B$3) -> 25000 | E13: =D13+VLOOKUP($A13,[6]HISTOSEPT24!$A$7:$AU$42,45,0)+F13 -> 50000 | F13: =VLOOKUP($A13,[6]HISTOSEPT24!$A$6:$AV$48,7,0) -> 0 | G13: =VLOOKUP($A13,[6]HISTOSEPT24!$A$6:$AV$49,8,0) -> BANQUE | H13: =VLOOKUP($A13,[6]HISTOSEPT24!$A$6:$AV$49,35,0) -> 0 | I13: =VLOOKUP($A13,[6]HISTOSEPT24!$A$6:$AV$49,38,0) -> 0 | J13: =IF(H13=0,0,VLOOKUP($A13,[6]HISTOSEPT24!$A$6:$AV$49,42,0)) -> 0 | K13: =VLOOKUP($A13,[6]HISTOSEPT24!$A$6:$AV$49,41,0) -> 0 | L13: =TONTAOUT24!H13+TONTAOUT24!I13 -> 0 | M13: =VLOOKUP($A13,[6]HISTOSEPT24!$A$6:$AV$49,16,0) -> 0 | N13: =IF(M13<>0,VLOOKUP($A13,[6]HISTOSEPT24!$A$6:$AV$49,8,0),"ECHEC") -> ECHEC | O13: =IF(R13=0,0,VLOOKUP($A13,[6]HISTOSEPT24!$A$6:$AV$49,32,0)) -> 0 | P13: =VLOOKUP($A13,[6]HISTOSEPT24!$A$6:$AV$49,33,0) -> 0 | Q13: =IF(R13=0,0,($C$3-R13)) -> 0 | R13: =VLOOKUP($A13,[6]HISTOSEPT24!$A$6:$AV$49,29,0) -> 0
A14: AS201611 | B14: =IF(D14=0,0,VLOOKUP($A14,[6]HISTOSEPT24!$A$6:$BP$44,10,0)) -> 1 | C14: =VLOOKUP(A14,[7]LISTADHERENT!A$5:H$60,3,0) -> HENGUE PAUL OMER | D14: =IF(G14="ECHEC",0,B$3) -> 25000 | E14: =D14+VLOOKUP($A14,[6]HISTOSEPT24!$A$7:$AU$42,45,0)+F14 -> 50000 | F14: =VLOOKUP($A14,[6]HISTOSEPT24!$A$6:$AV$48,7,0) -> 0 | G14: =VLOOKUP($A14,[6]HISTOSEPT24!$A$6:$AV$49,8,0) -> BANQUE | H14: =VLOOKUP($A14,[6]HISTOSEPT24!$A$6:$AV$49,35,0) -> 0 | I14: =VLOOKUP($A14,[6]HISTOSEPT24!$A$6:$AV$49,38,0) -> 0 | J14: =IF(H14=0,0,VLOOKUP($A14,[6]HISTOSEPT24!$A$6:$AV$49,42,0)) -> 0 | K14: =VLOOKUP($A14,[6]HISTOSEPT24!$A$6:$AV$49,41,0) -> 0 | L14: =TONTAOUT24!H14+TONTAOUT24!I14 -> 0 | M14: =VLOOKUP($A14,[6]HISTOSEPT24!$A$6:$AV$49,16,0) -> 0 | N14: =IF(M14<>0,VLOOKUP($A14,[6]HISTOSEPT24!$A$6:$AV$49,8,0),"ECHEC") -> ECHEC | O14: =IF(R14=0,0,VLOOKUP($A14,[6]HISTOSEPT24!$A$6:$AV$49,32,0)) -> 0 | P14: =VLOOKUP($A14,[6]HISTOSEPT24!$A$6:$AV$49,33,0) -> 0 | Q14: =IF(R14=0,0,($C$3-R14)) -> 0 | R14: =VLOOKUP($A14,[6]HISTOSEPT24!$A$6:$AV$49,29,0) -> 0
A15: AS201613 | B15: =IF(D15=0,0,VLOOKUP($A15,[6]HISTOSEPT24!$A$6:$BP$44,10,0)) -> 1 | C15: =VLOOKUP(A15,[7]LISTADHERENT!A$5:H$60,3,0) -> HOTCHO BENJAMIN | D15: =IF(G15="ECHEC",0,B$3) -> 25000 | E15: =D15+VLOOKUP($A15,[6]HISTOSEPT24!$A$7:$AU$42,45,0)+F15 -> 75000 | F15: =VLOOKUP($A15,[6]HISTOSEPT24!$A$6:$AV$48,7,0) -> 0 | G15: =VLOOKUP($A15,[6]HISTOSEPT24!$A$6:$AV$49,8,0) -> BANQUE | H15: =VLOOKUP($A15,[6]HISTOSEPT24!$A$6:$AV$49,35,0) -> 0 | I15: =VLOOKUP($A15,[6]HISTOSEPT24!$A$6:$AV$49,38,0) -> 0 | J15: =IF(H15=0,0,VLOOKUP($A15,[6]HISTOSEPT24!$A$6:$AV$49,42,0)) -> 0 | K15: =VLOOKUP($A15,[6]HISTOSEPT24!$A$6:$AV$49,41,0) -> 0 | L15: =TONTAOUT24!H15+TONTAOUT24!I15 -> 0 | M15: =VLOOKUP($A15,[6]HISTOSEPT24!$A$6:$AV$49,16,0) -> 0 | N15: =IF(M15<>0,VLOOKUP($A15,[6]HISTOSEPT24!$A$6:$AV$49,8,0),"ECHEC") -> ECHEC | O15: =IF(R15=0,0,VLOOKUP($A15,[6]HISTOSEPT24!$A$6:$AV$49,32,0)) -> 0 | P15: =VLOOKUP($A15,[6]HISTOSEPT24!$A$6:$AV$49,33,0) -> 0 | Q15: =IF(R15=0,0,($C$3-R15)) -> 0 | R15: =VLOOKUP($A15,[6]HISTOSEPT24!$A$6:$AV$49,29,0) -> 0
A16: AS201617 | B16: =IF(D16=0,0,VLOOKUP($A16,[6]HISTOSEPT24!$A$6:$BP$44,10,0)) -> 1 | C16: =VLOOKUP(A16,[7]LISTADHERENT!A$5:H$60,3,0) -> KOUAMOU MOISE | D16: =IF(G16="ECHEC",0,B$3) -> 25000 | E16: =D16+VLOOKUP($A16,[6]HISTOSEPT24!$A$7:$AU$42,45,0)+F16 -> 47500 | F16: =VLOOKUP($A16,[6]HISTOSEPT24!$A$6:$AV$48,7,0) -> 3000 | G16: =VLOOKUP($A16,[6]HISTOSEPT24!$A$6:$AV$49,8,0) -> BANQUE | H16: =VLOOKUP($A16,[6]HISTOSEPT24!$A$6:$AV$49,35,0) -> 0 | I16: =VLOOKUP($A16,[6]HISTOSEPT24!$A$6:$AV$49,38,0) -> 0 | J16: =IF(H16=0,0,VLOOKUP($A16,[6]HISTOSEPT24!$A$6:$AV$49,42,0)) -> 0 | K16: =VLOOKUP($A16,[6]HISTOSEPT24!$A$6:$AV$49,41,0) -> 0 | L16: =TONTAOUT24!H16+TONTAOUT24!I16 -> 30500 | M16: =VLOOKUP($A16,[6]HISTOSEPT24!$A$6:$AV$49,16,0) -> 30500 | N16: =IF(M16<>0,VLOOKUP($A16,[6]HISTOSEPT24!$A$6:$AV$49,8,0),"ECHEC") -> BANQUE | O16: =IF(R16=0,0,VLOOKUP($A16,[6]HISTOSEPT24!$A$6:$AV$49,32,0)) -> 0 | P16: =VLOOKUP($A16,[6]HISTOSEPT24!$A$6:$AV$49,33,0) -> 0 | Q16: =IF(R16=0,0,($C$3-R16)) -> 0 | R16: =VLOOKUP($A16,[6]HISTOSEPT24!$A$6:$AV$49,29,0) -> 0
A17: AS201619 | B17: =IF(D17=0,0,VLOOKUP($A17,[6]HISTOSEPT24!$A$6:$BP$44,10,0)) -> 1 | C17: =VLOOKUP(A17,[7]LISTADHERENT!A$5:H$60,3,0) -> KOUATCHO MESSACK | D17: =IF(G17="ECHEC",0,B$3) -> 25000 | E17: =D17+VLOOKUP($A17,[6]HISTOSEPT24!$A$7:$AU$42,45,0)+F17 -> 60000 | F17: =VLOOKUP($A17,[6]HISTOSEPT24!$A$6:$AV$48,7,0) -> 0 | G17: =VLOOKUP($A17,[6]HISTOSEPT24!$A$6:$AV$49,8,0) -> BANQUE | H17: =VLOOKUP($A17,[6]HISTOSEPT24!$A$6:$AV$49,35,0) -> 0 | I17: =VLOOKUP($A17,[6]HISTOSEPT24!$A$6:$AV$49,38,0) -> 0 | J17: =IF(H17=0,0,VLOOKUP($A17,[6]HISTOSEPT24!$A$6:$AV$49,42,0)) -> 0 | K17: =VLOOKUP($A17,[6]HISTOSEPT24!$A$6:$AV$49,41,0) -> 0 | L17: =TONTAOUT24!H17+TONTAOUT24!I17 -> 0 | M17: =VLOOKUP($A17,[6]HISTOSEPT24!$A$6:$AV$49,16,0) -> 0 | N17: =IF(M17<>0,VLOOKUP($A17,[6]HISTOSEPT24!$A$6:$AV$49,8,0),"ECHEC") -> ECHEC | O17: =IF(R17=0,0,VLOOKUP($A17,[6]HISTOSEPT24!$A$6:$AV$49,32,0)) -> 0 | P17: =VLOOKUP($A17,[6]HISTOSEPT24!$A$6:$AV$49,33,0) -> 0 | Q17: =IF(R17=0,0,($C$3-R17)) -> 0 | R17: =VLOOKUP($A17,[6]HISTOSEPT24!$A$6:$AV$49,29,0) -> 0
... A32: AS201660 | B32: =IF(D32=0,0,VLOOKUP($A32,[6]HISTOSEPT24!$A$6:$BP$44,10,0)) -> 1 | C32: =VLOOKUP(A32,[7]LISTADHERENT!A$5:H$60,3,0) -> TCHOUATEU AUGUSTIN | D32: =IF(G32="ECHEC",0,B$3) -> 25000 | E32: =D32+VLOOKUP($A32,[6]HISTOSEPT24!$A$7:$AU$42,45,0)+F32 -> 224000 | F32: =VLOOKUP($A32,[6]HISTOSEPT24!$A$6:$AV$48,7,0) -> 0 | G32: =VLOOKUP($A32,[6]HISTOSEPT24!$A$6:$AV$49,8,0) -> BANQUE | H32: =VLOOKUP($A32,[6]HISTOSEPT24!$A$6:$AV$49,35,0) -> 0 | I32: =VLOOKUP($A32,[6]HISTOSEPT24!$A$6:$AV$49,38,0) -> 0 | J32: =IF(H32=0,0,VLOOKUP($A32,[6]HISTOSEPT24!$A$6:$AV$49,42,0)) -> 0 | K32: =VLOOKUP($A32,[6]HISTOSEPT24!$A$6:$AV$49,41,0) -> 0 | L32: =TONTAOUT24!H32+TONTAOUT24!I32 -> 0 | M32: =VLOOKUP($A32,[6]HISTOSEPT24!$A$6:$AV$49,16,0) -> 0 | N32: =IF(M32<>0,VLOOKUP($A32,[6]HISTOSEPT24!$A$6:$AV$49,8,0),"ECHEC") -> ECHEC | O32: =IF(R32=0,0,VLOOKUP($A32,[6]HISTOSEPT24!$A$6:$AV$49,32,0)) -> BANQUE | P32: =VLOOKUP($A32,[6]HISTOSEPT24!$A$6:$AV$49,33,0) -> 0 | Q32: =IF(R32=0,0,($C$3-R32)) -> 294000 | R32: =VLOOKUP($A32,[6]HISTOSEPT24!$A$6:$AV$49,29,0) -> 6000
A33: AS201643 | B33: =IF(D33=0,0,VLOOKUP($A33,[6]HISTOSEPT24!$A$6:$BP$44,10,0)) -> 1 | C33: =VLOOKUP(A33,[7]LISTADHERENT!A$5:H$60,3,0) -> TCHOUTOU NANA CLAUDE | D33: =IF(G33="ECHEC",0,B$3)+25000 -> 50000 | E33: =D33+VLOOKUP($A33,[6]HISTOSEPT24!$A$7:$AU$42,45,0)+F33 -> 106250 | F33: =VLOOKUP($A33,[6]HISTOSEPT24!$A$6:$AV$48,7,0) -> 0 | G33: =VLOOKUP($A33,[6]HISTOSEPT24!$A$6:$AV$49,8,0) -> BANQUE | H33: =VLOOKUP($A33,[6]HISTOSEPT24!$A$6:$AV$49,35,0) -> 0 | I33: =VLOOKUP($A33,[6]HISTOSEPT24!$A$6:$AV$49,38,0) -> 0 | J33: =IF(H33=0,0,VLOOKUP($A33,[6]HISTOSEPT24!$A$6:$AV$49,42,0)) -> 0 | K33: =VLOOKUP($A33,[6]HISTOSEPT24!$A$6:$AV$49,41,0) -> 0 | L33: =TONTAOUT24!H33+TONTAOUT24!I33 -> 0 | M33: =VLOOKUP($A33,[6]HISTOSEPT24!$A$6:$AV$49,16,0) -> 0 | N33: =IF(M33<>0,VLOOKUP($A33,[6]HISTOSEPT24!$A$6:$AV$49,8,0),"ECHEC") -> ECHEC | O33: =IF(R33=0,0,VLOOKUP($A33,[6]HISTOSEPT24!$A$6:$AV$49,32,0)) -> 0 | P33: =VLOOKUP($A33,[6]HISTOSEPT24!$A$6:$AV$49,33,0) -> 0 | Q33: =IF(R33=0,0,($C$3-R33)) -> 0 | R33: =VLOOKUP($A33,[6]HISTOSEPT24!$A$6:$AV$49,29,0) -> 0
A34: AS201658 | B34: =IF(D34=0,0,VLOOKUP($A34,[6]HISTOSEPT24!$A$6:$BP$44,10,0)) -> 1 | C34: =VLOOKUP(A34,[7]LISTADHERENT!A$5:H$60,3,0) -> YANTCHOU GERVAIS | D34: =IF(G34="ECHEC",0,B$3) -> 25000 | E34: =D34+VLOOKUP($A34,[6]HISTOSEPT24!$A$7:$AU$42,45,0)+F34 -> 60000 | F34: =VLOOKUP($A34,[6]HISTOSEPT24!$A$6:$AV$48,7,0) -> 0 | G34: =VLOOKUP($A34,[6]HISTOSEPT24!$A$6:$AV$49,8,0) -> BANQUE | H34: =VLOOKUP($A34,[6]HISTOSEPT24!$A$6:$AV$49,35,0) -> 0 | I34: =VLOOKUP($A34,[6]HISTOSEPT24!$A$6:$AV$49,38,0) -> 0 | J34: =IF(H34=0,0,VLOOKUP($A34,[6]HISTOSEPT24!$A$6:$AV$49,42,0)) -> 0 | K34: =VLOOKUP($A34,[6]HISTOSEPT24!$A$6:$AV$49,41,0) -> 0 | L34: =TONTAOUT24!H34+TONTAOUT24!I34 -> 0 | M34: =VLOOKUP($A34,[6]HISTOSEPT24!$A$6:$AV$49,16,0) -> 0 | N34: =IF(M34<>0,VLOOKUP($A34,[6]HISTOSEPT24!$A$6:$AV$49,8,0),"ECHEC") -> ECHEC | O34: =IF(R34=0,0,VLOOKUP($A34,[6]HISTOSEPT24!$A$6:$AV$49,32,0)) -> 0 | P34: =VLOOKUP($A34,[6]HISTOSEPT24!$A$6:$AV$49,33,0) -> 0 | Q34: =IF(R34=0,0,($C$3-R34)) -> 0 | R34: =VLOOKUP($A34,[6]HISTOSEPT24!$A$6:$AV$49,29,0) -> 0
A35: AS201646 | B35: =IF(D35=0,0,VLOOKUP($A35,[6]HISTOSEPT24!$A$6:$BP$44,10,0)) -> 1 | C35: =VLOOKUP(A35,[7]LISTADHERENT!A$5:H$60,3,0) -> YEPMOU JEAN JACQUES | D35: =IF(G35="ECHEC",0,B$3) -> 25000 | E35: =D35+VLOOKUP($A35,[6]HISTOSEPT24!$A$7:$AU$42,45,0)+F35 -> 50000 | F35: =VLOOKUP($A35,[6]HISTOSEPT24!$A$6:$AV$48,7,0) -> 0 | G35: =VLOOKUP($A35,[6]HISTOSEPT24!$A$6:$AV$49,8,0) -> BANQUE | H35: =VLOOKUP($A35,[6]HISTOSEPT24!$A$6:$AV$49,35,0) -> 0 | I35: =VLOOKUP($A35,[6]HISTOSEPT24!$A$6:$AV$49,38,0) -> 0 | J35: =IF(H35=0,0,VLOOKUP($A35,[6]HISTOSEPT24!$A$6:$AV$49,42,0)) -> 0 | K35: =VLOOKUP($A35,[6]HISTOSEPT24!$A$6:$AV$49,41,0) -> 0 | L35: =TONTAOUT24!H35+TONTAOUT24!I35 -> 0 | M35: =VLOOKUP($A35,[6]HISTOSEPT24!$A$6:$AV$49,16,0) -> 0 | N35: =IF(M35<>0,VLOOKUP($A35,[6]HISTOSEPT24!$A$6:$AV$49,8,0),"ECHEC") -> ECHEC | O35: =IF(R35=0,0,VLOOKUP($A35,[6]HISTOSEPT24!$A$6:$AV$49,32,0)) -> 0 | P35: =VLOOKUP($A35,[6]HISTOSEPT24!$A$6:$AV$49,33,0) -> 0 | Q35: =IF(R35=0,0,($C$3-R35)) -> 0 | R35: =VLOOKUP($A35,[6]HISTOSEPT24!$A$6:$AV$49,29,0) -> 0
A36: AS201659 | B36: =IF(D36=0,0,VLOOKUP($A36,[6]HISTOSEPT24!$A$6:$BP$44,10,0)) -> 1 | C36: =VLOOKUP(A36,[7]LISTADHERENT!A$5:H$60,3,0) -> YIALA ALAIN OSCAR | D36: =IF(G36="ECHEC",0,B$3) -> 25000 | E36: =D36+VLOOKUP($A36,[6]HISTOSEPT24!$A$7:$AU$42,45,0)+F36 -> 753000 | F36: =VLOOKUP($A36,[6]HISTOSEPT24!$A$6:$AV$48,7,0) -> 3000 | G36: =VLOOKUP($A36,[6]HISTOSEPT24!$A$6:$AV$49,8,0) -> ESPECES | H36: =VLOOKUP($A36,[6]HISTOSEPT24!$A$6:$AV$49,35,0) -> 0 | I36: =VLOOKUP($A36,[6]HISTOSEPT24!$A$6:$AV$49,38,0) -> 0 | J36: =IF(H36=0,0,VLOOKUP($A36,[6]HISTOSEPT24!$A$6:$AV$49,42,0)) -> 0 | K36: =VLOOKUP($A36,[6]HISTOSEPT24!$A$6:$AV$49,41,0) -> 0 | L36: =TONTAOUT24!H36+TONTAOUT24!I36 -> 0 | M36: =VLOOKUP($A36,[6]HISTOSEPT24!$A$6:$AV$49,16,0) -> 0 | N36: =IF(M36<>0,VLOOKUP($A36,[6]HISTOSEPT24!$A$6:$AV$49,8,0),"ECHEC") -> ECHEC | O36: =IF(R36=0,0,VLOOKUP($A36,[6]HISTOSEPT24!$A$6:$AV$49,32,0)) -> BANQUE | P36: =VLOOKUP($A36,[6]HISTOSEPT24!$A$6:$AV$49,33,0) -> 0 | Q36: =IF(R36=0,0,($C$3-R36)) -> 296000 | R36: =VLOOKUP($A36,[6]HISTOSEPT24!$A$6:$AV$49,29,0) -> 4000
A37: AS201647 | B37: =IF(D37=0,0,VLOOKUP($A37,[6]HISTOSEPT24!$A$6:$BP$44,10,0)) -> 1 | C37: =VLOOKUP(A37,[7]LISTADHERENT!A$5:H$60,3,0) -> YOUMBI EMMANUEL | D37: =IF(G37="ECHEC",0,B$3) -> 25000 | E37: =D37+VLOOKUP($A37,[6]HISTOSEPT24!$A$7:$AU$42,45,0)+F37 -> 50000 | F37: =VLOOKUP($A37,[6]HISTOSEPT24!$A$6:$AV$48,7,0) -> 0 | G37: =VLOOKUP($A37,[6]HISTOSEPT24!$A$6:$AV$49,8,0) -> BANQUE | H37: =VLOOKUP($A37,[6]HISTOSEPT24!$A$6:$AV$49,35,0) -> 0 | I37: =VLOOKUP($A37,[6]HISTOSEPT24!$A$6:$AV$49,38,0) -> 0 | J37: =IF(H37=0,0,VLOOKUP($A37,[6]HISTOSEPT24!$A$6:$AV$49,42,0)) -> 0 | K37: =VLOOKUP($A37,[6]HISTOSEPT24!$A$6:$AV$49,41,0) -> 0 | L37: =TONTAOUT24!H37+TONTAOUT24!I37 -> 0 | M37: =VLOOKUP($A37,[6]HISTOSEPT24!$A$6:$AV$49,16,0) -> 0 | N37: =IF(M37<>0,VLOOKUP($A37,[6]HISTOSEPT24!$A$6:$AV$49,8,0),"ECHEC") -> ECHEC | O37: =IF(R37=0,0,VLOOKUP($A37,[6]HISTOSEPT24!$A$6:$AV$49,32,0)) -> 0 | P37: =VLOOKUP($A37,[6]HISTOSEPT24!$A$6:$AV$49,33,0) -> 0 | Q37: =IF(R37=0,0,($C$3-R37)) -> 0 | R37: =VLOOKUP($A37,[6]HISTOSEPT24!$A$6:$AV$49,29,0) -> 0
A39: TOTAL PART | B39: =SUM(B6:B38) -> 32
A40: NBRE ADHERENT | B40: =COUNT(D6:D38) -> 32 | D40: =SUM(D6:D39) -> 825000 | F40: =SUM(F6:F39) -> 18000 | G40: =SUM(G6:G39) -> 0 | H40: =SUM(H6:H39) -> 209500 | I40: =SUM(I6:I39) -> 3500 | J40: =SUM(J6:J39) -> 0 | K40: =SUM(K6:K39) -> 0 | L40: =SUM(L6:L39) -> 271500 | M40: =SUM(M6:M39) -> 271500 | ... R40: =SUM(R6:R39) -> 13000
N41: NBRE PART | O41: PART VENDUE
D42: MONTANT TONTINE | G42: REMBOURSEMENT PETIT LOT | H42: VENTE PETIT LOT | I42: VENTE LOT PRINCIPAL | J42: SOLDE EN CAISSE | L42: TONTINE + REMB + INTERET VENTE | M42: =D46+G46+R40+TONTAOUT24!O47 -> 1109500
D43: =SUMIFS(D6:D39,G6:G39,"ESPECES") -> 100000 | F43: ESPECES | G43: =SUMIFS(M6:M33,N6:N33,"ESPECES") -> 119000 | H43: =SUMIFS(H6:H39,J6:J39,"ESPECES") -> 0 | I43: =SUMIFS(Q6:Q39,O6:O39,"ESPECES") -> 0 | J43: =D43+G43-H43-I43 -> 219000 | L43: LOT PRINCIPAL | M43: =C3*COUNTIF(Q7:Q39,">0") -> 900000 | N43: =D3 -> 3 | O43: =COUNTIF(Q6:Q33,">0") -> 2
D44: =SUMIFS(D6:D39,G6:G39,"BANQUE") -> 725000 | F44: BANQUE | G44: =SUMIFS(M6:M33,N6:N33,"BANQUE") -> 152500 | H44: =SUMIFS(H6:H39,J6:J39,"BANQUE") -> 209500 | I44: =SUMIFS(Q6:Q39,O6:O39,"BANQUE") -> 590000 | J44: =D44+G44-H44-I44 -> 78000
L45: PETIT LOT | M45: =M42-M43 -> 209500
D46: =D43+D44 -> 825000 | F46: TOTAL | G46: =G43+G44 -> 271500 | H46: =H43+H44 -> 209500 | I46: =I43+I44 -> 590000 | J46: =J43+J44 -> 297000
F47: TOTAL+DEPOT | L47: RELIQUAT | M47: =M45-H40 -> 0 | O47: =TONTSEPT24!M47 -> 0 | P47: CUMUL
L49: ECHEC TONTINE MOIS | M49: =COUNTIFS(G7:G38,"ECHEC")*25000 -> 0 | O49: =TONTSEPT24!M49 -> 0 | P49: CUMUL
L50: ECHEC REMBOURSEMENT MOIS | M50: =L40-G46 -> 0 | O50: =TONTSEPT24!M50 -> 0 | P50: CUMUL

Sheet TONTOCT24
A1: ASSOCIATION | B1: ASELBY
A2: ANNEE | B2: 2024 | C2: TONIINE | D2: NBRE PART
A3: TAUX TONTINE | B3: 25000 | C3: =B3*12 -> 300000 | D3: =ROUNDDOWN(M42/C3,0) -> 3
C4: 45578
A5: MATRICULE | B5: NBREPART | C5: NOM ET PRENOM | D5: MONTANT TONTINE | E5: MONTANT VERSE | F5: PENALITE VERSEMENT ESPECES | G5: MODE VERSEMENT | H5: VENTE PETIT LOT | I5: INTERET PETIT LOT | J5: MODE VERSEMENT VENTE PETIT LOT | K5: NUMERO CHEQUE | L5: MONTANT A REMBOURSER PETIT LOT | M5: REMBOURSEMENT PETIT LOT | N5: MODE VERSEMENT REMBOURSEMENT | O5: MODE VERSEMENTLOT PRINCIPAL | P5: NUMERO CHEQUE | Q5: MONTANT LOT PRINCIPAL | R5: INTERET LOT PRINCIPAL
A6: AS201601 | B6: =IF(D6=0,0,VLOOKUP($A6,[6]HISTOOCT24!$A$6:$BP$44,10,0)) -> 1 | C6: =VLOOKUP(A6,[7]LISTADHERENT!A$5:H$60,3,0) -> BAKOP ACHILLE | D6: =IF(G6="ECHEC",0,B$3) -> 25000 | E6: =D6+VLOOKUP($A6,[6]HISTOOCT24!$A$7:$AU$42,45,0)+F6 -> 50000 | F6: =VLOOKUP($A6,[6]HISTOOCT24!$A$6:$AV$48,7,0) -> 0 | G6: =VLOOKUP($A6,[6]HISTOOCT24!$A$6:$AV$49,8,0) -> ESPECES | H6: =VLOOKUP($A6,[6]HISTOOCT24!$A$6:$AV$49,35,0) -> 0 | I6: =VLOOKUP($A6,[6]HISTOOCT24!$A$6:$AV$49,38,0) -> 0 | J6: =IF(H6=0,0,VLOOKUP($A6,[6]HISTOOCT24!$A$6:$AV$49,42,0)) -> 0 | K6: =VLOOKUP($A6,[6]HISTOOCT24!$A$6:$AV$49,41,0) -> 0 | L6: =TONTSEPT24!H6+TONTSEPT24!I6 -> 0 | M6: =VLOOKUP($A6,[6]HISTOOCT24!$A$6:$AV$49,16,0) -> 0 | N6: =IF(M6<>0,VLOOKUP($A6,[6]HISTOOCT24!$A$6:$AV$49,8,0),"ECHEC") -> ECHEC | O6: =IF(R6=0,0,VLOOKUP($A6,[6]HISTOOCT24!$A$6:$AV$49,32,0)) -> 0 | P6: =VLOOKUP($A6,[6]HISTOOCT24!$A$6:$AV$49,33,0) -> 0 | Q6: =IF(R6=0,0,($C$3-R6)) -> 0 | R6: =VLOOKUP($A6,[6]HISTOOCT24!$A$6:$AV$49,29,0) -> 0
A7: AS201602 | B7: =IF(D7=0,0,VLOOKUP($A7,[6]HISTOOCT24!$A$6:$BP$44,10,0)) -> 1 | C7: =VLOOKUP(A7,[7]LISTADHERENT!A$5:H$60,3,0) -> BOUTCHOUANG WILLIAM | D7: =IF(G7="ECHEC",0,B$3) -> 25000 | E7: =D7+VLOOKUP($A7,[6]HISTOOCT24!$A$7:$AU$42,45,0)+F7 -> 50000 | F7: =VLOOKUP($A7,[6]HISTOOCT24!$A$6:$AV$48,7,0) -> 0 | G7: =VLOOKUP($A7,[6]HISTOOCT24!$A$6:$AV$49,8,0) -> BANQUE | H7: =VLOOKUP($A7,[6]HISTOOCT24!$A$6:$AV$49,35,0) -> 0 | I7: =VLOOKUP($A7,[6]HISTOOCT24!$A$6:$AV$49,38,0) -> 0 | J7: =IF(H7=0,0,VLOOKUP($A7,[6]HISTOOCT24!$A$6:$AV$49,42,0)) -> 0 | K7: =VLOOKUP($A7,[6]HISTOOCT24!$A$6:$AV$49,41,0) -> 0 | L7: =TONTSEPT24!H7+TONTSEPT24!I7 -> 0 | M7: =VLOOKUP($A7,[6]HISTOOCT24!$A$6:$AV$49,16,0) -> 0 | N7: =IF(M7<>0,VLOOKUP($A7,[6]HISTOOCT24!$A$6:$AV$49,8,0),"ECHEC") -> ECHEC | O7: =IF(R7=0,0,VLOOKUP($A7,[6]HISTOOCT24!$A$6:$AV$49,32,0)) -> BANQUE | P7: =VLOOKUP($A7,[6]HISTOOCT24!$A$6:$AV$49,33,0) -> 0 | Q7: =IF(R7=0,0,($C$3-R7)) -> 297500 | R7: =VLOOKUP($A7,[6]HISTOOCT24!$A$6:$AV$49,29,0) -> 2500
A8: AS201604 | B8: =IF(D8=0,0,VLOOKUP($A8,[6]HISTOOCT24!$A$6:$BP$44,10,0)) -> 1 | C8: =VLOOKUP(A8,[7]LISTADHERENT!A$5:H$60,3,0) -> DJOMO JEAN PAUL | D8: =IF(G8="ECHEC",0,B$3) -> 25000 | E8: =D8+VLOOKUP($A8,[6]HISTOOCT24!$A$7:$AU$42,45,0)+F8 -> 50000 | F8: =VLOOKUP($A8,[6]HISTOOCT24!$A$6:$AV$48,7,0) -> 0 | G8: =VLOOKUP($A8,[6]HISTOOCT24!$A$6:$AV$49,8,0) -> BANQUE | H8: =VLOOKUP($A8,[6]HISTOOCT24!$A$6:$AV$49,35,0) -> 0 | I8: =VLOOKUP($A8,[6]HISTOOCT24!$A$6:$AV$49,38,0) -> 0 | J8: =IF(H8=0,0,VLOOKUP($A8,[6]HISTOOCT24!$A$6:$AV$49,42,0)) -> 0 | K8: =VLOOKUP($A8,[6]HISTOOCT24!$A$6:$AV$49,41,0) -> 0 | L8: =TONTSEPT24!H8+TONTSEPT24!I8 -> 0 | M8: =VLOOKUP($A8,[6]HISTOOCT24!$A$6:$AV$49,16,0) -> 0 | N8: =IF(M8<>0,VLOOKUP($A8,[6]HISTOOCT24!$A$6:$AV$49,8,0),"ECHEC") -> ECHEC | O8: =IF(R8=0,0,VLOOKUP($A8,[6]HISTOOCT24!$A$6:$AV$49,32,0)) -> 0 | P8: =VLOOKUP($A8,[6]HISTOOCT24!$A$6:$AV$49,33,0) -> 0 | Q8: =IF(R8=0,0,($C$3-R8)) -> 0 | R8: =VLOOKUP($A8,[6]HISTOOCT24!$A$6:$AV$49,29,0) -> 0
A9: AS201654 | B9: =IF(D9=0,0,VLOOKUP($A9,[6]HISTOOCT24!$A$6:$BP$44,10,0)) -> 1 | C9: =VLOOKUP(A9,[7]LISTADHERENT!A$5:H$60,3,0) -> DJOMOU TCHAPDA | D9: =IF(G9="ECHEC",0,B$3) -> 25000 | E9: =D9+VLOOKUP($A9,[6]HISTOOCT24!$A$7:$AU$42,45,0)+F9 -> 51000 | F9: =VLOOKUP($A9,[6]HISTOOCT24!$A$6:$AV$48,7,0) -> 0 | G9: =VLOOKUP($A9,[6]HISTOOCT24!$A$6:$AV$49,8,0) -> BANQUE | H9: =VLOOKUP($A9,[6]HISTOOCT24!$A$6:$AV$49,35,0) -> 60500 | I9: =VLOOKUP($A9,[6]HISTOOCT24!$A$6:$AV$49,38,0) -> 1500 | J9: =IF(H9=0,0,VLOOKUP($A9,[6]HISTOOCT24!$A$6:$AV$49,42,0)) -> BANQUE | K9: =VLOOKUP($A9,[6]HISTOOCT24!$A$6:$AV$49,41,0) -> 0 | L9: =TONTSEPT24!H9+TONTSEPT24!I9 -> 61000 | M9: =VLOOKUP($A9,[6]HISTOOCT24!$A$6:$AV$49,16,0) -> 61000 | N9: =IF(M9<>0,VLOOKUP($A9,[6]HISTOOCT24!$A$6:$AV$49,8,0),"ECHEC") -> BANQUE | O9: =IF(R9=0,0,VLOOKUP($A9,[6]HISTOOCT24!$A$6:$AV$49,32,0)) -> 0 | P9: =VLOOKUP($A9,[6]HISTOOCT24!$A$6:$AV$49,33,0) -> 0 | Q9: =IF(R9=0,0,($C$3-R9)) -> 0 | R9: =VLOOKUP($A9,[6]HISTOOCT24!$A$6:$AV$49,29,0) -> 0
A10: AS201605 | B10: =IF(D10=0,0,VLOOKUP($A10,[6]HISTOOCT24!$A$6:$BP$44,10,0)) -> 1 | C10: =VLOOKUP(A10,[7]LISTADHERENT!A$5:H$60,3,0) -> DJOUKWE NANGUEN GUY BLAISE | D10: =IF(G10="ECHEC",0,B$3) -> 25000 | E10: =D10+VLOOKUP($A10,[6]HISTOOCT24!$A$7:$AU$42,45,0)+F10 -> 50500 | F10: =VLOOKUP($A10,[6]HISTOOCT24!$A$6:$AV$48,7,0) -> 0 | G10: =VLOOKUP($A10,[6]HISTOOCT24!$A$6:$AV$49,8,0) -> BANQUE | H10: =VLOOKUP($A10,[6]HISTOOCT24!$A$6:$AV$49,35,0) -> 0 | I10: =VLOOKUP($A10,[6]HISTOOCT24!$A$6:$AV$49,38,0) -> 0 | J10: =IF(H10=0,0,VLOOKUP($A10,[6]HISTOOCT24!$A$6:$AV$49,42,0)) -> 0 | K10: =VLOOKUP($A10,[6]HISTOOCT24!$A$6:$AV$49,41,0) -> 0 | L10: =TONTSEPT24!H10+TONTSEPT24!I10 -> 0 | M10: =VLOOKUP($A10,[6]HISTOOCT24!$A$6:$AV$49,16,0) -> 0 | N10: =IF(M10<>0,VLOOKUP($A10,[6]HISTOOCT24!$A$6:$AV$49,8,0),"ECHEC") -> ECHEC | O10: =IF(R10=0,0,VLOOKUP($A10,[6]HISTOOCT24!$A$6:$AV$49,32,0)) -> 0 | P10: =VLOOKUP($A10,[6]HISTOOCT24!$A$6:$AV$49,33,0) -> 0 | Q10: =IF(R10=0,0,($C$3-R10)) -> 0 | R10: =VLOOKUP($A10,[6]HISTOOCT24!$A$6:$AV$49,29,0) -> 0
A11: AS201608 | B11: =IF(D11=0,0,VLOOKUP($A11,[6]HISTOOCT24!$A$6:$BP$44,10,0)) -> 1 | C11: =VLOOKUP(A11,[7]LISTADHERENT!A$5:H$60,3,0) -> DJUOMBESSY ANTOINE | D11: =IF(G11="ECHEC",0,B$3) -> 25000 | E11: =D11+VLOOKUP($A11,[6]HISTOOCT24!$A$7:$AU$42,45,0)+F11 -> 55000 | F11: =VLOOKUP($A11,[6]HISTOOCT24!$A$6:$AV$48,7,0) -> 0 | G11: =VLOOKUP($A11,[6]HISTOOCT24!$A$6:$AV$49,8,0) -> BANQUE | H11: =VLOOKUP($A11,[6]HISTOOCT24!$A$6:$AV$49,35,0) -> 0 | I11: =VLOOKUP($A11,[6]HISTOOCT24!$A$6:$AV$49,38,0) -> 0 | J11: =IF(H11=0,0,VLOOKUP($A11,[6]HISTOOCT24!$A$6:$AV$49,42,0)) -> 0 | K11: =VLOOKUP($A11,[6]HISTOOCT24!$A$6:$AV$49,41,0) -> 0 | L11: =TONTSEPT24!H11+TONTSEPT24!I11 -> 0 | M11: =VLOOKUP($A11,[6]HISTOOCT24!$A$6:$AV$49,16,0) -> 0 | N11: =IF(M11<>0,VLOOKUP($A11,[6]HISTOOCT24!$A$6:$AV$49,8,0),"ECHEC") -> ECHEC | O11: =IF(R11=0,0,VLOOKUP($A11,[6]HISTOOCT24!$A$6:$AV$49,32,0)) -> 0 | P11: =VLOOKUP($A11,[6]HISTOOCT24!$A$6:$AV$49,33,0) -> 0 | Q11: =IF(R11=0,0,($C$3-R11)) -> 0 | R11: =VLOOKUP($A11,[6]HISTOOCT24!$A$6:$AV$49,29,0) -> 0
A12: AS201651 | B12: =IF(D12=0,0,VLOOKUP($A12,[6]HISTOOCT24!$A$6:$BP$44,10,0)) -> 1 | C12: =VLOOKUP(A12,[7]LISTADHERENT!A$5:H$60,3,0) -> DOMOU FABIEN | D12: =IF(G12="ECHEC",0,B$3) -> 25000 | E12: =D12+VLOOKUP($A12,[6]HISTOOCT24!$A$7:$AU$42,45,0)+F12 -> 50000 | F12: =VLOOKUP($A12,[6]HISTOOCT24!$A$6:$AV$48,7,0) -> 0 | G12: =VLOOKUP($A12,[6]HISTOOCT24!$A$6:$AV$49,8,0) -> BANQUE | H12: =VLOOKUP($A12,[6]HISTOOCT24!$A$6:$AV$49,35,0) -> 0 | I12: =VLOOKUP($A12,[6]HISTOOCT24!$A$6:$AV$49,38,0) -> 0 | J12: =IF(H12=0,0,VLOOKUP($A12,[6]HISTOOCT24!$A$6:$AV$49,42,0)) -> 0 | K12: =VLOOKUP($A12,[6]HISTOOCT24!$A$6:$AV$49,41,0) -> 0 | L12: =TONTSEPT24!H12+TONTSEPT24!I12 -> 0 | M12: =VLOOKUP($A12,[6]HISTOOCT24!$A$6:$AV$49,16,0) -> 0 | N12: =IF(M12<>0,VLOOKUP($A12,[6]HISTOOCT24!$A$6:$AV$49,8,0),"ECHEC") -> ECHEC | O12: =IF(R12=0,0,VLOOKUP($A12,[6]HISTOOCT24!$A$6:$AV$49,32,0)) -> 0 | P12: =VLOOKUP($A12,[6]HISTOOCT24!$A$6:$AV$49,33,0) -> 0 | Q12: =IF(R12=0,0,($C$3-R12)) -> 0 | R12: =VLOOKUP($A12,[6]HISTOOCT24!$A$6:$AV$49,29,0) -> 0
A13: AS201609 | B13: =IF(D13=0,0,VLOOKUP($A13,[6]HISTOOCT24!$A$6:$BP$44,10,0)) -> 1 | C13: =VLOOKUP(A13,[7]LISTADHERENT!A$5:H$60,3,0) -> DONHOU DAVID | D13: =IF(G13="ECHEC",0,B$3) -> 25000 | E13: =D13+VLOOKUP($A13,[6]HISTOOCT24!$A$7:$AU$42,45,0)+F13 -> 50000 | F13: =VLOOKUP($A13,[6]HISTOOCT24!$A$6:$AV$48,7,0) -> 0 | G13: =VLOOKUP($A13,[6]HISTOOCT24!$A$6:$AV$49,8,0) -> BANQUE | H13: =VLOOKUP($A13,[6]HISTOOCT24!$A$6:$AV$49,35,0) -> 0 | I13: =VLOOKUP($A13,[6]HISTOOCT24!$A$6:$AV$49,38,0) -> 0 | J13: =IF(H13=0,0,VLOOKUP($A13,[6]HISTOOCT24!$A$6:$AV$49,42,0)) -> 0 | K13: =VLOOKUP($A13,[6]HISTOOCT24!$A$6:$AV$49,41,0) -> 0 | L13: =TONTSEPT24!H13+TONTSEPT24!I13 -> 0 | M13: =VLOOKUP($A13,[6]HISTOOCT24!$A$6:$AV$49,16,0) -> 0 | N13: =IF(M13<>0,VLOOKUP($A13,[6]HISTOOCT24!$A$6:$AV$49,8,0),"ECHEC") -> ECHEC | O13: =IF(R13=0,0,VLOOKUP($A13,[6]HISTOOCT24!$A$6:$AV$49,32,0)) -> 0 | P13: =VLOOKUP($A13,[6]HISTOOCT24!$A$6:$AV$49,33,0) -> 0 | Q13: =IF(R13=0,0,($C$3-R13)) -> 0 | R13: =VLOOKUP($A13,[6]HISTOOCT24!$A$6:$AV$49,29,0) -> 0
A14: AS201611 | B14: =IF(D14=0,0,VLOOKUP($A14,[6]HISTOOCT24!$A$6:$BP$44,10,0)) -> 1 | C14: =VLOOKUP(A14,[7]LISTADHERENT!A$5:H$60,3,0) -> HENGUE PAUL OMER | D14: =IF(G14="ECHEC",0,B$3) -> 25000 | E14: =D14+VLOOKUP($A14,[6]HISTOOCT24!$A$7:$AU$42,45,0)+F14 -> 50000 | F14: =VLOOKUP($A14,[6]HISTOOCT24!$A$6:$AV$48,7,0) -> 0 | G14: =VLOOKUP($A14,[6]HISTOOCT24!$A$6:$AV$49,8,0) -> BANQUE | H14: =VLOOKUP($A14,[6]HISTOOCT24!$A$6:$AV$49,35,0) -> 0 | I14: =VLOOKUP($A14,[6]HISTOOCT24!$A$6:$AV$49,38,0) -> 0 | J14: =IF(H14=0,0,VLOOKUP($A14,[6]HISTOOCT24!$A$6:$AV$49,42,0)) -> 0 | K14: =VLOOKUP($A14,[6]HISTOOCT24!$A$6:$AV$49,41,0) -> 0 | L14: =TONTSEPT24!H14+TONTSEPT24!I14 -> 0 | M14: =VLOOKUP($A14,[6]HISTOOCT24!$A$6:$AV$49,16,0) -> 0 | N14: =IF(M14<>0,VLOOKUP($A14,[6]HISTOOCT24!$A$6:$AV$49,8,0),"ECHEC") -> ECHEC | O14: =IF(R14=0,0,VLOOKUP($A14,[6]HISTOOCT24!$A$6:$AV$49,32,0)) -> 0 | P14: =VLOOKUP($A14,[6]HISTOOCT24!$A$6:$AV$49,33,0) -> 0 | Q14: =IF(R14=0,0,($C$3-R14)) -> 0 | R14: =VLOOKUP($A14,[6]HISTOOCT24!$A$6:$AV$49,29,0) -> 0
A15: AS201613 | B15: =IF(D15=0,0,VLOOKUP($A15,[6]HISTOOCT24!$A$6:$BP$44,10,0)) -> 1 | C15: =VLOOKUP(A15,[7]LISTADHERENT!A$5:H$60,3,0) -> HOTCHO BENJAMIN | D15: =IF(G15="ECHEC",0,B$3) -> 25000 | E15: =D15+VLOOKUP($A15,[6]HISTOOCT24!$A$7:$AU$42,45,0)+F15 -> 65000 | F15: =VLOOKUP($A15,[6]HISTOOCT24!$A$6:$AV$48,7,0) -> 0 | G15: =VLOOKUP($A15,[6]HISTOOCT24!$A$6:$AV$49,8,0) -> BANQUE | H15: =VLOOKUP($A15,[6]HISTOOCT24!$A$6:$AV$49,35,0) -> 0 | I15: =VLOOKUP($A15,[6]HISTOOCT24!$A$6:$AV$49,38,0) -> 0 | J15: =IF(H15=0,0,VLOOKUP($A15,[6]HISTOOCT24!$A$6:$AV$49,42,0)) -> 0 | K15: =VLOOKUP($A15,[6]HISTOOCT24!$A$6:$AV$49,41,0) -> 0 | L15: =TONTSEPT24!H15+TONTSEPT24!I15 -> 0 | M15: =VLOOKUP($A15,[6]HISTOOCT24!$A$6:$AV$49,16,0) -> 0 | N15: =IF(M15<>0,VLOOKUP($A15,[6]HISTOOCT24!$A$6:$AV$49,8,0),"ECHEC") -> ECHEC | O15: =IF(R15=0,0,VLOOKUP($A15,[6]HISTOOCT24!$A$6:$AV$49,32,0)) -> 0 | P15: =VLOOKUP($A15,[6]HISTOOCT24!$A$6:$AV$49,33,0) -> 0 | Q15: =IF(R15=0,0,($C$3-R15)) -> 0 | R15: =VLOOKUP($A15,[6]HISTOOCT24!$A$6:$AV$49,29,0) -> 0
A16: AS201617 | B16: =IF(D16=0,0,VLOOKUP($A16,[6]HISTOOCT24!$A$6:$BP$44,10,0)) -> 1 | C16: =VLOOKUP(A16,[7]LISTADHERENT!A$5:H$60,3,0) -> KOUAMOU MOISE | D16: =IF(G16="ECHEC",0,B$3) -> 25000 | E16: =D16+VLOOKUP($A16,[6]HISTOOCT24!$A$7:$AU$42,45,0)+F16 -> 50500 | F16: =VLOOKUP($A16,[6]HISTOOCT24!$A$6:$AV$48,7,0) -> 0 | G16: =VLOOKUP($A16,[6]HISTOOCT24!$A$6:$AV$49,8,0) -> BANQUE | H16: =VLOOKUP($A16,[6]HISTOOCT24!$A$6:$AV$49,35,0) -> 0 | I16: =VLOOKUP($A16,[6]HISTOOCT24!$A$6:$AV$49,38,0) -> 0 | J16: =IF(H16=0,0,VLOOKUP($A16,[6]HISTOOCT24!$A$6:$AV$49,42,0)) -> 0 | K16: =VLOOKUP($A16,[6]HISTOOCT24!$A$6:$AV$49,41,0) -> 0 | L16: =TONTSEPT24!H16+TONTSEPT24!I16 -> 0 | M16: =VLOOKUP($A16,[6]HISTOOCT24!$A$6:$AV$49,16,0) -> 0 | N16: =IF(M16<>0,VLOOKUP($A16,[6]HISTOOCT24!$A$6:$AV$49,8,0),"ECHEC") -> ECHEC | O16: =IF(R16=0,0,VLOOKUP($A16,[6]HISTOOCT24!$A$6:$AV$49,32,0)) -> 0 | P16: =VLOOKUP($A16,[6]HISTOOCT24!$A$6:$AV$49,33,0) -> 0 | Q16: =IF(R16=0,0,($C$3-R16)) -> 0 | R16: =VLOOKUP($A16,[6]HISTOOCT24!$A$6:$AV$49,29,0) -> 0
A17: AS201619 | B17: =IF(D17=0,0,VLOOKUP($A17,[6]HISTOOCT24!$A$6:$BP$44,10,0)) -> 1 | C17: =VLOOKUP(A17,[7]LISTADHERENT!A$5:H$60,3,0) -> KOUATCHO MESSACK | D17: =IF(G17="ECHEC",0,B$3) -> 25000 | E17: =D17+VLOOKUP($A17,[6]HISTOOCT24!$A$7:$AU$42,45,0)+F17 -> 50000 | F17: =VLOOKUP($A17,[6]HISTOOCT24!$A$6:$AV$48,7,0) -> 0 | G17: =VLOOKUP($A17,[6]HISTOOCT24!$A$6:$AV$49,8,0) -> BANQUE | H17: =VLOOKUP($A17,[6]HISTOOCT24!$A$6:$AV$49,35,0) -> 0 | I17: =VLOOKUP($A17,[6]HISTOOCT24!$A$6:$AV$49,38,0) -> 0 | J17: =IF(H17=0,0,VLOOKUP($A17,[6]HISTOOCT24!$A$6:$AV$49,42,0)) -> 0 | K17: =VLOOKUP($A17,[6]HISTOOCT24!$A$6:$AV$49,41,0) -> 0 | L17: =TONTSEPT24!H17+TONTSEPT24!I17 -> 0 | M17: =VLOOKUP($A17,[6]HISTOOCT24!$A$6:$AV$49,16,0) -> 0 | N17: =IF(M17<>0,VLOOKUP($A17,[6]HISTOOCT24!$A$6:$AV$49,8,0),"ECHEC") -> ECHEC | O17: =IF(R17=0,0,VLOOKUP($A17,[6]HISTOOCT24!$A$6:$AV$49,32,0)) -> 0 | P17: =VLOOKUP($A17,[6]HISTOOCT24!$A$6:$AV$49,33,0) -> 0 | Q17: =IF(R17=0,0,($C$3-R17)) -> 0 | R17: =VLOOKUP($A17,[6]HISTOOCT24!$A$6:$AV$49,29,0) -> 0
... A37: AS201647 | B37: =IF(D37=0,0,VLOOKUP($A37,[6]HISTOOCT24!$A$6:$BP$44,10,0)) -> 1 | C37: =VLOOKUP(A37,[7]LISTADHERENT!A$5:H$60,3,0) -> YOUMBI EMMANUEL | D37: =IF(G37="ECHEC",0,B$3) -> 25000 | E37: =D37+VLOOKUP($A37,[6]HISTOOCT24!$A$7:$AU$42,45,0)+F37 -> 50000 | F37: =VLOOKUP($A37,[6]HISTOOCT24!$A$6:$AV$48,7,0) -> 0 | G37: =VLOOKUP($A37,[6]HISTOOCT24!$A$6:$AV$49,8,0) -> BANQUE | H37: =VLOOKUP($A37,[6]HISTOOCT24!$A$6:$AV$49,35,0) -> 0 | I37: =VLOOKUP($A37,[6]HISTOOCT24!$A$6:$AV$49,38,0) -> 0 | J37: =IF(H37=0,0,VLOOKUP($A37,[6]HISTOOCT24!$A$6:$AV$49,42,0)) -> 0 | K37: =VLOOKUP($A37,[6]HISTOOCT24!$A$6:$AV$49,41,0) -> 0 | L37: =TONTSEPT24!H37+TONTSEPT24!I37 -> 0 | M37: =VLOOKUP($A37,[6]HISTOOCT24!$A$6:$AV$49,16,0) -> 0 | N37: =IF(M37<>0,VLOOKUP($A37,[6]HISTOOCT24!$A$6:$AV$49,8,0),"ECHEC") -> ECHEC | O37: =IF(R37=0,0,VLOOKUP($A37,[6]HISTOOCT24!$A$6:$AV$49,32,0)) -> BANQUE | P37: =VLOOKUP($A37,[6]HISTOOCT24!$A$6:$AV$49,33,0) -> 0 | Q37: =IF(R37=0,0,($C$3-R37)) -> 297500 | R37: =VLOOKUP($A37,[6]HISTOOCT24!$A$6:$AV$49,29,0) -> 2500
A39: TOTAL PART | B39: =SUM(B6:B38) -> 32
A40: NBRE ADHERENT | B40: =COUNT(D6:D38) -> 32 | D40: =SUM(D6:D39) -> 800000 | F40: =SUM(F6:F39) -> 6000 | G40: =SUM(G6:G39) -> 0 | H40: =SUM(H6:H39) -> 120500 | I40: =SUM(I6:I39) -> 3000 | J40: =SUM(J6:J39) -> 0 | K40: =SUM(K6:K39) -> 0 | L40: =SUM(L6:L39) -> 213000 | M40: =SUM(M6:M39) -> 213000 | ... R40: =SUM(R6:R39) -> 7500
N41: NBRE PART | O41: PART VENDUE
D42: MONTANT TONTINE | G42: REMBOURSEMENT PETIT LOT | H42: VENTE PETIT LOT | I42: VENTE LOT PRINCIPAL | J42: SOLDE EN CAISSE | L42: TONTINE + REMB + INTERET VENTE | M42: =D46+G46+R40+TONTSEPT24!O47 -> 1020500
D43: =SUMIFS(D6:D39,G6:G39,"ESPECES") -> 75000 | F43: ESPECES | G43: =SUMIFS(M6:M33,N6:N33,"ESPECES") -> 0 | H43: =SUMIFS(H6:H39,J6:J39,"ESPECES") -> 0 | I43: =SUMIFS(Q6:Q39,O6:O39,"ESPECES") -> 0 | J43: =D43+G43-H43-I43 -> 75000 | L43: LOT PRINCIPAL | M43: =C3*COUNTIF(Q7:Q39,">0") -> 900000 | N43: =D3 -> 3 | O43: =COUNTIF(Q6:Q33,">0") -> 2
D44: =SUMIFS(D6:D39,G6:G39,"BANQUE") -> 725000 | F44: BANQUE | G44: =SUMIFS(M6:M33,N6:N33,"BANQUE") -> 213000 | H44: =SUMIFS(H6:H39,J6:J39,"BANQUE") -> 60500 | I44: =SUMIFS(Q6:Q39,O6:O39,"BANQUE") -> 892500 | J44: =D44+G44-H44-I44 -> -15000
L45: PETIT LOT | M45: =M42-M43 -> 120500
D46: =D43+D44 -> 800000 | F46: TOTAL | G46: =G43+G44 -> 213000 | H46: =H43+H44 -> 60500 | I46: =I43+I44 -> 892500 | J46: =J43+J44 -> 60000
F47: TOTAL+DEPOT | L47: RELIQUAT | M47: =M45-H40 -> 0 | O47: =TONTOCT24!M47 -> 0 | P47: CUMUL
L49: ECHEC TONTINE MOIS | M49: =COUNTIFS(G7:G38,"ECHEC")*23000 -> 0 | O49: =TONTOCT24!M49 -> 0 | P49: CUMUL
L50: ECHEC REMBOURSEMENT MOIS | M50: =L40-G46 -> 0 | O50: =TONTOCT24!M50 -> 0 | P50: CUMUL

Sheet TONTNOV24
A1: ASSOCIATION | B1: ASELBY
A2: ANNEE | B2: 2024 | C2: TONIINE | D2: NBRE PART
A3: TAUX TONTINE | B3: 25000 | C3: =B3*12 -> 300000 | D3: =ROUNDDOWN(M42/C3,0) -> 3
C4: 45609
A5: MATRICULE | B5: NBREPART | C5: NOM ET PRENOM | D5: MONTANT TONTINE | E5: MONTANT VERSE | F5: PENALITE VERSEMENT ESPECES | G5: MODE VERSEMENT | H5: VENTE PETIT LOT | I5: INTERET PETIT LOT | J5: MODE VERSEMENT VENTE PETIT LOT | K5: NUMERO CHEQUE | L5: MONTANT A REMBOURSER PETIT LOT | M5: REMBOURSEMENT PETIT LOT | N5: MODE VERSEMENT REMBOURSEMENT | O5: MODE VERSEMENTLOT PRINCIPAL | P5: NUMERO CHEQUE | Q5: MONTANT LOT PRINCIPAL | R5: INTERET LOT PRINCIPAL
A6: AS201601 | B6: =IF(D6=0,0,VLOOKUP($A6,[6]HISTONOV24!$A$6:$BP$44,10,0)) -> 1 | C6: =VLOOKUP(A6,[7]LISTADHERENT!A$5:H$60,3,0) -> BAKOP ACHILLE | D6: =IF(G6="ECHEC",0,B$3) -> 25000 | E6: =D6+VLOOKUP($A6,[6]HISTONOV24!$A$7:$AU$42,45,0)+F6 -> 50000 | F6: =VLOOKUP($A6,[6]HISTONOV24!$A$6:$AV$48,7,0) -> 0 | G6: =VLOOKUP($A6,[6]HISTONOV24!$A$6:$AV$49,8,0) -> ESPECES | H6: =VLOOKUP($A6,[6]HISTONOV24!$A$6:$AV$49,35,0) -> 0 | I6: =VLOOKUP($A6,[6]HISTONOV24!$A$6:$AV$49,38,0) -> 0 | J6: =IF(H6=0,0,VLOOKUP($A6,[6]HISTONOV24!$A$6:$AV$49,42,0)) -> 0 | K6: =VLOOKUP($A6,[6]HISTONOV24!$A$6:$AV$49,41,0) -> 0 | L6: =TONTOCT24!H6+TONTOCT24!I6 -> 0 | M6: =VLOOKUP($A6,[6]HISTONOV24!$A$6:$AV$49,16,0) -> 0 | N6: =IF(M6<>0,VLOOKUP($A6,[6]HISTONOV24!$A$6:$AV$49,8,0),"ECHEC") -> ECHEC | O6: =IF(R6=0,0,VLOOKUP($A6,[6]HISTONOV24!$A$6:$AV$49,32,0)) -> 0 | P6: =VLOOKUP($A6,[6]HISTONOV24!$A$6:$AV$49,33,0) -> 0 | Q6: =IF(R6=0,0,($C$3-R6)) -> 0 | R6: =VLOOKUP($A6,[6]HISTONOV24!$A$6:$AV$49,29,0) -> 0
A7: AS201602 | B7: =IF(D7=0,0,VLOOKUP($A7,[6]HISTONOV24!$A$6:$BP$44,10,0)) -> 1 | C7: =VLOOKUP(A7,[7]LISTADHERENT!A$5:H$60,3,0) -> BOUTCHOUANG WILLIAM | D7: =IF(G7="ECHEC",0,B$3) -> 25000 | E7: =D7+VLOOKUP($A7,[6]HISTONOV24!$A$7:$AU$42,45,0)+F7 -> 50000 | F7: =VLOOKUP($A7,[6]HISTONOV24!$A$6:$AV$48,7,0) -> 0 | G7: =VLOOKUP($A7,[6]HISTONOV24!$A$6:$AV$49,8,0) -> BANQUE | H7: =VLOOKUP($A7,[6]HISTONOV24!$A$6:$AV$49,35,0) -> 0 | I7: =VLOOKUP($A7,[6]HISTONOV24!$A$6:$AV$49,38,0) -> 0 | J7: =IF(H7=0,0,VLOOKUP($A7,[6]HISTONOV24!$A$6:$AV$49,42,0)) -> 0 | K7: =VLOOKUP($A7,[6]HISTONOV24!$A$6:$AV$49,41,0) -> 0 | L7: =TONTOCT24!H7+TONTOCT24!I7 -> 0 | M7: =VLOOKUP($A7,[6]HISTONOV24!$A$6:$AV$49,16,0) -> 0 | N7: =IF(M7<>0,VLOOKUP($A7,[6]HISTONOV24!$A$6:$AV$49,8,0),"ECHEC") -> ECHEC | O7: =IF(R7=0,0,VLOOKUP($A7,[6]HISTONOV24!$A$6:$AV$49,32,0)) -> 0 | P7: =VLOOKUP($A7,[6]HISTONOV24!$A$6:$AV$49,33,0) -> 0 | Q7: =IF(R7=0,0,($C$3-R7)) -> 0 | R7: =VLOOKUP($A7,[6]HISTONOV24!$A$6:$AV$49,29,0) -> 0
A8: AS201604 | B8: =IF(D8=0,0,VLOOKUP($A8,[6]HISTONOV24!$A$6:$BP$44,10,0)) -> 1 | C8: =VLOOKUP(A8,[7]LISTADHERENT!A$5:H$60,3,0) -> DJOMO JEAN PAUL | D8: =IF(G8="ECHEC",0,B$3) -> 25000 | E8: =D8+VLOOKUP($A8,[6]HISTONOV24!$A$7:$AU$42,45,0)+F8 -> 50000 | F8: =VLOOKUP($A8,[6]HISTONOV24!$A$6:$AV$48,7,0) -> 0 | G8: =VLOOKUP($A8,[6]HISTONOV24!$A$6:$AV$49,8,0) -> BANQUE | H8: =VLOOKUP($A8,[6]HISTONOV24!$A$6:$AV$49,35,0) -> 0 | I8: =VLOOKUP($A8,[6]HISTONOV24!$A$6:$AV$49,38,0) -> 0 | J8: =IF(H8=0,0,VLOOKUP($A8,[6]HISTONOV24!$A$6:$AV$49,42,0)) -> 0 | K8: =VLOOKUP($A8,[6]HISTONOV24!$A$6:$AV$49,41,0) -> 0 | L8: =TONTOCT24!H8+TONTOCT24!I8 -> 0 | M8: =VLOOKUP($A8,[6]HISTONOV24!$A$6:$AV$49,16,0) -> 0 | N8: =IF(M8<>0,VLOOKUP($A8,[6]HISTONOV24!$A$6:$AV$49,8,0),"ECHEC") -> ECHEC | O8: =IF(R8=0,0,VLOOKUP($A8,[6]HISTONOV24!$A$6:$AV$49,32,0)) -> 0 | P8: =VLOOKUP($A8,[6]HISTONOV24!$A$6:$AV$49,33,0) -> 0 | Q8: =IF(R8=0,0,($C$3-R8)) -> 0 | R8: =VLOOKUP($A8,[6]HISTONOV24!$A$6:$AV$49,29,0) -> 0
A9: AS201654 | B9: =IF(D9=0,0,VLOOKUP($A9,[6]HISTONOV24!$A$6:$BP$44,10,0)) -> 1 | C9: =VLOOKUP(A9,[7]LISTADHERENT!A$5:H$60,3,0) -> DJOMOU TCHAPDA | D9: =IF(G9="ECHEC",0,B$3) -> 25000 | E9: =D9+VLOOKUP($A9,[6]HISTONOV24!$A$7:$AU$42,45,0)+F9 -> 47000 | F9: =VLOOKUP($A9,[6]HISTONOV24!$A$6:$AV$48,7,0) -> 0 | G9: =VLOOKUP($A9,[6]HISTONOV24!$A$6:$AV$49,8,0) -> BANQUE | H9: =VLOOKUP($A9,[6]HISTONOV24!$A$6:$AV$49,35,0) -> 60000 | I9: =VLOOKUP($A9,[6]HISTONOV24!$A$6:$AV$49,38,0) -> 1000 | J9: =IF(H9=0,0,VLOOKUP($A9,[6]HISTONOV24!$A$6:$AV$49,42,0)) -> BANQUE | K9: =VLOOKUP($A9,[6]HISTONOV24!$A$6:$AV$49,41,0) -> 0 | L9: =TONTOCT24!H9+TONTOCT24!I9 -> 62000 | M9: =VLOOKUP($A9,[6]HISTONOV24!$A$6:$AV$49,16,0) -> 62000 | N9: =IF(M9<>0,VLOOKUP($A9,[6]HISTONOV24!$A$6:$AV$49,8,0),"ECHEC") -> BANQUE | O9: =IF(R9=0,0,VLOOKUP($A9,[6]HISTONOV24!$A$6:$AV$49,32,0)) -> 0 | P9: =VLOOKUP($A9,[6]HISTONOV24!$A$6:$AV$49,33,0) -> 0 | Q9: =IF(R9=0,0,($C$3-R9)) -> 0 | R9: =VLOOKUP($A9,[6]HISTONOV24!$A$6:$AV$49,29,0) -> 0
A10: AS201605 | B10: =IF(D10=0,0,VLOOKUP($A10,[6]HISTONOV24!$A$6:$BP$44,10,0)) -> 1 | C10: =VLOOKUP(A10,[7]LISTADHERENT!A$5:H$60,3,0) -> DJOUKWE NANGUEN GUY BLAISE | D10: =IF(G10="ECHEC",0,B$3) -> 25000 | E10: =D10+VLOOKUP($A10,[6]HISTONOV24!$A$7:$AU$42,45,0)+F10 -> 50000 | F10: =VLOOKUP($A10,[6]HISTONOV24!$A$6:$AV$48,7,0) -> 0 | G10: =VLOOKUP($A10,[6]HISTONOV24!$A$6:$AV$49,8,0) -> BANQUE | H10: =VLOOKUP($A10,[6]HISTONOV24!$A$6:$AV$49,35,0) -> 0 | I10: =VLOOKUP($A10,[6]HISTONOV24!$A$6:$AV$49,38,0) -> 0 | J10: =IF(H10=0,0,VLOOKUP($A10,[6]HISTONOV24!$A$6:$AV$49,42,0)) -> 0 | K10: =VLOOKUP($A10,[6]HISTONOV24!$A$6:$AV$49,41,0) -> 0 | L10: =TONTOCT24!H10+TONTOCT24!I10 -> 0 | M10: =VLOOKUP($A10,[6]HISTONOV24!$A$6:$AV$49,16,0) -> 0 | N10: =IF(M10<>0,VLOOKUP($A10,[6]HISTONOV24!$A$6:$AV$49,8,0),"ECHEC") -> ECHEC | O10: =IF(R10=0,0,VLOOKUP($A10,[6]HISTONOV24!$A$6:$AV$49,32,0)) -> 0 | P10: =VLOOKUP($A10,[6]HISTONOV24!$A$6:$AV$49,33,0) -> 0 | Q10: =IF(R10=0,0,($C$3-R10)) -> 0 | R10: =VLOOKUP($A10,[6]HISTONOV24!$A$6:$AV$49,29,0) -> 0
A11: AS201608 | B11: =IF(D11=0,0,VLOOKUP($A11,[6]HISTONOV24!$A$6:$BP$44,10,0)) -> 1 | C11: =VLOOKUP(A11,[7]LISTADHERENT!A$5:H$60,3,0) -> DJUOMBESSY ANTOINE | D11: =IF(G11="ECHEC",0,B$3) -> 25000 | E11: =D11+VLOOKUP($A11,[6]HISTONOV24!$A$7:$AU$42,45,0)+F11 -> 57000 | F11: =VLOOKUP($A11,[6]HISTONOV24!$A$6:$AV$48,7,0) -> 0 | G11: =VLOOKUP($A11,[6]HISTONOV24!$A$6:$AV$49,8,0) -> BANQUE | H11: =VLOOKUP($A11,[6]HISTONOV24!$A$6:$AV$49,35,0) -> 60000 | I11: =VLOOKUP($A11,[6]HISTONOV24!$A$6:$AV$49,38,0) -> 1000 | J11: =IF(H11=0,0,VLOOKUP($A11,[6]HISTONOV24!$A$6:$AV$49,42,0)) -> BANQUE | K11: =VLOOKUP($A11,[6]HISTONOV24!$A$6:$AV$49,41,0) -> 0 | L11: =TONTOCT24!H11+TONTOCT24!I11 -> 0 | M11: =VLOOKUP($A11,[6]HISTONOV24!$A$6:$AV$49,16,0) -> 0 | N11: =IF(M11<>0,VLOOKUP($A11,[6]HISTONOV24!$A$6:$AV$49,8,0),"ECHEC") -> ECHEC | O11: =IF(R11=0,0,VLOOKUP($A11,[6]HISTONOV24!$A$6:$AV$49,32,0)) -> 0 | P11: =VLOOKUP($A11,[6]HISTONOV24!$A$6:$AV$49,33,0) -> 0 | Q11: =IF(R11=0,0,($C$3-R11)) -> 0 | R11: =VLOOKUP($A11,[6]HISTONOV24!$A$6:$AV$49,29,0) -> 0
A12: AS201651 | B12: =IF(D12=0,0,VLOOKUP($A12,[6]HISTONOV24!$A$6:$BP$44,10,0)) -> 1 | C12: =VLOOKUP(A12,[7]LISTADHERENT!A$5:H$60,3,0) -> DOMOU FABIEN | D12: =IF(G12="ECHEC",0,B$3) -> 25000 | E12: =D12+VLOOKUP($A12,[6]HISTONOV24!$A$7:$AU$42,45,0)+F12 -> 50000 | F12: =VLOOKUP($A12,[6]HISTONOV24!$A$6:$AV$48,7,0) -> 0 | G12: =VLOOKUP($A12,[6]HISTONOV24!$A$6:$AV$49,8,0) -> BANQUE | H12: =VLOOKUP($A12,[6]HISTONOV24!$A$6:$AV$49,35,0) -> 0 | I12: =VLOOKUP($A12,[6]HISTONOV24!$A$6:$AV$49,38,0) -> 0 | J12: =IF(H12=0,0,VLOOKUP($A12,[6]HISTONOV24!$A$6:$AV$49,42,0)) -> 0 | K12: =VLOOKUP($A12,[6]HISTONOV24!$A$6:$AV$49,41,0) -> 0 | L12: =TONTOCT24!H12+TONTOCT24!I12 -> 0 | M12: =VLOOKUP($A12,[6]HISTONOV24!$A$6:$AV$49,16,0) -> 0 | N12: =IF(M12<>0,VLOOKUP($A12,[6]HISTONOV24!$A$6:$AV$49,8,0),"ECHEC") -> ECHEC | O12: =IF(R12=0,0,VLOOKUP($A12,[6]HISTONOV24!$A$6:$AV$49,32,0)) -> 0 | P12: =VLOOKUP($A12,[6]HISTONOV24!$A$6:$AV$49,33,0) -> 0 | Q12: =IF(R12=0,0,($C$3-R12)) -> 0 | R12: =VLOOKUP($A12,[6]HISTONOV24!$A$6:$AV$49,29,0) -> 0
A13: AS201609 | B13: =IF(D13=0,0,VLOOKUP($A13,[6]HISTONOV24!$A$6:$BP$44,10,0)) -> 1 | C13: =VLOOKUP(A13,[7]LISTADHERENT!A$5:H$60,3,0) -> DONHOU DAVID | D13: =IF(G13="ECHEC",0,B$3) -> 25000 | E13: =D13+VLOOKUP($A13,[6]HISTONOV24!$A$7:$AU$42,45,0)+F13 -> 53000 | F13: =VLOOKUP($A13,[6]HISTONOV24!$A$6:$AV$48,7,0) -> 3000 | G13: =VLOOKUP($A13,[6]HISTONOV24!$A$6:$AV$49,8,0) -> ESPECES | H13: =VLOOKUP($A13,[6]HISTONOV24!$A$6:$AV$49,35,0) -> 0 | I13: =VLOOKUP($A13,[6]HISTONOV24!$A$6:$AV$49,38,0) -> 0 | J13: =IF(H13=0,0,VLOOKUP($A13,[6]HISTONOV24!$A$6:$AV$49,42,0)) -> 0 | K13: =VLOOKUP($A13,[6]HISTONOV24!$A$6:$AV$49,41,0) -> 0 | L13: =TONTOCT24!H13+TONTOCT24!I13 -> 0 | M13: =VLOOKUP($A13,[6]HISTONOV24!$A$6:$AV$49,16,0) -> 0 | N13: =IF(M13<>0,VLOOKUP($A13,[6]HISTONOV24!$A$6:$AV$49,8,0),"ECHEC") -> ECHEC | O13: =IF(R13=0,0,VLOOKUP($A13,[6]HISTONOV24!$A$6:$AV$49,32,0)) -> 0 | P13: =VLOOKUP($A13,[6]HISTONOV24!$A$6:$AV$49,33,0) -> 0 | Q13: =IF(R13=0,0,($C$3-R13)) -> 297500 | R13: =VLOOKUP($A13,[6]HISTONOV24!$A$6:$AV$49,29,0) -> 2500
A14: AS201611 | B14: =IF(D14=0,0,VLOOKUP($A14,[6]HISTONOV24!$A$6:$BP$44,10,0)) -> 1 | C14: =VLOOKUP(A14,[7]LISTADHERENT!A$5:H$60,3,0) -> HENGUE PAUL OMER | D14: =IF(G14="ECHEC",0,B$3) -> 25000 | E14: =D14+VLOOKUP($A14,[6]HISTONOV24!$A$7:$AU$42,45,0)+F14 -> 50000 | F14: =VLOOKUP($A14,[6]HISTONOV24!$A$6:$AV$48,7,0) -> 0 | G14: =VLOOKUP($A14,[6]HISTONOV24!$A$6:$AV$49,8,0) -> BANQUE | H14: =VLOOKUP($A14,[6]HISTONOV24!$A$6:$AV$49,35,0) -> 0 | I14: =VLOOKUP($A14,[6]HISTONOV24!$A$6:$AV$49,38,0) -> 0 | J14: =IF(H14=0,0,VLOOKUP($A14,[6]HISTONOV24!$A$6:$AV$49,42,0)) -> 0 | K14: =VLOOKUP($A14,[6]HISTONOV24!$A$6:$AV$49,41,0) -> 0 | L14: =TONTOCT24!H14+TONTOCT24!I14 -> 0 | M14: =VLOOKUP($A14,[6]HISTONOV24!$A$6:$AV$49,16,0) -> 0 | N14: =IF(M14<>0,VLOOKUP($A14,[6]HISTONOV24!$A$6:$AV$49,8,0),"ECHEC") -> ECHEC | O14: =IF(R14=0,0,VLOOKUP($A14,[6]HISTONOV24!$A$6:$AV$49,32,0)) -> 0 | P14: =VLOOKUP($A14,[6]HISTONOV24!$A$6:$AV$49,33,0) -> 0 | Q14: =IF(R14=0,0,($C$3-R14)) -> 0 | R14: =VLOOKUP($A14,[6]HISTONOV24!$A$6:$AV$49,29,0) -> 0
A15: AS201613 | B15: =IF(D15=0,0,VLOOKUP($A15,[6]HISTONOV24!$A$6:$BP$44,10,0)) -> 1 | C15: =VLOOKUP(A15,[7]LISTADHERENT!A$5:H$60,3,0) -> HOTCHO BENJAMIN | D15: =IF(G15="ECHEC",0,B$3) -> 25000 | E15: =D15+VLOOKUP($A15,[6]HISTONOV24!$A$7:$AU$42,45,0)+F15 -> 55000 | F15: =VLOOKUP($A15,[6]HISTONOV24!$A$6:$AV$48,7,0) -> 0 | G15: =VLOOKUP($A15,[6]HISTONOV24!$A$6:$AV$49,8,0) -> BANQUE | H15: =VLOOKUP($A15,[6]HISTONOV24!$A$6:$AV$49,35,0) -> 0 | I15: =VLOOKUP($A15,[6]HISTONOV24!$A$6:$AV$49,38,0) -> 0 | J15: =IF(H15=0,0,VLOOKUP($A15,[6]HISTONOV24!$A$6:$AV$49,42,0)) -> 0 | K15: =VLOOKUP($A15,[6]HISTONOV24!$A$6:$AV$49,41,0) -> 0 | L15: =TONTOCT24!H15+TONTOCT24!I15 -> 0 | M15: =VLOOKUP($A15,[6]HISTONOV24!$A$6:$AV$49,16,0) -> 0 | N15: =IF(M15<>0,VLOOKUP($A15,[6]HISTONOV24!$A$6:$AV$49,8,0),"ECHEC") -> ECHEC | O15: =IF(R15=0,0,VLOOKUP($A15,[6]HISTONOV24!$A$6:$AV$49,32,0)) -> 0 | P15: =VLOOKUP($A15,[6]HISTONOV24!$A$6:$AV$49,33,0) -> 0 | Q15: =IF(R15=0,0,($C$3-R15)) -> 0 | R15: =VLOOKUP($A15,[6]HISTONOV24!$A$6:$AV$49,29,0) -> 0
A16: AS201617 | B16: =IF(D16=0,0,VLOOKUP($A16,[6]HISTONOV24!$A$6:$BP$44,10,0)) -> 1 | C16: =VLOOKUP(A16,[7]LISTADHERENT!A$5:H$60,3,0) -> KOUAMOU MOISE | D16: =IF(G16="ECHEC",0,B$3) -> 25000 | E16: =D16+VLOOKUP($A16,[6]HISTONOV24!$A$7:$AU$42,45,0)+F16 -> 50000 | F16: =VLOOKUP($A16,[6]HISTONOV24!$A$6:$AV$48,7,0) -> 0 | G16: =VLOOKUP($A16,[6]HISTONOV24!$A$6:$AV$49,8,0) -> BANQUE | H16: =VLOOKUP($A16,[6]HISTONOV24!$A$6:$AV$49,35,0) -> 0 | I16: =VLOOKUP($A16,[6]HISTONOV24!$A$6:$AV$49,38,0) -> 0 | J16: =IF(H16=0,0,VLOOKUP($A16,[6]HISTONOV24!$A$6:$AV$49,42,0)) -> 0 | K16: =VLOOKUP($A16,[6]HISTONOV24!$A$6:$AV$49,41,0) -> 0 | L16: =TONTOCT24!H16+TONTOCT24!I16 -> 0 | M16: =VLOOKUP($A16,[6]HISTONOV24!$A$6:$AV$49,16,0) -> 0 | N16: =IF(M16<>0,VLOOKUP($A16,[6]HISTONOV24!$A$6:$AV$49,8,0),"ECHEC") -> ECHEC | O16: =IF(R16=0,0,VLOOKUP($A16,[6]HISTONOV24!$A$6:$AV$49,32,0)) -> 0 | P16: =VLOOKUP($A16,[6]HISTONOV24!$A$6:$AV$49,33,0) -> 0 | Q16: =IF(R16=0,0,($C$3-R16)) -> 0 | R16: =VLOOKUP($A16,[6]HISTONOV24!$A$6:$AV$49,29,0) -> 0
A17: AS201619 | B17: =IF(D17=0,0,VLOOKUP($A17,[6]HISTONOV24!$A$6:$BP$44,10,0)) -> 1 | C17: =VLOOKUP(A17,[7]LISTADHERENT!A$5:H$60,3,0) -> KOUATCHO MESSACK | D17: =IF(G17="ECHEC",0,B$3) -> 25000 | E17: =D17+VLOOKUP($A17,[6]HISTONOV24!$A$7:$AU$42,45,0)+F17 -> 57000 | F17: =VLOOKUP($A17,[6]HISTONOV24!$A$6:$AV$48,7,0) -> 3000 | G17: =VLOOKUP($A17,[6]HISTONOV24!$A$6:$AV$49,8,0) -> ESPECES | H17: =VLOOKUP($A17,[6]HISTONOV24!$A$6:$AV$49,35,0) -> 0 | I17: =VLOOKUP($A17,[6]HISTONOV24!$A$6:$AV$49,38,0) -> 0 | J17: =IF(H17=0,0,VLOOKUP($A17,[6]HISTONOV24!$A$6:$AV$49,42,0)) -> 0 | K17: =VLOOKUP($A17,[6]HISTONOV24!$A$6:$AV$49,41,0) -> 0 | L17: =TONTOCT24!H17+TONTOCT24!I17 -> 0 | M17: =VLOOKUP($A17,[6]HISTONOV24!$A$6:$AV$49,16,0) -> 0 | N17: =IF(M17<>0,VLOOKUP($A17,[6]HISTONOV24!$A$6:$AV$49,8,0),"ECHEC") -> ECHEC | O17: =IF(R17=0,0,VLOOKUP($A17,[6]HISTONOV24!$A$6:$AV$49,32,0)) -> 0 | P17: =VLOOKUP($A17,[6]HISTONOV24!$A$6:$AV$49,33,0) -> 0 | Q17: =IF(R17=0,0,($C$3-R17)) -> 0 | R17: =VLOOKUP($A17,[6]HISTONOV24!$A$6:$AV$49,29,0) -> 0
... A37: AS201647 | B37: =IF(D37=0,0,VLOOKUP($A37,[6]HISTONOV24!$A$6:$BP$44,10,0)) -> 1 | C37: =VLOOKUP(A37,[7]LISTADHERENT!A$5:H$60,3,0) -> YOUMBI EMMANUEL | D37: =IF(G37="ECHEC",0,B$3) -> 25000 | E37: =D37+VLOOKUP($A37,[6]HISTONOV24!$A$7:$AU$42,45,0)+F37 -> 50000 | F37: =VLOOKUP($A37,[6]HISTONOV24!$A$6:$AV$48,7,0) -> 0 | G37: =VLOOKUP($A37,[6]HISTONOV24!$A$6:$AV$49,8,0) -> BANQUE | H37: =VLOOKUP($A37,[6]HISTONOV24!$A$6:$AV$49,35,0) -> 0 | I37: =VLOOKUP($A37,[6]HISTONOV24!$A$6:$AV$49,38,0) -> 0 | J37: =IF(H37=0,0,VLOOKUP($A37,[6]HISTONOV24!$A$6:$AV$49,42,0)) -> 0 | K37: =VLOOKUP($A37,[6]HISTONOV24!$A$6:$AV$49,41,0) -> 0 | L37: =TONTOCT24!H37+TONTOCT24!I37 -> 0 | M37: =VLOOKUP($A37,[6]HISTONOV24!$A$6:$AV$49,16,0) -> 0 | N37: =IF(M37<>0,VLOOKUP($A37,[6]HISTONOV24!$A$6:$AV$49,8,0),"ECHEC") -> ECHEC | O37: =IF(R37=0,0,VLOOKUP($A37,[6]HISTONOV24!$A$6:$AV$49,32,0)) -> 0 | P37: =VLOOKUP($A37,[6]HISTONOV24!$A$6:$AV$49,33,0) -> 0 | Q37: =IF(R37=0,0,($C$3-R37)) -> 0 | R37: =VLOOKUP($A37,[6]HISTONOV24!$A$6:$AV$49,29,0) -> 0
A39: TOTAL PART | B39: =SUM(B6:B38) -> 32
A40: NBRE ADHERENT | B40: =COUNT(D6:D38) -> 32 | D40: =SUM(D6:D39) -> 800000 | F40: =SUM(F6:F39) -> 12000 | G40: =SUM(G6:G39) -> 0 | H40: =SUM(H6:H39) -> 310000 | I40: =SUM(I6:I39) -> 5000 | J40: =SUM(J6:J39) -> 0 | K40: =SUM(K6:K39) -> 0 | L40: =SUM(L6:L39) -> 123500 | M40: =SUM(M6:M39) -> 123500 | ... R40: =SUM(R6:R39) -> 5000
N41: NBRE PART | O41: PART VENDUE
D42: MONTANT TONTINE | G42: REMBOURSEMENT PETIT LOT | H42: VENTE PETIT LOT | I42: VENTE LOT PRINCIPAL | J42: SOLDE EN CAISSE | L42: TONTINE + REMB + INTERET VENTE | M42: =D46+G46+R40+TONTOCT24!O47 -> 928500
D43: =SUMIFS(D6:D39,G6:G39,"ESPECES") -> 100000 | F43: ESPECES | G43: =SUMIFS(M6:M33,N6:N33,"ESPECES") -> 0 | H43: =SUMIFS(H6:H39,J6:J39,"ESPECES") -> 0 | I43: =SUMIFS(Q6:Q39,O6:O39,"ESPECES") -> 0 | J43: =D43+G43-H43-I43 -> 100000 | L43: LOT PRINCIPAL | M43: =C3*COUNTIF(Q7:Q39,">0") -> 600000 | N43: =D3 -> 3 | O43: =COUNTIF(Q6:Q33,">0") -> 1
D44: =SUMIFS(D6:D39,G6:G39,"BANQUE") -> 700000 | F44: BANQUE | G44: =SUMIFS(M6:M33,N6:N33,"BANQUE") -> 123500 | H44: =SUMIFS(H6:H39,J6:J39,"BANQUE") -> 310000 | I44: =SUMIFS(Q6:Q39,O6:O39,"BANQUE") -> 0 | J44: =D44+G44-H44-I44 -> 513500
L45: PETIT LOT | M45: =M42-M43 -> 328500
D46: =D43+D44 -> 800000 | F46: TOTAL | G46: =G43+G44 -> 123500 | H46: =H43+H44 -> 310000 | I46: =I43+I44 -> 0 | J46: =J43+J44 -> 613500
F47: TOTAL+DEPOT | L47: RELIQUAT | M47: =M45-H40 -> 18500 | O47: =TONTNOV24!M47 -> 18500 | P47: CUMUL
L49: ECHEC TONTINE MOIS | M49: =COUNTIFS(G7:G38,"ECHEC")*23000 -> 0 | O49: =TONTNOV24!M49 -> 0 | P49: CUMUL
L50: ECHEC REMBOURSEMENT MOIS | M50: =L40-G46 -> 0 | O50: =TONTNOV24!M50 -> 0 | P50: CUMUL

Sheet TONTDEC24
A1: ASSOCIATION | B1: ASELBY
A2: ANNEE | B2: 2024 | C2: TONIINE | D2: NBRE PART
A3: TAUX TONTINE | B3: 25000 | C3: =B3*12 -> 300000 | D3: =ROUNDDOWN(M42/C3,0) -> 3
C4: 45639
A5: MATRICULE | B5: NBREPART | C5: NOM ET PRENOM | D5: MONTANT TONTINE | E5: MONTANT VERSE | F5: PENALITE VERSEMENT ESPECES | G5: MODE VERSEMENT | H5: VENTE PETIT LOT | I5: INTERET PETIT LOT | J5: MODE VERSEMENT VENTE PETIT LOT | K5: NUMERO CHEQUE | L5: MONTANT A REMBOURSER PETIT LOT | M5: REMBOURSEMENT PETIT LOT | N5: MODE VERSEMENT REMBOURSEMENT | O5: MODE VERSEMENTLOT PRINCIPAL | P5: NUMERO CHEQUE | Q5: MONTANT LOT PRINCIPAL | R5: INTERET LOT PRINCIPAL
A6: AS201601 | B6: =IF(D6=0,0,VLOOKUP($A6,[6]HISTODEC24!$A$6:$BP$44,10,0)) -> 1 | C6: =VLOOKUP(A6,[7]LISTADHERENT!A$5:H$60,3,0) -> BAKOP ACHILLE | D6: =IF(G6="ECHEC",0,B$3) -> 25000 | E6: =D6+VLOOKUP($A6,[6]HISTODEC24!$A$7:$AU$42,45,0)+F6 -> 50000 | F6: =VLOOKUP($A6,[6]HISTODEC24!$A$6:$AV$48,7,0) -> 0 | G6: =VLOOKUP($A6,[6]HISTODEC24!$A$6:$AV$49,8,0) -> ESPECES | H6: =VLOOKUP($A6,[6]HISTODEC24!$A$6:$AV$49,35,0) -> 0 | I6: =VLOOKUP($A6,[6]HISTODEC24!$A$6:$AV$49,38,0) -> 0 | J6: =IF(H6=0,0,VLOOKUP($A6,[6]HISTODEC24!$A$6:$AV$49,42,0)) -> 0 | K6: =VLOOKUP($A6,[6]HISTODEC24!$A$6:$AV$49,41,0) -> 0 | L6: =TONTNOV24!H6+TONTNOV24!I6 -> 0 | M6: =VLOOKUP($A6,[6]HISTODEC24!$A$6:$AV$49,16,0) -> 0 | N6: =IF(M6<>0,VLOOKUP($A6,[6]HISTODEC24!$A$6:$AV$49,8,0),"ECHEC") -> ECHEC | O6: =IF(R6=0,0,VLOOKUP($A6,[6]HISTODEC24!$A$6:$AV$49,32,0)) -> 0 | P6: =VLOOKUP($A6,[6]HISTODEC24!$A$6:$AV$49,33,0) -> 0 | Q6: =IF(R6=0,0,($C$3-R6)) -> 0 | R6: =VLOOKUP($A6,[6]HISTODEC24!$A$6:$AV$49,29,0) -> 0
A7: AS201602 | B7: =IF(D7=0,0,VLOOKUP($A7,[6]HISTODEC24!$A$6:$BP$44,10,0)) -> 1 | C7: =VLOOKUP(A7,[7]LISTADHERENT!A$5:H$60,3,0) -> BOUTCHOUANG WILLIAM | D7: =IF(G7="ECHEC",0,B$3) -> 25000 | E7: =D7+VLOOKUP($A7,[6]HISTODEC24!$A$7:$AU$42,45,0)+F7 -> 50000 | F7: =VLOOKUP($A7,[6]HISTODEC24!$A$6:$AV$48,7,0) -> 0 | G7: =VLOOKUP($A7,[6]HISTODEC24!$A$6:$AV$49,8,0) -> BANQUE | H7: =VLOOKUP($A7,[6]HISTODEC24!$A$6:$AV$49,35,0) -> 0 | I7: =VLOOKUP($A7,[6]HISTODEC24!$A$6:$AV$49,38,0) -> 0 | J7: =IF(H7=0,0,VLOOKUP($A7,[6]HISTODEC24!$A$6:$AV$49,42,0)) -> 0 | K7: =VLOOKUP($A7,[6]HISTODEC24!$A$6:$AV$49,41,0) -> 0 | L7: =TONTNOV24!H7+TONTNOV24!I7 -> 0 | M7: =VLOOKUP($A7,[6]HISTODEC24!$A$6:$AV$49,16,0) -> 0 | N7: =IF(M7<>0,VLOOKUP($A7,[6]HISTODEC24!$A$6:$AV$49,8,0),"ECHEC") -> ECHEC | O7: =IF(R7=0,0,VLOOKUP($A7,[6]HISTODEC24!$A$6:$AV$49,32,0)) -> 0 | P7: =VLOOKUP($A7,[6]HISTODEC24!$A$6:$AV$49,33,0) -> 0 | Q7: =IF(R7=0,0,($C$3-R7)) -> 0 | R7: =VLOOKUP($A7,[6]HISTODEC24!$A$6:$AV$49,29,0) -> 0
A8: AS201604 | B8: =IF(D8=0,0,VLOOKUP($A8,[6]HISTODEC24!$A$6:$BP$44,10,0)) -> 1 | C8: =VLOOKUP(A8,[7]LISTADHERENT!A$5:H$60,3,0) -> DJOMO JEAN PAUL | D8: =IF(G8="ECHEC",0,B$3) -> 25000 | E8: =D8+VLOOKUP($A8,[6]HISTODEC24!$A$7:$AU$42,45,0)+F8 -> 50000 | F8: =VLOOKUP($A8,[6]HISTODEC24!$A$6:$AV$48,7,0) -> 0 | G8: =VLOOKUP($A8,[6]HISTODEC24!$A$6:$AV$49,8,0) -> BANQUE | H8: =VLOOKUP($A8,[6]HISTODEC24!$A$6:$AV$49,35,0) -> 0 | I8: =VLOOKUP($A8,[6]HISTODEC24!$A$6:$AV$49,38,0) -> 0 | J8: =IF(H8=0,0,VLOOKUP($A8,[6]HISTODEC24!$A$6:$AV$49,42,0)) -> 0 | K8: =VLOOKUP($A8,[6]HISTODEC24!$A$6:$AV$49,41,0) -> 0 | L8: =TONTNOV24!H8+TONTNOV24!I8 -> 0 | M8: =VLOOKUP($A8,[6]HISTODEC24!$A$6:$AV$49,16,0) -> 0 | N8: =IF(M8<>0,VLOOKUP($A8,[6]HISTODEC24!$A$6:$AV$49,8,0),"ECHEC") -> ECHEC | O8: =IF(R8=0,0,VLOOKUP($A8,[6]HISTODEC24!$A$6:$AV$49,32,0)) -> 0 | P8: =VLOOKUP($A8,[6]HISTODEC24!$A$6:$AV$49,33,0) -> 0 | Q8: =IF(R8=0,0,($C$3-R8)) -> 0 | R8: =VLOOKUP($A8,[6]HISTODEC24!$A$6:$AV$49,29,0) -> 0
A9: AS201654 | B9: =IF(D9=0,0,VLOOKUP($A9,[6]HISTODEC24!$A$6:$BP$44,10,0)) -> 1 | C9: =VLOOKUP(A9,[7]LISTADHERENT!A$5:H$60,3,0) -> DJOMOU TCHAPDA | D9: =IF(G9="ECHEC",0,B$3) -> 25000 | E9: =D9+VLOOKUP($A9,[6]HISTODEC24!$A$7:$AU$42,45,0)+F9 -> 50000 | F9: =VLOOKUP($A9,[6]HISTODEC24!$A$6:$AV$48,7,0) -> 0 | G9: =VLOOKUP($A9,[6]HISTODEC24!$A$6:$AV$49,8,0) -> ESPECES | H9: =VLOOKUP($A9,[6]HISTODEC24!$A$6:$AV$49,35,0) -> 0 | I9: =VLOOKUP($A9,[6]HISTODEC24!$A$6:$AV$49,38,0) -> 0 | J9: =IF(H9=0,0,VLOOKUP($A9,[6]HISTODEC24!$A$6:$AV$49,42,0)) -> 0 | K9: =VLOOKUP($A9,[6]HISTODEC24!$A$6:$AV$49,41,0) -> 0 | L9: =TONTNOV24!H9+TONTNOV24!I9 -> 61000 | M9: =VLOOKUP($A9,[6]HISTODEC24!$A$6:$AV$49,16,0) -> 61000 | N9: =IF(M9<>0,VLOOKUP($A9,[6]HISTODEC24!$A$6:$AV$49,8,0),"ECHEC") -> ESPECES | O9: =IF(R9=0,0,VLOOKUP($A9,[6]HISTODEC24!$A$6:$AV$49,32,0)) -> 0 | P9: =VLOOKUP($A9,[6]HISTODEC24!$A$6:$AV$49,33,0) -> 0 | Q9: =IF(R9=0,0,($C$3-R9)) -> 0 | R9: =VLOOKUP($A9,[6]HISTODEC24!$A$6:$AV$49,29,0) -> 0
A10: AS201605 | B10: =IF(D10=0,0,VLOOKUP($A10,[6]HISTODEC24!$A$6:$BP$44,10,0)) -> 1 | C10: =VLOOKUP(A10,[7]LISTADHERENT!A$5:H$60,3,0) -> DJOUKWE NANGUEN GUY BLAISE | D10: =IF(G10="ECHEC",0,B$3) -> 25000 | E10: =D10+VLOOKUP($A10,[6]HISTODEC24!$A$7:$AU$42,45,0)+F10 -> 50000 | F10: =VLOOKUP($A10,[6]HISTODEC24!$A$6:$AV$48,7,0) -> 0 | G10: =VLOOKUP($A10,[6]HISTODEC24!$A$6:$AV$49,8,0) -> ESPECES | H10: =VLOOKUP($A10,[6]HISTODEC24!$A$6:$AV$49,35,0) -> 0 | I10: =VLOOKUP($A10,[6]HISTODEC24!$A$6:$AV$49,38,0) -> 0 | J10: =IF(H10=0,0,VLOOKUP($A10,[6]HISTODEC24!$A$6:$AV$49,42,0)) -> 0 | K10: =VLOOKUP($A10,[6]HISTODEC24!$A$6:$AV$49,41,0) -> 0 | L10: =TONTNOV24!H10+TONTNOV24!I10 -> 0 | M10: =VLOOKUP($A10,[6]HISTODEC24!$A$6:$AV$49,16,0) -> 0 | N10: =IF(M10<>0,VLOOKUP($A10,[6]HISTODEC24!$A$6:$AV$49,8,0),"ECHEC") -> ECHEC | O10: =IF(R10=0,0,VLOOKUP($A10,[6]HISTODEC24!$A$6:$AV$49,32,0)) -> 0 | P10: =VLOOKUP($A10,[6]HISTODEC24!$A$6:$AV$49,33,0) -> 0 | Q10: =IF(R10=0,0,($C$3-R10)) -> 0 | R10: =VLOOKUP($A10,[6]HISTODEC24!$A$6:$AV$49,29,0) -> 0
A11: AS201608 | B11: =IF(D11=0,0,VLOOKUP($A11,[6]HISTODEC24!$A$6:$BP$44,10,0)) -> 1 | C11: =VLOOKUP(A11,[7]LISTADHERENT!A$5:H$60,3,0) -> DJUOMBESSY ANTOINE | D11: =IF(G11="ECHEC",0,B$3) -> 25000 | E11: =D11+VLOOKUP($A11,[6]HISTODEC24!$A$7:$AU$42,45,0)+F11 -> 55000 | F11: =VLOOKUP($A11,[6]HISTODEC24!$A$6:$AV$48,7,0) -> 0 | G11: =VLOOKUP($A11,[6]HISTODEC24!$A$6:$AV$49,8,0) -> BANQUE | H11: =VLOOKUP($A11,[6]HISTODEC24!$A$6:$AV$49,35,0) -> 0 | I11: =VLOOKUP($A11,[6]HISTODEC24!$A$6:$AV$49,38,0) -> 0 | J11: =IF(H11=0,0,VLOOKUP($A11,[6]HISTODEC24!$A$6:$AV$49,42,0)) -> 0 | K11: =VLOOKUP($A11,[6]HISTODEC24!$A$6:$AV$49,41,0) -> 0 | L11: =TONTNOV24!H11+TONTNOV24!I11 -> 61000 | M11: =VLOOKUP($A11,[6]HISTODEC24!$A$6:$AV$49,16,0) -> 61000 | N11: =IF(M11<>0,VLOOKUP($A11,[6]HISTODEC24!$A$6:$AV$49,8,0),"ECHEC") -> BANQUE | O11: =IF(R11=0,0,VLOOKUP($A11,[6]HISTODEC24!$A$6:$AV$49,32,0)) -> 0 | P11: =VLOOKUP($A11,[6]HISTODEC24!$A$6:$AV$49,33,0) -> 0 | Q11: =IF(R11=0,0,($C$3-R11)) -> 0 | R11: =VLOOKUP($A11,[6]HISTODEC24!$A$6:$AV$49,29,0) -> 0
A12: AS201651 | B12: =IF(D12=0,0,VLOOKUP($A12,[6]HISTODEC24!$A$6:$BP$44,10,0)) -> 1 | C12: =VLOOKUP(A12,[7]LISTADHERENT!A$5:H$60,3,0) -> DOMOU FABIEN | D12: =IF(G12="ECHEC",0,B$3) -> 25000 | E12: =D12+VLOOKUP($A12,[6]HISTODEC24!$A$7:$AU$42,45,0)+F12 -> 50000 | F12: =VLOOKUP($A12,[6]HISTODEC24!$A$6:$AV$48,7,0) -> 0 | G12: =VLOOKUP($A12,[6]HISTODEC24!$A$6:$AV$49,8,0) -> BANQUE | H12: =VLOOKUP($A12,[6]HISTODEC24!$A$6:$AV$49,35,0) -> 0 | I12: =VLOOKUP($A12,[6]HISTODEC24!$A$6:$AV$49,38,0) -> 0 | J12: =IF(H12=0,0,VLOOKUP($A12,[6]HISTODEC24!$A$6:$AV$49,42,0)) -> 0 | K12: =VLOOKUP($A12,[6]HISTODEC24!$A$6:$AV$49,41,0) -> 0 | L12: =TONTNOV24!H12+TONTNOV24!I12 -> 0 | M12: =VLOOKUP($A12,[6]HISTODEC24!$A$6:$AV$49,16,0) -> 0 | N12: =IF(M12<>0,VLOOKUP($A12,[6]HISTODEC24!$A$6:$AV$49,8,0),"ECHEC") -> ECHEC | O12: =IF(R12=0,0,VLOOKUP($A12,[6]HISTODEC24!$A$6:$AV$49,32,0)) -> 0 | P12: =VLOOKUP($A12,[6]HISTODEC24!$A$6:$AV$49,33,0) -> 0 | Q12: =IF(R12=0,0,($C$3-R12)) -> 0 | R12: =VLOOKUP($A12,[6]HISTODEC24!$A$6:$AV$49,29,0) -> 0
A13: AS201609 | B13: =IF(D13=0,0,VLOOKUP($A13,[6]HISTODEC24!$A$6:$BP$44,10,0)) -> 1 | C13: =VLOOKUP(A13,[7]LISTADHERENT!A$5:H$60,3,0) -> DONHOU DAVID | D13: =IF(G13="ECHEC",0,B$3) -> 25000 | E13: =D13+VLOOKUP($A13,[6]HISTODEC24!$A$7:$AU$42,45,0)+F13 -> 50000 | F13: =VLOOKUP($A13,[6]HISTODEC24!$A$6:$AV$48,7,0) -> 0 | G13: =VLOOKUP($A13,[6]HISTODEC24!$A$6:$AV$49,8,0) -> BANQUE | H13: =VLOOKUP($A13,[6]HISTODEC24!$A$6:$AV$49,35,0) -> 0 | I13: =VLOOKUP($A13,[6]HISTODEC24!$A$6:$AV$49,38,0) -> 0 | J13: =IF(H13=0,0,VLOOKUP($A13,[6]HISTODEC24!$A$6:$AV$49,42,0)) -> 0 | K13: =VLOOKUP($A13,[6]HISTODEC24!$A$6:$AV$49,41,0) -> 0 | L13: =TONTNOV24!H13+TONTNOV24!I13 -> 0 | M13: =VLOOKUP($A13,[6]HISTODEC24!$A$6:$AV$49,16,0) -> 0 | N13: =IF(M13<>0,VLOOKUP($A13,[6]HISTODEC24!$A$6:$AV$49,8,0),"ECHEC") -> ECHEC | O13: =IF(R13=0,0,VLOOKUP($A13,[6]HISTODEC24!$A$6:$AV$49,32,0)) -> 0 | P13: =VLOOKUP($A13,[6]HISTODEC24!$A$6:$AV$49,33,0) -> 0 | Q13: =IF(R13=0,0,($C$3-R13)) -> 0 | R13: =VLOOKUP($A13,[6]HISTODEC24!$A$6:$AV$49,29,0) -> 0
A14: AS201611 | B14: =IF(D14=0,0,VLOOKUP($A14,[6]HISTODEC24!$A$6:$BP$44,10,0)) -> 1 | C14: =VLOOKUP(A14,[7]LISTADHERENT!A$5:H$60,3,0) -> HENGUE PAUL OMER | D14: =IF(G14="ECHEC",0,B$3) -> 25000 | E14: =D14+VLOOKUP($A14,[6]HISTODEC24!$A$7:$AU$42,45,0)+F14 -> 50000 | F14: =VLOOKUP($A14,[6]HISTODEC24!$A$6:$AV$48,7,0) -> 0 | G14: =VLOOKUP($A14,[6]HISTODEC24!$A$6:$AV$49,8,0) -> ESPECES | H14: =VLOOKUP($A14,[6]HISTODEC24!$A$6:$AV$49,35,0) -> 0 | I14: =VLOOKUP($A14,[6]HISTODEC24!$A$6:$AV$49,38,0) -> 0 | J14: =IF(H14=0,0,VLOOKUP($A14,[6]HISTODEC24!$A$6:$AV$49,42,0)) -> 0 | K14: =VLOOKUP($A14,[6]HISTODEC24!$A$6:$AV$49,41,0) -> 0 | L14: =TONTNOV24!H14+TONTNOV24!I14 -> 0 | M14: =VLOOKUP($A14,[6]HISTODEC24!$A$6:$AV$49,16,0) -> 0 | N14: =IF(M14<>0,VLOOKUP($A14,[6]HISTODEC24!$A$6:$AV$49,8,0),"ECHEC") -> ECHEC | O14: =IF(R14=0,0,VLOOKUP($A14,[6]HISTODEC24!$A$6:$AV$49,32,0)) -> 0 | P14: =VLOOKUP($A14,[6]HISTODEC24!$A$6:$AV$49,33,0) -> 0 | Q14: =IF(R14=0,0,($C$3-R14)) -> 0 | R14: =VLOOKUP($A14,[6]HISTODEC24!$A$6:$AV$49,29,0) -> 0
A15: AS201613 | B15: =IF(D15=0,0,VLOOKUP($A15,[6]HISTODEC24!$A$6:$BP$44,10,0)) -> 1 | C15: =VLOOKUP(A15,[7]LISTADHERENT!A$5:H$60,3,0) -> HOTCHO BENJAMIN | D15: =IF(G15="ECHEC",0,B$3) -> 25000 | E15: =D15+VLOOKUP($A15,[6]HISTODEC24!$A$7:$AU$42,45,0)+F15 -> 105000 | F15: =VLOOKUP($A15,[6]HISTODEC24!$A$6:$AV$48,7,0) -> 0 | G15: =VLOOKUP($A15,[6]HISTODEC24!$A$6:$AV$49,8,0) -> BANQUE | H15: =VLOOKUP($A15,[6]HISTODEC24!$A$6:$AV$49,35,0) -> 0 | I15: =VLOOKUP($A15,[6]HISTODEC24!$A$6:$AV$49,38,0) -> 0 | J15: =IF(H15=0,0,VLOOKUP($A15,[6]HISTODEC24!$A$6:$AV$49,42,0)) -> 0 | K15: =VLOOKUP($A15,[6]HISTODEC24!$A$6:$AV$49,41,0) -> 0 | L15: =TONTNOV24!H15+TONTNOV24!I15 -> 0 | M15: =VLOOKUP($A15,[6]HISTODEC24!$A$6:$AV$49,16,0) -> 0 | N15: =IF(M15<>0,VLOOKUP($A15,[6]HISTODEC24!$A$6:$AV$49,8,0),"ECHEC") -> ECHEC | O15: =IF(R15=0,0,VLOOKUP($A15,[6]HISTODEC24!$A$6:$AV$49,32,0)) -> 0 | P15: =VLOOKUP($A15,[6]HISTODEC24!$A$6:$AV$49,33,0) -> 0 | Q15: =IF(R15=0,0,($C$3-R15)) -> 0 | R15: =VLOOKUP($A15,[6]HISTODEC24!$A$6:$AV$49,29,0) -> 0
A16: AS201617 | B16: =IF(D16=0,0,VLOOKUP($A16,[6]HISTODEC24!$A$6:$BP$44,10,0)) -> 1 | C16: =VLOOKUP(A16,[7]LISTADHERENT!A$5:H$60,3,0) -> KOUAMOU MOISE | D16: =IF(G16="ECHEC",0,B$3) -> 25000 | E16: =D16+VLOOKUP($A16,[6]HISTODEC24!$A$7:$AU$42,45,0)+F16 -> 55500 | F16: =VLOOKUP($A16,[6]HISTODEC24!$A$6:$AV$48,7,0) -> 0 | G16: =VLOOKUP($A16,[6]HISTODEC24!$A$6:$AV$49,8,0) -> BANQUE | H16: =VLOOKUP($A16,[6]HISTODEC24!$A$6:$AV$49,35,0) -> 0 | I16: =VLOOKUP($A16,[6]HISTODEC24!$A$6:$AV$49,38,0) -> 0 | J16: =IF(H16=0,0,VLOOKUP($A16,[6]HISTODEC24!$A$6:$AV$49,42,0)) -> 0 | K16: =VLOOKUP($A16,[6]HISTODEC24!$A$6:$AV$49,41,0) -> 0 | L16: =TONTNOV24!H16+TONTNOV24!I16 -> 0 | M16: =VLOOKUP($A16,[6]HISTODEC24!$A$6:$AV$49,16,0) -> 0 | N16: =IF(M16<>0,VLOOKUP($A16,[6]HISTODEC24!$A$6:$AV$49,8,0),"ECHEC") -> ECHEC | O16: =IF(R16=0,0,VLOOKUP($A16,[6]HISTODEC24!$A$6:$AV$49,32,0)) -> 0 | P16: =VLOOKUP($A16,[6]HISTODEC24!$A$6:$AV$49,33,0) -> 0 | Q16: =IF(R16=0,0,($C$3-R16)) -> 0 | R16: =VLOOKUP($A16,[6]HISTODEC24!$A$6:$AV$49,29,0) -> 0
A17: AS201619 | B17: =IF(D17=0,0,VLOOKUP($A17,[6]HISTODEC24!$A$6:$BP$44,10,0)) -> 1 | C17: =VLOOKUP(A17,[7]LISTADHERENT!A$5:H$60,3,0) -> KOUATCHO MESSACK | D17: =IF(G17="ECHEC",0,B$3) -> 25000 | E17: =D17+VLOOKUP($A17,[6]HISTODEC24!$A$7:$AU$42,45,0)+F17 -> 60000 | F17: =VLOOKUP($A17,[6]HISTODEC24!$A$6:$AV$48,7,0) -> 0 | G17: =VLOOKUP($A17,[6]HISTODEC24!$A$6:$AV$49,8,0) -> BANQUE | H17: =VLOOKUP($A17,[6]HISTODEC24!$A$6:$AV$49,35,0) -> 0 | I17: =VLOOKUP($A17,[6]HISTODEC24!$A$6:$AV$49,38,0) -> 0 | J17: =IF(H17=0,0,VLOOKUP($A17,[6]HISTODEC24!$A$6:$AV$49,42,0)) -> 0 | K17: =VLOOKUP($A17,[6]HISTODEC24!$A$6:$AV$49,41,0) -> 0 | L17: =TONTNOV24!H17+TONTNOV24!I17 -> 0 | M17: =VLOOKUP($A17,[6]HISTODEC24!$A$6:$AV$49,16,0) -> 0 | N17: =IF(M17<>0,VLOOKUP($A17,[6]HISTODEC24!$A$6:$AV$49,8,0),"ECHEC") -> ECHEC | O17: =IF(R17=0,0,VLOOKUP($A17,[6]HISTODEC24!$A$6:$AV$49,32,0)) -> 0 | P17: =VLOOKUP($A17,[6]HISTODEC24!$A$6:$AV$49,33,0) -> 0 | Q17: =IF(R17=0,0,($C$3-R17)) -> 0 | R17: =VLOOKUP($A17,[6]HISTODEC24!$A$6:$AV$49,29,0) -> 0
... A37: AS201647 | B37: =IF(D37=0,0,VLOOKUP($A37,[6]HISTODEC24!$A$6:$BP$44,10,0)) -> 1 | C37: =VLOOKUP(A37,[7]LISTADHERENT!A$5:H$60,3,0) -> YOUMBI EMMANUEL | D37: =IF(G37="ECHEC",0,B$3) -> 25000 | E37: =D37+VLOOKUP($A37,[6]HISTODEC24!$A$7:$AU$42,45,0)+F37 -> 50000 | F37: =VLOOKUP($A37,[6]HISTODEC24!$A$6:$AV$48,7,0) -> 0 | G37: =VLOOKUP($A37,[6]HISTODEC24!$A$6:$AV$49,8,0) -> BANQUE | H37: =VLOOKUP($A37,[6]HISTODEC24!$A$6:$AV$49,35,0) -> 0 | I37: =VLOOKUP($A37,[6]HISTODEC24!$A$6:$AV$49,38,0) -> 0 | J37: =IF(H37=0,0,VLOOKUP($A37,[6]HISTODEC24!$A$6:$AV$49,42,0)) -> 0 | K37: =VLOOKUP($A37,[6]HISTODEC24!$A$6:$AV$49,41,0) -> 0 | L37: =TONTNOV24!H37+TONTNOV24!I37 -> 0 | M37: =VLOOKUP($A37,[6]HISTODEC24!$A$6:$AV$49,16,0) -> 0 | N37: =IF(M37<>0,VLOOKUP($A37,[6]HISTODEC24!$A$6:$AV$49,8,0),"ECHEC") -> ECHEC | O37: =IF(R37=0,0,VLOOKUP($A37,[6]HISTODEC24!$A$6:$AV$49,32,0)) -> 0 | P37: =VLOOKUP($A37,[6]HISTODEC24!$A$6:$AV$49,33,0) -> 0 | Q37: =IF(R37=0,0,($C$3-R37)) -> 0 | R37: =VLOOKUP($A37,[6]HISTODEC24!$A$6:$AV$49,29,0) -> 0
A39: TOTAL PART | B39: =SUM(B6:B38) -> 32
A40: NBRE ADHERENT | B40: =COUNT(D6:D38) -> 32 | D40: =SUM(D6:D39) -> 800000 | F40: =SUM(F6:F39) -> 0 | G40: =SUM(G6:G39) -> 0 | H40: =SUM(H6:H39) -> 0 | I40: =SUM(I6:I39) -> 0 | J40: =SUM(J6:J39) -> 0 | K40: =SUM(K6:K39) -> 0 | L40: =SUM(L6:L39) -> 315000 | M40: =SUM(M6:M39) -> 315000 | ... R40: =SUM(R6:R39) -> 7500
N41: NBRE PART | O41: PART VENDUE
D42: MONTANT TONTINE | G42: REMBOURSEMENT PETIT LOT | H42: VENTE PETIT LOT | I42: VENTE LOT PRINCIPAL | J42: SOLDE EN CAISSE | L42: TONTINE + REMB + INTERET VENTE | M42: =D46+G46+R40+TONTNOV24!O47 -> 1141000
D43: =SUMIFS(D6:D39,G6:G39,"ESPECES") -> 225000 | F43: ESPECES | G43: =SUMIFS(M6:M33,N6:N33,"ESPECES") -> 61000 | H43: =SUMIFS(H6:H39,J6:J39,"ESPECES") -> 0 | I43: =SUMIFS(Q6:Q39,O6:O39,"ESPECES") -> 0 | J43: =D43+G43-H43-I43 -> 286000 | L43: LOT PRINCIPAL | M43: =C3*COUNTIF(Q7:Q39,">0") -> 900000 | N43: =D3 -> 3 | O43: =COUNTIF(Q6:Q33,">0") -> 2
D44: =SUMIFS(D6:D39,G6:G39,"BANQUE") -> 575000 | F44: BANQUE | G44: =SUMIFS(M6:M33,N6:N33,"BANQUE") -> 254000 | H44: =SUMIFS(H6:H39,J6:J39,"BANQUE") -> 0 | I44: =SUMIFS(Q6:Q39,O6:O39,"BANQUE") -> 0 | J44: =D44+G44-H44-I44 -> 829000
L45: PETIT LOT | M45: =M42-M43 -> 241000
D46: =D43+D44 -> 800000 | F46: TOTAL | G46: =G43+G44 -> 315000 | H46: =H43+H44 -> 0 | I46: =I43+I44 -> 0 | J46: =J43+J44 -> 1115000
F47: TOTAL+DEPOT | L47: RELIQUAT | M47: =M45-H40 -> 241000 | O47: =TONTDEC24!M47 -> 241000 | P47: CUMUL
L49: ECHEC TONTINE MOIS | M49: =COUNTIFS(G7:G38,"ECHEC")*23000 -> 0 | O49: =TONTDEC24!M49 -> 0 | P49: CUMUL
L50: ECHEC REMBOURSEMENT MOIS | M50: =L40-G46 -> 0 | O50: =TONTDEC24!M50 -> 0 | P50: CUMUL

Sheet TONTRESUME24
A1: ASSOCIATION | B1: ASELBY
A2: ANNEE | B2: 2024 | C2: TONIINE | D2: NBRE PART
A3: TAUX TONTINE | B3: 25000 | C3: =B3*12 -> 300000 | D3: =ROUNDDOWN(M42/C3,0) -> 0
C4: RECAPITULATION
A5: MATRICULE | B5: NBREPART | C5: NOM ET PRENOM | D5: MONTANT TONTINE | E5: MONTANT VERSE | F5: PENALITE VERSEMENT ESPECES | G5: MODE VERSEMENT | H5: VENTE PETIT LOT | I5: INTERET PETIT LOT | J5: MODE VERSEMENT VENTE PETIT LOT | K5: NUMERO CHEQUE | L5: MONTANT A REMBOURSER PETIT LOT | M5: REMBOURSEMENT PETIT LOT | N5: MODE VERSEMENT REMBOURSEMENT | O5: MODE VERSEMENTLOT PRINCIPAL | P5: NUMERO CHEQUE | Q5: MONTANT LOT PRINCIPAL | R5: INTERET LOT PRINCIPAL | S5: MOIS OBTENTION | T5: REPARTITION INTERET | U5: INTERET PERCU PAR ADHERENT
A6: AS201601 | B6: =TONTJANV24!B6+TONTFEV24!B6+TONTMARS24!B6+TONTAVRIL24!B6+TONTMAI24!B6+TONTJUIN24!B6+TONTJUIL24!B6+TONTAOUT24!B6+TONTSEPT24!B6+TONTOCT24!B6+TONTNOV24!B6+TONTDEC24!B6 -> 12 | C6: =VLOOKUP(A6,[7]LISTADHERENT!A$5:H$60,3,0) -> BAKOP ACHILLE | D6: =TONTJANV24!D6+TONTFEV24!D6+TONTMARS24!D6+TONTAVRIL24!D6+TONTMAI24!D6+TONTJUIN24!D6+TONTJUIL24!D6+TONTAOUT24!D6+TONTSEPT24!D6+TONTOCT24!D6+TONTNOV24!D6+TONTDEC24!D6 -> 300000 | E6: =TONTJANV24!E6+TONTFEV24!E6+TONTMARS24!E6+TONTAVRIL24!E6+TONTMAI24!E6+TONTJUIN24!E6+TONTJUIL24!E6+TONTAOUT24!E6+TONTSEPT24!E6+TONTOCT24!E6+TONTNOV24!E6+TONTDEC24!E6 -> 620000 | F6: =TONTJANV24!F6+TONTFEV24!F6+TONTMARS24!F6+TONTAVRIL24!F6+TONTMAI24!F6+TONTJUIN24!F6+TONTJUIL24!F6+TONTAOUT24!F6+TONTSEPT24!F6+TONTOCT24!F6+TONTNOV24!F6+TONTDEC24!F6 -> 12000 | H6: =TONTJANV24!H6+TONTFEV24!H6+TONTMARS24!H6+TONTAVRIL24!H6+TONTMAI24!H6+TONTJUIN24!H6+TONTJUIL24!H6+TONTAOUT24!H6+TONTSEPT24!H6+TONTOCT24!H6+TONTNOV24!H6+TONTDEC24!H6 -> 117000 | I6: =TONTJANV24!I6+TONTFEV24!I6+TONTMARS24!I6+TONTAVRIL24!I6+TONTMAI24!I6+TONTJUIN24!I6+TONTJUIL24!I6+TONTAOUT24!I6+TONTSEPT24!I6+TONTOCT24!I6+TONTNOV24!I6+TONTDEC24!I6 -> 2000 | K6: =TONTJANV24!K6+TONTFEV24!K6+TONTMARS24!K6+TONTAVRIL24!K6+TONTMAI24!K6+TONTJUIN24!K6+TONTJUIL24!K6+TONTAOUT24!K6+TONTSEPT24!K6+TONTOCT24!K6+TONTNOV24!K6+TONTDEC24!K6 -> 0 | L6: =TONTJANV24!L6+TONTFEV24!L6+TONTMARS24!L6+TONTAVRIL24!L6+TONTMAI24!L6+TONTJUIN24!L6+TONTJUIL24!L6+TONTAOUT24!L6+TONTSEPT24!L6+TONTOCT24!L6+TONTNOV24!L6+TONTDEC24!L6 -> 119000 | M6: =TONTJANV24!M6+TONTFEV24!M6+TONTMARS24!M6+TONTAVRIL24!M6+TONTMAI24!M6+TONTJUIN24!M6+TONTJUIL24!M6+TONTAOUT24!M6+TONTSEPT24!M6+TONTOCT24!M6+TONTNOV24!M6+TONTDEC24!M6 -> 119000 | P6: =TONTJANV24!P6+TONTFEV24!P6+TONTMARS24!P6+TONTAVRIL24!P6+TONTMAI24!P6+TONTJUIN24!P6+TONTJUIL24!P6+TONTAOUT24!P6+TONTSEPT24!P6+TONTOCT24!P6+TONTNOV24!P6+TONTDEC24!P6 -> 0 | Q6: =TONTJANV24!Q6+TONTFEV24!Q6+TONTMARS24!Q6+TONTAVRIL24!Q6+TONTMAI24!Q6+TONTJUIN24!Q6+TONTJUIL24!Q6+TONTAOUT24!Q6+TONTSEPT24!Q6+TONTOCT24!Q6+TONTNOV24!Q6+TONTDEC24!Q6 -> 290000 | R6: =TONTJANV24!R6+TONTFEV24!R6+TONTMARS24!R6+TONTAVRIL24!R6+TONTMAI24!R6+TONTJUIN24!R6+TONTJUIL24!R6+TONTAOUT24!R6+TONTSEPT24!R6+TONTOCT24!R6+TONTNOV24!R6+TONTDEC24!R6 -> 10000 | S6: 45352 | T6: =$R$46 -> 7531.25 | U6: 7000
A7: AS201602 | B7: =TONTJANV24!B7+TONTFEV24!B7+TONTMARS24!B7+TONTAVRIL24!B7+TONTMAI24!B7+TONTJUIN24!B7+TONTJUIL24!B7+TONTAOUT24!B7+TONTSEPT24!B7+TONTOCT24!B7+TONTNOV24!B7+TONTDEC24!B7 -> 12 | C7: =VLOOKUP(A7,[7]LISTADHERENT!A$5:H$60,3,0) -> BOUTCHOUANG WILLIAM | D7: =TONTJANV24!D7+TONTFEV24!D7+TONTMARS24!D7+TONTAVRIL24!D7+TONTMAI24!D7+TONTJUIN24!D7+TONTJUIL24!D7+TONTAOUT24!D7+TONTSEPT24!D7+TONTOCT24!D7+TONTNOV24!D7+TONTDEC24!D7 -> 300000 | E7: =TONTJANV24!E7+TONTFEV24!E7+TONTMARS24!E7+TONTAVRIL24!E7+TONTMAI24!E7+TONTJUIN24!E7+TONTJUIL24!E7+TONTAOUT24!E7+TONTSEPT24!E7+TONTOCT24!E7+TONTNOV24!E7+TONTDEC24!E7 -> 603000 | F7: =TONTJANV24!F7+TONTFEV24!F7+TONTMARS24!F7+TONTAVRIL24!F7+TONTMAI24!F7+TONTJUIN24!F7+TONTJUIL24!F7+TONTAOUT24!F7+TONTSEPT24!F7+TONTOCT24!F7+TONTNOV24!F7+TONTDEC24!F7 -> 6000 | H7: =TONTJANV24!H7+TONTFEV24!H7+TONTMARS24!H7+TONTAVRIL24!H7+TONTMAI24!H7+TONTJUIN24!H7+TONTJUIL24!H7+TONTAOUT24!H7+TONTSEPT24!H7+TONTOCT24!H7+TONTNOV24!H7+TONTDEC24!H7 -> 0 | I7: =TONTJANV24!I7+TONTFEV24!I7+TONTMARS24!I7+TONTAVRIL24!I7+TONTMAI24!I7+TONTJUIN24!I7+TONTJUIL24!I7+TONTAOUT24!I7+TONTSEPT24!I7+TONTOCT24!I7+TONTNOV24!I7+TONTDEC24!I7 -> 0 | K7: =TONTJANV24!K7+TONTFEV24!K7+TONTMARS24!K7+TONTAVRIL24!K7+TONTMAI24!K7+TONTJUIN24!K7+TONTJUIL24!K7+TONTAOUT24!K7+TONTSEPT24!K7+TONTOCT24!K7+TONTNOV24!K7+TONTDEC24!K7 -> 0 | L7: =TONTJANV24!L7+TONTFEV24!L7+TONTMARS24!L7+TONTAVRIL24!L7+TONTMAI24!L7+TONTJUIN24!L7+TONTJUIL24!L7+TONTAOUT24!L7+TONTSEPT24!L7+TONTOCT24!L7+TONTNOV24!L7+TONTDEC24!L7 -> 0 | M7: =TONTJANV24!M7+TONTFEV24!M7+TONTMARS24!M7+TONTAVRIL24!M7+TONTMAI24!M7+TONTJUIN24!M7+TONTJUIL24!M7+TONTAOUT24!M7+TONTSEPT24!M7+TONTOCT24!M7+TONTNOV24!M7+TONTDEC24!M7 -> 0 | P7: =TONTJANV24!P7+TONTFEV24!P7+TONTMARS24!P7+TONTAVRIL24!P7+TONTMAI24!P7+TONTJUIN24!P7+TONTJUIL24!P7+TONTAOUT24!P7+TONTSEPT24!P7+TONTOCT24!P7+TONTNOV24!P7+TONTDEC24!P7 -> 0 | Q7: =TONTJANV24!Q7+TONTFEV24!Q7+TONTMARS24!Q7+TONTAVRIL24!Q7+TONTMAI24!Q7+TONTJUIN24!Q7+TONTJUIL24!Q7+TONTAOUT24!Q7+TONTSEPT24!Q7+TONTOCT24!Q7+TONTNOV24!Q7+TONTDEC24!Q7 -> 297500 | R7: =TONTJANV24!R7+TONTFEV24!R7+TONTMARS24!R7+TONTAVRIL24!R7+TONTMAI24!R7+TONTJUIN24!R7+TONTJUIL24!R7+TONTAOUT24!R7+TONTSEPT24!R7+TONTOCT24!R7+TONTNOV24!R7+TONTDEC24!R7 -> 2500 | S7: 45566 | T7: =$R$46 -> 7531.25 | U7: 7000
