Workbook
Name BANQUE: #REF!
Name BANQUE: #REF!
Name BANQUE: #REF!
Name BANQUE: #REF!
Name BANQUE: #REF!
Name BANQUE: #REF!
Name BANQUE: #REF!
Name BANQUE: #REF!
Name BANQUE: #REF!
Name BANQUE: #REF!
Name BANQUE: #REF!
Name BANQUE: #REF!
Name BANQUE: #REF!
Name BANQUE: #REF!
Name BANQUE: #REF!
Name BANQUE: #REF!
Name BANQUE: #REF!
Name BANQUE: #REF!
Name BANQUE: #REF!
Name BANQUE: #REF!
Name BANQUE: #REF!
Name BANQUE: #REF!
Name BANQUE: #REF!
Name BANQUE: #REF!
Name BANQUE: #REF!
Name BANQUE: #REF!
Name BANQUE: #REF!
Name BANQUE: #REF!
Name MODEPAID: MODEPAID!$A$1:$A$3
Name MODEPAID: [1]Feuil2!$A$1:$A$3
Name MODEPAID: [1]Feuil2!$A$1:$A$3
Name MODEPAID: [1]Feuil2!$A$1:$A$3
Name MODEPAID: [1]Feuil2!$A$1:$A$3
Name MODEPAID: [1]Feuil2!$A$1:$A$3
Name MODEPAID: [1]Feuil2!$A$1:$A$3
Name MODEPAID: [1]Feuil2!$A$1:$A$3
Name MODEPAID: [1]Feuil2!$A$1:$A$3
Name MODEPAID: [1]Feuil2!$A$1:$A$3
Name MODEPAID: [1]Feuil2!$A$1:$A$3
Name MODEPAID: [1]Feuil2!$A$1:$A$3
Name MODEPAID: [1]Feuil2!$A$1:$A$3
Name MODEPAID: [1]Feuil2!$A$1:$A$3
Name MODEPAID: [1]Feuil2!$A$1:$A$3
Name MODEPAID: [1]Feuil2!$A$1:$A$3
Name MODEPAID: [1]Feuil2!$A$1:$A$3
Name MODEPAID: [1]Feuil2!$A$1:$A$3
Name MODEPAID: [1]Feuil2!$A$1:$A$3
Name MODEPAID: [1]Feuil2!$A$1:$A$3
Name MODEPAID: [1]Feuil2!$A$1:$A$3
Name MODEPAID: [1]Feuil2!$A$1:$A$3
Name MODEPAID: [1]Feuil2!$A$1:$A$3
Name MODEPAID: [1]Feuil2!$A$1:$A$3
Name MODEPAID: [1]Feuil2!$A$1:$A$3
Name MODEPAID: [1]Feuil2!$A$1:$A$3
Name MODEPAID: [1]Feuil2!$A$1:$A$3
Name MODEPAID: [1]Feuil2!$A$1:$A$3
Name MODEPAID: #REF!
Name MODET25000: [2]MODEVERSEMENT!$A$1:$A$3
Name MODEVERSEMENT: #REF!
Name MODEVERSEMENT: #REF!

Sheet MODEPAID
A1: BANQUE
A2: ESPECES
A3: ECHEC

Sheet TONTJANV25
A1: ASSOCIATION | B1: ASELBY
A2: ANNEE | B2: 2025 | C2: TONIINE | D2: NBRE PART
A3: TAUX TONTINE | B3: 75000 | C3: =B3*12 -> 900000 | D3: =ROUNDDOWN(K22/C3,0) -> 1
C4: 45670
A5: MATRICULE | B5: NBREPART | C5: NOM ET PRENOM | D5: MONTANT TONTINE | E5: MODE VERSEMENT | F5: VENTE PETIT LOT | G5: INTERET PETIT LOT | H5: MODE VERSEMENT VENTE PETIT LOT | I5: NUMERO CHEQUE | J5: MONTANT A REMBOURSER PETIT LOT | K5: REMBOURSEMENT PETIT LOT | L5: MODE VERSEMENT REMBOURSEMENT | M5: MODE VERSEMENTLOT PRINCIPAL | N5: NUMERO CHEQUE | O5: MONTANT LOT PRINCIPAL | P5: INTERET LOT PRINCIPAL
A6: AS201648 | B6: =IF(D6=0,0,VLOOKUP($A6,[6]HISTOJANV25!$A$6:$BB$47,12,0)) -> 2 | C6: =VLOOKUP(A6,[7]LISTADHERENT!A$5:H$60,3,0) -> ASELBY | D6: =IF(E6="ECHEC",0,VLOOKUP($A6,[6]HISTOJANV25!$A$6:$AR$47,13,0)) -> 150000 | E6: =VLOOKUP($A6,[6]HISTOJANV25!$A$6:$AV$47,9,0) -> BANQUE | F6: =VLOOKUP($A6,[6]HISTOJANV25!$A$6:$AV$47,36,0) -> 0 | G6: =VLOOKUP($A6,[6]HISTOJANV25!$A$6:$AV$47,39,0) -> 0 | H6: =IF(G6=0,"",VLOOKUP($A6,[6]HISTOFEV25!$A$6:$AV$47,42,0)) | I6: =VLOOKUP($A6,[6]HISTOJANV25!$A$6:$AV$47,41,0) -> 0 | K6: =VLOOKUP($A6,[6]HISTOJANV25!$A$6:$AV$47,17,0) -> 0 | L6: =IF(K6<>0,VLOOKUP($A6,[6]HISTOJANV25!$A$6:$BB$47,9,0),"ECHEC") -> ECHEC | M6: =IF(P6=0,0,VLOOKUP($A6,[6]HISTOJANV25!$A$6:$AV$47,32,0)) -> 0 | N6: =VLOOKUP($A6,[6]HISTOJANV25!$A$6:$AV$47,33,0) -> 0 | O6: =IF(P6=0,0,($C$3-P6)) -> 0 | P6: =VLOOKUP($A6,[6]HISTOJANV25!$A$6:$AV$47,30,0) -> 0
A7: AS201602 | B7: =IF(D7=0,0,VLOOKUP($A7,[6]HISTOJANV25!$A$6:$BB$47,12,0)) -> 1 | C7: =VLOOKUP(A7,[7]LISTADHERENT!A$5:H$60,3,0) -> BOUTCHOUANG WILLIAM | D7: =IF(E7="ECHEC",0,VLOOKUP($A7,[6]HISTOJANV25!$A$6:$AR$47,13,0)) -> 75000 | E7: =VLOOKUP($A7,[6]HISTOJANV25!$A$6:$AV$47,9,0) -> BANQUE | F7: =VLOOKUP($A7,[6]HISTOJANV25!$A$6:$AV$47,36,0) -> 0 | G7: =VLOOKUP($A7,[6]HISTOJANV25!$A$6:$AV$47,39,0) -> 0 | H7: =IF(G7=0,"",VLOOKUP($A7,[6]HISTOFEV25!$A$6:$AV$47,42,0)) | I7: =VLOOKUP($A7,[6]HISTOJANV25!$A$6:$AV$47,41,0) -> 0 | K7: =VLOOKUP($A7,[6]HISTOJANV25!$A$6:$AV$47,17,0) -> 0 | L7: =IF(K7<>0,VLOOKUP($A7,[6]HISTOJANV25!$A$6:$BB$47,9,0),"ECHEC") -> ECHEC | M7: =IF(P7=0,0,VLOOKUP($A7,[6]HISTOJANV25!$A$6:$AV$47,32,0)) -> 0 | N7: =VLOOKUP($A7,[6]HISTOJANV25!$A$6:$AV$47,33,0) -> 0 | O7: =IF(P7=0,0,($C$3-P7)) -> 0 | P7: =VLOOKUP($A7,[6]HISTOJANV25!$A$6:$AV$47,30,0) -> 0
A8: AS201613 | B8: =IF(D8=0,0,VLOOKUP($A8,[6]HISTOJANV25!$A$6:$BB$47,12,0)) -> 1 | C8: =VLOOKUP(A8,[7]LISTADHERENT!A$5:H$60,3,0) -> HOTCHO BENJAMIN | D8: =IF(E8="ECHEC",0,VLOOKUP($A8,[6]HISTOJANV25!$A$6:$AR$47,13,0)) -> 75000 | E8: =VLOOKUP($A8,[6]HISTOJANV25!$A$6:$AV$47,9,0) -> BANQUE | F8: =VLOOKUP($A8,[6]HISTOJANV25!$A$6:$AV$47,36,0) -> 0 | G8: =VLOOKUP($A8,[6]HISTOJANV25!$A$6:$AV$47,39,0) -> 0 | H8: =IF(G8=0,"",VLOOKUP($A8,[6]HISTOFEV25!$A$6:$AV$47,42,0)) | I8: =VLOOKUP($A8,[6]HISTOJANV25!$A$6:$AV$47,41,0) -> 0 | K8: =VLOOKUP($A8,[6]HISTOJANV25!$A$6:$AV$47,17,0) -> 0 | L8: =IF(K8<>0,VLOOKUP($A8,[6]HISTOJANV25!$A$6:$BB$47,9,0),"ECHEC") -> ECHEC | M8: =IF(P8=0,0,VLOOKUP($A8,[6]HISTOJANV25!$A$6:$AV$47,32,0)) -> 0 | N8: =VLOOKUP($A8,[6]HISTOJANV25!$A$6:$AV$47,33,0) -> 0 | O8: =IF(P8=0,0,($C$3-P8)) -> 0 | P8: =VLOOKUP($A8,[6]HISTOJANV25!$A$6:$AV$47,30,0) -> 0
A9: AS201619 | B9: =IF(D9=0,0,VLOOKUP($A9,[6]HISTOJANV25!$A$6:$BB$47,12,0)) -> 1 | C9: =VLOOKUP(A9,[7]LISTADHERENT!A$5:H$60,3,0) -> KOUATCHO MESSACK | D9: =IF(E9="ECHEC",0,VLOOKUP($A9,[6]HISTOJANV25!$A$6:$AR$47,13,0)) -> 75000 | E9: =VLOOKUP($A9,[6]HISTOJANV25!$A$6:$AV$47,9,0) -> BANQUE | F9: =VLOOKUP($A9,[6]HISTOJANV25!$A$6:$AV$47,36,0) -> 0 | G9: =VLOOKUP($A9,[6]HISTOJANV25!$A$6:$AV$47,39,0) -> 0 | H9: =IF(G9=0,"",VLOOKUP($A9,[6]HISTOFEV25!$A$6:$AV$47,42,0)) | I9: =VLOOKUP($A9,[6]HISTOJANV25!$A$6:$AV$47,41,0) -> 0 | K9: =VLOOKUP($A9,[6]HISTOJANV25!$A$6:$AV$47,17,0) -> 0 | L9: =IF(K9<>0,VLOOKUP($A9,[6]HISTOJANV25!$A$6:$BB$47,9,0),"ECHEC") -> ECHEC | M9: =IF(P9=0,0,VLOOKUP($A9,[6]HISTOJANV25!$A$6:$AV$47,32,0)) -> 0 | N9: =VLOOKUP($A9,[6]HISTOJANV25!$A$6:$AV$47,33,0) -> 0 | O9: =IF(P9=0,0,($C$3-P9)) -> 0 | P9: =VLOOKUP($A9,[6]HISTOJANV25!$A$6:$AV$47,30,0) -> 0
A10: AS201611 | B10: =IF(D10=0,0,VLOOKUP($A10,[6]HISTOJANV25!$A$6:$BB$47,12,0)) -> 1 | C10: =VLOOKUP(A10,[7]LISTADHERENT!A$5:H$60,3,0) -> HENGUE PAUL OMER | D10: =IF(E10="ECHEC",0,VLOOKUP($A10,[6]HISTOJANV25!$A$6:$AR$47,13,0)) -> 75000 | E10: =VLOOKUP($A10,[6]HISTOJANV25!$A$6:$AV$47,9,0) -> BANQUE | F10: =VLOOKUP($A10,[6]HISTOJANV25!$A$6:$AV$47,36,0) -> 0 | G10: =VLOOKUP($A10,[6]HISTOJANV25!$A$6:$AV$47,39,0) -> 0 | H10: =IF(G10=0,"",VLOOKUP($A10,[6]HISTOFEV25!$A$6:$AV$47,42,0)) | I10: =VLOOKUP($A10,[6]HISTOJANV25!$A$6:$AV$47,41,0) -> 0 | K10: =VLOOKUP($A10,[6]HISTOJANV25!$A$6:$AV$47,17,0) -> 0 | L10: =IF(K10<>0,VLOOKUP($A10,[6]HISTOJANV25!$A$6:$BB$47,9,0),"ECHEC") -> ECHEC | M10: =IF(P10=0,0,VLOOKUP($A10,[6]HISTOJANV25!$A$6:$AV$47,32,0)) -> 0 | N10: =VLOOKUP($A10,[6]HISTOJANV25!$A$6:$AV$47,33,0) -> 0 | O10: =IF(P10=0,0,($C$3-P10)) -> 0 | P10: =VLOOKUP($A10,[6]HISTOJANV25!$A$6:$AV$47,30,0) -> 0
A11: AS201649 | B11: =IF(D11=0,0,VLOOKUP($A11,[6]HISTOJANV25!$A$6:$BB$47,12,0)) -> 1 | C11: =VLOOKUP(A11,[7]LISTADHERENT!A$5:H$60,3,0) -> MBOGNING TUGMA GUY | D11: =IF(E11="ECHEC",0,VLOOKUP($A11,[6]HISTOJANV25!$A$6:$AR$47,13,0)) -> 75000 | E11: =VLOOKUP($A11,[6]HISTOJANV25!$A$6:$AV$47,9,0) -> BANQUE | F11: =VLOOKUP($A11,[6]HISTOJANV25!$A$6:$AV$47,36,0) -> 0 | G11: =VLOOKUP($A11,[6]HISTOJANV25!$A$6:$AV$47,39,0) -> 0 | H11: =IF(G11=0,"",VLOOKUP($A11,[6]HISTOFEV25!$A$6:$AV$47,42,0)) | I11: =VLOOKUP($A11,[6]HISTOJANV25!$A$6:$AV$47,41,0) -> 0 | K11: =VLOOKUP($A11,[6]HISTOJANV25!$A$6:$AV$47,17,0) -> 0 | L11: =IF(K11<>0,VLOOKUP($A11,[6]HISTOJANV25!$A$6:$BB$47,9,0),"ECHEC") -> ECHEC | M11: =IF(P11=0,0,VLOOKUP($A11,[6]HISTOJANV25!$A$6:$AV$47,32,0)) -> 0 | N11: =VLOOKUP($A11,[6]HISTOJANV25!$A$6:$AV$47,33,0) -> 0 | O11: =IF(P11=0,0,($C$3-P11)) -> 0 | P11: =VLOOKUP($A11,[6]HISTOJANV25!$A$6:$AV$47,30,0) -> 0
A12: AS201621 | B12: =IF(D12=0,0,VLOOKUP($A12,[6]HISTOJANV25!$A$6:$BB$47,12,0)) -> 1 | C12: =VLOOKUP(A12,[7]LISTADHERENT!A$5:H$60,3,0) -> NANKAM APPOLINAIRE | D12: =IF(E12="ECHEC",0,VLOOKUP($A12,[6]HISTOJANV25!$A$6:$AR$47,13,0)) -> 75000 | E12: =VLOOKUP($A12,[6]HISTOJANV25!$A$6:$AV$47,9,0) -> BANQUE | F12: =VLOOKUP($A12,[6]HISTOJANV25!$A$6:$AV$47,36,0) -> 0 | G12: =VLOOKUP($A12,[6]HISTOJANV25!$A$6:$AV$47,39,0) -> 0 | H12: =IF(G12=0,"",VLOOKUP($A12,[6]HISTOFEV25!$A$6:$AV$47,42,0)) | I12: =VLOOKUP($A12,[6]HISTOJANV25!$A$6:$AV$47,41,0) -> 0 | K12: =VLOOKUP($A12,[6]HISTOJANV25!$A$6:$AV$47,17,0) -> 0 | L12: =IF(K12<>0,VLOOKUP($A12,[6]HISTOJANV25!$A$6:$BB$47,9,0),"ECHEC") -> ECHEC | M12: =IF(P12=0,0,VLOOKUP($A12,[6]HISTOJANV25!$A$6:$AV$47,32,0)) -> BANQUE | N12: =VLOOKUP($A12,[6]HISTOJANV25!$A$6:$AV$47,33,0) -> 0 | O12: =IF(P12=0,0,($C$3-P12)) -> 892500 | P12: =VLOOKUP($A12,[6]HISTOJANV25!$A$6:$AV$47,30,0) -> 7500
A13: AS201624 | B13: =IF(D13=0,0,VLOOKUP($A13,[6]HISTOJANV25!$A$6:$BB$47,12,0)) -> 1 | C13: =VLOOKUP(A13,[7]LISTADHERENT!A$5:H$60,3,0) -> NGONDIEP CLAUDE | D13: =IF(E13="ECHEC",0,VLOOKUP($A13,[6]HISTOJANV25!$A$6:$AR$47,13,0)) -> 75000 | E13: =VLOOKUP($A13,[6]HISTOJANV25!$A$6:$AV$47,9,0) -> BANQUE | F13: =VLOOKUP($A13,[6]HISTOJANV25!$A$6:$AV$47,36,0) -> 0 | G13: =VLOOKUP($A13,[6]HISTOJANV25!$A$6:$AV$47,39,0) -> 0 | H13: =IF(G13=0,"",VLOOKUP($A13,[6]HISTOFEV25!$A$6:$AV$47,42,0)) | I13: =VLOOKUP($A13,[6]HISTOJANV25!$A$6:$AV$47,41,0) -> 0 | K13: =VLOOKUP($A13,[6]HISTOJANV25!$A$6:$AV$47,17,0) -> 0 | L13: =IF(K13<>0,VLOOKUP($A13,[6]HISTOJANV25!$A$6:$BB$47,9,0),"ECHEC") -> ECHEC | M13: =IF(P13=0,0,VLOOKUP($A13,[6]HISTOJANV25!$A$6:$AV$47,32,0)) -> 0 | N13: =VLOOKUP($A13,[6]HISTOJANV25!$A$6:$AV$47,33,0) -> 0 | O13: =IF(P13=0,0,($C$3-P13)) -> 0 | P13: =VLOOKUP($A13,[6]HISTOJANV25!$A$6:$AV$47,30,0) -> 0
A14: AS201633 | B14: =IF(D14=0,0,VLOOKUP($A14,[6]HISTOJANV25!$A$6:$BB$47,12,0)) -> 1 | C14: =VLOOKUP(A14,[7]LISTADHERENT!A$5:H$60,3,0) -> PATEGO NJOSSU GUSTAVE | D14: =IF(E14="ECHEC",0,VLOOKUP($A14,[6]HISTOJANV25!$A$6:$AR$47,13,0)) -> 75000 | E14: =VLOOKUP($A14,[6]HISTOJANV25!$A$6:$AV$47,9,0) -> BANQUE | F14: =VLOOKUP($A14,[6]HISTOJANV25!$A$6:$AV$47,36,0) -> 0 | G14: =VLOOKUP($A14,[6]HISTOJANV25!$A$6:$AV$47,39,0) -> 0 | H14: =IF(G14=0,"",VLOOKUP($A14,[6]HISTOFEV25!$A$6:$AV$47,42,0)) | I14: =VLOOKUP($A14,[6]HISTOJANV25!$A$6:$AV$47,41,0) -> 0 | K14: =VLOOKUP($A14,[6]HISTOJANV25!$A$6:$AV$47,17,0) -> 0 | L14: =IF(K14<>0,VLOOKUP($A14,[6]HISTOJANV25!$A$6:$BB$47,9,0),"ECHEC") -> ECHEC | M14: =IF(P14=0,0,VLOOKUP($A14,[6]HISTOJANV25!$A$6:$AV$47,32,0)) -> 0 | N14: =VLOOKUP($A14,[6]HISTOJANV25!$A$6:$AV$47,33,0) -> 0 | O14: =IF(P14=0,0,($C$3-P14)) -> 0 | P14: =VLOOKUP($A14,[6]HISTOJANV25!$A$6:$AV$47,30,0) -> 0
A15: AS201641 | B15: =IF(D15=0,0,VLOOKUP($A15,[6]HISTOJANV25!$A$6:$BB$47,12,0)) -> 1 | C15: =VLOOKUP(A15,[7]LISTADHERENT!A$5:H$60,3,0) -> TCHOUAMOU MATHIEU | D15: =IF(E15="ECHEC",0,VLOOKUP($A15,[6]HISTOJANV25!$A$6:$AR$47,13,0)) -> 75000 | E15: =VLOOKUP($A15,[6]HISTOJANV25!$A$6:$AV$47,9,0) -> BANQUE | F15: =VLOOKUP($A15,[6]HISTOJANV25!$A$6:$AV$47,36,0) -> 0 | G15: =VLOOKUP($A15,[6]HISTOJANV25!$A$6:$AV$47,39,0) -> 0 | H15: =IF(G15=0,"",VLOOKUP($A15,[6]HISTOFEV25!$A$6:$AV$47,42,0)) | I15: =VLOOKUP($A15,[6]HISTOJANV25!$A$6:$AV$47,41,0) -> 0 | K15: =VLOOKUP($A15,[6]HISTOJANV25!$A$6:$AV$47,17,0) -> 0 | L15: =IF(K15<>0,VLOOKUP($A15,[6]HISTOJANV25!$A$6:$BB$47,9,0),"ECHEC") -> ECHEC | M15: =IF(P15=0,0,VLOOKUP($A15,[6]HISTOJANV25!$A$6:$AV$47,32,0)) -> 0 | N15: =VLOOKUP($A15,[6]HISTOJANV25!$A$6:$AV$47,33,0) -> 0 | O15: =IF(P15=0,0,($C$3-P15)) -> 0 | P15: =VLOOKUP($A15,[6]HISTOJANV25!$A$6:$AV$47,30,0) -> 0
A16: AS201658 | B16: =IF(D16=0,0,VLOOKUP($A16,[6]HISTOJANV25!$A$6:$BB$47,12,0)) -> 1 | C16: =VLOOKUP(A16,[7]LISTADHERENT!A$5:H$60,3,0) -> YANTCHOU GERVAIS | D16: =IF(E16="ECHEC",0,VLOOKUP($A16,[6]HISTOJANV25!$A$6:$AR$47,13,0)) -> 75000 | E16: =VLOOKUP($A16,[6]HISTOJANV25!$A$6:$AV$47,9,0) -> BANQUE | F16: =VLOOKUP($A16,[6]HISTOJANV25!$A$6:$AV$47,36,0) -> 0 | G16: =VLOOKUP($A16,[6]HISTOJANV25!$A$6:$AV$47,39,0) -> 0 | H16: =IF(G16=0,"",VLOOKUP($A16,[6]HISTOFEV25!$A$6:$AV$47,42,0)) | I16: =VLOOKUP($A16,[6]HISTOJANV25!$A$6:$AV$47,41,0) -> 0 | K16: =VLOOKUP($A16,[6]HISTOJANV25!$A$6:$AV$47,17,0) -> 0 | L16: =IF(K16<>0,VLOOKUP($A16,[6]HISTOJANV25!$A$6:$BB$47,9,0),"ECHEC") -> ECHEC | M16: =IF(P16=0,0,VLOOKUP($A16,[6]HISTOJANV25!$A$6:$AV$47,32,0)) -> 0 | N16: =VLOOKUP($A16,[6]HISTOJANV25!$A$6:$AV$47,33,0) -> 0 | O16: =IF(P16=0,0,($C$3-P16)) -> 0 | P16: =VLOOKUP($A16,[6]HISTOJANV25!$A$6:$AV$47,30,0) -> 0
A17: AS201647 | B17: =IF(D17=0,0,VLOOKUP($A17,[6]HISTOJANV25!$A$6:$BB$47,12,0)) -> 1 | C17: =VLOOKUP(A17,[7]LISTADHERENT!A$5:H$60,3,0) -> YOUMBI EMMANUEL | D17: =IF(E17="ECHEC",0,VLOOKUP($A17,[6]HISTOJANV25!$A$6:$AR$47,13,0)) -> 75000 | E17: =VLOOKUP($A17,[6]HISTOJANV25!$A$6:$AV$47,9,0) -> BANQUE | F17: =VLOOKUP($A17,[6]HISTOJANV25!$A$6:$AV$47,36,0) -> 0 | G17: =VLOOKUP($A17,[6]HISTOJANV25!$A$6:$AV$47,39,0) -> 0 | H17: =IF(G17=0,"",VLOOKUP($A17,[6]HISTOFEV25!$A$6:$AV$47,42,0)) | I17: =VLOOKUP($A17,[6]HISTOJANV25!$A$6:$AV$47,41,0) -> 0 | K17: =VLOOKUP($A17,[6]HISTOJANV25!$A$6:$AV$47,17,0) -> 0 | L17: =IF(K17<>0,VLOOKUP($A17,[6]HISTOJANV25!$A$6:$BB$47,9,0),"ECHEC") -> ECHEC | M17: =IF(P17=0,0,VLOOKUP($A17,[6]HISTOJANV25!$A$6:$AV$47,32,0)) -> 0 | N17: =VLOOKUP($A17,[6]HISTOJANV25!$A$6:$AV$47,33,0) -> 0 | O17: =IF(P17=0,0,($C$3-P17)) -> 0 | P17: =VLOOKUP($A17,[6]HISTOJANV25!$A$6:$AV$47,30,0) -> 0
A19: TOTAL PART | B19: =SUM(B6:B18) -> 13
A20: NBRE ADHERENT | B20: =COUNT(D6:D18) -> 12 | D20: =SUM(D6:D19) -> 975000 | E20: =SUM(E6:E19) -> 0 | F20: =SUM(F6:F19) -> 0 | G20: =SUM(G6:G19) -> 0 | H20: =SUM(H6:H19) -> 0 | I20: =SUM(I6:I19) -> 0 | J20: =SUM(J6:J19) -> 0 | K20: =SUM(K6:K19) -> 0 | ... P20: =SUM(P6:P19) -> 7500
L21: NBRE PART | M21: PART VENDUE
D22: MONTANT TONTINE | E22: REMBOURSEMENT PETIT LOT | F22: VENTE PETIT LOT | G22: VENTE LOT PRINCIPAL | H22: SOLDE EN CAISSE | J22: TONTINE + REMB + INTERET VENTE+RELIQUAT | K22: =D26+E26+P20 -> 982500
D23: =SUMIFS(D6:D19,E6:E19,"ESPECES") -> 0 | E23: =SUMIFS(K7:K14,L7:L14,"ESPECES") -> 0 | F23: =SUMIFS(F7:F19,H7:H19,"ESPECES") -> 0 | G23: =SUMIFS(O7:O19,M7:M19,"ESPECES") -> 0 | H23: =D23+E23-F23-G23 -> 0 | J23: LOT PRINCIPAL | K23: =C3*COUNTIF(O7:O19,">0") -> 900000 | L23: =D3 -> 1 | M23: =COUNTIF(O7:O14,">0") -> 1
D24: =SUMIFS(D6:D19,E6:E19,"BANQUE") -> 975000 | E24: =SUMIFS(K7:K14,L7:L14,"BANQUE") -> 0 | F24: =SUMIFS(F7:F19,H7:H19,"BANQUE") -> 0 | G24: =SUMIFS(O7:O19,M7:M19,"BANQUE") -> 892500 | H24: =D24+E24-F24-G24 -> 82500
J25: PETIT LOT | K25: =K22-K23 -> 82500
D26: =D23+D24 -> 975000 | E26: =E23+E24 -> 0 | F26: =F23+F24 -> 0 | G26: =G23+G24 -> 892500 | H26: =H23+H24 -> 82500
J27: RELIQUAT | K27: =K25-F20 -> 82500 | M27: =K27 -> 82500 | N27: CUMUL
J29: ECHEC TONTINE MOIS | K29: =COUNTIFS(E7:E18,"ECHEC")*75000 -> 0 | M29: =+K29 -> 0 | N29: CUMUL
J30: ECHEC REMBOURSEMENT MOIS | K30: =J20-E26 -> 0 | M30: =+K30 -> 0 | N30: CUMUL

Sheet TONTFEV25
A1: ASSOCIATION | B1: ASELBY
A2: ANNEE | B2: 2025 | C2: TONIINE | D2: NBRE PART
A3: TAUX TONTINE | B3: 75000 | C3: =B3*12 -> 900000 | D3: =ROUNDDOWN(K22/C3,0) -> 1
C4: 45701
A5: MATRICULE | B5: NBREPART | C5: NOM ET PRENOM | D5: MONTANT TONTINE | E5: MODE VERSEMENT | F5: VENTE PETIT LOT | G5: INTERET PETIT LOT | H5: MODE VERSEMENT VENTE PETIT LOT | I5: NUMERO CHEQUE | J5: MONTANT A REMBOURSER PETIT LOT | K5: REMBOURSEMENT PETIT LOT | L5: MODE VERSEMENT REMBOURSEMENT | M5: MODE VERSEMENTLOT PRINCIPAL | N5: NUMERO CHEQUE | O5: MONTANT LOT PRINCIPAL | P5: INTERET LOT PRINCIPAL
A6: AS201648 | B6: =IF(D6=0,0,VLOOKUP($A6,[6]HISTOFEV25!$A$6:$BB$47,12,0)) -> 2 | C6: =VLOOKUP(A6,[7]LISTADHERENT!A$5:H$60,3,0) -> ASELBY | D6: =IF(E6="ECHEC",0,VLOOKUP($A6,[6]HISTOFEV25!$A$6:$AR$47,13,0)) -> 150000 | E6: =VLOOKUP($A6,[6]HISTOFEV25!$A$6:$AV$47,9,0) -> BANQUE | F6: =VLOOKUP($A6,[6]HISTOFEV25!$A$6:$AV$47,36,0) -> 0 | G6: =VLOOKUP($A6,[6]HISTOFEV25!$A$6:$AV$47,39,0) -> 0 | H6: =IF(G6=0,"",VLOOKUP($A6,[6]HISTOFEV25!$A$6:$AV$47,42,0)) | I6: =VLOOKUP($A6,[6]HISTOFEV25!$A$6:$AV$47,41,0) -> 0 | J6: =+TONTJANV25!F6+TONTJANV25!G6 -> 0 | K6: =VLOOKUP($A6,[6]HISTOFEV25!$A$6:$AV$47,17,0) -> 0 | L6: =IF(K6<>0,VLOOKUP($A6,[6]HISTOFEV25!$A$6:$BB$47,42,0),"ECHEC") -> ECHEC | M6: =IF(P6=0,0,VLOOKUP($A6,[6]HISTOFEV25!$A$6:$AV$47,32,0)) -> 0 | N6: =VLOOKUP($A6,[6]HISTOFEV25!$A$6:$AV$47,33,0) -> 0 | O6: =IF(P6=0,0,($C$3-P6)) -> 0 | P6: =VLOOKUP($A6,[6]HISTOFEV25!$A$6:$AV$47,30,0) -> 0
A7: AS201602 | B7: =IF(D7=0,0,VLOOKUP($A7,[6]HISTOFEV25!$A$6:$BB$47,12,0)) -> 1 | C7: =VLOOKUP(A7,[7]LISTADHERENT!A$5:H$60,3,0) -> BOUTCHOUANG WILLIAM | D7: =IF(E7="ECHEC",0,VLOOKUP($A7,[6]HISTOFEV25!$A$6:$AR$47,13,0)) -> 75000 | E7: =VLOOKUP($A7,[6]HISTOFEV25!$A$6:$AV$47,9,0) -> BANQUE | F7: =VLOOKUP($A7,[6]HISTOFEV25!$A$6:$AV$47,36,0) -> 100000 | G7: =VLOOKUP($A7,[6]HISTOFEV25!$A$6:$AV$47,39,0) -> 3000 | H7: =IF(G7=0,"",VLOOKUP($A7,[6]HISTOFEV25!$A$6:$AV$47,42,0)) -> BANQUE | I7: =VLOOKUP($A7,[6]HISTOFEV25!$A$6:$AV$47,41,0) -> 0 | J7: =+TONTJANV25!F7+TONTJANV25!G7 -> 0 | K7: =VLOOKUP($A7,[6]HISTOFEV25!$A$6:$AV$47,17,0) -> 0 | L7: =IF(K7<>0,VLOOKUP($A7,[6]HISTOFEV25!$A$6:$BB$47,42,0),"ECHEC") -> ECHEC | M7: =IF(P7=0,0,VLOOKUP($A7,[6]HISTOFEV25!$A$6:$AV$47,32,0)) -> 0 | N7: =VLOOKUP($A7,[6]HISTOFEV25!$A$6:$AV$47,33,0) -> 0 | O7: =IF(P7=0,0,($C$3-P7)) -> 0 | P7: =VLOOKUP($A7,[6]HISTOFEV25!$A$6:$AV$47,30,0) -> 0
A8: AS201613 | B8: =IF(D8=0,0,VLOOKUP($A8,[6]HISTOFEV25!$A$6:$BB$47,12,0)) -> 1 | C8: =VLOOKUP(A8,[7]LISTADHERENT!A$5:H$60,3,0) -> HOTCHO BENJAMIN | D8: =IF(E8="ECHEC",0,VLOOKUP($A8,[6]HISTOFEV25!$A$6:$AR$47,13,0)) -> 75000 | E8: =VLOOKUP($A8,[6]HISTOFEV25!$A$6:$AV$47,9,0) -> BANQUE | F8: =VLOOKUP($A8,[6]HISTOFEV25!$A$6:$AV$47,36,0) -> 0 | G8: =VLOOKUP($A8,[6]HISTOFEV25!$A$6:$AV$47,39,0) -> 0 | H8: =IF(G8=0,"",VLOOKUP($A8,[6]HISTOFEV25!$A$6:$AV$47,42,0)) | I8: =VLOOKUP($A8,[6]HISTOFEV25!$A$6:$AV$47,41,0) -> 0 | J8: =+TONTJANV25!F8+TONTJANV25!G8 -> 0 | K8: =VLOOKUP($A8,[6]HISTOFEV25!$A$6:$AV$47,17,0) -> 0 | L8: =IF(K8<>0,VLOOKUP($A8,[6]HISTOFEV25!$A$6:$BB$47,42,0),"ECHEC") -> ECHEC | M8: =IF(P8=0,0,VLOOKUP($A8,[6]HISTOFEV25!$A$6:$AV$47,32,0)) -> 0 | N8: =VLOOKUP($A8,[6]HISTOFEV25!$A$6:$AV$47,33,0) -> 0 | O8: =IF(P8=0,0,($C$3-P8)) -> 0 | P8: =VLOOKUP($A8,[6]HISTOFEV25!$A$6:$AV$47,30,0) -> 0
A9: AS201619 | B9: =IF(D9=0,0,VLOOKUP($A9,[6]HISTOFEV25!$A$6:$BB$47,12,0)) -> 1 | C9: =VLOOKUP(A9,[7]LISTADHERENT!A$5:H$60,3,0) -> KOUATCHO MESSACK | D9: =IF(E9="ECHEC",0,VLOOKUP($A9,[6]HISTOFEV25!$A$6:$AR$47,13,0)) -> 75000 | E9: =VLOOKUP($A9,[6]HISTOFEV25!$A$6:$AV$47,9,0) -> BANQUE | F9: =VLOOKUP($A9,[6]HISTOFEV25!$A$6:$AV$47,36,0) -> 53000 | G9: =VLOOKUP($A9,[6]HISTOFEV25!$A$6:$AV$47,39,0) -> 1500 | H9: =IF(G9=0,"",VLOOKUP($A9,[6]HISTOFEV25!$A$6:$AV$47,42,0)) -> BANQUE | I9: =VLOOKUP($A9,[6]HISTOFEV25!$A$6:$AV$47,41,0) -> 0 | J9: =+TONTJANV25!F9+TONTJANV25!G9 -> 0 | K9: =VLOOKUP($A9,[6]HISTOFEV25!$A$6:$AV$47,17,0) -> 0 | L9: =IF(K9<>0,VLOOKUP($A9,[6]HISTOFEV25!$A$6:$BB$47,42,0),"ECHEC") -> ECHEC | M9: =IF(P9=0,0,VLOOKUP($A9,[6]HISTOFEV25!$A$6:$AV$47,32,0)) -> 0 | N9: =VLOOKUP($A9,[6]HISTOFEV25!$A$6:$AV$47,33,0) -> 0 | O9: =IF(P9=0,0,($C$3-P9)) -> 0 | P9: =VLOOKUP($A9,[6]HISTOFEV25!$A$6:$AV$47,30,0) -> 0
A10: AS201611 | B10: =IF(D10=0,0,VLOOKUP($A10,[6]HISTOFEV25!$A$6:$BB$47,12,0)) -> 1 | C10: =VLOOKUP(A10,[7]LISTADHERENT!A$5:H$60,3,0) -> HENGUE PAUL OMER | D10: =IF(E10="ECHEC",0,VLOOKUP($A10,[6]HISTOFEV25!$A$6:$AR$47,13,0)) -> 75000 | E10: =VLOOKUP($A10,[6]HISTOFEV25!$A$6:$AV$47,9,0) -> BANQUE | F10: =VLOOKUP($A10,[6]HISTOFEV25!$A$6:$AV$47,36,0) -> 0 | G10: =VLOOKUP($A10,[6]HISTOFEV25!$A$6:$AV$47,39,0) -> 0 | H10: =IF(G10=0,"",VLOOKUP($A10,[6]HISTOFEV25!$A$6:$AV$47,42,0)) | I10: =VLOOKUP($A10,[6]HISTOFEV25!$A$6:$AV$47,41,0) -> 0 | J10: =+TONTJANV25!F10+TONTJANV25!G10 -> 0 | K10: =VLOOKUP($A10,[6]HISTOFEV25!$A$6:$AV$47,17,0) -> 0 | L10: =IF(K10<>0,VLOOKUP($A10,[6]HISTOFEV25!$A$6:$BB$47,42,0),"ECHEC") -> ECHEC | M10: =IF(P10=0,0,VLOOKUP($A10,[6]HISTOFEV25!$A$6:$AV$47,32,0)) -> 0 | N10: =VLOOKUP($A10,[6]HISTOFEV25!$A$6:$AV$47,33,0) -> 0 | O10: =IF(P10=0,0,($C$3-P10)) -> 0 | P10: =VLOOKUP($A10,[6]HISTOFEV25!$A$6:$AV$47,30,0) -> 0
A11: AS201649 | B11: =IF(D11=0,0,VLOOKUP($A11,[6]HISTOFEV25!$A$6:$BB$47,12,0)) -> 1 | C11: =VLOOKUP(A11,[7]LISTADHERENT!A$5:H$60,3,0) -> MBOGNING TUGMA GUY | D11: =IF(E11="ECHEC",0,VLOOKUP($A11,[6]HISTOFEV25!$A$6:$AR$47,13,0)) -> 75000 | E11: =VLOOKUP($A11,[6]HISTOFEV25!$A$6:$AV$47,9,0) -> BANQUE | F11: =VLOOKUP($A11,[6]HISTOFEV25!$A$6:$AV$47,36,0) -> 50000 | G11: =VLOOKUP($A11,[6]HISTOFEV25!$A$6:$AV$47,39,0) -> 1000 | H11: =IF(G11=0,"",VLOOKUP($A11,[6]HISTOFEV25!$A$6:$AV$47,42,0)) -> BANQUE | I11: =VLOOKUP($A11,[6]HISTOFEV25!$A$6:$AV$47,41,0) -> 0 | J11: =+TONTJANV25!F11+TONTJANV25!G11 -> 0 | K11: =VLOOKUP($A11,[6]HISTOFEV25!$A$6:$AV$47,17,0) -> 0 | L11: =IF(K11<>0,VLOOKUP($A11,[6]HISTOFEV25!$A$6:$BB$47,42,0),"ECHEC") -> ECHEC | M11: =IF(P11=0,0,VLOOKUP($A11,[6]HISTOFEV25!$A$6:$AV$47,32,0)) -> BANQUE | N11: =VLOOKUP($A11,[6]HISTOFEV25!$A$6:$AV$47,33,0) -> 0 | O11: =IF(P11=0,0,($C$3-P11)) -> 855000 | P11: =VLOOKUP($A11,[6]HISTOFEV25!$A$6:$AV$47,30,0) -> 45000
A12: AS201621 | B12: =IF(D12=0,0,VLOOKUP($A12,[6]HISTOFEV25!$A$6:$BB$47,12,0)) -> 1 | C12: =VLOOKUP(A12,[7]LISTADHERENT!A$5:H$60,3,0) -> NANKAM APPOLINAIRE | D12: =IF(E12="ECHEC",0,VLOOKUP($A12,[6]HISTOFEV25!$A$6:$AR$47,13,0)) -> 75000 | E12: =VLOOKUP($A12,[6]HISTOFEV25!$A$6:$AV$47,9,0) -> BANQUE | F12: =VLOOKUP($A12,[6]HISTOFEV25!$A$6:$AV$47,36,0) -> 0 | G12: =VLOOKUP($A12,[6]HISTOFEV25!$A$6:$AV$47,39,0) -> 0 | H12: =IF(G12=0,"",VLOOKUP($A12,[6]HISTOFEV25!$A$6:$AV$47,42,0)) | I12: =VLOOKUP($A12,[6]HISTOFEV25!$A$6:$AV$47,41,0) -> 0 | J12: =+TONTJANV25!F12+TONTJANV25!G12 -> 0 | K12: =VLOOKUP($A12,[6]HISTOFEV25!$A$6:$AV$47,17,0) -> 0 | L12: =IF(K12<>0,VLOOKUP($A12,[6]HISTOFEV25!$A$6:$BB$47,42,0),"ECHEC") -> ECHEC | M12: =IF(P12=0,0,VLOOKUP($A12,[6]HISTOFEV25!$A$6:$AV$47,32,0)) -> 0 | N12: =VLOOKUP($A12,[6]HISTOFEV25!$A$6:$AV$47,33,0) -> 0 | O12: =IF(P12=0,0,($C$3-P12)) -> 0 | P12: =VLOOKUP($A12,[6]HISTOFEV25!$A$6:$AV$47,30,0) -> 0
A13: AS201624 | B13: =IF(D13=0,0,VLOOKUP($A13,[6]HISTOFEV25!$A$6:$BB$47,12,0)) -> 1 | C13: =VLOOKUP(A13,[7]LISTADHERENT!A$5:H$60,3,0) -> NGONDIEP CLAUDE | D13: =IF(E13="ECHEC",0,VLOOKUP($A13,[6]HISTOFEV25!$A$6:$AR$47,13,0)) -> 75000 | E13: =VLOOKUP($A13,[6]HISTOFEV25!$A$6:$AV$47,9,0) -> BANQUE | F13: =VLOOKUP($A13,[6]HISTOFEV25!$A$6:$AV$47,36,0) -> 0 | G13: =VLOOKUP($A13,[6]HISTOFEV25!$A$6:$AV$47,39,0) -> 0 | H13: =IF(G13=0,"",VLOOKUP($A13,[6]HISTOFEV25!$A$6:$AV$47,42,0)) | I13: =VLOOKUP($A13,[6]HISTOFEV25!$A$6:$AV$47,41,0) -> 0 | J13: =+TONTJANV25!F13+TONTJANV25!G13 -> 0 | K13: =VLOOKUP($A13,[6]HISTOFEV25!$A$6:$AV$47,17,0) -> 0 | L13: =IF(K13<>0,VLOOKUP($A13,[6]HISTOFEV25!$A$6:$BB$47,42,0),"ECHEC") -> ECHEC | M13: =IF(P13=0,0,VLOOKUP($A13,[6]HISTOFEV25!$A$6:$AV$47,32,0)) -> 0 | N13: =VLOOKUP($A13,[6]HISTOFEV25!$A$6:$AV$47,33,0) -> 0 | O13: =IF(P13=0,0,($C$3-P13)) -> 0 | P13: =VLOOKUP($A13,[6]HISTOFEV25!$A$6:$AV$47,30,0) -> 0
A14: AS201633 | B14: =IF(D14=0,0,VLOOKUP($A14,[6]HISTOFEV25!$A$6:$BB$47,12,0)) -> 1 | C14: =VLOOKUP(A14,[7]LISTADHERENT!A$5:H$60,3,0) -> PATEGO NJOSSU GUSTAVE | D14: =IF(E14="ECHEC",0,VLOOKUP($A14,[6]HISTOFEV25!$A$6:$AR$47,13,0)) -> 75000 | E14: =VLOOKUP($A14,[6]HISTOFEV25!$A$6:$AV$47,9,0) -> BANQUE | F14: =VLOOKUP($A14,[6]HISTOFEV25!$A$6:$AV$47,36,0) -> 0 | G14: =VLOOKUP($A14,[6]HISTOFEV25!$A$6:$AV$47,39,0) -> 0 | H14: =IF(G14=0,"",VLOOKUP($A14,[6]HISTOFEV25!$A$6:$AV$47,42,0)) | I14: =VLOOKUP($A14,[6]HISTOFEV25!$A$6:$AV$47,41,0) -> 0 | J14: =+TONTJANV25!F14+TONTJANV25!G14 -> 0 | K14: =VLOOKUP($A14,[6]HISTOFEV25!$A$6:$AV$47,17,0) -> 0 | L14: =IF(K14<>0,VLOOKUP($A14,[6]HISTOFEV25!$A$6:$BB$47,42,0),"ECHEC") -> ECHEC | M14: =IF(P14=0,0,VLOOKUP($A14,[6]HISTOFEV25!$A$6:$AV$47,32,0)) -> 0 | N14: =VLOOKUP($A14,[6]HISTOFEV25!$A$6:$AV$47,33,0) -> 0 | O14: =IF(P14=0,0,($C$3-P14)) -> 0 | P14: =VLOOKUP($A14,[6]HISTOFEV25!$A$6:$AV$47,30,0) -> 0
A15: AS201641 | B15: =IF(D15=0,0,VLOOKUP($A15,[6]HISTOFEV25!$A$6:$BB$47,12,0)) -> 1 | C15: =VLOOKUP(A15,[7]LISTADHERENT!A$5:H$60,3,0) -> TCHOUAMOU MATHIEU | D15: =IF(E15="ECHEC",0,VLOOKUP($A15,[6]HISTOFEV25!$A$6:$AR$47,13,0)) -> 75000 | E15: =VLOOKUP($A15,[6]HISTOFEV25!$A$6:$AV$47,9,0) -> BANQUE | F15: =VLOOKUP($A15,[6]HISTOFEV25!$A$6:$AV$47,36,0) -> 0 | G15: =VLOOKUP($A15,[6]HISTOFEV25!$A$6:$AV$47,39,0) -> 0 | H15: =IF(G15=0,"",VLOOKUP($A15,[6]HISTOFEV25!$A$6:$AV$47,42,0)) | I15: =VLOOKUP($A15,[6]HISTOFEV25!$A$6:$AV$47,41,0) -> 0 | J15: =+TONTJANV25!F15+TONTJANV25!G15 -> 0 | K15: =VLOOKUP($A15,[6]HISTOFEV25!$A$6:$AV$47,17,0) -> 0 | L15: =IF(K15<>0,VLOOKUP($A15,[6]HISTOFEV25!$A$6:$BB$47,42,0),"ECHEC") -> ECHEC | M15: =IF(P15=0,0,VLOOKUP($A15,[6]HISTOFEV25!$A$6:$AV$47,32,0)) -> 0 | N15: =VLOOKUP($A15,[6]HISTOFEV25!$A$6:$AV$47,33,0) -> 0 | O15: =IF(P15=0,0,($C$3-P15)) -> 0 | P15: =VLOOKUP($A15,[6]HISTOFEV25!$A$6:$AV$47,30,0) -> 0
A16: AS201658 | B16: =IF(D16=0,0,VLOOKUP($A16,[6]HISTOFEV25!$A$6:$BB$47,12,0)) -> 1 | C16: =VLOOKUP(A16,[7]LISTADHERENT!A$5:H$60,3,0) -> YANTCHOU GERVAIS | D16: =IF(E16="ECHEC",0,VLOOKUP($A16,[6]HISTOFEV25!$A$6:$AR$47,13,0)) -> 75000 | E16: =VLOOKUP($A16,[6]HISTOFEV25!$A$6:$AV$47,9,0) -> BANQUE | F16: =VLOOKUP($A16,[6]HISTOFEV25!$A$6:$AV$47,36,0) -> 0 | G16: =VLOOKUP($A16,[6]HISTOFEV25!$A$6:$AV$47,39,0) -> 0 | H16: =IF(G16=0,"",VLOOKUP($A16,[6]HISTOFEV25!$A$6:$AV$47,42,0)) | I16: =VLOOKUP($A16,[6]HISTOFEV25!$A$6:$AV$47,41,0) -> 0 | J16: =+TONTJANV25!F16+TONTJANV25!G16 -> 0 | K16: =VLOOKUP($A16,[6]HISTOFEV25!$A$6:$AV$47,17,0) -> 0 | L16: =IF(K16<>0,VLOOKUP($A16,[6]HISTOFEV25!$A$6:$BB$47,42,0),"ECHEC") -> ECHEC | M16: =IF(P16=0,0,VLOOKUP($A16,[6]HISTOFEV25!$A$6:$AV$47,32,0)) -> 0 | N16: =VLOOKUP($A16,[6]HISTOFEV25!$A$6:$AV$47,33,0) -> 0 | O16: =IF(P16=0,0,($C$3-P16)) -> 0 | P16: =VLOOKUP($A16,[6]HISTOFEV25!$A$6:$AV$47,30,0) -> 0
A17: AS201647 | B17: =IF(D17=0,0,VLOOKUP($A17,[6]HISTOFEV25!$A$6:$BB$47,12,0)) -> 1 | C17: =VLOOKUP(A17,[7]LISTADHERENT!A$5:H$60,3,0) -> YOUMBI EMMANUEL | D17: =IF(E17="ECHEC",0,VLOOKUP($A17,[6]HISTOFEV25!$A$6:$AR$47,13,0)) -> 75000 | E17: =VLOOKUP($A17,[6]HISTOFEV25!$A$6:$AV$47,9,0) -> BANQUE | F17: =VLOOKUP($A17,[6]HISTOFEV25!$A$6:$AV$47,36,0) -> 0 | G17: =VLOOKUP($A17,[6]HISTOFEV25!$A$6:$AV$47,39,0) -> 0 | H17: =IF(G17=0,"",VLOOKUP($A17,[6]HISTOFEV25!$A$6:$AV$47,42,0)) | I17: =VLOOKUP($A17,[6]HISTOFEV25!$A$6:$AV$47,41,0) -> 0 | J17: =+TONTJANV25!F17+TONTJANV25!G17 -> 0 | K17: =VLOOKUP($A17,[6]HISTOFEV25!$A$6:$AV$47,17,0) -> 0 | L17: =IF(K17<>0,VLOOKUP($A17,[6]HISTOFEV25!$A$6:$BB$47,42,0),"ECHEC") -> ECHEC | M17: =IF(P17=0,0,VLOOKUP($A17,[6]HISTOFEV25!$A$6:$AV$47,32,0)) -> 0 | N17: =VLOOKUP($A17,[6]HISTOFEV25!$A$6:$AV$47,33,0) -> 0 | O17: =IF(P17=0,0,($C$3-P17)) -> 0 | P17: =VLOOKUP($A17,[6]HISTOFEV25!$A$6:$AV$47,30,0) -> 0
A19: TOTAL PART | B19: =SUM(B6:B18) -> 13
A20: NBRE ADHERENT | B20: =COUNT(D6:D18) -> 12 | D20: =SUM(D6:D19)+75000+625 -> 1050625 | E20: =SUM(E6:E19) -> 0 | F20: =SUM(F6:F19) -> 203000 | G20: =SUM(G6:G19) -> 5500 | H20: =SUM(H6:H19) -> 0 | I20: =SUM(I6:I19) -> 0 | J20: =SUM(J6:J19) -> 0 | K20: =SUM(K6:K19) -> 0 | L20: =SUM(L6:L19) -> 0 | ... P20: =SUM(P6:P19) -> 45000
L21: NBRE PART | M21: PART VENDUE
D22: MONTANT TONTINE | E22: REMBOURSEMENT PETIT LOT | F22: VENTE PETIT LOT | G22: VENTE LOT PRINCIPAL | H22: SOLDE EN CAISSE | J22: TONTINE + REMB + INTERET VENTE+RELIQUAT | K22: =D26+E26+P20+TONTJANV25!M27 -> 1178125
D23: =SUMIFS(D6:D19,E6:E19,"ESPECES") -> 0 | E23: =SUMIFS(K7:K14,L7:L14,"ESPECES") -> 0 | F23: =SUMIFS(F7:F19,H7:H19,"ESPECES") -> 0 | G23: =SUMIFS(O7:O19,M7:M19,"ESPECES") -> 0 | H23: =D23+E23-F23-G23 -> 0 | J23: LOT PRINCIPAL | K23: =C3*COUNTIF(O7:O19,">0") -> 900000 | L23: =D3 -> 1 | M23: =COUNTIF(O7:O14,">0") -> 1
D24: =+D20 -> 1050625 | E24: =SUMIFS(K7:K14,L7:L14,"BANQUE") -> 0 | F24: =SUMIFS(F7:F19,H7:H19,"BANQUE") -> 203000 | G24: =SUMIFS(O7:O19,M7:M19,"BANQUE") -> 855000 | H24: =D24+E24-F24-G24 -> -7375
J25: PETIT LOT | K25: =K22-K23 -> 278125
D26: =D23+D24 -> 1050625 | E26: =E23+E24 -> 0 | F26: =F23+F24 -> 203000 | G26: =G23+G24 -> 855000 | H26: =H23+H24 -> -7375
J27: RELIQUAT | K27: =K25-F20 -> 75125 | M27: -97500 | N27: CUMUL
J29: ECHEC TONTINE MOIS | K29: =COUNTIFS(E7:E18,"ECHEC")*75000 -> 0 | M29: =+K29+TONTJANV25!M29 -> 0 | N29: CUMUL
J30: ECHEC REMBOURSEMENT MOIS | K30: =J20-E26 -> 0 | M30: =+K30+TONTJANV25!M30 -> 0 | N30: CUMUL

Sheet TONTMARS25
A1: ASSOCIATION | B1: ASELBY
A2: ANNEE | B2: 2025 | C2: TONIINE | D2: NBRE PART
A3: TAUX TONTINE | B3: 75000 | C3: =B3*12 -> 900000 | D3: =ROUNDDOWN(K22/C3,0) -> 1
C4: 45729
A5: MATRICULE | B5: NBREPART | C5: NOM ET PRENOM | D5: MONTANT TONTINE | E5: MODE VERSEMENT | F5: VENTE PETIT LOT | G5: INTERET PETIT LOT | H5: MODE VERSEMENT VENTE PETIT LOT | I5: NUMERO CHEQUE | J5: MONTANT A REMBOURSER PETIT LOT | K5: REMBOURSEMENT PETIT LOT | L5: MODE VERSEMENT REMBOURSEMENT | M5: MODE VERSEMENTLOT PRINCIPAL | N5: NUMERO CHEQUE | O5: MONTANT LOT PRINCIPAL | P5: INTERET LOT PRINCIPAL
A6: AS201648 | B6: =IF(D6=0,0,VLOOKUP($A6,[6]HISTOMARS25!$A$6:$BB$47,12,0)) -> 2 | C6: =VLOOKUP(A6,[7]LISTADHERENT!A$5:H$60,3,0) -> ASELBY | D6: =IF(E6="ECHEC",0,VLOOKUP($A6,[6]HISTOMARS25!$A$6:$AR$47,13,0)) -> 150000 | E6: =VLOOKUP($A6,[6]HISTOMARS25!$A$6:$AV$47,9,0) -> BANQUE | F6: =VLOOKUP($A6,[6]HISTOMARS25!$A$6:$AV$47,36,0) -> 0 | G6: =VLOOKUP($A6,[6]HISTOMARS25!$A$6:$AV$47,39,0) -> 0 | H6: =IF(G6=0,"",VLOOKUP($A6,[6]HISTOFEV25!$A$6:$AV$47,42,0)) | I6: =VLOOKUP($A6,[6]HISTOMARS25!$A$6:$AV$47,41,0) -> 0 | J6: =+TONTFEV25!F6+TONTFEV25!G6 -> 0 | K6: =VLOOKUP($A6,[6]HISTOMARS25!$A$6:$AV$47,17,0) -> 0 | L6: =IF(K6<>0,VLOOKUP($A6,[6]HISTOMARS25!$A$6:$BB$47,42,0),"ECHEC") -> ECHEC | M6: =IF(P6=0,0,VLOOKUP($A6,[6]HISTOMARS25!$A$6:$AV$47,32,0)) -> 0 | N6: =VLOOKUP($A6,[6]HISTOMARS25!$A$6:$AV$47,33,0) -> 0 | O6: =IF(P6=0,0,($C$3-P6)) -> 0 | P6: =VLOOKUP($A6,[6]HISTOMARS25!$A$6:$AV$47,30,0) -> 0
A7: AS201602 | B7: =IF(D7=0,0,VLOOKUP($A7,[6]HISTOMARS25!$A$6:$BB$47,12,0)) -> 1 | C7: =VLOOKUP(A7,[7]LISTADHERENT!A$5:H$60,3,0) -> BOUTCHOUANG WILLIAM | D7: =IF(E7="ECHEC",0,VLOOKUP($A7,[6]HISTOMARS25!$A$6:$AR$47,13,0)) -> 75000 | E7: =VLOOKUP($A7,[6]HISTOMARS25!$A$6:$AV$47,9,0) -> BANQUE | F7: =VLOOKUP($A7,[6]HISTOMARS25!$A$6:$AV$47,36,0) -> 0 | G7: =VLOOKUP($A7,[6]HISTOMARS25!$A$6:$AV$47,39,0) -> 0 | H7: =IF(G7=0,"",VLOOKUP($A7,[6]HISTOFEV25!$A$6:$AV$47,42,0)) | I7: =VLOOKUP($A7,[6]HISTOMARS25!$A$6:$AV$47,41,0) -> 0 | J7: =+TONTFEV25!F7+TONTFEV25!G7 -> 103000 | K7: =VLOOKUP($A7,[6]HISTOMARS25!$A$6:$AV$47,17,0) -> 103000 | L7: =IF(K7<>0,VLOOKUP($A7,[6]HISTOMARS25!$A$6:$BB$47,42,0),"ECHEC") -> BANQUE | M7: =IF(P7=0,0,VLOOKUP($A7,[6]HISTOMARS25!$A$6:$AV$47,32,0)) -> 0 | N7: =VLOOKUP($A7,[6]HISTOMARS25!$A$6:$AV$47,33,0) -> 0 | O7: =IF(P7=0,0,($C$3-P7)) -> 0 | P7: =VLOOKUP($A7,[6]HISTOMARS25!$A$6:$AV$47,30,0) -> 0
A8: AS201613 | B8: =IF(D8=0,0,VLOOKUP($A8,[6]HISTOMARS25!$A$6:$BB$47,12,0)) -> 1 | C8: =VLOOKUP(A8,[7]LISTADHERENT!A$5:H$60,3,0) -> HOTCHO BENJAMIN | D8: =IF(E8="ECHEC",0,VLOOKUP($A8,[6]HISTOMARS25!$A$6:$AR$47,13,0)) -> 75000 | E8: =VLOOKUP($A8,[6]HISTOMARS25!$A$6:$AV$47,9,0) -> BANQUE | F8: =VLOOKUP($A8,[6]HISTOMARS25!$A$6:$AV$47,36,0) -> 91125 | G8: =VLOOKUP($A8,[6]HISTOMARS25!$A$6:$AV$47,39,0) -> 2000 | H8: =IF(G8=0,"",VLOOKUP($A8,[6]HISTOFEV25!$A$6:$AV$47,42,0)) -> 0 | I8: =VLOOKUP($A8,[6]HISTOMARS25!$A$6:$AV$47,41,0) -> 0 | J8: =+TONTFEV25!F8+TONTFEV25!G8 -> 0 | K8: =VLOOKUP($A8,[6]HISTOMARS25!$A$6:$AV$47,17,0) -> 0 | L8: =IF(K8<>0,VLOOKUP($A8,[6]HISTOMARS25!$A$6:$BB$47,42,0),"ECHEC") -> ECHEC | M8: =IF(P8=0,0,VLOOKUP($A8,[6]HISTOMARS25!$A$6:$AV$47,32,0)) -> BANQUE | N8: =VLOOKUP($A8,[6]HISTOMARS25!$A$6:$AV$47,33,0) -> 0 | O8: =IF(P8=0,0,($C$3-P8)) -> 892500 | P8: =VLOOKUP($A8,[6]HISTOMARS25!$A$6:$AV$47,30,0) -> 7500
A9: AS201619 | B9: =IF(D9=0,0,VLOOKUP($A9,[6]HISTOMARS25!$A$6:$BB$47,12,0)) -> 1 | C9: =VLOOKUP(A9,[7]LISTADHERENT!A$5:H$60,3,0) -> KOUATCHO MESSACK | D9: =IF(E9="ECHEC",0,VLOOKUP($A9,[6]HISTOMARS25!$A$6:$AR$47,13,0)) -> 75000 | E9: =VLOOKUP($A9,[6]HISTOMARS25!$A$6:$AV$47,9,0) -> BANQUE | F9: =VLOOKUP($A9,[6]HISTOMARS25!$A$6:$AV$47,36,0) -> 0 | G9: =VLOOKUP($A9,[6]HISTOMARS25!$A$6:$AV$47,39,0) -> 0 | H9: =IF(G9=0,"",VLOOKUP($A9,[6]HISTOFEV25!$A$6:$AV$47,42,0)) | I9: =VLOOKUP($A9,[6]HISTOMARS25!$A$6:$AV$47,41,0) -> 0 | J9: =+TONTFEV25!F9+TONTFEV25!G9 -> 54500 | K9: =VLOOKUP($A9,[6]HISTOMARS25!$A$6:$AV$47,17,0) -> 54500 | L9: =IF(K9<>0,VLOOKUP($A9,[6]HISTOMARS25!$A$6:$BB$47,42,0),"ECHEC") -> BANQUE | M9: =IF(P9=0,0,VLOOKUP($A9,[6]HISTOMARS25!$A$6:$AV$47,32,0)) -> 0 | N9: =VLOOKUP($A9,[6]HISTOMARS25!$A$6:$AV$47,33,0) -> 0 | O9: =IF(P9=0,0,($C$3-P9)) -> 0 | P9: =VLOOKUP($A9,[6]HISTOMARS25!$A$6:$AV$47,30,0) -> 0
A10: AS201611 | B10: =IF(D10=0,0,VLOOKUP($A10,[6]HISTOMARS25!$A$6:$BB$47,12,0)) -> 1 | C10: =VLOOKUP(A10,[7]LISTADHERENT!A$5:H$60,3,0) -> HENGUE PAUL OMER | D10: =IF(E10="ECHEC",0,VLOOKUP($A10,[6]HISTOMARS25!$A$6:$AR$47,13,0)) -> 75000 | E10: =VLOOKUP($A10,[6]HISTOMARS25!$A$6:$AV$47,9,0) -> BANQUE | F10: =VLOOKUP($A10,[6]HISTOMARS25!$A$6:$AV$47,36,0) -> 0 | G10: =VLOOKUP($A10,[6]HISTOMARS25!$A$6:$AV$47,39,0) -> 0 | H10: =IF(G10=0,"",VLOOKUP($A10,[6]HISTOFEV25!$A$6:$AV$47,42,0)) | I10: =VLOOKUP($A10,[6]HISTOMARS25!$A$6:$AV$47,41,0) -> 0 | J10: =+TONTFEV25!F10+TONTFEV25!G10 -> 0 | K10: =VLOOKUP($A10,[6]HISTOMARS25!$A$6:$AV$47,17,0) -> 0 | L10: =IF(K10<>0,VLOOKUP($A10,[6]HISTOMARS25!$A$6:$BB$47,42,0),"ECHEC") -> ECHEC | M10: =IF(P10=0,0,VLOOKUP($A10,[6]HISTOMARS25!$A$6:$AV$47,32,0)) -> 0 | N10: =VLOOKUP($A10,[6]HISTOMARS25!$A$6:$AV$47,33,0) -> 0 | O10: =IF(P10=0,0,($C$3-P10)) -> 0 | P10: =VLOOKUP($A10,[6]HISTOMARS25!$A$6:$AV$47,30,0) -> 0
A11: AS201649 | B11: =IF(D11=0,0,VLOOKUP($A11,[6]HISTOMARS25!$A$6:$BB$47,12,0)) -> 1 | C11: =VLOOKUP(A11,[7]LISTADHERENT!A$5:H$60,3,0) -> MBOGNING TUGMA GUY | D11: =IF(E11="ECHEC",0,VLOOKUP($A11,[6]HISTOMARS25!$A$6:$AR$47,13,0)) -> 75000 | E11: =VLOOKUP($A11,[6]HISTOMARS25!$A$6:$AV$47,9,0) -> BANQUE | F11: =VLOOKUP($A11,[6]HISTOMARS25!$A$6:$AV$47,36,0) -> 100000 | G11: =VLOOKUP($A11,[6]HISTOMARS25!$A$6:$AV$47,39,0) -> 2000 | H11: =IF(G11=0,"",VLOOKUP($A11,[6]HISTOFEV25!$A$6:$AV$47,42,0)) -> BANQUE | I11: =VLOOKUP($A11,[6]HISTOMARS25!$A$6:$AV$47,41,0) -> 0 | J11: =+TONTFEV25!F11+TONTFEV25!G11 -> 51000 | K11: =VLOOKUP($A11,[6]HISTOMARS25!$A$6:$AV$47,17,0) -> 51000 | L11: =IF(K11<>0,VLOOKUP($A11,[6]HISTOMARS25!$A$6:$BB$47,42,0),"ECHEC") -> BANQUE | M11: =IF(P11=0,0,VLOOKUP($A11,[6]HISTOMARS25!$A$6:$AV$47,32,0)) -> 0 | N11: =VLOOKUP($A11,[6]HISTOMARS25!$A$6:$AV$47,33,0) -> 0 | O11: =IF(P11=0,0,($C$3-P11)) -> 0 | P11: =VLOOKUP($A11,[6]HISTOMARS25!$A$6:$AV$47,30,0) -> 0
A12: AS201621 | B12: =IF(D12=0,0,VLOOKUP($A12,[6]HISTOMARS25!$A$6:$BB$47,12,0)) -> 1 | C12: =VLOOKUP(A12,[7]LISTADHERENT!A$5:H$60,3,0) -> NANKAM APPOLINAIRE | D12: =IF(E12="ECHEC",0,VLOOKUP($A12,[6]HISTOMARS25!$A$6:$AR$47,13,0)) -> 75000 | E12: =VLOOKUP($A12,[6]HISTOMARS25!$A$6:$AV$47,9,0) -> BANQUE | F12: =VLOOKUP($A12,[6]HISTOMARS25!$A$6:$AV$47,36,0) -> 0 | G12: =VLOOKUP($A12,[6]HISTOMARS25!$A$6:$AV$47,39,0) -> 0 | H12: =IF(G12=0,"",VLOOKUP($A12,[6]HISTOFEV25!$A$6:$AV$47,42,0)) | I12: =VLOOKUP($A12,[6]HISTOMARS25!$A$6:$AV$47,41,0) -> 0 | J12: =+TONTFEV25!F12+TONTFEV25!G12 -> 0 | K12: =VLOOKUP($A12,[6]HISTOMARS25!$A$6:$AV$47,17,0) -> 0 | L12: =IF(K12<>0,VLOOKUP($A12,[6]HISTOMARS25!$A$6:$BB$47,42,0),"ECHEC") -> ECHEC | M12: =IF(P12=0,0,VLOOKUP($A12,[6]HISTOMARS25!$A$6:$AV$47,32,0)) -> 0 | N12: =VLOOKUP($A12,[6]HISTOMARS25!$A$6:$AV$47,33,0) -> 0 | O12: =IF(P12=0,0,($C$3-P12)) -> 0 | P12: =VLOOKUP($A12,[6]HISTOMARS25!$A$6:$AV$47,30,0) -> 0
A13: AS201624 | B13: =IF(D13=0,0,VLOOKUP($A13,[6]HISTOMARS25!$A$6:$BB$47,12,0)) -> 1 | C13: =VLOOKUP(A13,[7]LISTADHERENT!A$5:H$60,3,0) -> NGONDIEP CLAUDE | D13: =IF(E13="ECHEC",0,VLOOKUP($A13,[6]HISTOMARS25!$A$6:$AR$47,13,0)) -> 75000 | E13: =VLOOKUP($A13,[6]HISTOMARS25!$A$6:$AV$47,9,0) -> BANQUE | F13: =VLOOKUP($A13,[6]HISTOMARS25!$A$6:$AV$47,36,0) -> 0 | G13: =VLOOKUP($A13,[6]HISTOMARS25!$A$6:$AV$47,39,0) -> 0 | H13: =IF(G13=0,"",VLOOKUP($A13,[6]HISTOFEV25!$A$6:$AV$47,42,0)) | I13: =VLOOKUP($A13,[6]HISTOMARS25!$A$6:$AV$47,41,0) -> 0 | J13: =+TONTFEV25!F13+TONTFEV25!G13 -> 0 | K13: =VLOOKUP($A13,[6]HISTOMARS25!$A$6:$AV$47,17,0) -> 0 | L13: =IF(K13<>0,VLOOKUP($A13,[6]HISTOMARS25!$A$6:$BB$47,42,0),"ECHEC") -> ECHEC | M13: =IF(P13=0,0,VLOOKUP($A13,[6]HISTOMARS25!$A$6:$AV$47,32,0)) -> 0 | N13: =VLOOKUP($A13,[6]HISTOMARS25!$A$6:$AV$47,33,0) -> 0 | O13: =IF(P13=0,0,($C$3-P13)) -> 0 | P13: =VLOOKUP($A13,[6]HISTOMARS25!$A$6:$AV$47,30,0) -> 0
A14: AS201633 | B14: =IF(D14=0,0,VLOOKUP($A14,[6]HISTOMARS25!$A$6:$BB$47,12,0)) -> 1 | C14: =VLOOKUP(A14,[7]LISTADHERENT!A$5:H$60,3,0) -> PATEGO NJOSSU GUSTAVE | D14: =IF(E14="ECHEC",0,VLOOKUP($A14,[6]HISTOMARS25!$A$6:$AR$47,13,0)) -> 75000 | E14: =VLOOKUP($A14,[6]HISTOMARS25!$A$6:$AV$47,9,0) -> BANQUE | F14: =VLOOKUP($A14,[6]HISTOMARS25!$A$6:$AV$47,36,0) -> 0 | G14: =VLOOKUP($A14,[6]HISTOMARS25!$A$6:$AV$47,39,0) -> 0 | H14: =IF(G14=0,"",VLOOKUP($A14,[6]HISTOFEV25!$A$6:$AV$47,42,0)) | I14: =VLOOKUP($A14,[6]HISTOMARS25!$A$6:$AV$47,41,0) -> 0 | J14: =+TONTFEV25!F14+TONTFEV25!G14 -> 0 | K14: =VLOOKUP($A14,[6]HISTOMARS25!$A$6:$AV$47,17,0) -> 0 | L14: =IF(K14<>0,VLOOKUP($A14,[6]HISTOMARS25!$A$6:$BB$47,42,0),"ECHEC") -> ECHEC | M14: =IF(P14=0,0,VLOOKUP($A14,[6]HISTOMARS25!$A$6:$AV$47,32,0)) -> 0 | N14: =VLOOKUP($A14,[6]HISTOMARS25!$A$6:$AV$47,33,0) -> 0 | O14: =IF(P14=0,0,($C$3-P14)) -> 0 | P14: =VLOOKUP($A14,[6]HISTOMARS25!$A$6:$AV$47,30,0) -> 0
A15: AS201641 | B15: =IF(D15=0,0,VLOOKUP($A15,[6]HISTOMARS25!$A$6:$BB$47,12,0)) -> 1 | C15: =VLOOKUP(A15,[7]LISTADHERENT!A$5:H$60,3,0) -> TCHOUAMOU MATHIEU | D15: =IF(E15="ECHEC",0,VLOOKUP($A15,[6]HISTOMARS25!$A$6:$AR$47,13,0)) -> 75000 | E15: =VLOOKUP($A15,[6]HISTOMARS25!$A$6:$AV$47,9,0) -> BANQUE | F15: =VLOOKUP($A15,[6]HISTOMARS25!$A$6:$AV$47,36,0) -> 100000 | G15: =VLOOKUP($A15,[6]HISTOMARS25!$A$6:$AV$47,39,0) -> 2000 | H15: =IF(G15=0,"",VLOOKUP($A15,[6]HISTOFEV25!$A$6:$AV$47,42,0)) -> 0 | I15: =VLOOKUP($A15,[6]HISTOMARS25!$A$6:$AV$47,41,0) -> 0 | J15: =+TONTFEV25!F15+TONTFEV25!G15 -> 0 | K15: =VLOOKUP($A15,[6]HISTOMARS25!$A$6:$AV$47,17,0) -> 0 | L15: =IF(K15<>0,VLOOKUP($A15,[6]HISTOMARS25!$A$6:$BB$47,42,0),"ECHEC") -> ECHEC | M15: =IF(P15=0,0,VLOOKUP($A15,[6]HISTOMARS25!$A$6:$AV$47,32,0)) -> 0 | N15: =VLOOKUP($A15,[6]HISTOMARS25!$A$6:$AV$47,33,0) -> 0 | O15: =IF(P15=0,0,($C$3-P15)) -> 0 | P15: =VLOOKUP($A15,[6]HISTOMARS25!$A$6:$AV$47,30,0) -> 0
A16: AS201658 | B16: =IF(D16=0,0,VLOOKUP($A16,[6]HISTOMARS25!$A$6:$BB$47,12,0)) -> 1 | C16: =VLOOKUP(A16,[7]LISTADHERENT!A$5:H$60,3,0) -> YANTCHOU GERVAIS | D16: =IF(E16="ECHEC",0,VLOOKUP($A16,[6]HISTOMARS25!$A$6:$AR$47,13,0)) -> 75000 | E16: =VLOOKUP($A16,[6]HISTOMARS25!$A$6:$AV$47,9,0) -> BANQUE | F16: =VLOOKUP($A16,[6]HISTOMARS25!$A$6:$AV$47,36,0) -> 0 | G16: =VLOOKUP($A16,[6]HISTOMARS25!$A$6:$AV$47,39,0) -> 0 | H16: =IF(G16=0,"",VLOOKUP($A16,[6]HISTOFEV25!$A$6:$AV$47,42,0)) | I16: =VLOOKUP($A16,[6]HISTOMARS25!$A$6:$AV$47,41,0) -> 0 | J16: =+TONTFEV25!F16+TONTFEV25!G16 -> 0 | K16: =VLOOKUP($A16,[6]HISTOMARS25!$A$6:$AV$47,17,0) -> 0 | L16: =IF(K16<>0,VLOOKUP($A16,[6]HISTOMARS25!$A$6:$BB$47,42,0),"ECHEC") -> ECHEC | M16: =IF(P16=0,0,VLOOKUP($A16,[6]HISTOMARS25!$A$6:$AV$47,32,0)) -> 0 | N16: =VLOOKUP($A16,[6]HISTOMARS25!$A$6:$AV$47,33,0) -> 0 | O16: =IF(P16=0,0,($C$3-P16)) -> 0 | P16: =VLOOKUP($A16,[6]HISTOMARS25!$A$6:$AV$47,30,0) -> 0
A17: AS201647 | B17: =IF(D17=0,0,VLOOKUP($A17,[6]HISTOMARS25!$A$6:$BB$47,12,0)) -> 1 | C17: =VLOOKUP(A17,[7]LISTADHERENT!A$5:H$60,3,0) -> YOUMBI EMMANUEL | D17: =IF(E17="ECHEC",0,VLOOKUP($A17,[6]HISTOMARS25!$A$6:$AR$47,13,0)) -> 75000 | E17: =VLOOKUP($A17,[6]HISTOMARS25!$A$6:$AV$47,9,0) -> BANQUE | F17: =VLOOKUP($A17,[6]HISTOMARS25!$A$6:$AV$47,36,0) -> 0 | G17: =VLOOKUP($A17,[6]HISTOMARS25!$A$6:$AV$47,39,0) -> 0 | H17: =IF(G17=0,"",VLOOKUP($A17,[6]HISTOFEV25!$A$6:$AV$47,42,0)) | I17: =VLOOKUP($A17,[6]HISTOMARS25!$A$6:$AV$47,41,0) -> 0 | J17: =+TONTFEV25!F17+TONTFEV25!G17 -> 0 | K17: =VLOOKUP($A17,[6]HISTOMARS25!$A$6:$AV$47,17,0) -> 0 | L17: =IF(K17<>0,VLOOKUP($A17,[6]HISTOMARS25!$A$6:$BB$47,42,0),"ECHEC") -> ECHEC | M17: =IF(P17=0,0,VLOOKUP($A17,[6]HISTOMARS25!$A$6:$AV$47,32,0)) -> 0 | N17: =VLOOKUP($A17,[6]HISTOMARS25!$A$6:$AV$47,33,0) -> 0 | O17: =IF(P17=0,0,($C$3-P17)) -> 0 | P17: =VLOOKUP($A17,[6]HISTOMARS25!$A$6:$AV$47,30,0) -> 0
A19: TOTAL PART | B19: =SUM(B6:B18) -> 13
A20: NBRE ADHERENT | B20: =COUNT(D6:D18) -> 12 | D20: =SUM(D6:D19) -> 975000 | E20: =SUM(E6:E19) -> 0 | F20: =SUM(F6:F19) -> 291125 | G20: =SUM(G6:G19) -> 6000 | H20: =SUM(H6:H19) -> 0 | I20: =SUM(I6:I19) -> 0 | J20: =SUM(J6:J19) -> 208500 | K20: =SUM(K6:K19) -> 208500 | ... P20: =SUM(P6:P19) -> 7500
L21: NBRE PART | M21: PART VENDUE
D22: MONTANT TONTINE | E22: REMBOURSEMENT PETIT LOT | F22: VENTE PETIT LOT | G22: VENTE LOT PRINCIPAL | H22: SOLDE EN CAISSE | J22: TONTINE + REMB + INTERET VENTE+RELIQUAT | K22: =D26+E26+P20+TONTFEV25!M27 -> 1093500
D23: =SUMIFS(D6:D19,E6:E19,"ESPECES") -> 0 | E23: =SUMIFS(K7:K14,L7:L14,"ESPECES") -> 0 | F23: =SUMIFS(F7:F19,H7:H19,"ESPECES") -> 0 | G23: =SUMIFS(O7:O19,M7:M19,"ESPECES") -> 0 | H23: =D23+E23-F23-G23 -> 0 | J23: LOT PRINCIPAL | K23: =C3*COUNTIF(O7:O19,">0") -> 900000 | L23: =D3 -> 1 | M23: =COUNTIF(O7:O14,">0") -> 1
D24: =SUMIFS(D6:D19,E6:E19,"BANQUE") -> 975000 | E24: =SUMIFS(K7:K14,L7:L14,"BANQUE") -> 208500 | F24: =SUMIFS(F7:F19,H7:H19,"BANQUE") -> 100000 | G24: =SUMIFS(O7:O19,M7:M19,"BANQUE") -> 892500 | H24: =D24+E24-F24-G24 -> 191000
J25: PETIT LOT | K25: =K22-K23 -> 193500
D26: =D23+D24 -> 975000 | E26: =E23+E24 -> 208500 | F26: =F23+F24 -> 100000 | G26: =G23+G24 -> 892500 | H26: =H23+H24 -> 191000
J27: RELIQUAT | K27: =K25-F20 -> -97625 | M27: =K27 -> -97625 | N27: CUMUL
J29: ECHEC TONTINE MOIS | K29: =COUNTIFS(E7:E18,"ECHEC")*75000 -> 0 | M29: =+K29+TONTFEV25!M29 -> 0 | N29: CUMUL
J30: ECHEC REMBOURSEMENT MOIS | K30: =J20-E26 -> 0 | M30: =+K30+TONTFEV25!M30 -> 0 | N30: CUMUL

Sheet TONTAVRIL25
A1: ASSOCIATION | B1: ASELBY
A2: ANNEE | B2: 2025 | C2: TONIINE | D2: NBRE PART
A3: TAUX TONTINE | B3: 75000 | C3: =B3*12 -> 900000 | D3: =ROUNDDOWN(K22/C3,0) -> 1
C4: 45760
A5: MATRICULE | B5: NBREPART | C5: NOM ET PRENOM | D5: MONTANT TONTINE | E5: MODE VERSEMENT | F5: VENTE PETIT LOT | G5: INTERET PETIT LOT | H5: MODE VERSEMENT VENTE PETIT LOT | I5: NUMERO CHEQUE | J5: MONTANT A REMBOURSER PETIT LOT | K5: REMBOURSEMENT PETIT LOT | L5: MODE VERSEMENT REMBOURSEMENT | M5: MODE VERSEMENTLOT PRINCIPAL | N5: NUMERO CHEQUE | O5: MONTANT LOT PRINCIPAL | P5: INTERET LOT PRINCIPAL
A6: AS201648 | B6: =IF(D6=0,0,VLOOKUP($A6,[6]HISTOAVRIL25!$A$6:$BB$47,12,0)) -> 2 | C6: =VLOOKUP(A6,[7]LISTADHERENT!A$5:H$60,3,0) -> ASELBY | D6: =IF(E6="ECHEC",0,VLOOKUP($A6,[6]HISTOAVRIL25!$A$6:$AR$47,13,0)) -> 150000 | E6: =VLOOKUP($A6,[6]HISTOAVRIL25!$A$6:$AV$47,9,0) -> BANQUE | F6: =VLOOKUP($A6,[6]HISTOAVRIL25!$A$6:$AV$47,36,0) -> 0 | G6: =VLOOKUP($A6,[6]HISTOAVRIL25!$A$6:$AV$47,39,0) -> 0 | H6: =IF(G6=0,"",VLOOKUP($A6,[6]HISTOFEV25!$A$6:$AV$47,42,0)) | I6: =VLOOKUP($A6,[6]HISTOAVRIL25!$A$6:$AV$47,41,0) -> 0 | J6: =+TONTMARS25!F6+TONTMARS25!G6 -> 0 | K6: =VLOOKUP($A6,[6]HISTOAVRIL25!$A$6:$AV$47,17,0) -> 0 | L6: =IF(K6<>0,VLOOKUP($A6,[6]HISTOAVRIL25!$A$6:$BB$47,42,0),"ECHEC") -> ECHEC | M6: =IF(P6=0,0,VLOOKUP($A6,[6]HISTOAVRIL25!$A$6:$AV$47,32,0)) -> 0 | N6: =VLOOKUP($A6,[6]HISTOAVRIL25!$A$6:$AV$47,33,0) -> 0 | O6: =IF(P6=0,0,($C$3-P6)) -> 0 | P6: =VLOOKUP($A6,[6]HISTOAVRIL25!$A$6:$AV$47,30,0) -> 0
A7: AS201602 | B7: =IF(D7=0,0,VLOOKUP($A7,[6]HISTOAVRIL25!$A$6:$BB$47,12,0)) -> 1 | C7: =VLOOKUP(A7,[7]LISTADHERENT!A$5:H$60,3,0) -> BOUTCHOUANG WILLIAM | D7: =IF(E7="ECHEC",0,VLOOKUP($A7,[6]HISTOAVRIL25!$A$6:$AR$47,13,0)) -> 75000 | E7: =VLOOKUP($A7,[6]HISTOAVRIL25!$A$6:$AV$47,9,0) -> BANQUE | F7: =VLOOKUP($A7,[6]HISTOAVRIL25!$A$6:$AV$47,36,0) -> 0 | G7: =VLOOKUP($A7,[6]HISTOAVRIL25!$A$6:$AV$47,39,0) -> 0 | H7: =IF(G7=0,"",VLOOKUP($A7,[6]HISTOFEV25!$A$6:$AV$47,42,0)) | I7: =VLOOKUP($A7,[6]HISTOAVRIL25!$A$6:$AV$47,41,0) -> 0 | J7: =+TONTMARS25!F7+TONTMARS25!G7 -> 0 | K7: =VLOOKUP($A7,[6]HISTOAVRIL25!$A$6:$AV$47,17,0) -> 0 | L7: =IF(K7<>0,VLOOKUP($A7,[6]HISTOAVRIL25!$A$6:$BB$47,42,0),"ECHEC") -> ECHEC | M7: =IF(P7=0,0,VLOOKUP($A7,[6]HISTOAVRIL25!$A$6:$AV$47,32,0)) -> 0 | N7: =VLOOKUP($A7,[6]HISTOAVRIL25!$A$6:$AV$47,33,0) -> 0 | O7: =IF(P7=0,0,($C$3-P7)) -> 0 | P7: =VLOOKUP($A7,[6]HISTOAVRIL25!$A$6:$AV$47,30,0) -> 0
A8: AS201613 | B8: =IF(D8=0,0,VLOOKUP($A8,[6]HISTOAVRIL25!$A$6:$BB$47,12,0)) -> 1 | C8: =VLOOKUP(A8,[7]LISTADHERENT!A$5:H$60,3,0) -> HOTCHO BENJAMIN | D8: =IF(E8="ECHEC",0,VLOOKUP($A8,[6]HISTOAVRIL25!$A$6:$AR$47,13,0)) -> 75000 | E8: =VLOOKUP($A8,[6]HISTOAVRIL25!$A$6:$AV$47,9,0) -> BANQUE | F8: =VLOOKUP($A8,[6]HISTOAVRIL25!$A$6:$AV$47,36,0) -> 50000 | G8: =VLOOKUP($A8,[6]HISTOAVRIL25!$A$6:$AV$47,39,0) -> 1000 | H8: =IF(G8=0,"",VLOOKUP($A8,[6]HISTOFEV25!$A$6:$AV$47,42,0)) -> 0 | I8: =VLOOKUP($A8,[6]HISTOAVRIL25!$A$6:$AV$47,41,0) -> 0 | J8: =+TONTMARS25!F8+TONTMARS25!G8 -> 93125 | K8: =VLOOKUP($A8,[6]HISTOAVRIL25!$A$6:$AV$47,17,0) -> 93125 | L8: =IF(K8<>0,VLOOKUP($A8,[6]HISTOAVRIL25!$A$6:$BB$47,42,0),"ECHEC") -> BANQUE | M8: =IF(P8=0,0,VLOOKUP($A8,[6]HISTOAVRIL25!$A$6:$AV$47,32,0)) -> 0 | N8: =VLOOKUP($A8,[6]HISTOAVRIL25!$A$6:$AV$47,33,0) -> 0 | O8: =IF(P8=0,0,($C$3-P8)) -> 0 | P8: =VLOOKUP($A8,[6]HISTOAVRIL25!$A$6:$AV$47,30,0) -> 0
A9: AS201619 | B9: =IF(D9=0,0,VLOOKUP($A9,[6]HISTOAVRIL25!$A$6:$BB$47,12,0)) -> 1 | C9: =VLOOKUP(A9,[7]LISTADHERENT!A$5:H$60,3,0) -> KOUATCHO MESSACK | D9: =IF(E9="ECHEC",0,VLOOKUP($A9,[6]HISTOAVRIL25!$A$6:$AR$47,13,0)) -> 75000 | E9: =VLOOKUP($A9,[6]HISTOAVRIL25!$A$6:$AV$47,9,0) -> BANQUE | F9: =VLOOKUP($A9,[6]HISTOAVRIL25!$A$6:$AV$47,36,0) -> 0 | G9: =VLOOKUP($A9,[6]HISTOAVRIL25!$A$6:$AV$47,39,0) -> 0 | H9: =IF(G9=0,"",VLOOKUP($A9,[6]HISTOFEV25!$A$6:$AV$47,42,0)) | I9: =VLOOKUP($A9,[6]HISTOAVRIL25!$A$6:$AV$47,41,0) -> 0 | J9: =+TONTMARS25!F9+TONTMARS25!G9 -> 0 | K9: =VLOOKUP($A9,[6]HISTOAVRIL25!$A$6:$AV$47,17,0) -> 0 | L9: =IF(K9<>0,VLOOKUP($A9,[6]HISTOAVRIL25!$A$6:$BB$47,42,0),"ECHEC") -> ECHEC | M9: =IF(P9=0,0,VLOOKUP($A9,[6]HISTOAVRIL25!$A$6:$AV$47,32,0)) -> BANQUE | N9: =VLOOKUP($A9,[6]HISTOAVRIL25!$A$6:$AV$47,33,0) -> 0 | O9: =IF(P9=0,0,($C$3-P9)) -> 892500 | P9: =VLOOKUP($A9,[6]HISTOAVRIL25!$A$6:$AV$47,30,0) -> 7500
A10: AS201611 | B10: =IF(D10=0,0,VLOOKUP($A10,[6]HISTOAVRIL25!$A$6:$BB$47,12,0)) -> 1 | C10: =VLOOKUP(A10,[7]LISTADHERENT!A$5:H$60,3,0) -> HENGUE PAUL OMER | D10: =IF(E10="ECHEC",0,VLOOKUP($A10,[6]HISTOAVRIL25!$A$6:$AR$47,13,0)) -> 75000 | E10: =VLOOKUP($A10,[6]HISTOAVRIL25!$A$6:$AV$47,9,0) -> BANQUE | F10: =VLOOKUP($A10,[6]HISTOAVRIL25!$A$6:$AV$47,36,0) -> 0 | G10: =VLOOKUP($A10,[6]HISTOAVRIL25!$A$6:$AV$47,39,0) -> 0 | H10: =IF(G10=0,"",VLOOKUP($A10,[6]HISTOFEV25!$A$6:$AV$47,42,0)) | I10: =VLOOKUP($A10,[6]HISTOAVRIL25!$A$6:$AV$47,41,0) -> 0 | J10: =+TONTMARS25!F10+TONTMARS25!G10 -> 0 | K10: =VLOOKUP($A10,[6]HISTOAVRIL25!$A$6:$AV$47,17,0) -> 0 | L10: =IF(K10<>0,VLOOKUP($A10,[6]HISTOAVRIL25!$A$6:$BB$47,42,0),"ECHEC") -> ECHEC | M10: =IF(P10=0,0,VLOOKUP($A10,[6]HISTOAVRIL25!$A$6:$AV$47,32,0)) -> 0 | N10: =VLOOKUP($A10,[6]HISTOAVRIL25!$A$6:$AV$47,33,0) -> 0 | O10: =IF(P10=0,0,($C$3-P10)) -> 0 | P10: =VLOOKUP($A10,[6]HISTOAVRIL25!$A$6:$AV$47,30,0) -> 0
A11: AS201649 | B11: =IF(D11=0,0,VLOOKUP($A11,[6]HISTOAVRIL25!$A$6:$BB$47,12,0)) -> 1 | C11: =VLOOKUP(A11,[7]LISTADHERENT!A$5:H$60,3,0) -> MBOGNING TUGMA GUY | D11: =IF(E11="ECHEC",0,VLOOKUP($A11,[6]HISTOAVRIL25!$A$6:$AR$47,13,0)) -> 75000 | E11: =VLOOKUP($A11,[6]HISTOAVRIL25!$A$6:$AV$47,9,0) -> BANQUE | F11: =VLOOKUP($A11,[6]HISTOAVRIL25!$A$6:$AV$47,36,0) -> 100000 | G11: =VLOOKUP($A11,[6]HISTOAVRIL25!$A$6:$AV$47,39,0) -> 2000 | H11: =IF(G11=0,"",VLOOKUP($A11,[6]HISTOFEV25!$A$6:$AV$47,42,0)) -> BANQUE | I11: =VLOOKUP($A11,[6]HISTOAVRIL25!$A$6:$AV$47,41,0) -> 0 | J11: =+TONTMARS25!F11+TONTMARS25!G11 -> 102000 | K11: =VLOOKUP($A11,[6]HISTOAVRIL25!$A$6:$AV$47,17,0) -> 102000 | L11: =IF(K11<>0,VLOOKUP($A11,[6]HISTOAVRIL25!$A$6:$BB$47,42,0),"ECHEC") -> BANQUE | M11: =IF(P11=0,0,VLOOKUP($A11,[6]HISTOAVRIL25!$A$6:$AV$47,32,0)) -> 0 | N11: =VLOOKUP($A11,[6]HISTOAVRIL25!$A$6:$AV$47,33,0) -> 0 | O11: =IF(P11=0,0,($C$3-P11)) -> 0 | P11: =VLOOKUP($A11,[6]HISTOAVRIL25!$A$6:$AV$47,30,0) -> 0
A12: AS201621 | B12: =IF(D12=0,0,VLOOKUP($A12,[6]HISTOAVRIL25!$A$6:$BB$47,12,0)) -> 1 | C12: =VLOOKUP(A12,[7]LISTADHERENT!A$5:H$60,3,0) -> NANKAM APPOLINAIRE | D12: =IF(E12="ECHEC",0,VLOOKUP($A12,[6]HISTOAVRIL25!$A$6:$AR$47,13,0)) -> 75000 | E12: =VLOOKUP($A12,[6]HISTOAVRIL25!$A$6:$AV$47,9,0) -> BANQUE | F12: =VLOOKUP($A12,[6]HISTOAVRIL25!$A$6:$AV$47,36,0) -> 0 | G12: =VLOOKUP($A12,[6]HISTOAVRIL25!$A$6:$AV$47,39,0) -> 0 | H12: =IF(G12=0,"",VLOOKUP($A12,[6]HISTOFEV25!$A$6:$AV$47,42,0)) | I12: =VLOOKUP($A12,[6]HISTOAVRIL25!$A$6:$AV$47,41,0) -> 0 | J12: =+TONTMARS25!F12+TONTMARS25!G12 -> 0 | K12: =VLOOKUP($A12,[6]HISTOAVRIL25!$A$6:$AV$47,17,0) -> 0 | L12: =IF(K12<>0,VLOOKUP($A12,[6]HISTOAVRIL25!$A$6:$BB$47,42,0),"ECHEC") -> ECHEC | M12: =IF(P12=0,0,VLOOKUP($A12,[6]HISTOAVRIL25!$A$6:$AV$47,32,0)) -> 0 | N12: =VLOOKUP($A12,[6]HISTOAVRIL25!$A$6:$AV$47,33,0) -> 0 | O12: =IF(P12=0,0,($C$3-P12)) -> 0 | P12: =VLOOKUP($A12,[6]HISTOAVRIL25!$A$6:$AV$47,30,0) -> 0
A13: AS201624 | B13: =IF(D13=0,0,VLOOKUP($A13,[6]HISTOAVRIL25!$A$6:$BB$47,12,0)) -> 1 | C13: =VLOOKUP(A13,[7]LISTADHERENT!A$5:H$60,3,0) -> NGONDIEP CLAUDE | D13: =IF(E13="ECHEC",0,VLOOKUP($A13,[6]HISTOAVRIL25!$A$6:$AR$47,13,0)) -> 75000 | E13: =VLOOKUP($A13,[6]HISTOAVRIL25!$A$6:$AV$47,9,0) -> BANQUE | F13: =VLOOKUP($A13,[6]HISTOAVRIL25!$A$6:$AV$47,36,0) -> 79625 | G13: =VLOOKUP($A13,[6]HISTOAVRIL25!$A$6:$AV$47,39,0) -> 1000 | H13: =IF(G13=0,"",VLOOKUP($A13,[6]HISTOFEV25!$A$6:$AV$47,42,0)) -> 0 | I13: =VLOOKUP($A13,[6]HISTOAVRIL25!$A$6:$AV$47,41,0) -> 0 | J13: =+TONTMARS25!F13+TONTMARS25!G13 -> 0 | K13: =VLOOKUP($A13,[6]HISTOAVRIL25!$A$6:$AV$47,17,0) -> 0 | L13: =IF(K13<>0,VLOOKUP($A13,[6]HISTOAVRIL25!$A$6:$BB$47,42,0),"ECHEC") -> ECHEC | M13: =IF(P13=0,0,VLOOKUP($A13,[6]HISTOAVRIL25!$A$6:$AV$47,32,0)) -> 0 | N13: =VLOOKUP($A13,[6]HISTOAVRIL25!$A$6:$AV$47,33,0) -> 0 | O13: =IF(P13=0,0,($C$3-P13)) -> 0 | P13: =VLOOKUP($A13,[6]HISTOAVRIL25!$A$6:$AV$47,30,0) -> 0
A14: AS201633 | B14: =IF(D14=0,0,VLOOKUP($A14,[6]HISTOAVRIL25!$A$6:$BB$47,12,0)) -> 1 | C14: =VLOOKUP(A14,[7]LISTADHERENT!A$5:H$60,3,0) -> PATEGO NJOSSU GUSTAVE | D14: =IF(E14="ECHEC",0,VLOOKUP($A14,[6]HISTOAVRIL25!$A$6:$AR$47,13,0)) -> 75000 | E14: =VLOOKUP($A14,[6]HISTOAVRIL25!$A$6:$AV$47,9,0) -> BANQUE | F14: =VLOOKUP($A14,[6]HISTOAVRIL25!$A$6:$AV$47,36,0) -> 0 | G14: =VLOOKUP($A14,[6]HISTOAVRIL25!$A$6:$AV$47,39,0) -> 0 | H14: =IF(G14=0,"",VLOOKUP($A14,[6]HISTOFEV25!$A$6:$AV$47,42,0)) | I14: =VLOOKUP($A14,[6]HISTOAVRIL25!$A$6:$AV$47,41,0) -> 0 | J14: =+TONTMARS25!F14+TONTMARS25!G14 -> 0 | K14: =VLOOKUP($A14,[6]HISTOAVRIL25!$A$6:$AV$47,17,0) -> 0 | L14: =IF(K14<>0,VLOOKUP($A14,[6]HISTOAVRIL25!$A$6:$BB$47,42,0),"ECHEC") -> ECHEC | M14: =IF(P14=0,0,VLOOKUP($A14,[6]HISTOAVRIL25!$A$6:$AV$47,32,0)) -> 0 | N14: =VLOOKUP($A14,[6]HISTOAVRIL25!$A$6:$AV$47,33,0) -> 0 | O14: =IF(P14=0,0,($C$3-P14)) -> 0 | P14: =VLOOKUP($A14,[6]HISTOAVRIL25!$A$6:$AV$47,30,0) -> 0
A15: AS201641 | B15: =IF(D15=0,0,VLOOKUP($A15,[6]HISTOAVRIL25!$A$6:$BB$47,12,0)) -> 1 | C15: =VLOOKUP(A15,[7]LISTADHERENT!A$5:H$60,3,0) -> TCHOUAMOU MATHIEU | D15: =IF(E15="ECHEC",0,VLOOKUP($A15,[6]HISTOAVRIL25!$A$6:$AR$47,13,0)) -> 75000 | E15: =VLOOKUP($A15,[6]HISTOAVRIL25!$A$6:$AV$47,9,0) -> BANQUE | F15: =VLOOKUP($A15,[6]HISTOAVRIL25!$A$6:$AV$47,36,0) -> 50000 | G15: =VLOOKUP($A15,[6]HISTOAVRIL25!$A$6:$AV$47,39,0) -> 1000 | H15: =IF(G15=0,"",VLOOKUP($A15,[6]HISTOFEV25!$A$6:$AV$47,42,0)) -> 0 | I15: =VLOOKUP($A15,[6]HISTOAVRIL25!$A$6:$AV$47,41,0) -> 0 | J15: =+TONTMARS25!F15+TONTMARS25!G15 -> 102000 | K15: =VLOOKUP($A15,[6]HISTOAVRIL25!$A$6:$AV$47,17,0) -> 102000 | L15: =IF(K15<>0,VLOOKUP($A15,[6]HISTOAVRIL25!$A$6:$BB$47,42,0),"ECHEC") -> BANQUE | M15: =IF(P15=0,0,VLOOKUP($A15,[6]HISTOAVRIL25!$A$6:$AV$47,32,0)) -> 0 | N15: =VLOOKUP($A15,[6]HISTOAVRIL25!$A$6:$AV$47,33,0) -> 0 | O15: =IF(P15=0,0,($C$3-P15)) -> 0 | P15: =VLOOKUP($A15,[6]HISTOAVRIL25!$A$6:$AV$47,30,0) -> 0
A16: AS201658 | B16: =IF(D16=0,0,VLOOKUP($A16,[6]HISTOAVRIL25!$A$6:$BB$47,12,0)) -> 1 | C16: =VLOOKUP(A16,[7]LISTADHERENT!A$5:H$60,3,0) -> YANTCHOU GERVAIS | D16: =IF(E16="ECHEC",0,VLOOKUP($A16,[6]HISTOAVRIL25!$A$6:$AR$47,13,0)) -> 75000 | E16: =VLOOKUP($A16,[6]HISTOAVRIL25!$A$6:$AV$47,9,0) -> BANQUE | F16: =VLOOKUP($A16,[6]HISTOAVRIL25!$A$6:$AV$47,36,0) -> 100000 | G16: =VLOOKUP($A16,[6]HISTOAVRIL25!$A$6:$AV$47,39,0) -> 2000 | H16: =IF(G16=0,"",VLOOKUP($A16,[6]HISTOFEV25!$A$6:$AV$47,42,0)) -> 0 | I16: =VLOOKUP($A16,[6]HISTOAVRIL25!$A$6:$AV$47,41,0) -> 0 | J16: =+TONTMARS25!F16+TONTMARS25!G16 -> 0 | K16: =VLOOKUP($A16,[6]HISTOAVRIL25!$A$6:$AV$47,17,0) -> 0 | L16: =IF(K16<>0,VLOOKUP($A16,[6]HISTOAVRIL25!$A$6:$BB$47,42,0),"ECHEC") -> ECHEC | M16: =IF(P16=0,0,VLOOKUP($A16,[6]HISTOAVRIL25!$A$6:$AV$47,32,0)) -> 0 | N16: =VLOOKUP($A16,[6]HISTOAVRIL25!$A$6:$AV$47,33,0) -> 0 | O16: =IF(P16=0,0,($C$3-P16)) -> 0 | P16: =VLOOKUP($A16,[6]HISTOAVRIL25!$A$6:$AV$47,30,0) -> 0
A17: AS201647 | B17: =IF(D17=0,0,VLOOKUP($A17,[6]HISTOAVRIL25!$A$6:$BB$47,12,0)) -> 1 | C17: =VLOOKUP(A17,[7]LISTADHERENT!A$5:H$60,3,0) -> YOUMBI EMMANUEL | D17: =IF(E17="ECHEC",0,VLOOKUP($A17,[6]HISTOAVRIL25!$A$6:$AR$47,13,0)) -> 75000 | E17: =VLOOKUP($A17,[6]HISTOAVRIL25!$A$6:$AV$47,9,0) -> BANQUE | F17: =VLOOKUP($A17,[6]HISTOAVRIL25!$A$6:$AV$47,36,0) -> 0 | G17: =VLOOKUP($A17,[6]HISTOAVRIL25!$A$6:$AV$47,39,0) -> 0 | H17: =IF(G17=0,"",VLOOKUP($A17,[6]HISTOFEV25!$A$6:$AV$47,42,0)) | I17: =VLOOKUP($A17,[6]HISTOAVRIL25!$A$6:$AV$47,41,0) -> 0 | J17: =+TONTMARS25!F17+TONTMARS25!G17 -> 0 | K17: =VLOOKUP($A17,[6]HISTOAVRIL25!$A$6:$AV$47,17,0) -> 0 | L17: =IF(K17<>0,VLOOKUP($A17,[6]HISTOAVRIL25!$A$6:$BB$47,42,0),"ECHEC") -> ECHEC | M17: =IF(P17=0,0,VLOOKUP($A17,[6]HISTOAVRIL25!$A$6:$AV$47,32,0)) -> 0 | N17: =VLOOKUP($A17,[6]HISTOAVRIL25!$A$6:$AV$47,33,0) -> 0 | O17: =IF(P17=0,0,($C$3-P17)) -> 0 | P17: =VLOOKUP($A17,[6]HISTOAVRIL25!$A$6:$AV$47,30,0) -> 0
A19: TOTAL PART | B19: =SUM(B6:B18) -> 13
A20: NBRE ADHERENT | B20: =COUNT(D6:D18) -> 12 | D20: =SUM(D6:D19) -> 975000 | E20: =SUM(E6:E19) -> 0 | F20: =SUM(F6:F19) -> 379625 | G20: =SUM(G6:G19) -> 7000 | H20: =SUM(H6:H19) -> 0 | I20: =SUM(I6:I19) -> 0 | J20: =SUM(J6:J19) -> 297125 | K20: =SUM(K6:K19) -> 297125 | ... P20: =SUM(P6:P19) -> 7500
L21: NBRE PART | M21: PART VENDUE
D22: MONTANT TONTINE | E22: REMBOURSEMENT PETIT LOT | F22: VENTE PETIT LOT | G22: VENTE LOT PRINCIPAL | H22: SOLDE EN CAISSE | J22: TONTINE + REMB + INTERET VENTE+RELIQUAT | K22: =D26+E26+P20+TONTFEV25!M27 -> 1080125
D23: =SUMIFS(D6:D19,E6:E19,"ESPECES") -> 0 | E23: =SUMIFS(K7:K14,L7:L14,"ESPECES") -> 0 | F23: =SUMIFS(F7:F19,H7:H19,"ESPECES") -> 0 | G23: =SUMIFS(O7:O19,M7:M19,"ESPECES") -> 0 | H23: =D23+E23-F23-G23 -> 0 | J23: LOT PRINCIPAL | K23: =C3*COUNTIF(O7:O19,">0") -> 900000 | L23: =D3 -> 1 | M23: =COUNTIF(O7:O14,">0") -> 1
D24: =SUMIFS(D6:D19,E6:E19,"BANQUE") -> 975000 | E24: =SUMIFS(K7:K14,L7:L14,"BANQUE") -> 195125 | F24: =SUMIFS(F7:F19,H7:H19,"BANQUE") -> 100000 | G24: =SUMIFS(O7:O19,M7:M19,"BANQUE") -> 892500 | H24: =D24+E24-F24-G24 -> 177625
J25: PETIT LOT | K25: =K22-K23 -> 180125
D26: =D23+D24 -> 975000 | E26: =E23+E24 -> 195125 | F26: =F23+F24 -> 100000 | G26: =G23+G24 -> 892500 | H26: =H23+H24 -> 177625
J27: RELIQUAT | K27: =K25-F20 -> -199500 | M27: =K27 -> -199500 | N27: CUMUL
J29: ECHEC TONTINE MOIS | K29: =COUNTIFS(E7:E18,"ECHEC")*75000 -> 0 | M29: =+K29+TONTFEV25!M29 -> 0 | N29: CUMUL
J30: ECHEC REMBOURSEMENT MOIS | K30: =J20-E26 -> 102000 | M30: =+K30+TONTFEV25!M30 -> 102000 | N30: CUMUL

Sheet TONTMAI25
A1: ASSOCIATION | B1: ASELBY
A2: ANNEE | B2: 2025 | C2: TONIINE | D2: NBRE PART
A3: TAUX TONTINE | B3: 75000 | C3: =B3*12 -> 900000 | D3: =ROUNDDOWN(K22/C3,0) -> 1
C4: 45790
A5: MATRICULE | B5: NBREPART | C5: NOM ET PRENOM | D5: MONTANT TONTINE | E5: MODE VERSEMENT | F5: VENTE PETIT LOT | G5: INTERET PETIT LOT | H5: MODE VERSEMENT VENTE PETIT LOT | I5: NUMERO CHEQUE | J5: MONTANT A REMBOURSER PETIT LOT | K5: REMBOURSEMENT PETIT LOT | L5: MODE VERSEMENT REMBOURSEMENT | M5: MODE VERSEMENTLOT PRINCIPAL | N5: NUMERO CHEQUE | O5: MONTANT LOT PRINCIPAL | P5: INTERET LOT PRINCIPAL
A6: AS201648 | B6: =IF(D6=0,0,VLOOKUP($A6,[6]HISTOMAI25!$A$6:$BB$47,12,0)) -> 2 | C6: =VLOOKUP(A6,[7]LISTADHERENT!A$5:H$60,3,0) -> ASELBY | D6: =IF(E6="ECHEC",0,VLOOKUP($A6,[6]HISTOMAI25!$A$6:$AR$47,13,0)) -> 150000 | E6: =VLOOKUP($A6,[6]HISTOMAI25!$A$6:$AV$47,9,0) -> BANQUE | F6: =VLOOKUP($A6,[6]HISTOMAI25!$A$6:$AV$47,36,0) -> 0 | G6: =VLOOKUP($A6,[6]HISTOMAI25!$A$6:$AV$47,39,0) -> 0 | H6: =IF(G6=0,"",VLOOKUP($A6,[6]HISTOFEV25!$A$6:$AV$47,42,0)) | I6: =VLOOKUP($A6,[6]HISTOMAI25!$A$6:$AV$47,41,0) -> 0 | J6: =+TONTAVRIL25!F6+TONTAVRIL25!G6 -> 0 | K6: =VLOOKUP($A6,[6]HISTOMAI25!$A$6:$AV$47,17,0) -> 0 | L6: =IF(K6<>0,VLOOKUP($A6,[6]HISTOMAI25!$A$6:$BB$47,42,0),"ECHEC") -> ECHEC | M6: =IF(P6=0,0,VLOOKUP($A6,[6]HISTOMAI25!$A$6:$AV$47,32,0)) -> 0 | N6: =VLOOKUP($A6,[6]HISTOMAI25!$A$6:$AV$47,33,0) -> 0 | O6: =IF(P6=0,0,($C$3-P6)) -> 0 | P6: =VLOOKUP($A6,[6]HISTOMAI25!$A$6:$AV$47,30,0) -> 0
A7: AS201602 | B7: =IF(D7=0,0,VLOOKUP($A7,[6]HISTOMAI25!$A$6:$BB$47,12,0)) -> 1 | C7: =VLOOKUP(A7,[7]LISTADHERENT!A$5:H$60,3,0) -> BOUTCHOUANG WILLIAM | D7: =IF(E7="ECHEC",0,VLOOKUP($A7,[6]HISTOMAI25!$A$6:$AR$47,13,0)) -> 75000 | E7: =VLOOKUP($A7,[6]HISTOMAI25!$A$6:$AV$47,9,0) -> BANQUE | F7: =VLOOKUP($A7,[6]HISTOMAI25!$A$6:$AV$47,36,0) -> 0 | G7: =VLOOKUP($A7,[6]HISTOMAI25!$A$6:$AV$47,39,0) -> 0 | H7: =IF(G7=0,"",VLOOKUP($A7,[6]HISTOFEV25!$A$6:$AV$47,42,0)) | I7: =VLOOKUP($A7,[6]HISTOMAI25!$A$6:$AV$47,41,0) -> 0 | J7: =+TONTAVRIL25!F7+TONTAVRIL25!G7 -> 0 | K7: =VLOOKUP($A7,[6]HISTOMAI25!$A$6:$AV$47,17,0) -> 0 | L7: =IF(K7<>0,VLOOKUP($A7,[6]HISTOMAI25!$A$6:$BB$47,42,0),"ECHEC") -> ECHEC | M7: =IF(P7=0,0,VLOOKUP($A7,[6]HISTOMAI25!$A$6:$AV$47,32,0)) -> 0 | N7: =VLOOKUP($A7,[6]HISTOMAI25!$A$6:$AV$47,33,0) -> 0 | O7: =IF(P7=0,0,($C$3-P7)) -> 0 | P7: =VLOOKUP($A7,[6]HISTOMAI25!$A$6:$AV$47,30,0) -> 0
A8: AS201613 | B8: =IF(D8=0,0,VLOOKUP($A8,[6]HISTOMAI25!$A$6:$BB$47,12,0)) -> 1 | C8: =VLOOKUP(A8,[7]LISTADHERENT!A$5:H$60,3,0) -> HOTCHO BENJAMIN | D8: =IF(E8="ECHEC",0,VLOOKUP($A8,[6]HISTOMAI25!$A$6:$AR$47,13,0)) -> 75000 | E8: =VLOOKUP($A8,[6]HISTOMAI25!$A$6:$AV$47,9,0) -> BANQUE | F8: =VLOOKUP($A8,[6]HISTOMAI25!$A$6:$AV$47,36,0) -> 50000 | G8: =VLOOKUP($A8,[6]HISTOMAI25!$A$6:$AV$47,39,0) -> 1000 | H8: =IF(G8=0,"",VLOOKUP($A8,[6]HISTOFEV25!$A$6:$AV$47,42,0)) -> 0 | I8: =VLOOKUP($A8,[6]HISTOMAI25!$A$6:$AV$47,41,0) -> 0 | J8: =+TONTAVRIL25!F8+TONTAVRIL25!G8 -> 51000 | K8: =VLOOKUP($A8,[6]HISTOMAI25!$A$6:$AV$47,17,0) -> 51000 | L8: =IF(K8<>0,VLOOKUP($A8,[6]HISTOMAI25!$A$6:$BB$47,42,0),"ECHEC") -> BANQUE | M8: =IF(P8=0,0,VLOOKUP($A8,[6]HISTOMAI25!$A$6:$AV$47,32,0)) -> 0 | N8: =VLOOKUP($A8,[6]HISTOMAI25!$A$6:$AV$47,33,0) -> 0 | O8: =IF(P8=0,0,($C$3-P8)) -> 0 | P8: =VLOOKUP($A8,[6]HISTOMAI25!$A$6:$AV$47,30,0) -> 0
A9: AS201619 | B9: =IF(D9=0,0,VLOOKUP($A9,[6]HISTOMAI25!$A$6:$BB$47,12,0)) -> 1 | C9: =VLOOKUP(A9,[7]LISTADHERENT!A$5:H$60,3,0) -> KOUATCHO MESSACK | D9: =IF(E9="ECHEC",0,VLOOKUP($A9,[6]HISTOMAI25!$A$6:$AR$47,13,0)) -> 75000 | E9: =VLOOKUP($A9,[6]HISTOMAI25!$A$6:$AV$47,9,0) -> BANQUE | F9: =VLOOKUP($A9,[6]HISTOMAI25!$A$6:$AV$47,36,0) -> 0 | G9: =VLOOKUP($A9,[6]HISTOMAI25!$A$6:$AV$47,39,0) -> 0 | H9: =IF(G9=0,"",VLOOKUP($A9,[6]HISTOFEV25!$A$6:$AV$47,42,0)) | I9: =VLOOKUP($A9,[6]HISTOMAI25!$A$6:$AV$47,41,0) -> 0 | J9: =+TONTAVRIL25!F9+TONTAVRIL25!G9 -> 0 | K9: =VLOOKUP($A9,[6]HISTOMAI25!$A$6:$AV$47,17,0) -> 0 | L9: =IF(K9<>0,VLOOKUP($A9,[6]HISTOMAI25!$A$6:$BB$47,42,0),"ECHEC") -> ECHEC | M9: =IF(P9=0,0,VLOOKUP($A9,[6]HISTOMAI25!$A$6:$AV$47,32,0)) -> 0 | N9: =VLOOKUP($A9,[6]HISTOMAI25!$A$6:$AV$47,33,0) -> 0 | O9: =IF(P9=0,0,($C$3-P9)) -> 0 | P9: =VLOOKUP($A9,[6]HISTOMAI25!$A$6:$AV$47,30,0) -> 0
A10: AS201611 | B10: =IF(D10=0,0,VLOOKUP($A10,[6]HISTOMAI25!$A$6:$BB$47,12,0)) -> 1 | C10: =VLOOKUP(A10,[7]LISTADHERENT!A$5:H$60,3,0) -> HENGUE PAUL OMER | D10: =IF(E10="ECHEC",0,VLOOKUP($A10,[6]HISTOMAI25!$A$6:$AR$47,13,0)) -> 75000 | E10: =VLOOKUP($A10,[6]HISTOMAI25!$A$6:$AV$47,9,0) -> BANQUE | F10: =VLOOKUP($A10,[6]HISTOMAI25!$A$6:$AV$47,36,0) -> 0 | G10: =VLOOKUP($A10,[6]HISTOMAI25!$A$6:$AV$47,39,0) -> 0 | H10: =IF(G10=0,"",VLOOKUP($A10,[6]HISTOFEV25!$A$6:$AV$47,42,0)) | I10: =VLOOKUP($A10,[6]HISTOMAI25!$A$6:$AV$47,41,0) -> 0 | J10: =+TONTAVRIL25!F10+TONTAVRIL25!G10 -> 0 | K10: =VLOOKUP($A10,[6]HISTOMAI25!$A$6:$AV$47,17,0) -> 0 | L10: =IF(K10<>0,VLOOKUP($A10,[6]HISTOMAI25!$A$6:$BB$47,42,0),"ECHEC") -> ECHEC | M10: =IF(P10=0,0,VLOOKUP($A10,[6]HISTOMAI25!$A$6:$AV$47,32,0)) -> 0 | N10: =VLOOKUP($A10,[6]HISTOMAI25!$A$6:$AV$47,33,0) -> 0 | O10: =IF(P10=0,0,($C$3-P10)) -> 0 | P10: =VLOOKUP($A10,[6]HISTOMAI25!$A$6:$AV$47,30,0) -> 0
A11: AS201649 | B11: =IF(D11=0,0,VLOOKUP($A11,[6]HISTOMAI25!$A$6:$BB$47,12,0)) -> 1 | C11: =VLOOKUP(A11,[7]LISTADHERENT!A$5:H$60,3,0) -> MBOGNING TUGMA GUY | D11: =IF(E11="ECHEC",0,VLOOKUP($A11,[6]HISTOMAI25!$A$6:$AR$47,13,0)) -> 75000 | E11: =VLOOKUP($A11,[6]HISTOMAI25!$A$6:$AV$47,9,0) -> BANQUE | F11: =VLOOKUP($A11,[6]HISTOMAI25!$A$6:$AV$47,36,0) -> 100000 | G11: =VLOOKUP($A11,[6]HISTOMAI25!$A$6:$AV$47,39,0) -> 2000 | H11: =IF(G11=0,"",VLOOKUP($A11,[6]HISTOFEV25!$A$6:$AV$47,42,0)) -> BANQUE | I11: =VLOOKUP($A11,[6]HISTOMAI25!$A$6:$AV$47,41,0) -> 0 | J11: =+TONTAVRIL25!F11+TONTAVRIL25!G11 -> 102000 | K11: =VLOOKUP($A11,[6]HISTOMAI25!$A$6:$AV$47,17,0) -> 102000 | L11: =IF(K11<>0,VLOOKUP($A11,[6]HISTOMAI25!$A$6:$BB$47,42,0),"ECHEC") -> BANQUE | M11: =IF(P11=0,0,VLOOKUP($A11,[6]HISTOMAI25!$A$6:$AV$47,32,0)) -> 0 | N11: =VLOOKUP($A11,[6]HISTOMAI25!$A$6:$AV$47,33,0) -> 0 | O11: =IF(P11=0,0,($C$3-P11)) -> 0 | P11: =VLOOKUP($A11,[6]HISTOMAI25!$A$6:$AV$47,30,0) -> 0
A12: AS201621 | B12: =IF(D12=0,0,VLOOKUP($A12,[6]HISTOMAI25!$A$6:$BB$47,12,0)) -> 1 | C12: =VLOOKUP(A12,[7]LISTADHERENT!A$5:H$60,3,0) -> NANKAM APPOLINAIRE | D12: =IF(E12="ECHEC",0,VLOOKUP($A12,[6]HISTOMAI25!$A$6:$AR$47,13,0)) -> 75000 | E12: =VLOOKUP($A12,[6]HISTOMAI25!$A$6:$AV$47,9,0) -> BANQUE | F12: =VLOOKUP($A12,[6]HISTOMAI25!$A$6:$AV$47,36,0) -> 0 | G12: =VLOOKUP($A12,[6]HISTOMAI25!$A$6:$AV$47,39,0) -> 0 | H12: =IF(G12=0,"",VLOOKUP($A12,[6]HISTOFEV25!$A$6:$AV$47,42,0)) | I12: =VLOOKUP($A12,[6]HISTOMAI25!$A$6:$AV$47,41,0) -> 0 | J12: =+TONTAVRIL25!F12+TONTAVRIL25!G12 -> 0 | K12: =VLOOKUP($A12,[6]HISTOMAI25!$A$6:$AV$47,17,0) -> 0 | L12: =IF(K12<>0,VLOOKUP($A12,[6]HISTOMAI25!$A$6:$BB$47,42,0),"ECHEC") -> ECHEC | M12: =IF(P12=0,0,VLOOKUP($A12,[6]HISTOMAI25!$A$6:$AV$47,32,0)) -> 0 | N12: =VLOOKUP($A12,[6]HISTOMAI25!$A$6:$AV$47,33,0) -> 0 | O12: =IF(P12=0,0,($C$3-P12)) -> 0 | P12: =VLOOKUP($A12,[6]HISTOMAI25!$A$6:$AV$47,30,0) -> 0
A13: AS201624 | B13: =IF(D13=0,0,VLOOKUP($A13,[6]HISTOMAI25!$A$6:$BB$47,12,0)) -> 1 | C13: =VLOOKUP(A13,[7]LISTADHERENT!A$5:H$60,3,0) -> NGONDIEP CLAUDE | D13: =IF(E13="ECHEC",0,VLOOKUP($A13,[6]HISTOMAI25!$A$6:$AR$47,13,0)) -> 75000 | E13: =VLOOKUP($A13,[6]HISTOMAI25!$A$6:$AV$47,9,0) -> BANQUE | F13: =VLOOKUP($A13,[6]HISTOMAI25!$A$6:$AV$47,36,0) -> 119125 | G13: =VLOOKUP($A13,[6]HISTOMAI25!$A$6:$AV$47,39,0) -> 2000 | H13: =IF(G13=0,"",VLOOKUP($A13,[6]HISTOFEV25!$A$6:$AV$47,42,0)) -> 0 | I13: =VLOOKUP($A13,[6]HISTOMAI25!$A$6:$AV$47,41,0) -> 0 | J13: =+TONTAVRIL25!F13+TONTAVRIL25!G13 -> 80625 | K13: =VLOOKUP($A13,[6]HISTOMAI25!$A$6:$AV$47,17,0) -> 80625 | L13: =IF(K13<>0,VLOOKUP($A13,[6]HISTOMAI25!$A$6:$BB$47,42,0),"ECHEC") -> BANQUE | M13: =IF(P13=0,0,VLOOKUP($A13,[6]HISTOMAI25!$A$6:$AV$47,32,0)) -> 0 | N13: =VLOOKUP($A13,[6]HISTOMAI25!$A$6:$AV$47,33,0) -> 0 | O13: =IF(P13=0,0,($C$3-P13)) -> 0 | P13: =VLOOKUP($A13,[6]HISTOMAI25!$A$6:$AV$47,30,0) -> 0
A14: AS201633 | B14: =IF(D14=0,0,VLOOKUP($A14,[6]HISTOMAI25!$A$6:$BB$47,12,0)) -> 1 | C14: =VLOOKUP(A14,[7]LISTADHERENT!A$5:H$60,3,0) -> PATEGO NJOSSU GUSTAVE | D14: =IF(E14="ECHEC",0,VLOOKUP($A14,[6]HISTOMAI25!$A$6:$AR$47,13,0)) -> 75000 | E14: =VLOOKUP($A14,[6]HISTOMAI25!$A$6:$AV$47,9,0) -> BANQUE | F14: =VLOOKUP($A14,[6]HISTOMAI25!$A$6:$AV$47,36,0) -> 0 | G14: =VLOOKUP($A14,[6]HISTOMAI25!$A$6:$AV$47,39,0) -> 0 | H14: =IF(G14=0,"",VLOOKUP($A14,[6]HISTOFEV25!$A$6:$AV$47,42,0)) | I14: =VLOOKUP($A14,[6]HISTOMAI25!$A$6:$AV$47,41,0) -> 0 | J14: =+TONTAVRIL25!F14+TONTAVRIL25!G14 -> 0 | K14: =VLOOKUP($A14,[6]HISTOMAI25!$A$6:$AV$47,17,0) -> 0 | L14: =IF(K14<>0,VLOOKUP($A14,[6]HISTOMAI25!$A$6:$BB$47,42,0),"ECHEC") -> ECHEC | M14: =IF(P14=0,0,VLOOKUP($A14,[6]HISTOMAI25!$A$6:$AV$47,32,0)) -> 0 | N14: =VLOOKUP($A14,[6]HISTOMAI25!$A$6:$AV$47,33,0) -> 0 | O14: =IF(P14=0,0,($C$3-P14)) -> 892500 | P14: =VLOOKUP($A14,[6]HISTOMAI25!$A$6:$AV$47,30,0) -> 7500
A15: AS201641 | B15: =IF(D15=0,0,VLOOKUP($A15,[6]HISTOMAI25!$A$6:$BB$47,12,0)) -> 1 | C15: =VLOOKUP(A15,[7]LISTADHERENT!A$5:H$60,3,0) -> TCHOUAMOU MATHIEU | D15: =IF(E15="ECHEC",0,VLOOKUP($A15,[6]HISTOMAI25!$A$6:$AR$47,13,0)) -> 75000 | E15: =VLOOKUP($A15,[6]HISTOMAI25!$A$6:$AV$47,9,0) -> BANQUE | F15: =VLOOKUP($A15,[6]HISTOMAI25!$A$6:$AV$47,36,0) -> 100000 | G15: =VLOOKUP($A15,[6]HISTOMAI25!$A$6:$AV$47,39,0) -> 2000 | H15: =IF(G15=0,"",VLOOKUP($A15,[6]HISTOFEV25!$A$6:$AV$47,42,0)) -> 0 | I15: =VLOOKUP($A15,[6]HISTOMAI25!$A$6:$AV$47,41,0) -> 0 | J15: =+TONTAVRIL25!F15+TONTAVRIL25!G15 -> 51000 | K15: =VLOOKUP($A15,[6]HISTOMAI25!$A$6:$AV$47,17,0) -> 51000 | L15: =IF(K15<>0,VLOOKUP($A15,[6]HISTOMAI25!$A$6:$BB$47,42,0),"ECHEC") -> BANQUE | M15: =IF(P15=0,0,VLOOKUP($A15,[6]HISTOMAI25!$A$6:$AV$47,32,0)) -> 0 | N15: =VLOOKUP($A15,[6]HISTOMAI25!$A$6:$AV$47,33,0) -> 0 | O15: =IF(P15=0,0,($C$3-P15)) -> 0 | P15: =VLOOKUP($A15,[6]HISTOMAI25!$A$6:$AV$47,30,0) -> 0
A16: AS201658 | B16: =IF(D16=0,0,VLOOKUP($A16,[6]HISTOMAI25!$A$6:$BB$47,12,0)) -> 1 | C16: =VLOOKUP(A16,[7]LISTADHERENT!A$5:H$60,3,0) -> YANTCHOU GERVAIS | D16: =IF(E16="ECHEC",0,VLOOKUP($A16,[6]HISTOMAI25!$A$6:$AR$47,13,0)) -> 75000 | E16: =VLOOKUP($A16,[6]HISTOMAI25!$A$6:$AV$47,9,0) -> BANQUE | F16: =VLOOKUP($A16,[6]HISTOMAI25!$A$6:$AV$47,36,0) -> 100000 | G16: =VLOOKUP($A16,[6]HISTOMAI25!$A$6:$AV$47,39,0) -> 2000 | H16: =IF(G16=0,"",VLOOKUP($A16,[6]HISTOFEV25!$A$6:$AV$47,42,0)) -> 0 | I16: =VLOOKUP($A16,[6]HISTOMAI25!$A$6:$AV$47,41,0) -> 0 | J16: =+TONTAVRIL25!F16+TONTAVRIL25!G16 -> 102000 | K16: =VLOOKUP($A16,[6]HISTOMAI25!$A$6:$AV$47,17,0) -> 102000 | L16: =IF(K16<>0,VLOOKUP($A16,[6]HISTOMAI25!$A$6:$BB$47,42,0),"ECHEC") -> BANQUE | M16: =IF(P16=0,0,VLOOKUP($A16,[6]HISTOMAI25!$A$6:$AV$47,32,0)) -> 0 | N16: =VLOOKUP($A16,[6]HISTOMAI25!$A$6:$AV$47,33,0) -> 0 | O16: =IF(P16=0,0,($C$3-P16)) -> 0 | P16: =VLOOKUP($A16,[6]HISTOMAI25!$A$6:$AV$47,30,0) -> 0
A17: AS201647 | B17: =IF(D17=0,0,VLOOKUP($A17,[6]HISTOMAI25!$A$6:$BB$47,12,0)) -> 1 | C17: =VLOOKUP(A17,[7]LISTADHERENT!A$5:H$60,3,0) -> YOUMBI EMMANUEL | D17: =IF(E17="ECHEC",0,VLOOKUP($A17,[6]HISTOMAI25!$A$6:$AR$47,13,0)) -> 75000 | E17: =VLOOKUP($A17,[6]HISTOMAI25!$A$6:$AV$47,9,0) -> BANQUE | F17: =VLOOKUP($A17,[6]HISTOMAI25!$A$6:$AV$47,36,0) -> 0 | G17: =VLOOKUP($A17,[6]HISTOMAI25!$A$6:$AV$47,39,0) -> 0 | H17: =IF(G17=0,"",VLOOKUP($A17,[6]HISTOFEV25!$A$6:$AV$47,42,0)) | I17: =VLOOKUP($A17,[6]HISTOMAI25!$A$6:$AV$47,41,0) -> 0 | J17: =+TONTAVRIL25!F17+TONTAVRIL25!G17 -> 0 | K17: =VLOOKUP($A17,[6]HISTOMAI25!$A$6:$AV$47,17,0) -> 0 | L17: =IF(K17<>0,VLOOKUP($A17,[6]HISTOMAI25!$A$6:$BB$47,42,0),"ECHEC") -> ECHEC | M17: =IF(P17=0,0,VLOOKUP($A17,[6]HISTOMAI25!$A$6:$AV$47,32,0)) -> 0 | N17: =VLOOKUP($A17,[6]HISTOMAI25!$A$6:$AV$47,33,0) -> 0 | O17: =IF(P17=0,0,($C$3-P17)) -> 0 | P17: =VLOOKUP($A17,[6]HISTOMAI25!$A$6:$AV$47,30,0) -> 0
A19: TOTAL PART | B19: =SUM(B6:B18) -> 13
A20: NBRE ADHERENT | B20: =COUNT(D6:D18) -> 12 | D20: =SUM(D6:D19) -> 975000 | E20: =SUM(E6:E19) -> 0 | F20: =SUM(F6:F19) -> 469125 | G20: =SUM(G6:G19) -> 9000 | H20: =SUM(H6:H19) -> 0 | I20: =SUM(I6:I19) -> 0 | J20: =SUM(J6:J19) -> 386625 | K20: =SUM(K6:K19) -> 386625 | ... P20: =SUM(P6:P19) -> 7500
L21: NBRE PART | M21: PART VENDUE
D22: MONTANT TONTINE | E22: REMBOURSEMENT PETIT LOT | F22: VENTE PETIT LOT | G22: VENTE LOT PRINCIPAL | H22: SOLDE EN CAISSE | J22: TONTINE + REMB + INTERET VENTE+RELIQUAT | K22: =D26+E26+P20+TONTFEV25!M27 -> 1118625
D23: =SUMIFS(D6:D19,E6:E19,"ESPECES") -> 0 | E23: =SUMIFS(K7:K14,L7:L14,"ESPECES") -> 0 | F23: =SUMIFS(F7:F19,H7:H19,"ESPECES") -> 0 | G23: =SUMIFS(O7:O19,M7:M19,"ESPECES") -> 0 | H23: =D23+E23-F23-G23 -> 0 | J23: LOT PRINCIPAL | K23: =C3*COUNTIF(O7:O19,">0") -> 900000 | L23: =D3 -> 1 | M23: =COUNTIF(O7:O14,">0") -> 1
D24: =SUMIFS(D6:D19,E6:E19,"BANQUE") -> 975000 | E24: =SUMIFS(K7:K14,L7:L14,"BANQUE") -> 233625 | F24: =SUMIFS(F7:F19,H7:H19,"BANQUE") -> 100000 | G24: =SUMIFS(O7:O19,M7:M19,"BANQUE") -> 0 | H24: =D24+E24-F24-G24 -> 1108625
J25: PETIT LOT | K25: =K22-K23 -> 218625
D26: =D23+D24 -> 975000 | E26: =E23+E24 -> 233625 | F26: =F23+F24 -> 100000 | G26: =G23+G24 -> 0 | H26: =H23+H24 -> 1108625
J27: RELIQUAT | K27: =K25-F20 -> -250500 | M27: =K27 -> -250500 | N27: CUMUL
J29: ECHEC TONTINE MOIS | K29: =COUNTIFS(E7:E18,"ECHEC")*75000 -> 0 | M29: =+K29+TONTFEV25!M29 -> 0 | N29: CUMUL
J30: ECHEC REMBOURSEMENT MOIS | K30: =J20-E26 -> 153000 | M30: =+K30+TONTFEV25!M30 -> 153000 | N30: CUMUL

Sheet TONTJUIN25
A1: ASSOCIATION | B1: ASELBY
A2: ANNEE | B2: 2025 | C2: TONIINE | D2: NBRE PART
A3: TAUX TONTINE | B3: 75000 | C3: =B3*12 -> 900000 | D3: =ROUNDDOWN(K22/C3,0) -> 1
C4: 45821
A5: MATRICULE | B5: NBREPART | C5: NOM ET PRENOM | D5: MONTANT TONTINE | E5: MODE VERSEMENT | F5: VENTE PETIT LOT | G5: INTERET PETIT LOT | H5: MODE VERSEMENT VENTE PETIT LOT | I5: NUMERO CHEQUE | J5: MONTANT A REMBOURSER PETIT LOT | K5: REMBOURSEMENT PETIT LOT | L5: MODE VERSEMENT REMBOURSEMENT | M5: MODE VERSEMENTLOT PRINCIPAL | N5: NUMERO CHEQUE | O5: MONTANT LOT PRINCIPAL | P5: INTERET LOT PRINCIPAL
A6: AS201648 | B6: =IF(D6=0,0,VLOOKUP($A6,[6]HISTOJUIN25!$A$6:$BB$47,12,0)) -> 2 | C6: =VLOOKUP(A6,[7]LISTADHERENT!A$5:H$60,3,0) -> ASELBY | D6: =IF(E6="ECHEC",0,VLOOKUP($A6,[6]HISTOJUIN25!$A$6:$AR$47,13,0)) -> 150000 | E6: =VLOOKUP($A6,[6]HISTOJUIN25!$A$6:$AV$47,9,0) -> BANQUE | F6: =VLOOKUP($A6,[6]HISTOJUIN25!$A$6:$AV$47,36,0) -> 0 | G6: =VLOOKUP($A6,[6]HISTOJUIN25!$A$6:$AV$47,39,0) -> 0 | H6: =IF(G6=0,"",VLOOKUP($A6,[6]HISTOFEV25!$A$6:$AV$47,42,0)) | I6: =VLOOKUP($A6,[6]HISTOJUIN25!$A$6:$AV$47,41,0) -> 0 | J6: =+TONTMAI25!F6+TONTMAI25!G6 -> 0 | K6: =VLOOKUP($A6,[6]HISTOJUIN25!$A$6:$AV$47,17,0) -> 0 | L6: =IF(K6<>0,VLOOKUP($A6,[6]HISTOJUIN25!$A$6:$BB$47,42,0),"ECHEC") -> ECHEC | M6: =IF(P6=0,0,VLOOKUP($A6,[6]HISTOJUIN25!$A$6:$AV$47,32,0)) -> 0 | N6: =VLOOKUP($A6,[6]HISTOJUIN25!$A$6:$AV$47,33,0) -> 0 | O6: =IF(P6=0,0,($C$3-P6)) -> 892500 | P6: =VLOOKUP($A6,[6]HISTOJUIN25!$A$6:$AV$47,30,0) -> 7500
A7: AS201602 | B7: =IF(D7=0,0,VLOOKUP($A7,[6]HISTOJUIN25!$A$6:$BB$47,12,0)) -> 1 | C7: =VLOOKUP(A7,[7]LISTADHERENT!A$5:H$60,3,0) -> BOUTCHOUANG WILLIAM | D7: =IF(E7="ECHEC",0,VLOOKUP($A7,[6]HISTOJUIN25!$A$6:$AR$47,13,0)) -> 75000 | E7: =VLOOKUP($A7,[6]HISTOJUIN25!$A$6:$AV$47,9,0) -> BANQUE | F7: =VLOOKUP($A7,[6]HISTOJUIN25!$A$6:$AV$47,36,0) -> 0 | G7: =VLOOKUP($A7,[6]HISTOJUIN25!$A$6:$AV$47,39,0) -> 0 | H7: =IF(G7=0,"",VLOOKUP($A7,[6]HISTOFEV25!$A$6:$AV$47,42,0)) | I7: =VLOOKUP($A7,[6]HISTOJUIN25!$A$6:$AV$47,41,0) -> 0 | J7: =+TONTMAI25!F7+TONTMAI25!G7 -> 0 | K7: =VLOOKUP($A7,[6]HISTOJUIN25!$A$6:$AV$47,17,0) -> 0 | L7: =IF(K7<>0,VLOOKUP($A7,[6]HISTOJUIN25!$A$6:$BB$47,42,0),"ECHEC") -> ECHEC | M7: =IF(P7=0,0,VLOOKUP($A7,[6]HISTOJUIN25!$A$6:$AV$47,32,0)) -> 0 | N7: =VLOOKUP($A7,[6]HISTOJUIN25!$A$6:$AV$47,33,0) -> 0 | O7: =IF(P7=0,0,($C$3-P7)) -> 0 | P7: =VLOOKUP($A7,[6]HISTOJUIN25!$A$6:$AV$47,30,0) -> 0
A8: AS201613 | B8: =IF(D8=0,0,VLOOKUP($A8,[6]HISTOJUIN25!$A$6:$BB$47,12,0)) -> 1 | C8: =VLOOKUP(A8,[7]LISTADHERENT!A$5:H$60,3,0) -> HOTCHO BENJAMIN | D8: =IF(E8="ECHEC",0,VLOOKUP($A8,[6]HISTOJUIN25!$A$6:$AR$47,13,0)) -> 75000 | E8: =VLOOKUP($A8,[6]HISTOJUIN25!$A$6:$AV$47,9,0) -> BANQUE | F8: =VLOOKUP($A8,[6]HISTOJUIN25!$A$6:$AV$47,36,0) -> 100000 | G8: =VLOOKUP($A8,[6]HISTOJUIN25!$A$6:$AV$47,39,0) -> 2500 | H8: =IF(G8=0,"",VLOOKUP($A8,[6]HISTOFEV25!$A$6:$AV$47,42,0)) -> 0 | I8: =VLOOKUP($A8,[6]HISTOJUIN25!$A$6:$AV$47,41,0) -> 0 | J8: =+TONTMAI25!F8+TONTMAI25!G8 -> 51000 | K8: =VLOOKUP($A8,[6]HISTOJUIN25!$A$6:$AV$47,17,0) -> 51000 | L8: =IF(K8<>0,VLOOKUP($A8,[6]HISTOJUIN25!$A$6:$BB$47,42,0),"ECHEC") -> BANQUE | M8: =IF(P8=0,0,VLOOKUP($A8,[6]HISTOJUIN25!$A$6:$AV$47,32,0)) -> 0 | N8: =VLOOKUP($A8,[6]HISTOJUIN25!$A$6:$AV$47,33,0) -> 0 | O8: =IF(P8=0,0,($C$3-P8)) -> 0 | P8: =VLOOKUP($A8,[6]HISTOJUIN25!$A$6:$AV$47,30,0) -> 0
A9: AS201619 | B9: =IF(D9=0,0,VLOOKUP($A9,[6]HISTOJUIN25!$A$6:$BB$47,12,0)) -> 1 | C9: =VLOOKUP(A9,[7]LISTADHERENT!A$5:H$60,3,0) -> KOUATCHO MESSACK | D9: =IF(E9="ECHEC",0,VLOOKUP($A9,[6]HISTOJUIN25!$A$6:$AR$47,13,0)) -> 75000 | E9: =VLOOKUP($A9,[6]HISTOJUIN25!$A$6:$AV$47,9,0) -> BANQUE | F9: =VLOOKUP($A9,[6]HISTOJUIN25!$A$6:$AV$47,36,0) -> 138500 | G9: =VLOOKUP($A9,[6]HISTOJUIN25!$A$6:$AV$47,39,0) -> 2500 | H9: =IF(G9=0,"",VLOOKUP($A9,[6]HISTOFEV25!$A$6:$AV$47,42,0)) -> BANQUE | I9: =VLOOKUP($A9,[6]HISTOJUIN25!$A$6:$AV$47,41,0) -> 0 | J9: =+TONTMAI25!F9+TONTMAI25!G9 -> 0 | K9: =VLOOKUP($A9,[6]HISTOJUIN25!$A$6:$AV$47,17,0) -> 0 | L9: =IF(K9<>0,VLOOKUP($A9,[6]HISTOJUIN25!$A$6:$BB$47,42,0),"ECHEC") -> ECHEC | M9: =IF(P9=0,0,VLOOKUP($A9,[6]HISTOJUIN25!$A$6:$AV$47,32,0)) -> 0 | N9: =VLOOKUP($A9,[6]HISTOJUIN25!$A$6:$AV$47,33,0) -> 0 | O9: =IF(P9=0,0,($C$3-P9)) -> 0 | P9: =VLOOKUP($A9,[6]HISTOJUIN25!$A$6:$AV$47,30,0) -> 0
A10: AS201611 | B10: =IF(D10=0,0,VLOOKUP($A10,[6]HISTOJUIN25!$A$6:$BB$47,12,0)) -> 1 | C10: =VLOOKUP(A10,[7]LISTADHERENT!A$5:H$60,3,0) -> HENGUE PAUL OMER | D10: =IF(E10="ECHEC",0,VLOOKUP($A10,[6]HISTOJUIN25!$A$6:$AR$47,13,0)) -> 75000 | E10: =VLOOKUP($A10,[6]HISTOJUIN25!$A$6:$AV$47,9,0) -> BANQUE | F10: =VLOOKUP($A10,[6]HISTOJUIN25!$A$6:$AV$47,36,0) -> 0 | G10: =VLOOKUP($A10,[6]HISTOJUIN25!$A$6:$AV$47,39,0) -> 0 | H10: =IF(G10=0,"",VLOOKUP($A10,[6]HISTOFEV25!$A$6:$AV$47,42,0)) | I10: =VLOOKUP($A10,[6]HISTOJUIN25!$A$6:$AV$47,41,0) -> 0 | J10: =+TONTMAI25!F10+TONTMAI25!G10 -> 0 | K10: =VLOOKUP($A10,[6]HISTOJUIN25!$A$6:$AV$47,17,0) -> 0 | L10: =IF(K10<>0,VLOOKUP($A10,[6]HISTOJUIN25!$A$6:$BB$47,42,0),"ECHEC") -> ECHEC | M10: =IF(P10=0,0,VLOOKUP($A10,[6]HISTOJUIN25!$A$6:$AV$47,32,0)) -> 0 | N10: =VLOOKUP($A10,[6]HISTOJUIN25!$A$6:$AV$47,33,0) -> 0 | O10: =IF(P10=0,0,($C$3-P10)) -> 0 | P10: =VLOOKUP($A10,[6]HISTOJUIN25!$A$6:$AV$47,30,0) -> 0
A11: AS201649 | B11: =IF(D11=0,0,VLOOKUP($A11,[6]HISTOJUIN25!$A$6:$BB$47,12,0)) -> 1 | C11: =VLOOKUP(A11,[7]LISTADHERENT!A$5:H$60,3,0) -> MBOGNING TUGMA GUY | D11: =IF(E11="ECHEC",0,VLOOKUP($A11,[6]HISTOJUIN25!$A$6:$AR$47,13,0)) -> 75000 | E11: =VLOOKUP($A11,[6]HISTOJUIN25!$A$6:$AV$47,9,0) -> BANQUE | F11: =VLOOKUP($A11,[6]HISTOJUIN25!$A$6:$AV$47,36,0) -> 100000 | G11: =VLOOKUP($A11,[6]HISTOJUIN25!$A$6:$AV$47,39,0) -> 2000 | H11: =IF(G11=0,"",VLOOKUP($A11,[6]HISTOFEV25!$A$6:$AV$47,42,0)) -> BANQUE | I11: =VLOOKUP($A11,[6]HISTOJUIN25!$A$6:$AV$47,41,0) -> 0 | J11: =+TONTMAI25!F11+TONTMAI25!G11 -> 102000 | K11: =VLOOKUP($A11,[6]HISTOJUIN25!$A$6:$AV$47,17,0) -> 102000 | L11: =IF(K11<>0,VLOOKUP($A11,[6]HISTOJUIN25!$A$6:$BB$47,42,0),"ECHEC") -> BANQUE | M11: =IF(P11=0,0,VLOOKUP($A11,[6]HISTOJUIN25!$A$6:$AV$47,32,0)) -> 0 | N11: =VLOOKUP($A11,[6]HISTOJUIN25!$A$6:$AV$47,33,0) -> 0 | O11: =IF(P11=0,0,($C$3-P11)) -> 0 | P11: =VLOOKUP($A11,[6]HISTOJUIN25!$A$6:$AV$47,30,0) -> 0
A12: AS201621 | B12: =IF(D12=0,0,VLOOKUP($A12,[6]HISTOJUIN25!$A$6:$BB$47,12,0)) -> 1 | C12: =VLOOKUP(A12,[7]LISTADHERENT!A$5:H$60,3,0) -> NANKAM APPOLINAIRE | D12: =IF(E12="ECHEC",0,VLOOKUP($A12,[6]HISTOJUIN25!$A$6:$AR$47,13,0)) -> 75000 | E12: =VLOOKUP($A12,[6]HISTOJUIN25!$A$6:$AV$47,9,0) -> BANQUE | F12: =VLOOKUP($A12,[6]HISTOJUIN25!$A$6:$AV$47,36,0) -> 0 | G12: =VLOOKUP($A12,[6]HISTOJUIN25!$A$6:$AV$47,39,0) -> 0 | H12: =IF(G12=0,"",VLOOKUP($A12,[6]HISTOFEV25!$A$6:$AV$47,42,0)) | I12: =VLOOKUP($A12,[6]HISTOJUIN25!$A$6:$AV$47,41,0) -> 0 | J12: =+TONTMAI25!F12+TONTMAI25!G12 -> 0 | K12: =VLOOKUP($A12,[6]HISTOJUIN25!$A$6:$AV$47,17,0) -> 0 | L12: =IF(K12<>0,VLOOKUP($A12,[6]HISTOJUIN25!$A$6:$BB$47,42,0),"ECHEC") -> ECHEC | M12: =IF(P12=0,0,VLOOKUP($A12,[6]HISTOJUIN25!$A$6:$AV$47,32,0)) -> 0 | N12: =VLOOKUP($A12,[6]HISTOJUIN25!$A$6:$AV$47,33,0) -> 0 | O12: =IF(P12=0,0,($C$3-P12)) -> 0 | P12: =VLOOKUP($A12,[6]HISTOJUIN25!$A$6:$AV$47,30,0) -> 0
A13: AS201624 | B13: =IF(D13=0,0,VLOOKUP($A13,[6]HISTOJUIN25!$A$6:$BB$47,12,0)) -> 1 | C13: =VLOOKUP(A13,[7]LISTADHERENT!A$5:H$60,3,0) -> NGONDIEP CLAUDE | D13: =IF(E13="ECHEC",0,VLOOKUP($A13,[6]HISTOJUIN25!$A$6:$AR$47,13,0)) -> 75000 | E13: =VLOOKUP($A13,[6]HISTOJUIN25!$A$6:$AV$47,9,0) -> BANQUE | F13: =VLOOKUP($A13,[6]HISTOJUIN25!$A$6:$AV$47,36,0) -> 121125 | G13: =VLOOKUP($A13,[6]HISTOJUIN25!$A$6:$AV$47,39,0) -> 4000 | H13: =IF(G13=0,"",VLOOKUP($A13,[6]HISTOFEV25!$A$6:$AV$47,42,0)) -> 0 | I13: =VLOOKUP($A13,[6]HISTOJUIN25!$A$6:$AV$47,41,0) -> 0 | J13: =+TONTMAI25!F13+TONTMAI25!G13 -> 121125 | K13: =VLOOKUP($A13,[6]HISTOJUIN25!$A$6:$AV$47,17,0) -> 121125 | L13: =IF(K13<>0,VLOOKUP($A13,[6]HISTOJUIN25!$A$6:$BB$47,42,0),"ECHEC") -> BANQUE | M13: =IF(P13=0,0,VLOOKUP($A13,[6]HISTOJUIN25!$A$6:$AV$47,32,0)) -> 0 | N13: =VLOOKUP($A13,[6]HISTOJUIN25!$A$6:$AV$47,33,0) -> 0 | O13: =IF(P13=0,0,($C$3-P13)) -> 0 | P13: =VLOOKUP($A13,[6]HISTOJUIN25!$A$6:$AV$47,30,0) -> 0
A14: AS201633 | B14: =IF(D14=0,0,VLOOKUP($A14,[6]HISTOJUIN25!$A$6:$BB$47,12,0)) -> 1 | C14: =VLOOKUP(A14,[7]LISTADHERENT!A$5:H$60,3,0) -> PATEGO NJOSSU GUSTAVE | D14: =IF(E14="ECHEC",0,VLOOKUP($A14,[6]HISTOJUIN25!$A$6:$AR$47,13,0)) -> 75000 | E14: =VLOOKUP($A14,[6]HISTOJUIN25!$A$6:$AV$47,9,0) -> BANQUE | F14: =VLOOKUP($A14,[6]HISTOJUIN25!$A$6:$AV$47,36,0) -> 0 | G14: =VLOOKUP($A14,[6]HISTOJUIN25!$A$6:$AV$47,39,0) -> 0 | H14: =IF(G14=0,"",VLOOKUP($A14,[6]HISTOFEV25!$A$6:$AV$47,42,0)) | I14: =VLOOKUP($A14,[6]HISTOJUIN25!$A$6:$AV$47,41,0) -> 0 | J14: =+TONTMAI25!F14+TONTMAI25!G14 -> 0 | K14: =VLOOKUP($A14,[6]HISTOJUIN25!$A$6:$AV$47,17,0) -> 0 | L14: =IF(K14<>0,VLOOKUP($A14,[6]HISTOJUIN25!$A$6:$BB$47,42,0),"ECHEC") -> ECHEC | M14: =IF(P14=0,0,VLOOKUP($A14,[6]HISTOJUIN25!$A$6:$AV$47,32,0)) -> 0 | N14: =VLOOKUP($A14,[6]HISTOJUIN25!$A$6:$AV$47,33,0) -> 0 | O14: =IF(P14=0,0,($C$3-P14)) -> 0 | P14: =VLOOKUP($A14,[6]HISTOJUIN25!$A$6:$AV$47,30,0) -> 0
A15: AS201641 | B15: =IF(D15=0,0,VLOOKUP($A15,[6]HISTOJUIN25!$A$6:$BB$47,12,0)) -> 1 | C15: =VLOOKUP(A15,[7]LISTADHERENT!A$5:H$60,3,0) -> TCHOUAMOU MATHIEU | D15: =IF(E15="ECHEC",0,VLOOKUP($A15,[6]HISTOJUIN25!$A$6:$AR$47,13,0)) -> 75000 | E15: =VLOOKUP($A15,[6]HISTOJUIN25!$A$6:$AV$47,9,0) -> BANQUE | F15: =VLOOKUP($A15,[6]HISTOJUIN25!$A$6:$AV$47,36,0) -> 100000 | G15: =VLOOKUP($A15,[6]HISTOJUIN25!$A$6:$AV$47,39,0) -> 2000 | H15: =IF(G15=0,"",VLOOKUP($A15,[6]HISTOFEV25!$A$6:$AV$47,42,0)) -> 0 | I15: =VLOOKUP($A15,[6]HISTOJUIN25!$A$6:$AV$47,41,0) -> 0 | J15: =+TONTMAI25!F15+TONTMAI25!G15 -> 102000 | K15: =VLOOKUP($A15,[6]HISTOJUIN25!$A$6:$AV$47,17,0) -> 102000 | L15: =IF(K15<>0,VLOOKUP($A15,[6]HISTOJUIN25!$A$6:$BB$47,42,0),"ECHEC") -> BANQUE | M15: =IF(P15=0,0,VLOOKUP($A15,[6]HISTOJUIN25!$A$6:$AV$47,32,0)) -> 0 | N15: =VLOOKUP($A15,[6]HISTOJUIN25!$A$6:$AV$47,33,0) -> 0 | O15: =IF(P15=0,0,($C$3-P15)) -> 0 | P15: =VLOOKUP($A15,[6]HISTOJUIN25!$A$6:$AV$47,30,0) -> 0
A16: AS201658 | B16: =IF(D16=0,0,VLOOKUP($A16,[6]HISTOJUIN25!$A$6:$BB$47,12,0)) -> 1 | C16: =VLOOKUP(A16,[7]LISTADHERENT!A$5:H$60,3,0) -> YANTCHOU GERVAIS | D16: =IF(E16="ECHEC",0,VLOOKUP($A16,[6]HISTOJUIN25!$A$6:$AR$47,13,0)) -> 75000 | E16: =VLOOKUP($A16,[6]HISTOJUIN25!$A$6:$AV$47,9,0) -> BANQUE | F16: =VLOOKUP($A16,[6]HISTOJUIN25!$A$6:$AV$47,36,0) -> 0 | G16: =VLOOKUP($A16,[6]HISTOJUIN25!$A$6:$AV$47,39,0) -> 0 | H16: =IF(G16=0,"",VLOOKUP($A16,[6]HISTOFEV25!$A$6:$AV$47,42,0)) | I16: =VLOOKUP($A16,[6]HISTOJUIN25!$A$6:$AV$47,41,0) -> 0 | J16: =+TONTMAI25!F16+TONTMAI25!G16 -> 102000 | K16: =VLOOKUP($A16,[6]HISTOJUIN25!$A$6:$AV$47,17,0) -> 102000 | L16: =IF(K16<>0,VLOOKUP($A16,[6]HISTOJUIN25!$A$6:$BB$47,42,0),"ECHEC") -> BANQUE | M16: =IF(P16=0,0,VLOOKUP($A16,[6]HISTOJUIN25!$A$6:$AV$47,32,0)) -> 0 | N16: =VLOOKUP($A16,[6]HISTOJUIN25!$A$6:$AV$47,33,0) -> 0 | O16: =IF(P16=0,0,($C$3-P16)) -> 0 | P16: =VLOOKUP($A16,[6]HISTOJUIN25!$A$6:$AV$47,30,0) -> 0
A17: AS201647 | B17: =IF(D17=0,0,VLOOKUP($A17,[6]HISTOJUIN25!$A$6:$BB$47,12,0)) -> 1 | C17: =VLOOKUP(A17,[7]LISTADHERENT!A$5:H$60,3,0) -> YOUMBI EMMANUEL | D17: =IF(E17="ECHEC",0,VLOOKUP($A17,[6]HISTOJUIN25!$A$6:$AR$47,13,0)) -> 75000 | E17: =VLOOKUP($A17,[6]HISTOJUIN25!$A$6:$AV$47,9,0) -> BANQUE | F17: =VLOOKUP($A17,[6]HISTOJUIN25!$A$6:$AV$47,36,0) -> 0 | G17: =VLOOKUP($A17,[6]HISTOJUIN25!$A$6:$AV$47,39,0) -> 0 | H17: =IF(G17=0,"",VLOOKUP($A17,[6]HISTOFEV25!$A$6:$AV$47,42,0)) | I17: =VLOOKUP($A17,[6]HISTOJUIN25!$A$6:$AV$47,41,0) -> 0 | J17: =+TONTMAI25!F17+TONTMAI25!G17 -> 0 | K17: =VLOOKUP($A17,[6]HISTOJUIN25!$A$6:$AV$47,17,0) -> 0 | L17: =IF(K17<>0,VLOOKUP($A17,[6]HISTOJUIN25!$A$6:$BB$47,42,0),"ECHEC") -> ECHEC | M17: =IF(P17=0,0,VLOOKUP($A17,[6]HISTOJUIN25!$A$6:$AV$47,32,0)) -> 0 | N17: =VLOOKUP($A17,[6]HISTOJUIN25!$A$6:$AV$47,33,0) -> 0 | O17: =IF(P17=0,0,($C$3-P17)) -> 0 | P17: =VLOOKUP($A17,[6]HISTOJUIN25!$A$6:$AV$47,30,0) -> 0
A19: TOTAL PART | B19: =SUM(B6:B18) -> 13
A20: NBRE ADHERENT | B20: =COUNT(D6:D18) -> 12 | D20: =SUM(D6:D19) -> 975000 | E20: =SUM(E6:E19) -> 0 | F20: =SUM(F6:F19) -> 559625 | G20: =SUM(G6:G19) -> 13000 | H20: =SUM(H6:H19) -> 0 | I20: =SUM(I6:I19) -> 0 | J20: =SUM(J6:J19) -> 478125 | K20: =SUM(K6:K19) -> 478125 | ... P20: =SUM(P6:P19) -> 7500
L21: NBRE PART | M21: PART VENDUE
D22: MONTANT TONTINE | E22: REMBOURSEMENT PETIT LOT | F22: VENTE PETIT LOT | G22: VENTE LOT PRINCIPAL | H22: SOLDE EN CAISSE | J22: TONTINE + REMB + INTERET VENTE+RELIQUAT | K22: =D26+E26+P20+TONTFEV25!M27 -> 1159125
D23: =SUMIFS(D6:D19,E6:E19,"ESPECES") -> 0 | E23: =SUMIFS(K7:K14,L7:L14,"ESPECES") -> 0 | F23: =SUMIFS(F7:F19,H7:H19,"ESPECES") -> 0 | G23: =SUMIFS(O7:O19,M7:M19,"ESPECES") -> 0 | H23: =D23+E23-F23-G23 -> 0 | J23: LOT PRINCIPAL | K23: =C3*COUNTIF(O7:O19,">0") -> 0 | L23: =D3 -> 1 | M23: =COUNTIF(O7:O14,">0") -> 0
D24: =SUMIFS(D6:D19,E6:E19,"BANQUE") -> 975000 | E24: =SUMIFS(K7:K14,L7:L14,"BANQUE") -> 274125 | F24: =SUMIFS(F7:F19,H7:H19,"BANQUE") -> 238500 | G24: =SUMIFS(O7:O19,M7:M19,"BANQUE") -> 0 | H24: =D24+E24-F24-G24 -> 1010625
J25: PETIT LOT | K25: =K22-K23 -> 1159125
D26: =D23+D24 -> 975000 | E26: =E23+E24 -> 274125 | F26: =F23+F24 -> 238500 | G26: =G23+G24 -> 0 | H26: =H23+H24 -> 1010625
J27: RELIQUAT | K27: =K25-F20 -> 599500 | M27: =K27 -> 599500 | N27: CUMUL
J29: ECHEC TONTINE MOIS | K29: =COUNTIFS(E7:E18,"ECHEC")*75000 -> 0 | M29: =+K29+TONTFEV25!M29 -> 0 | N29: CUMUL
J30: ECHEC REMBOURSEMENT MOIS | K30: =J20-E26 -> 204000 | M30: =+K30+TONTFEV25!M30 -> 204000 | N30: CUMUL

Sheet TONTJUIL25
A1: ASSOCIATION | B1: ASELBY
A2: ANNEE | B2: 2025 | C2: TONIINE | D2: NBRE PART
A3: TAUX TONTINE | B3: 75000 | C3: =B3*12 -> 900000 | D3: =ROUNDDOWN(K22/C3,0) -> 1
C4: 45851
A5: MATRICULE | B5: NBREPART | C5: NOM ET PRENOM | D5: MONTANT TONTINE | E5: MODE VERSEMENT | F5: VENTE PETIT LOT | G5: INTERET PETIT LOT | H5: MODE VERSEMENT VENTE PETIT LOT | I5: NUMERO CHEQUE | J5: MONTANT A REMBOURSER PETIT LOT | K5: REMBOURSEMENT PETIT LOT | L5: MODE VERSEMENT REMBOURSEMENT | M5: MODE VERSEMENTLOT PRINCIPAL | N5: NUMERO CHEQUE | O5: MONTANT LOT PRINCIPAL | P5: INTERET LOT PRINCIPAL
A6: AS201648 | B6: =IF(D6=0,0,VLOOKUP($A6,[6]HISTOJUIL25!$A$6:$BB$47,12,0)) -> 2 | C6: =VLOOKUP(A6,[7]LISTADHERENT!A$5:H$60,3,0) -> ASELBY | D6: =IF(E6="ECHEC",0,VLOOKUP($A6,[6]HISTOJUIL25!$A$6:$AR$47,13,0)) -> 150000 | E6: =VLOOKUP($A6,[6]HISTOJUIL25!$A$6:$AV$47,9,0) -> BANQUE | F6: =VLOOKUP($A6,[6]HISTOJUIL25!$A$6:$AV$47,36,0) -> 0 | G6: =VLOOKUP($A6,[6]HISTOJUIL25!$A$6:$AV$47,39,0) -> 0 | H6: =IF(G6=0,"",VLOOKUP($A6,[6]HISTOFEV25!$A$6:$AV$47,42,0)) | I6: =VLOOKUP($A6,[6]HISTOJUIL25!$A$6:$AV$47,41,0) -> 0 | J6: =+TONTJUIN25!F6+TONTJUIN25!G6 -> 0 | K6: =VLOOKUP($A6,[6]HISTOJUIL25!$A$6:$AV$47,17,0) -> 0 | L6: =IF(K6<>0,VLOOKUP($A6,[6]HISTOJUIL25!$A$6:$BB$47,42,0),"ECHEC") -> ECHEC | M6: =IF(P6=0,0,VLOOKUP($A6,[6]HISTOJUIL25!$A$6:$AV$47,32,0)) -> 0 | N6: =VLOOKUP($A6,[6]HISTOJUIL25!$A$6:$AV$47,33,0) -> 0 | O6: =IF(P6=0,0,($C$3-P6)) -> 0 | P6: =VLOOKUP($A6,[6]HISTOJUIL25!$A$6:$AV$47,30,0) -> 0
A7: AS201602 | B7: =IF(D7=0,0,VLOOKUP($A7,[6]HISTOJUIL25!$A$6:$BB$47,12,0)) -> 1 | C7: =VLOOKUP(A7,[7]LISTADHERENT!A$5:H$60,3,0) -> BOUTCHOUANG WILLIAM | D7: =IF(E7="ECHEC",0,VLOOKUP($A7,[6]HISTOJUIL25!$A$6:$AR$47,13,0)) -> 75000 | E7: =VLOOKUP($A7,[6]HISTOJUIL25!$A$6:$AV$47,9,0) -> BANQUE | F7: =VLOOKUP($A7,[6]HISTOJUIL25!$A$6:$AV$47,36,0) -> 0 | G7: =VLOOKUP($A7,[6]HISTOJUIL25!$A$6:$AV$47,39,0) -> 0 | H7: =IF(G7=0,"",VLOOKUP($A7,[6]HISTOFEV25!$A$6:$AV$47,42,0)) | I7: =VLOOKUP($A7,[6]HISTOJUIL25!$A$6:$AV$47,41,0) -> 0 | J7: =+TONTJUIN25!F7+TONTJUIN25!G7 -> 0 | K7: =VLOOKUP($A7,[6]HISTOJUIL25!$A$6:$AV$47,17,0) -> 0 | L7: =IF(K7<>0,VLOOKUP($A7,[6]HISTOJUIL25!$A$6:$BB$47,42,0),"ECHEC") -> ECHEC | M7: =IF(P7=0,0,VLOOKUP($A7,[6]HISTOJUIL25!$A$6:$AV$47,32,0)) -> 0 | N7: =VLOOKUP($A7,[6]HISTOJUIL25!$A$6:$AV$47,33,0) -> 0 | O7: =IF(P7=0,0,($C$3-P7)) -> 0 | P7: =VLOOKUP($A7,[6]HISTOJUIL25!$A$6:$AV$47,30,0) -> 0
A8: AS201613 | B8: =IF(D8=0,0,VLOOKUP($A8,[6]HISTOJUIL25!$A$6:$BB$47,12,0)) -> 1 | C8: =VLOOKUP(A8,[7]LISTADHERENT!A$5:H$60,3,0) -> HOTCHO BENJAMIN | D8: =IF(E8="ECHEC",0,VLOOKUP($A8,[6]HISTOJUIL25!$A$6:$AR$47,13,0)) -> 75000 | E8: =VLOOKUP($A8,[6]HISTOJUIL25!$A$6:$AV$47,9,0) -> BANQUE | F8: =VLOOKUP($A8,[6]HISTOJUIL25!$A$6:$AV$47,36,0) -> 0 | G8: =VLOOKUP($A8,[6]HISTOJUIL25!$A$6:$AV$47,39,0) -> 0 | H8: =IF(G8=0,"",VLOOKUP($A8,[6]HISTOFEV25!$A$6:$AV$47,42,0)) | I8: =VLOOKUP($A8,[6]HISTOJUIL25!$A$6:$AV$47,41,0) -> 0 | J8: =+TONTJUIN25!F8+TONTJUIN25!G8 -> 102500 | K8: =VLOOKUP($A8,[6]HISTOJUIL25!$A$6:$AV$47,17,0) -> 102500 | L8: =IF(K8<>0,VLOOKUP($A8,[6]HISTOJUIL25!$A$6:$BB$47,42,0),"ECHEC") -> BANQUE | M8: =IF(P8=0,0,VLOOKUP($A8,[6]HISTOJUIL25!$A$6:$AV$47,32,0)) -> 0 | N8: =VLOOKUP($A8,[6]HISTOJUIL25!$A$6:$AV$47,33,0) -> 0 | O8: =IF(P8=0,0,($C$3-P8)) -> 0 | P8: =VLOOKUP($A8,[6]HISTOJUIL25!$A$6:$AV$47,30,0) -> 0
A9: AS201619 | B9: =IF(D9=0,0,VLOOKUP($A9,[6]HISTOJUIL25!$A$6:$BB$47,12,0)) -> 1 | C9: =VLOOKUP(A9,[7]LISTADHERENT!A$5:H$60,3,0) -> KOUATCHO MESSACK | D9: =IF(E9="ECHEC",0,VLOOKUP($A9,[6]HISTOJUIL25!$A$6:$AR$47,13,0)) -> 75000 | E9: =VLOOKUP($A9,[6]HISTOJUIL25!$A$6:$AV$47,9,0) -> BANQUE | F9: =VLOOKUP($A9,[6]HISTOJUIL25!$A$6:$AV$47,36,0) -> 50000 | G9: =VLOOKUP($A9,[6]HISTOJUIL25!$A$6:$AV$47,39,0) -> 1000 | H9: =IF(G9=0,"",VLOOKUP($A9,[6]HISTOFEV25!$A$6:$AV$47,42,0)) -> BANQUE | I9: =VLOOKUP($A9,[6]HISTOJUIL25!$A$6:$AV$47,41,0) -> 0 | J9: =+TONTJUIN25!F9+TONTJUIN25!G9 -> 141000 | K9: =VLOOKUP($A9,[6]HISTOJUIL25!$A$6:$AV$47,17,0) -> 141000 | L9: =IF(K9<>0,VLOOKUP($A9,[6]HISTOJUIL25!$A$6:$BB$47,42,0),"ECHEC") -> BANQUE | M9: =IF(P9=0,0,VLOOKUP($A9,[6]HISTOJUIL25!$A$6:$AV$47,32,0)) -> 0 | N9: =VLOOKUP($A9,[6]HISTOJUIL25!$A$6:$AV$47,33,0) -> 0 | O9: =IF(P9=0,0,($C$3-P9)) -> 0 | P9: =VLOOKUP($A9,[6]HISTOJUIL25!$A$6:$AV$47,30,0) -> 0
A10: AS201611 | B10: =IF(D10=0,0,VLOOKUP($A10,[6]HISTOJUIL25!$A$6:$BB$47,12,0)) -> 1 | C10: =VLOOKUP(A10,[7]LISTADHERENT!A$5:H$60,3,0) -> HENGUE PAUL OMER | D10: =IF(E10="ECHEC",0,VLOOKUP($A10,[6]HISTOJUIL25!$A$6:$AR$47,13,0)) -> 75000 | E10: =VLOOKUP($A10,[6]HISTOJUIL25!$A$6:$AV$47,9,0) -> BANQUE | F10: =VLOOKUP($A10,[6]HISTOJUIL25!$A$6:$AV$47,36,0) -> 0 | G10: =VLOOKUP($A10,[6]HISTOJUIL25!$A$6:$AV$47,39,0) -> 0 | H10: =IF(G10=0,"",VLOOKUP($A10,[6]HISTOFEV25!$A$6:$AV$47,42,0)) | I10: =VLOOKUP($A10,[6]HISTOJUIL25!$A$6:$AV$47,41,0) -> 0 | J10: =+TONTJUIN25!F10+TONTJUIN25!G10 -> 0 | K10: =VLOOKUP($A10,[6]HISTOJUIL25!$A$6:$AV$47,17,0) -> 0 | L10: =IF(K10<>0,VLOOKUP($A10,[6]HISTOJUIL25!$A$6:$BB$47,42,0),"ECHEC") -> ECHEC | M10: =IF(P10=0,0,VLOOKUP($A10,[6]HISTOJUIL25!$A$6:$AV$47,32,0)) -> 0 | N10: =VLOOKUP($A10,[6]HISTOJUIL25!$A$6:$AV$47,33,0) -> 0 | O10: =IF(P10=0,0,($C$3-P10)) -> 0 | P10: =VLOOKUP($A10,[6]HISTOJUIL25!$A$6:$AV$47,30,0) -> 0
A11: AS201649 | B11: =IF(D11=0,0,VLOOKUP($A11,[6]HISTOJUIL25!$A$6:$BB$47,12,0)) -> 1 | C11: =VLOOKUP(A11,[7]LISTADHERENT!A$5:H$60,3,0) -> MBOGNING TUGMA GUY | D11: =IF(E11="ECHEC",0,VLOOKUP($A11,[6]HISTOJUIL25!$A$6:$AR$47,13,0)) -> 75000 | E11: =VLOOKUP($A11,[6]HISTOJUIL25!$A$6:$AV$47,9,0) -> BANQUE | F11: =VLOOKUP($A11,[6]HISTOJUIL25!$A$6:$AV$47,36,0) -> 100000 | G11: =VLOOKUP($A11,[6]HISTOJUIL25!$A$6:$AV$47,39,0) -> 2000 | H11: =IF(G11=0,"",VLOOKUP($A11,[6]HISTOFEV25!$A$6:$AV$47,42,0)) -> BANQUE | I11: =VLOOKUP($A11,[6]HISTOJUIL25!$A$6:$AV$47,41,0) -> 0 | J11: =+TONTJUIN25!F11+TONTJUIN25!G11 -> 102000 | K11: =VLOOKUP($A11,[6]HISTOJUIL25!$A$6:$AV$47,17,0) -> 102000 | L11: =IF(K11<>0,VLOOKUP($A11,[6]HISTOJUIL25!$A$6:$BB$47,42,0),"ECHEC") -> BANQUE | M11: =IF(P11=0,0,VLOOKUP($A11,[6]HISTOJUIL25!$A$6:$AV$47,32,0)) -> 0 | N11: =VLOOKUP($A11,[6]HISTOJUIL25!$A$6:$AV$47,33,0) -> 0 | O11: =IF(P11=0,0,($C$3-P11)) -> 0 | P11: =VLOOKUP($A11,[6]HISTOJUIL25!$A$6:$AV$47,30,0) -> 0
A12: AS201621 | B12: =IF(D12=0,0,VLOOKUP($A12,[6]HISTOJUIL25!$A$6:$BB$47,12,0)) -> 1 | C12: =VLOOKUP(A12,[7]LISTADHERENT!A$5:H$60,3,0) -> NANKAM APPOLINAIRE | D12: =IF(E12="ECHEC",0,VLOOKUP($A12,[6]HISTOJUIL25!$A$6:$AR$47,13,0)) -> 75000 | E12: =VLOOKUP($A12,[6]HISTOJUIL25!$A$6:$AV$47,9,0) -> BANQUE | F12: =VLOOKUP($A12,[6]HISTOJUIL25!$A$6:$AV$47,36,0) -> 0 | G12: =VLOOKUP($A12,[6]HISTOJUIL25!$A$6:$AV$47,39,0) -> 0 | H12: =IF(G12=0,"",VLOOKUP($A12,[6]HISTOFEV25!$A$6:$AV$47,42,0)) | I12: =VLOOKUP($A12,[6]HISTOJUIL25!$A$6:$AV$47,41,0) -> 0 | J12: =+TONTJUIN25!F12+TONTJUIN25!G12 -> 0 | K12: =VLOOKUP($A12,[6]HISTOJUIL25!$A$6:$AV$47,17,0) -> 0 | L12: =IF(K12<>0,VLOOKUP($A12,[6]HISTOJUIL25!$A$6:$BB$47,42,0),"ECHEC") -> ECHEC | M12: =IF(P12=0,0,VLOOKUP($A12,[6]HISTOJUIL25!$A$6:$AV$47,32,0)) -> 0 | N12: =VLOOKUP($A12,[6]HISTOJUIL25!$A$6:$AV$47,33,0) -> 0 | O12: =IF(P12=0,0,($C$3-P12)) -> 0 | P12: =VLOOKUP($A12,[6]HISTOJUIL25!$A$6:$AV$47,30,0) -> 0
A13: AS201624 | B13: =IF(D13=0,0,VLOOKUP($A13,[6]HISTOJUIL25!$A$6:$BB$47,12,0)) -> 1 | C13: =VLOOKUP(A13,[7]LISTADHERENT!A$5:H$60,3,0) -> NGONDIEP CLAUDE | D13: =IF(E13="ECHEC",0,VLOOKUP($A13,[6]HISTOJUIL25!$A$6:$AR$47,13,0)) -> 75000 | E13: =VLOOKUP($A13,[6]HISTOJUIL25!$A$6:$AV$47,9,0) -> BANQUE | F13: =VLOOKUP($A13,[6]HISTOJUIL25!$A$6:$AV$47,36,0) -> 121500 | G13: =VLOOKUP($A13,[6]HISTOJUIL25!$A$6:$AV$47,39,0) -> 0 | H13: =IF(G13=0,"",VLOOKUP($A13,[6]HISTOFEV25!$A$6:$AV$47,42,0)) | I13: =VLOOKUP($A13,[6]HISTOJUIL25!$A$6:$AV$47,41,0) -> 0 | J13: =+TONTJUIN25!F13+TONTJUIN25!G13 -> 125125 | K13: =VLOOKUP($A13,[6]HISTOJUIL25!$A$6:$AV$47,17,0) -> 125125 | L13: =IF(K13<>0,VLOOKUP($A13,[6]HISTOJUIL25!$A$6:$BB$47,42,0),"ECHEC") -> BANQUE | M13: =IF(P13=0,0,VLOOKUP($A13,[6]HISTOJUIL25!$A$6:$AV$47,32,0)) -> 0 | N13: =VLOOKUP($A13,[6]HISTOJUIL25!$A$6:$AV$47,33,0) -> 0 | O13: =IF(P13=0,0,($C$3-P13)) -> 0 | P13: =VLOOKUP($A13,[6]HISTOJUIL25!$A$6:$AV$47,30,0) -> 0
A14: AS201633 | B14: =IF(D14=0,0,VLOOKUP($A14,[6]HISTOJUIL25!$A$6:$BB$47,12,0)) -> 1 | C14: =VLOOKUP(A14,[7]LISTADHERENT!A$5:H$60,3,0) -> PATEGO NJOSSU GUSTAVE | D14: =IF(E14="ECHEC",0,VLOOKUP($A14,[6]HISTOJUIL25!$A$6:$AR$47,13,0)) -> 75000 | E14: =VLOOKUP($A14,[6]HISTOJUIL25!$A$6:$AV$47,9,0) -> BANQUE | F14: =VLOOKUP($A14,[6]HISTOJUIL25!$A$6:$AV$47,36,0) -> 0 | G14: =VLOOKUP($A14,[6]HISTOJUIL25!$A$6:$AV$47,39,0) -> 0 | H14: =IF(G14=0,"",VLOOKUP($A14,[6]HISTOFEV25!$A$6:$AV$47,42,0)) | I14: =VLOOKUP($A14,[6]HISTOJUIL25!$A$6:$AV$47,41,0) -> 0 | J14: =+TONTJUIN25!F14+TONTJUIN25!G14 -> 0 | K14: =VLOOKUP($A14,[6]HISTOJUIL25!$A$6:$AV$47,17,0) -> 0 | L14: =IF(K14<>0,VLOOKUP($A14,[6]HISTOJUIL25!$A$6:$BB$47,42,0),"ECHEC") -> ECHEC | M14: =IF(P14=0,0,VLOOKUP($A14,[6]HISTOJUIL25!$A$6:$AV$47,32,0)) -> 0 | N14: =VLOOKUP($A14,[6]HISTOJUIL25!$A$6:$AV$47,33,0) -> 0 | O14: =IF(P14=0,0,($C$3-P14)) -> 0 | P14: =VLOOKUP($A14,[6]HISTOJUIL25!$A$6:$AV$47,30,0) -> 0
A15: AS201641 | B15: =IF(D15=0,0,VLOOKUP($A15,[6]HISTOJUIL25!$A$6:$BB$47,12,0)) -> 1 | C15: =VLOOKUP(A15,[7]LISTADHERENT!A$5:H$60,3,0) -> TCHOUAMOU MATHIEU | D15: =IF(E15="ECHEC",0,VLOOKUP($A15,[6]HISTOJUIL25!$A$6:$AR$47,13,0)) -> 75000 | E15: =VLOOKUP($A15,[6]HISTOJUIL25!$A$6:$AV$47,9,0) -> BANQUE | F15: =VLOOKUP($A15,[6]HISTOJUIL25!$A$6:$AV$47,36,0) -> 100000 | G15: =VLOOKUP($A15,[6]HISTOJUIL25!$A$6:$AV$47,39,0) -> 2000 | H15: =IF(G15=0,"",VLOOKUP($A15,[6]HISTOFEV25!$A$6:$AV$47,42,0)) -> 0 | I15: =VLOOKUP($A15,[6]HISTOJUIL25!$A$6:$AV$47,41,0) -> 0 | J15: =+TONTJUIN25!F15+TONTJUIN25!G15 -> 102000 | K15: =VLOOKUP($A15,[6]HISTOJUIL25!$A$6:$AV$47,17,0) -> 102000 | L15: =IF(K15<>0,VLOOKUP($A15,[6]HISTOJUIL25!$A$6:$BB$47,42,0),"ECHEC") -> BANQUE | M15: =IF(P15=0,0,VLOOKUP($A15,[6]HISTOJUIL25!$A$6:$AV$47,32,0)) -> 0 | N15: =VLOOKUP($A15,[6]HISTOJUIL25!$A$6:$AV$47,33,0) -> 0 | O15: =IF(P15=0,0,($C$3-P15)) -> 892500 | P15: =VLOOKUP($A15,[6]HISTOJUIL25!$A$6:$AV$47,30,0) -> 7500
A16: AS201658 | B16: =IF(D16=0,0,VLOOKUP($A16,[6]HISTOJUIL25!$A$6:$BB$47,12,0)) -> 1 | C16: =VLOOKUP(A16,[7]LISTADHERENT!A$5:H$60,3,0) -> YANTCHOU GERVAIS | D16: =IF(E16="ECHEC",0,VLOOKUP($A16,[6]HISTOJUIL25!$A$6:$AR$47,13,0)) -> 75000 | E16: =VLOOKUP($A16,[6]HISTOJUIL25!$A$6:$AV$47,9,0) -> BANQUE | F16: =VLOOKUP($A16,[6]HISTOJUIL25!$A$6:$AV$47,36,0) -> 0 | G16: =VLOOKUP($A16,[6]HISTOJUIL25!$A$6:$AV$47,39,0) -> 0 | H16: =IF(G16=0,"",VLOOKUP($A16,[6]HISTOFEV25!$A$6:$AV$47,42,0)) | I16: =VLOOKUP($A16,[6]HISTOJUIL25!$A$6:$AV$47,41,0) -> 0 | J16: =+TONTJUIN25!F16+TONTJUIN25!G16 -> 0 | K16: =VLOOKUP($A16,[6]HISTOJUIL25!$A$6:$AV$47,17,0) -> 0 | L16: =IF(K16<>0,VLOOKUP($A16,[6]HISTOJUIL25!$A$6:$BB$47,42,0),"ECHEC") -> ECHEC | M16: =IF(P16=0,0,VLOOKUP($A16,[6]HISTOJUIL25!$A$6:$AV$47,32,0)) -> 0 | N16: =VLOOKUP($A16,[6]HISTOJUIL25!$A$6:$AV$47,33,0) -> 0 | O16: =IF(P16=0,0,($C$3-P16)) -> 0 | P16: =VLOOKUP($A16,[6]HISTOJUIL25!$A$6:$AV$47,30,0) -> 0
A17: AS201647 | B17: =IF(D17=0,0,VLOOKUP($A17,[6]HISTOJUIL25!$A$6:$BB$47,12,0)) -> 1 | C17: =VLOOKUP(A17,[7]LISTADHERENT!A$5:H$60,3,0) -> YOUMBI EMMANUEL | D17: =IF(E17="ECHEC",0,VLOOKUP($A17,[6]HISTOJUIL25!$A$6:$AR$47,13,0)) -> 75000 | E17: =VLOOKUP($A17,[6]HISTOJUIL25!$A$6:$AV$47,9,0) -> BANQUE | F17: =VLOOKUP($A17,[6]HISTOJUIL25!$A$6:$AV$47,36,0) -> 0 | G17: =VLOOKUP($A17,[6]HISTOJUIL25!$A$6:$AV$47,39,0) -> 0 | H17: =IF(G17=0,"",VLOOKUP($A17,[6]HISTOFEV25!$A$6:$AV$47,42,0)) | I17: =VLOOKUP($A17,[6]HISTOJUIL25!$A$6:$AV$47,41,0) -> 0 | J17: =+TONTJUIN25!F17+TONTJUIN25!G17 -> 0 | K17: =VLOOKUP($A17,[6]HISTOJUIL25!$A$6:$AV$47,17,0) -> 0 | L17: =IF(K17<>0,VLOOKUP($A17,[6]HISTOJUIL25!$A$6:$BB$47,42,0),"ECHEC") -> ECHEC | M17: =IF(P17=0,0,VLOOKUP($A17,[6]HISTOJUIL25!$A$6:$AV$47,32,0)) -> 0 | N17: =VLOOKUP($A17,[6]HISTOJUIL25!$A$6:$AV$47,33,0) -> 0 | O17: =IF(P17=0,0,($C$3-P17)) -> 0 | P17: =VLOOKUP($A17,[6]HISTOJUIL25!$A$6:$AV$47,30,0) -> 0
A19: TOTAL PART | B19: =SUM(B6:B18) -> 13
A20: NBRE ADHERENT | B20: =COUNT(D6:D18) -> 12 | D20: =SUM(D6:D19) -> 975000 | E20: =SUM(E6:E19) -> 0 | F20: =SUM(F6:F19) -> 371500 | G20: =SUM(G6:G19) -> 5000 | H20: =SUM(H6:H19) -> 0 | I20: =SUM(I6:I19) -> 0 | J20: =SUM(J6:J19) -> 572625 | K20: =SUM(K6:K19) -> 572625 | ... P20: =SUM(P6:P19) -> 7500
L21: NBRE PART | M21: PART VENDUE
D22: MONTANT TONTINE | E22: REMBOURSEMENT PETIT LOT | F22: VENTE PETIT LOT | G22: VENTE LOT PRINCIPAL | H22: SOLDE EN CAISSE | J22: TONTINE + REMB + INTERET VENTE+RELIQUAT | K22: =D26+E26+P20+TONTFEV25!M27 -> 1355625
D23: =SUMIFS(D6:D19,E6:E19,"ESPECES") -> 0 | E23: =SUMIFS(K7:K14,L7:L14,"ESPECES") -> 0 | F23: =SUMIFS(F7:F19,H7:H19,"ESPECES") -> 0 | G23: =SUMIFS(O7:O19,M7:M19,"ESPECES") -> 0 | H23: =D23+E23-F23-G23 -> 0 | J23: LOT PRINCIPAL | K23: =C3*COUNTIF(O7:O19,">0") -> 900000 | L23: =D3 -> 1 | M23: =COUNTIF(O7:O14,">0") -> 0
D24: =SUMIFS(D6:D19,E6:E19,"BANQUE") -> 975000 | E24: =SUMIFS(K7:K14,L7:L14,"BANQUE") -> 470625 | F24: =SUMIFS(F7:F19,H7:H19,"BANQUE") -> 150000 | G24: =SUMIFS(O7:O19,M7:M19,"BANQUE") -> 0 | H24: =D24+E24-F24-G24 -> 1295625
J25: PETIT LOT | K25: =K22-K23 -> 455625
D26: =D23+D24 -> 975000 | E26: =E23+E24 -> 470625 | F26: =F23+F24 -> 150000 | G26: =G23+G24 -> 0 | H26: =H23+H24 -> 1295625
J27: RELIQUAT | K27: =K25-F20 -> 84125 | M27: =K27 -> 84125 | N27: CUMUL
J29: ECHEC TONTINE MOIS | K29: =COUNTIFS(E7:E18,"ECHEC")*75000 -> 0 | M29: =+K29+TONTFEV25!M29 -> 0 | N29: CUMUL
J30: ECHEC REMBOURSEMENT MOIS | K30: =J20-E26 -> 102000 | M30: =+K30+TONTFEV25!M30 -> 102000 | N30: CUMUL

Sheet TONTAOUT25
A1: ASSOCIATION | B1: ASELBY
A2: ANNEE | B2: 2025 | C2: TONIINE | D2: NBRE PART
A3: TAUX TONTINE | B3: 75000 | C3: =B3*12 -> 900000 | D3: =ROUNDDOWN(K22/C3,0) -> 1
C4: 45882
A5: MATRICULE | B5: NBREPART | C5: NOM ET PRENOM | D5: MONTANT TONTINE | E5: MODE VERSEMENT | F5: VENTE PETIT LOT | G5: INTERET PETIT LOT | H5: MODE VERSEMENT VENTE PETIT LOT | I5: NUMERO CHEQUE | J5: MONTANT A REMBOURSER PETIT LOT | K5: REMBOURSEMENT PETIT LOT | L5: MODE VERSEMENT REMBOURSEMENT | M5: MODE VERSEMENTLOT PRINCIPAL | N5: NUMERO CHEQUE | O5: MONTANT LOT PRINCIPAL | P5: INTERET LOT PRINCIPAL
A6: AS201648 | B6: =IF(D6=0,0,VLOOKUP($A6,[6]HISTOAOUT25!$A$6:$BB$47,12,0)) -> 2 | C6: =VLOOKUP(A6,[7]LISTADHERENT!A$5:H$60,3,0) -> ASELBY | D6: =IF(E6="ECHEC",0,VLOOKUP($A6,[6]HISTOAOUT25!$A$6:$AR$47,13,0)) -> 150000 | E6: =VLOOKUP($A6,[6]HISTOAOUT25!$A$6:$AV$47,9,0) -> BANQUE | F6: =VLOOKUP($A6,[6]HISTOAOUT25!$A$6:$AV$47,36,0) -> 0 | G6: =VLOOKUP($A6,[6]HISTOAOUT25!$A$6:$AV$47,39,0) -> 0 | H6: =IF(G6=0,"",VLOOKUP($A6,[6]HISTOFEV25!$A$6:$AV$47,42,0)) | I6: =VLOOKUP($A6,[6]HISTOAOUT25!$A$6:$AV$47,41,0) -> 0 | J6: =+TONTJUIL25!F6+TONTJUIL25!G6 -> 0 | K6: =VLOOKUP($A6,[6]HISTOAOUT25!$A$6:$AV$47,17,0) -> 0 | L6: =IF(K6<>0,VLOOKUP($A6,[6]HISTOAOUT25!$A$6:$BB$47,42,0),"ECHEC") -> ECHEC | M6: =IF(P6=0,0,VLOOKUP($A6,[6]HISTOAOUT25!$A$6:$AV$47,32,0)) -> 0 | N6: =VLOOKUP($A6,[6]HISTOAOUT25!$A$6:$AV$47,33,0) -> 0 | O6: =IF(P6=0,0,($C$3-P6)) -> 0 | P6: =VLOOKUP($A6,[6]HISTOAOUT25!$A$6:$AV$47,30,0) -> 0
A7: AS201602 | B7: =IF(D7=0,0,VLOOKUP($A7,[6]HISTOAOUT25!$A$6:$BB$47,12,0)) -> 1 | C7: =VLOOKUP(A7,[7]LISTADHERENT!A$5:H$60,3,0) -> BOUTCHOUANG WILLIAM | D7: =IF(E7="ECHEC",0,VLOOKUP($A7,[6]HISTOAOUT25!$A$6:$AR$47,13,0)) -> 75000 | E7: =VLOOKUP($A7,[6]HISTOAOUT25!$A$6:$AV$47,9,0) -> BANQUE | F7: =VLOOKUP($A7,[6]HISTOAOUT25!$A$6:$AV$47,36,0) -> 0 | G7: =VLOOKUP($A7,[6]HISTOAOUT25!$A$6:$AV$47,39,0) -> 0 | H7: =IF(G7=0,"",VLOOKUP($A7,[6]HISTOFEV25!$A$6:$AV$47,42,0)) | I7: =VLOOKUP($A7,[6]HISTOAOUT25!$A$6:$AV$47,41,0) -> 0 | J7: =+TONTJUIL25!F7+TONTJUIL25!G7 -> 0 | K7: =VLOOKUP($A7,[6]HISTOAOUT25!$A$6:$AV$47,17,0) -> 0 | L7: =IF(K7<>0,VLOOKUP($A7,[6]HISTOAOUT25!$A$6:$BB$47,42,0),"ECHEC") -> ECHEC | M7: =IF(P7=0,0,VLOOKUP($A7,[6]HISTOAOUT25!$A$6:$AV$47,32,0)) -> 0 | N7: =VLOOKUP($A7,[6]HISTOAOUT25!$A$6:$AV$47,33,0) -> 0 | O7: =IF(P7=0,0,($C$3-P7)) -> 0 | P7: =VLOOKUP($A7,[6]HISTOAOUT25!$A$6:$AV$47,30,0) -> 0
A8: AS201613 | B8: =IF(D8=0,0,VLOOKUP($A8,[6]HISTOAOUT25!$A$6:$BB$47,12,0)) -> 1 | C8: =VLOOKUP(A8,[7]LISTADHERENT!A$5:H$60,3,0) -> HOTCHO BENJAMIN | D8: =IF(E8="ECHEC",0,VLOOKUP($A8,[6]HISTOAOUT25!$A$6:$AR$47,13,0)) -> 75000 | E8: =VLOOKUP($A8,[6]HISTOAOUT25!$A$6:$AV$47,9,0) -> BANQUE | F8: =VLOOKUP($A8,[6]HISTOAOUT25!$A$6:$AV$47,36,0) -> 0 | G8: =VLOOKUP($A8,[6]HISTOAOUT25!$A$6:$AV$47,39,0) -> 0 | H8: =IF(G8=0,"",VLOOKUP($A8,[6]HISTOFEV25!$A$6:$AV$47,42,0)) | I8: =VLOOKUP($A8,[6]HISTOAOUT25!$A$6:$AV$47,41,0) -> 0 | J8: =+TONTJUIL25!F8+TONTJUIL25!G8 -> 0 | K8: =VLOOKUP($A8,[6]HISTOAOUT25!$A$6:$AV$47,17,0) -> 0 | L8: =IF(K8<>0,VLOOKUP($A8,[6]HISTOAOUT25!$A$6:$BB$47,42,0),"ECHEC") -> ECHEC | M8: =IF(P8=0,0,VLOOKUP($A8,[6]HISTOAOUT25!$A$6:$AV$47,32,0)) -> 0 | N8: =VLOOKUP($A8,[6]HISTOAOUT25!$A$6:$AV$47,33,0) -> 0 | O8: =IF(P8=0,0,($C$3-P8)) -> 0 | P8: =VLOOKUP($A8,[6]HISTOAOUT25!$A$6:$AV$47,30,0) -> 0
A9: AS201619 | B9: =IF(D9=0,0,VLOOKUP($A9,[6]HISTOAOUT25!$A$6:$BB$47,12,0)) -> 1 | C9: =VLOOKUP(A9,[7]LISTADHERENT!A$5:H$60,3,0) -> KOUATCHO MESSACK | D9: =IF(E9="ECHEC",0,VLOOKUP($A9,[6]HISTOAOUT25!$A$6:$AR$47,13,0)) -> 75000 | E9: =VLOOKUP($A9,[6]HISTOAOUT25!$A$6:$AV$47,9,0) -> BANQUE | F9: =VLOOKUP($A9,[6]HISTOAOUT25!$A$6:$AV$47,36,0) -> 200000 | G9: =VLOOKUP($A9,[6]HISTOAOUT25!$A$6:$AV$47,39,0) -> 3000 | H9: =IF(G9=0,"",VLOOKUP($A9,[6]HISTOFEV25!$A$6:$AV$47,42,0)) -> BANQUE | I9: =VLOOKUP($A9,[6]HISTOAOUT25!$A$6:$AV$47,41,0) -> 0 | J9: =+TONTJUIL25!F9+TONTJUIL25!G9 -> 51000 | K9: =VLOOKUP($A9,[6]HISTOAOUT25!$A$6:$AV$47,17,0) -> 51000 | L9: =IF(K9<>0,VLOOKUP($A9,[6]HISTOAOUT25!$A$6:$BB$47,42,0),"ECHEC") -> BANQUE | M9: =IF(P9=0,0,VLOOKUP($A9,[6]HISTOAOUT25!$A$6:$AV$47,32,0)) -> 0 | N9: =VLOOKUP($A9,[6]HISTOAOUT25!$A$6:$AV$47,33,0) -> 0 | O9: =IF(P9=0,0,($C$3-P9)) -> 0 | P9: =VLOOKUP($A9,[6]HISTOAOUT25!$A$6:$AV$47,30,0) -> 0
A10: AS201611 | B10: =IF(D10=0,0,VLOOKUP($A10,[6]HISTOAOUT25!$A$6:$BB$47,12,0)) -> 1 | C10: =VLOOKUP(A10,[7]LISTADHERENT!A$5:H$60,3,0) -> HENGUE PAUL OMER | D10: =IF(E10="ECHEC",0,VLOOKUP($A10,[6]HISTOAOUT25!$A$6:$AR$47,13,0)) -> 75000 | E10: =VLOOKUP($A10,[6]HISTOAOUT25!$A$6:$AV$47,9,0) -> BANQUE | F10: =VLOOKUP($A10,[6]HISTOAOUT25!$A$6:$AV$47,36,0) -> 0 | G10: =VLOOKUP($A10,[6]HISTOAOUT25!$A$6:$AV$47,39,0) -> 0 | H10: =IF(G10=0,"",VLOOKUP($A10,[6]HISTOFEV25!$A$6:$AV$47,42,0)) | I10: =VLOOKUP($A10,[6]HISTOAOUT25!$A$6:$AV$47,41,0) -> 0 | J10: =+TONTJUIL25!F10+TONTJUIL25!G10 -> 0 | K10: =VLOOKUP($A10,[6]HISTOAOUT25!$A$6:$AV$47,17,0) -> 0 | L10: =IF(K10<>0,VLOOKUP($A10,[6]HISTOAOUT25!$A$6:$BB$47,42,0),"ECHEC") -> ECHEC | M10: =IF(P10=0,0,VLOOKUP($A10,[6]HISTOAOUT25!$A$6:$AV$47,32,0)) -> 0 | N10: =VLOOKUP($A10,[6]HISTOAOUT25!$A$6:$AV$47,33,0) -> 0 | O10: =IF(P10=0,0,($C$3-P10)) -> 0 | P10: =VLOOKUP($A10,[6]HISTOAOUT25!$A$6:$AV$47,30,0) -> 0
A11: AS201649 | B11: =IF(D11=0,0,VLOOKUP($A11,[6]HISTOAOUT25!$A$6:$BB$47,12,0)) -> 1 | C11: =VLOOKUP(A11,[7]LISTADHERENT!A$5:H$60,3,0) -> MBOGNING TUGMA GUY | D11: =IF(E11="ECHEC",0,VLOOKUP($A11,[6]HISTOAOUT25!$A$6:$AR$47,13,0)) -> 75000 | E11: =VLOOKUP($A11,[6]HISTOAOUT25!$A$6:$AV$47,9,0) -> BANQUE | F11: =VLOOKUP($A11,[6]HISTOAOUT25!$A$6:$AV$47,36,0) -> 200000 | G11: =VLOOKUP($A11,[6]HISTOAOUT25!$A$6:$AV$47,39,0) -> 2000 | H11: =IF(G11=0,"",VLOOKUP($A11,[6]HISTOFEV25!$A$6:$AV$47,42,0)) -> BANQUE | I11: =VLOOKUP($A11,[6]HISTOAOUT25!$A$6:$AV$47,41,0) -> 0 | J11: =+TONTJUIL25!F11+TONTJUIL25!G11 -> 102000 | K11: =VLOOKUP($A11,[6]HISTOAOUT25!$A$6:$AV$47,17,0) -> 102000 | L11: =IF(K11<>0,VLOOKUP($A11,[6]HISTOAOUT25!$A$6:$BB$47,42,0),"ECHEC") -> BANQUE | M11: =IF(P11=0,0,VLOOKUP($A11,[6]HISTOAOUT25!$A$6:$AV$47,32,0)) -> 0 | N11: =VLOOKUP($A11,[6]HISTOAOUT25!$A$6:$AV$47,33,0) -> 0 | O11: =IF(P11=0,0,($C$3-P11)) -> 0 | P11: =VLOOKUP($A11,[6]HISTOAOUT25!$A$6:$AV$47,30,0) -> 0
A12: AS201621 | B12: =IF(D12=0,0,VLOOKUP($A12,[6]HISTOAOUT25!$A$6:$BB$47,12,0)) -> 1 | C12: =VLOOKUP(A12,[7]LISTADHERENT!A$5:H$60,3,0) -> NANKAM APPOLINAIRE | D12: =IF(E12="ECHEC",0,VLOOKUP($A12,[6]HISTOAOUT25!$A$6:$AR$47,13,0)) -> 75000 | E12: =VLOOKUP($A12,[6]HISTOAOUT25!$A$6:$AV$47,9,0) -> BANQUE | F12: =VLOOKUP($A12,[6]HISTOAOUT25!$A$6:$AV$47,36,0) -> 0 | G12: =VLOOKUP($A12,[6]HISTOAOUT25!$A$6:$AV$47,39,0) -> 0 | H12: =IF(G12=0,"",VLOOKUP($A12,[6]HISTOFEV25!$A$6:$AV$47,42,0)) | I12: =VLOOKUP($A12,[6]HISTOAOUT25!$A$6:$AV$47,41,0) -> 0 | J12: =+TONTJUIL25!F12+TONTJUIL25!G12 -> 0 | K12: =VLOOKUP($A12,[6]HISTOAOUT25!$A$6:$AV$47,17,0) -> 0 | L12: =IF(K12<>0,VLOOKUP($A12,[6]HISTOAOUT25!$A$6:$BB$47,42,0),"ECHEC") -> ECHEC | M12: =IF(P12=0,0,VLOOKUP($A12,[6]HISTOAOUT25!$A$6:$AV$47,32,0)) -> 0 | N12: =VLOOKUP($A12,[6]HISTOAOUT25!$A$6:$AV$47,33,0) -> 0 | O12: =IF(P12=0,0,($C$3-P12)) -> 0 | P12: =VLOOKUP($A12,[6]HISTOAOUT25!$A$6:$AV$47,30,0) -> 0
A13: AS201624 | B13: =IF(D13=0,0,VLOOKUP($A13,[6]HISTOAOUT25!$A$6:$BB$47,12,0)) -> 1 | C13: =VLOOKUP(A13,[7]LISTADHERENT!A$5:H$60,3,0) -> NGONDIEP CLAUDE | D13: =IF(E13="ECHEC",0,VLOOKUP($A13,[6]HISTOAOUT25!$A$6:$AR$47,13,0)) -> 75000 | E13: =VLOOKUP($A13,[6]HISTOAOUT25!$A$6:$AV$47,9,0) -> BANQUE | F13: =VLOOKUP($A13,[6]HISTOAOUT25!$A$6:$AV$47,36,0) -> 51500 | G13: =VLOOKUP($A13,[6]HISTOAOUT25!$A$6:$AV$47,39,0) -> 1000 | H13: =IF(G13=0,"",VLOOKUP($A13,[6]HISTOFEV25!$A$6:$AV$47,42,0)) -> 0 | I13: =VLOOKUP($A13,[6]HISTOAOUT25!$A$6:$AV$47,41,0) -> 0 | J13: =+TONTJUIL25!F13+TONTJUIL25!G13 -> 121500 | K13: =VLOOKUP($A13,[6]HISTOAOUT25!$A$6:$AV$47,17,0) -> 121500 | L13: =IF(K13<>0,VLOOKUP($A13,[6]HISTOAOUT25!$A$6:$BB$47,42,0),"ECHEC") -> BANQUE | M13: =IF(P13=0,0,VLOOKUP($A13,[6]HISTOAOUT25!$A$6:$AV$47,32,0)) -> 0 | N13: =VLOOKUP($A13,[6]HISTOAOUT25!$A$6:$AV$47,33,0) -> 0 | O13: =IF(P13=0,0,($C$3-P13)) -> 885000 | P13: =VLOOKUP($A13,[6]HISTOAOUT25!$A$6:$AV$47,30,0) -> 15000
A14: AS201633 | B14: =IF(D14=0,0,VLOOKUP($A14,[6]HISTOAOUT25!$A$6:$BB$47,12,0)) -> 1 | C14: =VLOOKUP(A14,[7]LISTADHERENT!A$5:H$60,3,0) -> PATEGO NJOSSU GUSTAVE | D14: =IF(E14="ECHEC",0,VLOOKUP($A14,[6]HISTOAOUT25!$A$6:$AR$47,13,0)) -> 75000 | E14: =VLOOKUP($A14,[6]HISTOAOUT25!$A$6:$AV$47,9,0) -> BANQUE | F14: =VLOOKUP($A14,[6]HISTOAOUT25!$A$6:$AV$47,36,0) -> 0 | G14: =VLOOKUP($A14,[6]HISTOAOUT25!$A$6:$AV$47,39,0) -> 0 | H14: =IF(G14=0,"",VLOOKUP($A14,[6]HISTOFEV25!$A$6:$AV$47,42,0)) | I14: =VLOOKUP($A14,[6]HISTOAOUT25!$A$6:$AV$47,41,0) -> 0 | J14: =+TONTJUIL25!F14+TONTJUIL25!G14 -> 0 | K14: =VLOOKUP($A14,[6]HISTOAOUT25!$A$6:$AV$47,17,0) -> 0 | L14: =IF(K14<>0,VLOOKUP($A14,[6]HISTOAOUT25!$A$6:$BB$47,42,0),"ECHEC") -> ECHEC | M14: =IF(P14=0,0,VLOOKUP($A14,[6]HISTOAOUT25!$A$6:$AV$47,32,0)) -> 0 | N14: =VLOOKUP($A14,[6]HISTOAOUT25!$A$6:$AV$47,33,0) -> 0 | O14: =IF(P14=0,0,($C$3-P14)) -> 0 | P14: =VLOOKUP($A14,[6]HISTOAOUT25!$A$6:$AV$47,30,0) -> 0
A15: AS201641 | B15: =IF(D15=0,0,VLOOKUP($A15,[6]HISTOAOUT25!$A$6:$BB$47,12,0)) -> 1 | C15: =VLOOKUP(A15,[7]LISTADHERENT!A$5:H$60,3,0) -> TCHOUAMOU MATHIEU | D15: =IF(E15="ECHEC",0,VLOOKUP($A15,[6]HISTOAOUT25!$A$6:$AR$47,13,0)) -> 75000 | E15: =VLOOKUP($A15,[6]HISTOAOUT25!$A$6:$AV$47,9,0) -> BANQUE | F15: =VLOOKUP($A15,[6]HISTOAOUT25!$A$6:$AV$47,36,0) -> 200000 | G15: =VLOOKUP($A15,[6]HISTOAOUT25!$A$6:$AV$47,39,0) -> 2000 | H15: =IF(G15=0,"",VLOOKUP($A15,[6]HISTOFEV25!$A$6:$AV$47,42,0)) -> 0 | I15: =VLOOKUP($A15,[6]HISTOAOUT25!$A$6:$AV$47,41,0) -> 0 | J15: =+TONTJUIL25!F15+TONTJUIL25!G15 -> 102000 | K15: =VLOOKUP($A15,[6]HISTOAOUT25!$A$6:$AV$47,17,0) -> 102000 | L15: =IF(K15<>0,VLOOKUP($A15,[6]HISTOAOUT25!$A$6:$BB$47,42,0),"ECHEC") -> BANQUE | M15: =IF(P15=0,0,VLOOKUP($A15,[6]HISTOAOUT25!$A$6:$AV$47,32,0)) -> 0 | N15: =VLOOKUP($A15,[6]HISTOAOUT25!$A$6:$AV$47,33,0) -> 0 | O15: =IF(P15=0,0,($C$3-P15)) -> 0 | P15: =VLOOKUP($A15,[6]HISTOAOUT25!$A$6:$AV$47,30,0) -> 0
A16: AS201658 | B16: =IF(D16=0,0,VLOOKUP($A16,[6]HISTOAOUT25!$A$6:$BB$47,12,0)) -> 1 | C16: =VLOOKUP(A16,[7]LISTADHERENT!A$5:H$60,3,0) -> YANTCHOU GERVAIS | D16: =IF(E16="ECHEC",0,VLOOKUP($A16,[6]HISTOAOUT25!$A$6:$AR$47,13,0)) -> 75000 | E16: =VLOOKUP($A16,[6]HISTOAOUT25!$A$6:$AV$47,9,0) -> BANQUE | F16: =VLOOKUP($A16,[6]HISTOAOUT25!$A$6:$AV$47,36,0) -> 100000 | G16: =VLOOKUP($A16,[6]HISTOAOUT25!$A$6:$AV$47,39,0) -> 2000 | H16: =IF(G16=0,"",VLOOKUP($A16,[6]HISTOFEV25!$A$6:$AV$47,42,0)) -> 0 | I16: =VLOOKUP($A16,[6]HISTOAOUT25!$A$6:$AV$47,41,0) -> 0 | J16: =+TONTJUIL25!F16+TONTJUIL25!G16 -> 0 | K16: =VLOOKUP($A16,[6]HISTOAOUT25!$A$6:$AV$47,17,0) -> 0 | L16: =IF(K16<>0,VLOOKUP($A16,[6]HISTOAOUT25!$A$6:$BB$47,42,0),"ECHEC") -> ECHEC | M16: =IF(P16=0,0,VLOOKUP($A16,[6]HISTOAOUT25!$A$6:$AV$47,32,0)) -> 0 | N16: =VLOOKUP($A16,[6]HISTOAOUT25!$A$6:$AV$47,33,0) -> 0 | O16: =IF(P16=0,0,($C$3-P16)) -> 0 | P16: =VLOOKUP($A16,[6]HISTOAOUT25!$A$6:$AV$47,30,0) -> 0
A17: AS201647 | B17: =IF(D17=0,0,VLOOKUP($A17,[6]HISTOAOUT25!$A$6:$BB$47,12,0)) -> 1 | C17: =VLOOKUP(A17,[7]LISTADHERENT!A$5:H$60,3,0) -> YOUMBI EMMANUEL | D17: =IF(E17="ECHEC",0,VLOOKUP($A17,[6]HISTOAOUT25!$A$6:$AR$47,13,0)) -> 75000 | E17: =VLOOKUP($A17,[6]HISTOAOUT25!$A$6:$AV$47,9,0) -> BANQUE | F17: =VLOOKUP($A17,[6]HISTOAOUT25!$A$6:$AV$47,36,0) -> 0 | G17: =VLOOKUP($A17,[6]HISTOAOUT25!$A$6:$AV$47,39,0) -> 0 | H17: =IF(G17=0,"",VLOOKUP($A17,[6]HISTOFEV25!$A$6:$AV$47,42,0)) | I17: =VLOOKUP($A17,[6]HISTOAOUT25!$A$6:$AV$47,41,0) -> 0 | J17: =+TONTJUIL25!F17+TONTJUIL25!G17 -> 0 | K17: =VLOOKUP($A17,[6]HISTOAOUT25!$A$6:$AV$47,17,0) -> 0 | L17: =IF(K17<>0,VLOOKUP($A17,[6]HISTOAOUT25!$A$6:$BB$47,42,0),"ECHEC") -> ECHEC | M17: =IF(P17=0,0,VLOOKUP($A17,[6]HISTOAOUT25!$A$6:$AV$47,32,0)) -> 0 | N17: =VLOOKUP($A17,[6]HISTOAOUT25!$A$6:$AV$47,33,0) -> 0 | O17: =IF(P17=0,0,($C$3-P17)) -> 0 | P17: =VLOOKUP($A17,[6]HISTOAOUT25!$A$6:$AV$47,30,0) -> 0
A19: TOTAL PART | B19: =SUM(B6:B18) -> 13
A20: NBRE ADHERENT | B20: =COUNT(D6:D18) -> 12 | D20: =SUM(D6:D19) -> 975000 | E20: =SUM(E6:E19) -> 0 | F20: =SUM(F6:F19) -> 751500 | G20: =SUM(G6:G19) -> 10000 | H20: =SUM(H6:H19) -> 0 | I20: =SUM(I6:I19) -> 0 | J20: =SUM(J6:J19) -> 376500 | K20: =SUM(K6:K19) -> 376500 | ... P20: =SUM(P6:P19) -> 15000
L21: NBRE PART | M21: PART VENDUE
D22: MONTANT TONTINE | E22: REMBOURSEMENT PETIT LOT | F22: VENTE PETIT LOT | G22: VENTE LOT PRINCIPAL | H22: SOLDE EN CAISSE | J22: TONTINE + REMB + INTERET VENTE+RELIQUAT | K22: =D26+E26+P20+TONTFEV25!M27 -> 1167000
D23: =SUMIFS(D6:D19,E6:E19,"ESPECES") -> 0 | E23: =SUMIFS(K7:K14,L7:L14,"ESPECES") -> 0 | F23: =SUMIFS(F7:F19,H7:H19,"ESPECES") -> 0 | G23: =SUMIFS(O7:O19,M7:M19,"ESPECES") -> 0 | H23: =D23+E23-F23-G23 -> 0 | J23: LOT PRINCIPAL | K23: =C3*COUNTIF(O7:O19,">0") -> 900000 | L23: =D3 -> 1 | M23: =COUNTIF(O7:O14,">0") -> 1
D24: =SUMIFS(D6:D19,E6:E19,"BANQUE") -> 975000 | E24: =SUMIFS(K7:K14,L7:L14,"BANQUE") -> 274500 | F24: =SUMIFS(F7:F19,H7:H19,"BANQUE") -> 400000 | G24: =SUMIFS(O7:O19,M7:M19,"BANQUE") -> 0 | H24: =D24+E24-F24-G24 -> 849500
J25: PETIT LOT | K25: =K22-K23 -> 267000
D26: =D23+D24 -> 975000 | E26: =E23+E24 -> 274500 | F26: =F23+F24 -> 400000 | G26: =G23+G24 -> 0 | H26: =H23+H24 -> 849500
J27: RELIQUAT | K27: =K25-F20 -> -484500 | M27: =K27 -> -484500 | N27: CUMUL
J29: ECHEC TONTINE MOIS | K29: =COUNTIFS(E7:E18,"ECHEC")*75000 -> 0 | M29: =+K29+TONTFEV25!M29 -> 0 | N29: CUMUL
J30: ECHEC REMBOURSEMENT MOIS | K30: =J20-E26 -> 102000 | M30: =+K30+TONTFEV25!M30 -> 102000 | N30: CUMUL

Sheet TONTSEPT25
A1: ASSOCIATION | B1: ASELBY
A2: ANNEE | B2: 2025 | C2: TONIINE | D2: NBRE PART
A3: TAUX TONTINE | B3: 75000 | C3: =B3*12 -> 900000 | D3: =ROUNDDOWN(K22/C3,0) -> 1
C4: 45913
A5: MATRICULE | B5: NBREPART | C5: NOM ET PRENOM | D5: MONTANT TONTINE | E5: MODE VERSEMENT | F5: VENTE PETIT LOT | G5: INTERET PETIT LOT | H5: MODE VERSEMENT VENTE PETIT LOT | I5: NUMERO CHEQUE | J5: MONTANT A REMBOURSER PETIT LOT | K5: REMBOURSEMENT PETIT LOT | L5: MODE VERSEMENT REMBOURSEMENT | M5: MODE VERSEMENTLOT PRINCIPAL | N5: NUMERO CHEQUE | O5: MONTANT LOT PRINCIPAL | P5: INTERET LOT PRINCIPAL
A6: AS201648 | B6: =IF(D6=0,0,VLOOKUP($A6,[6]HISTOSEPT25!$A$6:$BB$47,12,0)) -> 2 | C6: =VLOOKUP(A6,[7]LISTADHERENT!A$5:H$60,3,0) -> ASELBY | D6: =IF(E6="ECHEC",0,VLOOKUP($A6,[6]HISTOSEPT25!$A$6:$AR$47,13,0)) -> 150000 | E6: =VLOOKUP($A6,[6]HISTOSEPT25!$A$6:$AV$47,9,0) -> BANQUE | F6: =VLOOKUP($A6,[6]HISTOSEPT25!$A$6:$AV$47,36,0) -> 0 | G6: =VLOOKUP($A6,[6]HISTOSEPT25!$A$6:$AV$47,39,0) -> 0 | H6: =IF(G6=0,"",VLOOKUP($A6,[6]HISTOFEV25!$A$6:$AV$47,42,0)) | I6: =VLOOKUP($A6,[6]HISTOSEPT25!$A$6:$AV$47,41,0) -> 0 | J6: =+TONTAOUT25!F6+TONTAOUT25!G6 -> 0 | K6: =VLOOKUP($A6,[6]HISTOSEPT25!$A$6:$AV$47,17,0) -> 0 | L6: =IF(K6<>0,VLOOKUP($A6,[6]HISTOSEPT25!$A$6:$BB$47,42,0),"ECHEC") -> ECHEC | M6: =IF(P6=0,0,VLOOKUP($A6,[6]HISTOSEPT25!$A$6:$AV$47,32,0)) -> 0 | N6: =VLOOKUP($A6,[6]HISTOSEPT25!$A$6:$AV$47,33,0) -> 0 | O6: =IF(P6=0,0,($C$3-P6)) -> 0 | P6: =VLOOKUP($A6,[6]HISTOSEPT25!$A$6:$AV$47,30,0) -> 0
A7: AS201602 | B7: =IF(D7=0,0,VLOOKUP($A7,[6]HISTOSEPT25!$A$6:$BB$47,12,0)) -> 1 | C7: =VLOOKUP(A7,[7]LISTADHERENT!A$5:H$60,3,0) -> BOUTCHOUANG WILLIAM | D7: =IF(E7="ECHEC",0,VLOOKUP($A7,[6]HISTOSEPT25!$A$6:$AR$47,13,0)) -> 75000 | E7: =VLOOKUP($A7,[6]HISTOSEPT25!$A$6:$AV$47,9,0) -> BANQUE | F7: =VLOOKUP($A7,[6]HISTOSEPT25!$A$6:$AV$47,36,0) -> 100000 | G7: =VLOOKUP($A7,[6]HISTOSEPT25!$A$6:$AV$47,39,0) -> 1000 | H7: =IF(G7=0,"",VLOOKUP($A7,[6]HISTOFEV25!$A$6:$AV$47,42,0)) -> BANQUE | I7: =VLOOKUP($A7,[6]HISTOSEPT25!$A$6:$AV$47,41,0) -> 0 | J7: =+TONTAOUT25!F7+TONTAOUT25!G7 -> 0 | K7: =VLOOKUP($A7,[6]HISTOSEPT25!$A$6:$AV$47,17,0) -> 0 | L7: =IF(K7<>0,VLOOKUP($A7,[6]HISTOSEPT25!$A$6:$BB$47,42,0),"ECHEC") -> ECHEC | M7: =IF(P7=0,0,VLOOKUP($A7,[6]HISTOSEPT25!$A$6:$AV$47,32,0)) -> 0 | N7: =VLOOKUP($A7,[6]HISTOSEPT25!$A$6:$AV$47,33,0) -> 0 | O7: =IF(P7=0,0,($C$3-P7)) -> 0 | P7: =VLOOKUP($A7,[6]HISTOSEPT25!$A$6:$AV$47,30,0) -> 0
A8: AS201613 | B8: =IF(D8=0,0,VLOOKUP($A8,[6]HISTOSEPT25!$A$6:$BB$47,12,0)) -> 1 | C8: =VLOOKUP(A8,[7]LISTADHERENT!A$5:H$60,3,0) -> HOTCHO BENJAMIN | D8: =IF(E8="ECHEC",0,VLOOKUP($A8,[6]HISTOSEPT25!$A$6:$AR$47,13,0)) -> 75000 | E8: =VLOOKUP($A8,[6]HISTOSEPT25!$A$6:$AV$47,9,0) -> BANQUE | F8: =VLOOKUP($A8,[6]HISTOSEPT25!$A$6:$AV$47,36,0) -> 100000 | G8: =VLOOKUP($A8,[6]HISTOSEPT25!$A$6:$AV$47,39,0) -> 1500 | H8: =IF(G8=0,"",VLOOKUP($A8,[6]HISTOFEV25!$A$6:$AV$47,42,0)) -> 0 | I8: =VLOOKUP($A8,[6]HISTOSEPT25!$A$6:$AV$47,41,0) -> 0 | J8: =+TONTAOUT25!F8+TONTAOUT25!G8 -> 0 | K8: =VLOOKUP($A8,[6]HISTOSEPT25!$A$6:$AV$47,17,0) -> 0 | L8: =IF(K8<>0,VLOOKUP($A8,[6]HISTOSEPT25!$A$6:$BB$47,42,0),"ECHEC") -> ECHEC | M8: =IF(P8=0,0,VLOOKUP($A8,[6]HISTOSEPT25!$A$6:$AV$47,32,0)) -> 0 | N8: =VLOOKUP($A8,[6]HISTOSEPT25!$A$6:$AV$47,33,0) -> 0 | O8: =IF(P8=0,0,($C$3-P8)) -> 0 | P8: =VLOOKUP($A8,[6]HISTOSEPT25!$A$6:$AV$47,30,0) -> 0
A9: AS201619 | B9: =IF(D9=0,0,VLOOKUP($A9,[6]HISTOSEPT25!$A$6:$BB$47,12,0)) -> 1 | C9: =VLOOKUP(A9,[7]LISTADHERENT!A$5:H$60,3,0) -> KOUATCHO MESSACK | D9: =IF(E9="ECHEC",0,VLOOKUP($A9,[6]HISTOSEPT25!$A$6:$AR$47,13,0)) -> 75000 | E9: =VLOOKUP($A9,[6]HISTOSEPT25!$A$6:$AV$47,9,0) -> BANQUE | F9: =VLOOKUP($A9,[6]HISTOSEPT25!$A$6:$AV$47,36,0) -> 100000 | G9: =VLOOKUP($A9,[6]HISTOSEPT25!$A$6:$AV$47,39,0) -> 1000 | H9: =IF(G9=0,"",VLOOKUP($A9,[6]HISTOFEV25!$A$6:$AV$47,42,0)) -> BANQUE | I9: =VLOOKUP($A9,[6]HISTOSEPT25!$A$6:$AV$47,41,0) -> 0 | J9: =+TONTAOUT25!F9+TONTAOUT25!G9 -> 203000 | K9: =VLOOKUP($A9,[6]HISTOSEPT25!$A$6:$AV$47,17,0) -> 203000 | L9: =IF(K9<>0,VLOOKUP($A9,[6]HISTOSEPT25!$A$6:$BB$47,42,0),"ECHEC") -> BANQUE | M9: =IF(P9=0,0,VLOOKUP($A9,[6]HISTOSEPT25!$A$6:$AV$47,32,0)) -> 0 | N9: =VLOOKUP($A9,[6]HISTOSEPT25!$A$6:$AV$47,33,0) -> 0 | O9: =IF(P9=0,0,($C$3-P9)) -> 0 | P9: =VLOOKUP($A9,[6]HISTOSEPT25!$A$6:$AV$47,30,0) -> 0
A10: AS201611 | B10: =IF(D10=0,0,VLOOKUP($A10,[6]HISTOSEPT25!$A$6:$BB$47,12,0)) -> 1 | C10: =VLOOKUP(A10,[7]LISTADHERENT!A$5:H$60,3,0) -> HENGUE PAUL OMER | D10: =IF(E10="ECHEC",0,VLOOKUP($A10,[6]HISTOSEPT25!$A$6:$AR$47,13,0)) -> 75000 | E10: =VLOOKUP($A10,[6]HISTOSEPT25!$A$6:$AV$47,9,0) -> BANQUE | F10: =VLOOKUP($A10,[6]HISTOSEPT25!$A$6:$AV$47,36,0) -> 0 | G10: =VLOOKUP($A10,[6]HISTOSEPT25!$A$6:$AV$47,39,0) -> 0 | H10: =IF(G10=0,"",VLOOKUP($A10,[6]HISTOFEV25!$A$6:$AV$47,42,0)) | I10: =VLOOKUP($A10,[6]HISTOSEPT25!$A$6:$AV$47,41,0) -> 0 | J10: =+TONTAOUT25!F10+TONTAOUT25!G10 -> 0 | K10: =VLOOKUP($A10,[6]HISTOSEPT25!$A$6:$AV$47,17,0) -> 0 | L10: =IF(K10<>0,VLOOKUP($A10,[6]HISTOSEPT25!$A$6:$BB$47,42,0),"ECHEC") -> ECHEC | M10: =IF(P10=0,0,VLOOKUP($A10,[6]HISTOSEPT25!$A$6:$AV$47,32,0)) -> BANQUE | N10: =VLOOKUP($A10,[6]HISTOSEPT25!$A$6:$AV$47,33,0) -> 0 | O10: =IF(P10=0,0,($C$3-P10)) -> 891500 | P10: =VLOOKUP($A10,[6]HISTOSEPT25!$A$6:$AV$47,30,0) -> 8500
A11: AS201649 | B11: =IF(D11=0,0,VLOOKUP($A11,[6]HISTOSEPT25!$A$6:$BB$47,12,0)) -> 1 | C11: =VLOOKUP(A11,[7]LISTADHERENT!A$5:H$60,3,0) -> MBOGNING TUGMA GUY | D11: =IF(E11="ECHEC",0,VLOOKUP($A11,[6]HISTOSEPT25!$A$6:$AR$47,13,0)) -> 75000 | E11: =VLOOKUP($A11,[6]HISTOSEPT25!$A$6:$AV$47,9,0) -> BANQUE | F11: =VLOOKUP($A11,[6]HISTOSEPT25!$A$6:$AV$47,36,0) -> 200000 | G11: =VLOOKUP($A11,[6]HISTOSEPT25!$A$6:$AV$47,39,0) -> 2000 | H11: =IF(G11=0,"",VLOOKUP($A11,[6]HISTOFEV25!$A$6:$AV$47,42,0)) -> BANQUE | I11: =VLOOKUP($A11,[6]HISTOSEPT25!$A$6:$AV$47,41,0) -> 0 | J11: =+TONTAOUT25!F11+TONTAOUT25!G11 -> 202000 | K11: =VLOOKUP($A11,[6]HISTOSEPT25!$A$6:$AV$47,17,0) -> 202000 | L11: =IF(K11<>0,VLOOKUP($A11,[6]HISTOSEPT25!$A$6:$BB$47,42,0),"ECHEC") -> BANQUE | M11: =IF(P11=0,0,VLOOKUP($A11,[6]HISTOSEPT25!$A$6:$AV$47,32,0)) -> 0 | N11: =VLOOKUP($A11,[6]HISTOSEPT25!$A$6:$AV$47,33,0) -> 0 | O11: =IF(P11=0,0,($C$3-P11)) -> 0 | P11: =VLOOKUP($A11,[6]HISTOSEPT25!$A$6:$AV$47,30,0) -> 0
A12: AS201621 | B12: =IF(D12=0,0,VLOOKUP($A12,[6]HISTOSEPT25!$A$6:$BB$47,12,0)) -> 1 | C12: =VLOOKUP(A12,[7]LISTADHERENT!A$5:H$60,3,0) -> NANKAM APPOLINAIRE | D12: =IF(E12="ECHEC",0,VLOOKUP($A12,[6]HISTOSEPT25!$A$6:$AR$47,13,0)) -> 75000 | E12: =VLOOKUP($A12,[6]HISTOSEPT25!$A$6:$AV$47,9,0) -> BANQUE | F12: =VLOOKUP($A12,[6]HISTOSEPT25!$A$6:$AV$47,36,0) -> 0 | G12: =VLOOKUP($A12,[6]HISTOSEPT25!$A$6:$AV$47,39,0) -> 0 | H12: =IF(G12=0,"",VLOOKUP($A12,[6]HISTOFEV25!$A$6:$AV$47,42,0)) | I12: =VLOOKUP($A12,[6]HISTOSEPT25!$A$6:$AV$47,41,0) -> 0 | J12: =+TONTAOUT25!F12+TONTAOUT25!G12 -> 0 | K12: =VLOOKUP($A12,[6]HISTOSEPT25!$A$6:$AV$47,17,0) -> 0 | L12: =IF(K12<>0,VLOOKUP($A12,[6]HISTOSEPT25!$A$6:$BB$47,42,0),"ECHEC") -> ECHEC | M12: =IF(P12=0,0,VLOOKUP($A12,[6]HISTOSEPT25!$A$6:$AV$47,32,0)) -> 0 | N12: =VLOOKUP($A12,[6]HISTOSEPT25!$A$6:$AV$47,33,0) -> 0 | O12: =IF(P12=0,0,($C$3-P12)) -> 0 | P12: =VLOOKUP($A12,[6]HISTOSEPT25!$A$6:$AV$47,30,0) -> 0
A13: AS201624 | B13: =IF(D13=0,0,VLOOKUP($A13,[6]HISTOSEPT25!$A$6:$BB$47,12,0)) -> 1 | C13: =VLOOKUP(A13,[7]LISTADHERENT!A$5:H$60,3,0) -> NGONDIEP CLAUDE | D13: =IF(E13="ECHEC",0,VLOOKUP($A13,[6]HISTOSEPT25!$A$6:$AR$47,13,0)) -> 75000 | E13: =VLOOKUP($A13,[6]HISTOSEPT25!$A$6:$AV$47,9,0) -> BANQUE | F13: =VLOOKUP($A13,[6]HISTOSEPT25!$A$6:$AV$47,36,0) -> 100000 | G13: =VLOOKUP($A13,[6]HISTOSEPT25!$A$6:$AV$47,39,0) -> 1000 | H13: =IF(G13=0,"",VLOOKUP($A13,[6]HISTOFEV25!$A$6:$AV$47,42,0)) -> 0 | I13: =VLOOKUP($A13,[6]HISTOSEPT25!$A$6:$AV$47,41,0) -> 0 | J13: =+TONTAOUT25!F13+TONTAOUT25!G13 -> 52500 | K13: =VLOOKUP($A13,[6]HISTOSEPT25!$A$6:$AV$47,17,0) -> 52500 | L13: =IF(K13<>0,VLOOKUP($A13,[6]HISTOSEPT25!$A$6:$BB$47,42,0),"ECHEC") -> BANQUE | M13: =IF(P13=0,0,VLOOKUP($A13,[6]HISTOSEPT25!$A$6:$AV$47,32,0)) -> 0 | N13: =VLOOKUP($A13,[6]HISTOSEPT25!$A$6:$AV$47,33,0) -> 0 | O13: =IF(P13=0,0,($C$3-P13)) -> 0 | P13: =VLOOKUP($A13,[6]HISTOSEPT25!$A$6:$AV$47,30,0) -> 0
A14: AS201633 | B14: =IF(D14=0,0,VLOOKUP($A14,[6]HISTOSEPT25!$A$6:$BB$47,12,0)) -> 1 | C14: =VLOOKUP(A14,[7]LISTADHERENT!A$5:H$60,3,0) -> PATEGO NJOSSU GUSTAVE | D14: =IF(E14="ECHEC",0,VLOOKUP($A14,[6]HISTOSEPT25!$A$6:$AR$47,13,0)) -> 75000 | E14: =VLOOKUP($A14,[6]HISTOSEPT25!$A$6:$AV$47,9,0) -> BANQUE | F14: =VLOOKUP($A14,[6]HISTOSEPT25!$A$6:$AV$47,36,0) -> 0 | G14: =VLOOKUP($A14,[6]HISTOSEPT25!$A$6:$AV$47,39,0) -> 0 | H14: =IF(G14=0,"",VLOOKUP($A14,[6]HISTOFEV25!$A$6:$AV$47,42,0)) | I14: =VLOOKUP($A14,[6]HISTOSEPT25!$A$6:$AV$47,41,0) -> 0 | J14: =+TONTAOUT25!F14+TONTAOUT25!G14 -> 0 | K14: =VLOOKUP($A14,[6]HISTOSEPT25!$A$6:$AV$47,17,0) -> 0 | L14: =IF(K14<>0,VLOOKUP($A14,[6]HISTOSEPT25!$A$6:$BB$47,42,0),"ECHEC") -> ECHEC | M14: =IF(P14=0,0,VLOOKUP($A14,[6]HISTOSEPT25!$A$6:$AV$47,32,0)) -> 0 | N14: =VLOOKUP($A14,[6]HISTOSEPT25!$A$6:$AV$47,33,0) -> 0 | O14: =IF(P14=0,0,($C$3-P14)) -> 0 | P14: =VLOOKUP($A14,[6]HISTOSEPT25!$A$6:$AV$47,30,0) -> 0
A15: AS201641 | B15: =IF(D15=0,0,VLOOKUP($A15,[6]HISTOSEPT25!$A$6:$BB$47,12,0)) -> 1 | C15: =VLOOKUP(A15,[7]LISTADHERENT!A$5:H$60,3,0) -> TCHOUAMOU MATHIEU | D15: =IF(E15="ECHEC",0,VLOOKUP($A15,[6]HISTOSEPT25!$A$6:$AR$47,13,0)) -> 75000 | E15: =VLOOKUP($A15,[6]HISTOSEPT25!$A$6:$AV$47,9,0) -> BANQUE | F15: =VLOOKUP($A15,[6]HISTOSEPT25!$A$6:$AV$47,36,0) -> 200000 | G15: =VLOOKUP($A15,[6]HISTOSEPT25!$A$6:$AV$47,39,0) -> 2500 | H15: =IF(G15=0,"",VLOOKUP($A15,[6]HISTOFEV25!$A$6:$AV$47,42,0)) -> 0 | I15: =VLOOKUP($A15,[6]HISTOSEPT25!$A$6:$AV$47,41,0) -> 0 | J15: =+TONTAOUT25!F15+TONTAOUT25!G15 -> 202000 | K15: =VLOOKUP($A15,[6]HISTOSEPT25!$A$6:$AV$47,17,0) -> 202000 | L15: =IF(K15<>0,VLOOKUP($A15,[6]HISTOSEPT25!$A$6:$BB$47,42,0),"ECHEC") -> BANQUE | M15: =IF(P15=0,0,VLOOKUP($A15,[6]HISTOSEPT25!$A$6:$AV$47,32,0)) -> 0 | N15: =VLOOKUP($A15,[6]HISTOSEPT25!$A$6:$AV$47,33,0) -> 0 | O15: =IF(P15=0,0,($C$3-P15)) -> 0 | P15: =VLOOKUP($A15,[6]HISTOSEPT25!$A$6:$AV$47,30,0) -> 0
A16: AS201658 | B16: =IF(D16=0,0,VLOOKUP($A16,[6]HISTOSEPT25!$A$6:$BB$47,12,0)) -> 1 | C16: =VLOOKUP(A16,[7]LISTADHERENT!A$5:H$60,3,0) -> YANTCHOU GERVAIS | D16: =IF(E16="ECHEC",0,VLOOKUP($A16,[6]HISTOSEPT25!$A$6:$AR$47,13,0)) -> 75000 | E16: =VLOOKUP($A16,[6]HISTOSEPT25!$A$6:$AV$47,9,0) -> BANQUE | F16: =VLOOKUP($A16,[6]HISTOSEPT25!$A$6:$AV$47,36,0) -> 0 | G16: =VLOOKUP($A16,[6]HISTOSEPT25!$A$6:$AV$47,39,0) -> 0 | H16: =IF(G16=0,"",VLOOKUP($A16,[6]HISTOFEV25!$A$6:$AV$47,42,0)) | I16: =VLOOKUP($A16,[6]HISTOSEPT25!$A$6:$AV$47,41,0) -> 0 | J16: =+TONTAOUT25!F16+TONTAOUT25!G16 -> 102000 | K16: =VLOOKUP($A16,[6]HISTOSEPT25!$A$6:$AV$47,17,0) -> 102000 | L16: =IF(K16<>0,VLOOKUP($A16,[6]HISTOSEPT25!$A$6:$BB$47,42,0),"ECHEC") -> BANQUE | M16: =IF(P16=0,0,VLOOKUP($A16,[6]HISTOSEPT25!$A$6:$AV$47,32,0)) -> 0 | N16: =VLOOKUP($A16,[6]HISTOSEPT25!$A$6:$AV$47,33,0) -> 0 | O16: =IF(P16=0,0,($C$3-P16)) -> 0 | P16: =VLOOKUP($A16,[6]HISTOSEPT25!$A$6:$AV$47,30,0) -> 0
A17: AS201647 | B17: =IF(D17=0,0,VLOOKUP($A17,[6]HISTOSEPT25!$A$6:$BB$47,12,0)) -> 1 | C17: =VLOOKUP(A17,[7]LISTADHERENT!A$5:H$60,3,0) -> YOUMBI EMMANUEL | D17: =IF(E17="ECHEC",0,VLOOKUP($A17,[6]HISTOSEPT25!$A$6:$AR$47,13,0)) -> 75000 | E17: =VLOOKUP($A17,[6]HISTOSEPT25!$A$6:$AV$47,9,0) -> BANQUE | F17: =VLOOKUP($A17,[6]HISTOSEPT25!$A$6:$AV$47,36,0) -> 0 | G17: =VLOOKUP($A17,[6]HISTOSEPT25!$A$6:$AV$47,39,0) -> 0 | H17: =IF(G17=0,"",VLOOKUP($A17,[6]HISTOFEV25!$A$6:$AV$47,42,0)) | I17: =VLOOKUP($A17,[6]HISTOSEPT25!$A$6:$AV$47,41,0) -> 0 | J17: =+TONTAOUT25!F17+TONTAOUT25!G17 -> 0 | K17: =VLOOKUP($A17,[6]HISTOSEPT25!$A$6:$AV$47,17,0) -> 0 | L17: =IF(K17<>0,VLOOKUP($A17,[6]HISTOSEPT25!$A$6:$BB$47,42,0),"ECHEC") -> ECHEC | M17: =IF(P17=0,0,VLOOKUP($A17,[6]HISTOSEPT25!$A$6:$AV$47,32,0)) -> 0 | N17: =VLOOKUP($A17,[6]HISTOSEPT25!$A$6:$AV$47,33,0) -> 0 | O17: =IF(P17=0,0,($C$3-P17)) -> 0 | P17: =VLOOKUP($A17,[6]HISTOSEPT25!$A$6:$AV$47,30,0) -> 0
A19: TOTAL PART | B19: =SUM(B6:B18) -> 13
A20: NBRE ADHERENT | B20: =COUNT(D6:D18) -> 12 | D20: =SUM(D6:D19) -> 975000 | E20: =SUM(E6:E19) -> 0 | F20: =SUM(F6:F19) -> 800000 | G20: =SUM(G6:G19) -> 9000 | H20: =SUM(H6:H19) -> 0 | I20: =SUM(I6:I19) -> 0 | J20: =SUM(J6:J19) -> 761500 | K20: =SUM(K6:K19) -> 761500 | ... P20: =SUM(P6:P19) -> 8500
L21: NBRE PART | M21: PART VENDUE
D22: MONTANT TONTINE | E22: REMBOURSEMENT PETIT LOT | F22: VENTE PETIT LOT | G22: VENTE LOT PRINCIPAL | H22: SOLDE EN CAISSE | J22: TONTINE + REMB + INTERET VENTE+RELIQUAT | K22: =D26+E26+P20+TONTFEV25!M27 -> 1343500
D23: =SUMIFS(D6:D19,E6:E19,"ESPECES") -> 0 | E23: =SUMIFS(K7:K14,L7:L14,"ESPECES") -> 0 | F23: =SUMIFS(F7:F19,H7:H19,"ESPECES") -> 0 | G23: =SUMIFS(O7:O19,M7:M19,"ESPECES") -> 0 | H23: =D23+E23-F23-G23 -> 0 | J23: LOT PRINCIPAL | K23: =C3*COUNTIF(O7:O19,">0") -> 900000 | L23: =D3 -> 1 | M23: =COUNTIF(O7:O14,">0") -> 1
D24: =SUMIFS(D6:D19,E6:E19,"BANQUE") -> 975000 | E24: =SUMIFS(K7:K14,L7:L14,"BANQUE") -> 457500 | F24: =SUMIFS(F7:F19,H7:H19,"BANQUE") -> 400000 | G24: =SUMIFS(O7:O19,M7:M19,"BANQUE") -> 891500 | H24: =D24+E24-F24-G24 -> 141000
J25: PETIT LOT | K25: =K22-K23 -> 443500
D26: =D23+D24 -> 975000 | E26: =E23+E24 -> 457500 | F26: =F23+F24 -> 400000 | G26: =G23+G24 -> 891500 | H26: =H23+H24 -> 141000
J27: RELIQUAT | K27: =K25-F20 -> -356500 | M27: =K27 -> -356500 | N27: CUMUL
J29: ECHEC TONTINE MOIS | K29: =COUNTIFS(E7:E18,"ECHEC")*75000 -> 0 | M29: =+K29+TONTFEV25!M29 -> 0 | N29: CUMUL
J30: ECHEC REMBOURSEMENT MOIS | K30: =J20-E26 -> 304000 | M30: =+K30+TONTFEV25!M30 -> 304000 | N30: CUMUL

Sheet TONTOCT25
A1: ASSOCIATION | B1: ASELBY
A2: ANNEE | B2: 2025 | C2: TONIINE | D2: NBRE PART
A3: TAUX TONTINE | B3: 75000 | C3: =B3*12 -> 900000 | D3: =ROUNDDOWN(K22/C3,0) -> 1
C4: 45943
A5: MATRICULE | B5: NBREPART | C5: NOM ET PRENOM | D5: MONTANT TONTINE | E5: MODE VERSEMENT | F5: VENTE PETIT LOT | G5: INTERET PETIT LOT | H5: MODE VERSEMENT VENTE PETIT LOT | I5: NUMERO CHEQUE | J5: MONTANT A REMBOURSER PETIT LOT | K5: REMBOURSEMENT PETIT LOT | L5: MODE VERSEMENT REMBOURSEMENT | M5: MODE VERSEMENTLOT PRINCIPAL | N5: NUMERO CHEQUE | O5: MONTANT LOT PRINCIPAL | P5: INTERET LOT PRINCIPAL
A6: AS201648 | B6: =IF(D6=0,0,VLOOKUP($A6,[6]HISTOOCT25!$A$6:$BB$47,12,0)) -> 2 | C6: =VLOOKUP(A6,[7]LISTADHERENT!A$5:H$60,3,0) -> ASELBY | D6: =IF(E6="ECHEC",0,VLOOKUP($A6,[6]HISTOOCT25!$A$6:$AR$47,13,0)) -> 150000 | E6: =VLOOKUP($A6,[6]HISTOOCT25!$A$6:$AV$47,9,0) -> BANQUE | F6: =VLOOKUP($A6,[6]HISTOOCT25!$A$6:$AV$47,36,0) -> 0 | G6: =VLOOKUP($A6,[6]HISTOOCT25!$A$6:$AV$47,39,0) -> 0 | H6: =IF(G6=0,"",VLOOKUP($A6,[6]HISTOFEV25!$A$6:$AV$47,42,0)) | I6: =VLOOKUP($A6,[6]HISTOOCT25!$A$6:$AV$47,41,0) -> 0 | J6: =+TONTSEPT25!F6+TONTSEPT25!G6 -> 0 | K6: =VLOOKUP($A6,[6]HISTOOCT25!$A$6:$AV$47,17,0) -> 0 | L6: =IF(K6<>0,VLOOKUP($A6,[6]HISTOOCT25!$A$6:$BB$47,42,0),"ECHEC") -> ECHEC | M6: =IF(P6=0,0,VLOOKUP($A6,[6]HISTOOCT25!$A$6:$AV$47,32,0)) -> 0 | N6: =VLOOKUP($A6,[6]HISTOOCT25!$A$6:$AV$47,33,0) -> 0 | O6: =IF(P6=0,0,($C$3-P6)) -> 0 | P6: =VLOOKUP($A6,[6]HISTOOCT25!$A$6:$AV$47,30,0) -> 0
A7: AS201602 | B7: =IF(D7=0,0,VLOOKUP($A7,[6]HISTOOCT25!$A$6:$BB$47,12,0)) -> 1 | C7: =VLOOKUP(A7,[7]LISTADHERENT!A$5:H$60,3,0) -> BOUTCHOUANG WILLIAM | D7: =IF(E7="ECHEC",0,VLOOKUP($A7,[6]HISTOOCT25!$A$6:$AR$47,13,0)) -> 75000 | E7: =VLOOKUP($A7,[6]HISTOOCT25!$A$6:$AV$47,9,0) -> BANQUE | F7: =VLOOKUP($A7,[6]HISTOOCT25!$A$6:$AV$47,36,0) -> 200000 | G7: =VLOOKUP($A7,[6]HISTOOCT25!$A$6:$AV$47,39,0) -> 2000 | H7: =IF(G7=0,"",VLOOKUP($A7,[6]HISTOFEV25!$A$6:$AV$47,42,0)) -> BANQUE | I7: =VLOOKUP($A7,[6]HISTOOCT25!$A$6:$AV$47,41,0) -> 0 | J7: =+TONTSEPT25!F7+TONTSEPT25!G7 -> 101000 | K7: =VLOOKUP($A7,[6]HISTOOCT25!$A$6:$AV$47,17,0) -> 101000 | L7: =IF(K7<>0,VLOOKUP($A7,[6]HISTOOCT25!$A$6:$BB$47,42,0),"ECHEC") -> BANQUE | M7: =IF(P7=0,0,VLOOKUP($A7,[6]HISTOOCT25!$A$6:$AV$47,32,0)) -> 0 | N7: =VLOOKUP($A7,[6]HISTOOCT25!$A$6:$AV$47,33,0) -> 0 | O7: =IF(P7=0,0,($C$3-P7)) -> 892500 | P7: =VLOOKUP($A7,[6]HISTOOCT25!$A$6:$AV$47,30,0) -> 7500
A8: AS201613 | B8: =IF(D8=0,0,VLOOKUP($A8,[6]HISTOOCT25!$A$6:$BB$47,12,0)) -> 1 | C8: =VLOOKUP(A8,[7]LISTADHERENT!A$5:H$60,3,0) -> HOTCHO BENJAMIN | D8: =IF(E8="ECHEC",0,VLOOKUP($A8,[6]HISTOOCT25!$A$6:$AR$47,13,0)) -> 75000 | E8: =VLOOKUP($A8,[6]HISTOOCT25!$A$6:$AV$47,9,0) -> BANQUE | F8: =VLOOKUP($A8,[6]HISTOOCT25!$A$6:$AV$47,36,0) -> 100000 | G8: =VLOOKUP($A8,[6]HISTOOCT25!$A$6:$AV$47,39,0) -> 1000 | H8: =IF(G8=0,"",VLOOKUP($A8,[6]HISTOFEV25!$A$6:$AV$47,42,0)) -> 0 | I8: =VLOOKUP($A8,[6]HISTOOCT25!$A$6:$AV$47,41,0) -> 0 | J8: =+TONTSEPT25!F8+TONTSEPT25!G8 -> 101500 | K8: =VLOOKUP($A8,[6]HISTOOCT25!$A$6:$AV$47,17,0) -> 101500 | L8: =IF(K8<>0,VLOOKUP($A8,[6]HISTOOCT25!$A$6:$BB$47,42,0),"ECHEC") -> BANQUE | M8: =IF(P8=0,0,VLOOKUP($A8,[6]HISTOOCT25!$A$6:$AV$47,32,0)) -> 0 | N8: =VLOOKUP($A8,[6]HISTOOCT25!$A$6:$AV$47,33,0) -> 0 | O8: =IF(P8=0,0,($C$3-P8)) -> 0 | P8: =VLOOKUP($A8,[6]HISTOOCT25!$A$6:$AV$47,30,0) -> 0
A9: AS201619 | B9: =IF(D9=0,0,VLOOKUP($A9,[6]HISTOOCT25!$A$6:$BB$47,12,0)) -> 1 | C9: =VLOOKUP(A9,[7]LISTADHERENT!A$5:H$60,3,0) -> KOUATCHO MESSACK | D9: =IF(E9="ECHEC",0,VLOOKUP($A9,[6]HISTOOCT25!$A$6:$AR$47,13,0)) -> 75000 | E9: =VLOOKUP($A9,[6]HISTOOCT25!$A$6:$AV$47,9,0) -> ESPECES | F9: =VLOOKUP($A9,[6]HISTOOCT25!$A$6:$AV$47,36,0) -> 0 | G9: =VLOOKUP($A9,[6]HISTOOCT25!$A$6:$AV$47,39,0) -> 0 | H9: =IF(G9=0,"",VLOOKUP($A9,[6]HISTOFEV25!$A$6:$AV$47,42,0)) | I9: =VLOOKUP($A9,[6]HISTOOCT25!$A$6:$AV$47,41,0) -> 0 | J9: =+TONTSEPT25!F9+TONTSEPT25!G9 -> 101000 | K9: =VLOOKUP($A9,[6]HISTOOCT25!$A$6:$AV$47,17,0) -> 101000 | L9: =IF(K9<>0,VLOOKUP($A9,[6]HISTOOCT25!$A$6:$BB$47,42,0),"ECHEC") -> BANQUE | M9: =IF(P9=0,0,VLOOKUP($A9,[6]HISTOOCT25!$A$6:$AV$47,32,0)) -> 0 | N9: =VLOOKUP($A9,[6]HISTOOCT25!$A$6:$AV$47,33,0) -> 0 | O9: =IF(P9=0,0,($C$3-P9)) -> 0 | P9: =VLOOKUP($A9,[6]HISTOOCT25!$A$6:$AV$47,30,0) -> 0
A10: AS201611 | B10: =IF(D10=0,0,VLOOKUP($A10,[6]HISTOOCT25!$A$6:$BB$47,12,0)) -> 1 | C10: =VLOOKUP(A10,[7]LISTADHERENT!A$5:H$60,3,0) -> HENGUE PAUL OMER | D10: =IF(E10="ECHEC",0,VLOOKUP($A10,[6]HISTOOCT25!$A$6:$AR$47,13,0)) -> 75000 | E10: =VLOOKUP($A10,[6]HISTOOCT25!$A$6:$AV$47,9,0) -> BANQUE | F10: =VLOOKUP($A10,[6]HISTOOCT25!$A$6:$AV$47,36,0) -> 0 | G10: =VLOOKUP($A10,[6]HISTOOCT25!$A$6:$AV$47,39,0) -> 0 | H10: =IF(G10=0,"",VLOOKUP($A10,[6]HISTOFEV25!$A$6:$AV$47,42,0)) | I10: =VLOOKUP($A10,[6]HISTOOCT25!$A$6:$AV$47,41,0) -> 0 | J10: =+TONTSEPT25!F10+TONTSEPT25!G10 -> 0 | K10: =VLOOKUP($A10,[6]HISTOOCT25!$A$6:$AV$47,17,0) -> 0 | L10: =IF(K10<>0,VLOOKUP($A10,[6]HISTOOCT25!$A$6:$BB$47,42,0),"ECHEC") -> ECHEC | M10: =IF(P10=0,0,VLOOKUP($A10,[6]HISTOOCT25!$A$6:$AV$47,32,0)) -> 0 | N10: =VLOOKUP($A10,[6]HISTOOCT25!$A$6:$AV$47,33,0) -> 0 | O10: =IF(P10=0,0,($C$3-P10)) -> 0 | P10: =VLOOKUP($A10,[6]HISTOOCT25!$A$6:$AV$47,30,0) -> 0
A11: AS201649 | B11: =IF(D11=0,0,VLOOKUP($A11,[6]HISTOOCT25!$A$6:$BB$47,12,0)) -> 1 | C11: =VLOOKUP(A11,[7]LISTADHERENT!A$5:H$60,3,0) -> MBOGNING TUGMA GUY | D11: =IF(E11="ECHEC",0,VLOOKUP($A11,[6]HISTOOCT25!$A$6:$AR$47,13,0)) -> 75000 | E11: =VLOOKUP($A11,[6]HISTOOCT25!$A$6:$AV$47,9,0) -> BANQUE | F11: =VLOOKUP($A11,[6]HISTOOCT25!$A$6:$AV$47,36,0) -> 200000 | G11: =VLOOKUP($A11,[6]HISTOOCT25!$A$6:$AV$47,39,0) -> 2500 | H11: =IF(G11=0,"",VLOOKUP($A11,[6]HISTOFEV25!$A$6:$AV$47,42,0)) -> BANQUE | I11: =VLOOKUP($A11,[6]HISTOOCT25!$A$6:$AV$47,41,0) -> 0 | J11: =+TONTSEPT25!F11+TONTSEPT25!G11 -> 202000 | K11: =VLOOKUP($A11,[6]HISTOOCT25!$A$6:$AV$47,17,0) -> 202000 | L11: =IF(K11<>0,VLOOKUP($A11,[6]HISTOOCT25!$A$6:$BB$47,42,0),"ECHEC") -> BANQUE | M11: =IF(P11=0,0,VLOOKUP($A11,[6]HISTOOCT25!$A$6:$AV$47,32,0)) -> 0 | N11: =VLOOKUP($A11,[6]HISTOOCT25!$A$6:$AV$47,33,0) -> 0 | O11: =IF(P11=0,0,($C$3-P11)) -> 0 | P11: =VLOOKUP($A11,[6]HISTOOCT25!$A$6:$AV$47,30,0) -> 0
A12: AS201621 | B12: =IF(D12=0,0,VLOOKUP($A12,[6]HISTOOCT25!$A$6:$BB$47,12,0)) -> 1 | C12: =VLOOKUP(A12,[7]LISTADHERENT!A$5:H$60,3,0) -> NANKAM APPOLINAIRE | D12: =IF(E12="ECHEC",0,VLOOKUP($A12,[6]HISTOOCT25!$A$6:$AR$47,13,0)) -> 75000 | E12: =VLOOKUP($A12,[6]HISTOOCT25!$A$6:$AV$47,9,0) -> BANQUE | F12: =VLOOKUP($A12,[6]HISTOOCT25!$A$6:$AV$47,36,0) -> 0 | G12: =VLOOKUP($A12,[6]HISTOOCT25!$A$6:$AV$47,39,0) -> 0 | H12: =IF(G12=0,"",VLOOKUP($A12,[6]HISTOFEV25!$A$6:$AV$47,42,0)) | I12: =VLOOKUP($A12,[6]HISTOOCT25!$A$6:$AV$47,41,0) -> 0 | J12: =+TONTSEPT25!F12+TONTSEPT25!G12 -> 0 | K12: =VLOOKUP($A12,[6]HISTOOCT25!$A$6:$AV$47,17,0) -> 0 | L12: =IF(K12<>0,VLOOKUP($A12,[6]HISTOOCT25!$A$6:$BB$47,42,0),"ECHEC") -> ECHEC | M12: =IF(P12=0,0,VLOOKUP($A12,[6]HISTOOCT25!$A$6:$AV$47,32,0)) -> 0 | N12: =VLOOKUP($A12,[6]HISTOOCT25!$A$6:$AV$47,33,0) -> 0 | O12: =IF(P12=0,0,($C$3-P12)) -> 0 | P12: =VLOOKUP($A12,[6]HISTOOCT25!$A$6:$AV$47,30,0) -> 0
A13: AS201624 | B13: =IF(D13=0,0,VLOOKUP($A13,[6]HISTOOCT25!$A$6:$BB$47,12,0)) -> 1 | C13: =VLOOKUP(A13,[7]LISTADHERENT!A$5:H$60,3,0) -> NGONDIEP CLAUDE | D13: =IF(E13="ECHEC",0,VLOOKUP($A13,[6]HISTOOCT25!$A$6:$AR$47,13,0)) -> 75000 | E13: =VLOOKUP($A13,[6]HISTOOCT25!$A$6:$AV$47,9,0) -> BANQUE | F13: =VLOOKUP($A13,[6]HISTOOCT25!$A$6:$AV$47,36,0) -> 100000 | G13: =VLOOKUP($A13,[6]HISTOOCT25!$A$6:$AV$47,39,0) -> 1500 | H13: =IF(G13=0,"",VLOOKUP($A13,[6]HISTOFEV25!$A$6:$AV$47,42,0)) -> 0 | I13: =VLOOKUP($A13,[6]HISTOOCT25!$A$6:$AV$47,41,0) -> 0 | J13: =+TONTSEPT25!F13+TONTSEPT25!G13 -> 101000 | K13: =VLOOKUP($A13,[6]HISTOOCT25!$A$6:$AV$47,17,0) -> 101000 | L13: =IF(K13<>0,VLOOKUP($A13,[6]HISTOOCT25!$A$6:$BB$47,42,0),"ECHEC") -> BANQUE | M13: =IF(P13=0,0,VLOOKUP($A13,[6]HISTOOCT25!$A$6:$AV$47,32,0)) -> 0 | N13: =VLOOKUP($A13,[6]HISTOOCT25!$A$6:$AV$47,33,0) -> 0 | O13: =IF(P13=0,0,($C$3-P13)) -> 0 | P13: =VLOOKUP($A13,[6]HISTOOCT25!$A$6:$AV$47,30,0) -> 0
A14: AS201633 | B14: =IF(D14=0,0,VLOOKUP($A14,[6]HISTOOCT25!$A$6:$BB$47,12,0)) -> 1 | C14: =VLOOKUP(A14,[7]LISTADHERENT!A$5:H$60,3,0) -> PATEGO NJOSSU GUSTAVE | D14: =IF(E14="ECHEC",0,VLOOKUP($A14,[6]HISTOOCT25!$A$6:$AR$47,13,0)) -> 75000 | E14: =VLOOKUP($A14,[6]HISTOOCT25!$A$6:$AV$47,9,0) -> BANQUE | F14: =VLOOKUP($A14,[6]HISTOOCT25!$A$6:$AV$47,36,0) -> 0 | G14: =VLOOKUP($A14,[6]HISTOOCT25!$A$6:$AV$47,39,0) -> 0 | H14: =IF(G14=0,"",VLOOKUP($A14,[6]HISTOFEV25!$A$6:$AV$47,42,0)) | I14: =VLOOKUP($A14,[6]HISTOOCT25!$A$6:$AV$47,41,0) -> 0 | J14: =+TONTSEPT25!F14+TONTSEPT25!G14 -> 0 | K14: =VLOOKUP($A14,[6]HISTOOCT25!$A$6:$AV$47,17,0) -> 0 | L14: =IF(K14<>0,VLOOKUP($A14,[6]HISTOOCT25!$A$6:$BB$47,42,0),"ECHEC") -> ECHEC | M14: =IF(P14=0,0,VLOOKUP($A14,[6]HISTOOCT25!$A$6:$AV$47,32,0)) -> 0 | N14: =VLOOKUP($A14,[6]HISTOOCT25!$A$6:$AV$47,33,0) -> 0 | O14: =IF(P14=0,0,($C$3-P14)) -> 0 | P14: =VLOOKUP($A14,[6]HISTOOCT25!$A$6:$AV$47,30,0) -> 0
A15: AS201641 | B15: =IF(D15=0,0,VLOOKUP($A15,[6]HISTOOCT25!$A$6:$BB$47,12,0)) -> 1 | C15: =VLOOKUP(A15,[7]LISTADHERENT!A$5:H$60,3,0) -> TCHOUAMOU MATHIEU | D15: =IF(E15="ECHEC",0,VLOOKUP($A15,[6]HISTOOCT25!$A$6:$AR$47,13,0)) -> 75000 | E15: =VLOOKUP($A15,[6]HISTOOCT25!$A$6:$AV$47,9,0) -> BANQUE | F15: =VLOOKUP($A15,[6]HISTOOCT25!$A$6:$AV$47,36,0) -> 100000 | G15: =VLOOKUP($A15,[6]HISTOOCT25!$A$6:$AV$47,39,0) -> 1000 | H15: =IF(G15=0,"",VLOOKUP($A15,[6]HISTOFEV25!$A$6:$AV$47,42,0)) -> 0 | I15: =VLOOKUP($A15,[6]HISTOOCT25!$A$6:$AV$47,41,0) -> 0 | J15: =+TONTSEPT25!F15+TONTSEPT25!G15 -> 202500 | K15: =VLOOKUP($A15,[6]HISTOOCT25!$A$6:$AV$47,17,0) -> 202500 | L15: =IF(K15<>0,VLOOKUP($A15,[6]HISTOOCT25!$A$6:$BB$47,42,0),"ECHEC") -> BANQUE | M15: =IF(P15=0,0,VLOOKUP($A15,[6]HISTOOCT25!$A$6:$AV$47,32,0)) -> 0 | N15: =VLOOKUP($A15,[6]HISTOOCT25!$A$6:$AV$47,33,0) -> 0 | O15: =IF(P15=0,0,($C$3-P15)) -> 0 | P15: =VLOOKUP($A15,[6]HISTOOCT25!$A$6:$AV$47,30,0) -> 0
A16: AS201658 | B16: =IF(D16=0,0,VLOOKUP($A16,[6]HISTOOCT25!$A$6:$BB$47,12,0)) -> 1 | C16: =VLOOKUP(A16,[7]LISTADHERENT!A$5:H$60,3,0) -> YANTCHOU GERVAIS | D16: =IF(E16="ECHEC",0,VLOOKUP($A16,[6]HISTOOCT25!$A$6:$AR$47,13,0)) -> 75000 | E16: =VLOOKUP($A16,[6]HISTOOCT25!$A$6:$AV$47,9,0) -> BANQUE | F16: =VLOOKUP($A16,[6]HISTOOCT25!$A$6:$AV$47,36,0) -> 100000 | G16: =VLOOKUP($A16,[6]HISTOOCT25!$A$6:$AV$47,39,0) -> 1500 | H16: =IF(G16=0,"",VLOOKUP($A16,[6]HISTOFEV25!$A$6:$AV$47,42,0)) -> 0 | I16: =VLOOKUP($A16,[6]HISTOOCT25!$A$6:$AV$47,41,0) -> 0 | J16: =+TONTSEPT25!F16+TONTSEPT25!G16 -> 0 | K16: =VLOOKUP($A16,[6]HISTOOCT25!$A$6:$AV$47,17,0) -> 0 | L16: =IF(K16<>0,VLOOKUP($A16,[6]HISTOOCT25!$A$6:$BB$47,42,0),"ECHEC") -> ECHEC | M16: =IF(P16=0,0,VLOOKUP($A16,[6]HISTOOCT25!$A$6:$AV$47,32,0)) -> 0 | N16: =VLOOKUP($A16,[6]HISTOOCT25!$A$6:$AV$47,33,0) -> 0 | O16: =IF(P16=0,0,($C$3-P16)) -> 0 | P16: =VLOOKUP($A16,[6]HISTOOCT25!$A$6:$AV$47,30,0) -> 0
A17: AS201647 | B17: =IF(D17=0,0,VLOOKUP($A17,[6]HISTOOCT25!$A$6:$BB$47,12,0)) -> 1 | C17: =VLOOKUP(A17,[7]LISTADHERENT!A$5:H$60,3,0) -> YOUMBI EMMANUEL | D17: =IF(E17="ECHEC",0,VLOOKUP($A17,[6]HISTOOCT25!$A$6:$AR$47,13,0)) -> 75000 | E17: =VLOOKUP($A17,[6]HISTOOCT25!$A$6:$AV$47,9,0) -> BANQUE | F17: =VLOOKUP($A17,[6]HISTOOCT25!$A$6:$AV$47,36,0) -> 0 | G17: =VLOOKUP($A17,[6]HISTOOCT25!$A$6:$AV$47,39,0) -> 0 | H17: =IF(G17=0,"",VLOOKUP($A17,[6]HISTOFEV25!$A$6:$AV$47,42,0)) | I17: =VLOOKUP($A17,[6]HISTOOCT25!$A$6:$AV$47,41,0) -> 0 | J17: =+TONTSEPT25!F17+TONTSEPT25!G17 -> 0 | K17: =VLOOKUP($A17,[6]HISTOOCT25!$A$6:$AV$47,17,0) -> 0 | L17: =IF(K17<>0,VLOOKUP($A17,[6]HISTOOCT25!$A$6:$BB$47,42,0),"ECHEC") -> ECHEC | M17: =IF(P17=0,0,VLOOKUP($A17,[6]HISTOOCT25!$A$6:$AV$47,32,0)) -> 0 | N17: =VLOOKUP($A17,[6]HISTOOCT25!$A$6:$AV$47,33,0) -> 0 | O17: =IF(P17=0,0,($C$3-P17)) -> 0 | P17: =VLOOKUP($A17,[6]HISTOOCT25!$A$6:$AV$47,30,0) -> 0
A19: TOTAL PART | B19: =SUM(B6:B18) -> 13
A20: NBRE ADHERENT | B20: =COUNT(D6:D18) -> 12 | D20: =SUM(D6:D19) -> 975000 | E20: =SUM(E6:E19) -> 0 | F20: =SUM(F6:F19) -> 800000 | G20: =SUM(G6:G19) -> 9500 | H20: =SUM(H6:H19) -> 0 | I20: =SUM(I6:I19) -> 0 | J20: =SUM(J6:J19) -> 809000 | K20: =SUM(K6:K19) -> 809000 | ... P20: =SUM(P6:P19) -> 7500
L21: NBRE PART | M21: PART VENDUE
D22: MONTANT TONTINE | E22: REMBOURSEMENT PETIT LOT | F22: VENTE PETIT LOT | G22: VENTE LOT PRINCIPAL | H22: SOLDE EN CAISSE | J22: TONTINE + REMB + INTERET VENTE+RELIQUAT | K22: =D26+E26+P20+TONTFEV25!M27 -> 1491500
D23: =SUMIFS(D6:D19,E6:E19,"ESPECES") -> 75000 | E23: =SUMIFS(K7:K14,L7:L14,"ESPECES") -> 0 | F23: =SUMIFS(F7:F19,H7:H19,"ESPECES") -> 0 | G23: =SUMIFS(O7:O19,M7:M19,"ESPECES") -> 0 | H23: =D23+E23-F23-G23 -> 75000 | J23: LOT PRINCIPAL | K23: =C3*COUNTIF(O7:O19,">0") -> 900000 | L23: =D3 -> 1 | M23: =COUNTIF(O7:O14,">0") -> 1
D24: =SUMIFS(D6:D19,E6:E19,"BANQUE") -> 900000 | E24: =SUMIFS(K7:K14,L7:L14,"BANQUE") -> 606500 | F24: =SUMIFS(F7:F19,H7:H19,"BANQUE") -> 400000 | G24: =SUMIFS(O7:O19,M7:M19,"BANQUE") -> 0 | H24: =D24+E24-F24-G24 -> 1106500
J25: PETIT LOT | K25: =K22-K23 -> 591500
D26: =D23+D24 -> 975000 | E26: =E23+E24 -> 606500 | F26: =F23+F24 -> 400000 | G26: =G23+G24 -> 0 | H26: =H23+H24 -> 1181500
J27: RELIQUAT | K27: =K25-F20 -> -208500 | M27: =K27 -> -208500 | N27: CUMUL
J29: ECHEC TONTINE MOIS | K29: =COUNTIFS(E7:E18,"ECHEC")*75000 -> 0 | M29: =+K29+TONTFEV25!M29 -> 0 | N29: CUMUL
J30: ECHEC REMBOURSEMENT MOIS | K30: =J20-E26 -> 202500 | M30: =+K30+TONTFEV25!M30 -> 202500 | N30: CUMUL

Sheet TONTNOV25
A1: ASSOCIATION | B1: ASELBY
A2: ANNEE | B2: 2025 | C2: TONIINE | D2: NBRE PART
A3: TAUX TONTINE | B3: 75000 | C3: =B3*12 -> 900000 | D3: =ROUNDDOWN(K22/C3,0) -> 1
C4: 45974
A5: MATRICULE | B5: NBREPART | C5: NOM ET PRENOM | D5: MONTANT TONTINE | E5: MODE VERSEMENT | F5: VENTE PETIT LOT | G5: INTERET PETIT LOT | H5: MODE VERSEMENT VENTE PETIT LOT | I5: NUMERO CHEQUE | J5: MONTANT A REMBOURSER PETIT LOT | K5: REMBOURSEMENT PETIT LOT | L5: MODE VERSEMENT REMBOURSEMENT | M5: MODE VERSEMENTLOT PRINCIPAL | N5: NUMERO CHEQUE | O5: MONTANT LOT PRINCIPAL | P5: INTERET LOT PRINCIPAL
A6: AS201648 | B6: =IF(D6=0,0,VLOOKUP($A6,[6]HISTONOV25!$A$6:$BB$47,12,0)) -> 2 | C6: =VLOOKUP(A6,[7]LISTADHERENT!A$5:H$60,3,0) -> ASELBY | D6: =IF(E6="ECHEC",0,VLOOKUP($A6,[6]HISTONOV25!$A$6:$AR$47,13,0)) -> 150000 | E6: =VLOOKUP($A6,[6]HISTONOV25!$A$6:$AV$47,9,0) -> BANQUE | F6: =VLOOKUP($A6,[6]HISTONOV25!$A$6:$AV$47,36,0) -> 0 | G6: =VLOOKUP($A6,[6]HISTONOV25!$A$6:$AV$47,39,0) -> 0 | H6: =IF(G6=0,"",VLOOKUP($A6,[6]HISTOFEV25!$A$6:$AV$47,42,0)) | I6: =VLOOKUP($A6,[6]HISTONOV25!$A$6:$AV$47,41,0) -> 0 | J6: =+TONTOCT25!F6+TONTOCT25!G6 -> 0 | K6: =VLOOKUP($A6,[6]HISTONOV25!$A$6:$AV$47,17,0) -> 0 | L6: =IF(K6<>0,VLOOKUP($A6,[6]HISTONOV25!$A$6:$BB$47,42,0),"ECHEC") -> ECHEC | M6: =IF(P6=0,0,VLOOKUP($A6,[6]HISTONOV25!$A$6:$AV$47,32,0)) -> 0 | N6: =VLOOKUP($A6,[6]HISTONOV25!$A$6:$AV$47,33,0) -> 0 | O6: =IF(P6=0,0,($C$3-P6)) -> 0 | P6: =VLOOKUP($A6,[6]HISTONOV25!$A$6:$AV$47,30,0) -> 0
A7: AS201602 | B7: =IF(D7=0,0,VLOOKUP($A7,[6]HISTONOV25!$A$6:$BB$47,12,0)) -> 1 | C7: =VLOOKUP(A7,[7]LISTADHERENT!A$5:H$60,3,0) -> BOUTCHOUANG WILLIAM | D7: =IF(E7="ECHEC",0,VLOOKUP($A7,[6]HISTONOV25!$A$6:$AR$47,13,0)) -> 75000 | E7: =VLOOKUP($A7,[6]HISTONOV25!$A$6:$AV$47,9,0) -> BANQUE | F7: =VLOOKUP($A7,[6]HISTONOV25!$A$6:$AV$47,36,0) -> 0 | G7: =VLOOKUP($A7,[6]HISTONOV25!$A$6:$AV$47,39,0) -> 0 | H7: =IF(G7=0,"",VLOOKUP($A7,[6]HISTOFEV25!$A$6:$AV$47,42,0)) | I7: =VLOOKUP($A7,[6]HISTONOV25!$A$6:$AV$47,41,0) -> 0 | J7: =+TONTOCT25!F7+TONTOCT25!G7 -> 202000 | K7: =VLOOKUP($A7,[6]HISTONOV25!$A$6:$AV$47,17,0) -> 202000 | L7: =IF(K7<>0,VLOOKUP($A7,[6]HISTONOV25!$A$6:$BB$47,42,0),"ECHEC") -> BANQUE | M7: =IF(P7=0,0,VLOOKUP($A7,[6]HISTONOV25!$A$6:$AV$47,32,0)) -> 0 | N7: =VLOOKUP($A7,[6]HISTONOV25!$A$6:$AV$47,33,0) -> 0 | O7: =IF(P7=0,0,($C$3-P7)) -> 0 | P7: =VLOOKUP($A7,[6]HISTONOV25!$A$6:$AV$47,30,0) -> 0
A8: AS201613 | B8: =IF(D8=0,0,VLOOKUP($A8,[6]HISTONOV25!$A$6:$BB$47,12,0)) -> 1 | C8: =VLOOKUP(A8,[7]LISTADHERENT!A$5:H$60,3,0) -> HOTCHO BENJAMIN | D8: =IF(E8="ECHEC",0,VLOOKUP($A8,[6]HISTONOV25!$A$6:$AR$47,13,0)) -> 75000 | E8: =VLOOKUP($A8,[6]HISTONOV25!$A$6:$AV$47,9,0) -> BANQUE | F8: =VLOOKUP($A8,[6]HISTONOV25!$A$6:$AV$47,36,0) -> 0 | G8: =VLOOKUP($A8,[6]HISTONOV25!$A$6:$AV$47,39,0) -> 0 | H8: =IF(G8=0,"",VLOOKUP($A8,[6]HISTOFEV25!$A$6:$AV$47,42,0)) | I8: =VLOOKUP($A8,[6]HISTONOV25!$A$6:$AV$47,41,0) -> 0 | J8: =+TONTOCT25!F8+TONTOCT25!G8 -> 101000 | K8: =VLOOKUP($A8,[6]HISTONOV25!$A$6:$AV$47,17,0) -> 101000 | L8: =IF(K8<>0,VLOOKUP($A8,[6]HISTONOV25!$A$6:$BB$47,42,0),"ECHEC") -> BANQUE | M8: =IF(P8=0,0,VLOOKUP($A8,[6]HISTONOV25!$A$6:$AV$47,32,0)) -> 0 | N8: =VLOOKUP($A8,[6]HISTONOV25!$A$6:$AV$47,33,0) -> 0 | O8: =IF(P8=0,0,($C$3-P8)) -> 0 | P8: =VLOOKUP($A8,[6]HISTONOV25!$A$6:$AV$47,30,0) -> 0
A9: AS201619 | B9: =IF(D9=0,0,VLOOKUP($A9,[6]HISTONOV25!$A$6:$BB$47,12,0)) -> 1 | C9: =VLOOKUP(A9,[7]LISTADHERENT!A$5:H$60,3,0) -> KOUATCHO MESSACK | D9: =IF(E9="ECHEC",0,VLOOKUP($A9,[6]HISTONOV25!$A$6:$AR$47,13,0)) -> 75000 | E9: =VLOOKUP($A9,[6]HISTONOV25!$A$6:$AV$47,9,0) -> BANQUE | F9: =VLOOKUP($A9,[6]HISTONOV25!$A$6:$AV$47,36,0) -> 0 | G9: =VLOOKUP($A9,[6]HISTONOV25!$A$6:$AV$47,39,0) -> 0 | H9: =IF(G9=0,"",VLOOKUP($A9,[6]HISTOFEV25!$A$6:$AV$47,42,0)) | I9: =VLOOKUP($A9,[6]HISTONOV25!$A$6:$AV$47,41,0) -> 0 | J9: =+TONTOCT25!F9+TONTOCT25!G9 -> 0 | K9: =VLOOKUP($A9,[6]HISTONOV25!$A$6:$AV$47,17,0) -> 0 | L9: =IF(K9<>0,VLOOKUP($A9,[6]HISTONOV25!$A$6:$BB$47,42,0),"ECHEC") -> ECHEC | M9: =IF(P9=0,0,VLOOKUP($A9,[6]HISTONOV25!$A$6:$AV$47,32,0)) -> 0 | N9: =VLOOKUP($A9,[6]HISTONOV25!$A$6:$AV$47,33,0) -> 0 | O9: =IF(P9=0,0,($C$3-P9)) -> 0 | P9: =VLOOKUP($A9,[6]HISTONOV25!$A$6:$AV$47,30,0) -> 0
A10: AS201611 | B10: =IF(D10=0,0,VLOOKUP($A10,[6]HISTONOV25!$A$6:$BB$47,12,0)) -> 1 | C10: =VLOOKUP(A10,[7]LISTADHERENT!A$5:H$60,3,0) -> HENGUE PAUL OMER | D10: =IF(E10="ECHEC",0,VLOOKUP($A10,[6]HISTONOV25!$A$6:$AR$47,13,0)) -> 75000 | E10: =VLOOKUP($A10,[6]HISTONOV25!$A$6:$AV$47,9,0) -> BANQUE | F10: =VLOOKUP($A10,[6]HISTONOV25!$A$6:$AV$47,36,0) -> 0 | G10: =VLOOKUP($A10,[6]HISTONOV25!$A$6:$AV$47,39,0) -> 0 | H10: =IF(G10=0,"",VLOOKUP($A10,[6]HISTOFEV25!$A$6:$AV$47,42,0)) | I10: =VLOOKUP($A10,[6]HISTONOV25!$A$6:$AV$47,41,0) -> 0 | J10: =+TONTOCT25!F10+TONTOCT25!G10 -> 0 | K10: =VLOOKUP($A10,[6]HISTONOV25!$A$6:$AV$47,17,0) -> 0 | L10: =IF(K10<>0,VLOOKUP($A10,[6]HISTONOV25!$A$6:$BB$47,42,0),"ECHEC") -> ECHEC | M10: =IF(P10=0,0,VLOOKUP($A10,[6]HISTONOV25!$A$6:$AV$47,32,0)) -> 0 | N10: =VLOOKUP($A10,[6]HISTONOV25!$A$6:$AV$47,33,0) -> 0 | O10: =IF(P10=0,0,($C$3-P10)) -> 0 | P10: =VLOOKUP($A10,[6]HISTONOV25!$A$6:$AV$47,30,0) -> 0
A11: AS201649 | B11: =IF(D11=0,0,VLOOKUP($A11,[6]HISTONOV25!$A$6:$BB$47,12,0)) -> 1 | C11: =VLOOKUP(A11,[7]LISTADHERENT!A$5:H$60,3,0) -> MBOGNING TUGMA GUY | D11: =IF(E11="ECHEC",0,VLOOKUP($A11,[6]HISTONOV25!$A$6:$AR$47,13,0)) -> 75000 | E11: =VLOOKUP($A11,[6]HISTONOV25!$A$6:$AV$47,9,0) -> BANQUE | F11: =VLOOKUP($A11,[6]HISTONOV25!$A$6:$AV$47,36,0) -> 0 | G11: =VLOOKUP($A11,[6]HISTONOV25!$A$6:$AV$47,39,0) -> 0 | H11: =IF(G11=0,"",VLOOKUP($A11,[6]HISTOFEV25!$A$6:$AV$47,42,0)) | I11: =VLOOKUP($A11,[6]HISTONOV25!$A$6:$AV$47,41,0) -> 0 | J11: =+TONTOCT25!F11+TONTOCT25!G11 -> 202500 | K11: =VLOOKUP($A11,[6]HISTONOV25!$A$6:$AV$47,17,0) -> 202500 | L11: =IF(K11<>0,VLOOKUP($A11,[6]HISTONOV25!$A$6:$BB$47,42,0),"ECHEC") -> BANQUE | M11: =IF(P11=0,0,VLOOKUP($A11,[6]HISTONOV25!$A$6:$AV$47,32,0)) -> 0 | N11: =VLOOKUP($A11,[6]HISTONOV25!$A$6:$AV$47,33,0) -> 0 | O11: =IF(P11=0,0,($C$3-P11)) -> 0 | P11: =VLOOKUP($A11,[6]HISTONOV25!$A$6:$AV$47,30,0) -> 0
A12: AS201621 | B12: =IF(D12=0,0,VLOOKUP($A12,[6]HISTONOV25!$A$6:$BB$47,12,0)) -> 1 | C12: =VLOOKUP(A12,[7]LISTADHERENT!A$5:H$60,3,0) -> NANKAM APPOLINAIRE | D12: =IF(E12="ECHEC",0,VLOOKUP($A12,[6]HISTONOV25!$A$6:$AR$47,13,0)) -> 75000 | E12: =VLOOKUP($A12,[6]HISTONOV25!$A$6:$AV$47,9,0) -> BANQUE | F12: =VLOOKUP($A12,[6]HISTONOV25!$A$6:$AV$47,36,0) -> 0 | G12: =VLOOKUP($A12,[6]HISTONOV25!$A$6:$AV$47,39,0) -> 0 | H12: =IF(G12=0,"",VLOOKUP($A12,[6]HISTOFEV25!$A$6:$AV$47,42,0)) | I12: =VLOOKUP($A12,[6]HISTONOV25!$A$6:$AV$47,41,0) -> 0 | J12: =+TONTOCT25!F12+TONTOCT25!G12 -> 0 | K12: =VLOOKUP($A12,[6]HISTONOV25!$A$6:$AV$47,17,0) -> 0 | L12: =IF(K12<>0,VLOOKUP($A12,[6]HISTONOV25!$A$6:$BB$47,42,0),"ECHEC") -> ECHEC | M12: =IF(P12=0,0,VLOOKUP($A12,[6]HISTONOV25!$A$6:$AV$47,32,0)) -> 0 | N12: =VLOOKUP($A12,[6]HISTONOV25!$A$6:$AV$47,33,0) -> 0 | O12: =IF(P12=0,0,($C$3-P12)) -> 0 | P12: =VLOOKUP($A12,[6]HISTONOV25!$A$6:$AV$47,30,0) -> 0
A13: AS201624 | B13: =IF(D13=0,0,VLOOKUP($A13,[6]HISTONOV25!$A$6:$BB$47,12,0)) -> 1 | C13: =VLOOKUP(A13,[7]LISTADHERENT!A$5:H$60,3,0) -> NGONDIEP CLAUDE | D13: =IF(E13="ECHEC",0,VLOOKUP($A13,[6]HISTONOV25!$A$6:$AR$47,13,0)) -> 75000 | E13: =VLOOKUP($A13,[6]HISTONOV25!$A$6:$AV$47,9,0) -> BANQUE | F13: =VLOOKUP($A13,[6]HISTONOV25!$A$6:$AV$47,36,0) -> 101500 | G13: =VLOOKUP($A13,[6]HISTONOV25!$A$6:$AV$47,39,0) -> 3000 | H13: =IF(G13=0,"",VLOOKUP($A13,[6]HISTOFEV25!$A$6:$AV$47,42,0)) -> 0 | I13: =VLOOKUP($A13,[6]HISTONOV25!$A$6:$AV$47,41,0) -> 0 | J13: =+TONTOCT25!F13+TONTOCT25!G13 -> 101500 | K13: =VLOOKUP($A13,[6]HISTONOV25!$A$6:$AV$47,17,0) -> 101500 | L13: =IF(K13<>0,VLOOKUP($A13,[6]HISTONOV25!$A$6:$BB$47,42,0),"ECHEC") -> BANQUE | M13: =IF(P13=0,0,VLOOKUP($A13,[6]HISTONOV25!$A$6:$AV$47,32,0)) -> 0 | N13: =VLOOKUP($A13,[6]HISTONOV25!$A$6:$AV$47,33,0) -> 0 | O13: =IF(P13=0,0,($C$3-P13)) -> 0 | P13: =VLOOKUP($A13,[6]HISTONOV25!$A$6:$AV$47,30,0) -> 0
A14: AS201633 | B14: =IF(D14=0,0,VLOOKUP($A14,[6]HISTONOV25!$A$6:$BB$47,12,0)) -> 1 | C14: =VLOOKUP(A14,[7]LISTADHERENT!A$5:H$60,3,0) -> PATEGO NJOSSU GUSTAVE | D14: =IF(E14="ECHEC",0,VLOOKUP($A14,[6]HISTONOV25!$A$6:$AR$47,13,0)) -> 75000 | E14: =VLOOKUP($A14,[6]HISTONOV25!$A$6:$AV$47,9,0) -> BANQUE | F14: =VLOOKUP($A14,[6]HISTONOV25!$A$6:$AV$47,36,0) -> 0 | G14: =VLOOKUP($A14,[6]HISTONOV25!$A$6:$AV$47,39,0) -> 0 | H14: =IF(G14=0,"",VLOOKUP($A14,[6]HISTOFEV25!$A$6:$AV$47,42,0)) | I14: =VLOOKUP($A14,[6]HISTONOV25!$A$6:$AV$47,41,0) -> 0 | J14: =+TONTOCT25!F14+TONTOCT25!G14 -> 0 | K14: =VLOOKUP($A14,[6]HISTONOV25!$A$6:$AV$47,17,0) -> 0 | L14: =IF(K14<>0,VLOOKUP($A14,[6]HISTONOV25!$A$6:$BB$47,42,0),"ECHEC") -> ECHEC | M14: =IF(P14=0,0,VLOOKUP($A14,[6]HISTONOV25!$A$6:$AV$47,32,0)) -> 0 | N14: =VLOOKUP($A14,[6]HISTONOV25!$A$6:$AV$47,33,0) -> 0 | O14: =IF(P14=0,0,($C$3-P14)) -> 0 | P14: =VLOOKUP($A14,[6]HISTONOV25!$A$6:$AV$47,30,0) -> 0
A15: AS201641 | B15: =IF(D15=0,0,VLOOKUP($A15,[6]HISTONOV25!$A$6:$BB$47,12,0)) -> 1 | C15: =VLOOKUP(A15,[7]LISTADHERENT!A$5:H$60,3,0) -> TCHOUAMOU MATHIEU | D15: =IF(E15="ECHEC",0,VLOOKUP($A15,[6]HISTONOV25!$A$6:$AR$47,13,0)) -> 75000 | E15: =VLOOKUP($A15,[6]HISTONOV25!$A$6:$AV$47,9,0) -> BANQUE | F15: =VLOOKUP($A15,[6]HISTONOV25!$A$6:$AV$47,36,0) -> 0 | G15: =VLOOKUP($A15,[6]HISTONOV25!$A$6:$AV$47,39,0) -> 0 | H15: =IF(G15=0,"",VLOOKUP($A15,[6]HISTOFEV25!$A$6:$AV$47,42,0)) | I15: =VLOOKUP($A15,[6]HISTONOV25!$A$6:$AV$47,41,0) -> 0 | J15: =+TONTOCT25!F15+TONTOCT25!G15 -> 101000 | K15: =VLOOKUP($A15,[6]HISTONOV25!$A$6:$AV$47,17,0) -> 101000 | L15: =IF(K15<>0,VLOOKUP($A15,[6]HISTONOV25!$A$6:$BB$47,42,0),"ECHEC") -> BANQUE | M15: =IF(P15=0,0,VLOOKUP($A15,[6]HISTONOV25!$A$6:$AV$47,32,0)) -> 0 | N15: =VLOOKUP($A15,[6]HISTONOV25!$A$6:$AV$47,33,0) -> 0 | O15: =IF(P15=0,0,($C$3-P15)) -> 0 | P15: =VLOOKUP($A15,[6]HISTONOV25!$A$6:$AV$47,30,0) -> 0
A16: AS201658 | B16: =IF(D16=0,0,VLOOKUP($A16,[6]HISTONOV25!$A$6:$BB$47,12,0)) -> 1 | C16: =VLOOKUP(A16,[7]LISTADHERENT!A$5:H$60,3,0) -> YANTCHOU GERVAIS | D16: =IF(E16="ECHEC",0,VLOOKUP($A16,[6]HISTONOV25!$A$6:$AR$47,13,0)) -> 75000 | E16: =VLOOKUP($A16,[6]HISTONOV25!$A$6:$AV$47,9,0) -> BANQUE | F16: =VLOOKUP($A16,[6]HISTONOV25!$A$6:$AV$47,36,0) -> 0 | G16: =VLOOKUP($A16,[6]HISTONOV25!$A$6:$AV$47,39,0) -> 0 | H16: =IF(G16=0,"",VLOOKUP($A16,[6]HISTOFEV25!$A$6:$AV$47,42,0)) | I16: =VLOOKUP($A16,[6]HISTONOV25!$A$6:$AV$47,41,0) -> 0 | J16: =+TONTOCT25!F16+TONTOCT25!G16 -> 101500 | K16: =VLOOKUP($A16,[6]HISTONOV25!$A$6:$AV$47,17,0) -> 101500 | L16: =IF(K16<>0,VLOOKUP($A16,[6]HISTONOV25!$A$6:$BB$47,42,0),"ECHEC") -> BANQUE | M16: =IF(P16=0,0,VLOOKUP($A16,[6]HISTONOV25!$A$6:$AV$47,32,0)) -> 0 | N16: =VLOOKUP($A16,[6]HISTONOV25!$A$6:$AV$47,33,0) -> 0 | O16: =IF(P16=0,0,($C$3-P16)) -> 892500 | P16: =VLOOKUP($A16,[6]HISTONOV25!$A$6:$AV$47,30,0) -> 7500
A17: AS201647 | B17: =IF(D17=0,0,VLOOKUP($A17,[6]HISTONOV25!$A$6:$BB$47,12,0)) -> 1 | C17: =VLOOKUP(A17,[7]LISTADHERENT!A$5:H$60,3,0) -> YOUMBI EMMANUEL | D17: =IF(E17="ECHEC",0,VLOOKUP($A17,[6]HISTONOV25!$A$6:$AR$47,13,0)) -> 75000 | E17: =VLOOKUP($A17,[6]HISTONOV25!$A$6:$AV$47,9,0) -> BANQUE | F17: =VLOOKUP($A17,[6]HISTONOV25!$A$6:$AV$47,36,0) -> 0 | G17: =VLOOKUP($A17,[6]HISTONOV25!$A$6:$AV$47,39,0) -> 0 | H17: =IF(G17=0,"",VLOOKUP($A17,[6]HISTOFEV25!$A$6:$AV$47,42,0)) | I17: =VLOOKUP($A17,[6]HISTONOV25!$A$6:$AV$47,41,0) -> 0 | J17: =+TONTOCT25!F17+TONTOCT25!G17 -> 0 | K17: =VLOOKUP($A17,[6]HISTONOV25!$A$6:$AV$47,17,0) -> 0 | L17: =IF(K17<>0,VLOOKUP($A17,[6]HISTONOV25!$A$6:$BB$47,42,0),"ECHEC") -> ECHEC | M17: =IF(P17=0,0,VLOOKUP($A17,[6]HISTONOV25!$A$6:$AV$47,32,0)) -> 0 | N17: =VLOOKUP($A17,[6]HISTONOV25!$A$6:$AV$47,33,0) -> 0 | O17: =IF(P17=0,0,($C$3-P17)) -> 892500 | P17: =VLOOKUP($A17,[6]HISTONOV25!$A$6:$AV$47,30,0) -> 7500
A19: TOTAL PART | B19: =SUM(B6:B18) -> 13
A20: NBRE ADHERENT | B20: =COUNT(D6:D18) -> 12 | D20: =SUM(D6:D19) -> 975000 | E20: =SUM(E6:E19) -> 0 | F20: =SUM(F6:F19) -> 101500 | G20: =SUM(G6:G19) -> 3000 | H20: =SUM(H6:H19) -> 0 | I20: =SUM(I6:I19) -> 0 | J20: =SUM(J6:J19) -> 809500 | K20: =SUM(K6:K19) -> 809500 | ... P20: =SUM(P6:P19) -> 15000
L21: NBRE PART | M21: PART VENDUE
D22: MONTANT TONTINE | E22: REMBOURSEMENT PETIT LOT | F22: VENTE PETIT LOT | G22: VENTE LOT PRINCIPAL | H22: SOLDE EN CAISSE | J22: TONTINE + REMB + INTERET VENTE+RELIQUAT | K22: =D26+E26+P20+TONTFEV25!M27 -> 1499500
D23: =SUMIFS(D6:D19,E6:E19,"ESPECES") -> 0 | E23: =SUMIFS(K7:K14,L7:L14,"ESPECES") -> 0 | F23: =SUMIFS(F7:F19,H7:H19,"ESPECES") -> 0 | G23: =SUMIFS(O7:O19,M7:M19,"ESPECES") -> 0 | H23: =D23+E23-F23-G23 -> 0 | J23: LOT PRINCIPAL | K23: =C3*COUNTIF(O7:O19,">0") -> 1800000 | L23: =D3 -> 1 | M23: =COUNTIF(O7:O14,">0") -> 0
D24: =SUMIFS(D6:D19,E6:E19,"BANQUE") -> 975000 | E24: =SUMIFS(K7:K14,L7:L14,"BANQUE") -> 607000 | F24: =SUMIFS(F7:F19,H7:H19,"BANQUE") -> 0 | G24: =SUMIFS(O7:O19,M7:M19,"BANQUE") -> 0 | H24: =D24+E24-F24-G24 -> 1582000
J25: PETIT LOT | K25: =K22-K23 -> -300500
D26: =D23+D24 -> 975000 | E26: =E23+E24 -> 607000 | F26: =F23+F24 -> 0 | G26: =G23+G24 -> 0 | H26: =H23+H24 -> 1582000
J27: RELIQUAT | K27: =K25-F20 -> -402000 | M27: =K27 -> -402000 | N27: CUMUL
J29: ECHEC TONTINE MOIS | K29: =COUNTIFS(E7:E18,"ECHEC")*75000 -> 0 | M29: =+K29+TONTFEV25!M29 -> 0 | N29: CUMUL
J30: ECHEC REMBOURSEMENT MOIS | K30: =J20-E26 -> 202500 | M30: =+K30+TONTFEV25!M30 -> 202500 | N30: CUMUL

Sheet TONTDEC25
A1: ASSOCIATION | B1: ASELBY
A2: ANNEE | B2: 2025 | C2: TONIINE | D2: NBRE PART
A3: TAUX TONTINE | B3: 75000 | C3: =B3*12 -> 900000 | D3: =ROUNDDOWN(K22/C3,0) -> 1
C4: 46004
A5: MATRICULE | B5: NBREPART | C5: NOM ET PRENOM | D5: MONTANT TONTINE | E5: MODE VERSEMENT | F5: VENTE PETIT LOT | G5: INTERET PETIT LOT | H5: MODE VERSEMENT VENTE PETIT LOT | I5: NUMERO CHEQUE | J5: MONTANT A REMBOURSER PETIT LOT | K5: REMBOURSEMENT PETIT LOT | L5: MODE VERSEMENT REMBOURSEMENT | M5: MODE VERSEMENTLOT PRINCIPAL | N5: NUMERO CHEQUE | O5: MONTANT LOT PRINCIPAL | P5: INTERET LOT PRINCIPAL
A6: AS201648 | B6: =IF(D6=0,0,VLOOKUP($A6,[6]HISTODEC25!$A$6:$BB$47,12,0)) -> 2 | C6: =VLOOKUP(A6,[7]LISTADHERENT!A$5:H$60,3,0) -> ASELBY | D6: =IF(E6="ECHEC",0,VLOOKUP($A6,[6]HISTODEC25!$A$6:$AR$47,13,0)) -> 150000 | E6: =VLOOKUP($A6,[6]HISTODEC25!$A$6:$AV$47,9,0) -> BANQUE | F6: =VLOOKUP($A6,[6]HISTODEC25!$A$6:$AV$47,36,0) -> 0 | G6: =VLOOKUP($A6,[6]HISTODEC25!$A$6:$AV$47,39,0) -> 0 | H6: =IF(G6=0,"",VLOOKUP($A6,[6]HISTOFEV25!$A$6:$AV$47,42,0)) | I6: =VLOOKUP($A6,[6]HISTODEC25!$A$6:$AV$47,41,0) -> 0 | J6: =+TONTNOV25!F6+TONTNOV25!G6 -> 0 | K6: =VLOOKUP($A6,[6]HISTODEC25!$A$6:$AV$47,17,0) -> 0 | L6: =IF(K6<>0,VLOOKUP($A6,[6]HISTODEC25!$A$6:$BB$47,42,0),"ECHEC") -> ECHEC | M6: =IF(P6=0,0,VLOOKUP($A6,[6]HISTODEC25!$A$6:$AV$47,32,0)) -> 0 | N6: =VLOOKUP($A6,[6]HISTODEC25!$A$6:$AV$47,33,0) -> 0 | O6: =IF(P6=0,0,($C$3-P6)) -> 892500 | P6: =VLOOKUP($A6,[6]HISTODEC25!$A$6:$AV$47,30,0) -> 7500
A7: AS201602 | B7: =IF(D7=0,0,VLOOKUP($A7,[6]HISTODEC25!$A$6:$BB$47,12,0)) -> 1 | C7: =VLOOKUP(A7,[7]LISTADHERENT!A$5:H$60,3,0) -> BOUTCHOUANG WILLIAM | D7: =IF(E7="ECHEC",0,VLOOKUP($A7,[6]HISTODEC25!$A$6:$AR$47,13,0)) -> 75000 | E7: =VLOOKUP($A7,[6]HISTODEC25!$A$6:$AV$47,9,0) -> BANQUE | F7: =VLOOKUP($A7,[6]HISTODEC25!$A$6:$AV$47,36,0) -> 0 | G7: =VLOOKUP($A7,[6]HISTODEC25!$A$6:$AV$47,39,0) -> 0 | H7: =IF(G7=0,"",VLOOKUP($A7,[6]HISTOFEV25!$A$6:$AV$47,42,0)) | I7: =VLOOKUP($A7,[6]HISTODEC25!$A$6:$AV$47,41,0) -> 0 | J7: =+TONTNOV25!F7+TONTNOV25!G7 -> 0 | K7: =VLOOKUP($A7,[6]HISTODEC25!$A$6:$AV$47,17,0) -> 0 | L7: =IF(K7<>0,VLOOKUP($A7,[6]HISTODEC25!$A$6:$BB$47,42,0),"ECHEC") -> ECHEC | M7: =IF(P7=0,0,VLOOKUP($A7,[6]HISTODEC25!$A$6:$AV$47,32,0)) -> 0 | N7: =VLOOKUP($A7,[6]HISTODEC25!$A$6:$AV$47,33,0) -> 0 | O7: =IF(P7=0,0,($C$3-P7)) -> 0 | P7: =VLOOKUP($A7,[6]HISTODEC25!$A$6:$AV$47,30,0) -> 0
A8: AS201613 | B8: =IF(D8=0,0,VLOOKUP($A8,[6]HISTODEC25!$A$6:$BB$47,12,0)) -> 1 | C8: =VLOOKUP(A8,[7]LISTADHERENT!A$5:H$60,3,0) -> HOTCHO BENJAMIN | D8: =IF(E8="ECHEC",0,VLOOKUP($A8,[6]HISTODEC25!$A$6:$AR$47,13,0)) -> 75000 | E8: =VLOOKUP($A8,[6]HISTODEC25!$A$6:$AV$47,9,0) -> BANQUE | F8: =VLOOKUP($A8,[6]HISTODEC25!$A$6:$AV$47,36,0) -> 0 | G8: =VLOOKUP($A8,[6]HISTODEC25!$A$6:$AV$47,39,0) -> 0 | H8: =IF(G8=0,"",VLOOKUP($A8,[6]HISTOFEV25!$A$6:$AV$47,42,0)) | I8: =VLOOKUP($A8,[6]HISTODEC25!$A$6:$AV$47,41,0) -> 0 | J8: =+TONTNOV25!F8+TONTNOV25!G8 -> 0 | K8: =VLOOKUP($A8,[6]HISTODEC25!$A$6:$AV$47,17,0) -> 0 | L8: =IF(K8<>0,VLOOKUP($A8,[6]HISTODEC25!$A$6:$BB$47,42,0),"ECHEC") -> ECHEC | M8: =IF(P8=0,0,VLOOKUP($A8,[6]HISTODEC25!$A$6:$AV$47,32,0)) -> 0 | N8: =VLOOKUP($A8,[6]HISTODEC25!$A$6:$AV$47,33,0) -> 0 | O8: =IF(P8=0,0,($C$3-P8)) -> 0 | P8: =VLOOKUP($A8,[6]HISTODEC25!$A$6:$AV$47,30,0) -> 0
A9: AS201619 | B9: =IF(D9=0,0,VLOOKUP($A9,[6]HISTODEC25!$A$6:$BB$47,12,0)) -> 1 | C9: =VLOOKUP(A9,[7]LISTADHERENT!A$5:H$60,3,0) -> KOUATCHO MESSACK | D9: =IF(E9="ECHEC",0,VLOOKUP($A9,[6]HISTODEC25!$A$6:$AR$47,13,0)) -> 75000 | E9: ESPECES | F9: =VLOOKUP($A9,[6]HISTODEC25!$A$6:$AV$47,36,0) -> 0 | G9: =VLOOKUP($A9,[6]HISTODEC25!$A$6:$AV$47,39,0) -> 0 | H9: =IF(G9=0,"",VLOOKUP($A9,[6]HISTOFEV25!$A$6:$AV$47,42,0)) | I9: =VLOOKUP($A9,[6]HISTODEC25!$A$6:$AV$47,41,0) -> 0 | J9: =+TONTNOV25!F9+TONTNOV25!G9 -> 0 | K9: =VLOOKUP($A9,[6]HISTODEC25!$A$6:$AV$47,17,0) -> 0 | L9: =IF(K9<>0,VLOOKUP($A9,[6]HISTODEC25!$A$6:$BB$47,42,0),"ECHEC") -> ECHEC | M9: =IF(P9=0,0,VLOOKUP($A9,[6]HISTODEC25!$A$6:$AV$47,32,0)) -> 0 | N9: =VLOOKUP($A9,[6]HISTODEC25!$A$6:$AV$47,33,0) -> 0 | O9: =IF(P9=0,0,($C$3-P9)) -> 0 | P9: =VLOOKUP($A9,[6]HISTODEC25!$A$6:$AV$47,30,0) -> 0
A10: AS201611 | B10: =IF(D10=0,0,VLOOKUP($A10,[6]HISTODEC25!$A$6:$BB$47,12,0)) -> 1 | C10: =VLOOKUP(A10,[7]LISTADHERENT!A$5:H$60,3,0) -> HENGUE PAUL OMER | D10: =IF(E10="ECHEC",0,VLOOKUP($A10,[6]HISTODEC25!$A$6:$AR$47,13,0)) -> 75000 | E10: =VLOOKUP($A10,[6]HISTODEC25!$A$6:$AV$47,9,0) -> BANQUE | F10: =VLOOKUP($A10,[6]HISTODEC25!$A$6:$AV$47,36,0) -> 0 | G10: =VLOOKUP($A10,[6]HISTODEC25!$A$6:$AV$47,39,0) -> 0 | H10: =IF(G10=0,"",VLOOKUP($A10,[6]HISTOFEV25!$A$6:$AV$47,42,0)) | I10: =VLOOKUP($A10,[6]HISTODEC25!$A$6:$AV$47,41,0) -> 0 | J10: =+TONTNOV25!F10+TONTNOV25!G10 -> 0 | K10: =VLOOKUP($A10,[6]HISTODEC25!$A$6:$AV$47,17,0) -> 0 | L10: =IF(K10<>0,VLOOKUP($A10,[6]HISTODEC25!$A$6:$BB$47,42,0),"ECHEC") -> ECHEC | M10: =IF(P10=0,0,VLOOKUP($A10,[6]HISTODEC25!$A$6:$AV$47,32,0)) -> 0 | N10: =VLOOKUP($A10,[6]HISTODEC25!$A$6:$AV$47,33,0) -> 0 | O10: =IF(P10=0,0,($C$3-P10)) -> 0 | P10: =VLOOKUP($A10,[6]HISTODEC25!$A$6:$AV$47,30,0) -> 0
A11: AS201649 | B11: =IF(D11=0,0,VLOOKUP($A11,[6]HISTODEC25!$A$6:$BB$47,12,0)) -> 1 | C11: =VLOOKUP(A11,[7]LISTADHERENT!A$5:H$60,3,0) -> MBOGNING TUGMA GUY | D11: =IF(E11="ECHEC",0,VLOOKUP($A11,[6]HISTODEC25!$A$6:$AR$47,13,0)) -> 75000 | E11: =VLOOKUP($A11,[6]HISTODEC25!$A$6:$AV$47,9,0) -> ESPECES | F11: =VLOOKUP($A11,[6]HISTODEC25!$A$6:$AV$47,36,0) -> 0 | G11: =VLOOKUP($A11,[6]HISTODEC25!$A$6:$AV$47,39,0) -> 0 | H11: =IF(G11=0,"",VLOOKUP($A11,[6]HISTOFEV25!$A$6:$AV$47,42,0)) | I11: =VLOOKUP($A11,[6]HISTODEC25!$A$6:$AV$47,41,0) -> 0 | J11: =+TONTNOV25!F11+TONTNOV25!G11 -> 0 | K11: =VLOOKUP($A11,[6]HISTODEC25!$A$6:$AV$47,17,0) -> 0 | L11: =IF(K11<>0,VLOOKUP($A11,[6]HISTODEC25!$A$6:$BB$47,42,0),"ECHEC") -> ECHEC | M11: =IF(P11=0,0,VLOOKUP($A11,[6]HISTODEC25!$A$6:$AV$47,32,0)) -> 0 | N11: =VLOOKUP($A11,[6]HISTODEC25!$A$6:$AV$47,33,0) -> 0 | O11: =IF(P11=0,0,($C$3-P11)) -> 0 | P11: =VLOOKUP($A11,[6]HISTODEC25!$A$6:$AV$47,30,0) -> 0
A12: AS201621 | B12: =IF(D12=0,0,VLOOKUP($A12,[6]HISTODEC25!$A$6:$BB$47,12,0)) -> 1 | C12: =VLOOKUP(A12,[7]LISTADHERENT!A$5:H$60,3,0) -> NANKAM APPOLINAIRE | D12: =IF(E12="ECHEC",0,VLOOKUP($A12,[6]HISTODEC25!$A$6:$AR$47,13,0)) -> 75000 | E12: =VLOOKUP($A12,[6]HISTODEC25!$A$6:$AV$47,9,0) -> BANQUE | F12: =VLOOKUP($A12,[6]HISTODEC25!$A$6:$AV$47,36,0) -> 0 | G12: =VLOOKUP($A12,[6]HISTODEC25!$A$6:$AV$47,39,0) -> 0 | H12: =IF(G12=0,"",VLOOKUP($A12,[6]HISTOFEV25!$A$6:$AV$47,42,0)) | I12: =VLOOKUP($A12,[6]HISTODEC25!$A$6:$AV$47,41,0) -> 0 | J12: =+TONTNOV25!F12+TONTNOV25!G12 -> 0 | K12: =VLOOKUP($A12,[6]HISTODEC25!$A$6:$AV$47,17,0) -> 0 | L12: =IF(K12<>0,VLOOKUP($A12,[6]HISTODEC25!$A$6:$BB$47,42,0),"ECHEC") -> ECHEC | M12: =IF(P12=0,0,VLOOKUP($A12,[6]HISTODEC25!$A$6:$AV$47,32,0)) -> 0 | N12: =VLOOKUP($A12,[6]HISTODEC25!$A$6:$AV$47,33,0) -> 0 | O12: =IF(P12=0,0,($C$3-P12)) -> 0 | P12: =VLOOKUP($A12,[6]HISTODEC25!$A$6:$AV$47,30,0) -> 0
A13: AS201624 | B13: =IF(D13=0,0,VLOOKUP($A13,[6]HISTODEC25!$A$6:$BB$47,12,0)) -> 1 | C13: =VLOOKUP(A13,[7]LISTADHERENT!A$5:H$60,3,0) -> NGONDIEP CLAUDE | D13: =IF(E13="ECHEC",0,VLOOKUP($A13,[6]HISTODEC25!$A$6:$AR$47,13,0)) -> 75000 | E13: =VLOOKUP($A13,[6]HISTODEC25!$A$6:$AV$47,9,0) -> BANQUE | F13: =VLOOKUP($A13,[6]HISTODEC25!$A$6:$AV$47,36,0) -> 0 | G13: =VLOOKUP($A13,[6]HISTODEC25!$A$6:$AV$47,39,0) -> 0 | H13: =IF(G13=0,"",VLOOKUP($A13,[6]HISTOFEV25!$A$6:$AV$47,42,0)) | I13: =VLOOKUP($A13,[6]HISTODEC25!$A$6:$AV$47,41,0) -> 0 | J13: =+TONTNOV25!F13+TONTNOV25!G13 -> 104500 | K13: =VLOOKUP($A13,[6]HISTODEC25!$A$6:$AV$47,17,0) -> 104500 | L13: =IF(K13<>0,VLOOKUP($A13,[6]HISTODEC25!$A$6:$BB$47,42,0),"ECHEC") -> BANQUE | M13: =IF(P13=0,0,VLOOKUP($A13,[6]HISTODEC25!$A$6:$AV$47,32,0)) -> 0 | N13: =VLOOKUP($A13,[6]HISTODEC25!$A$6:$AV$47,33,0) -> 0 | O13: =IF(P13=0,0,($C$3-P13)) -> 0 | P13: =VLOOKUP($A13,[6]HISTODEC25!$A$6:$AV$47,30,0) -> 0
A14: AS201633 | B14: =IF(D14=0,0,VLOOKUP($A14,[6]HISTODEC25!$A$6:$BB$47,12,0)) -> 1 | C14: =VLOOKUP(A14,[7]LISTADHERENT!A$5:H$60,3,0) -> PATEGO NJOSSU GUSTAVE | D14: =IF(E14="ECHEC",0,VLOOKUP($A14,[6]HISTODEC25!$A$6:$AR$47,13,0)) -> 75000 | E14: =VLOOKUP($A14,[6]HISTODEC25!$A$6:$AV$47,9,0) -> BANQUE | F14: =VLOOKUP($A14,[6]HISTODEC25!$A$6:$AV$47,36,0) -> 0 | G14: =VLOOKUP($A14,[6]HISTODEC25!$A$6:$AV$47,39,0) -> 0 | H14: =IF(G14=0,"",VLOOKUP($A14,[6]HISTOFEV25!$A$6:$AV$47,42,0)) | I14: =VLOOKUP($A14,[6]HISTODEC25!$A$6:$AV$47,41,0) -> 0 | J14: =+TONTNOV25!F14+TONTNOV25!G14 -> 0 | K14: =VLOOKUP($A14,[6]HISTODEC25!$A$6:$AV$47,17,0) -> 0 | L14: =IF(K14<>0,VLOOKUP($A14,[6]HISTODEC25!$A$6:$BB$47,42,0),"ECHEC") -> ECHEC | M14: =IF(P14=0,0,VLOOKUP($A14,[6]HISTODEC25!$A$6:$AV$47,32,0)) -> 0 | N14: =VLOOKUP($A14,[6]HISTODEC25!$A$6:$AV$47,33,0) -> 0 | O14: =IF(P14=0,0,($C$3-P14)) -> 0 | P14: =VLOOKUP($A14,[6]HISTODEC25!$A$6:$AV$47,30,0) -> 0
A15: AS201641 | B15: =IF(D15=0,0,VLOOKUP($A15,[6]HISTODEC25!$A$6:$BB$47,12,0)) -> 1 | C15: =VLOOKUP(A15,[7]LISTADHERENT!A$5:H$60,3,0) -> TCHOUAMOU MATHIEU | D15: =IF(E15="ECHEC",0,VLOOKUP($A15,[6]HISTODEC25!$A$6:$AR$47,13,0)) -> 75000 | E15: =VLOOKUP($A15,[6]HISTODEC25!$A$6:$AV$47,9,0) -> BANQUE | F15: =VLOOKUP($A15,[6]HISTODEC25!$A$6:$AV$47,36,0) -> 0 | G15: =VLOOKUP($A15,[6]HISTODEC25!$A$6:$AV$47,39,0) -> 0 | H15: =IF(G15=0,"",VLOOKUP($A15,[6]HISTOFEV25!$A$6:$AV$47,42,0)) | I15: =VLOOKUP($A15,[6]HISTODEC25!$A$6:$AV$47,41,0) -> 0 | J15: =+TONTNOV25!F15+TONTNOV25!G15 -> 0 | K15: =VLOOKUP($A15,[6]HISTODEC25!$A$6:$AV$47,17,0) -> 0 | L15: =IF(K15<>0,VLOOKUP($A15,[6]HISTODEC25!$A$6:$BB$47,42,0),"ECHEC") -> ECHEC | M15: =IF(P15=0,0,VLOOKUP($A15,[6]HISTODEC25!$A$6:$AV$47,32,0)) -> 0 | N15: =VLOOKUP($A15,[6]HISTODEC25!$A$6:$AV$47,33,0) -> 0 | O15: =IF(P15=0,0,($C$3-P15)) -> 0 | P15: =VLOOKUP($A15,[6]HISTODEC25!$A$6:$AV$47,30,0) -> 0
A16: AS201658 | B16: =IF(D16=0,0,VLOOKUP($A16,[6]HISTODEC25!$A$6:$BB$47,12,0)) -> 1 | C16: =VLOOKUP(A16,[7]LISTADHERENT!A$5:H$60,3,0) -> YANTCHOU GERVAIS | D16: =IF(E16="ECHEC",0,VLOOKUP($A16,[6]HISTODEC25!$A$6:$AR$47,13,0)) -> 75000 | E16: =VLOOKUP($A16,[6]HISTODEC25!$A$6:$AV$47,9,0) -> BANQUE | F16: =VLOOKUP($A16,[6]HISTODEC25!$A$6:$AV$47,36,0) -> 0 | G16: =VLOOKUP($A16,[6]HISTODEC25!$A$6:$AV$47,39,0) -> 0 | H16: =IF(G16=0,"",VLOOKUP($A16,[6]HISTOFEV25!$A$6:$AV$47,42,0)) | I16: =VLOOKUP($A16,[6]HISTODEC25!$A$6:$AV$47,41,0) -> 0 | J16: =+TONTNOV25!F16+TONTNOV25!G16 -> 0 | K16: =VLOOKUP($A16,[6]HISTODEC25!$A$6:$AV$47,17,0) -> 0 | L16: =IF(K16<>0,VLOOKUP($A16,[6]HISTODEC25!$A$6:$BB$47,42,0),"ECHEC") -> ECHEC | M16: =IF(P16=0,0,VLOOKUP($A16,[6]HISTODEC25!$A$6:$AV$47,32,0)) -> 0 | N16: =VLOOKUP($A16,[6]HISTODEC25!$A$6:$AV$47,33,0) -> 0 | O16: =IF(P16=0,0,($C$3-P16)) -> 0 | P16: =VLOOKUP($A16,[6]HISTODEC25!$A$6:$AV$47,30,0) -> 0
A17: AS201647 | B17: =IF(D17=0,0,VLOOKUP($A17,[6]HISTODEC25!$A$6:$BB$47,12,0)) -> 1 | C17: =VLOOKUP(A17,[7]LISTADHERENT!A$5:H$60,3,0) -> YOUMBI EMMANUEL | D17: =IF(E17="ECHEC",0,VLOOKUP($A17,[6]HISTODEC25!$A$6:$AR$47,13,0)) -> 75000 | E17: =VLOOKUP($A17,[6]HISTODEC25!$A$6:$AV$47,9,0) -> BANQUE | F17: =VLOOKUP($A17,[6]HISTODEC25!$A$6:$AV$47,36,0) -> 0 | G17: =VLOOKUP($A17,[6]HISTODEC25!$A$6:$AV$47,39,0) -> 0 | H17: =IF(G17=0,"",VLOOKUP($A17,[6]HISTOFEV25!$A$6:$AV$47,42,0)) | I17: =VLOOKUP($A17,[6]HISTODEC25!$A$6:$AV$47,41,0) -> 0 | J17: =+TONTNOV25!F17+TONTNOV25!G17 -> 0 | K17: =VLOOKUP($A17,[6]HISTODEC25!$A$6:$AV$47,17,0) -> 0 | L17: =IF(K17<>0,VLOOKUP($A17,[6]HISTODEC25!$A$6:$BB$47,42,0),"ECHEC") -> ECHEC | M17: =IF(P17=0,0,VLOOKUP($A17,[6]HISTODEC25!$A$6:$AV$47,32,0)) -> 0 | N17: =VLOOKUP($A17,[6]HISTODEC25!$A$6:$AV$47,33,0) -> 0 | O17: =IF(P17=0,0,($C$3-P17)) -> 0 | P17: =VLOOKUP($A17,[6]HISTODEC25!$A$6:$AV$47,30,0) -> 0
A19: TOTAL PART | B19: =SUM(B6:B18) -> 13
A20: NBRE ADHERENT | B20: =COUNT(D6:D18) -> 12 | D20: =SUM(D6:D19) -> 975000 | E20: =SUM(E6:E19) -> 0 | F20: =SUM(F6:F19) -> 0 | G20: =SUM(G6:G19) -> 0 | H20: =SUM(H6:H19) -> 0 | I20: =SUM(I6:I19) -> 0 | J20: =SUM(J6:J19) -> 104500 | K20: =SUM(K6:K19) -> 104500 | ... P20: =SUM(P6:P19) -> 7500
L21: NBRE PART | M21: PART VENDUE
D22: MONTANT TONTINE | E22: REMBOURSEMENT PETIT LOT | F22: VENTE PETIT LOT | G22: VENTE LOT PRINCIPAL | H22: SOLDE EN CAISSE | J22: TONTINE + REMB + INTERET VENTE+RELIQUAT | K22: =D26+E26+P20+TONTFEV25!M27 -> 989500
D23: =SUMIFS(D6:D19,E6:E19,"ESPECES") -> 150000 | E23: =SUMIFS(K7:K14,L7:L14,"ESPECES") -> 0 | F23: =SUMIFS(F7:F19,H7:H19,"ESPECES") -> 0 | G23: =SUMIFS(O7:O19,M7:M19,"ESPECES") -> 0 | H23: =D23+E23-F23-G23 -> 150000 | J23: LOT PRINCIPAL | K23: =C3*COUNTIF(O7:O19,">0") -> 0 | L23: =D3 -> 1 | M23: =COUNTIF(O7:O14,">0") -> 0
D24: =SUMIFS(D6:D19,E6:E19,"BANQUE") -> 825000 | E24: =SUMIFS(K7:K14,L7:L14,"BANQUE") -> 104500 | F24: =SUMIFS(F7:F19,H7:H19,"BANQUE") -> 0 | G24: =SUMIFS(O7:O19,M7:M19,"BANQUE") -> 0 | H24: =D24+E24-F24-G24 -> 929500
J25: PETIT LOT | K25: =K22-K23 -> 989500
D26: =D23+D24 -> 975000 | E26: =E23+E24 -> 104500 | F26: =F23+F24 -> 0 | G26: =G23+G24 -> 0 | H26: =H23+H24 -> 1079500
J27: RELIQUAT | K27: =K25-F20 -> 989500 | M27: =K27 -> 989500 | N27: CUMUL
J29: ECHEC TONTINE MOIS | K29: =COUNTIFS(E7:E18,"ECHEC")*75000 -> 0 | M29: =+K29+TONTFEV25!M29 -> 0 | N29: CUMUL
J30: ECHEC REMBOURSEMENT MOIS | K30: =J20-E26 -> 0 | M30: =+K30+TONTFEV25!M30 -> 0 | N30: CUMUL

Sheet TONTRESUME25
A1: ASSOCIATION | B1: ASELBY
A2: ANNEE | B2: 2024 | C2: TONIINE | D2: NBRE PART
A3: TAUX TONTINE | B3: 75000 | C3: =B3*12 -> 900000 | D3: =ROUNDDOWN(K22/C3,0) -> 13
C4: RECAPITULATION
A5: MATRICULE | B5: NBREPART | C5: NOM ET PRENOM | D5: MONTANT TONTINE | E5: MODE VERSEMENT | F5: VENTE PETIT LOT | G5: INTERET PETIT LOT | H5: MODE VERSEMENT VENTE PETIT LOT | I5: NUMERO CHEQUE | J5: MONTANT A REMBOURSER PETIT LOT | K5: REMBOURSEMENT PETIT LOT | L5: MODE VERSEMENT REMBOURSEMENT | M5: MODE VERSEMENTLOT PRINCIPAL | N5: NUMERO CHEQUE | O5: MONTANT LOT PRINCIPAL | P5: INTERET LOT PRINCIPAL | Q5: MOIS OBTENTION | R5: MOIS OBTENTION 2 | S5: REPARTITION INTERET | T5: INTERET PERCU PAR ADHERENT
A6: AS201648 | B6: =TONTJANV25!B6+TONTFEV25!B6+TONTMARS25!B6+TONTAVRIL25!B6+TONTMAI25!B6+TONTJUIN25!B6+TONTJUIL25!B6+TONTAOUT25!B6+TONTSEPT25!B6+TONTOCT25!B6+TONTNOV25!B6+TONTDEC25!B6 -> 24 | C6: =VLOOKUP(A6,[7]LISTADHERENT!A$5:H$60,3,0) -> ASELBY | D6: =TONTJANV25!D6+TONTFEV25!D6+TONTMARS25!D6+TONTAVRIL25!D6+TONTMAI25!D6+TONTJUIN25!D6+TONTJUIL25!D6+TONTAOUT25!D6+TONTSEPT25!D6+TONTOCT25!D6+TONTNOV25!D6+TONTDEC25!D6 -> 1800000 | F6: =TONTJANV25!F6+TONTFEV25!F6+TONTMARS25!F6+TONTAVRIL25!F6+TONTMAI25!F6+TONTJUIN25!F6+TONTJUIL25!F6+TONTAOUT25!F6+TONTSEPT25!F6+TONTOCT25!F6+TONTNOV25!F6+TONTDEC25!F6 -> 0 | G6: =TONTJANV25!G6+TONTFEV25!G6+TONTMARS25!G6+TONTAVRIL25!G6+TONTMAI25!G6+TONTJUIN25!G6+TONTJUIL25!G6+TONTAOUT25!G6+TONTSEPT25!G6+TONTOCT25!G6+TONTNOV25!G6+TONTDEC25!G6 -> 0 | J6: =TONTJANV25!J6+TONTFEV25!J6+TONTMARS25!J6+TONTAVRIL25!J6+TONTMAI25!J6+TONTJUIN25!J6+TONTJUIL25!J6+TONTAOUT25!J6+TONTSEPT25!J6+TONTOCT25!J6+TONTNOV25!J6+TONTDEC25!J6 -> 0 | K6: =TONTJANV25!K6+TONTFEV25!K6+TONTMARS25!K6+TONTAVRIL25!K6+TONTMAI25!K6+TONTJUIN25!K6+TONTJUIL25!K6+TONTAOUT25!K6+TONTSEPT25!K6+TONTOCT25!K6+TONTNOV25!K6+TONTDEC25!K6 -> 0 | O6: =TONTJANV25!O6+TONTFEV25!O6+TONTMARS25!O6+TONTAVRIL25!O6+TONTMAI25!O6+TONTJUIN25!O6+TONTJUIL25!O6+TONTAOUT25!O6+TONTSEPT25!O6+TONTOCT25!O6+TONTNOV25!O6+TONTDEC25!O6 -> 1785000 | P6: =TONTJANV25!P6+TONTFEV25!P6+TONTMARS25!P6+TONTAVRIL25!P6+TONTMAI25!P6+TONTJUIN25!P6+TONTJUIL25!P6+TONTAOUT25!P6+TONTSEPT25!P6+TONTOCT25!P6+TONTNOV25!P6+TONTDEC25!P6 -> 15000 | Q6: 45825 | S6: =$Q$26*2 -> 34384.615 | T6: 32000
A7: AS201602 | B7: =TONTJANV25!B7+TONTFEV25!B7+TONTMARS25!B7+TONTAVRIL25!B7+TONTMAI25!B7+TONTJUIN25!B7+TONTJUIL25!B7+TONTAOUT25!B7+TONTSEPT25!B7+TONTOCT25!B7+TONTNOV25!B7+TONTDEC25!B7 -> 12 | C7: =VLOOKUP(A7,[7]LISTADHERENT!A$5:H$60,3,0) -> BOUTCHOUANG WILLIAM | D7: =TONTJANV25!D7+TONTFEV25!D7+TONTMARS25!D7+TONTAVRIL25!D7+TONTMAI25!D7+TONTJUIN25!D7+TONTJUIL25!D7+TONTAOUT25!D7+TONTSEPT25!D7+TONTOCT25!D7+TONTNOV25!D7+TONTDEC25!D7 -> 900000 | F7: =TONTJANV25!F7+TONTFEV25!F7+TONTMARS25!F7+TONTAVRIL25!F7+TONTMAI25!F7+TONTJUIN25!F7+TONTJUIL25!F7+TONTAOUT25!F7+TONTSEPT25!F7+TONTOCT25!F7+TONTNOV25!F7+TONTDEC25!F7 -> 400000 | G7: =TONTJANV25!G7+TONTFEV25!G7+TONTMARS25!G7+TONTAVRIL25!G7+TONTMAI25!G7+TONTJUIN25!G7+TONTJUIL25!G7+TONTAOUT25!G7+TONTSEPT25!G7+TONTOCT25!G7+TONTNOV25!G7+TONTDEC25!G7 -> 6000 | J7: =TONTJANV25!J7+TONTFEV25!J7+TONTMARS25!J7+TONTAVRIL25!J7+TONTMAI25!J7+TONTJUIN25!J7+TONTJUIL25!J7+TONTAOUT25!J7+TONTSEPT25!J7+TONTOCT25!J7+TONTNOV25!J7+TONTDEC25!J7 -> 406000 | K7: =TONTJANV25!K7+TONTFEV25!K7+TONTMARS25!K7+TONTAVRIL25!K7+TONTMAI25!K7+TONTJUIN25!K7+TONTJUIL25!K7+TONTAOUT25!K7+TONTSEPT25!K7+TONTOCT25!K7+TONTNOV25!K7+TONTDEC25!K7 -> 406000 | O7: =TONTJANV25!O7+TONTFEV25!O7+TONTMARS25!O7+TONTAVRIL25!O7+TONTMAI25!O7+TONTJUIN25!O7+TONTJUIL25!O7+TONTAOUT25!O7+TONTSEPT25!O7+TONTOCT25!O7+TONTNOV25!O7+TONTDEC25!O7 -> 892500 | P7: =TONTJANV25!P7+TONTFEV25!P7+TONTMARS25!P7+TONTAVRIL25!P7+TONTMAI25!P7+TONTJUIN25!P7+TONTJUIL25!P7+TONTAOUT25!P7+TONTSEPT25!P7+TONTOCT25!P7+TONTNOV25!P7+TONTDEC25!P7 -> 7500 | Q7: 45947 | S7: =$Q$26*1 -> 17192.308 | T7: 16000
A8: AS201613 | B8: =TONTJANV25!B8+TONTFEV25!B8+TONTMARS25!B8+TONTAVRIL25!B8+TONTMAI25!B8+TONTJUIN25!B8+TONTJUIL25!B8+TONTAOUT25!B8+TONTSEPT25!B8+TONTOCT25!B8+TONTNOV25!B8+TONTDEC25!B8 -> 12 | C8: =VLOOKUP(A8,[7]LISTADHERENT!A$5:H$60,3,0) -> HOTCHO BENJAMIN | D8: =TONTJANV25!D8+TONTFEV25!D8+TONTMARS25!D8+TONTAVRIL25!D8+TONTMAI25!D8+TONTJUIN25!D8+TONTJUIL25!D8+TONTAOUT25!D8+TONTSEPT25!D8+TONTOCT25!D8+TONTNOV25!D8+TONTDEC25!D8 -> 900000 | F8: =TONTJANV25!F8+TONTFEV25!F8+TONTMARS25!F8+TONTAVRIL25!F8+TONTMAI25!F8+TONTJUIN25!F8+TONTJUIL25!F8+TONTAOUT25!F8+TONTSEPT25!F8+TONTOCT25!F8+TONTNOV25!F8+TONTDEC25!F8 -> 491125 | G8: =TONTJANV25!G8+TONTFEV25!G8+TONTMARS25!G8+TONTAVRIL25!G8+TONTMAI25!G8+TONTJUIN25!G8+TONTJUIL25!G8+TONTAOUT25!G8+TONTSEPT25!G8+TONTOCT25!G8+TONTNOV25!G8+TONTDEC25!G8 -> 9000 | J8: =TONTJANV25!J8+TONTFEV25!J8+TONTMARS25!J8+TONTAVRIL25!J8+TONTMAI25!J8+TONTJUIN25!J8+TONTJUIL25!J8+TONTAOUT25!J8+TONTSEPT25!J8+TONTOCT25!J8+TONTNOV25!J8+TONTDEC25!J8 -> 500125 | K8: =TONTJANV25!K8+TONTFEV25!K8+TONTMARS25!K8+TONTAVRIL25!K8+TONTMAI25!K8+TONTJUIN25!K8+TONTJUIL25!K8+TONTAOUT25!K8+TONTSEPT25!K8+TONTOCT25!K8+TONTNOV25!K8+TONTDEC25!K8 -> 500125 | O8: =TONTJANV25!O8+TONTFEV25!O8+TONTMARS25!O8+TONTAVRIL25!O8+TONTMAI25!O8+TONTJUIN25!O8+TONTJUIL25!O8+TONTAOUT25!O8+TONTSEPT25!O8+TONTOCT25!O8+TONTNOV25!O8+TONTDEC25!O8 -> 892500 | P8: =TONTJANV25!P8+TONTFEV25!P8+TONTMARS25!P8+TONTAVRIL25!P8+TONTMAI25!P8+TONTJUIN25!P8+TONTJUIL25!P8+TONTAOUT25!P8+TONTSEPT25!P8+TONTOCT25!P8+TONTNOV25!P8+TONTDEC25!P8 -> 7500 | Q8: 45739 | S8: =$Q$26*1 -> 17192.308 | T8: 16000
A9: AS201619 | B9: =TONTJANV25!B9+TONTFEV25!B9+TONTMARS25!B9+TONTAVRIL25!B9+TONTMAI25!B9+TONTJUIN25!B9+TONTJUIL25!B9+TONTAOUT25!B9+TONTSEPT25!B9+TONTOCT25!B9+TONTNOV25!B9+TONTDEC25!B9 -> 12 | C9: =VLOOKUP(A9,[7]LISTADHERENT!A$5:H$60,3,0) -> KOUATCHO MESSACK | D9: =TONTJANV25!D9+TONTFEV25!D9+TONTMARS25!D9+TONTAVRIL25!D9+TONTMAI25!D9+TONTJUIN25!D9+TONTJUIL25!D9+TONTAOUT25!D9+TONTSEPT25!D9+TONTOCT25!D9+TONTNOV25!D9+TONTDEC25!D9 -> 900000 | F9: =TONTJANV25!F9+TONTFEV25!F9+TONTMARS25!F9+TONTAVRIL25!F9+TONTMAI25!F9+TONTJUIN25!F9+TONTJUIL25!F9+TONTAOUT25!F9+TONTSEPT25!F9+TONTOCT25!F9+TONTNOV25!F9+TONTDEC25!F9 -> 541500 | G9: =TONTJANV25!G9+TONTFEV25!G9+TONTMARS25!G9+TONTAVRIL25!G9+TONTMAI25!G9+TONTJUIN25!G9+TONTJUIL25!G9+TONTAOUT25!G9+TONTSEPT25!G9+TONTOCT25!G9+TONTNOV25!G9+TONTDEC25!G9 -> 9000 | J9: =TONTJANV25!J9+TONTFEV25!J9+TONTMARS25!J9+TONTAVRIL25!J9+TONTMAI25!J9+TONTJUIN25!J9+TONTJUIL25!J9+TONTAOUT25!J9+TONTSEPT25!J9+TONTOCT25!J9+TONTNOV25!J9+TONTDEC25!J9 -> 550500 | K9: =TONTJANV25!K9+TONTFEV25!K9+TONTMARS25!K9+TONTAVRIL25!K9+TONTMAI25!K9+TONTJUIN25!K9+TONTJUIL25!K9+TONTAOUT25!K9+TONTSEPT25!K9+TONTOCT25!K9+TONTNOV25!K9+TONTDEC25!K9 -> 550500 | O9: =TONTJANV25!O9+TONTFEV25!O9+TONTMARS25!O9+TONTAVRIL25!O9+TONTMAI25!O9+TONTJUIN25!O9+TONTJUIL25!O9+TONTAOUT25!O9+TONTSEPT25!O9+TONTOCT25!O9+TONTNOV25!O9+TONTDEC25!O9 -> 892500 | P9: =TONTJANV25!P9+TONTFEV25!P9+TONTMARS25!P9+TONTAVRIL25!P9+TONTMAI25!P9+TONTJUIN25!P9+TONTJUIL25!P9+TONTAOUT25!P9+TONTSEPT25!P9+TONTOCT25!P9+TONTNOV25!P9+TONTDEC25!P9 -> 7500 | Q9: 45767 | S9: =$Q$26*1 -> 17192.308 | T9: 16000
A10: AS201611 | B10: =TONTJANV25!B10+TONTFEV25!B10+TONTMARS25!B10+TONTAVRIL25!B10+TONTMAI25!B10+TONTJUIN25!B10+TONTJUIL25!B10+TONTAOUT25!B10+TONTSEPT25!B10+TONTOCT25!B10+TONTNOV25!B10+TONTDEC25!B10 -> 12 | C10: =VLOOKUP(A10,[7]LISTADHERENT!A$5:H$60,3,0) -> HENGUE PAUL OMER | D10: =TONTJANV25!D10+TONTFEV25!D10+TONTMARS25!D10+TONTAVRIL25!D10+TONTMAI25!D10+TONTJUIN25!D10+TONTJUIL25!D10+TONTAOUT25!D10+TONTSEPT25!D10+TONTOCT25!D10+TONTNOV25!D10+TONTDEC25!D10 -> 900000 | F10: =TONTJANV25!F10+TONTFEV25!F10+TONTMARS25!F10+TONTAVRIL25!F10+TONTMAI25!F10+TONTJUIN25!F10+TONTJUIL25!F10+TONTAOUT25!F10+TONTSEPT25!F10+TONTOCT25!F10+TONTNOV25!F10+TONTDEC25!F10 -> 0 | G10: =TONTJANV25!G10+TONTFEV25!G10+TONTMARS25!G10+TONTAVRIL25!G10+TONTMAI25!G10+TONTJUIN25!G10+TONTJUIL25!G10+TONTAOUT25!G10+TONTSEPT25!G10+TONTOCT25!G10+TONTNOV25!G10+TONTDEC25!G10 -> 0 | J10: =TONTJANV25!J10+TONTFEV25!J10+TONTMARS25!J10+TONTAVRIL25!J10+TONTMAI25!J10+TONTJUIN25!J10+TONTJUIL25!J10+TONTAOUT25!J10+TONTSEPT25!J10+TONTOCT25!J10+TONTNOV25!J10+TONTDEC25!J10 -> 0 | K10: =TONTJANV25!K10+TONTFEV25!K10+TONTMARS25!K10+TONTAVRIL25!K10+TONTMAI25!K10+TONTJUIN25!K10+TONTJUIL25!K10+TONTAOUT25!K10+TONTSEPT25!K10+TONTOCT25!K10+TONTNOV25!K10+TONTDEC25!K10 -> 0 | O10: =TONTJANV25!O10+TONTFEV25!O10+TONTMARS25!O10+TONTAVRIL25!O10+TONTMAI25!O10+TONTJUIN25!O10+TONTJUIL25!O10+TONTAOUT25!O10+TONTSEPT25!O10+TONTOCT25!O10+TONTNOV25!O10+TONTDEC25!O10 -> 891500 | P10: =TONTJANV25!P10+TONTFEV25!P10+TONTMARS25!P10+TONTAVRIL25!P10+TONTMAI25!P10+TONTJUIN25!P10+TONTJUIL25!P10+TONTAOUT25!P10+TONTSEPT25!P10+TONTOCT25!P10+TONTNOV25!P10+TONTDEC25!P10 -> 8500 | Q10: 45920 | S10: =$Q$26*1 -> 17192.308 | T10: 16000
A11: AS201649 | B11: =TONTJANV25!B11+TONTFEV25!B11+TONTMARS25!B11+TONTAVRIL25!B11+TONTMAI25!B11+TONTJUIN25!B11+TONTJUIL25!B11+TONTAOUT25!B11+TONTSEPT25!B11+TONTOCT25!B11+TONTNOV25!B11+TONTDEC25!B11 -> 12 | C11: =VLOOKUP(A11,[7]LISTADHERENT!A$5:H$60,3,0) -> MBOGNING TUGMA GUY | D11: =TONTJANV25!D11+TONTFEV25!D11+TONTMARS25!D11+TONTAVRIL25!D11+TONTMAI25!D11+TONTJUIN25!D11+TONTJUIL25!D11+TONTAOUT25!D11+TONTSEPT25!D11+TONTOCT25!D11+TONTNOV25!D11+TONTDEC25!D11 -> 900000 | F11: =TONTJANV25!F11+TONTFEV25!F11+TONTMARS25!F11+TONTAVRIL25!F11+TONTMAI25!F11+TONTJUIN25!F11+TONTJUIL25!F11+TONTAOUT25!F11+TONTSEPT25!F11+TONTOCT25!F11+TONTNOV25!F11+TONTDEC25!F11 -> 1150000 | G11: =TONTJANV25!G11+TONTFEV25!G11+TONTMARS25!G11+TONTAVRIL25!G11+TONTMAI25!G11+TONTJUIN25!G11+TONTJUIL25!G11+TONTAOUT25!G11+TONTSEPT25!G11+TONTOCT25!G11+TONTNOV25!G11+TONTDEC25!G11 -> 17500 | J11: =TONTJANV25!J11+TONTFEV25!J11+TONTMARS25!J11+TONTAVRIL25!J11+TONTMAI25!J11+TONTJUIN25!J11+TONTJUIL25!J11+TONTAOUT25!J11+TONTSEPT25!J11+TONTOCT25!J11+TONTNOV25!J11+TONTDEC25!J11 -> 1167500 | K11: =TONTJANV25!K11+TONTFEV25!K11+TONTMARS25!K11+TONTAVRIL25!K11+TONTMAI25!K11+TONTJUIN25!K11+TONTJUIL25!K11+TONTAOUT25!K11+TONTSEPT25!K11+TONTOCT25!K11+TONTNOV25!K11+TONTDEC25!K11 -> 1167500 | O11: =TONTJANV25!O11+TONTFEV25!O11+TONTMARS25!O11+TONTAVRIL25!O11+TONTMAI25!O11+TONTJUIN25!O11+TONTJUIL25!O11+TONTAOUT25!O11+TONTSEPT25!O11+TONTOCT25!O11+TONTNOV25!O11+TONTDEC25!O11 -> 855000 | P11: =TONTJANV25!P11+TONTFEV25!P11+TONTMARS25!P11+TONTAVRIL25!P11+TONTMAI25!P11+TONTJUIN25!P11+TONTJUIL25!P11+TONTAOUT25!P11+TONTSEPT25!P11+TONTOCT25!P11+TONTNOV25!P11+TONTDEC25!P11 -> 45000 | Q11: 45711 | S11: =$Q$26*1 -> 17192.308 | T11: 16000
A12: AS201621 | B12: =TONTJANV25!B12+TONTFEV25!B12+TONTMARS25!B12+TONTAVRIL25!B12+TONTMAI25!B12+TONTJUIN25!B12+TONTJUIL25!B12+TONTAOUT25!B12+TONTSEPT25!B12+TONTOCT25!B12+TONTNOV25!B12+TONTDEC25!B12 -> 12 | C12: =VLOOKUP(A12,[7]LISTADHERENT!A$5:H$60,3,0) -> NANKAM APPOLINAIRE | D12: =TONTJANV25!D12+TONTFEV25!D12+TONTMARS25!D12+TONTAVRIL25!D12+TONTMAI25!D12+TONTJUIN25!D12+TONTJUIL25!D12+TONTAOUT25!D12+TONTSEPT25!D12+TONTOCT25!D12+TONTNOV25!D12+TONTDEC25!D12 -> 900000 | F12: =TONTJANV25!F12+TONTFEV25!F12+TONTMARS25!F12+TONTAVRIL25!F12+TONTMAI25!F12+TONTJUIN25!F12+TONTJUIL25!F12+TONTAOUT25!F12+TONTSEPT25!F12+TONTOCT25!F12+TONTNOV25!F12+TONTDEC25!F12 -> 0 | G12: =TONTJANV25!G12+TONTFEV25!G12+TONTMARS25!G12+TONTAVRIL25!G12+TONTMAI25!G12+TONTJUIN25!G12+TONTJUIL25!G12+TONTAOUT25!G12+TONTSEPT25!G12+TONTOCT25!G12+TONTNOV25!G12+TONTDEC25!G12 -> 0 | J12: =TONTJANV25!J12+TONTFEV25!J12+TONTMARS25!J12+TONTAVRIL25!J12+TONTMAI25!J12+TONTJUIN25!J12+TONTJUIL25!J12+TONTAOUT25!J12+TONTSEPT25!J12+TONTOCT25!J12+TONTNOV25!J12+TONTDEC25!J12 -> 0 | K12: =TONTJANV25!K12+TONTFEV25!K12+TONTMARS25!K12+TONTAVRIL25!K12+TONTMAI25!K12+TONTJUIN25!K12+TONTJUIL25!K12+TONTAOUT25!K12+TONTSEPT25!K12+TONTOCT25!K12+TONTNOV25!K12+TONTDEC25!K12 -> 0 | O12: =TONTJANV25!O12+TONTFEV25!O12+TONTMARS25!O12+TONTAVRIL25!O12+TONTMAI25!O12+TONTJUIN25!O12+TONTJUIL25!O12+TONTAOUT25!O12+TONTSEPT25!O12+TONTOCT25!O12+TONTNOV25!O12+TONTDEC25!O12 -> 892500 | P12: =TONTJANV25!P12+TONTFEV25!P12+TONTMARS25!P12+TONTAVRIL25!P12+TONTMAI25!P12+TONTJUIN25!P12+TONTJUIL25!P12+TONTAOUT25!P12+TONTSEPT25!P12+TONTOCT25!P12+TONTNOV25!P12+TONTDEC25!P12 -> 7500 | Q12: 45676 | S12: =$Q$26*1 -> 17192.308 | T12: 16000
A13: AS201624 | B13: =TONTJANV25!B13+TONTFEV25!B13+TONTMARS25!B13+TONTAVRIL25!B13+TONTMAI25!B13+TONTJUIN25!B13+TONTJUIL25!B13+TONTAOUT25!B13+TONTSEPT25!B13+TONTOCT25!B13+TONTNOV25!B13+TONTDEC25!B13 -> 12 | C13: =VLOOKUP(A13,[7]LISTADHERENT!A$5:H$60,3,0) -> NGONDIEP CLAUDE | D13: =TONTJANV25!D13+TONTFEV25!D13+TONTMARS25!D13+TONTAVRIL25!D13+TONTMAI25!D13+TONTJUIN25!D13+TONTJUIL25!D13+TONTAOUT25!D13+TONTSEPT25!D13+TONTOCT25!D13+TONTNOV25!D13+TONTDEC25!D13 -> 900000 | F13: =TONTJANV25!F13+TONTFEV25!F13+TONTMARS25!F13+TONTAVRIL25!F13+TONTMAI25!F13+TONTJUIN25!F13+TONTJUIL25!F13+TONTAOUT25!F13+TONTSEPT25!F13+TONTOCT25!F13+TONTNOV25!F13+TONTDEC25!F13 -> 794375 | G13: =TONTJANV25!G13+TONTFEV25!G13+TONTMARS25!G13+TONTAVRIL25!G13+TONTMAI25!G13+TONTJUIN25!G13+TONTJUIL25!G13+TONTAOUT25!G13+TONTSEPT25!G13+TONTOCT25!G13+TONTNOV25!G13+TONTDEC25!G13 -> 13500 | J13: =TONTJANV25!J13+TONTFEV25!J13+TONTMARS25!J13+TONTAVRIL25!J13+TONTMAI25!J13+TONTJUIN25!J13+TONTJUIL25!J13+TONTAOUT25!J13+TONTSEPT25!J13+TONTOCT25!J13+TONTNOV25!J13+TONTDEC25!J13 -> 807875 | K13: =TONTJANV25!K13+TONTFEV25!K13+TONTMARS25!K13+TONTAVRIL25!K13+TONTMAI25!K13+TONTJUIN25!K13+TONTJUIL25!K13+TONTAOUT25!K13+TONTSEPT25!K13+TONTOCT25!K13+TONTNOV25!K13+TONTDEC25!K13 -> 807875 | O13: =TONTJANV25!O13+TONTFEV25!O13+TONTMARS25!O13+TONTAVRIL25!O13+TONTMAI25!O13+TONTJUIN25!O13+TONTJUIL25!O13+TONTAOUT25!O13+TONTSEPT25!O13+TONTOCT25!O13+TONTNOV25!O13+TONTDEC25!O13 -> 885000 | P13: =TONTJANV25!P13+TONTFEV25!P13+TONTMARS25!P13+TONTAVRIL25!P13+TONTMAI25!P13+TONTJUIN25!P13+TONTJUIL25!P13+TONTAOUT25!P13+TONTSEPT25!P13+TONTOCT25!P13+TONTNOV25!P13+TONTDEC25!P13 -> 15000 | Q13: 45886 | S13: =$Q$26*1 -> 17192.308 | T13: 16000
A14: AS201633 | B14: =TONTJANV25!B14+TONTFEV25!B14+TONTMARS25!B14+TONTAVRIL25!B14+TONTMAI25!B14+TONTJUIN25!B14+TONTJUIL25!B14+TONTAOUT25!B14+TONTSEPT25!B14+TONTOCT25!B14+TONTNOV25!B14+TONTDEC25!B14 -> 12 | C14: =VLOOKUP(A14,[7]LISTADHERENT!A$5:H$60,3,0) -> PATEGO NJOSSU GUSTAVE | D14: =TONTJANV25!D14+TONTFEV25!D14+TONTMARS25!D14+TONTAVRIL25!D14+TONTMAI25!D14+TONTJUIN25!D14+TONTJUIL25!D14+TONTAOUT25!D14+TONTSEPT25!D14+TONTOCT25!D14+TONTNOV25!D14+TONTDEC25!D14 -> 900000 | F14: =TONTJANV25!F14+TONTFEV25!F14+TONTMARS25!F14+TONTAVRIL25!F14+TONTMAI25!F14+TONTJUIN25!F14+TONTJUIL25!F14+TONTAOUT25!F14+TONTSEPT25!F14+TONTOCT25!F14+TONTNOV25!F14+TONTDEC25!F14 -> 0 | G14: =TONTJANV25!G14+TONTFEV25!G14+TONTMARS25!G14+TONTAVRIL25!G14+TONTMAI25!G14+TONTJUIN25!G14+TONTJUIL25!G14+TONTAOUT25!G14+TONTSEPT25!G14+TONTOCT25!G14+TONTNOV25!G14+TONTDEC25!G14 -> 0 | J14: =TONTJANV25!J14+TONTFEV25!J14+TONTMARS25!J14+TONTAVRIL25!J14+TONTMAI25!J14+TONTJUIN25!J14+TONTJUIL25!J14+TONTAOUT25!J14+TONTSEPT25!J14+TONTOCT25!J14+TONTNOV25!J14+TONTDEC25!J14 -> 0 | K14: =TONTJANV25!K14+TONTFEV25!K14+TONTMARS25!K14+TONTAVRIL25!K14+TONTMAI25!K14+TONTJUIN25!K14+TONTJUIL25!K14+TONTAOUT25!K14+TONTSEPT25!K14+TONTOCT25!K14+TONTNOV25!K14+TONTDEC25!K14 -> 0 | O14: =TONTJANV25!O14+TONTFEV25!O14+TONTMARS25!O14+TONTAVRIL25!O14+TONTMAI25!O14+TONTJUIN25!O14+TONTJUIL25!O14+TONTAOUT25!O14+TONTSEPT25!O14+TONTOCT25!O14+TONTNOV25!O14+TONTDEC25!O14 -> 892500 | P14: =TONTJANV25!P14+TONTFEV25!P14+TONTMARS25!P14+TONTAVRIL25!P14+TONTMAI25!P14+TONTJUIN25!P14+TONTJUIL25!P14+TONTAOUT25!P14+TONTSEPT25!P14+TONTOCT25!P14+TONTNOV25!P14+TONTDEC25!P14 -> 7500 | Q14: 45795 | S14: =$Q$26*1 -> 17192.308 | T14: 16000
A15: AS201641 | B15: =TONTJANV25!B15+TONTFEV25!B15+TONTMARS25!B15+TONTAVRIL25!B15+TONTMAI25!B15+TONTJUIN25!B15+TONTJUIL25!B15+TONTAOUT25!B15+TONTSEPT25!B15+TONTOCT25!B15+TONTNOV25!B15+TONTDEC25!B15 -> 12 | C15: =VLOOKUP(A15,[7]LISTADHERENT!A$5:H$60,3,0) -> TCHOUAMOU MATHIEU | D15: =TONTJANV25!D15+TONTFEV25!D15+TONTMARS25!D15+TONTAVRIL25!D15+TONTMAI25!D15+TONTJUIN25!D15+TONTJUIL25!D15+TONTAOUT25!D15+TONTSEPT25!D15+TONTOCT25!D15+TONTNOV25!D15+TONTDEC25!D15 -> 900000 | F15: =TONTJANV25!F15+TONTFEV25!F15+TONTMARS25!F15+TONTAVRIL25!F15+TONTMAI25!F15+TONTJUIN25!F15+TONTJUIL25!F15+TONTAOUT25!F15+TONTSEPT25!F15+TONTOCT25!F15+TONTNOV25!F15+TONTDEC25!F15 -> 950000 | G15: =TONTJANV25!G15+TONTFEV25!G15+TONTMARS25!G15+TONTAVRIL25!G15+TONTMAI25!G15+TONTJUIN25!G15+TONTJUIL25!G15+TONTAOUT25!G15+TONTSEPT25!G15+TONTOCT25!G15+TONTNOV25!G15+TONTDEC25!G15 -> 14500 | J15: =TONTJANV25!J15+TONTFEV25!J15+TONTMARS25!J15+TONTAVRIL25!J15+TONTMAI25!J15+TONTJUIN25!J15+TONTJUIL25!J15+TONTAOUT25!J15+TONTSEPT25!J15+TONTOCT25!J15+TONTNOV25!J15+TONTDEC25!J15 -> 964500 | K15: =TONTJANV25!K15+TONTFEV25!K15+TONTMARS25!K15+TONTAVRIL25!K15+TONTMAI25!K15+TONTJUIN25!K15+TONTJUIL25!K15+TONTAOUT25!K15+TONTSEPT25!K15+TONTOCT25!K15+TONTNOV25!K15+TONTDEC25!K15 -> 964500 | O15: =TONTJANV25!O15+TONTFEV25!O15+TONTMARS25!O15+TONTAVRIL25!O15+TONTMAI25!O15+TONTJUIN25!O15+TONTJUIL25!O15+TONTAOUT25!O15+TONTSEPT25!O15+TONTOCT25!O15+TONTNOV25!O15+TONTDEC25!O15 -> 892500 | P15: =TONTJANV25!P15+TONTFEV25!P15+TONTMARS25!P15+TONTAVRIL25!P15+TONTMAI25!P15+TONTJUIN25!P15+TONTJUIL25!P15+TONTAOUT25!P15+TONTSEPT25!P15+TONTOCT25!P15+TONTNOV25!P15+TONTDEC25!P15 -> 7500 | Q15: 45855 | S15: =$Q$26*1 -> 17192.308 | T15: 16000
A16: AS201658 | B16: =TONTJANV25!B16+TONTFEV25!B16+TONTMARS25!B16+TONTAVRIL25!B16+TONTMAI25!B16+TONTJUIN25!B16+TONTJUIL25!B16+TONTAOUT25!B16+TONTSEPT25!B16+TONTOCT25!B16+TONTNOV25!B16+TONTDEC25!B16 -> 12 | C16: =VLOOKUP(A16,[7]LISTADHERENT!A$5:H$60,3,0) -> YANTCHOU GERVAIS | D16: =TONTJANV25!D16+TONTFEV25!D16+TONTMARS25!D16+TONTAVRIL25!D16+TONTMAI25!D16+TONTJUIN25!D16+TONTJUIL25!D16+TONTAOUT25!D16+TONTSEPT25!D16+TONTOCT25!D16+TONTNOV25!D16+TONTDEC25!D16 -> 900000 | F16: =TONTJANV25!F16+TONTFEV25!F16+TONTMARS25!F16+TONTAVRIL25!F16+TONTMAI25!F16+TONTJUIN25!F16+TONTJUIL25!F16+TONTAOUT25!F16+TONTSEPT25!F16+TONTOCT25!F16+TONTNOV25!F16+TONTDEC25!F16 -> 400000 | G16: =TONTJANV25!G16+TONTFEV25!G16+TONTMARS25!G16+TONTAVRIL25!G16+TONTMAI25!G16+TONTJUIN25!G16+TONTJUIL25!G16+TONTAOUT25!G16+TONTSEPT25!G16+TONTOCT25!G16+TONTNOV25!G16+TONTDEC25!G16 -> 7500 | J16: =TONTJANV25!J16+TONTFEV25!J16+TONTMARS25!J16+TONTAVRIL25!J16+TONTMAI25!J16+TONTJUIN25!J16+TONTJUIL25!J16+TONTAOUT25!J16+TONTSEPT25!J16+TONTOCT25!J16+TONTNOV25!J16+TONTDEC25!J16 -> 407500 | K16: =TONTJANV25!K16+TONTFEV25!K16+TONTMARS25!K16+TONTAVRIL25!K16+TONTMAI25!K16+TONTJUIN25!K16+TONTJUIL25!K16+TONTAOUT25!K16+TONTSEPT25!K16+TONTOCT25!K16+TONTNOV25!K16+TONTDEC25!K16 -> 407500 | O16: =TONTJANV25!O16+TONTFEV25!O16+TONTMARS25!O16+TONTAVRIL25!O16+TONTMAI25!O16+TONTJUIN25!O16+TONTJUIL25!O16+TONTAOUT25!O16+TONTSEPT25!O16+TONTOCT25!O16+TONTNOV25!O16+TONTDEC25!O16 -> 892500 | P16: =TONTJANV25!P16+TONTFEV25!P16+TONTMARS25!P16+TONTAVRIL25!P16+TONTMAI25!P16+TONTJUIN25!P16+TONTJUIL25!P16+TONTAOUT25!P16+TONTSEPT25!P16+TONTOCT25!P16+TONTNOV25!P16+TONTDEC25!P16 -> 7500 | Q16: 45978 | S16: =$Q$26*1 -> 17192.308 | T16: 16000
A17: AS201647 | B17: =TONTJANV25!B17+TONTFEV25!B17+TONTMARS25!B17+TONTAVRIL25!B17+TONTMAI25!B17+TONTJUIN25!B17+TONTJUIL25!B17+TONTAOUT25!B17+TONTSEPT25!B17+TONTOCT25!B17+TONTNOV25!B17+TONTDEC25!B17 -> 12 | C17: =VLOOKUP(A17,[7]LISTADHERENT!A$5:H$60,3,0) -> YOUMBI EMMANUEL | D17: =TONTJANV25!D17+TONTFEV25!D17+TONTMARS25!D17+TONTAVRIL25!D17+TONTMAI25!D17+TONTJUIN25!D17+TONTJUIL25!D17+TONTAOUT25!D17+TONTSEPT25!D17+TONTOCT25!D17+TONTNOV25!D17+TONTDEC25!D17 -> 900000 | F17: =TONTJANV25!F17+TONTFEV25!F17+TONTMARS25!F17+TONTAVRIL25!F17+TONTMAI25!F17+TONTJUIN25!F17+TONTJUIL25!F17+TONTAOUT25!F17+TONTSEPT25!F17+TONTOCT25!F17+TONTNOV25!F17+TONTDEC25!F17 -> 0 | G17: =TONTJANV25!G17+TONTFEV25!G17+TONTMARS25!G17+TONTAVRIL25!G17+TONTMAI25!G17+TONTJUIN25!G17+TONTJUIL25!G17+TONTAOUT25!G17+TONTSEPT25!G17+TONTOCT25!G17+TONTNOV25!G17+TONTDEC25!G17 -> 0 | J17: =TONTJANV25!J17+TONTFEV25!J17+TONTMARS25!J17+TONTAVRIL25!J17+TONTMAI25!J17+TONTJUIN25!J17+TONTJUIL25!J17+TONTAOUT25!J17+TONTSEPT25!J17+TONTOCT25!J17+TONTNOV25!J17+TONTDEC25!J17 -> 0 | K17: =TONTJANV25!K17+TONTFEV25!K17+TONTMARS25!K17+TONTAVRIL25!K17+TONTMAI25!K17+TONTJUIN25!K17+TONTJUIL25!K17+TONTAOUT25!K17+TONTSEPT25!K17+TONTOCT25!K17+TONTNOV25!K17+TONTDEC25!K17 -> 0 | O17: =TONTJANV25!O17+TONTFEV25!O17+TONTMARS25!O17+TONTAVRIL25!O17+TONTMAI25!O17+TONTJUIN25!O17+TONTJUIL25!O17+TONTAOUT25!O17+TONTSEPT25!O17+TONTOCT25!O17+TONTNOV25!O17+TONTDEC25!O17 -> 892500 | P17: =TONTJANV25!P17+TONTFEV25!P17+TONTMARS25!P17+TONTAVRIL25!P17+TONTMAI25!P17+TONTJUIN25!P17+TONTJUIL25!P17+TONTAOUT25!P17+TONTSEPT25!P17+TONTOCT25!P17+TONTNOV25!P17+TONTDEC25!P17 -> 7500 | Q17: 45978 | S17: =$Q$26*1 -> 17192.308 | T17: 16000
A19: TOTAL PART | B19: =SUM(B6:B18) -> 156
A20: NBRE ADHERENT | B20: =COUNT(D6:D18) -> 12 | D20: =SUM(D6:D19) -> 11700000 | E20: =SUM(E6:E19) -> 0 | F20: =SUM(F6:F19) -> 4727000 | G20: =SUM(G6:G19)+3000 -> 80000 | H20: =SUM(H6:H19) -> 0 | I20: =SUM(I6:I19) -> 0 | J20: =SUM(J6:J19) -> 4804000 | K20: =SUM(K6:K19) -> 4804000 | L20: =SUM(L6:L19) -> 0 | M20: =SUM(M6:M19) -> 0 | N20: =SUM(N6:N19) -> 0 | O20: =SUM(O6:O19) -> 11556500 | P20: =SUM(P6:P19) -> 143500 | S20: =SUM(S6:S18) -> 223500 | T20: =SUM(T6:T18) -> 208000 | V20: =S20-T20 -> 15500
L21: NBRE PART | M21: PART VENDUE
D22: MONTANT TONTINE | E22: REMBOURSEMENT PETIT LOT | F22: VENTE PETIT LOT | G22: VENTE LOT PRINCIPAL | H22: SOLDE EN CAISSE | J22: TONTINE + REMB + INTERET VENTE+RELIQUAT | K22: =D20+E26+P20+TONTMARS24!M29 -> 11843500 | P22: INTERET PETIT LOT | Q22: =G20 -> 80000
D23: =SUMIFS(D6:D19,E6:E19,"ESPECES") -> 0 | E23: =SUMIFS(K7:K17,L7:L17,"ESPECES") -> 0 | F23: =SUMIFS(F7:F19,H7:H19,"ESPECES") -> 0 | G23: =SUMIFS(O7:O19,M7:M19,"ESPECES") -> 0 | H23: =D23+E23-F23-G23 -> 0 | J23: LOT PRINCIPAL | K23: =C3*COUNTIF(O7:O19,">0") -> 9900000 | L23: =D3 -> 13 | M23: =COUNTIF(O7:O17,">0") -> 11
D24: =SUMIFS(D6:D19,E6:E19,"BANQUE") -> 0 | E24: =SUMIFS(K7:K17,L7:L17,"BANQUE") -> 0 | F24: =SUMIFS(F7:F19,H7:H19,"BANQUE") -> 0 | G24: =SUMIFS(O7:O19,M7:M19,"BANQUE") -> 0 | H24: =D24+E24-F24-G24 -> 0 | P24: INTERET A REPARTIR | Q24: =G20+P20 -> 223500
J25: PETIT LOT | K25: =K22-K23 -> 1943500
D26: =D23+D24 -> 0 | E26: =E23+E24 -> 0 | F26: =F23+F24 -> 0 | G26: =G23+G24 -> 0 | H26: =H23+H24 -> 0 | P26: INTERET/ADHERENT | Q26: =Q24/13 -> 17192.308
J27: RELIQUAT | K27: =K25-F20 -> -2783500 | M27: =K27 -> -2783500 | N27: CUMUL
J29: ECHEC TONTINE MOIS | K29: =COUNTIFS(E7:E18,"ECHEC")*75000 -> 0 | M29: =+K29 -> 0 | N29: CUMUL
J30: ECHEC REMBOURSEMENT MOIS | K30: =J20-E26 -> 4804000 | M30: =+K30 -> 4804000 | N30: CUMUL

Sheet TONTJANV24
A1: ASSOCIATION | B1: ASELBY
A2: ANNEE | B2: 2024 | C2: TONIINE | D2: NBRE PART
A3: TAUX TONTINE | B3: 75000 | C3: =B3*12 -> 900000 | D3: =ROUNDDOWN(K24/C3,0) -> 2
C4: 45304
A5: MATRICULE | B5: NBREPART | C5: NOM ET PRENOM | D5: MONTANT TONTINE | E5: MODE VERSEMENT | F5: VENTE PETIT LOT | G5: INTERET PETIT LOT | H5: MODE VERSEMENT VENTE PETIT LOT | I5: NUMERO CHEQUE | J5: MONTANT A REMBOURSER PETIT LOT | K5: REMBOURSEMENT PETIT LOT | L5: MODE VERSEMENT REMBOURSEMENT | M5: MODE VERSEMENTLOT PRINCIPAL | N5: NUMERO CHEQUE | O5: MONTANT LOT PRINCIPAL | P5: INTERET LOT PRINCIPAL
A6: AS201648 | B6: =IF(D6=0,0,VLOOKUP($A6,[8]HISTOJANV24!$A$6:$BB$47,12,0)) -> 1 | C6: =VLOOKUP(A6,[9]LISTADHERENT!A$5:H$60,3,0) -> ASELBY | D6: =IF(E6="ECHEC",0,VLOOKUP($A6,[8]HISTOJANV24!$A$6:$AR$47,13,0)) -> 75000 | E6: =VLOOKUP($A6,[8]HISTOJANV24!$A$6:$AV$47,8,0) -> BANQUE | F6: =VLOOKUP($A6,[8]HISTOJANV24!$A$6:$AV$47,36,0) -> 0 | G6: =VLOOKUP($A6,[8]HISTOJANV24!$A$6:$AV$47,39,0) -> 0 | H6: =IF(G6=0,0,VLOOKUP($A6,[8]HISTOJANV24!$A$6:$AV$47,42,0)) -> 0 | I6: =VLOOKUP($A6,[8]HISTOJANV24!$A$6:$AV$47,41,0) -> 0 | K6: =VLOOKUP($A6,[8]HISTOJANV24!$A$6:$AV$47,17,0) -> 0 | L6: =IF(K6<>0,VLOOKUP($A6,[8]HISTOJANV24!$A$6:$BB$47,8,0),"ECHEC") -> ECHEC | M6: =IF(P6=0,0,VLOOKUP($A6,[8]HISTOJANV24!$A$6:$AV$47,32,0)) -> 0 | N6: =VLOOKUP($A6,[8]HISTOJANV24!$A$6:$AV$47,33,0) -> 0 | O6: =IF(P6=0,0,($C$3-P6)) -> 0 | P6: =VLOOKUP($A6,[8]HISTOJANV24!$A$6:$AV$47,30,0) -> 0
A7: AS201602 | B7: =IF(D7=0,0,VLOOKUP($A7,[8]HISTOJANV24!$A$6:$BB$47,12,0)) -> 1 | C7: =VLOOKUP(A7,[9]LISTADHERENT!A$5:H$60,3,0) -> BOUTCHOUANG WILLIAM | D7: =IF(E7="ECHEC",0,VLOOKUP($A7,[8]HISTOJANV24!$A$6:$AR$47,13,0)) -> 75000 | E7: =VLOOKUP($A7,[8]HISTOJANV24!$A$6:$AV$47,8,0) -> BANQUE | F7: =VLOOKUP($A7,[8]HISTOJANV24!$A$6:$AV$47,36,0) -> 0 | G7: =VLOOKUP($A7,[8]HISTOJANV24!$A$6:$AV$47,39,0) -> 0 | H7: =IF(G7=0,0,VLOOKUP($A7,[8]HISTOJANV24!$A$6:$AV$47,42,0)) -> 0 | I7: =VLOOKUP($A7,[8]HISTOJANV24!$A$6:$AV$47,41,0) -> 0 | K7: =VLOOKUP($A7,[8]HISTOJANV24!$A$6:$AV$47,17,0) -> 0 | L7: =IF(K7<>0,VLOOKUP($A7,[8]HISTOJANV24!$A$6:$BB$47,8,0),"ECHEC") -> ECHEC | M7: =IF(P7=0,0,VLOOKUP($A7,[8]HISTOJANV24!$A$6:$AV$47,32,0)) -> 0 | N7: =VLOOKUP($A7,[8]HISTOJANV24!$A$6:$AV$47,33,0) -> 0 | O7: =IF(P7=0,0,($C$3-P7)) -> 0 | P7: =VLOOKUP($A7,[8]HISTOJANV24!$A$6:$AV$47,30,0) -> 0
A8: AS201654 | B8: =IF(D8=0,0,VLOOKUP($A8,[8]HISTOJANV24!$A$6:$BB$47,12,0)) -> 1 | C8: =VLOOKUP(A8,[9]LISTADHERENT!A$5:H$60,3,0) -> DJOMOU TCHAPDA | D8: =IF(E8="ECHEC",0,VLOOKUP($A8,[8]HISTOJANV24!$A$6:$AR$47,13,0)) -> 75000 | E8: =VLOOKUP($A8,[8]HISTOJANV24!$A$6:$AV$47,8,0) -> BANQUE | F8: =VLOOKUP($A8,[8]HISTOJANV24!$A$6:$AV$47,36,0) -> 100000 | G8: =VLOOKUP($A8,[8]HISTOJANV24!$A$6:$AV$47,39,0) -> 2000 | H8: =IF(G8=0,0,VLOOKUP($A8,[8]HISTOJANV24!$A$6:$AV$47,42,0)) -> 0 | I8: =VLOOKUP($A8,[8]HISTOJANV24!$A$6:$AV$47,41,0) -> 0 | K8: =VLOOKUP($A8,[8]HISTOJANV24!$A$6:$AV$47,17,0) -> 0 | L8: =IF(K8<>0,VLOOKUP($A8,[8]HISTOJANV24!$A$6:$BB$47,8,0),"ECHEC") -> ECHEC | M8: =IF(P8=0,0,VLOOKUP($A8,[8]HISTOJANV24!$A$6:$AV$47,32,0)) -> 0 | N8: =VLOOKUP($A8,[8]HISTOJANV24!$A$6:$AV$47,33,0) -> 0 | O8: =IF(P8=0,0,($C$3-P8)) -> 0 | P8: =VLOOKUP($A8,[8]HISTOJANV24!$A$6:$AV$47,30,0) -> 0
A9: AS201605 | B9: =IF(D9=0,0,VLOOKUP($A9,[8]HISTOJANV24!$A$6:$BB$47,12,0)) -> 1 | C9: =VLOOKUP(A9,[9]LISTADHERENT!A$5:H$60,3,0) -> DJOUKWE NANGUEN GUY BLAISE | D9: =IF(E9="ECHEC",0,VLOOKUP($A9,[8]HISTOJANV24!$A$6:$AR$47,13,0)) -> 75000 | E9: =VLOOKUP($A9,[8]HISTOJANV24!$A$6:$AV$47,8,0) -> BANQUE | F9: =VLOOKUP($A9,[8]HISTOJANV24!$A$6:$AV$47,36,0) -> 100000 | G9: =VLOOKUP($A9,[8]HISTOJANV24!$A$6:$AV$47,39,0) -> 2000 | H9: =IF(G9=0,0,VLOOKUP($A9,[8]HISTOJANV24!$A$6:$AV$47,42,0)) -> 0 | I9: =VLOOKUP($A9,[8]HISTOJANV24!$A$6:$AV$47,41,0) -> 0 | K9: =VLOOKUP($A9,[8]HISTOJANV24!$A$6:$AV$47,17,0) -> 0 | L9: =IF(K9<>0,VLOOKUP($A9,[8]HISTOJANV24!$A$6:$BB$47,8,0),"ECHEC") -> ECHEC | M9: =IF(P9=0,0,VLOOKUP($A9,[8]HISTOJANV24!$A$6:$AV$47,32,0)) -> 0 | N9: =VLOOKUP($A9,[8]HISTOJANV24!$A$6:$AV$47,33,0) -> 0 | O9: =IF(P9=0,0,($C$3-P9)) -> 0 | P9: =VLOOKUP($A9,[8]HISTOJANV24!$A$6:$AV$47,30,0) -> 0
A10: AS201608 | B10: =IF(D10=0,0,VLOOKUP($A10,[8]HISTOJANV24!$A$6:$BB$47,12,0)) -> 1 | C10: =VLOOKUP(A10,[9]LISTADHERENT!A$5:H$60,3,0) -> DJUOMBESSY ANTOINE | D10: =IF(E10="ECHEC",0,VLOOKUP($A10,[8]HISTOJANV24!$A$6:$AR$47,13,0)) -> 75000 | E10: =VLOOKUP($A10,[8]HISTOJANV24!$A$6:$AV$47,8,0) -> BANQUE | F10: =VLOOKUP($A10,[8]HISTOJANV24!$A$6:$AV$47,36,0) -> 0 | G10: =VLOOKUP($A10,[8]HISTOJANV24!$A$6:$AV$47,39,0) -> 0 | H10: =IF(G10=0,0,VLOOKUP($A10,[8]HISTOJANV24!$A$6:$AV$47,42,0)) -> 0 | I10: =VLOOKUP($A10,[8]HISTOJANV24!$A$6:$AV$47,41,0) -> 0 | K10: =VLOOKUP($A10,[8]HISTOJANV24!$A$6:$AV$47,17,0) -> 0 | L10: =IF(K10<>0,VLOOKUP($A10,[8]HISTOJANV24!$A$6:$BB$47,8,0),"ECHEC") -> ECHEC | M10: =IF(P10=0,0,VLOOKUP($A10,[8]HISTOJANV24!$A$6:$AV$47,32,0)) -> BANQUE | N10: =VLOOKUP($A10,[8]HISTOJANV24!$A$6:$AV$47,33,0) -> 0 | O10: =IF(P10=0,0,($C$3-P10)) -> 840000 | P10: =VLOOKUP($A10,[8]HISTOJANV24!$A$6:$AV$47,30,0) -> 60000
A11: AS201613 | B11: =IF(D11=0,0,VLOOKUP($A11,[8]HISTOJANV24!$A$6:$BB$47,12,0)) -> 1 | C11: =VLOOKUP(A11,[9]LISTADHERENT!A$5:H$60,3,0) -> HOTCHO BENJAMIN | D11: =IF(E11="ECHEC",0,VLOOKUP($A11,[8]HISTOJANV24!$A$6:$AR$47,13,0)) -> 75000 | E11: =VLOOKUP($A11,[8]HISTOJANV24!$A$6:$AV$47,8,0) -> BANQUE | F11: =VLOOKUP($A11,[8]HISTOJANV24!$A$6:$AV$47,36,0) -> 0 | G11: =VLOOKUP($A11,[8]HISTOJANV24!$A$6:$AV$47,39,0) -> 0 | H11: =IF(G11=0,0,VLOOKUP($A11,[8]HISTOJANV24!$A$6:$AV$47,42,0)) -> 0 | I11: =VLOOKUP($A11,[8]HISTOJANV24!$A$6:$AV$47,41,0) -> 0 | K11: =VLOOKUP($A11,[8]HISTOJANV24!$A$6:$AV$47,17,0) -> 0 | L11: =IF(K11<>0,VLOOKUP($A11,[8]HISTOJANV24!$A$6:$BB$47,8,0),"ECHEC") -> ECHEC | M11: =IF(P11=0,0,VLOOKUP($A11,[8]HISTOJANV24!$A$6:$AV$47,32,0)) -> 0 | N11: =VLOOKUP($A11,[8]HISTOJANV24!$A$6:$AV$47,33,0) -> 0 | O11: =IF(P11=0,0,($C$3-P11)) -> 0 | P11: =VLOOKUP($A11,[8]HISTOJANV24!$A$6:$AV$47,30,0) -> 0
A12: AS201611 | B12: =IF(D12=0,0,VLOOKUP($A12,[8]HISTOJANV24!$A$6:$BB$47,12,0)) -> 1 | C12: =VLOOKUP(A12,[9]LISTADHERENT!A$5:H$60,3,0) -> HENGUE PAUL OMER | D12: =IF(E12="ECHEC",0,VLOOKUP($A12,[8]HISTOJANV24!$A$6:$AR$47,13,0)) -> 75000 | E12: =VLOOKUP($A12,[8]HISTOJANV24!$A$6:$AV$47,8,0) -> BANQUE | F12: =VLOOKUP($A12,[8]HISTOJANV24!$A$6:$AV$47,36,0) -> 0 | G12: =VLOOKUP($A12,[8]HISTOJANV24!$A$6:$AV$47,39,0) -> 0 | H12: =IF(G12=0,0,VLOOKUP($A12,[8]HISTOJANV24!$A$6:$AV$47,42,0)) -> 0 | I12: =VLOOKUP($A12,[8]HISTOJANV24!$A$6:$AV$47,41,0) -> 0 | K12: =VLOOKUP($A12,[8]HISTOJANV24!$A$6:$AV$47,17,0) -> 0 | L12: =IF(K12<>0,VLOOKUP($A12,[8]HISTOJANV24!$A$6:$BB$47,8,0),"ECHEC") -> ECHEC | M12: =IF(P12=0,0,VLOOKUP($A12,[8]HISTOJANV24!$A$6:$AV$47,32,0)) -> 0 | N12: =VLOOKUP($A12,[8]HISTOJANV24!$A$6:$AV$47,33,0) -> 0 | O12: =IF(P12=0,0,($C$3-P12)) -> 0 | P12: =VLOOKUP($A12,[8]HISTOJANV24!$A$6:$AV$47,30,0) -> 0
A13: AS201649 | B13: =IF(D13=0,0,VLOOKUP($A13,[8]HISTOJANV24!$A$6:$BB$47,12,0)) -> 1 | C13: =VLOOKUP(A13,[9]LISTADHERENT!A$5:H$60,3,0) -> MBOGNING TUGMA GUY | D13: =IF(E13="ECHEC",0,VLOOKUP($A13,[8]HISTOJANV24!$A$6:$AR$47,13,0)) -> 75000 | E13: =VLOOKUP($A13,[8]HISTOJANV24!$A$6:$AV$47,8,0) -> BANQUE | F13: =VLOOKUP($A13,[8]HISTOJANV24!$A$6:$AV$47,36,0) -> 0 | G13: =VLOOKUP($A13,[8]HISTOJANV24!$A$6:$AV$47,39,0) -> 0 | H13: =IF(G13=0,0,VLOOKUP($A13,[8]HISTOJANV24!$A$6:$AV$47,42,0)) -> 0 | I13: =VLOOKUP($A13,[8]HISTOJANV24!$A$6:$AV$47,41,0) -> 0 | K13: =VLOOKUP($A13,[8]HISTOJANV24!$A$6:$AV$47,17,0) -> 0 | L13: =IF(K13<>0,VLOOKUP($A13,[8]HISTOJANV24!$A$6:$BB$47,8,0),"ECHEC") -> ECHEC | M13: =IF(P13=0,0,VLOOKUP($A13,[8]HISTOJANV24!$A$6:$AV$47,32,0)) -> 0 | N13: =VLOOKUP($A13,[8]HISTOJANV24!$A$6:$AV$47,33,0) -> 0 | O13: =IF(P13=0,0,($C$3-P13)) -> 0 | P13: =VLOOKUP($A13,[8]HISTOJANV24!$A$6:$AV$47,30,0) -> 0
A14: AS201621 | B14: =IF(D14=0,0,VLOOKUP($A14,[8]HISTOJANV24!$A$6:$BB$47,12,0)) -> 1 | C14: =VLOOKUP(A14,[9]LISTADHERENT!A$5:H$60,3,0) -> NANKAM APPOLINAIRE | D14: =IF(E14="ECHEC",0,VLOOKUP($A14,[8]HISTOJANV24!$A$6:$AR$47,13,0)) -> 75000 | E14: =VLOOKUP($A14,[8]HISTOJANV24!$A$6:$AV$47,8,0) -> BANQUE | F14: =VLOOKUP($A14,[8]HISTOJANV24!$A$6:$AV$47,36,0) -> 0 | G14: =VLOOKUP($A14,[8]HISTOJANV24!$A$6:$AV$47,39,0) -> 0 | H14: =IF(G14=0,0,VLOOKUP($A14,[8]HISTOJANV24!$A$6:$AV$47,42,0)) -> 0 | I14: =VLOOKUP($A14,[8]HISTOJANV24!$A$6:$AV$47,41,0) -> 0 | K14: =VLOOKUP($A14,[8]HISTOJANV24!$A$6:$AV$47,17,0) -> 0 | L14: =IF(K14<>0,VLOOKUP($A14,[8]HISTOJANV24!$A$6:$BB$47,8,0),"ECHEC") -> ECHEC | M14: =IF(P14=0,0,VLOOKUP($A14,[8]HISTOJANV24!$A$6:$AV$47,32,0)) -> 0 | N14: =VLOOKUP($A14,[8]HISTOJANV24!$A$6:$AV$47,33,0) -> 0 | O14: =IF(P14=0,0,($C$3-P14)) -> 0 | P14: =VLOOKUP($A14,[8]HISTOJANV24!$A$6:$AV$47,30,0) -> 0
A15: AS201624 | B15: =IF(D15=0,0,VLOOKUP($A15,[8]HISTOJANV24!$A$6:$BB$47,12,0)) -> 1 | C15: =VLOOKUP(A15,[9]LISTADHERENT!A$5:H$60,3,0) -> NGONDIEP CLAUDE | D15: =IF(E15="ECHEC",0,VLOOKUP($A15,[8]HISTOJANV24!$A$6:$AR$47,13,0)) -> 75000 | E15: =VLOOKUP($A15,[8]HISTOJANV24!$A$6:$AV$47,8,0) -> BANQUE | F15: =VLOOKUP($A15,[8]HISTOJANV24!$A$6:$AV$47,36,0) -> 0 | G15: =VLOOKUP($A15,[8]HISTOJANV24!$A$6:$AV$47,39,0) -> 0 | H15: =IF(G15=0,0,VLOOKUP($A15,[8]HISTOJANV24!$A$6:$AV$47,42,0)) -> 0 | I15: =VLOOKUP($A15,[8]HISTOJANV24!$A$6:$AV$47,41,0) -> 0 | K15: =VLOOKUP($A15,[8]HISTOJANV24!$A$6:$AV$47,17,0) -> 0 | L15: =IF(K15<>0,VLOOKUP($A15,[8]HISTOJANV24!$A$6:$BB$47,8,0),"ECHEC") -> ECHEC | M15: =IF(P15=0,0,VLOOKUP($A15,[8]HISTOJANV24!$A$6:$AV$47,32,0)) -> 0 | N15: =VLOOKUP($A15,[8]HISTOJANV24!$A$6:$AV$47,33,0) -> 0 | O15: =IF(P15=0,0,($C$3-P15)) -> 0 | P15: =VLOOKUP($A15,[8]HISTOJANV24!$A$6:$AV$47,30,0) -> 0
A16: AS201626 | B16: =IF(D16=0,0,VLOOKUP($A16,[8]HISTOJANV24!$A$6:$BB$47,12,0)) -> 3 | C16: =VLOOKUP(A16,[9]LISTADHERENT!A$5:H$60,3,0) -> NGUIEMEGNI MATHIEU BLAISE | D16: =IF(E16="ECHEC",0,VLOOKUP($A16,[8]HISTOJANV24!$A$6:$AR$47,13,0)) -> 225000 | E16: =VLOOKUP($A16,[8]HISTOJANV24!$A$6:$AV$47,8,0) -> BANQUE | F16: =VLOOKUP($A16,[8]HISTOJANV24!$A$6:$AV$47,36,0) -> 0 | G16: =VLOOKUP($A16,[8]HISTOJANV24!$A$6:$AV$47,39,0) -> 0 | H16: =IF(G16=0,0,VLOOKUP($A16,[8]HISTOJANV24!$A$6:$AV$47,42,0)) -> 0 | I16: =VLOOKUP($A16,[8]HISTOJANV24!$A$6:$AV$47,41,0) -> 0 | K16: =VLOOKUP($A16,[8]HISTOJANV24!$A$6:$AV$47,17,0) -> 0 | L16: =IF(K16<>0,VLOOKUP($A16,[8]HISTOJANV24!$A$6:$BB$47,8,0),"ECHEC") -> ECHEC | M16: =IF(P16=0,0,VLOOKUP($A16,[8]HISTOJANV24!$A$6:$AV$47,32,0)) -> BANQUE | N16: =VLOOKUP($A16,[8]HISTOJANV24!$A$6:$AV$47,33,0) -> 0 | O16: =IF(P16=0,0,($C$3-P16)) -> 835000 | P16: =VLOOKUP($A16,[8]HISTOJANV24!$A$6:$AV$47,30,0) -> 65000
A17: AS201633 | B17: =IF(D17=0,0,VLOOKUP($A17,[8]HISTOJANV24!$A$6:$BB$47,12,0)) -> 1 | C17: =VLOOKUP(A17,[9]LISTADHERENT!A$5:H$60,3,0) -> PATEGO NJOSSU GUSTAVE | D17: =IF(E17="ECHEC",0,VLOOKUP($A17,[8]HISTOJANV24!$A$6:$AR$47,13,0)) -> 75000 | E17: =VLOOKUP($A17,[8]HISTOJANV24!$A$6:$AV$47,8,0) -> BANQUE | F17: =VLOOKUP($A17,[8]HISTOJANV24!$A$6:$AV$47,36,0) -> 0 | G17: =VLOOKUP($A17,[8]HISTOJANV24!$A$6:$AV$47,39,0) -> 0 | H17: =IF(G17=0,0,VLOOKUP($A17,[8]HISTOJANV24!$A$6:$AV$47,42,0)) -> 0 | I17: =VLOOKUP($A17,[8]HISTOJANV24!$A$6:$AV$47,41,0) -> 0 | K17: =VLOOKUP($A17,[8]HISTOJANV24!$A$6:$AV$47,17,0) -> 0 | L17: =IF(K17<>0,VLOOKUP($A17,[8]HISTOJANV24!$A$6:$BB$47,8,0),"ECHEC") -> ECHEC | M17: =IF(P17=0,0,VLOOKUP($A17,[8]HISTOJANV24!$A$6:$AV$47,32,0)) -> 0 | N17: =VLOOKUP($A17,[8]HISTOJANV24!$A$6:$AV$47,33,0) -> 0 | O17: =IF(P17=0,0,($C$3-P17)) -> 0 | P17: =VLOOKUP($A17,[8]HISTOJANV24!$A$6:$AV$47,30,0) -> 0
... A19: AS201647 | B19: =IF(D19=0,0,VLOOKUP($A19,[8]HISTOJANV24!$A$6:$BB$47,12,0)) -> 1 | C19: =VLOOKUP(A19,[9]LISTADHERENT!A$5:H$60,3,0) -> YOUMBI EMMANUEL | D19: =IF(E19="ECHEC",0,VLOOKUP($A19,[8]HISTOJANV24!$A$6:$AR$47,13,0)) -> 75000 | E19: =VLOOKUP($A19,[8]HISTOJANV24!$A$6:$AV$47,8,0) -> BANQUE | F19: =VLOOKUP($A19,[8]HISTOJANV24!$A$6:$AV$47,36,0) -> 0 | G19: =VLOOKUP($A19,[8]HISTOJANV24!$A$6:$AV$47,39,0) -> 0 | H19: =IF(G19=0,0,VLOOKUP($A19,[8]HISTOJANV24!$A$6:$AV$47,42,0)) -> 0 | I19: =VLOOKUP($A19,[8]HISTOJANV24!$A$6:$AV$47,41,0) -> 0 | K19: =VLOOKUP($A19,[8]HISTOJANV24!$A$6:$AV$47,17,0) -> 0 | L19: =IF(K19<>0,VLOOKUP($A19,[8]HISTOJANV24!$A$6:$BB$47,8,0),"ECHEC") -> ECHEC | M19: =IF(P19=0,0,VLOOKUP($A19,[8]HISTOJANV24!$A$6:$AV$47,32,0)) -> 0 | N19: =VLOOKUP($A19,[8]HISTOJANV24!$A$6:$AV$47,33,0) -> 0 | O19: =IF(P19=0,0,($C$3-P19)) -> 0 | P19: =VLOOKUP($A19,[8]HISTOJANV24!$A$6:$AV$47,30,0) -> 0
A21: TOTAL PART | B21: =SUM(B6:B20) -> 16
A22: NBRE ADHERENT | B22: =COUNT(D6:D20) -> 14 | D22: =SUM(D6:D21) -> 1200000 | E22: =SUM(E6:E21) -> 0 | F22: =SUM(F6:F21) -> 200000 | G22: =SUM(G6:G21) -> 4000 | H22: =SUM(H6:H21) -> 0 | I22: =SUM(I6:I21) -> 0 | J22: =SUM(J6:J21) -> 0 | K22: =SUM(K6:K21) -> 0 | ... P22: =SUM(P6:P21) -> 125000
L23: NBRE PART | M23: PART VENDUE
D24: MONTANT TONTINE | E24: REMBOURSEMENT PETIT LOT | F24: VENTE PETIT LOT | G24: VENTE LOT PRINCIPAL | H24: SOLDE EN CAISSE | J24: TONTINE + REMB + INTERET VENTE+RELIQUAT | K24: =D28+E28+P22 -> 2225000
D25: =SUMIFS(D6:D21,E6:E21,"ESPECES") -> 0 | E25: =SUMIFS(K7:K17,L7:L17,"ESPECES") -> 0 | F25: =SUMIFS(F7:F21,H7:H21,"ESPECES") -> 0 | G25: =SUMIFS(O7:O21,M7:M21,"ESPECES") -> 0 | H25: =D25+E25-F25-G25 -> 0 | J25: LOT PRINCIPAL | K25: =C3*COUNTIF(O7:O21,">0") -> 1800000 | L25: =D3 -> 2 | M25: =COUNTIF(O7:O17,">0") -> 2
D26: =SUMIFS(D6:D21,E6:E21,"BANQUE") -> 1200000 | E26: =SUMIFS(K7:K17,L7:L17,"BANQUE") -> 0 | F26: =SUMIFS(F7:F21,H7:H21,"BANQUE") -> 0 | G26: =SUMIFS(O7:O21,M7:M21,"BANQUE") -> 1675000 | H26: =D26+E26-F26-G26 -> -475000
J27: PETIT LOT | K27: =K24-K25 -> 425000
D28: =D25+D26+900000 -> 2100000 | E28: =E25+E26 -> 0 | F28: =F25+F26 -> 0 | G28: =G25+G26 -> 1675000 | H28: =H25+H26 -> -475000
J29: RELIQUAT | K29: =K27-F22 -> 225000 | M29: =K29 -> 225000 | N29: CUMUL
J31: ECHEC TONTINE MOIS | K31: =COUNTIFS(E7:E20,"ECHEC")*75000 -> 0 | M31: =+K31 -> 0 | N31: CUMUL
J32: ECHEC REMBOURSEMENT MOIS | K32: =J22-E28 -> 0 | M32: =+K32 -> 0 | N32: CUMUL

Sheet TONTFEV24
A1: ASSOCIATION | B1: ASELBY
A2: ANNEE | B2: 2024 | C2: TONIINE | D2: NBRE PART
A3: TAUX TONTINE | B3: 75000 | C3: =B3*12 -> 900000 | D3: =ROUNDDOWN(K24/C3,0) -> 1
C4: 45335
