Workbook
Name BANQUE: #REF!
Name BANQUE: #REF!
Name BANQUE: #REF!
Name BANQUE: #REF!
Name BANQUE: #REF!
Name BANQUE: #REF!
Name BANQUE: #REF!
Name BANQUE: #REF!
Name BANQUE: #REF!
Name BANQUE: #REF!
Name BANQUE: #REF!
Name BANQUE: #REF!
Name BANQUE: #REF!
Name BANQUE: #REF!
Name BANQUE: #REF!
Name BANQUE: #REF!
Name BANQUE: #REF!
Name BANQUE: #REF!
Name BANQUE: #REF!
Name BANQUE: #REF!
Name BANQUE: #REF!
Name BANQUE: #REF!
Name BANQUE: #REF!
Name BANQUE: #REF!
Name BANQUE: #REF!
Name BANQUE: #REF!
Name BANQUE: #REF!
Name MODEPAID: [1]Feuil2!$A$1:$A$3
Name MODET25000: [2]MODEVERSEMENT!$A$1:$A$3
Name MODEVERSEMENT: #REF!
Name MODEVERSEMENT: #REF!
Name MODEVERSEMENT: #REF!
Name MODEVERSEMENT: #REF!
Name MODEVERSEMENT: #REF!
Name MODEVERSEMENT: #REF!
Name MODEVERSEMENT: #REF!
Name MODEVERSEMENT: #REF!
Name MODEVERSEMENT: #REF!
Name MODEVERSEMENT: #REF!
Name MODEVERSEMENT: #REF!
Name MODEVERSEMENT: #REF!
Name MODEVERSEMENT: #REF!
Name MODEVERSEMENT: #REF!
Name MODEVERSEMENT: #REF!
Name MODEVERSEMENT: #REF!
Name MODEVERSEMENT: #REF!
Name MODEVERSEMENT: #REF!
Name MODEVERSEMENT: #REF!
Name MODEVERSEMENT: #REF!
Name MODEVERSEMENT: #REF!
Name MODEVERSEMENT: #REF!
Name MODEVERSEMENT: #REF!
Name MODEVERSEMENT: #REF!
Name MODEVERSEMENT: #REF!
Name MODEVERSEMENT: #REF!
Name MODEVERSEMENT: #REF!
Name MODEVERSEMENTS: #REF!
Name MODEVERSEMENTS: #REF!
Name MODEVERSEMENTS: #REF!
Name MODEVERSEMENTS: #REF!

Sheet HISTOJANV25
A1: ASSOCIATION | B1: ASELBY
A2: ANNEE | B2: 2025
A3: MATRICULE | B3: NOM ET PRENOM | G3: TOTAUX
C4: MONTANT CHEQUE | D4: NUM CHEQUE | E4: AGIOS | F4: Extrait de compte
B5: CHEQUE ETABLI | C5: 7134000
A6: AS201648 | B6: =VLOOKUP(A6,[4]LISTADHERENT!A$5:H$50,3,0) -> ASELBY | C6: =VLOOKUP(A6,[5]HISTOJANV25!$A$6:$BQ$45,56,0) -> 571000 | D6: =VLOOKUP(A6,[5]HISTOJANV25!$A$6:$BQ$45,57,0) -> 0 | E6: =+[6]HISTOBQUEJANV25!$H$6 -> 4770 | G6: =SUM(E6:F6) -> 4770
A7: AS201601 | B7: =VLOOKUP(A7,[4]LISTADHERENT!A$5:H$50,3,0) -> BAKOP ACHILLE | C7: =VLOOKUP(A7,[5]HISTOJANV25!$A$6:$BQ$45,56,0) -> 890000 | D7: =VLOOKUP(A7,[5]HISTOJANV25!$A$6:$BQ$45,57,0) -> OK | G7: =SUM(E7:F7) -> 0
A8: AS201602 | B8: =VLOOKUP(A8,[4]LISTADHERENT!A$5:H$50,3,0) -> BOUTCHOUANG WILLIAM | C8: =VLOOKUP(A8,[5]HISTOJANV25!$A$6:$BQ$45,56,0) -> 0 | D8: =VLOOKUP(A8,[5]HISTOJANV25!$A$6:$BQ$45,57,0) -> 0 | G8: =SUM(E8:F8) -> 0
A9: AS201604 | B9: =VLOOKUP(A9,[4]LISTADHERENT!A$5:H$50,3,0) -> DJOMO JEAN PAUL | C9: =VLOOKUP(A9,[5]HISTOJANV25!$A$6:$BQ$45,56,0) -> 269000 | D9: =VLOOKUP(A9,[5]HISTOJANV25!$A$6:$BQ$45,57,0) -> OK | G9: =SUM(E9:F9) -> 0
A10: AS201654 | B10: =VLOOKUP(A10,[4]LISTADHERENT!A$5:H$50,3,0) -> DJOMOU TCHAPDA | C10: =VLOOKUP(A10,[5]HISTOJANV25!$A$6:$BQ$45,56,0) -> 270000 | D10: =VLOOKUP(A10,[5]HISTOJANV25!$A$6:$BQ$45,57,0) -> OK | G10: =SUM(E10:F10) -> 0
A11: AS201605 | B11: =VLOOKUP(A11,[4]LISTADHERENT!A$5:H$50,3,0) -> DJOUKWE NANGUEN GUY BLAISE | C11: =VLOOKUP(A11,[5]HISTOJANV25!$A$6:$BQ$45,56,0) -> 0 | D11: =VLOOKUP(A11,[5]HISTOJANV25!$A$6:$BQ$45,57,0) -> 0 | G11: =SUM(E11:F11) -> 0
A12: AS201608 | B12: =VLOOKUP(A12,[4]LISTADHERENT!A$5:H$50,3,0) -> DJUOMBESSY ANTOINE | C12: =VLOOKUP(A12,[5]HISTOJANV25!$A$6:$BQ$45,56,0) -> 0 | D12: =VLOOKUP(A12,[5]HISTOJANV25!$A$6:$BQ$45,57,0) -> 0 | G12: =SUM(E12:F12) -> 0
A13: AS201651 | B13: =VLOOKUP(A13,[4]LISTADHERENT!A$5:H$50,3,0) -> DOMOU FABIEN | C13: =VLOOKUP(A13,[5]HISTOJANV25!$A$6:$BQ$45,56,0) -> 0 | D13: =VLOOKUP(A13,[5]HISTOJANV25!$A$6:$BQ$45,57,0) -> 0 | G13: =SUM(E13:F13) -> 0
A14: AS201609 | B14: =VLOOKUP(A14,[4]LISTADHERENT!A$5:H$50,3,0) -> DONHOU DAVID | C14: =VLOOKUP(A14,[5]HISTOJANV25!$A$6:$BQ$45,56,0) -> 0 | D14: =VLOOKUP(A14,[5]HISTOJANV25!$A$6:$BQ$45,57,0) -> 0 | G14: =SUM(E14:F14) -> 0
A15: AS201663 | B15: =VLOOKUP(A15,[4]LISTADHERENT!A$5:H$50,3,0) -> FAMPOU PAUL | C15: =VLOOKUP(A15,[5]HISTOJANV25!$A$6:$BQ$45,56,0) -> 0 | D15: =VLOOKUP(A15,[5]HISTOJANV25!$A$6:$BQ$45,57,0) -> 0 | G15: =SUM(E15:F15) -> 0
A16: AS201611 | B16: =VLOOKUP(A16,[4]LISTADHERENT!A$5:H$50,3,0) -> HENGUE PAUL OMER | C16: =VLOOKUP(A16,[5]HISTOJANV25!$A$6:$BQ$45,56,0) -> 0 | D16: =VLOOKUP(A16,[5]HISTOJANV25!$A$6:$BQ$45,57,0) -> 0 | G16: =SUM(E16:F16) -> 0
A17: AS201613 | B17: =VLOOKUP(A17,[4]LISTADHERENT!A$5:H$50,3,0) -> HOTCHO BENJAMIN | C17: =VLOOKUP(A17,[5]HISTOJANV25!$A$6:$BQ$45,56,0) -> 0 | D17: =VLOOKUP(A17,[5]HISTOJANV25!$A$6:$BQ$45,57,0) -> 0 | G17: =SUM(E17:F17) -> 0
A18: AS201617 | B18: =VLOOKUP(A18,[4]LISTADHERENT!A$5:H$50,3,0) -> KOUAMOU MOISE | C18: =VLOOKUP(A18,[5]HISTOJANV25!$A$6:$BQ$45,56,0) -> 738500 | D18: =VLOOKUP(A18,[5]HISTOJANV25!$A$6:$BQ$45,57,0) -> OK | G18: =SUM(E18:F18) -> 0
A19: AS201619 | B19: =VLOOKUP(A19,[4]LISTADHERENT!A$5:H$50,3,0) -> KOUATCHO MESSACK | C19: =VLOOKUP(A19,[5]HISTOJANV25!$A$6:$BQ$45,56,0) -> 1095000 | D19: =VLOOKUP(A19,[5]HISTOJANV25!$A$6:$BQ$45,57,0) -> OK | G19: =SUM(E19:F19) -> 0
A20: AS201620 | B20: =VLOOKUP(A20,[4]LISTADHERENT!A$5:H$50,3,0) -> LOWE JEAN | C20: =VLOOKUP(A20,[5]HISTOJANV25!$A$6:$BQ$45,56,0) -> 0 | D20: =VLOOKUP(A20,[5]HISTOJANV25!$A$6:$BQ$45,57,0) -> 0
A21: AS201661 | B21: =VLOOKUP(A21,[4]LISTADHERENT!A$5:H$50,3,0) -> MASSEUNGOUE DAGOBERT | C21: =VLOOKUP(A21,[5]HISTOJANV25!$A$6:$BQ$45,56,0) -> 0 | D21: =VLOOKUP(A21,[5]HISTOJANV25!$A$6:$BQ$45,57,0) -> 0 | G21: =SUM(E21:F21) -> 0
A22: AS201649 | B22: =VLOOKUP(A22,[4]LISTADHERENT!A$5:H$50,3,0) -> MBOGNING TUGMA GUY | C22: =VLOOKUP(A22,[5]HISTOJANV25!$A$6:$BQ$45,56,0) -> 0 | D22: =VLOOKUP(A22,[5]HISTOJANV25!$A$6:$BQ$45,57,0) -> 0 | G22: =SUM(E22:F22) -> 0
A23: AS201639 | B23: =VLOOKUP(A23,[4]LISTADHERENT!A$5:H$50,3,0) -> NANGUEN MARTIN | C23: =VLOOKUP(A23,[5]HISTOJANV25!$A$6:$BQ$45,56,0) -> 0 | D23: =VLOOKUP(A23,[5]HISTOJANV25!$A$6:$BQ$45,57,0) -> 0 | G23: =SUM(E23:F23) -> 0
A24: AS201621 | B24: =VLOOKUP(A24,[4]LISTADHERENT!A$5:H$50,3,0) -> NANKAM APPOLINAIRE | C24: =VLOOKUP(A24,[5]HISTOJANV25!$A$6:$BQ$45,56,0) -> 860500 | D24: =VLOOKUP(A24,[5]HISTOJANV25!$A$6:$BQ$45,57,0) -> OK | G24: =SUM(E24:F24) -> 0
A25: AS201622 | B25: =VLOOKUP(A25,[4]LISTADHERENT!A$5:H$50,3,0) -> NDJOMO ETIENNE | C25: =VLOOKUP(A25,[5]HISTOJANV25!$A$6:$BQ$45,56,0) -> 0 | D25: =VLOOKUP(A25,[5]HISTOJANV25!$A$6:$BQ$45,57,0) -> 0 | G25: =SUM(E25:F25) -> 0
A26: AS201624 | B26: =VLOOKUP(A26,[4]LISTADHERENT!A$5:H$50,3,0) -> NGONDIEP CLAUDE | C26: =VLOOKUP(A26,[5]HISTOJANV25!$A$6:$BQ$45,56,0) -> 890000 | D26: =VLOOKUP(A26,[5]HISTOJANV25!$A$6:$BQ$45,57,0) -> OK | G26: =SUM(E26:F26) -> 0
A27: AS201626 | B27: =VLOOKUP(A27,[4]LISTADHERENT!A$5:H$50,3,0) -> NGUIEMEGNI MATHIEU BLAISE | C27: =VLOOKUP(A27,[5]HISTOJANV25!$A$6:$BQ$45,56,0) -> 1080000 | D27: =VLOOKUP(A27,[5]HISTOJANV25!$A$6:$BQ$45,57,0) -> OK | G27: =SUM(E27:F27) -> 0
A28: AS201628 | B28: =VLOOKUP(A28,[4]LISTADHERENT!A$5:H$50,3,0) -> NKAMGANG JUSTIN DEJOLIE | C28: =VLOOKUP(A28,[5]HISTOJANV25!$A$6:$BQ$45,56,0) -> 0 | D28: =VLOOKUP(A28,[5]HISTOJANV25!$A$6:$BQ$45,57,0) -> 0 | G28: =SUM(E28:F28) -> 0
A29: AS201656 | B29: =VLOOKUP(A29,[4]LISTADHERENT!A$5:H$50,3,0) -> NOUBE ETIENNE | C29: =VLOOKUP(A29,[5]HISTOJANV25!$A$6:$BQ$45,56,0) -> 0 | D29: =VLOOKUP(A29,[5]HISTOJANV25!$A$6:$BQ$45,57,0) -> 0 | G29: =SUM(E29:F29) -> 0
A30: AS201633 | B30: =VLOOKUP(A30,[4]LISTADHERENT!A$5:H$50,3,0) -> PATEGO NJOSSU GUSTAVE | C30: =VLOOKUP(A30,[5]HISTOJANV25!$A$6:$BQ$45,56,0) -> 0 | D30: =VLOOKUP(A30,[5]HISTOJANV25!$A$6:$BQ$45,57,0) -> 0 | G30: =SUM(E30:F30) -> 0
A31: AS201657 | B31: =VLOOKUP(A31,[4]LISTADHERENT!A$5:H$50,3,0) -> SEUMO POLYCARPE | C31: =VLOOKUP(A31,[5]HISTOJANV25!$A$6:$BQ$45,56,0) -> 270000 | D31: =VLOOKUP(A31,[5]HISTOJANV25!$A$6:$BQ$45,57,0) -> OK | G31: =SUM(E31:F31) -> 0
A32: AS201653 | B32: =VLOOKUP(A32,[4]LISTADHERENT!A$5:H$50,3,0) -> SIME BRICE | C32: =VLOOKUP(A32,[5]HISTOJANV25!$A$6:$BQ$45,56,0) -> 0 | D32: =VLOOKUP(A32,[5]HISTOJANV25!$A$6:$BQ$45,57,0) -> 0 | G32: =SUM(E32:F32) -> 0
... A42: AS201647 | B42: =VLOOKUP(A42,[4]LISTADHERENT!A$5:H$50,3,0) -> YOUMBI EMMANUEL | C42: =VLOOKUP(A42,[5]HISTOJANV25!$A$6:$BQ$45,56,0) -> 0 | D42: =VLOOKUP(A42,[5]HISTOJANV25!$A$6:$BQ$45,57,0) -> 0 | G42: =SUM(E42:F42) -> 0
B43: SOLDE BANQUE | F43: 9304408
B44: TOTAUX | C44: =SUM(C6:C43) -> 7134000 | E44: =SUM(E7:E43) -> 0 | G44: =SUM(G7:G43) -> 0
B46: DIFFERENCE A CHERCHER | C46: =C44-C5 -> 0
B48: COMPTE BANQUE
B50: LIBELLE
B51: REPORT
B52: TONTINE

Sheet HISTOFEV25
A1: ASSOCIATION | B1: ASELBY
A2: ANNEE | B2: 2025
A3: MATRICULE | B3: NOM ET PRENOM | G3: TOTAUX
C4: MONTANT CHEQUE | D4: NUM CHEQUE | E4: AGIOS | F4: Extrait de compte
B5: CHEQUE ETABLI
A6: AS201648 | B6: =VLOOKUP(A6,[4]LISTADHERENT!A$5:H$50,3,0) -> ASELBY | C6: =VLOOKUP(A6,[5]HISTOFEV25!$A$6:$BQ$45,56,0) -> 6000 | D6: =VLOOKUP(A6,[5]HISTOFEV25!$A$6:$BQ$45,57,0) -> OK | E6: =+[6]HISTOBQUEFEV25!$H$6 -> 1191 | G6: =SUM(E6:F6) -> 1191
A7: AS201601 | B7: =VLOOKUP(A7,[4]LISTADHERENT!A$5:H$50,3,0) -> BAKOP ACHILLE | C7: =VLOOKUP(A7,[5]HISTOFEV25!$A$6:$BQ$45,56,0) -> 0 | D7: =VLOOKUP(A7,[5]HISTOFEV25!$A$6:$BQ$45,57,0) -> 0 | G7: =SUM(E7:F7) -> 0
A8: AS201602 | B8: =VLOOKUP(A8,[4]LISTADHERENT!A$5:H$50,3,0) -> BOUTCHOUANG WILLIAM | C8: =VLOOKUP(A8,[5]HISTOFEV25!$A$6:$BQ$45,56,0) -> 100000 | D8: =VLOOKUP(A8,[5]HISTOFEV25!$A$6:$BQ$45,57,0) -> OK | G8: =SUM(E8:F8) -> 0
A9: AS201604 | B9: =VLOOKUP(A9,[4]LISTADHERENT!A$5:H$50,3,0) -> DJOMO JEAN PAUL | C9: =VLOOKUP(A9,[5]HISTOFEV25!$A$6:$BQ$45,56,0) -> 1320000 | D9: =VLOOKUP(A9,[5]HISTOFEV25!$A$6:$BQ$45,57,0) -> OK | G9: =SUM(E9:F9) -> 0
A10: AS201654 | B10: =VLOOKUP(A10,[4]LISTADHERENT!A$5:H$50,3,0) -> DJOMOU TCHAPDA | C10: =VLOOKUP(A10,[5]HISTOFEV25!$A$6:$BQ$45,56,0) -> 0 | D10: =VLOOKUP(A10,[5]HISTOFEV25!$A$6:$BQ$45,57,0) -> 0 | G10: =SUM(E10:F10) -> 0
A11: AS201605 | B11: =VLOOKUP(A11,[4]LISTADHERENT!A$5:H$50,3,0) -> DJOUKWE NANGUEN GUY BLAISE | C11: =VLOOKUP(A11,[5]HISTOFEV25!$A$6:$BQ$45,56,0) -> 51000 | D11: =VLOOKUP(A11,[5]HISTOFEV25!$A$6:$BQ$45,57,0) -> OK | G11: =SUM(E11:F11) -> 0
A12: AS201608 | B12: =VLOOKUP(A12,[4]LISTADHERENT!A$5:H$50,3,0) -> DJUOMBESSY ANTOINE | C12: =VLOOKUP(A12,[5]HISTOFEV25!$A$6:$BQ$45,56,0) -> 0 | D12: =VLOOKUP(A12,[5]HISTOFEV25!$A$6:$BQ$45,57,0) -> 0 | G12: =SUM(E12:F12) -> 0
A13: AS201651 | B13: =VLOOKUP(A13,[4]LISTADHERENT!A$5:H$50,3,0) -> DOMOU FABIEN | C13: =VLOOKUP(A13,[5]HISTOFEV25!$A$6:$BQ$45,56,0) -> 0 | D13: =VLOOKUP(A13,[5]HISTOFEV25!$A$6:$BQ$45,57,0) -> 0 | G13: =SUM(E13:F13) -> 0
A14: AS201609 | B14: =VLOOKUP(A14,[4]LISTADHERENT!A$5:H$50,3,0) -> DONHOU DAVID | C14: =VLOOKUP(A14,[5]HISTOFEV25!$A$6:$BQ$45,56,0) -> 0 | D14: =VLOOKUP(A14,[5]HISTOFEV25!$A$6:$BQ$45,57,0) -> 0 | G14: =SUM(E14:F14) -> 0
A15: AS201663 | B15: =VLOOKUP(A15,[4]LISTADHERENT!A$5:H$50,3,0) -> FAMPOU PAUL | C15: =VLOOKUP(A15,[5]HISTOFEV25!$A$6:$BQ$45,56,0) -> 0 | D15: =VLOOKUP(A15,[5]HISTOFEV25!$A$6:$BQ$45,57,0) -> 0 | G15: =SUM(E15:F15) -> 0
A16: AS201611 | B16: =VLOOKUP(A16,[4]LISTADHERENT!A$5:H$50,3,0) -> HENGUE PAUL OMER | C16: =VLOOKUP(A16,[5]HISTOFEV25!$A$6:$BQ$45,56,0) -> 0 | D16: =VLOOKUP(A16,[5]HISTOFEV25!$A$6:$BQ$45,57,0) -> 0 | G16: =SUM(E16:F16) -> 0
A17: AS201613 | B17: =VLOOKUP(A17,[4]LISTADHERENT!A$5:H$50,3,0) -> HOTCHO BENJAMIN | C17: =VLOOKUP(A17,[5]HISTOFEV25!$A$6:$BQ$45,56,0) -> 0 | D17: =VLOOKUP(A17,[5]HISTOFEV25!$A$6:$BQ$45,57,0) -> 0 | G17: =SUM(E17:F17) -> 0
A18: AS201617 | B18: =VLOOKUP(A18,[4]LISTADHERENT!A$5:H$50,3,0) -> KOUAMOU MOISE | C18: =VLOOKUP(A18,[5]HISTOFEV25!$A$6:$BQ$45,56,0) -> 470000 | D18: =VLOOKUP(A18,[5]HISTOFEV25!$A$6:$BQ$45,57,0) -> OK | G18: =SUM(E18:F18) -> 0
A19: AS201619 | B19: =VLOOKUP(A19,[4]LISTADHERENT!A$5:H$50,3,0) -> KOUATCHO MESSACK | C19: =VLOOKUP(A19,[5]HISTOFEV25!$A$6:$BQ$45,56,0) -> 327000 | D19: =VLOOKUP(A19,[5]HISTOFEV25!$A$6:$BQ$45,57,0) -> OK | G19: =SUM(E19:F19) -> 0
C20: =VLOOKUP(A20,[5]HISTOFEV25!$A$6:$BQ$45,56,0) -> #N/A | D20: =VLOOKUP(A20,[5]HISTOFEV25!$A$6:$BQ$45,57,0) -> #N/A
A21: AS201661 | B21: =VLOOKUP(A21,[4]LISTADHERENT!A$5:H$50,3,0) -> MASSEUNGOUE DAGOBERT | C21: =VLOOKUP(A21,[5]HISTOFEV25!$A$6:$BQ$45,56,0) -> 0 | D21: =VLOOKUP(A21,[5]HISTOFEV25!$A$6:$BQ$45,57,0) -> 0 | G21: =SUM(E21:F21) -> 0
A22: AS201649 | B22: =VLOOKUP(A22,[4]LISTADHERENT!A$5:H$50,3,0) -> MBOGNING TUGMA GUY | C22: =VLOOKUP(A22,[5]HISTOFEV25!$A$6:$BQ$45,56,0) -> 1127500 | D22: =VLOOKUP(A22,[5]HISTOFEV25!$A$6:$BQ$45,57,0) -> OK | G22: =SUM(E22:F22) -> 0
A23: AS201639 | B23: =VLOOKUP(A23,[4]LISTADHERENT!A$5:H$50,3,0) -> NANGUEN MARTIN | C23: =VLOOKUP(A23,[5]HISTOFEV25!$A$6:$BQ$45,56,0) -> 0 | D23: =VLOOKUP(A23,[5]HISTOFEV25!$A$6:$BQ$45,57,0) -> 0 | G23: =SUM(E23:F23) -> 0
A24: AS201621 | B24: =VLOOKUP(A24,[4]LISTADHERENT!A$5:H$50,3,0) -> NANKAM APPOLINAIRE | C24: =VLOOKUP(A24,[5]HISTOFEV25!$A$6:$BQ$45,56,0) -> 600000 | D24: =VLOOKUP(A24,[5]HISTOFEV25!$A$6:$BQ$45,57,0) -> OK | G24: =SUM(E24:F24) -> 0
A25: AS201622 | B25: =VLOOKUP(A25,[4]LISTADHERENT!A$5:H$50,3,0) -> NDJOMO ETIENNE | C25: =VLOOKUP(A25,[5]HISTOFEV25!$A$6:$BQ$45,56,0) -> 100000 | D25: =VLOOKUP(A25,[5]HISTOFEV25!$A$6:$BQ$45,57,0) -> OK | G25: =SUM(E25:F25) -> 0
A26: AS201624 | B26: =VLOOKUP(A26,[4]LISTADHERENT!A$5:H$50,3,0) -> NGONDIEP CLAUDE | C26: =VLOOKUP(A26,[5]HISTOFEV25!$A$6:$BQ$45,56,0) -> 0 | D26: =VLOOKUP(A26,[5]HISTOFEV25!$A$6:$BQ$45,57,0) -> 0 | G26: =SUM(E26:F26) -> 0
A27: AS201626 | B27: =VLOOKUP(A27,[4]LISTADHERENT!A$5:H$50,3,0) -> NGUIEMEGNI MATHIEU BLAISE | C27: =VLOOKUP(A27,[5]HISTOFEV25!$A$6:$BQ$45,56,0) -> 474000 | D27: =VLOOKUP(A27,[5]HISTOFEV25!$A$6:$BQ$45,57,0) -> OK | G27: =SUM(E27:F27) -> 0
A28: AS201628 | B28: =VLOOKUP(A28,[4]LISTADHERENT!A$5:H$50,3,0) -> NKAMGANG JUSTIN DEJOLIE | C28: =VLOOKUP(A28,[5]HISTOFEV25!$A$6:$BQ$45,56,0) -> 273000 | D28: =VLOOKUP(A28,[5]HISTOFEV25!$A$6:$BQ$45,57,0) -> OK | G28: =SUM(E28:F28) -> 0
A29: AS201656 | B29: =VLOOKUP(A29,[4]LISTADHERENT!A$5:H$50,3,0) -> NOUBE ETIENNE | C29: =VLOOKUP(A29,[5]HISTOFEV25!$A$6:$BQ$45,56,0) -> 0 | D29: =VLOOKUP(A29,[5]HISTOFEV25!$A$6:$BQ$45,57,0) -> 0 | G29: =SUM(E29:F29) -> 0
A30: AS201633 | B30: =VLOOKUP(A30,[4]LISTADHERENT!A$5:H$50,3,0) -> PATEGO NJOSSU GUSTAVE | C30: =VLOOKUP(A30,[5]HISTOFEV25!$A$6:$BQ$45,56,0) -> 0 | D30: =VLOOKUP(A30,[5]HISTOFEV25!$A$6:$BQ$45,57,0) -> 0 | G30: =SUM(E30:F30) -> 0
A31: AS201657 | B31: =VLOOKUP(A31,[4]LISTADHERENT!A$5:H$50,3,0) -> SEUMO POLYCARPE | C31: =VLOOKUP(A31,[5]HISTOFEV25!$A$6:$BQ$45,56,0) -> 0 | D31: =VLOOKUP(A31,[5]HISTOFEV25!$A$6:$BQ$45,57,0) -> 0 | G31: =SUM(E31:F31) -> 0
A32: AS201653 | B32: =VLOOKUP(A32,[4]LISTADHERENT!A$5:H$50,3,0) -> SIME BRICE | C32: =VLOOKUP(A32,[5]HISTOFEV25!$A$6:$BQ$45,56,0) -> 0 | D32: =VLOOKUP(A32,[5]HISTOFEV25!$A$6:$BQ$45,57,0) -> 0 | G32: =SUM(E32:F32) -> 0
... A42: AS201647 | B42: =VLOOKUP(A42,[4]LISTADHERENT!A$5:H$50,3,0) -> YOUMBI EMMANUEL | C42: =VLOOKUP(A42,[5]HISTOFEV25!$A$6:$BQ$45,56,0) -> 100000 | D42: =VLOOKUP(A42,[5]HISTOFEV25!$A$6:$BQ$45,57,0) -> OK | G42: =SUM(E42:F42) -> 0
B43: SOLDE BANQUE | F43: 7089215
B44: TOTAUX | C44: =SUM(C6:C43) -> #N/A | E44: =SUM(E7:E43) -> 0 | G44: =SUM(G7:G43) -> 0
B46: DIFFERENCE A CHERCHER | C46: =C44-C5 -> #N/A
B48: COMPTE BANQUE
B50: LIBELLE
B51: REPORT
B52: TONTINE

Sheet HISTOMARS25
A1: ASSOCIATION | B1: ASELBY
A2: ANNEE | B2: 2025
A3: MATRICULE | B3: NOM ET PRENOM | G3: TOTAUX
C4: MONTANT CHEQUE | D4: NUM CHEQUE | E4: AGIOS | F4: Extrait de compte
B5: CHEQUE ETABLI
A6: AS201648 | B6: =VLOOKUP(A6,[4]LISTADHERENT!A$5:H$50,3,0) -> ASELBY | C6: =VLOOKUP(A6,[5]HISTOMARS25!$A$6:$BQ$45,56,0) -> 352000 | D6: =VLOOKUP(A6,[5]HISTOMARS25!$A$6:$BQ$45,57,0) -> 0 | E6: =+[6]HISTOBQUEMARS25!$H$6 -> 2395 | G6: =SUM(E6:F6) -> 2395
A7: AS201601 | B7: =VLOOKUP(A7,[4]LISTADHERENT!A$5:H$50,3,0) -> BAKOP ACHILLE | C7: =VLOOKUP(A7,[5]HISTOMARS25!$A$6:$BQ$45,56,0) -> 0 | D7: =VLOOKUP(A7,[5]HISTOMARS25!$A$6:$BQ$45,57,0) -> 0 | G7: =SUM(E7:F7) -> 0
A8: AS201602 | B8: =VLOOKUP(A8,[4]LISTADHERENT!A$5:H$50,3,0) -> BOUTCHOUANG WILLIAM | C8: =VLOOKUP(A8,[5]HISTOMARS25!$A$6:$BQ$45,56,0) -> 0 | D8: =VLOOKUP(A8,[5]HISTOMARS25!$A$6:$BQ$45,57,0) -> 0 | G8: =SUM(E8:F8) -> 0
A9: AS201604 | B9: =VLOOKUP(A9,[4]LISTADHERENT!A$5:H$50,3,0) -> DJOMO JEAN PAUL | C9: =VLOOKUP(A9,[5]HISTOMARS25!$A$6:$BQ$45,56,0) -> 0 | D9: =VLOOKUP(A9,[5]HISTOMARS25!$A$6:$BQ$45,57,0) -> 0 | G9: =SUM(E9:F9) -> 0
A10: AS201654 | B10: =VLOOKUP(A10,[4]LISTADHERENT!A$5:H$50,3,0) -> DJOMOU TCHAPDA | C10: =VLOOKUP(A10,[5]HISTOMARS25!$A$6:$BQ$45,56,0) -> 0 | D10: =VLOOKUP(A10,[5]HISTOMARS25!$A$6:$BQ$45,57,0) -> 0 | G10: =SUM(E10:F10) -> 0
A11: AS201605 | B11: =VLOOKUP(A11,[4]LISTADHERENT!A$5:H$50,3,0) -> DJOUKWE NANGUEN GUY BLAISE | C11: =VLOOKUP(A11,[5]HISTOMARS25!$A$6:$BQ$45,56,0) -> 894000 | D11: =VLOOKUP(A11,[5]HISTOMARS25!$A$6:$BQ$45,57,0) -> OK | G11: =SUM(E11:F11) -> 0
A12: AS201608 | B12: =VLOOKUP(A12,[4]LISTADHERENT!A$5:H$50,3,0) -> DJUOMBESSY ANTOINE | C12: =VLOOKUP(A12,[5]HISTOMARS25!$A$6:$BQ$45,56,0) -> 1463000 | D12: =VLOOKUP(A12,[5]HISTOMARS25!$A$6:$BQ$45,57,0) -> OK | G12: =SUM(E12:F12) -> 0
A13: AS201651 | B13: =VLOOKUP(A13,[4]LISTADHERENT!A$5:H$50,3,0) -> DOMOU FABIEN | C13: =VLOOKUP(A13,[5]HISTOMARS25!$A$6:$BQ$45,56,0) -> 0 | D13: =VLOOKUP(A13,[5]HISTOMARS25!$A$6:$BQ$45,57,0) -> 0 | G13: =SUM(E13:F13) -> 0
A14: AS201609 | B14: =VLOOKUP(A14,[4]LISTADHERENT!A$5:H$50,3,0) -> DONHOU DAVID | C14: =VLOOKUP(A14,[5]HISTOMARS25!$A$6:$BQ$45,56,0) -> 0 | D14: =VLOOKUP(A14,[5]HISTOMARS25!$A$6:$BQ$45,57,0) -> 0 | G14: =SUM(E14:F14) -> 0
A15: AS201663 | B15: =VLOOKUP(A15,[4]LISTADHERENT!A$5:H$50,3,0) -> FAMPOU PAUL | C15: =VLOOKUP(A15,[5]HISTOMARS25!$A$6:$BQ$45,56,0) -> 0 | D15: =VLOOKUP(A15,[5]HISTOMARS25!$A$6:$BQ$45,57,0) -> 0 | G15: =SUM(E15:F15) -> 0
A16: AS201611 | B16: =VLOOKUP(A16,[4]LISTADHERENT!A$5:H$50,3,0) -> HENGUE PAUL OMER | C16: =VLOOKUP(A16,[5]HISTOMARS25!$A$6:$BQ$45,56,0) -> -55000 | D16: =VLOOKUP(A16,[5]HISTOMARS25!$A$6:$BQ$45,57,0) -> OK | G16: =SUM(E16:F16) -> 0
A17: AS201613 | B17: =VLOOKUP(A17,[4]LISTADHERENT!A$5:H$50,3,0) -> HOTCHO BENJAMIN | C17: =VLOOKUP(A17,[5]HISTOMARS25!$A$6:$BQ$45,56,0) -> 933625 | D17: =VLOOKUP(A17,[5]HISTOMARS25!$A$6:$BQ$45,57,0) -> OK | G17: =SUM(E17:F17) -> 0
A18: AS201617 | B18: =VLOOKUP(A18,[4]LISTADHERENT!A$5:H$50,3,0) -> KOUAMOU MOISE | C18: =VLOOKUP(A18,[5]HISTOMARS25!$A$6:$BQ$45,56,0) -> 0 | D18: =VLOOKUP(A18,[5]HISTOMARS25!$A$6:$BQ$45,57,0) -> OK | G18: =SUM(E18:F18) -> 0
A19: AS201619 | B19: =VLOOKUP(A19,[4]LISTADHERENT!A$5:H$50,3,0) -> KOUATCHO MESSACK | C19: =VLOOKUP(A19,[5]HISTOMARS25!$A$6:$BQ$45,56,0) -> 205500 | D19: =VLOOKUP(A19,[5]HISTOMARS25!$A$6:$BQ$45,57,0) -> OK | G19: =SUM(E19:F19) -> 0
A20: AS201620 | B20: =VLOOKUP(A20,[4]LISTADHERENT!A$5:H$50,3,0) -> LOWE JEAN | C20: =VLOOKUP(A20,[5]HISTOMARS25!$A$6:$BQ$45,56,0) -> 0 | D20: =VLOOKUP(A20,[5]HISTOMARS25!$A$6:$BQ$45,57,0) -> 0
A21: AS201661 | B21: =VLOOKUP(A21,[4]LISTADHERENT!A$5:H$50,3,0) -> MASSEUNGOUE DAGOBERT | C21: =VLOOKUP(A21,[5]HISTOMARS25!$A$6:$BQ$45,56,0) -> 0 | D21: =VLOOKUP(A21,[5]HISTOMARS25!$A$6:$BQ$45,57,0) -> 0 | G21: =SUM(E21:F21) -> 0
A22: AS201649 | B22: =VLOOKUP(A22,[4]LISTADHERENT!A$5:H$50,3,0) -> MBOGNING TUGMA GUY | C22: =VLOOKUP(A22,[5]HISTOMARS25!$A$6:$BQ$45,56,0) -> 426500 | D22: =VLOOKUP(A22,[5]HISTOMARS25!$A$6:$BQ$45,57,0) -> OK | G22: =SUM(E22:F22) -> 0
A23: AS201639 | B23: =VLOOKUP(A23,[4]LISTADHERENT!A$5:H$50,3,0) -> NANGUEN MARTIN | C23: =VLOOKUP(A23,[5]HISTOMARS25!$A$6:$BQ$45,56,0) -> 0 | D23: =VLOOKUP(A23,[5]HISTOMARS25!$A$6:$BQ$45,57,0) -> 0 | G23: =SUM(E23:F23) -> 0
A24: AS201621 | B24: =VLOOKUP(A24,[4]LISTADHERENT!A$5:H$50,3,0) -> NANKAM APPOLINAIRE | C24: =VLOOKUP(A24,[5]HISTOMARS25!$A$6:$BQ$45,56,0) -> 600000 | D24: =VLOOKUP(A24,[5]HISTOMARS25!$A$6:$BQ$45,57,0) -> OK | G24: =SUM(E24:F24) -> 0
A25: AS201622 | B25: =VLOOKUP(A25,[4]LISTADHERENT!A$5:H$50,3,0) -> NDJOMO ETIENNE | C25: =VLOOKUP(A25,[5]HISTOMARS25!$A$6:$BQ$45,56,0) -> 27000 | D25: =VLOOKUP(A25,[5]HISTOMARS25!$A$6:$BQ$45,57,0) -> OK | G25: =SUM(E25:F25) -> 0
A26: AS201624 | B26: =VLOOKUP(A26,[4]LISTADHERENT!A$5:H$50,3,0) -> NGONDIEP CLAUDE | C26: =VLOOKUP(A26,[5]HISTOMARS25!$A$6:$BQ$45,56,0) -> 0 | D26: =VLOOKUP(A26,[5]HISTOMARS25!$A$6:$BQ$45,57,0) -> 0 | G26: =SUM(E26:F26) -> 0
A27: AS201626 | B27: =VLOOKUP(A27,[4]LISTADHERENT!A$5:H$50,3,0) -> NGUIEMEGNI MATHIEU BLAISE | C27: =VLOOKUP(A27,[5]HISTOMARS25!$A$6:$BQ$45,56,0) -> 100000 | D27: =VLOOKUP(A27,[5]HISTOMARS25!$A$6:$BQ$45,57,0) -> OK | G27: =SUM(E27:F27) -> 0
A28: AS201628 | B28: =VLOOKUP(A28,[4]LISTADHERENT!A$5:H$50,3,0) -> NKAMGANG JUSTIN DEJOLIE | C28: =VLOOKUP(A28,[5]HISTOMARS25!$A$6:$BQ$45,56,0) -> 0 | D28: =VLOOKUP(A28,[5]HISTOMARS25!$A$6:$BQ$45,57,0) -> 0 | G28: =SUM(E28:F28) -> 0
A29: AS201656 | B29: =VLOOKUP(A29,[4]LISTADHERENT!A$5:H$50,3,0) -> NOUBE ETIENNE | C29: =VLOOKUP(A29,[5]HISTOMARS25!$A$6:$BQ$45,56,0) -> 136500 | D29: =VLOOKUP(A29,[5]HISTOMARS25!$A$6:$BQ$45,57,0) -> OK | G29: =SUM(E29:F29) -> 0
A30: AS201633 | B30: =VLOOKUP(A30,[4]LISTADHERENT!A$5:H$50,3,0) -> PATEGO NJOSSU GUSTAVE | C30: =VLOOKUP(A30,[5]HISTOMARS25!$A$6:$BQ$45,56,0) -> 0 | D30: =VLOOKUP(A30,[5]HISTOMARS25!$A$6:$BQ$45,57,0) -> 0 | G30: =SUM(E30:F30) -> 0
A31: AS201657 | B31: =VLOOKUP(A31,[4]LISTADHERENT!A$5:H$50,3,0) -> SEUMO POLYCARPE | C31: =VLOOKUP(A31,[5]HISTOMARS25!$A$6:$BQ$45,56,0) -> 0 | D31: =VLOOKUP(A31,[5]HISTOMARS25!$A$6:$BQ$45,57,0) -> 0 | G31: =SUM(E31:F31) -> 0
A32: AS201653 | B32: =VLOOKUP(A32,[4]LISTADHERENT!A$5:H$50,3,0) -> SIME BRICE | C32: =VLOOKUP(A32,[5]HISTOMARS25!$A$6:$BQ$45,56,0) -> 0 | D32: =VLOOKUP(A32,[5]HISTOMARS25!$A$6:$BQ$45,57,0) -> 0 | G32: =SUM(E32:F32) -> 0
... A42: AS201647 | B42: =VLOOKUP(A42,[4]LISTADHERENT!A$5:H$50,3,0) -> YOUMBI EMMANUEL | C42: =VLOOKUP(A42,[5]HISTOMARS25!$A$6:$BQ$45,56,0) -> 0 | D42: =VLOOKUP(A42,[5]HISTOMARS25!$A$6:$BQ$45,57,0) -> 0 | G42: =SUM(E42:F42) -> 0
B43: SOLDE BANQUE | F43: 6776330
B44: TOTAUX | C44: =SUM(C6:C43) -> 5183125 | E44: =SUM(E7:E43) -> 0 | G44: =SUM(G7:G43) -> 0
B46: DIFFERENCE A CHERCHER | C46: =C44-C5 -> 5183125
B48: COMPTE BANQUE
B50: LIBELLE
B51: REPORT
B52: TONTINE

Sheet HISTOAVRIL25
A1: ASSOCIATION | B1: ASELBY
A2: ANNEE | B2: 2025
A3: MATRICULE | B3: NOM ET PRENOM | G3: TOTAUX
C4: MONTANT CHEQUE | D4: NUM CHEQUE | E4: AGIOS | F4: Extrait de compte
B5: CHEQUE ETABLI
A6: AS201648 | B6: =VLOOKUP(A6,[4]LISTADHERENT!A$5:H$50,3,0) -> ASELBY | C6: =VLOOKUP(A6,[5]HISTOAVRIL25!$A$6:$BQ$45,56,0) -> 406000 | D6: =VLOOKUP(A6,[5]HISTOAVRIL25!$A$6:$BQ$45,57,0) -> 0K | E6: =+[6]HISTOBQUEAVRIL25!$H$6 -> 2385 | G6: =SUM(E6:F6) -> 2385
A7: AS201601 | B7: =VLOOKUP(A7,[4]LISTADHERENT!A$5:H$50,3,0) -> BAKOP ACHILLE | C7: =VLOOKUP(A7,[5]HISTOAVRIL25!$A$6:$BQ$45,56,0) -> 0 | D7: =VLOOKUP(A7,[5]HISTOAVRIL25!$A$6:$BQ$45,57,0) -> 0 | G7: =SUM(E7:F7) -> 0
A8: AS201602 | B8: =VLOOKUP(A8,[4]LISTADHERENT!A$5:H$50,3,0) -> BOUTCHOUANG WILLIAM | C8: =VLOOKUP(A8,[5]HISTOAVRIL25!$A$6:$BQ$45,56,0) -> 0 | D8: =VLOOKUP(A8,[5]HISTOAVRIL25!$A$6:$BQ$45,57,0) -> 0 | G8: =SUM(E8:F8) -> 0
A9: AS201604 | B9: =VLOOKUP(A9,[4]LISTADHERENT!A$5:H$50,3,0) -> DJOMO JEAN PAUL | C9: =VLOOKUP(A9,[5]HISTOAVRIL25!$A$6:$BQ$45,56,0) -> 200000 | D9: =VLOOKUP(A9,[5]HISTOAVRIL25!$A$6:$BQ$45,57,0) -> 0 | G9: =SUM(E9:F9) -> 0
A10: AS201654 | B10: =VLOOKUP(A10,[4]LISTADHERENT!A$5:H$50,3,0) -> DJOMOU TCHAPDA | C10: =VLOOKUP(A10,[5]HISTOAVRIL25!$A$6:$BQ$45,56,0) -> 30000 | D10: =VLOOKUP(A10,[5]HISTOAVRIL25!$A$6:$BQ$45,57,0) -> 0 | G10: =SUM(E10:F10) -> 0
A11: AS201605 | B11: =VLOOKUP(A11,[4]LISTADHERENT!A$5:H$50,3,0) -> DJOUKWE NANGUEN GUY BLAISE | C11: =VLOOKUP(A11,[5]HISTOAVRIL25!$A$6:$BQ$45,56,0) -> 0 | D11: =VLOOKUP(A11,[5]HISTOAVRIL25!$A$6:$BQ$45,57,0) -> 0 | G11: =SUM(E11:F11) -> 0
A12: AS201608 | B12: =VLOOKUP(A12,[4]LISTADHERENT!A$5:H$50,3,0) -> DJUOMBESSY ANTOINE | C12: =VLOOKUP(A12,[5]HISTOAVRIL25!$A$6:$BQ$45,56,0) -> 0 | D12: =VLOOKUP(A12,[5]HISTOAVRIL25!$A$6:$BQ$45,57,0) -> 0 | G12: =SUM(E12:F12) -> 0
A13: AS201651 | B13: =VLOOKUP(A13,[4]LISTADHERENT!A$5:H$50,3,0) -> DOMOU FABIEN | C13: =VLOOKUP(A13,[5]HISTOAVRIL25!$A$6:$BQ$45,56,0) -> 0 | D13: =VLOOKUP(A13,[5]HISTOAVRIL25!$A$6:$BQ$45,57,0) -> 0 | G13: =SUM(E13:F13) -> 0
A14: AS201609 | B14: =VLOOKUP(A14,[4]LISTADHERENT!A$5:H$50,3,0) -> DONHOU DAVID | C14: =VLOOKUP(A14,[5]HISTOAVRIL25!$A$6:$BQ$45,56,0) -> 0 | D14: =VLOOKUP(A14,[5]HISTOAVRIL25!$A$6:$BQ$45,57,0) -> 0 | G14: =SUM(E14:F14) -> 0
A15: AS201663 | B15: =VLOOKUP(A15,[4]LISTADHERENT!A$5:H$50,3,0) -> FAMPOU PAUL | C15: =VLOOKUP(A15,[5]HISTOAVRIL25!$A$6:$BQ$45,56,0) -> 0 | D15: =VLOOKUP(A15,[5]HISTOAVRIL25!$A$6:$BQ$45,57,0) -> 0 | G15: =SUM(E15:F15) -> 0
A16: AS201611 | B16: =VLOOKUP(A16,[4]LISTADHERENT!A$5:H$50,3,0) -> HENGUE PAUL OMER | C16: =VLOOKUP(A16,[5]HISTOAVRIL25!$A$6:$BQ$45,56,0) -> 0 | D16: =VLOOKUP(A16,[5]HISTOAVRIL25!$A$6:$BQ$45,57,0) -> 0 | G16: =SUM(E16:F16) -> 0
A17: AS201613 | B17: =VLOOKUP(A17,[4]LISTADHERENT!A$5:H$50,3,0) -> HOTCHO BENJAMIN | C17: =VLOOKUP(A17,[5]HISTOAVRIL25!$A$6:$BQ$45,56,0) -> 1320000 | D17: =VLOOKUP(A17,[5]HISTOAVRIL25!$A$6:$BQ$45,57,0) -> OK | G17: =SUM(E17:F17) -> 0
A18: AS201617 | B18: =VLOOKUP(A18,[4]LISTADHERENT!A$5:H$50,3,0) -> KOUAMOU MOISE | C18: =VLOOKUP(A18,[5]HISTOAVRIL25!$A$6:$BQ$45,56,0) -> 280000 | D18: =VLOOKUP(A18,[5]HISTOAVRIL25!$A$6:$BQ$45,57,0) -> 0 | G18: =SUM(E18:F18) -> 0
A19: AS201619 | B19: =VLOOKUP(A19,[4]LISTADHERENT!A$5:H$50,3,0) -> KOUATCHO MESSACK | C19: =VLOOKUP(A19,[5]HISTOAVRIL25!$A$6:$BQ$45,56,0) -> 992500 | D19: =VLOOKUP(A19,[5]HISTOAVRIL25!$A$6:$BQ$45,57,0) -> OK | G19: =SUM(E19:F19) -> 0
A20: AS201620 | B20: =VLOOKUP(A20,[4]LISTADHERENT!A$5:H$50,3,0) -> LOWE JEAN | C20: =VLOOKUP(A20,[5]HISTOAVRIL25!$A$6:$BQ$45,56,0) -> 0 | D20: =VLOOKUP(A20,[5]HISTOAVRIL25!$A$6:$BQ$45,57,0) -> 0
A21: AS201661 | B21: =VLOOKUP(A21,[4]LISTADHERENT!A$5:H$50,3,0) -> MASSEUNGOUE DAGOBERT | C21: =VLOOKUP(A21,[5]HISTOAVRIL25!$A$6:$BQ$45,56,0) -> 291000 | D21: =VLOOKUP(A21,[5]HISTOAVRIL25!$A$6:$BQ$45,57,0) -> OK | G21: =SUM(E21:F21) -> 0
A22: AS201649 | B22: =VLOOKUP(A22,[4]LISTADHERENT!A$5:H$50,3,0) -> MBOGNING TUGMA GUY | C22: =VLOOKUP(A22,[5]HISTOAVRIL25!$A$6:$BQ$45,56,0) -> 300000 | D22: =VLOOKUP(A22,[5]HISTOAVRIL25!$A$6:$BQ$45,57,0) -> OK | G22: =SUM(E22:F22) -> 0
A23: AS201639 | B23: =VLOOKUP(A23,[4]LISTADHERENT!A$5:H$50,3,0) -> NANGUEN MARTIN | C23: =VLOOKUP(A23,[5]HISTOAVRIL25!$A$6:$BQ$45,56,0) -> 290000 | D23: =VLOOKUP(A23,[5]HISTOAVRIL25!$A$6:$BQ$45,57,0) -> 0 | G23: =SUM(E23:F23) -> 0
A24: AS201621 | B24: =VLOOKUP(A24,[4]LISTADHERENT!A$5:H$50,3,0) -> NANKAM APPOLINAIRE | C24: =VLOOKUP(A24,[5]HISTOAVRIL25!$A$6:$BQ$45,56,0) -> 0 | D24: =VLOOKUP(A24,[5]HISTOAVRIL25!$A$6:$BQ$45,57,0) -> 0 | G24: =SUM(E24:F24) -> 0
A25: AS201622 | B25: =VLOOKUP(A25,[4]LISTADHERENT!A$5:H$50,3,0) -> NDJOMO ETIENNE | C25: =VLOOKUP(A25,[5]HISTOAVRIL25!$A$6:$BQ$45,56,0) -> 193000 | D25: =VLOOKUP(A25,[5]HISTOAVRIL25!$A$6:$BQ$45,57,0) -> OK | G25: =SUM(E25:F25) -> 0
A26: AS201624 | B26: =VLOOKUP(A26,[4]LISTADHERENT!A$5:H$50,3,0) -> NGONDIEP CLAUDE | C26: =VLOOKUP(A26,[5]HISTOAVRIL25!$A$6:$BQ$45,56,0) -> 1439625 | D26: =VLOOKUP(A26,[5]HISTOAVRIL25!$A$6:$BQ$45,57,0) -> OK | G26: =SUM(E26:F26) -> 0
A27: AS201626 | B27: =VLOOKUP(A27,[4]LISTADHERENT!A$5:H$50,3,0) -> NGUIEMEGNI MATHIEU BLAISE | C27: =VLOOKUP(A27,[5]HISTOAVRIL25!$A$6:$BQ$45,56,0) -> 32000 | D27: =VLOOKUP(A27,[5]HISTOAVRIL25!$A$6:$BQ$45,57,0) -> 0 | G27: =SUM(E27:F27) -> 0
A28: AS201628 | B28: =VLOOKUP(A28,[4]LISTADHERENT!A$5:H$50,3,0) -> NKAMGANG JUSTIN DEJOLIE | C28: =VLOOKUP(A28,[5]HISTOAVRIL25!$A$6:$BQ$45,56,0) -> 0 | D28: =VLOOKUP(A28,[5]HISTOAVRIL25!$A$6:$BQ$45,57,0) -> 0 | G28: =SUM(E28:F28) -> 0
A29: AS201656 | B29: =VLOOKUP(A29,[4]LISTADHERENT!A$5:H$50,3,0) -> NOUBE ETIENNE | C29: =VLOOKUP(A29,[5]HISTOAVRIL25!$A$6:$BQ$45,56,0) -> 0 | D29: =VLOOKUP(A29,[5]HISTOAVRIL25!$A$6:$BQ$45,57,0) -> 0 | G29: =SUM(E29:F29) -> 0
A30: AS201633 | B30: =VLOOKUP(A30,[4]LISTADHERENT!A$5:H$50,3,0) -> PATEGO NJOSSU GUSTAVE | C30: =VLOOKUP(A30,[5]HISTOAVRIL25!$A$6:$BQ$45,56,0) -> 0 | D30: =VLOOKUP(A30,[5]HISTOAVRIL25!$A$6:$BQ$45,57,0) -> 0 | G30: =SUM(E30:F30) -> 0
A31: AS201657 | B31: =VLOOKUP(A31,[4]LISTADHERENT!A$5:H$50,3,0) -> SEUMO POLYCARPE | C31: =VLOOKUP(A31,[5]HISTOAVRIL25!$A$6:$BQ$45,56,0) -> 83000 | D31: =VLOOKUP(A31,[5]HISTOAVRIL25!$A$6:$BQ$45,57,0) -> 0 | G31: =SUM(E31:F31) -> 0
A32: AS201653 | B32: =VLOOKUP(A32,[4]LISTADHERENT!A$5:H$50,3,0) -> SIME BRICE | C32: =VLOOKUP(A32,[5]HISTOAVRIL25!$A$6:$BQ$45,56,0) -> 100000 | D32: =VLOOKUP(A32,[5]HISTOAVRIL25!$A$6:$BQ$45,57,0) -> 0K | G32: =SUM(E32:F32) -> 0
... A42: AS201647 | B42: =VLOOKUP(A42,[4]LISTADHERENT!A$5:H$50,3,0) -> YOUMBI EMMANUEL | C42: =VLOOKUP(A42,[5]HISTOAVRIL25!$A$6:$BQ$45,56,0) -> 0 | D42: =VLOOKUP(A42,[5]HISTOAVRIL25!$A$6:$BQ$45,57,0) -> 0 | G42: =SUM(E42:F42) -> 0
B43: SOLDE BANQUE
B44: TOTAUX | C44: =SUM(C6:C43) -> 6467125 | E44: =SUM(E7:E43) -> 0 | G44: =SUM(G7:G43) -> 0
B46: DIFFERENCE A CHERCHER | C46: =C44-C5 -> 6467125
B48: COMPTE BANQUE
B50: LIBELLE
B51: REPORT
B52: TONTINE

Sheet HISTOMAI25
A1: ASSOCIATION | B1: ASELBY
A2: ANNEE | B2: 2025
A3: MATRICULE | B3: NOM ET PRENOM | G3: TOTAUX
C4: MONTANT CHEQUE | D4: NUM CHEQUE | E4: AGIOS | F4: Extrait de compte
B5: CHEQUE ETABLI
A6: AS201648 | B6: =VLOOKUP(A6,[4]LISTADHERENT!A$5:H$50,3,0) -> ASELBY | C6: =VLOOKUP(A6,[5]HISTOMAI25!$A$6:$BQ$45,56,0) -> 6000 | D6: =VLOOKUP(A6,[5]HISTOMAI25!$A$6:$BQ$45,57,0) -> 0 | E6: =+[6]HISTOBQUEMAI25!$H$6 -> 2385 | G6: =SUM(E6:F6) -> 2385
A7: AS201601 | B7: =VLOOKUP(A7,[4]LISTADHERENT!A$5:H$50,3,0) -> BAKOP ACHILLE | C7: =VLOOKUP(A7,[5]HISTOMAI25!$A$6:$BQ$45,56,0) -> 0 | D7: =VLOOKUP(A7,[5]HISTOMAI25!$A$6:$BQ$45,57,0) -> 0 | G7: =SUM(E7:F7) -> 0
A8: AS201602 | B8: =VLOOKUP(A8,[4]LISTADHERENT!A$5:H$50,3,0) -> BOUTCHOUANG WILLIAM | C8: =VLOOKUP(A8,[5]HISTOMAI25!$A$6:$BQ$45,56,0) -> 0 | D8: =VLOOKUP(A8,[5]HISTOMAI25!$A$6:$BQ$45,57,0) -> 0 | G8: =SUM(E8:F8) -> 0
A9: AS201604 | B9: =VLOOKUP(A9,[4]LISTADHERENT!A$5:H$50,3,0) -> DJOMO JEAN PAUL | C9: =VLOOKUP(A9,[5]HISTOMAI25!$A$6:$BQ$45,56,0) -> 100000 | D9: =VLOOKUP(A9,[5]HISTOMAI25!$A$6:$BQ$45,57,0) -> 0 | G9: =SUM(E9:F9) -> 0
A10: AS201654 | B10: =VLOOKUP(A10,[4]LISTADHERENT!A$5:H$50,3,0) -> DJOMOU TCHAPDA | C10: =VLOOKUP(A10,[5]HISTOMAI25!$A$6:$BQ$45,56,0) -> 30000 | D10: =VLOOKUP(A10,[5]HISTOMAI25!$A$6:$BQ$45,57,0) -> 0 | G10: =SUM(E10:F10) -> 0
A11: AS201605 | B11: =VLOOKUP(A11,[4]LISTADHERENT!A$5:H$50,3,0) -> DJOUKWE NANGUEN GUY BLAISE | C11: =VLOOKUP(A11,[5]HISTOMAI25!$A$6:$BQ$45,56,0) -> 100000 | D11: =VLOOKUP(A11,[5]HISTOMAI25!$A$6:$BQ$45,57,0) -> 0 | G11: =SUM(E11:F11) -> 0
A12: AS201608 | B12: =VLOOKUP(A12,[4]LISTADHERENT!A$5:H$50,3,0) -> DJUOMBESSY ANTOINE | C12: =VLOOKUP(A12,[5]HISTOMAI25!$A$6:$BQ$45,56,0) -> 53000 | D12: =VLOOKUP(A12,[5]HISTOMAI25!$A$6:$BQ$45,57,0) -> 0 | G12: =SUM(E12:F12) -> 0
A13: AS201651 | B13: =VLOOKUP(A13,[4]LISTADHERENT!A$5:H$50,3,0) -> DOMOU FABIEN | C13: =VLOOKUP(A13,[5]HISTOMAI25!$A$6:$BQ$45,56,0) -> 294500 | D13: =VLOOKUP(A13,[5]HISTOMAI25!$A$6:$BQ$45,57,0) -> 0 | G13: =SUM(E13:F13) -> 0
A14: AS201609 | B14: =VLOOKUP(A14,[4]LISTADHERENT!A$5:H$50,3,0) -> DONHOU DAVID | C14: =VLOOKUP(A14,[5]HISTOMAI25!$A$6:$BQ$45,56,0) -> 0 | D14: =VLOOKUP(A14,[5]HISTOMAI25!$A$6:$BQ$45,57,0) -> 0 | G14: =SUM(E14:F14) -> 0
A15: AS201663 | B15: =VLOOKUP(A15,[4]LISTADHERENT!A$5:H$50,3,0) -> FAMPOU PAUL | C15: =VLOOKUP(A15,[5]HISTOMAI25!$A$6:$BQ$45,56,0) -> 0 | D15: =VLOOKUP(A15,[5]HISTOMAI25!$A$6:$BQ$45,57,0) -> 0 | G15: =SUM(E15:F15) -> 0
A16: AS201611 | B16: =VLOOKUP(A16,[4]LISTADHERENT!A$5:H$50,3,0) -> HENGUE PAUL OMER | C16: =VLOOKUP(A16,[5]HISTOMAI25!$A$6:$BQ$45,56,0) -> 0 | D16: =VLOOKUP(A16,[5]HISTOMAI25!$A$6:$BQ$45,57,0) -> 0 | G16: =SUM(E16:F16) -> 0
A17: AS201613 | B17: =VLOOKUP(A17,[4]LISTADHERENT!A$5:H$50,3,0) -> HOTCHO BENJAMIN | C17: =VLOOKUP(A17,[5]HISTOMAI25!$A$6:$BQ$45,56,0) -> 345500 | D17: =VLOOKUP(A17,[5]HISTOMAI25!$A$6:$BQ$45,57,0) -> 0 | G17: =SUM(E17:F17) -> 0
A18: AS201617 | B18: =VLOOKUP(A18,[4]LISTADHERENT!A$5:H$50,3,0) -> KOUAMOU MOISE | C18: =VLOOKUP(A18,[5]HISTOMAI25!$A$6:$BQ$45,56,0) -> 100000 | D18: =VLOOKUP(A18,[5]HISTOMAI25!$A$6:$BQ$45,57,0) -> 0 | G18: =SUM(E18:F18) -> 0
A19: AS201619 | B19: =VLOOKUP(A19,[4]LISTADHERENT!A$5:H$50,3,0) -> KOUATCHO MESSACK | C19: =VLOOKUP(A19,[5]HISTOMAI25!$A$6:$BQ$45,56,0) -> 100000 | D19: =VLOOKUP(A19,[5]HISTOMAI25!$A$6:$BQ$45,57,0) -> 0 | G19: =SUM(E19:F19) -> 0
A20: AS201620 | B20: =VLOOKUP(A20,[4]LISTADHERENT!A$5:H$50,3,0) -> LOWE JEAN | C20: =VLOOKUP(A20,[5]HISTOMAI25!$A$6:$BQ$45,56,0) -> 0 | D20: =VLOOKUP(A20,[5]HISTOMAI25!$A$6:$BQ$45,57,0) -> 0
A21: AS201661 | B21: =VLOOKUP(A21,[4]LISTADHERENT!A$5:H$50,3,0) -> MASSEUNGOUE DAGOBERT | C21: =VLOOKUP(A21,[5]HISTOMAI25!$A$6:$BQ$45,56,0) -> 0 | D21: =VLOOKUP(A21,[5]HISTOMAI25!$A$6:$BQ$45,57,0) -> 0 | G21: =SUM(E21:F21) -> 0
A22: AS201649 | B22: =VLOOKUP(A22,[4]LISTADHERENT!A$5:H$50,3,0) -> MBOGNING TUGMA GUY | C22: =VLOOKUP(A22,[5]HISTOMAI25!$A$6:$BQ$45,56,0) -> 300000 | D22: =VLOOKUP(A22,[5]HISTOMAI25!$A$6:$BQ$45,57,0) -> 0 | G22: =SUM(E22:F22) -> 0
A23: AS201639 | B23: =VLOOKUP(A23,[4]LISTADHERENT!A$5:H$50,3,0) -> NANGUEN MARTIN | C23: =VLOOKUP(A23,[5]HISTOMAI25!$A$6:$BQ$45,56,0) -> 0 | D23: =VLOOKUP(A23,[5]HISTOMAI25!$A$6:$BQ$45,57,0) -> 0 | G23: =SUM(E23:F23) -> 0
A24: AS201621 | B24: =VLOOKUP(A24,[4]LISTADHERENT!A$5:H$50,3,0) -> NANKAM APPOLINAIRE | C24: =VLOOKUP(A24,[5]HISTOMAI25!$A$6:$BQ$45,56,0) -> 0 | D24: =VLOOKUP(A24,[5]HISTOMAI25!$A$6:$BQ$45,57,0) -> 0 | G24: =SUM(E24:F24) -> 0
A25: AS201622 | B25: =VLOOKUP(A25,[4]LISTADHERENT!A$5:H$50,3,0) -> NDJOMO ETIENNE | C25: =VLOOKUP(A25,[5]HISTOMAI25!$A$6:$BQ$45,56,0) -> 1390000 | D25: =VLOOKUP(A25,[5]HISTOMAI25!$A$6:$BQ$45,57,0) -> 0 | G25: =SUM(E25:F25) -> 0
A26: AS201624 | B26: =VLOOKUP(A26,[4]LISTADHERENT!A$5:H$50,3,0) -> NGONDIEP CLAUDE | C26: =VLOOKUP(A26,[5]HISTOMAI25!$A$6:$BQ$45,56,0) -> 249625 | D26: =VLOOKUP(A26,[5]HISTOMAI25!$A$6:$BQ$45,57,0) -> 0 | G26: =SUM(E26:F26) -> 0
A27: AS201626 | B27: =VLOOKUP(A27,[4]LISTADHERENT!A$5:H$50,3,0) -> NGUIEMEGNI MATHIEU BLAISE | C27: =VLOOKUP(A27,[5]HISTOMAI25!$A$6:$BQ$45,56,0) -> 300000 | D27: =VLOOKUP(A27,[5]HISTOMAI25!$A$6:$BQ$45,57,0) -> 0 | G27: =SUM(E27:F27) -> 0
A28: AS201628 | B28: =VLOOKUP(A28,[4]LISTADHERENT!A$5:H$50,3,0) -> NKAMGANG JUSTIN DEJOLIE | C28: =VLOOKUP(A28,[5]HISTOMAI25!$A$6:$BQ$45,56,0) -> 0 | D28: =VLOOKUP(A28,[5]HISTOMAI25!$A$6:$BQ$45,57,0) -> 0 | G28: =SUM(E28:F28) -> 0
A29: AS201656 | B29: =VLOOKUP(A29,[4]LISTADHERENT!A$5:H$50,3,0) -> NOUBE ETIENNE | C29: =VLOOKUP(A29,[5]HISTOMAI25!$A$6:$BQ$45,56,0) -> 0 | D29: =VLOOKUP(A29,[5]HISTOMAI25!$A$6:$BQ$45,57,0) -> 0 | G29: =SUM(E29:F29) -> 0
A30: AS201633 | B30: =VLOOKUP(A30,[4]LISTADHERENT!A$5:H$50,3,0) -> PATEGO NJOSSU GUSTAVE | C30: =VLOOKUP(A30,[5]HISTOMAI25!$A$6:$BQ$45,56,0) -> 892500 | D30: =VLOOKUP(A30,[5]HISTOMAI25!$A$6:$BQ$45,57,0) -> 0 | G30: =SUM(E30:F30) -> 0
A31: AS201657 | B31: =VLOOKUP(A31,[4]LISTADHERENT!A$5:H$50,3,0) -> SEUMO POLYCARPE | C31: =VLOOKUP(A31,[5]HISTOMAI25!$A$6:$BQ$45,56,0) -> 59000 | D31: =VLOOKUP(A31,[5]HISTOMAI25!$A$6:$BQ$45,57,0) -> 0 | G31: =SUM(E31:F31) -> 0
A32: AS201653 | B32: =VLOOKUP(A32,[4]LISTADHERENT!A$5:H$50,3,0) -> SIME BRICE | C32: =VLOOKUP(A32,[5]HISTOMAI25!$A$6:$BQ$45,56,0) -> 1479500 | D32: =VLOOKUP(A32,[5]HISTOMAI25!$A$6:$BQ$45,57,0) -> 0 | G32: =SUM(E32:F32) -> 0
... A42: AS201647 | B42: =VLOOKUP(A42,[4]LISTADHERENT!A$5:H$50,3,0) -> YOUMBI EMMANUEL | C42: =VLOOKUP(A42,[5]HISTOMAI25!$A$6:$BQ$45,56,0) -> 0 | D42: =VLOOKUP(A42,[5]HISTOMAI25!$A$6:$BQ$45,57,0) -> 0 | G42: =SUM(E42:F42) -> 0
B43: SOLDE BANQUE | F43: 6401935
B44: TOTAUX | C44: =SUM(C6:C43) -> 6029625 | E44: =SUM(E7:E43) -> 0 | G44: =SUM(G7:G43) -> 0
B46: DIFFERENCE A CHERCHER | C46: =C44-C5 -> 6029625
B48: COMPTE BANQUE
B50: LIBELLE
B51: REPORT
B52: TONTINE

Sheet HISTOJUIN25
A1: ASSOCIATION | B1: ASELBY
A2: ANNEE | B2: 2025
A3: MATRICULE | B3: NOM ET PRENOM | G3: TOTAUX
C4: MONTANT CHEQUE | D4: NUM CHEQUE | E4: AGIOS | F4: Extrait de compte
B5: CHEQUE ETABLI
A6: AS201648 | B6: =VLOOKUP(A6,[4]LISTADHERENT!A$5:H$50,3,0) -> ASELBY | C6: =VLOOKUP(A6,[5]HISTOJUIN25!$A$6:$BQ$45,56,0) -> 2088500 | D6: =VLOOKUP(A6,[5]HISTOJUIN25!$A$6:$BQ$45,57,0) -> 0 | E6: =+[6]HISTOBQUEJUIN25!$H$6 -> 2385 | G6: =SUM(E6:F6) -> 2385
A7: AS201601 | B7: =VLOOKUP(A7,[4]LISTADHERENT!A$5:H$50,3,0) -> BAKOP ACHILLE | C7: =VLOOKUP(A7,[5]HISTOJUIN25!$A$6:$BQ$45,56,0) -> 0 | D7: =VLOOKUP(A7,[5]HISTOJUIN25!$A$6:$BQ$45,57,0) -> 0 | G7: =SUM(E7:F7) -> 0
A8: AS201602 | B8: =VLOOKUP(A8,[4]LISTADHERENT!A$5:H$50,3,0) -> BOUTCHOUANG WILLIAM | C8: =VLOOKUP(A8,[5]HISTOJUIN25!$A$6:$BQ$45,56,0) -> 485000 | D8: =VLOOKUP(A8,[5]HISTOJUIN25!$A$6:$BQ$45,57,0) -> 0 | G8: =SUM(E8:F8) -> 0
A9: AS201604 | B9: =VLOOKUP(A9,[4]LISTADHERENT!A$5:H$50,3,0) -> DJOMO JEAN PAUL | C9: =VLOOKUP(A9,[5]HISTOJUIN25!$A$6:$BQ$45,56,0) -> 0 | D9: =VLOOKUP(A9,[5]HISTOJUIN25!$A$6:$BQ$45,57,0) -> 0 | G9: =SUM(E9:F9) -> 0
A10: AS201654 | B10: =VLOOKUP(A10,[4]LISTADHERENT!A$5:H$50,3,0) -> DJOMOU TCHAPDA | C10: =VLOOKUP(A10,[5]HISTOJUIN25!$A$6:$BQ$45,56,0) -> 0 | D10: =VLOOKUP(A10,[5]HISTOJUIN25!$A$6:$BQ$45,57,0) -> 0 | G10: =SUM(E10:F10) -> 0
A11: AS201605 | B11: =VLOOKUP(A11,[4]LISTADHERENT!A$5:H$50,3,0) -> DJOUKWE NANGUEN GUY BLAISE | C11: =VLOOKUP(A11,[5]HISTOJUIN25!$A$6:$BQ$45,56,0) -> 0 | D11: =VLOOKUP(A11,[5]HISTOJUIN25!$A$6:$BQ$45,57,0) -> 0 | G11: =SUM(E11:F11) -> 0
A12: AS201608 | B12: =VLOOKUP(A12,[4]LISTADHERENT!A$5:H$50,3,0) -> DJUOMBESSY ANTOINE | C12: =VLOOKUP(A12,[5]HISTOJUIN25!$A$6:$BQ$45,56,0) -> 100000 | D12: =VLOOKUP(A12,[5]HISTOJUIN25!$A$6:$BQ$45,57,0) -> 0 | G12: =SUM(E12:F12) -> 0
A13: AS201651 | B13: =VLOOKUP(A13,[4]LISTADHERENT!A$5:H$50,3,0) -> DOMOU FABIEN | C13: =VLOOKUP(A13,[5]HISTOJUIN25!$A$6:$BQ$45,56,0) -> 0 | D13: =VLOOKUP(A13,[5]HISTOJUIN25!$A$6:$BQ$45,57,0) -> 0 | G13: =SUM(E13:F13) -> 0
A14: AS201609 | B14: =VLOOKUP(A14,[4]LISTADHERENT!A$5:H$50,3,0) -> DONHOU DAVID | C14: =VLOOKUP(A14,[5]HISTOJUIN25!$A$6:$BQ$45,56,0) -> 0 | D14: =VLOOKUP(A14,[5]HISTOJUIN25!$A$6:$BQ$45,57,0) -> 0 | G14: =SUM(E14:F14) -> 0
A15: AS201663 | B15: =VLOOKUP(A15,[4]LISTADHERENT!A$5:H$50,3,0) -> FAMPOU PAUL | C15: =VLOOKUP(A15,[5]HISTOJUIN25!$A$6:$BQ$45,56,0) -> 0 | D15: =VLOOKUP(A15,[5]HISTOJUIN25!$A$6:$BQ$45,57,0) -> 0 | G15: =SUM(E15:F15) -> 0
A16: AS201611 | B16: =VLOOKUP(A16,[4]LISTADHERENT!A$5:H$50,3,0) -> HENGUE PAUL OMER | C16: =VLOOKUP(A16,[5]HISTOJUIN25!$A$6:$BQ$45,56,0) -> 0 | D16: =VLOOKUP(A16,[5]HISTOJUIN25!$A$6:$BQ$45,57,0) -> 0 | G16: =SUM(E16:F16) -> 0
A17: AS201613 | B17: =VLOOKUP(A17,[4]LISTADHERENT!A$5:H$50,3,0) -> HOTCHO BENJAMIN | C17: =VLOOKUP(A17,[5]HISTOJUIN25!$A$6:$BQ$45,56,0) -> 75000 | D17: =VLOOKUP(A17,[5]HISTOJUIN25!$A$6:$BQ$45,57,0) -> 0 | G17: =SUM(E17:F17) -> 0
A18: AS201617 | B18: =VLOOKUP(A18,[4]LISTADHERENT!A$5:H$50,3,0) -> KOUAMOU MOISE | C18: =VLOOKUP(A18,[5]HISTOJUIN25!$A$6:$BQ$45,56,0) -> 102000 | D18: =VLOOKUP(A18,[5]HISTOJUIN25!$A$6:$BQ$45,57,0) -> 0 | G18: =SUM(E18:F18) -> 0
A19: AS201619 | B19: =VLOOKUP(A19,[4]LISTADHERENT!A$5:H$50,3,0) -> KOUATCHO MESSACK | C19: =VLOOKUP(A19,[5]HISTOJUIN25!$A$6:$BQ$45,56,0) -> -1000 | D19: =VLOOKUP(A19,[5]HISTOJUIN25!$A$6:$BQ$45,57,0) -> 0 | G19: =SUM(E19:F19) -> 0
A20: AS201620 | B20: =VLOOKUP(A20,[4]LISTADHERENT!A$5:H$50,3,0) -> LOWE JEAN | C20: =VLOOKUP(A20,[5]HISTOJUIN25!$A$6:$BQ$45,56,0) -> 0 | D20: =VLOOKUP(A20,[5]HISTOJUIN25!$A$6:$BQ$45,57,0) -> 0
A21: AS201661 | B21: =VLOOKUP(A21,[4]LISTADHERENT!A$5:H$50,3,0) -> MASSEUNGOUE DAGOBERT | C21: =VLOOKUP(A21,[5]HISTOJUIN25!$A$6:$BQ$45,56,0) -> 0 | D21: =VLOOKUP(A21,[5]HISTOJUIN25!$A$6:$BQ$45,57,0) -> 0 | G21: =SUM(E21:F21) -> 0
A22: AS201649 | B22: =VLOOKUP(A22,[4]LISTADHERENT!A$5:H$50,3,0) -> MBOGNING TUGMA GUY | C22: =VLOOKUP(A22,[5]HISTOJUIN25!$A$6:$BQ$45,56,0) -> 1170000 | D22: =VLOOKUP(A22,[5]HISTOJUIN25!$A$6:$BQ$45,57,0) -> 0 | G22: =SUM(E22:F22) -> 0
A23: AS201639 | B23: =VLOOKUP(A23,[4]LISTADHERENT!A$5:H$50,3,0) -> NANGUEN MARTIN | C23: =VLOOKUP(A23,[5]HISTOJUIN25!$A$6:$BQ$45,56,0) -> 0 | D23: =VLOOKUP(A23,[5]HISTOJUIN25!$A$6:$BQ$45,57,0) -> 0 | G23: =SUM(E23:F23) -> 0
A24: AS201621 | B24: =VLOOKUP(A24,[4]LISTADHERENT!A$5:H$50,3,0) -> NANKAM APPOLINAIRE | C24: =VLOOKUP(A24,[5]HISTOJUIN25!$A$6:$BQ$45,56,0) -> 0 | D24: =VLOOKUP(A24,[5]HISTOJUIN25!$A$6:$BQ$45,57,0) -> 0 | G24: =SUM(E24:F24) -> 0
A25: AS201622 | B25: =VLOOKUP(A25,[4]LISTADHERENT!A$5:H$50,3,0) -> NDJOMO ETIENNE | C25: =VLOOKUP(A25,[5]HISTOJUIN25!$A$6:$BQ$45,56,0) -> 200000 | D25: =VLOOKUP(A25,[5]HISTOJUIN25!$A$6:$BQ$45,57,0) -> 0 | G25: =SUM(E25:F25) -> 0
A26: AS201624 | B26: =VLOOKUP(A26,[4]LISTADHERENT!A$5:H$50,3,0) -> NGONDIEP CLAUDE | C26: =VLOOKUP(A26,[5]HISTOJUIN25!$A$6:$BQ$45,56,0) -> 253625 | D26: =VLOOKUP(A26,[5]HISTOJUIN25!$A$6:$BQ$45,57,0) -> 0 | G26: =SUM(E26:F26) -> 0
A27: AS201626 | B27: =VLOOKUP(A27,[4]LISTADHERENT!A$5:H$50,3,0) -> NGUIEMEGNI MATHIEU BLAISE | C27: =VLOOKUP(A27,[5]HISTOJUIN25!$A$6:$BQ$45,56,0) -> 100000 | D27: =VLOOKUP(A27,[5]HISTOJUIN25!$A$6:$BQ$45,57,0) -> 0 | G27: =SUM(E27:F27) -> 0
A28: AS201628 | B28: =VLOOKUP(A28,[4]LISTADHERENT!A$5:H$50,3,0) -> NKAMGANG JUSTIN DEJOLIE | C28: =VLOOKUP(A28,[5]HISTOJUIN25!$A$6:$BQ$45,56,0) -> 970000 | D28: =VLOOKUP(A28,[5]HISTOJUIN25!$A$6:$BQ$45,57,0) -> 0 | G28: =SUM(E28:F28) -> 0
A29: AS201656 | B29: =VLOOKUP(A29,[4]LISTADHERENT!A$5:H$50,3,0) -> NOUBE ETIENNE | C29: =VLOOKUP(A29,[5]HISTOJUIN25!$A$6:$BQ$45,56,0) -> 0 | D29: =VLOOKUP(A29,[5]HISTOJUIN25!$A$6:$BQ$45,57,0) -> 0 | G29: =SUM(E29:F29) -> 0
A30: AS201633 | B30: =VLOOKUP(A30,[4]LISTADHERENT!A$5:H$50,3,0) -> PATEGO NJOSSU GUSTAVE | C30: =VLOOKUP(A30,[5]HISTOJUIN25!$A$6:$BQ$45,56,0) -> 0 | D30: =VLOOKUP(A30,[5]HISTOJUIN25!$A$6:$BQ$45,57,0) -> 0 | G30: =SUM(E30:F30) -> 0
A31: AS201657 | B31: =VLOOKUP(A31,[4]LISTADHERENT!A$5:H$50,3,0) -> SEUMO POLYCARPE | C31: =VLOOKUP(A31,[5]HISTOJUIN25!$A$6:$BQ$45,56,0) -> 59000 | D31: =VLOOKUP(A31,[5]HISTOJUIN25!$A$6:$BQ$45,57,0) -> 0 | G31: =SUM(E31:F31) -> 0
A32: AS201653 | B32: =VLOOKUP(A32,[4]LISTADHERENT!A$5:H$50,3,0) -> SIME BRICE | C32: =VLOOKUP(A32,[5]HISTOJUIN25!$A$6:$BQ$45,56,0) -> 970000 | D32: =VLOOKUP(A32,[5]HISTOJUIN25!$A$6:$BQ$45,57,0) -> 0 | G32: =SUM(E32:F32) -> 0
... A42: AS201647 | B42: =VLOOKUP(A42,[4]LISTADHERENT!A$5:H$50,3,0) -> YOUMBI EMMANUEL | C42: =VLOOKUP(A42,[5]HISTOJUIN25!$A$6:$BQ$45,56,0) -> 0 | D42: =VLOOKUP(A42,[5]HISTOJUIN25!$A$6:$BQ$45,57,0) -> 0 | G42: =SUM(E42:F42) -> 0
B43: SOLDE BANQUE | F43: 6532050
B44: TOTAUX | C44: =SUM(C6:C43) -> 8652625 | E44: =SUM(E7:E43) -> 0 | G44: =SUM(G7:G43) -> 0
B46: DIFFERENCE A CHERCHER | C46: =C44-C5 -> 8652625
B48: COMPTE BANQUE
B50: LIBELLE
B51: REPORT
B52: TONTINE

Sheet HISTOJUIL25
A1: ASSOCIATION | B1: ASELBY
A2: ANNEE | B2: 2025
A3: MATRICULE | B3: NOM ET PRENOM | G3: TOTAUX
C4: MONTANT CHEQUE | D4: NUM CHEQUE | E4: AGIOS | F4: Extrait de compte
B5: CHEQUE ETABLI
A6: AS201648 | B6: =VLOOKUP(A6,[4]LISTADHERENT!A$5:H$50,3,0) -> ASELBY | C6: =VLOOKUP(A6,[5]HISTOJUIL25!$A$6:$BQ$45,56,0) -> 76000 | D6: =VLOOKUP(A6,[5]HISTOJUIL25!$A$6:$BQ$45,57,0) -> 0 | E6: =+[6]HISTOBQUEJUIL25!$H$6 -> 4770 | F6: 17444 | G6: =SUM(E6:F6) -> 22214
A7: AS201601 | B7: =VLOOKUP(A7,[4]LISTADHERENT!A$5:H$50,3,0) -> BAKOP ACHILLE | C7: =VLOOKUP(A7,[5]HISTOJUIL25!$A$6:$BQ$45,56,0) -> 0 | D7: =VLOOKUP(A7,[5]HISTOJUIL25!$A$6:$BQ$45,57,0) -> 0 | G7: =SUM(E7:F7) -> 0
A8: AS201602 | B8: =VLOOKUP(A8,[4]LISTADHERENT!A$5:H$50,3,0) -> BOUTCHOUANG WILLIAM | C8: =VLOOKUP(A8,[5]HISTOJUIL25!$A$6:$BQ$45,56,0) -> 0 | D8: =VLOOKUP(A8,[5]HISTOJUIL25!$A$6:$BQ$45,57,0) -> 0 | G8: =SUM(E8:F8) -> 0
A9: AS201604 | B9: =VLOOKUP(A9,[4]LISTADHERENT!A$5:H$50,3,0) -> DJOMO JEAN PAUL | C9: =VLOOKUP(A9,[5]HISTOJUIL25!$A$6:$BQ$45,56,0) -> 0 | D9: =VLOOKUP(A9,[5]HISTOJUIL25!$A$6:$BQ$45,57,0) -> 0 | G9: =SUM(E9:F9) -> 0
A10: AS201654 | B10: =VLOOKUP(A10,[4]LISTADHERENT!A$5:H$50,3,0) -> DJOMOU TCHAPDA | C10: =VLOOKUP(A10,[5]HISTOJUIL25!$A$6:$BQ$45,56,0) -> 26000 | D10: =VLOOKUP(A10,[5]HISTOJUIL25!$A$6:$BQ$45,57,0) -> OK | G10: =SUM(E10:F10) -> 0
A11: AS201605 | B11: =VLOOKUP(A11,[4]LISTADHERENT!A$5:H$50,3,0) -> DJOUKWE NANGUEN GUY BLAISE | C11: =VLOOKUP(A11,[5]HISTOJUIL25!$A$6:$BQ$45,56,0) -> 0 | D11: =VLOOKUP(A11,[5]HISTOJUIL25!$A$6:$BQ$45,57,0) -> 0 | G11: =SUM(E11:F11) -> 0
A12: AS201608 | B12: =VLOOKUP(A12,[4]LISTADHERENT!A$5:H$50,3,0) -> DJUOMBESSY ANTOINE | C12: =VLOOKUP(A12,[5]HISTOJUIL25!$A$6:$BQ$45,56,0) -> 180000 | D12: =VLOOKUP(A12,[5]HISTOJUIL25!$A$6:$BQ$45,57,0) -> OK | G12: =SUM(E12:F12) -> 0
A13: AS201651 | B13: =VLOOKUP(A13,[4]LISTADHERENT!A$5:H$50,3,0) -> DOMOU FABIEN | C13: =VLOOKUP(A13,[5]HISTOJUIL25!$A$6:$BQ$45,56,0) -> 0 | D13: =VLOOKUP(A13,[5]HISTOJUIL25!$A$6:$BQ$45,57,0) -> 0 | G13: =SUM(E13:F13) -> 0
A14: AS201609 | B14: =VLOOKUP(A14,[4]LISTADHERENT!A$5:H$50,3,0) -> DONHOU DAVID | C14: =VLOOKUP(A14,[5]HISTOJUIL25!$A$6:$BQ$45,56,0) -> 100000 | D14: =VLOOKUP(A14,[5]HISTOJUIL25!$A$6:$BQ$45,57,0) -> OK | G14: =SUM(E14:F14) -> 0
A15: AS201663 | B15: =VLOOKUP(A15,[4]LISTADHERENT!A$5:H$50,3,0) -> FAMPOU PAUL | C15: =VLOOKUP(A15,[5]HISTOJUIL25!$A$6:$BQ$45,56,0) -> 397500 | D15: =VLOOKUP(A15,[5]HISTOJUIL25!$A$6:$BQ$45,57,0) -> OK | G15: =SUM(E15:F15) -> 0
A16: AS201611 | B16: =VLOOKUP(A16,[4]LISTADHERENT!A$5:H$50,3,0) -> HENGUE PAUL OMER | C16: =VLOOKUP(A16,[5]HISTOJUIL25!$A$6:$BQ$45,56,0) -> 0 | D16: =VLOOKUP(A16,[5]HISTOJUIL25!$A$6:$BQ$45,57,0) -> 0 | G16: =SUM(E16:F16) -> 0
A17: AS201613 | B17: =VLOOKUP(A17,[4]LISTADHERENT!A$5:H$50,3,0) -> HOTCHO BENJAMIN | C17: =VLOOKUP(A17,[5]HISTOJUIL25!$A$6:$BQ$45,56,0) -> 485000 | D17: =VLOOKUP(A17,[5]HISTOJUIL25!$A$6:$BQ$45,57,0) -> OK | G17: =SUM(E17:F17) -> 0
A18: AS201617 | B18: =VLOOKUP(A18,[4]LISTADHERENT!A$5:H$50,3,0) -> KOUAMOU MOISE | C18: =VLOOKUP(A18,[5]HISTOJUIL25!$A$6:$BQ$45,56,0) -> 349000 | D18: =VLOOKUP(A18,[5]HISTOJUIL25!$A$6:$BQ$45,57,0) -> OK | G18: =SUM(E18:F18) -> 0
A19: AS201619 | B19: =VLOOKUP(A19,[4]LISTADHERENT!A$5:H$50,3,0) -> KOUATCHO MESSACK | C19: =VLOOKUP(A19,[5]HISTOJUIL25!$A$6:$BQ$45,56,0) -> 55000 | D19: =VLOOKUP(A19,[5]HISTOJUIL25!$A$6:$BQ$45,57,0) -> OK | G19: =SUM(E19:F19) -> 0
A20: AS201620 | B20: =VLOOKUP(A20,[4]LISTADHERENT!A$5:H$50,3,0) -> LOWE JEAN | C20: =VLOOKUP(A20,[5]HISTOJUIL25!$A$6:$BQ$45,56,0) -> 0 | D20: =VLOOKUP(A20,[5]HISTOJUIL25!$A$6:$BQ$45,57,0) -> 0
A21: AS201661 | B21: =VLOOKUP(A21,[4]LISTADHERENT!A$5:H$50,3,0) -> MASSEUNGOUE DAGOBERT | C21: =VLOOKUP(A21,[5]HISTOJUIL25!$A$6:$BQ$45,56,0) -> 0 | D21: =VLOOKUP(A21,[5]HISTOJUIL25!$A$6:$BQ$45,57,0) -> 0 | G21: =SUM(E21:F21) -> 0
A22: AS201649 | B22: =VLOOKUP(A22,[4]LISTADHERENT!A$5:H$50,3,0) -> MBOGNING TUGMA GUY | C22: =VLOOKUP(A22,[5]HISTOJUIL25!$A$6:$BQ$45,56,0) -> 1040000 | D22: =VLOOKUP(A22,[5]HISTOJUIL25!$A$6:$BQ$45,57,0) -> OK | G22: =SUM(E22:F22) -> 0
A23: AS201639 | B23: =VLOOKUP(A23,[4]LISTADHERENT!A$5:H$50,3,0) -> NANGUEN MARTIN | C23: =VLOOKUP(A23,[5]HISTOJUIL25!$A$6:$BQ$45,56,0) -> 0 | D23: =VLOOKUP(A23,[5]HISTOJUIL25!$A$6:$BQ$45,57,0) -> 0 | G23: =SUM(E23:F23) -> 0
A24: AS201621 | B24: =VLOOKUP(A24,[4]LISTADHERENT!A$5:H$50,3,0) -> NANKAM APPOLINAIRE | C24: =VLOOKUP(A24,[5]HISTOJUIL25!$A$6:$BQ$45,56,0) -> 0 | D24: =VLOOKUP(A24,[5]HISTOJUIL25!$A$6:$BQ$45,57,0) -> 0 | G24: =SUM(E24:F24) -> 0
A25: AS201622 | B25: =VLOOKUP(A25,[4]LISTADHERENT!A$5:H$50,3,0) -> NDJOMO ETIENNE | C25: =VLOOKUP(A25,[5]HISTOJUIL25!$A$6:$BQ$45,56,0) -> 497500 | D25: =VLOOKUP(A25,[5]HISTOJUIL25!$A$6:$BQ$45,57,0) -> OK | G25: =SUM(E25:F25) -> 0
A26: AS201624 | B26: =VLOOKUP(A26,[4]LISTADHERENT!A$5:H$50,3,0) -> NGONDIEP CLAUDE | C26: =VLOOKUP(A26,[5]HISTOJUIL25!$A$6:$BQ$45,56,0) -> 0 | D26: =VLOOKUP(A26,[5]HISTOJUIL25!$A$6:$BQ$45,57,0) -> 0 | G26: =SUM(E26:F26) -> 0
A27: AS201626 | B27: =VLOOKUP(A27,[4]LISTADHERENT!A$5:H$50,3,0) -> NGUIEMEGNI MATHIEU BLAISE | C27: =VLOOKUP(A27,[5]HISTOJUIL25!$A$6:$BQ$45,56,0) -> 200000 | D27: =VLOOKUP(A27,[5]HISTOJUIL25!$A$6:$BQ$45,57,0) -> OK | G27: =SUM(E27:F27) -> 0
A28: AS201628 | B28: =VLOOKUP(A28,[4]LISTADHERENT!A$5:H$50,3,0) -> NKAMGANG JUSTIN DEJOLIE | C28: =VLOOKUP(A28,[5]HISTOJUIL25!$A$6:$BQ$45,56,0) -> 0 | D28: =VLOOKUP(A28,[5]HISTOJUIL25!$A$6:$BQ$45,57,0) -> 0 | G28: =SUM(E28:F28) -> 0
A29: AS201656 | B29: =VLOOKUP(A29,[4]LISTADHERENT!A$5:H$50,3,0) -> NOUBE ETIENNE | C29: =VLOOKUP(A29,[5]HISTOJUIL25!$A$6:$BQ$45,56,0) -> 0 | D29: =VLOOKUP(A29,[5]HISTOJUIL25!$A$6:$BQ$45,57,0) -> 0 | G29: =SUM(E29:F29) -> 0
A30: AS201633 | B30: =VLOOKUP(A30,[4]LISTADHERENT!A$5:H$50,3,0) -> PATEGO NJOSSU GUSTAVE | C30: =VLOOKUP(A30,[5]HISTOJUIL25!$A$6:$BQ$45,56,0) -> 0 | D30: =VLOOKUP(A30,[5]HISTOJUIL25!$A$6:$BQ$45,57,0) -> 0 | G30: =SUM(E30:F30) -> 0
A31: AS201657 | B31: =VLOOKUP(A31,[4]LISTADHERENT!A$5:H$50,3,0) -> SEUMO POLYCARPE | C31: =VLOOKUP(A31,[5]HISTOJUIL25!$A$6:$BQ$45,56,0) -> 59000 | D31: =VLOOKUP(A31,[5]HISTOJUIL25!$A$6:$BQ$45,57,0) -> 0 | G31: =SUM(E31:F31) -> 0
A32: AS201653 | B32: =VLOOKUP(A32,[4]LISTADHERENT!A$5:H$50,3,0) -> SIME BRICE | C32: =VLOOKUP(A32,[5]HISTOJUIL25!$A$6:$BQ$45,56,0) -> 0 | D32: =VLOOKUP(A32,[5]HISTOJUIL25!$A$6:$BQ$45,57,0) -> 0 | G32: =SUM(E32:F32) -> 0
... A42: AS201647 | B42: =VLOOKUP(A42,[4]LISTADHERENT!A$5:H$50,3,0) -> YOUMBI EMMANUEL | C42: =VLOOKUP(A42,[5]HISTOJUIL25!$A$6:$BQ$45,56,0) -> 0 | D42: =VLOOKUP(A42,[5]HISTOJUIL25!$A$6:$BQ$45,57,0) -> 0 | G42: =SUM(E42:F42) -> 0
B43: SOLDE BANQUE | F43: 5656224
B44: TOTAUX | C44: =SUM(C6:C43) -> 5870000 | E44: =SUM(E7:E43) -> 0 | G44: =SUM(G7:G43) -> 0
B46: DIFFERENCE A CHERCHER | C46: =C44-C5 -> 5870000
B48: COMPTE BANQUE
B50: LIBELLE
B51: REPORT
B52: TONTINE

Sheet HISTOAOUT25
A1: ASSOCIATION | B1: ASELBY
A2: ANNEE | B2: 2025
A3: MATRICULE | B3: NOM ET PRENOM | G3: TOTAUX
C4: MONTANT CHEQUE | D4: NUM CHEQUE | E4: AGIOS | F4: Extrait de compte
B5: CHEQUE ETABLI
A6: AS201648 | B6: =VLOOKUP(A6,[4]LISTADHERENT!A$5:H$50,3,0) -> ASELBY | C6: =VLOOKUP(A6,[5]HISTOAOUT25!$A$6:$BQ$45,56,0) -> 560000 | D6: =VLOOKUP(A6,[5]HISTOAOUT25!$A$6:$BQ$45,57,0) -> 0 | E6: =+[6]HISTOBQUEAOUT25!$H$6 -> 2385 | G6: =SUM(E6:F6) -> 2385
A7: AS201601 | B7: =VLOOKUP(A7,[4]LISTADHERENT!A$5:H$50,3,0) -> BAKOP ACHILLE | C7: =VLOOKUP(A7,[5]HISTOAOUT25!$A$6:$BQ$45,56,0) -> 297500 | D7: =VLOOKUP(A7,[5]HISTOAOUT25!$A$6:$BQ$45,57,0) -> 0 | G7: =SUM(E7:F7) -> 0
A8: AS201602 | B8: =VLOOKUP(A8,[4]LISTADHERENT!A$5:H$50,3,0) -> BOUTCHOUANG WILLIAM | C8: =VLOOKUP(A8,[5]HISTOAOUT25!$A$6:$BQ$45,56,0) -> 0 | D8: =VLOOKUP(A8,[5]HISTOAOUT25!$A$6:$BQ$45,57,0) -> 0 | G8: =SUM(E8:F8) -> 0
A9: AS201604 | B9: =VLOOKUP(A9,[4]LISTADHERENT!A$5:H$50,3,0) -> DJOMO JEAN PAUL | C9: =VLOOKUP(A9,[5]HISTOAOUT25!$A$6:$BQ$45,56,0) -> 1320000 | D9: =VLOOKUP(A9,[5]HISTOAOUT25!$A$6:$BQ$45,57,0) -> 0 | G9: =SUM(E9:F9) -> 0
A10: AS201654 | B10: =VLOOKUP(A10,[4]LISTADHERENT!A$5:H$50,3,0) -> DJOMOU TCHAPDA | C10: =VLOOKUP(A10,[5]HISTOAOUT25!$A$6:$BQ$45,56,0) -> 0 | D10: =VLOOKUP(A10,[5]HISTOAOUT25!$A$6:$BQ$45,57,0) -> 0 | G10: =SUM(E10:F10) -> 0
A11: AS201605 | B11: =VLOOKUP(A11,[4]LISTADHERENT!A$5:H$50,3,0) -> DJOUKWE NANGUEN GUY BLAISE | C11: =VLOOKUP(A11,[5]HISTOAOUT25!$A$6:$BQ$45,56,0) -> 0 | D11: =VLOOKUP(A11,[5]HISTOAOUT25!$A$6:$BQ$45,57,0) -> 0 | G11: =SUM(E11:F11) -> 0
A12: AS201608 | B12: =VLOOKUP(A12,[4]LISTADHERENT!A$5:H$50,3,0) -> DJUOMBESSY ANTOINE | C12: =VLOOKUP(A12,[5]HISTOAOUT25!$A$6:$BQ$45,56,0) -> 1100000 | D12: =VLOOKUP(A12,[5]HISTOAOUT25!$A$6:$BQ$45,57,0) -> 0 | G12: =SUM(E12:F12) -> 0
A13: AS201651 | B13: =VLOOKUP(A13,[4]LISTADHERENT!A$5:H$50,3,0) -> DOMOU FABIEN | C13: =VLOOKUP(A13,[5]HISTOAOUT25!$A$6:$BQ$45,56,0) -> 0 | D13: =VLOOKUP(A13,[5]HISTOAOUT25!$A$6:$BQ$45,57,0) -> 0 | G13: =SUM(E13:F13) -> 0
A14: AS201609 | B14: =VLOOKUP(A14,[4]LISTADHERENT!A$5:H$50,3,0) -> DONHOU DAVID | C14: =VLOOKUP(A14,[5]HISTOAOUT25!$A$6:$BQ$45,56,0) -> 0 | D14: =VLOOKUP(A14,[5]HISTOAOUT25!$A$6:$BQ$45,57,0) -> 0 | G14: =SUM(E14:F14) -> 0
A15: AS201663 | B15: =VLOOKUP(A15,[4]LISTADHERENT!A$5:H$50,3,0) -> FAMPOU PAUL | C15: =VLOOKUP(A15,[5]HISTOAOUT25!$A$6:$BQ$45,56,0) -> 0 | D15: =VLOOKUP(A15,[5]HISTOAOUT25!$A$6:$BQ$45,57,0) -> 0 | G15: =SUM(E15:F15) -> 0
A16: AS201611 | B16: =VLOOKUP(A16,[4]LISTADHERENT!A$5:H$50,3,0) -> HENGUE PAUL OMER | C16: =VLOOKUP(A16,[5]HISTOAOUT25!$A$6:$BQ$45,56,0) -> 296500 | D16: =VLOOKUP(A16,[5]HISTOAOUT25!$A$6:$BQ$45,57,0) -> 0 | G16: =SUM(E16:F16) -> 0
A17: AS201613 | B17: =VLOOKUP(A17,[4]LISTADHERENT!A$5:H$50,3,0) -> HOTCHO BENJAMIN | C17: =VLOOKUP(A17,[5]HISTOAOUT25!$A$6:$BQ$45,56,0) -> 100000 | D17: =VLOOKUP(A17,[5]HISTOAOUT25!$A$6:$BQ$45,57,0) -> 0 | G17: =SUM(E17:F17) -> 0
A18: AS201617 | B18: =VLOOKUP(A18,[4]LISTADHERENT!A$5:H$50,3,0) -> KOUAMOU MOISE | C18: =VLOOKUP(A18,[5]HISTOAOUT25!$A$6:$BQ$45,56,0) -> 0 | D18: =VLOOKUP(A18,[5]HISTOAOUT25!$A$6:$BQ$45,57,0) -> 0 | G18: =SUM(E18:F18) -> 0
A19: AS201619 | B19: =VLOOKUP(A19,[4]LISTADHERENT!A$5:H$50,3,0) -> KOUATCHO MESSACK | C19: =VLOOKUP(A19,[5]HISTOAOUT25!$A$6:$BQ$45,56,0) -> 0 | D19: =VLOOKUP(A19,[5]HISTOAOUT25!$A$6:$BQ$45,57,0) -> 0 | G19: =SUM(E19:F19) -> 0
A20: AS201620 | B20: =VLOOKUP(A20,[4]LISTADHERENT!A$5:H$50,3,0) -> LOWE JEAN | C20: =VLOOKUP(A20,[5]HISTOAOUT25!$A$6:$BQ$45,56,0) -> 0 | D20: =VLOOKUP(A20,[5]HISTOAOUT25!$A$6:$BQ$45,57,0) -> 0
A21: AS201661 | B21: =VLOOKUP(A21,[4]LISTADHERENT!A$5:H$50,3,0) -> MASSEUNGOUE DAGOBERT | C21: =VLOOKUP(A21,[5]HISTOAOUT25!$A$6:$BQ$45,56,0) -> 0 | D21: =VLOOKUP(A21,[5]HISTOAOUT25!$A$6:$BQ$45,57,0) -> 0 | G21: =SUM(E21:F21) -> 0
A22: AS201649 | B22: =VLOOKUP(A22,[4]LISTADHERENT!A$5:H$50,3,0) -> MBOGNING TUGMA GUY | C22: =VLOOKUP(A22,[5]HISTOAOUT25!$A$6:$BQ$45,56,0) -> 400000 | D22: =VLOOKUP(A22,[5]HISTOAOUT25!$A$6:$BQ$45,57,0) -> 0 | G22: =SUM(E22:F22) -> 0
A23: AS201639 | B23: =VLOOKUP(A23,[4]LISTADHERENT!A$5:H$50,3,0) -> NANGUEN MARTIN | C23: =VLOOKUP(A23,[5]HISTOAOUT25!$A$6:$BQ$45,56,0) -> 0 | D23: =VLOOKUP(A23,[5]HISTOAOUT25!$A$6:$BQ$45,57,0) -> 0 | G23: =SUM(E23:F23) -> 0
A24: AS201621 | B24: =VLOOKUP(A24,[4]LISTADHERENT!A$5:H$50,3,0) -> NANKAM APPOLINAIRE | C24: =VLOOKUP(A24,[5]HISTOAOUT25!$A$6:$BQ$45,56,0) -> 0 | D24: =VLOOKUP(A24,[5]HISTOAOUT25!$A$6:$BQ$45,57,0) -> 0 | G24: =SUM(E24:F24) -> 0
A25: AS201622 | B25: =VLOOKUP(A25,[4]LISTADHERENT!A$5:H$50,3,0) -> NDJOMO ETIENNE | C25: =VLOOKUP(A25,[5]HISTOAOUT25!$A$6:$BQ$45,56,0) -> 200000 | D25: =VLOOKUP(A25,[5]HISTOAOUT25!$A$6:$BQ$45,57,0) -> 0 | G25: =SUM(E25:F25) -> 0
A26: AS201624 | B26: =VLOOKUP(A26,[4]LISTADHERENT!A$5:H$50,3,0) -> NGONDIEP CLAUDE | C26: =VLOOKUP(A26,[5]HISTOAOUT25!$A$6:$BQ$45,56,0) -> 936500 | D26: =VLOOKUP(A26,[5]HISTOAOUT25!$A$6:$BQ$45,57,0) -> 0 | G26: =SUM(E26:F26) -> 0
A27: AS201626 | B27: =VLOOKUP(A27,[4]LISTADHERENT!A$5:H$50,3,0) -> NGUIEMEGNI MATHIEU BLAISE | C27: =VLOOKUP(A27,[5]HISTOAOUT25!$A$6:$BQ$45,56,0) -> 1151500 | D27: =VLOOKUP(A27,[5]HISTOAOUT25!$A$6:$BQ$45,57,0) -> 0 | G27: =SUM(E27:F27) -> 0
A28: AS201628 | B28: =VLOOKUP(A28,[4]LISTADHERENT!A$5:H$50,3,0) -> NKAMGANG JUSTIN DEJOLIE | C28: =VLOOKUP(A28,[5]HISTOAOUT25!$A$6:$BQ$45,56,0) -> 0 | D28: =VLOOKUP(A28,[5]HISTOAOUT25!$A$6:$BQ$45,57,0) -> 0 | G28: =SUM(E28:F28) -> 0
A29: AS201656 | B29: =VLOOKUP(A29,[4]LISTADHERENT!A$5:H$50,3,0) -> NOUBE ETIENNE | C29: =VLOOKUP(A29,[5]HISTOAOUT25!$A$6:$BQ$45,56,0) -> 0 | D29: =VLOOKUP(A29,[5]HISTOAOUT25!$A$6:$BQ$45,57,0) -> 0 | G29: =SUM(E29:F29) -> 0
A30: AS201633 | B30: =VLOOKUP(A30,[4]LISTADHERENT!A$5:H$50,3,0) -> PATEGO NJOSSU GUSTAVE | C30: =VLOOKUP(A30,[5]HISTOAOUT25!$A$6:$BQ$45,56,0) -> 0 | D30: =VLOOKUP(A30,[5]HISTOAOUT25!$A$6:$BQ$45,57,0) -> 0 | G30: =SUM(E30:F30) -> 0
A31: AS201657 | B31: =VLOOKUP(A31,[4]LISTADHERENT!A$5:H$50,3,0) -> SEUMO POLYCARPE | C31: =VLOOKUP(A31,[5]HISTOAOUT25!$A$6:$BQ$45,56,0) -> 59000 | D31: =VLOOKUP(A31,[5]HISTOAOUT25!$A$6:$BQ$45,57,0) -> 0 | G31: =SUM(E31:F31) -> 0
A32: AS201653 | B32: =VLOOKUP(A32,[4]LISTADHERENT!A$5:H$50,3,0) -> SIME BRICE | C32: =VLOOKUP(A32,[5]HISTOAOUT25!$A$6:$BQ$45,56,0) -> 0 | D32: =VLOOKUP(A32,[5]HISTOAOUT25!$A$6:$BQ$45,57,0) -> 0 | G32: =SUM(E32:F32) -> 0
... A42: AS201647 | B42: =VLOOKUP(A42,[4]LISTADHERENT!A$5:H$50,3,0) -> YOUMBI EMMANUEL | C42: =VLOOKUP(A42,[5]HISTOAOUT25!$A$6:$BQ$45,56,0) -> 0 | D42: =VLOOKUP(A42,[5]HISTOAOUT25!$A$6:$BQ$45,57,0) -> 0 | G42: =SUM(E42:F42) -> 0
B43: SOLDE BANQUE | F43: 4294839
B44: TOTAUX | C44: =SUM(C6:C43) -> 6724000 | E44: =SUM(E7:E43) -> 0 | G44: =SUM(G7:G43) -> 0
B46: DIFFERENCE A CHERCHER | C46: =C44-C5 -> 6724000
B48: COMPTE BANQUE
B50: LIBELLE
B51: REPORT
B52: TONTINE

Sheet HISTOSEPT25
A1: ASSOCIATION | B1: ASELBY
A2: ANNEE | B2: 2025
A3: MATRICULE | B3: NOM ET PRENOM | G3: TOTAUX
C4: MONTANT CHEQUE | D4: NUM CHEQUE | E4: AGIOS | F4: Extrait de compte
B5: CHEQUE ETABLI
A6: AS201648 | B6: =VLOOKUP(A6,[4]LISTADHERENT!A$5:H$50,3,0) -> ASELBY | C6: =VLOOKUP(A6,[5]HISTOSEPT25!$A$6:$BQ$45,56,0) -> 12000 | D6: =VLOOKUP(A6,[5]HISTOSEPT25!$A$6:$BQ$45,57,0) -> 0 | E6: =+[6]HISTOBQUESEPT25!$H$6 -> 1193 | G6: =SUM(E6:F6) -> 1193
A7: AS201601 | B7: =VLOOKUP(A7,[4]LISTADHERENT!A$5:H$50,3,0) -> BAKOP ACHILLE | C7: =VLOOKUP(A7,[5]HISTOSEPT25!$A$6:$BQ$45,56,0) -> 0 | D7: =VLOOKUP(A7,[5]HISTOSEPT25!$A$6:$BQ$45,57,0) -> 0 | G7: =SUM(E7:F7) -> 0
A8: AS201602 | B8: =VLOOKUP(A8,[4]LISTADHERENT!A$5:H$50,3,0) -> BOUTCHOUANG WILLIAM | C8: =VLOOKUP(A8,[5]HISTOSEPT25!$A$6:$BQ$45,56,0) -> 297500 | D8: =VLOOKUP(A8,[5]HISTOSEPT25!$A$6:$BQ$45,57,0) -> 0 | G8: =SUM(E8:F8) -> 0
A9: AS201604 | B9: =VLOOKUP(A9,[4]LISTADHERENT!A$5:H$50,3,0) -> DJOMO JEAN PAUL | C9: =VLOOKUP(A9,[5]HISTOSEPT25!$A$6:$BQ$45,56,0) -> 0 | D9: =VLOOKUP(A9,[5]HISTOSEPT25!$A$6:$BQ$45,57,0) -> 0 | G9: =SUM(E9:F9) -> 0
A10: AS201654 | B10: =VLOOKUP(A10,[4]LISTADHERENT!A$5:H$50,3,0) -> DJOMOU TCHAPDA | C10: =VLOOKUP(A10,[5]HISTOSEPT25!$A$6:$BQ$45,56,0) -> 0 | D10: =VLOOKUP(A10,[5]HISTOSEPT25!$A$6:$BQ$45,57,0) -> 0 | G10: =SUM(E10:F10) -> 0
A11: AS201605 | B11: =VLOOKUP(A11,[4]LISTADHERENT!A$5:H$50,3,0) -> DJOUKWE NANGUEN GUY BLAISE | C11: =VLOOKUP(A11,[5]HISTOSEPT25!$A$6:$BQ$45,56,0) -> 200000 | D11: =VLOOKUP(A11,[5]HISTOSEPT25!$A$6:$BQ$45,57,0) -> 0 | G11: =SUM(E11:F11) -> 0
A12: AS201608 | B12: =VLOOKUP(A12,[4]LISTADHERENT!A$5:H$50,3,0) -> DJUOMBESSY ANTOINE | C12: =VLOOKUP(A12,[5]HISTOSEPT25!$A$6:$BQ$45,56,0) -> 1185000 | D12: =VLOOKUP(A12,[5]HISTOSEPT25!$A$6:$BQ$45,57,0) -> 0 | G12: =SUM(E12:F12) -> 0
A13: AS201651 | B13: =VLOOKUP(A13,[4]LISTADHERENT!A$5:H$50,3,0) -> DOMOU FABIEN | C13: =VLOOKUP(A13,[5]HISTOSEPT25!$A$6:$BQ$45,56,0) -> 0 | D13: =VLOOKUP(A13,[5]HISTOSEPT25!$A$6:$BQ$45,57,0) -> 0 | G13: =SUM(E13:F13) -> 0
A14: AS201609 | B14: =VLOOKUP(A14,[4]LISTADHERENT!A$5:H$50,3,0) -> DONHOU DAVID | C14: =VLOOKUP(A14,[5]HISTOSEPT25!$A$6:$BQ$45,56,0) -> 0 | D14: =VLOOKUP(A14,[5]HISTOSEPT25!$A$6:$BQ$45,57,0) -> 0 | G14: =SUM(E14:F14) -> 0
A15: AS201663 | B15: =VLOOKUP(A15,[4]LISTADHERENT!A$5:H$50,3,0) -> FAMPOU PAUL | C15: =VLOOKUP(A15,[5]HISTOSEPT25!$A$6:$BQ$45,56,0) -> 0 | D15: =VLOOKUP(A15,[5]HISTOSEPT25!$A$6:$BQ$45,57,0) -> 0 | G15: =SUM(E15:F15) -> 0
A16: AS201611 | B16: =VLOOKUP(A16,[4]LISTADHERENT!A$5:H$50,3,0) -> HENGUE PAUL OMER | C16: =VLOOKUP(A16,[5]HISTOSEPT25!$A$6:$BQ$45,56,0) -> 891500 | D16: =VLOOKUP(A16,[5]HISTOSEPT25!$A$6:$BQ$45,57,0) -> 0 | G16: =SUM(E16:F16) -> 0
A17: AS201613 | B17: =VLOOKUP(A17,[4]LISTADHERENT!A$5:H$50,3,0) -> HOTCHO BENJAMIN | C17: =VLOOKUP(A17,[5]HISTOSEPT25!$A$6:$BQ$45,56,0) -> 100000 | D17: =VLOOKUP(A17,[5]HISTOSEPT25!$A$6:$BQ$45,57,0) -> 0 | G17: =SUM(E17:F17) -> 0
A18: AS201617 | B18: =VLOOKUP(A18,[4]LISTADHERENT!A$5:H$50,3,0) -> KOUAMOU MOISE | C18: =VLOOKUP(A18,[5]HISTOSEPT25!$A$6:$BQ$45,56,0) -> 0 | D18: =VLOOKUP(A18,[5]HISTOSEPT25!$A$6:$BQ$45,57,0) -> 0 | G18: =SUM(E18:F18) -> 0
A19: AS201619 | B19: =VLOOKUP(A19,[4]LISTADHERENT!A$5:H$50,3,0) -> KOUATCHO MESSACK | C19: =VLOOKUP(A19,[5]HISTOSEPT25!$A$6:$BQ$45,56,0) -> 100000 | D19: =VLOOKUP(A19,[5]HISTOSEPT25!$A$6:$BQ$45,57,0) -> 0 | G19: =SUM(E19:F19) -> 0
A20: AS201620 | B20: =VLOOKUP(A20,[4]LISTADHERENT!A$5:H$50,3,0) -> LOWE JEAN | C20: =VLOOKUP(A20,[5]HISTOSEPT25!$A$6:$BQ$45,56,0) -> 0 | D20: =VLOOKUP(A20,[5]HISTOSEPT25!$A$6:$BQ$45,57,0) -> 0
A21: AS201661 | B21: =VLOOKUP(A21,[4]LISTADHERENT!A$5:H$50,3,0) -> MASSEUNGOUE DAGOBERT | C21: =VLOOKUP(A21,[5]HISTOSEPT25!$A$6:$BQ$45,56,0) -> 282500 | D21: =VLOOKUP(A21,[5]HISTOSEPT25!$A$6:$BQ$45,57,0) -> 0 | G21: =SUM(E21:F21) -> 0
A22: AS201649 | B22: =VLOOKUP(A22,[4]LISTADHERENT!A$5:H$50,3,0) -> MBOGNING TUGMA GUY | C22: =VLOOKUP(A22,[5]HISTOSEPT25!$A$6:$BQ$45,56,0) -> 100000 | D22: =VLOOKUP(A22,[5]HISTOSEPT25!$A$6:$BQ$45,57,0) -> 0 | G22: =SUM(E22:F22) -> 0
A23: AS201639 | B23: =VLOOKUP(A23,[4]LISTADHERENT!A$5:H$50,3,0) -> NANGUEN MARTIN | C23: =VLOOKUP(A23,[5]HISTOSEPT25!$A$6:$BQ$45,56,0) -> 100000 | D23: =VLOOKUP(A23,[5]HISTOSEPT25!$A$6:$BQ$45,57,0) -> 0 | G23: =SUM(E23:F23) -> 0
A24: AS201621 | B24: =VLOOKUP(A24,[4]LISTADHERENT!A$5:H$50,3,0) -> NANKAM APPOLINAIRE | C24: =VLOOKUP(A24,[5]HISTOSEPT25!$A$6:$BQ$45,56,0) -> 0 | D24: =VLOOKUP(A24,[5]HISTOSEPT25!$A$6:$BQ$45,57,0) -> 0 | G24: =SUM(E24:F24) -> 0
A25: AS201622 | B25: =VLOOKUP(A25,[4]LISTADHERENT!A$5:H$50,3,0) -> NDJOMO ETIENNE | C25: =VLOOKUP(A25,[5]HISTOSEPT25!$A$6:$BQ$45,56,0) -> 100000 | D25: =VLOOKUP(A25,[5]HISTOSEPT25!$A$6:$BQ$45,57,0) -> 0 | G25: =SUM(E25:F25) -> 0
A26: AS201624 | B26: =VLOOKUP(A26,[4]LISTADHERENT!A$5:H$50,3,0) -> NGONDIEP CLAUDE | C26: =VLOOKUP(A26,[5]HISTOSEPT25!$A$6:$BQ$45,56,0) -> 0 | D26: =VLOOKUP(A26,[5]HISTOSEPT25!$A$6:$BQ$45,57,0) -> 0 | G26: =SUM(E26:F26) -> 0
A27: AS201626 | B27: =VLOOKUP(A27,[4]LISTADHERENT!A$5:H$50,3,0) -> NGUIEMEGNI MATHIEU BLAISE | C27: =VLOOKUP(A27,[5]HISTOSEPT25!$A$6:$BQ$45,56,0) -> 200000 | D27: =VLOOKUP(A27,[5]HISTOSEPT25!$A$6:$BQ$45,57,0) -> 0 | G27: =SUM(E27:F27) -> 0
A28: AS201628 | B28: =VLOOKUP(A28,[4]LISTADHERENT!A$5:H$50,3,0) -> NKAMGANG JUSTIN DEJOLIE | C28: =VLOOKUP(A28,[5]HISTOSEPT25!$A$6:$BQ$45,56,0) -> 0 | D28: =VLOOKUP(A28,[5]HISTOSEPT25!$A$6:$BQ$45,57,0) -> 0 | G28: =SUM(E28:F28) -> 0
A29: AS201656 | B29: =VLOOKUP(A29,[4]LISTADHERENT!A$5:H$50,3,0) -> NOUBE ETIENNE | C29: =VLOOKUP(A29,[5]HISTOSEPT25!$A$6:$BQ$45,56,0) -> 0 | D29: =VLOOKUP(A29,[5]HISTOSEPT25!$A$6:$BQ$45,57,0) -> 0 | G29: =SUM(E29:F29) -> 0
A30: AS201633 | B30: =VLOOKUP(A30,[4]LISTADHERENT!A$5:H$50,3,0) -> PATEGO NJOSSU GUSTAVE | C30: =VLOOKUP(A30,[5]HISTOSEPT25!$A$6:$BQ$45,56,0) -> 297500 | D30: =VLOOKUP(A30,[5]HISTOSEPT25!$A$6:$BQ$45,57,0) -> 0 | G30: =SUM(E30:F30) -> 0
A31: AS201657 | B31: =VLOOKUP(A31,[4]LISTADHERENT!A$5:H$50,3,0) -> SEUMO POLYCARPE | C31: =VLOOKUP(A31,[5]HISTOSEPT25!$A$6:$BQ$45,56,0) -> 59000 | D31: =VLOOKUP(A31,[5]HISTOSEPT25!$A$6:$BQ$45,57,0) -> 0 | G31: =SUM(E31:F31) -> 0
A32: AS201653 | B32: =VLOOKUP(A32,[4]LISTADHERENT!A$5:H$50,3,0) -> SIME BRICE | C32: =VLOOKUP(A32,[5]HISTOSEPT25!$A$6:$BQ$45,56,0) -> 200000 | D32: =VLOOKUP(A32,[5]HISTOSEPT25!$A$6:$BQ$45,57,0) -> 0 | G32: =SUM(E32:F32) -> 0
... A42: AS201647 | B42: =VLOOKUP(A42,[4]LISTADHERENT!A$5:H$50,3,0) -> YOUMBI EMMANUEL | C42: =VLOOKUP(A42,[5]HISTOSEPT25!$A$6:$BQ$45,56,0) -> 0 | D42: =VLOOKUP(A42,[5]HISTOSEPT25!$A$6:$BQ$45,57,0) -> 0 | G42: =SUM(E42:F42) -> 0
B43: SOLDE BANQUE | F43: 5455146
B44: TOTAUX | C44: =SUM(C6:C43) -> 4355500 | E44: =SUM(E7:E43) -> 0 | G44: =SUM(G7:G43) -> 0
B46: DIFFERENCE A CHERCHER | C46: =C44-C5 -> 4355500
B48: COMPTE BANQUE
B50: LIBELLE
B51: REPORT
B52: TONTINE

Sheet HISTOOCT25
A1: ASSOCIATION | B1: ASELBY
A2: ANNEE | B2: 2025
A3: MATRICULE | B3: NOM ET PRENOM | G3: TOTAUX
C4: MONTANT CHEQUE | D4: NUM CHEQUE | E4: AGIOS | F4: Extrait de compte
B5: CHEQUE ETABLI
A6: AS201648 | B6: =VLOOKUP(A6,[4]LISTADHERENT!A$5:H$50,3,0) -> ASELBY | C6: =VLOOKUP(A6,[5]HISTOOCT25!$A$6:$BQ$45,56,0) -> 500 | D6: =VLOOKUP(A6,[5]HISTOOCT25!$A$6:$BQ$45,57,0) -> 0 | E6: =+[6]HISTOBQUEOCT25!$H$6 -> 3578 | G6: =SUM(E6:F6) -> 3578
A7: AS201601 | B7: =VLOOKUP(A7,[4]LISTADHERENT!A$5:H$50,3,0) -> BAKOP ACHILLE | C7: =VLOOKUP(A7,[5]HISTOOCT25!$A$6:$BQ$45,56,0) -> 0 | D7: =VLOOKUP(A7,[5]HISTOOCT25!$A$6:$BQ$45,57,0) -> 0 | G7: =SUM(E7:F7) -> 0
A8: AS201602 | B8: =VLOOKUP(A8,[4]LISTADHERENT!A$5:H$50,3,0) -> BOUTCHOUANG WILLIAM | C8: =VLOOKUP(A8,[5]HISTOOCT25!$A$6:$BQ$45,56,0) -> 1377500 | D8: =VLOOKUP(A8,[5]HISTOOCT25!$A$6:$BQ$45,57,0) -> 0 | G8: =SUM(E8:F8) -> 0
A9: AS201604 | B9: =VLOOKUP(A9,[4]LISTADHERENT!A$5:H$50,3,0) -> DJOMO JEAN PAUL | C9: =VLOOKUP(A9,[5]HISTOOCT25!$A$6:$BQ$45,56,0) -> 0 | D9: =VLOOKUP(A9,[5]HISTOOCT25!$A$6:$BQ$45,57,0) -> 0 | G9: =SUM(E9:F9) -> 0
A10: AS201654 | B10: =VLOOKUP(A10,[4]LISTADHERENT!A$5:H$50,3,0) -> DJOMOU TCHAPDA | C10: =VLOOKUP(A10,[5]HISTOOCT25!$A$6:$BQ$45,56,0) -> 0 | D10: =VLOOKUP(A10,[5]HISTOOCT25!$A$6:$BQ$45,57,0) -> 0 | G10: =SUM(E10:F10) -> 0
A11: AS201605 | B11: =VLOOKUP(A11,[4]LISTADHERENT!A$5:H$50,3,0) -> DJOUKWE NANGUEN GUY BLAISE | C11: =VLOOKUP(A11,[5]HISTOOCT25!$A$6:$BQ$45,56,0) -> 0 | D11: =VLOOKUP(A11,[5]HISTOOCT25!$A$6:$BQ$45,57,0) -> 0 | G11: =SUM(E11:F11) -> 0
A12: AS201608 | B12: =VLOOKUP(A12,[4]LISTADHERENT!A$5:H$50,3,0) -> DJUOMBESSY ANTOINE | C12: =VLOOKUP(A12,[5]HISTOOCT25!$A$6:$BQ$45,56,0) -> 148500 | D12: =VLOOKUP(A12,[5]HISTOOCT25!$A$6:$BQ$45,57,0) -> 0 | G12: =SUM(E12:F12) -> 0
A13: AS201651 | B13: =VLOOKUP(A13,[4]LISTADHERENT!A$5:H$50,3,0) -> DOMOU FABIEN | C13: =VLOOKUP(A13,[5]HISTOOCT25!$A$6:$BQ$45,56,0) -> 0 | D13: =VLOOKUP(A13,[5]HISTOOCT25!$A$6:$BQ$45,57,0) -> 0 | G13: =SUM(E13:F13) -> 0
A14: AS201609 | B14: =VLOOKUP(A14,[4]LISTADHERENT!A$5:H$50,3,0) -> DONHOU DAVID | C14: =VLOOKUP(A14,[5]HISTOOCT25!$A$6:$BQ$45,56,0) -> 0 | D14: =VLOOKUP(A14,[5]HISTOOCT25!$A$6:$BQ$45,57,0) -> 0 | G14: =SUM(E14:F14) -> 0
A15: AS201663 | B15: =VLOOKUP(A15,[4]LISTADHERENT!A$5:H$50,3,0) -> FAMPOU PAUL | C15: =VLOOKUP(A15,[5]HISTOOCT25!$A$6:$BQ$45,56,0) -> 0 | D15: =VLOOKUP(A15,[5]HISTOOCT25!$A$6:$BQ$45,57,0) -> 0 | G15: =SUM(E15:F15) -> 0
A16: AS201611 | B16: =VLOOKUP(A16,[4]LISTADHERENT!A$5:H$50,3,0) -> HENGUE PAUL OMER | C16: =VLOOKUP(A16,[5]HISTOOCT25!$A$6:$BQ$45,56,0) -> 0 | D16: =VLOOKUP(A16,[5]HISTOOCT25!$A$6:$BQ$45,57,0) -> 0 | G16: =SUM(E16:F16) -> 0
A17: AS201613 | B17: =VLOOKUP(A17,[4]LISTADHERENT!A$5:H$50,3,0) -> HOTCHO BENJAMIN | C17: =VLOOKUP(A17,[5]HISTOOCT25!$A$6:$BQ$45,56,0) -> 396000 | D17: =VLOOKUP(A17,[5]HISTOOCT25!$A$6:$BQ$45,57,0) -> 0 | G17: =SUM(E17:F17) -> 0
A18: AS201617 | B18: =VLOOKUP(A18,[4]LISTADHERENT!A$5:H$50,3,0) -> KOUAMOU MOISE | C18: =VLOOKUP(A18,[5]HISTOOCT25!$A$6:$BQ$45,56,0) -> 10000 | D18: =VLOOKUP(A18,[5]HISTOOCT25!$A$6:$BQ$45,57,0) -> 0 | G18: =SUM(E18:F18) -> 0
A19: AS201619 | B19: =VLOOKUP(A19,[4]LISTADHERENT!A$5:H$50,3,0) -> KOUATCHO MESSACK | C19: =VLOOKUP(A19,[5]HISTOOCT25!$A$6:$BQ$45,56,0) -> 0 | D19: =VLOOKUP(A19,[5]HISTOOCT25!$A$6:$BQ$45,57,0) -> 0 | G19: =SUM(E19:F19) -> 0
A20: AS201620 | B20: =VLOOKUP(A20,[4]LISTADHERENT!A$5:H$50,3,0) -> LOWE JEAN | C20: =VLOOKUP(A20,[5]HISTOOCT25!$A$6:$BQ$45,56,0) -> 0 | D20: =VLOOKUP(A20,[5]HISTOOCT25!$A$6:$BQ$45,57,0) -> 0
A21: AS201661 | B21: =VLOOKUP(A21,[4]LISTADHERENT!A$5:H$50,3,0) -> MASSEUNGOUE DAGOBERT | C21: =VLOOKUP(A21,[5]HISTOOCT25!$A$6:$BQ$45,56,0) -> 0 | D21: =VLOOKUP(A21,[5]HISTOOCT25!$A$6:$BQ$45,57,0) -> 0 | G21: =SUM(E21:F21) -> 0
A22: AS201649 | B22: =VLOOKUP(A22,[4]LISTADHERENT!A$5:H$50,3,0) -> MBOGNING TUGMA GUY | C22: =VLOOKUP(A22,[5]HISTOOCT25!$A$6:$BQ$45,56,0) -> 1049000 | D22: =VLOOKUP(A22,[5]HISTOOCT25!$A$6:$BQ$45,57,0) -> 0 | G22: =SUM(E22:F22) -> 0
A23: AS201639 | B23: =VLOOKUP(A23,[4]LISTADHERENT!A$5:H$50,3,0) -> NANGUEN MARTIN | C23: =VLOOKUP(A23,[5]HISTOOCT25!$A$6:$BQ$45,56,0) -> 0 | D23: =VLOOKUP(A23,[5]HISTOOCT25!$A$6:$BQ$45,57,0) -> 0 | G23: =SUM(E23:F23) -> 0
A24: AS201621 | B24: =VLOOKUP(A24,[4]LISTADHERENT!A$5:H$50,3,0) -> NANKAM APPOLINAIRE | C24: =VLOOKUP(A24,[5]HISTOOCT25!$A$6:$BQ$45,56,0) -> 0 | D24: =VLOOKUP(A24,[5]HISTOOCT25!$A$6:$BQ$45,57,0) -> 0 | G24: =SUM(E24:F24) -> 0
A25: AS201622 | B25: =VLOOKUP(A25,[4]LISTADHERENT!A$5:H$50,3,0) -> NDJOMO ETIENNE | C25: =VLOOKUP(A25,[5]HISTOOCT25!$A$6:$BQ$45,56,0) -> 500000 | D25: =VLOOKUP(A25,[5]HISTOOCT25!$A$6:$BQ$45,57,0) -> 0 | G25: =SUM(E25:F25) -> 0
A26: AS201624 | B26: =VLOOKUP(A26,[4]LISTADHERENT!A$5:H$50,3,0) -> NGONDIEP CLAUDE | C26: =VLOOKUP(A26,[5]HISTOOCT25!$A$6:$BQ$45,56,0) -> 0 | D26: =VLOOKUP(A26,[5]HISTOOCT25!$A$6:$BQ$45,57,0) -> 0 | G26: =SUM(E26:F26) -> 0
A27: AS201626 | B27: =VLOOKUP(A27,[4]LISTADHERENT!A$5:H$50,3,0) -> NGUIEMEGNI MATHIEU BLAISE | C27: =VLOOKUP(A27,[5]HISTOOCT25!$A$6:$BQ$45,56,0) -> 100000 | D27: =VLOOKUP(A27,[5]HISTOOCT25!$A$6:$BQ$45,57,0) -> 0 | G27: =SUM(E27:F27) -> 0
A28: AS201628 | B28: =VLOOKUP(A28,[4]LISTADHERENT!A$5:H$50,3,0) -> NKAMGANG JUSTIN DEJOLIE | C28: =VLOOKUP(A28,[5]HISTOOCT25!$A$6:$BQ$45,56,0) -> 970000 | D28: =VLOOKUP(A28,[5]HISTOOCT25!$A$6:$BQ$45,57,0) -> 0 | G28: =SUM(E28:F28) -> 0
A29: AS201656 | B29: =VLOOKUP(A29,[4]LISTADHERENT!A$5:H$50,3,0) -> NOUBE ETIENNE | C29: =VLOOKUP(A29,[5]HISTOOCT25!$A$6:$BQ$45,56,0) -> 0 | D29: =VLOOKUP(A29,[5]HISTOOCT25!$A$6:$BQ$45,57,0) -> 0 | G29: =SUM(E29:F29) -> 0
A30: AS201633 | B30: =VLOOKUP(A30,[4]LISTADHERENT!A$5:H$50,3,0) -> PATEGO NJOSSU GUSTAVE | C30: =VLOOKUP(A30,[5]HISTOOCT25!$A$6:$BQ$45,56,0) -> 0 | D30: =VLOOKUP(A30,[5]HISTOOCT25!$A$6:$BQ$45,57,0) -> 0 | G30: =SUM(E30:F30) -> 0
A31: AS201657 | B31: =VLOOKUP(A31,[4]LISTADHERENT!A$5:H$50,3,0) -> SEUMO POLYCARPE | C31: =VLOOKUP(A31,[5]HISTOOCT25!$A$6:$BQ$45,56,0) -> 59000 | D31: =VLOOKUP(A31,[5]HISTOOCT25!$A$6:$BQ$45,57,0) -> 0 | G31: =SUM(E31:F31) -> 0
A32: AS201653 | B32: =VLOOKUP(A32,[4]LISTADHERENT!A$5:H$50,3,0) -> SIME BRICE | C32: =VLOOKUP(A32,[5]HISTOOCT25!$A$6:$BQ$45,56,0) -> 2155000 | D32: =VLOOKUP(A32,[5]HISTOOCT25!$A$6:$BQ$45,57,0) -> 0 | G32: =SUM(E32:F32) -> 0
... A42: AS201647 | B42: =VLOOKUP(A42,[4]LISTADHERENT!A$5:H$50,3,0) -> YOUMBI EMMANUEL | C42: =VLOOKUP(A42,[5]HISTOOCT25!$A$6:$BQ$45,56,0) -> 0 | D42: =VLOOKUP(A42,[5]HISTOOCT25!$A$6:$BQ$45,57,0) -> 0 | G42: =SUM(E42:F42) -> 0
B43: SOLDE BANQUE | F43: 5066568
B44: TOTAUX | C44: =SUM(C6:C43) -> 7481000 | E44: =SUM(E7:E43) -> 0 | G44: =SUM(G7:G43) -> 0
B46: DIFFERENCE A CHERCHER | C46: =C44-C5 -> 7481000
B48: COMPTE BANQUE
B50: LIBELLE
B51: REPORT
B52: TONTINE

Sheet HISTONOV25
A1: ASSOCIATION | B1: ASELBY
A2: ANNEE | B2: 2025
A3: MATRICULE | B3: NOM ET PRENOM | G3: TOTAUX
C4: MONTANT CHEQUE | D4: NUM CHEQUE | E4: AGIOS | F4: Extrait de compte
B5: CHEQUE ETABLI
A6: AS201648 | B6: =VLOOKUP(A6,[4]LISTADHERENT!A$5:H$50,3,0) -> ASELBY | C6: =VLOOKUP(A6,[5]HISTONOV25!$A$6:$BQ$45,56,0) -> 106000 | D6: =VLOOKUP(A6,[5]HISTONOV25!$A$6:$BQ$45,57,0) -> 0 | E6: =+[6]HISTOBQUENOV25!$H$6 -> 2385 | G6: =SUM(E6:F6) -> 2385
A7: AS201601 | B7: =VLOOKUP(A7,[4]LISTADHERENT!A$5:H$50,3,0) -> BAKOP ACHILLE | C7: =VLOOKUP(A7,[5]HISTONOV25!$A$6:$BQ$45,56,0) -> 0 | D7: =VLOOKUP(A7,[5]HISTONOV25!$A$6:$BQ$45,57,0) -> 0 | G7: =SUM(E7:F7) -> 0
A8: AS201602 | B8: =VLOOKUP(A8,[4]LISTADHERENT!A$5:H$50,3,0) -> BOUTCHOUANG WILLIAM | C8: =VLOOKUP(A8,[5]HISTONOV25!$A$6:$BQ$45,56,0) -> 0 | D8: =VLOOKUP(A8,[5]HISTONOV25!$A$6:$BQ$45,57,0) -> 0 | G8: =SUM(E8:F8) -> 0
A9: AS201604 | B9: =VLOOKUP(A9,[4]LISTADHERENT!A$5:H$50,3,0) -> DJOMO JEAN PAUL | C9: =VLOOKUP(A9,[5]HISTONOV25!$A$6:$BQ$45,56,0) -> 0 | D9: =VLOOKUP(A9,[5]HISTONOV25!$A$6:$BQ$45,57,0) -> 0 | G9: =SUM(E9:F9) -> 0
A10: AS201654 | B10: =VLOOKUP(A10,[4]LISTADHERENT!A$5:H$50,3,0) -> DJOMOU TCHAPDA | C10: =VLOOKUP(A10,[5]HISTONOV25!$A$6:$BQ$45,56,0) -> 0 | D10: =VLOOKUP(A10,[5]HISTONOV25!$A$6:$BQ$45,57,0) -> 0 | G10: =SUM(E10:F10) -> 0
A11: AS201605 | B11: =VLOOKUP(A11,[4]LISTADHERENT!A$5:H$50,3,0) -> DJOUKWE NANGUEN GUY BLAISE | C11: =VLOOKUP(A11,[5]HISTONOV25!$A$6:$BQ$45,56,0) -> 0 | D11: =VLOOKUP(A11,[5]HISTONOV25!$A$6:$BQ$45,57,0) -> 0 | G11: =SUM(E11:F11) -> 0
A12: AS201608 | B12: =VLOOKUP(A12,[4]LISTADHERENT!A$5:H$50,3,0) -> DJUOMBESSY ANTOINE | C12: =VLOOKUP(A12,[5]HISTONOV25!$A$6:$BQ$45,56,0) -> 101500 | D12: =VLOOKUP(A12,[5]HISTONOV25!$A$6:$BQ$45,57,0) -> 0 | G12: =SUM(E12:F12) -> 0
A13: AS201651 | B13: =VLOOKUP(A13,[4]LISTADHERENT!A$5:H$50,3,0) -> DOMOU FABIEN | C13: =VLOOKUP(A13,[5]HISTONOV25!$A$6:$BQ$45,56,0) -> 0 | D13: =VLOOKUP(A13,[5]HISTONOV25!$A$6:$BQ$45,57,0) -> 0 | G13: =SUM(E13:F13) -> 0
A14: AS201609 | B14: =VLOOKUP(A14,[4]LISTADHERENT!A$5:H$50,3,0) -> DONHOU DAVID | C14: =VLOOKUP(A14,[5]HISTONOV25!$A$6:$BQ$45,56,0) -> 0 | D14: =VLOOKUP(A14,[5]HISTONOV25!$A$6:$BQ$45,57,0) -> 0 | G14: =SUM(E14:F14) -> 0
A15: AS201663 | B15: =VLOOKUP(A15,[4]LISTADHERENT!A$5:H$50,3,0) -> FAMPOU PAUL | C15: =VLOOKUP(A15,[5]HISTONOV25!$A$6:$BQ$45,56,0) -> 200000 | D15: =VLOOKUP(A15,[5]HISTONOV25!$A$6:$BQ$45,57,0) -> 0 | G15: =SUM(E15:F15) -> 0
A16: AS201611 | B16: =VLOOKUP(A16,[4]LISTADHERENT!A$5:H$50,3,0) -> HENGUE PAUL OMER | C16: =VLOOKUP(A16,[5]HISTONOV25!$A$6:$BQ$45,56,0) -> 0 | D16: =VLOOKUP(A16,[5]HISTONOV25!$A$6:$BQ$45,57,0) -> 0 | G16: =SUM(E16:F16) -> 0
A17: AS201613 | B17: =VLOOKUP(A17,[4]LISTADHERENT!A$5:H$50,3,0) -> HOTCHO BENJAMIN | C17: =VLOOKUP(A17,[5]HISTONOV25!$A$6:$BQ$45,56,0) -> 600000 | D17: =VLOOKUP(A17,[5]HISTONOV25!$A$6:$BQ$45,57,0) -> 0 | G17: =SUM(E17:F17) -> 0
A18: AS201617 | B18: =VLOOKUP(A18,[4]LISTADHERENT!A$5:H$50,3,0) -> KOUAMOU MOISE | C18: =VLOOKUP(A18,[5]HISTONOV25!$A$6:$BQ$45,56,0) -> 100000 | D18: =VLOOKUP(A18,[5]HISTONOV25!$A$6:$BQ$45,57,0) -> 0 | G18: =SUM(E18:F18) -> 0
... A42: AS201647 | B42: =VLOOKUP(A42,[4]LISTADHERENT!A$5:H$50,3,0) -> YOUMBI EMMANUEL | C42: =VLOOKUP(A42,[5]HISTONOV25!$A$6:$BQ$45,56,0) -> 2380000 | D42: =VLOOKUP(A42,[5]HISTONOV25!$A$6:$BQ$45,57,0) -> 0 | G42: =SUM(E42:F42) -> 0
B43: SOLDE BANQUE | F43: 7981183
B44: TOTAUX | C44: =SUM(C6:C43) -> 6195500 | E44: =SUM(E7:E43) -> 0 | G44: =SUM(G7:G43) -> 0
B46: DIFFERENCE A CHERCHER | C46: =C44-C5 -> 6195500
B48: COMPTE BANQUE
B50: LIBELLE
B51: REPORT
B52: TONTINE

Sheet HISTODEC25
A1: ASSOCIATION | B1: ASELBY
A2: ANNEE | B2: 2025
A3: MATRICULE | B3: NOM ET PRENOM | G3: TOTAUX
C4: MONTANT CHEQUE | D4: NUM CHEQUE | E4: AGIOS | F4: Extrait de compte
B5: CHEQUE ETABLI
A6: AS201648 | B6: =VLOOKUP(A6,[4]LISTADHERENT!A$5:H$50,3,0) -> ASELBY | C6: =VLOOKUP(A6,[5]HISTODEC25!$A$6:$BQ$45,56,0) -> 898500 | D6: =VLOOKUP(A6,[5]HISTODEC25!$A$6:$BQ$45,57,0) -> 0 | E6: =+[6]HISTOBQUEDEC25!$H$6 -> 2385 | G6: =SUM(E6:F6) -> 2385
A7: AS201601 | B7: =VLOOKUP(A7,[4]LISTADHERENT!A$5:H$50,3,0) -> BAKOP ACHILLE | C7: =VLOOKUP(A7,[5]HISTODEC25!$A$6:$BQ$45,56,0) -> 0 | D7: =VLOOKUP(A7,[5]HISTODEC25!$A$6:$BQ$45,57,0) -> 0 | G7: =SUM(E7:F7) -> 0
A8: AS201602 | B8: =VLOOKUP(A8,[4]LISTADHERENT!A$5:H$50,3,0) -> BOUTCHOUANG WILLIAM | C8: =VLOOKUP(A8,[5]HISTODEC25!$A$6:$BQ$45,56,0) -> 0 | D8: =VLOOKUP(A8,[5]HISTODEC25!$A$6:$BQ$45,57,0) -> 0 | G8: =SUM(E8:F8) -> 0
A9: AS201604 | B9: =VLOOKUP(A9,[4]LISTADHERENT!A$5:H$50,3,0) -> DJOMO JEAN PAUL | C9: =VLOOKUP(A9,[5]HISTODEC25!$A$6:$BQ$45,56,0) -> 0 | D9: =VLOOKUP(A9,[5]HISTODEC25!$A$6:$BQ$45,57,0) -> 0 | G9: =SUM(E9:F9) -> 0
A10: AS201654 | B10: =VLOOKUP(A10,[4]LISTADHERENT!A$5:H$50,3,0) -> DJOMOU TCHAPDA | C10: =VLOOKUP(A10,[5]HISTODEC25!$A$6:$BQ$45,56,0) -> 0 | D10: =VLOOKUP(A10,[5]HISTODEC25!$A$6:$BQ$45,57,0) -> 0 | G10: =SUM(E10:F10) -> 0
A11: AS201605 | B11: =VLOOKUP(A11,[4]LISTADHERENT!A$5:H$50,3,0) -> DJOUKWE NANGUEN GUY BLAISE | C11: =VLOOKUP(A11,[5]HISTODEC25!$A$6:$BQ$45,56,0) -> -268500 | D11: =VLOOKUP(A11,[5]HISTODEC25!$A$6:$BQ$45,57,0) -> 0 | G11: =SUM(E11:F11) -> 0
A12: AS201608 | B12: =VLOOKUP(A12,[4]LISTADHERENT!A$5:H$50,3,0) -> DJUOMBESSY ANTOINE | C12: =VLOOKUP(A12,[5]HISTODEC25!$A$6:$BQ$45,56,0) -> 1340000 | D12: =VLOOKUP(A12,[5]HISTODEC25!$A$6:$BQ$45,57,0) -> 0K | G12: =SUM(E12:F12) -> 0
A13: AS201651 | B13: =VLOOKUP(A13,[4]LISTADHERENT!A$5:H$50,3,0) -> DOMOU FABIEN | C13: =VLOOKUP(A13,[5]HISTODEC25!$A$6:$BQ$45,56,0) -> 0 | D13: =VLOOKUP(A13,[5]HISTODEC25!$A$6:$BQ$45,57,0) -> 0 | G13: =SUM(E13:F13) -> 0
A14: AS201609 | B14: =VLOOKUP(A14,[4]LISTADHERENT!A$5:H$50,3,0) -> DONHOU DAVID | C14: =VLOOKUP(A14,[5]HISTODEC25!$A$6:$BQ$45,56,0) -> 0 | D14: =VLOOKUP(A14,[5]HISTODEC25!$A$6:$BQ$45,57,0) -> 0 | G14: =SUM(E14:F14) -> 0
A15: AS201663 | B15: =VLOOKUP(A15,[4]LISTADHERENT!A$5:H$50,3,0) -> FAMPOU PAUL | C15: =VLOOKUP(A15,[5]HISTODEC25!$A$6:$BQ$45,56,0) -> 0 | D15: =VLOOKUP(A15,[5]HISTODEC25!$A$6:$BQ$45,57,0) -> 0 | G15: =SUM(E15:F15) -> 0
A16: AS201611 | B16: =VLOOKUP(A16,[4]LISTADHERENT!A$5:H$50,3,0) -> HENGUE PAUL OMER | C16: =VLOOKUP(A16,[5]HISTODEC25!$A$6:$BQ$45,56,0) -> 0 | D16: =VLOOKUP(A16,[5]HISTODEC25!$A$6:$BQ$45,57,0) -> 0 | G16: =SUM(E16:F16) -> 0
A17: AS201613 | B17: =VLOOKUP(A17,[4]LISTADHERENT!A$5:H$50,3,0) -> HOTCHO BENJAMIN | C17: =VLOOKUP(A17,[5]HISTODEC25!$A$6:$BQ$45,56,0) -> 0 | D17: =VLOOKUP(A17,[5]HISTODEC25!$A$6:$BQ$45,57,0) -> 0 | G17: =SUM(E17:F17) -> 0
A18: AS201617 | B18: =VLOOKUP(A18,[4]LISTADHERENT!A$5:H$50,3,0) -> KOUAMOU MOISE | C18: =VLOOKUP(A18,[5]HISTODEC25!$A$6:$BQ$45,56,0) -> 331500 | D18: =VLOOKUP(A18,[5]HISTODEC25!$A$6:$BQ$45,57,0) -> 0 | G18: =SUM(E18:F18) -> 0
... A20: AS201620 | B20: =VLOOKUP(A20,[4]LISTADHERENT!A$5:H$50,3,0) -> LOWE JEAN | C20: =VLOOKUP(A20,[5]HISTODEC25!$A$6:$BQ$45,56,0) -> 0 | D20: =VLOOKUP(A20,[5]HISTODEC25!$A$6:$BQ$45,57,0) -> 0 | G20: =SUM(E20:F20) -> 0
A21: AS201661 | B21: =VLOOKUP(A21,[4]LISTADHERENT!A$5:H$50,3,0) -> MASSEUNGOUE DAGOBERT | C21: =VLOOKUP(A21,[5]HISTODEC25!$A$6:$BQ$45,56,0) -> 0 | D21: =VLOOKUP(A21,[5]HISTODEC25!$A$6:$BQ$41,57,0) -> 0 | G21: =SUM(E21:F21) -> 0
A22: AS201649 | B22: =VLOOKUP(A22,[4]LISTADHERENT!A$5:H$50,3,0) -> MBOGNING TUGMA GUY | C22: =VLOOKUP(A22,[5]HISTODEC25!$A$6:$BQ$45,56,0) -> -90000 | D22: =VLOOKUP(A22,[5]HISTODEC25!$A$6:$BQ$41,57,0) -> 0 | G22: =SUM(E22:F22) -> 0
A23: AS201639 | B23: =VLOOKUP(A23,[4]LISTADHERENT!A$5:H$50,3,0) -> NANGUEN MARTIN | C23: =VLOOKUP(A23,[5]HISTODEC25!$A$6:$BQ$45,56,0) -> 0 | D23: =VLOOKUP(A23,[5]HISTODEC25!$A$6:$BQ$41,57,0) -> 0 | G23: =SUM(E23:F23) -> 0
A24: AS201621 | B24: =VLOOKUP(A24,[4]LISTADHERENT!A$5:H$50,3,0) -> NANKAM APPOLINAIRE | C24: =VLOOKUP(A24,[5]HISTODEC25!$A$6:$BQ$45,56,0) -> -248000 | D24: =VLOOKUP(A24,[5]HISTODEC25!$A$6:$BQ$41,57,0) -> 0 | G24: =SUM(E24:F24) -> 0
A25: AS201622 | B25: =VLOOKUP(A25,[4]LISTADHERENT!A$5:H$50,3,0) -> NDJOMO ETIENNE | C25: =VLOOKUP(A25,[5]HISTODEC25!$A$6:$BQ$45,56,0) -> 93500 | D25: =VLOOKUP(A25,[5]HISTODEC25!$A$6:$BQ$41,57,0) -> OK | G25: =SUM(E25:F25) -> 0
A26: AS201624 | B26: =VLOOKUP(A26,[4]LISTADHERENT!A$5:H$50,3,0) -> NGONDIEP CLAUDE | C26: =VLOOKUP(A26,[5]HISTODEC25!$A$6:$BQ$45,56,0) -> 1177500 | D26: =VLOOKUP(A26,[5]HISTODEC25!$A$6:$BQ$41,57,0) -> OK | G26: =SUM(E26:F26) -> 0
A27: AS201626 | B27: =VLOOKUP(A27,[4]LISTADHERENT!A$5:H$50,3,0) -> NGUIEMEGNI MATHIEU BLAISE | C27: =VLOOKUP(A27,[5]HISTODEC25!$A$6:$BQ$45,56,0) -> 950000 | D27: =VLOOKUP(A27,[5]HISTODEC25!$A$6:$BQ$41,57,0) -> 0 | G27: =SUM(E27:F27) -> 0
A28: AS201628 | B28: =VLOOKUP(A28,[4]LISTADHERENT!A$5:H$50,3,0) -> NKAMGANG JUSTIN DEJOLIE | C28: =VLOOKUP(A28,[5]HISTODEC25!$A$6:$BQ$45,56,0) -> 490500 | D28: =VLOOKUP(A28,[5]HISTODEC25!$A$6:$BQ$41,57,0) -> OK | G28: =SUM(E28:F28) -> 0
A29: AS201656 | B29: =VLOOKUP(A29,[4]LISTADHERENT!A$5:H$50,3,0) -> NOUBE ETIENNE | C29: =VLOOKUP(A29,[5]HISTODEC25!$A$6:$BQ$45,56,0) -> 0 | D29: =VLOOKUP(A29,[5]HISTODEC25!$A$6:$BQ$41,57,0) -> 0 | G29: =SUM(E29:F29) -> 0
A30: AS201633 | B30: =VLOOKUP(A30,[4]LISTADHERENT!A$5:H$50,3,0) -> PATEGO NJOSSU GUSTAVE | C30: =VLOOKUP(A30,[5]HISTODEC25!$A$6:$BQ$45,56,0) -> 0 | D30: =VLOOKUP(A30,[5]HISTODEC25!$A$6:$BQ$41,57,0) -> 0 | G30: =SUM(E30:F30) -> 0
A31: AS201657 | B31: =VLOOKUP(A31,[4]LISTADHERENT!A$5:H$50,3,0) -> SEUMO POLYCARPE | C31: =VLOOKUP(A31,[5]HISTODEC25!$A$6:$BQ$45,56,0) -> 855000 | D31: =VLOOKUP(A31,[5]HISTODEC25!$A$6:$BQ$41,57,0) -> 0 | G31: =SUM(E31:F31) -> 0
A32: AS201653 | B32: =VLOOKUP(A32,[4]LISTADHERENT!A$5:H$50,3,0) -> SIME BRICE | C32: =VLOOKUP(A32,[5]HISTODEC25!$A$6:$BQ$45,56,0) -> 0 | D32: =VLOOKUP(A32,[5]HISTODEC25!$A$6:$BQ$41,57,0) -> 0 | G32: =SUM(E32:F32) -> 0
... A41: AS201659 | B41: =VLOOKUP(A41,[4]LISTADHERENT!A$5:H$50,3,0) -> YIALA ALAIN OSCAR | C41: =VLOOKUP(A41,[5]HISTODEC25!$A$6:$BQ$45,56,0) -> 0 | D41: =VLOOKUP(A41,[5]HISTODEC25!$A$6:$BQ$41,57,0) -> 0 | G41: =SUM(E41:F41) -> 0
A42: AS201647 | B42: =VLOOKUP(A42,[4]LISTADHERENT!A$5:H$50,3,0) -> YOUMBI EMMANUEL | C42: =VLOOKUP(A42,[5]HISTODEC25!$A$6:$BQ$45,56,0) -> 0 | D42: =VLOOKUP(A42,[5]HISTODEC25!$A$6:$BQ$42,57,0) -> 0 | G42: =SUM(E42:F42) -> 0
B43: SOLDE BANQUE | F43: 11010798
B44: TOTAUX | C44: =SUM(C6:C43) -> 7131000 | E44: =SUM(E7:E43) -> 0 | G44: =SUM(G7:G43) -> 0
B46: DIFFERENCE A CHERCHER | C46: =C44-C5 -> 7131000
B48: COMPTE BANQUE
B50: LIBELLE
B51: REPORT
B52: TONTINE

Sheet HISTORESUME
A1: ASSOCIATION | B1: ASELBY
A2: ANNEE | B2: 2025
A3: MATRICULE | B3: NOM ET PRENOM | G3: TOTAUX
C4: MONTANT CHEQUE | D4: NUM CHEQUE | E4: AGIOS | F4: Extrait de compte
B5: CHEQUE ETABLI | C5: =HISTOJANV25!C5+HISTOFEV25!C5+HISTOMARS25!C5+HISTOAVRIL25!C5+HISTOMAI25!C5+HISTOJUIN25!C5+HISTOJUIL25!C5+HISTOAOUT25!C5+HISTOSEPT25!C5+HISTOOCT25!C5+HISTONOV25!C5+HISTODEC25!C5 -> 7134000
A6: AS201648 | B6: =VLOOKUP(A6,[4]LISTADHERENT!A$5:H$50,3,0) -> ASELBY | C6: =HISTOJANV25!C6+HISTOFEV25!C6+HISTOMARS25!C6+HISTOAVRIL25!C6+HISTOMAI25!C6+HISTOJUIN25!C6+HISTOJUIL25!C6+HISTOAOUT25!C6+HISTOSEPT25!C6+HISTOOCT25!C6+HISTONOV25!C6+HISTODEC25!C6 -> 5082500 | E6: =HISTOJANV25!E6+HISTOFEV25!E6+HISTOMARS25!E6+HISTOAVRIL25!E6+HISTOMAI25!E6+HISTOJUIN25!E6+HISTOJUIL25!E6+HISTOAOUT25!E6+HISTOSEPT25!E6+HISTOOCT25!E6+HISTONOV25!E6+HISTODEC25!E6 -> 32207 | G6: =SUM(E6:F6) -> 32207
A7: AS201601 | B7: =VLOOKUP(A7,[4]LISTADHERENT!A$5:H$50,3,0) -> BAKOP ACHILLE | C7: =HISTOJANV25!C7+HISTOFEV25!C7+HISTOMARS25!C7+HISTOAVRIL25!C7+HISTOMAI25!C7+HISTOJUIN25!C7+HISTOJUIL25!C7+HISTOAOUT25!C7+HISTOSEPT25!C7+HISTOOCT25!C7+HISTONOV25!C7+HISTODEC25!C7 -> 1187500 | G7: =SUM(E7:F7) -> 0
A8: AS201602 | B8: =VLOOKUP(A8,[4]LISTADHERENT!A$5:H$50,3,0) -> BOUTCHOUANG WILLIAM | C8: =HISTOJANV25!C8+HISTOFEV25!C8+HISTOMARS25!C8+HISTOAVRIL25!C8+HISTOMAI25!C8+HISTOJUIN25!C8+HISTOJUIL25!C8+HISTOAOUT25!C8+HISTOSEPT25!C8+HISTOOCT25!C8+HISTONOV25!C8+HISTODEC25!C8 -> 2260000 | G8: =SUM(E8:F8) -> 0
A9: AS201604 | B9: =VLOOKUP(A9,[4]LISTADHERENT!A$5:H$50,3,0) -> DJOMO JEAN PAUL | C9: =HISTOJANV25!C9+HISTOFEV25!C9+HISTOMARS25!C9+HISTOAVRIL25!C9+HISTOMAI25!C9+HISTOJUIN25!C9+HISTOJUIL25!C9+HISTOAOUT25!C9+HISTOSEPT25!C9+HISTOOCT25!C9+HISTONOV25!C9+HISTODEC25!C9 -> 3209000 | G9: =SUM(E9:F9) -> 0
A10: AS201654 | B10: =VLOOKUP(A10,[4]LISTADHERENT!A$5:H$50,3,0) -> DJOMOU TCHAPDA | C10: =HISTOJANV25!C10+HISTOFEV25!C10+HISTOMARS25!C10+HISTOAVRIL25!C10+HISTOMAI25!C10+HISTOJUIN25!C10+HISTOJUIL25!C10+HISTOAOUT25!C10+HISTOSEPT25!C10+HISTOOCT25!C10+HISTONOV25!C10+HISTODEC25!C10 -> 356000 | G10: =SUM(E10:F10) -> 0
A11: AS201605 | B11: =VLOOKUP(A11,[4]LISTADHERENT!A$5:H$50,3,0) -> DJOUKWE NANGUEN GUY BLAISE | C11: =HISTOJANV25!C11+HISTOFEV25!C11+HISTOMARS25!C11+HISTOAVRIL25!C11+HISTOMAI25!C11+HISTOJUIN25!C11+HISTOJUIL25!C11+HISTOAOUT25!C11+HISTOSEPT25!C11+HISTOOCT25!C11+HISTONOV25!C11+HISTODEC25!C11 -> 976500 | G11: =SUM(E11:F11) -> 0
A12: AS201608 | B12: =VLOOKUP(A12,[4]LISTADHERENT!A$5:H$50,3,0) -> DJUOMBESSY ANTOINE | C12: =HISTOJANV25!C12+HISTOFEV25!C12+HISTOMARS25!C12+HISTOAVRIL25!C12+HISTOMAI25!C12+HISTOJUIN25!C12+HISTOJUIL25!C12+HISTOAOUT25!C12+HISTOSEPT25!C12+HISTOOCT25!C12+HISTONOV25!C12+HISTODEC25!C12 -> 5671000 | G12: =SUM(E12:F12) -> 0
A13: AS201651 | B13: =VLOOKUP(A13,[4]LISTADHERENT!A$5:H$50,3,0) -> DOMOU FABIEN | C13: =HISTOJANV25!C13+HISTOFEV25!C13+HISTOMARS25!C13+HISTOAVRIL25!C13+HISTOMAI25!C13+HISTOJUIN25!C13+HISTOJUIL25!C13+HISTOAOUT25!C13+HISTOSEPT25!C13+HISTOOCT25!C13+HISTONOV25!C13+HISTODEC25!C13 -> 294500 | G13: =SUM(E13:F13) -> 0
A14: AS201609 | B14: =VLOOKUP(A14,[4]LISTADHERENT!A$5:H$50,3,0) -> DONHOU DAVID | C14: =HISTOJANV25!C14+HISTOFEV25!C14+HISTOMARS25!C14+HISTOAVRIL25!C14+HISTOMAI25!C14+HISTOJUIN25!C14+HISTOJUIL25!C14+HISTOAOUT25!C14+HISTOSEPT25!C14+HISTOOCT25!C14+HISTONOV25!C14+HISTODEC25!C14 -> 100000 | G14: =SUM(E14:F14) -> 0
A15: AS201663 | B15: =VLOOKUP(A15,[4]LISTADHERENT!A$5:H$50,3,0) -> FAMPOU PAUL | C15: =HISTOJANV25!C15+HISTOFEV25!C15+HISTOMARS25!C15+HISTOAVRIL25!C15+HISTOMAI25!C15+HISTOJUIN25!C15+HISTOJUIL25!C15+HISTOAOUT25!C15+HISTOSEPT25!C15+HISTOOCT25!C15+HISTONOV25!C15+HISTODEC25!C15 -> 597500 | G15: =SUM(E15:F15) -> 0
A16: AS201611 | B16: =VLOOKUP(A16,[4]LISTADHERENT!A$5:H$50,3,0) -> HENGUE PAUL OMER | C16: =HISTOJANV25!C16+HISTOFEV25!C16+HISTOMARS25!C16+HISTOAVRIL25!C16+HISTOMAI25!C16+HISTOJUIN25!C16+HISTOJUIL25!C16+HISTOAOUT25!C16+HISTOSEPT25!C16+HISTOOCT25!C16+HISTONOV25!C16+HISTODEC25!C16 -> 1133000 | G16: =SUM(E16:F16) -> 0
A17: AS201613 | B17: =VLOOKUP(A17,[4]LISTADHERENT!A$5:H$50,3,0) -> HOTCHO BENJAMIN | C17: =HISTOJANV25!C17+HISTOFEV25!C17+HISTOMARS25!C17+HISTOAVRIL25!C17+HISTOMAI25!C17+HISTOJUIN25!C17+HISTOJUIL25!C17+HISTOAOUT25!C17+HISTOSEPT25!C17+HISTOOCT25!C17+HISTONOV25!C17+HISTODEC25!C17 -> 4355125 | G17: =SUM(E17:F17) -> 0
A18: AS201617 | B18: =VLOOKUP(A18,[4]LISTADHERENT!A$5:H$50,3,0) -> KOUAMOU MOISE | C18: =HISTOJANV25!C18+HISTOFEV25!C18+HISTOMARS25!C18+HISTOAVRIL25!C18+HISTOMAI25!C18+HISTOJUIN25!C18+HISTOJUIL25!C18+HISTOAOUT25!C18+HISTOSEPT25!C18+HISTOOCT25!C18+HISTONOV25!C18+HISTODEC25!C18 -> 2481000 | G18: =SUM(E18:F18) -> 0
A19: AS201619 | B19: =VLOOKUP(A19,[4]LISTADHERENT!A$5:H$50,3,0) -> KOUATCHO MESSACK | C19: =HISTOJANV25!C19+HISTOFEV25!C19+HISTOMARS25!C19+HISTOAVRIL25!C19+HISTOMAI25!C19+HISTOJUIN25!C19+HISTOJUIL25!C19+HISTOAOUT25!C19+HISTOSEPT25!C19+HISTOOCT25!C19+HISTONOV25!C19+HISTODEC25!C19 -> 3854000 | G19: =SUM(E19:F19) -> 0
A20: AS201620 | B20: =VLOOKUP(A20,[4]LISTADHERENT!A$5:H$50,3,0) -> LOWE JEAN | C20: =HISTOJANV25!C20+HISTOFEV25!C20+HISTOMARS25!C20+HISTOAVRIL25!C20+HISTOMAI25!C20+HISTOJUIN25!C20+HISTOJUIL25!C20+HISTOAOUT25!C20+HISTOSEPT25!C20+HISTOOCT25!C20+HISTONOV25!C20+HISTODEC25!C20 -> #N/A
A21: AS201661 | B21: =VLOOKUP(A21,[4]LISTADHERENT!A$5:H$50,3,0) -> MASSEUNGOUE DAGOBERT | C21: =HISTOJANV25!C21+HISTOFEV25!C21+HISTOMARS25!C21+HISTOAVRIL25!C21+HISTOMAI25!C21+HISTOJUIN25!C21+HISTOJUIL25!C21+HISTOAOUT25!C21+HISTOSEPT25!C21+HISTOOCT25!C21+HISTONOV25!C21+HISTODEC25!C21 -> 573500 | G21: =SUM(E21:F21) -> 0
A22: AS201649 | B22: =VLOOKUP(A22,[4]LISTADHERENT!A$5:H$50,3,0) -> MBOGNING TUGMA GUY | C22: =HISTOJANV25!C22+HISTOFEV25!C22+HISTOMARS25!C22+HISTOAVRIL25!C22+HISTOMAI25!C22+HISTOJUIN25!C22+HISTOJUIL25!C22+HISTOAOUT25!C22+HISTOSEPT25!C22+HISTOOCT25!C22+HISTONOV25!C22+HISTODEC25!C22 -> 5923000 | G22: =SUM(E22:F22) -> 0
A23: AS201639 | B23: =VLOOKUP(A23,[4]LISTADHERENT!A$5:H$50,3,0) -> NANGUEN MARTIN | C23: =HISTOJANV25!C23+HISTOFEV25!C23+HISTOMARS25!C23+HISTOAVRIL25!C23+HISTOMAI25!C23+HISTOJUIN25!C23+HISTOJUIL25!C23+HISTOAOUT25!C23+HISTOSEPT25!C23+HISTOOCT25!C23+HISTONOV25!C23+HISTODEC25!C23 -> 390000 | G23: =SUM(E23:F23) -> 0
A24: AS201621 | B24: =VLOOKUP(A24,[4]LISTADHERENT!A$5:H$50,3,0) -> NANKAM APPOLINAIRE | C24: =HISTOJANV25!C24+HISTOFEV25!C24+HISTOMARS25!C24+HISTOAVRIL25!C24+HISTOMAI25!C24+HISTOJUIN25!C24+HISTOJUIL25!C24+HISTOAOUT25!C24+HISTOSEPT25!C24+HISTOOCT25!C24+HISTONOV25!C24+HISTODEC25!C24 -> 1812500 | G24: =SUM(E24:F24) -> 0
A25: AS201622 | B25: =VLOOKUP(A25,[4]LISTADHERENT!A$5:H$50,3,0) -> NDJOMO ETIENNE | C25: =HISTOJANV25!C25+HISTOFEV25!C25+HISTOMARS25!C25+HISTOAVRIL25!C25+HISTOMAI25!C25+HISTOJUIN25!C25+HISTOJUIL25!C25+HISTOAOUT25!C25+HISTOSEPT25!C25+HISTOOCT25!C25+HISTONOV25!C25+HISTODEC25!C25 -> 4691000 | G25: =SUM(E25:F25) -> 0
A26: AS201624 | B26: =VLOOKUP(A26,[4]LISTADHERENT!A$5:H$50,3,0) -> NGONDIEP CLAUDE | C26: =HISTOJANV25!C26+HISTOFEV25!C26+HISTOMARS25!C26+HISTOAVRIL25!C26+HISTOMAI25!C26+HISTOJUIN25!C26+HISTOJUIL25!C26+HISTOAOUT25!C26+HISTOSEPT25!C26+HISTOOCT25!C26+HISTONOV25!C26+HISTODEC25!C26 -> 5146875 | G26: =SUM(E26:F26) -> 0
A27: AS201626 | B27: =VLOOKUP(A27,[4]LISTADHERENT!A$5:H$50,3,0) -> NGUIEMEGNI MATHIEU BLAISE | C27: =HISTOJANV25!C27+HISTOFEV25!C27+HISTOMARS25!C27+HISTOAVRIL25!C27+HISTOMAI25!C27+HISTOJUIN25!C27+HISTOJUIL25!C27+HISTOAOUT25!C27+HISTOSEPT25!C27+HISTOOCT25!C27+HISTONOV25!C27+HISTODEC25!C27 -> 4887500 | G27: =SUM(E27:F27) -> 0
A28: AS201628 | B28: =VLOOKUP(A28,[4]LISTADHERENT!A$5:H$50,3,0) -> NKAMGANG JUSTIN DEJOLIE | C28: =HISTOJANV25!C28+HISTOFEV25!C28+HISTOMARS25!C28+HISTOAVRIL25!C28+HISTOMAI25!C28+HISTOJUIN25!C28+HISTOJUIL25!C28+HISTOAOUT25!C28+HISTOSEPT25!C28+HISTOOCT25!C28+HISTONOV25!C28+HISTODEC25!C28 -> 2754500 | G28: =SUM(E28:F28) -> 0
A29: AS201656 | B29: =VLOOKUP(A29,[4]LISTADHERENT!A$5:H$50,3,0) -> NOUBE ETIENNE | C29: =HISTOJANV25!C29+HISTOFEV25!C29+HISTOMARS25!C29+HISTOAVRIL25!C29+HISTOMAI25!C29+HISTOJUIN25!C29+HISTOJUIL25!C29+HISTOAOUT25!C29+HISTOSEPT25!C29+HISTOOCT25!C29+HISTONOV25!C29+HISTODEC25!C29 -> 484000 | G29: =SUM(E29:F29) -> 0
A30: AS201633 | B30: =VLOOKUP(A30,[4]LISTADHERENT!A$5:H$50,3,0) -> PATEGO NJOSSU GUSTAVE | C30: =HISTOJANV25!C30+HISTOFEV25!C30+HISTOMARS25!C30+HISTOAVRIL25!C30+HISTOMAI25!C30+HISTOJUIN25!C30+HISTOJUIL25!C30+HISTOAOUT25!C30+HISTOSEPT25!C30+HISTOOCT25!C30+HISTONOV25!C30+HISTODEC25!C30 -> 1190000 | G30: =SUM(E30:F30) -> 0
A31: AS201657 | B31: =VLOOKUP(A31,[4]LISTADHERENT!A$5:H$50,3,0) -> SEUMO POLYCARPE | C31: =HISTOJANV25!C31+HISTOFEV25!C31+HISTOMARS25!C31+HISTOAVRIL25!C31+HISTOMAI25!C31+HISTOJUIN25!C31+HISTOJUIL25!C31+HISTOAOUT25!C31+HISTOSEPT25!C31+HISTOOCT25!C31+HISTONOV25!C31+HISTODEC25!C31 -> 1621000 | G31: =SUM(E31:F31) -> 0
A32: AS201653 | B32: =VLOOKUP(A32,[4]LISTADHERENT!A$5:H$50,3,0) -> SIME BRICE | C32: =HISTOJANV25!C32+HISTOFEV25!C32+HISTOMARS25!C32+HISTOAVRIL25!C32+HISTOMAI25!C32+HISTOJUIN25!C32+HISTOJUIL25!C32+HISTOAOUT25!C32+HISTOSEPT25!C32+HISTOOCT25!C32+HISTONOV25!C32+HISTODEC25!C32 -> 5104500 | G32: =SUM(E32:F32) -> 0
... A42: AS201647 | B42: =VLOOKUP(A42,[4]LISTADHERENT!A$5:H$50,3,0) -> YOUMBI EMMANUEL | C42: =HISTOJANV25!C42+HISTOFEV25!C42+HISTOMARS25!C42+HISTOAVRIL25!C42+HISTOMAI25!C42+HISTOJUIN25!C42+HISTOJUIL25!C42+HISTOAOUT25!C42+HISTOSEPT25!C42+HISTOOCT25!C42+HISTONOV25!C42+HISTODEC25!C42 -> 2480000 | G42: =SUM(E42:F42) -> 0
B43: SOLDE BANQUE
B44: TOTAUX | C44: =SUM(C6:C43) -> #N/A | E44: =SUM(E7:E43) -> 0 | G44: =SUM(G7:G43) -> 0
B46: DIFFERENCE A CHERCHER | C46: =C44-C5 -> #N/A
B48: COMPTE BANQUE
B50: LIBELLE
B51: REPORT
B52: TONTINE

Sheet HISTOJANV24
A1: ASSOCIATION | B1: ASELBY
A2: ANNEE | B2: 2024
A5: MATRICULE | B5: NOM ET PRENOM | G5: TOTAUX
C6: MONTANT CHEQUE | D6: NUM CHEQUE | E6: AGIOS | F6: Extrait de compte
B7: CHEQUE ETABLI | C7: 1860000
A8: AS201648 | B8: =VLOOKUP(A8,[7]LISTADHERENT!A$5:H$50,3,0) -> ASELBY | C8: =VLOOKUP(A8,[8]HISTOJANV24!$A$6:$BQ$40,56,0) -> 200000 | D8: =VLOOKUP(A8,[8]HISTOJANV24!$A$6:$BQ$40,57,0) -> OK | E8: =+[9]HISTOBQUEJANV24!$H$6 -> 1193 | G8: =SUM(E8:F8) -> 1193
A9: AS201601 | B9: =VLOOKUP(A9,[7]LISTADHERENT!A$5:H$50,3,0) -> BAKOP ACHILLE | C9: =VLOOKUP(A9,[8]HISTOJANV24!$A$6:$BQ$40,56,0) -> 0 | D9: =VLOOKUP(A9,[8]HISTOJANV24!$A$6:$BQ$40,57,0) -> 0 | G9: =SUM(E9:F9) -> 0
A10: AS201602 | B10: =VLOOKUP(A10,[7]LISTADHERENT!A$5:H$50,3,0) -> BOUTCHOUANG WILLIAM | C10: =VLOOKUP(A10,[8]HISTOJANV24!$A$6:$BQ$40,56,0) -> 0 | D10: =VLOOKUP(A10,[8]HISTOJANV24!$A$6:$BQ$40,57,0) -> 0 | G10: =SUM(E10:F10) -> 0
A11: AS201604 | B11: =VLOOKUP(A11,[7]LISTADHERENT!A$5:H$50,3,0) -> DJOMO JEAN PAUL | C11: =VLOOKUP(A11,[8]HISTOJANV24!$A$6:$BQ$40,56,0) -> 585000 | D11: =VLOOKUP(A11,[8]HISTOJANV24!$A$6:$BQ$40,57,0) -> OK | G11: =SUM(E11:F11) -> 0
A12: AS201654 | B12: =VLOOKUP(A12,[7]LISTADHERENT!A$5:H$50,3,0) -> DJOMOU TCHAPDA | C12: =VLOOKUP(A12,[8]HISTOJANV24!$A$6:$BQ$40,56,0) -> 100000 | D12: =VLOOKUP(A12,[8]HISTOJANV24!$A$6:$BQ$40,57,0) -> OK | G12: =SUM(E12:F12) -> 0
A13: AS201605 | B13: =VLOOKUP(A13,[7]LISTADHERENT!A$5:H$50,3,0) -> DJOUKWE NANGUEN GUY BLAISE | C13: =VLOOKUP(A13,[8]HISTOJANV24!$A$6:$BQ$40,56,0) -> 0 | D13: =VLOOKUP(A13,[8]HISTOJANV24!$A$6:$BQ$40,57,0) -> 0 | G13: =SUM(E13:F13) -> 0
A14: AS201608 | B14: =VLOOKUP(A14,[7]LISTADHERENT!A$5:H$50,3,0) -> DJUOMBESSY ANTOINE | C14: =VLOOKUP(A14,[8]HISTOJANV24!$A$6:$BQ$40,56,0) -> 840000 | D14: =VLOOKUP(A14,[8]HISTOJANV24!$A$6:$BQ$40,57,0) -> OK | G14: =SUM(E14:F14) -> 0
A15: AS201651 | B15: =VLOOKUP(A15,[7]LISTADHERENT!A$5:H$50,3,0) -> DOMOU FABIEN | C15: =VLOOKUP(A15,[8]HISTOJANV24!$A$6:$BQ$40,56,0) -> 0 | D15: =VLOOKUP(A15,[8]HISTOJANV24!$A$6:$BQ$40,57,0) -> 0 | G15: =SUM(E15:F15) -> 0
A16: AS201609 | B16: =VLOOKUP(A16,[7]LISTADHERENT!A$5:H$50,3,0) -> DONHOU DAVID | C16: =VLOOKUP(A16,[8]HISTOJANV24!$A$6:$BQ$40,56,0) -> 0 | D16: =VLOOKUP(A16,[8]HISTOJANV24!$A$6:$BQ$40,57,0) -> 0 | G16: =SUM(E16:F16) -> 0
A17: AS201611 | B17: =VLOOKUP(A17,[7]LISTADHERENT!A$5:H$50,3,0) -> HENGUE PAUL OMER | C17: =VLOOKUP(A17,[8]HISTOJANV24!$A$6:$BQ$40,56,0) -> 0 | D17: =VLOOKUP(A17,[8]HISTOJANV24!$A$6:$BQ$40,57,0) -> 0 | G17: =SUM(E17:F17) -> 0
A18: AS201613 | B18: =VLOOKUP(A18,[7]LISTADHERENT!A$5:H$50,3,0) -> HOTCHO BENJAMIN | C18: =VLOOKUP(A18,[8]HISTOJANV24!$A$6:$BQ$40,56,0) -> 288000 | D18: =VLOOKUP(A18,[8]HISTOJANV24!$A$6:$BQ$40,57,0) -> OK | G18: =SUM(E18:F18) -> 0
A19: AS201617 | B19: =VLOOKUP(A19,[7]LISTADHERENT!A$5:H$50,3,0) -> KOUAMOU MOISE | C19: =VLOOKUP(A19,[8]HISTOJANV24!$A$6:$BQ$40,56,0) -> 1050000 | D19: =VLOOKUP(A19,[8]HISTOJANV24!$A$6:$BQ$40,57,0) -> OK | G19: =SUM(E19:F19) -> 0
A20: AS201619 | B20: =VLOOKUP(A20,[7]LISTADHERENT!A$5:H$50,3,0) -> KOUATCHO MESSACK | C20: =VLOOKUP(A20,[8]HISTOJANV24!$A$6:$BQ$40,56,0) -> 287000 | D20: =VLOOKUP(A20,[8]HISTOJANV24!$A$6:$BQ$40,57,0) -> OK | G20: =SUM(E20:F20) -> 0
... A40: AS201647 | B40: =VLOOKUP(A40,[7]LISTADHERENT!A$5:H$50,3,0) -> YOUMBI EMMANUEL | C40: =VLOOKUP(A40,[8]HISTOJANV24!$A$6:$BQ$40,56,0) -> 0 | D40: =VLOOKUP(A40,[8]HISTOJANV24!$A$6:$BQ$40,57,0) -> 0 | G40: =SUM(E40:F40) -> 0
B42: TOTAUX | C42: =SUM(C8:C41) -> 7565000 | E42: =SUM(E9:E41) -> 0 | G42: =SUM(G9:G41) -> 0
B44: DIFFERENCE A CHERCHER | C44: =C42-C7 -> 5705000
B46: COMPTE BANQUE
B48: LIBELLE
B49: REPORT
B50: TONTINE

Sheet HISTOFEV24
A1: ASSOCIATION | B1: ASELBY
A2: ANNEE | B2: 2024
A5: MATRICULE | B5: NOM ET PRENOM | G5: TOTAUX
C6: MONTANT CHEQUE | D6: NUM CHEQUE | E6: AGIOS | F6: Extrait de compte
B7: CHEQUE ETABLI | C7: 4837300
A8: AS201648 | B8: =VLOOKUP(A8,[7]LISTADHERENT!A$5:H$50,3,0) -> ASELBY | C8: =VLOOKUP(A8,[8]HISTOFEV24!$A$6:$BQ$40,56,0) -> 127000 | D8: =VLOOKUP(A8,[8]HISTOFEV24!$A$6:$BQ$40,57,0) -> OK | E8: =+[9]HISTOBQUEFEV24!$H$6 -> 1193 | G8: =SUM(E8:F8) -> 1193
A9: AS201601 | B9: =VLOOKUP(A9,[7]LISTADHERENT!A$5:H$50,3,0) -> BAKOP ACHILLE | C9: =VLOOKUP(A9,[8]HISTOFEV24!$A$6:$BQ$40,56,0) -> 60000 | D9: =VLOOKUP(A9,[8]HISTOFEV24!$A$6:$BQ$40,57,0) -> OK | G9: =SUM(E9:F9) -> 0
A10: AS201602 | B10: =VLOOKUP(A10,[7]LISTADHERENT!A$5:H$50,3,0) -> BOUTCHOUANG WILLIAM | C10: =VLOOKUP(A10,[8]HISTOFEV24!$A$6:$BQ$40,56,0) -> 0 | D10: =VLOOKUP(A10,[8]HISTOFEV24!$A$6:$BQ$40,57,0) -> 0 | G10: =SUM(E10:F10) -> 0
A11: AS201604 | B11: =VLOOKUP(A11,[7]LISTADHERENT!A$5:H$50,3,0) -> DJOMO JEAN PAUL | C11: =VLOOKUP(A11,[8]HISTOFEV24!$A$6:$BQ$40,56,0) -> 0 | D11: =VLOOKUP(A11,[8]HISTOFEV24!$A$6:$BQ$40,57,0) -> 0 | G11: =SUM(E11:F11) -> 0
A12: AS201654 | B12: =VLOOKUP(A12,[7]LISTADHERENT!A$5:H$50,3,0) -> DJOMOU TCHAPDA | C12: =VLOOKUP(A12,[8]HISTOFEV24!$A$6:$BQ$40,56,0) -> 0 | D12: =VLOOKUP(A12,[8]HISTOFEV24!$A$6:$BQ$40,57,0) -> 0 | G12: =SUM(E12:F12) -> 0
A13: AS201605 | B13: =VLOOKUP(A13,[7]LISTADHERENT!A$5:H$50,3,0) -> DJOUKWE NANGUEN GUY BLAISE | C13: =VLOOKUP(A13,[8]HISTOFEV24!$A$6:$BQ$40,56,0) -> 878000 | D13: =VLOOKUP(A13,[8]HISTOFEV24!$A$6:$BQ$40,57,0) -> OK | G13: =SUM(E13:F13) -> 0
A14: AS201608 | B14: =VLOOKUP(A14,[7]LISTADHERENT!A$5:H$50,3,0) -> DJUOMBESSY ANTOINE | C14: =VLOOKUP(A14,[8]HISTOFEV24!$A$6:$BQ$40,56,0) -> 69300 | D14: =VLOOKUP(A14,[8]HISTOFEV24!$A$6:$BQ$40,57,0) -> OK | G14: =SUM(E14:F14) -> 0
A15: AS201651 | B15: =VLOOKUP(A15,[7]LISTADHERENT!A$5:H$50,3,0) -> DOMOU FABIEN | C15: =VLOOKUP(A15,[8]HISTOFEV24!$A$6:$BQ$40,56,0) -> 0 | D15: =VLOOKUP(A15,[8]HISTOFEV24!$A$6:$BQ$40,57,0) -> 0 | G15: =SUM(E15:F15) -> 0
A16: AS201609 | B16: =VLOOKUP(A16,[7]LISTADHERENT!A$5:H$50,3,0) -> DONHOU DAVID | C16: =VLOOKUP(A16,[8]HISTOFEV24!$A$6:$BQ$40,56,0) -> 0 | D16: =VLOOKUP(A16,[8]HISTOFEV24!$A$6:$BQ$40,57,0) -> 0 | G16: =SUM(E16:F16) -> 0
A17: AS201611 | B17: =VLOOKUP(A17,[7]LISTADHERENT!A$5:H$50,3,0) -> HENGUE PAUL OMER | C17: =VLOOKUP(A17,[8]HISTOFEV24!$A$6:$BQ$40,56,0) -> 0 | D17: =VLOOKUP(A17,[8]HISTOFEV24!$A$6:$BQ$40,57,0) -> 0 | G17: =SUM(E17:F17) -> 0
A18: AS201613 | B18: =VLOOKUP(A18,[7]LISTADHERENT!A$5:H$50,3,0) -> HOTCHO BENJAMIN | C18: =VLOOKUP(A18,[8]HISTOFEV24!$A$6:$BQ$40,56,0) -> 0 | D18: =VLOOKUP(A18,[8]HISTOFEV24!$A$6:$BQ$40,57,0) -> 0 | G18: =SUM(E18:F18) -> 0
A19: AS201617 | B19: =VLOOKUP(A19,[7]LISTADHERENT!A$5:H$50,3,0) -> KOUAMOU MOISE | C19: =VLOOKUP(A19,[8]HISTOFEV24!$A$6:$BQ$40,56,0) -> 283000 | D19: =VLOOKUP(A19,[8]HISTOFEV24!$A$6:$BQ$40,57,0) -> OK | G19: =SUM(E19:F19) -> 0
A20: AS201619 | B20: =VLOOKUP(A20,[7]LISTADHERENT!A$5:H$50,3,0) -> KOUATCHO MESSACK | C20: =VLOOKUP(A20,[8]HISTOFEV24!$A$6:$BQ$40,56,0) -> 1160000 | D20: =VLOOKUP(A20,[8]HISTOFEV24!$A$6:$BQ$40,57,0) -> OK | G20: =SUM(E20:F20) -> 0
... A40: AS201647 | B40: =VLOOKUP(A40,[7]LISTADHERENT!A$5:H$50,3,0) -> YOUMBI EMMANUEL | C40: =VLOOKUP(A40,[8]HISTOFEV24!$A$6:$BQ$40,56,0) -> 0 | D40: =VLOOKUP(A40,[8]HISTOFEV24!$A$6:$BQ$40,57,0) -> 0 | G40: =SUM(E40:F40) -> 0
B42: TOTAUX | C42: =SUM(C8:C41) -> 4837300 | E42: =SUM(E9:E41) -> 0 | G42: =SUM(G9:G41) -> 0
B44: DIFFERENCE A CHERCHER | C44: =C42-C7 -> 0
B46: COMPTE BANQUE
B48: LIBELLE
B49: REPORT
B50: TONTINE

Sheet HISTOMARS24
A1: ASSOCIATION | B1: ASELBY
A2: ANNEE | B2: 2024
A5: MATRICULE | B5: NOM ET PRENOM | G5: TOTAUX
C6: MONTANT CHEQUE | D6: NUM CHEQUE | E6: AGIOS | F6: Extrait de compte
B7: CHEQUE ETABLI | C7: 1370500
A8: AS201648 | B8: =VLOOKUP(A8,[7]LISTADHERENT!A$5:H$50,3,0) -> ASELBY | C8: =VLOOKUP(A8,[8]HISTOMARS24!$A$6:$BQ$40,56,0) -> 48000 | D8: =VLOOKUP(A8,[8]HISTOMARS24!$A$6:$BQ$40,57,0) -> OK | E8: =+[9]HISTOBQUEMARS24!$H$6 -> 1193 | G8: =SUM(E8:F8) -> 1193
A9: AS201601 | B9: =VLOOKUP(A9,[7]LISTADHERENT!A$5:H$50,3,0) -> BAKOP ACHILLE | C9: =VLOOKUP(A9,[8]HISTOMARS24!$A$6:$BQ$40,56,0) -> 290000 | D9: =VLOOKUP(A9,[8]HISTOMARS24!$A$6:$BQ$40,57,0) -> OK | G9: =SUM(E9:F9) -> 0
A10: AS201602 | B10: =VLOOKUP(A10,[7]LISTADHERENT!A$5:H$50,3,0) -> BOUTCHOUANG WILLIAM | C10: =VLOOKUP(A10,[8]HISTOMARS24!$A$6:$BQ$40,56,0) -> 0 | D10: =VLOOKUP(A10,[8]HISTOMARS24!$A$6:$BQ$40,57,0) -> 0 | G10: =SUM(E10:F10) -> 0
A11: AS201604 | B11: =VLOOKUP(A11,[7]LISTADHERENT!A$5:H$50,3,0) -> DJOMO JEAN PAUL | C11: =VLOOKUP(A11,[8]HISTOMARS24!$A$6:$BQ$40,56,0) -> 205500 | D11: =VLOOKUP(A11,[8]HISTOMARS24!$A$6:$BQ$40,57,0) -> OK | G11: =SUM(E11:F11) -> 0
A12: AS201654 | B12: =VLOOKUP(A12,[7]LISTADHERENT!A$5:H$50,3,0) -> DJOMOU TCHAPDA | C12: =VLOOKUP(A12,[8]HISTOMARS24!$A$6:$BQ$40,56,0) -> 872000 | D12: =VLOOKUP(A12,[8]HISTOMARS24!$A$6:$BQ$40,57,0) -> OK | G12: =SUM(E12:F12) -> 0
A13: AS201605 | B13: =VLOOKUP(A13,[7]LISTADHERENT!A$5:H$50,3,0) -> DJOUKWE NANGUEN GUY BLAISE | C13: =VLOOKUP(A13,[8]HISTOMARS24!$A$6:$BQ$40,56,0) -> 40000 | D13: =VLOOKUP(A13,[8]HISTOMARS24!$A$6:$BQ$40,57,0) -> OK | G13: =SUM(E13:F13) -> 0
A14: AS201608 | B14: =VLOOKUP(A14,[7]LISTADHERENT!A$5:H$50,3,0) -> DJUOMBESSY ANTOINE | C14: =VLOOKUP(A14,[8]HISTOMARS24!$A$6:$BQ$40,56,0) -> 0 | D14: =VLOOKUP(A14,[8]HISTOMARS24!$A$6:$BQ$40,57,0) -> 0 | G14: =SUM(E14:F14) -> 0
A15: AS201651 | B15: =VLOOKUP(A15,[7]LISTADHERENT!A$5:H$50,3,0) -> DOMOU FABIEN | C15: =VLOOKUP(A15,[8]HISTOMARS24!$A$6:$BQ$40,56,0) -> 0 | D15: =VLOOKUP(A15,[8]HISTOMARS24!$A$6:$BQ$40,57,0) -> 0 | G15: =SUM(E15:F15) -> 0
A16: AS201609 | B16: =VLOOKUP(A16,[7]LISTADHERENT!A$5:H$50,3,0) -> DONHOU DAVID | C16: =VLOOKUP(A16,[8]HISTOMARS24!$A$6:$BQ$40,56,0) -> 0 | D16: =VLOOKUP(A16,[8]HISTOMARS24!$A$6:$BQ$40,57,0) -> 0 | G16: =SUM(E16:F16) -> 0
A17: AS201611 | B17: =VLOOKUP(A17,[7]LISTADHERENT!A$5:H$50,3,0) -> HENGUE PAUL OMER | C17: =VLOOKUP(A17,[8]HISTOMARS24!$A$6:$BQ$40,56,0) -> 0 | D17: =VLOOKUP(A17,[8]HISTOMARS24!$A$6:$BQ$40,57,0) -> 0 | G17: =SUM(E17:F17) -> 0
A18: AS201613 | B18: =VLOOKUP(A18,[7]LISTADHERENT!A$5:H$50,3,0) -> HOTCHO BENJAMIN | C18: =VLOOKUP(A18,[8]HISTOMARS24!$A$6:$BQ$40,56,0) -> 0 | D18: =VLOOKUP(A18,[8]HISTOMARS24!$A$6:$BQ$40,57,0) -> 0 | G18: =SUM(E18:F18) -> 0
A19: AS201617 | B19: =VLOOKUP(A19,[7]LISTADHERENT!A$5:H$50,3,0) -> KOUAMOU MOISE | C19: =VLOOKUP(A19,[8]HISTOMARS24!$A$6:$BQ$40,56,0) -> 630000 | D19: =VLOOKUP(A19,[8]HISTOMARS24!$A$6:$BQ$40,57,0) -> OK | G19: =SUM(E19:F19) -> 0
A20: AS201619 | B20: =VLOOKUP(A20,[7]LISTADHERENT!A$5:H$50,3,0) -> KOUATCHO MESSACK | C20: =VLOOKUP(A20,[8]HISTOMARS24!$A$6:$BQ$40,56,0) -> 200000 | D20: =VLOOKUP(A20,[8]HISTOMARS24!$A$6:$BQ$40,57,0) -> OK | G20: =SUM(E20:F20) -> 0
... A40: AS201647 | B40: =VLOOKUP(A40,[7]LISTADHERENT!A$5:H$50,3,0) -> YOUMBI EMMANUEL | C40: =VLOOKUP(A40,[8]HISTOMARS24!$A$6:$BQ$40,56,0) -> 100000 | D40: =VLOOKUP(A40,[8]HISTOMARS24!$A$6:$BQ$40,57,0) -> OK | G40: =SUM(E40:F40) -> 0
B42: TOTAUX | C42: =SUM(C8:C41) -> 4200500 | E42: =SUM(E9:E41) -> 0 | G42: =SUM(G9:G41) -> 0
B44: DIFFERENCE A CHERCHER | C44: =C42-C7 -> 2830000
B46: COMPTE BANQUE
B48: LIBELLE
B49: REPORT
B50: TONTINE

Sheet HISTOAVRIL24
A1: ASSOCIATION | B1: ASELBY
A2: ANNEE | B2: 2024
A5: MATRICULE | B5: NOM ET PRENOM | G5: TOTAUX
C6: MONTANT CHEQUE | D6: NUM CHEQUE | E6: AGIOS | F6: Extrait de compte
B7: CHEQUE ETABLI | C7: 4899000
A8: AS201648 | B8: =VLOOKUP(A8,[7]LISTADHERENT!A$5:H$50,3,0) -> ASELBY | C8: =VLOOKUP(A8,[8]HISTOAVRIL24!$A$6:$BQ$40,56,0) -> 221000 | D8: =VLOOKUP(A8,[8]HISTOAVRIL24!$A$6:$BQ$40,57,0) -> OK | E8: =+[9]HISTOBQUEAVRIL24!$H$6 -> 2385 | G8: =SUM(E8:F8) -> 2385
A9: AS201601 | B9: =VLOOKUP(A9,[7]LISTADHERENT!A$5:H$50,3,0) -> BAKOP ACHILLE | C9: =VLOOKUP(A9,[8]HISTOAVRIL24!$A$6:$BQ$40,56,0) -> 0 | D9: =VLOOKUP(A9,[8]HISTOAVRIL24!$A$6:$BQ$40,57,0) -> 0 | G9: =SUM(E9:F9) -> 0
A10: AS201602 | B10: =VLOOKUP(A10,[7]LISTADHERENT!A$5:H$50,3,0) -> BOUTCHOUANG WILLIAM | C10: =VLOOKUP(A10,[8]HISTOAVRIL24!$A$6:$BQ$40,56,0) -> 0 | D10: =VLOOKUP(A10,[8]HISTOAVRIL24!$A$6:$BQ$40,57,0) -> 0 | G10: =SUM(E10:F10) -> 0
A11: AS201604 | B11: =VLOOKUP(A11,[7]LISTADHERENT!A$5:H$50,3,0) -> DJOMO JEAN PAUL | C11: =VLOOKUP(A11,[8]HISTOAVRIL24!$A$6:$BQ$40,56,0) -> 0 | D11: =VLOOKUP(A11,[8]HISTOAVRIL24!$A$6:$BQ$40,57,0) -> 0 | G11: =SUM(E11:F11) -> 0
A12: AS201654 | B12: =VLOOKUP(A12,[7]LISTADHERENT!A$5:H$50,3,0) -> DJOMOU TCHAPDA | C12: =VLOOKUP(A12,[8]HISTOAVRIL24!$A$6:$BQ$40,56,0) -> 1500 | D12: =VLOOKUP(A12,[8]HISTOAVRIL24!$A$6:$BQ$40,57,0) -> OK | G12: =SUM(E12:F12) -> 0
A13: AS201605 | B13: =VLOOKUP(A13,[7]LISTADHERENT!A$5:H$50,3,0) -> DJOUKWE NANGUEN GUY BLAISE | C13: =VLOOKUP(A13,[8]HISTOAVRIL24!$A$6:$BQ$40,56,0) -> 0 | D13: =VLOOKUP(A13,[8]HISTOAVRIL24!$A$6:$BQ$40,57,0) -> 0 | G13: =SUM(E13:F13) -> 0
A14: AS201608 | B14: =VLOOKUP(A14,[7]LISTADHERENT!A$5:H$50,3,0) -> DJUOMBESSY ANTOINE | C14: =VLOOKUP(A14,[8]HISTOAVRIL24!$A$6:$BQ$40,56,0) -> 0 | D14: =VLOOKUP(A14,[8]HISTOAVRIL24!$A$6:$BQ$40,57,0) -> 0 | G14: =SUM(E14:F14) -> 0
A15: AS201651 | B15: =VLOOKUP(A15,[7]LISTADHERENT!A$5:H$50,3,0) -> DOMOU FABIEN | C15: =VLOOKUP(A15,[8]HISTOAVRIL24!$A$6:$BQ$40,56,0) -> 0 | D15: =VLOOKUP(A15,[8]HISTOAVRIL24!$A$6:$BQ$40,57,0) -> 0 | G15: =SUM(E15:F15) -> 0
A16: AS201609 | B16: =VLOOKUP(A16,[7]LISTADHERENT!A$5:H$50,3,0) -> DONHOU DAVID | C16: =VLOOKUP(A16,[8]HISTOAVRIL24!$A$6:$BQ$40,56,0) -> 0 | D16: =VLOOKUP(A16,[8]HISTOAVRIL24!$A$6:$BQ$40,57,0) -> 0 | G16: =SUM(E16:F16) -> 0
A17: AS201611 | B17: =VLOOKUP(A17,[7]LISTADHERENT!A$5:H$50,3,0) -> HENGUE PAUL OMER | C17: =VLOOKUP(A17,[8]HISTOAVRIL24!$A$6:$BQ$40,56,0) -> 290000 | D17: =VLOOKUP(A17,[8]HISTOAVRIL24!$A$6:$BQ$40,57,0) -> OK | G17: =SUM(E17:F17) -> 0
A18: AS201613 | B18: =VLOOKUP(A18,[7]LISTADHERENT!A$5:H$50,3,0) -> HOTCHO BENJAMIN | C18: =VLOOKUP(A18,[8]HISTOAVRIL24!$A$6:$BQ$40,56,0) -> 1185000 | D18: =VLOOKUP(A18,[8]HISTOAVRIL24!$A$6:$BQ$40,57,0) -> OK | G18: =SUM(E18:F18) -> 0
A19: AS201617 | B19: =VLOOKUP(A19,[7]LISTADHERENT!A$5:H$50,3,0) -> KOUAMOU MOISE | C19: =VLOOKUP(A19,[8]HISTOAVRIL24!$A$6:$BQ$40,56,0) -> 0 | D19: =VLOOKUP(A19,[8]HISTOAVRIL24!$A$6:$BQ$40,57,0) -> 0 | G19: =SUM(E19:F19) -> 0
A20: AS201619 | B20: =VLOOKUP(A20,[7]LISTADHERENT!A$5:H$50,3,0) -> KOUATCHO MESSACK | C20: =VLOOKUP(A20,[8]HISTOAVRIL24!$A$6:$BQ$40,56,0) -> 200000 | D20: =VLOOKUP(A20,[8]HISTOAVRIL24!$A$6:$BQ$40,57,0) -> OK | G20: =SUM(E20:F20) -> 0
... A40: AS201647 | B40: =VLOOKUP(A40,[7]LISTADHERENT!A$5:H$50,3,0) -> YOUMBI EMMANUEL | C40: =VLOOKUP(A40,[8]HISTOAVRIL24!$A$6:$BQ$40,56,0) -> 0 | D40: =VLOOKUP(A40,[8]HISTOAVRIL24!$A$6:$BQ$40,57,0) -> 0 | G40: =SUM(E40:F40) -> 0
B42: TOTAUX | C42: =SUM(C8:C41) -> 4899000 | E42: =SUM(E9:E41) -> 0 | G42: =SUM(G9:G41) -> 0
B44: DIFFERENCE A CHERCHER | C44: =C42-C7 -> 0
B46: COMPTE BANQUE
B48: LIBELLE
B49: REPORT
B50: TONTINE

Sheet HISTOMAI24
A1: ASSOCIATION | B1: ASELBY
A2: ANNEE | B2: 2024
A5: MATRICULE | B5: NOM ET PRENOM | G5: TOTAUX
C6: MONTANT CHEQUE | D6: NUM CHEQUE | E6: AGIOS | F6: Extrait de compte
B7: CHEQUE ETABLI | C7: 3362000
A8: AS201648 | B8: =VLOOKUP(A8,[7]LISTADHERENT!A$5:H$50,3,0) -> ASELBY | C8: =VLOOKUP(A8,[8]HISTOMAI24!$A$6:$BQ$40,56,0) -> 100000 | D8: =VLOOKUP(A8,[8]HISTOMAI24!$A$6:$BQ$40,57,0) -> 0 | E8: =+[9]HISTOBQUEMAI24!$H$6 -> 2385 | G8: =SUM(E8:F8) -> 2385
A9: AS201601 | B9: =VLOOKUP(A9,[7]LISTADHERENT!A$5:H$50,3,0) -> BAKOP ACHILLE | C9: =VLOOKUP(A9,[8]HISTOMAI24!$A$6:$BQ$40,56,0) -> 0 | D9: =VLOOKUP(A9,[8]HISTOMAI24!$A$6:$BQ$40,57,0) -> 0 | G9: =SUM(E9:F9) -> 0
A10: AS201602 | B10: =VLOOKUP(A10,[7]LISTADHERENT!A$5:H$50,3,0) -> BOUTCHOUANG WILLIAM | C10: =VLOOKUP(A10,[8]HISTOMAI24!$A$6:$BQ$40,56,0) -> 0 | D10: =VLOOKUP(A10,[8]HISTOMAI24!$A$6:$BQ$40,57,0) -> 0 | G10: =SUM(E10:F10) -> 0
A11: AS201604 | B11: =VLOOKUP(A11,[7]LISTADHERENT!A$5:H$50,3,0) -> DJOMO JEAN PAUL | C11: =VLOOKUP(A11,[8]HISTOMAI24!$A$6:$BQ$40,56,0) -> 0 | D11: =VLOOKUP(A11,[8]HISTOMAI24!$A$6:$BQ$40,57,0) -> 0 | G11: =SUM(E11:F11) -> 0
A12: AS201654 | B12: =VLOOKUP(A12,[7]LISTADHERENT!A$5:H$50,3,0) -> DJOMOU TCHAPDA | C12: =VLOOKUP(A12,[8]HISTOMAI24!$A$6:$BQ$40,56,0) -> 0 | D12: =VLOOKUP(A12,[8]HISTOMAI24!$A$6:$BQ$40,57,0) -> 0 | G12: =SUM(E12:F12) -> 0
A13: AS201605 | B13: =VLOOKUP(A13,[7]LISTADHERENT!A$5:H$50,3,0) -> DJOUKWE NANGUEN GUY BLAISE | C13: =VLOOKUP(A13,[8]HISTOMAI24!$A$6:$BQ$40,56,0) -> 0 | D13: =VLOOKUP(A13,[8]HISTOMAI24!$A$6:$BQ$40,57,0) -> 0 | G13: =SUM(E13:F13) -> 0
A14: AS201608 | B14: =VLOOKUP(A14,[7]LISTADHERENT!A$5:H$50,3,0) -> DJUOMBESSY ANTOINE | C14: =VLOOKUP(A14,[8]HISTOMAI24!$A$6:$BQ$40,56,0) -> 1190000 | D14: =VLOOKUP(A14,[8]HISTOMAI24!$A$6:$BQ$40,57,0) -> OK | G14: =SUM(E14:F14) -> 0
A15: AS201651 | B15: =VLOOKUP(A15,[7]LISTADHERENT!A$5:H$50,3,0) -> DOMOU FABIEN | C15: =VLOOKUP(A15,[8]HISTOMAI24!$A$6:$BQ$40,56,0) -> 0 | D15: =VLOOKUP(A15,[8]HISTOMAI24!$A$6:$BQ$40,57,0) -> 0 | G15: =SUM(E15:F15) -> 0
A16: AS201609 | B16: =VLOOKUP(A16,[7]LISTADHERENT!A$5:H$50,3,0) -> DONHOU DAVID | C16: =VLOOKUP(A16,[8]HISTOMAI24!$A$6:$BQ$40,56,0) -> 0 | D16: =VLOOKUP(A16,[8]HISTOMAI24!$A$6:$BQ$40,57,0) -> 0 | G16: =SUM(E16:F16) -> 0
A17: AS201611 | B17: =VLOOKUP(A17,[7]LISTADHERENT!A$5:H$50,3,0) -> HENGUE PAUL OMER | C17: =VLOOKUP(A17,[8]HISTOMAI24!$A$6:$BQ$40,56,0) -> 930000 | D17: =VLOOKUP(A17,[8]HISTOMAI24!$A$6:$BQ$40,57,0) -> OK | G17: =SUM(E17:F17) -> 0
A18: AS201613 | B18: =VLOOKUP(A18,[7]LISTADHERENT!A$5:H$50,3,0) -> HOTCHO BENJAMIN | C18: =VLOOKUP(A18,[8]HISTOMAI24!$A$6:$BQ$40,56,0) -> 0 | D18: =VLOOKUP(A18,[8]HISTOMAI24!$A$6:$BQ$40,57,0) -> 0 | G18: =SUM(E18:F18) -> 0
A19: AS201617 | B19: =VLOOKUP(A19,[7]LISTADHERENT!A$5:H$50,3,0) -> KOUAMOU MOISE | C19: =VLOOKUP(A19,[8]HISTOMAI24!$A$6:$BQ$40,56,0) -> 0 | D19: =VLOOKUP(A19,[8]HISTOMAI24!$A$6:$BQ$40,57,0) -> 0 | G19: =SUM(E19:F19) -> 0
A20: AS201619 | B20: =VLOOKUP(A20,[7]LISTADHERENT!A$5:H$50,3,0) -> KOUATCHO MESSACK | C20: =VLOOKUP(A20,[8]HISTOMAI24!$A$6:$BQ$40,56,0) -> 0 | D20: =VLOOKUP(A20,[8]HISTOMAI24!$A$6:$BQ$40,57,0) -> 0 | G20: =SUM(E20:F20) -> 0
... A40: AS201647 | B40: =VLOOKUP(A40,[7]LISTADHERENT!A$5:H$50,3,0) -> YOUMBI EMMANUEL | C40: =VLOOKUP(A40,[8]HISTOMAI24!$A$6:$BQ$40,56,0) -> 0 | D40: =VLOOKUP(A40,[8]HISTOMAI24!$A$6:$BQ$40,57,0) -> 0 | G40: =SUM(E40:F40) -> 0
B42: TOTAUX | C42: =SUM(C8:C41) -> 3362000 | E42: =SUM(E9:E41) -> 0 | G42: =SUM(G9:G41) -> 0
B44: DIFFERENCE A CHERCHER | C44: =C42-C7 -> 0
B46: COMPTE BANQUE
B48: LIBELLE
B49: REPORT
B50: TONTINE

Sheet HISTOJUIN24
A1: ASSOCIATION | B1: ASELBY
A2: ANNEE | B2: 2024
A5: MATRICULE | B5: NOM ET PRENOM | G5: TOTAUX
C6: MONTANT CHEQUE | D6: NUM CHEQUE | E6: AGIOS | F6: Extrait de compte
B7: CHEQUE ETABLI | C7: 7633000
A8: AS201648 | B8: =VLOOKUP(A8,[7]LISTADHERENT!A$5:H$50,3,0) -> ASELBY | C8: =VLOOKUP(A8,[8]HISTOJUIN24!$A$6:$BQ$40,56,0) -> 6000 | D8: =VLOOKUP(A8,[8]HISTOJUIN24!$A$6:$BQ$40,57,0) -> OK | E8: =+[9]HISTOBQUEJUIN24!$H$6 -> 0 | G8: =SUM(E8:F8) -> 0
A9: AS201601 | B9: =VLOOKUP(A9,[7]LISTADHERENT!A$5:H$50,3,0) -> BAKOP ACHILLE | C9: =VLOOKUP(A9,[8]HISTOJUIN24!$A$6:$BQ$40,56,0) -> 0 | D9: =VLOOKUP(A9,[8]HISTOJUIN24!$A$6:$BQ$40,57,0) -> 0 | G9: =SUM(E9:F9) -> 0
A10: AS201602 | B10: =VLOOKUP(A10,[7]LISTADHERENT!A$5:H$50,3,0) -> BOUTCHOUANG WILLIAM | C10: =VLOOKUP(A10,[8]HISTOJUIN24!$A$6:$BQ$40,56,0) -> 0 | D10: =VLOOKUP(A10,[8]HISTOJUIN24!$A$6:$BQ$40,57,0) -> 0 | G10: =SUM(E10:F10) -> 0
A11: AS201604 | B11: =VLOOKUP(A11,[7]LISTADHERENT!A$5:H$50,3,0) -> DJOMO JEAN PAUL | C11: =VLOOKUP(A11,[8]HISTOJUIN24!$A$6:$BQ$40,56,0) -> 0 | D11: =VLOOKUP(A11,[8]HISTOJUIN24!$A$6:$BQ$40,57,0) -> 0 | G11: =SUM(E11:F11) -> 0
A12: AS201654 | B12: =VLOOKUP(A12,[7]LISTADHERENT!A$5:H$50,3,0) -> DJOMOU TCHAPDA | C12: =VLOOKUP(A12,[8]HISTOJUIN24!$A$6:$BQ$40,56,0) -> 0 | D12: =VLOOKUP(A12,[8]HISTOJUIN24!$A$6:$BQ$40,57,0) -> 0 | G12: =SUM(E12:F12) -> 0
A13: AS201605 | B13: =VLOOKUP(A13,[7]LISTADHERENT!A$5:H$50,3,0) -> DJOUKWE NANGUEN GUY BLAISE | C13: =VLOOKUP(A13,[8]HISTOJUIN24!$A$6:$BQ$40,56,0) -> 0 | D13: =VLOOKUP(A13,[8]HISTOJUIN24!$A$6:$BQ$40,57,0) -> 0 | G13: =SUM(E13:F13) -> 0
A14: AS201608 | B14: =VLOOKUP(A14,[7]LISTADHERENT!A$5:H$50,3,0) -> DJUOMBESSY ANTOINE | C14: =VLOOKUP(A14,[8]HISTOJUIN24!$A$6:$BQ$40,56,0) -> 0 | D14: =VLOOKUP(A14,[8]HISTOJUIN24!$A$6:$BQ$40,57,0) -> 0 | G14: =SUM(E14:F14) -> 0
A15: AS201651 | B15: =VLOOKUP(A15,[7]LISTADHERENT!A$5:H$50,3,0) -> DOMOU FABIEN | C15: =VLOOKUP(A15,[8]HISTOJUIN24!$A$6:$BQ$40,56,0) -> 0 | D15: =VLOOKUP(A15,[8]HISTOJUIN24!$A$6:$BQ$40,57,0) -> 0 | G15: =SUM(E15:F15) -> 0
A16: AS201609 | B16: =VLOOKUP(A16,[7]LISTADHERENT!A$5:H$50,3,0) -> DONHOU DAVID | C16: =VLOOKUP(A16,[8]HISTOJUIN24!$A$6:$BQ$40,56,0) -> 0 | D16: =VLOOKUP(A16,[8]HISTOJUIN24!$A$6:$BQ$40,57,0) -> 0 | G16: =SUM(E16:F16) -> 0
A17: AS201611 | B17: =VLOOKUP(A17,[7]LISTADHERENT!A$5:H$50,3,0) -> HENGUE PAUL OMER | C17: =VLOOKUP(A17,[8]HISTOJUIN24!$A$6:$BQ$40,56,0) -> 892500 | D17: =VLOOKUP(A17,[8]HISTOJUIN24!$A$6:$BQ$40,57,0) -> OK | G17: =SUM(E17:F17) -> 0
A18: AS201613 | B18: =VLOOKUP(A18,[7]LISTADHERENT!A$5:H$50,3,0) -> HOTCHO BENJAMIN | C18: =VLOOKUP(A18,[8]HISTOJUIN24!$A$6:$BQ$40,56,0) -> 892500 | D18: =VLOOKUP(A18,[8]HISTOJUIN24!$A$6:$BQ$40,57,0) -> OK | G18: =SUM(E18:F18) -> 0
A19: AS201617 | B19: =VLOOKUP(A19,[7]LISTADHERENT!A$5:H$50,3,0) -> KOUAMOU MOISE | C19: =VLOOKUP(A19,[8]HISTOJUIN24!$A$6:$BQ$40,56,0) -> 100000 | D19: =VLOOKUP(A19,[8]HISTOJUIN24!$A$6:$BQ$40,57,0) -> OK | G19: =SUM(E19:F19) -> 0
A20: AS201619 | B20: =VLOOKUP(A20,[7]LISTADHERENT!A$5:H$50,3,0) -> KOUATCHO MESSACK | C20: =VLOOKUP(A20,[8]HISTOJUIN24!$A$6:$BQ$40,56,0) -> 0 | D20: =VLOOKUP(A20,[8]HISTOJUIN24!$A$6:$BQ$40,57,0) -> 0 | G20: =SUM(E20:F20) -> 0
... A40: AS201647 | B40: =VLOOKUP(A40,[7]LISTADHERENT!A$5:H$50,3,0) -> YOUMBI EMMANUEL | C40: =VLOOKUP(A40,[8]HISTOJUIN24!$A$6:$BQ$40,56,0) -> 0 | D40: =VLOOKUP(A40,[8]HISTOJUIN24!$A$6:$BQ$40,57,0) -> 0 | G40: =SUM(E40:F40) -> 0
B41: SOLDE AFRIQUE BANQUE | F41: 11286279
B42: TOTAUX | C42: =SUM(C8:C41) -> 5633000 | E42: =SUM(E9:E41) -> 0 | G42: =SUM(G9:G41) -> 0
B44: DIFFERENCE A CHERCHER | C44: =C42-C7 -> -2000000
B46: COMPTE BANQUE
B48: LIBELLE
B49: REPORT
B50: TONTINE

Sheet HISTOJUIL24
A1: ASSOCIATION | B1: ASELBY
A2: ANNEE | B2: 2024
A5: MATRICULE | B5: NOM ET PRENOM | G5: TOTAUX
C6: MONTANT CHEQUE | D6: NUM CHEQUE | E6: AGIOS | F6: INT CREDITEUR
B7: CHEQUE ETABLI | C7: 5208500
A8: AS201648 | B8: =VLOOKUP(A8,[7]LISTADHERENT!A$5:H$50,3,0) -> ASELBY | C8: =VLOOKUP(A8,[8]HISTOJUIL24!$A$6:$BQ$40,56,0) -> 56000 | D8: =VLOOKUP(A8,[8]HISTOJUIL24!$A$6:$BQ$40,57,0) -> OK | E8: =+[9]HISTOBQUEJUIL24!$H$6 -> 4770 | F8: 34360 | G8: =SUM(E8:F8) -> 39130
A9: AS201601 | B9: =VLOOKUP(A9,[7]LISTADHERENT!A$5:H$50,3,0) -> BAKOP ACHILLE | C9: =VLOOKUP(A9,[8]HISTOJUIL24!$A$6:$BQ$40,56,0) -> 0 | D9: =VLOOKUP(A9,[8]HISTOJUIL24!$A$6:$BQ$40,57,0) -> 0 | G9: =SUM(E9:F9) -> 0
A10: AS201602 | B10: =VLOOKUP(A10,[7]LISTADHERENT!A$5:H$50,3,0) -> BOUTCHOUANG WILLIAM | C10: =VLOOKUP(A10,[8]HISTOJUIL24!$A$6:$BQ$40,56,0) -> 0 | D10: =VLOOKUP(A10,[8]HISTOJUIL24!$A$6:$BQ$40,57,0) -> 0 | G10: =SUM(E10:F10) -> 0
A11: AS201604 | B11: =VLOOKUP(A11,[7]LISTADHERENT!A$5:H$50,3,0) -> DJOMO JEAN PAUL | C11: =VLOOKUP(A11,[8]HISTOJUIL24!$A$6:$BQ$40,56,0) -> 0 | D11: =VLOOKUP(A11,[8]HISTOJUIL24!$A$6:$BQ$40,57,0) -> 0 | G11: =SUM(E11:F11) -> 0
A12: AS201654 | B12: =VLOOKUP(A12,[7]LISTADHERENT!A$5:H$50,3,0) -> DJOMOU TCHAPDA | C12: =VLOOKUP(A12,[8]HISTOJUIL24!$A$6:$BQ$40,56,0) -> 0 | D12: =VLOOKUP(A12,[8]HISTOJUIL24!$A$6:$BQ$40,57,0) -> 0 | G12: =SUM(E12:F12) -> 0
A13: AS201605 | B13: =VLOOKUP(A13,[7]LISTADHERENT!A$5:H$50,3,0) -> DJOUKWE NANGUEN GUY BLAISE | C13: =VLOOKUP(A13,[8]HISTOJUIL24!$A$6:$BQ$40,56,0) -> 109000 | D13: =VLOOKUP(A13,[8]HISTOJUIL24!$A$6:$BQ$40,57,0) -> OK | G13: =SUM(E13:F13) -> 0
A14: AS201608 | B14: =VLOOKUP(A14,[7]LISTADHERENT!A$5:H$50,3,0) -> DJUOMBESSY ANTOINE | C14: =VLOOKUP(A14,[8]HISTOJUIL24!$A$6:$BQ$40,56,0) -> 1587000 | D14: =VLOOKUP(A14,[8]HISTOJUIL24!$A$6:$BQ$40,57,0) -> OK | G14: =SUM(E14:F14) -> 0
A15: AS201651 | B15: =VLOOKUP(A15,[7]LISTADHERENT!A$5:H$50,3,0) -> DOMOU FABIEN | C15: =VLOOKUP(A15,[8]HISTOJUIL24!$A$6:$BQ$40,56,0) -> 197500 | D15: =VLOOKUP(A15,[8]HISTOJUIL24!$A$6:$BQ$40,57,0) -> OK | G15: =SUM(E15:F15) -> 0
A16: AS201609 | B16: =VLOOKUP(A16,[7]LISTADHERENT!A$5:H$50,3,0) -> DONHOU DAVID | C16: =VLOOKUP(A16,[8]HISTOJUIL24!$A$6:$BQ$40,56,0) -> 0 | D16: =VLOOKUP(A16,[8]HISTOJUIL24!$A$6:$BQ$40,57,0) -> 0 | G16: =SUM(E16:F16) -> 0
A17: AS201611 | B17: =VLOOKUP(A17,[7]LISTADHERENT!A$5:H$50,3,0) -> HENGUE PAUL OMER | C17: =VLOOKUP(A17,[8]HISTOJUIL24!$A$6:$BQ$40,56,0) -> 0 | D17: =VLOOKUP(A17,[8]HISTOJUIL24!$A$6:$BQ$40,57,0) -> 0 | G17: =SUM(E17:F17) -> 0
A18: AS201613 | B18: =VLOOKUP(A18,[7]LISTADHERENT!A$5:H$50,3,0) -> HOTCHO BENJAMIN | C18: =VLOOKUP(A18,[8]HISTOJUIL24!$A$6:$BQ$40,56,0) -> 100000 | D18: =VLOOKUP(A18,[8]HISTOJUIL24!$A$6:$BQ$40,57,0) -> OK | G18: =SUM(E18:F18) -> 0
A19: AS201617 | B19: =VLOOKUP(A19,[7]LISTADHERENT!A$5:H$50,3,0) -> KOUAMOU MOISE | C19: =VLOOKUP(A19,[8]HISTOJUIL24!$A$6:$BQ$40,56,0) -> 0 | D19: =VLOOKUP(A19,[8]HISTOJUIL24!$A$6:$BQ$40,57,0) -> 0 | G19: =SUM(E19:F19) -> 0
A20: AS201619 | B20: =VLOOKUP(A20,[7]LISTADHERENT!A$5:H$50,3,0) -> KOUATCHO MESSACK | C20: =VLOOKUP(A20,[8]HISTOJUIL24!$A$6:$BQ$40,56,0) -> 200000 | D20: =VLOOKUP(A20,[8]HISTOJUIL24!$A$6:$BQ$40,57,0) -> OK | G20: =SUM(E20:F20) -> 0
... A40: AS201647 | B40: =VLOOKUP(A40,[7]LISTADHERENT!A$5:H$50,3,0) -> YOUMBI EMMANUEL | C40: =VLOOKUP(A40,[8]HISTOJUIL24!$A$6:$BQ$40,56,0) -> 0 | D40: =VLOOKUP(A40,[8]HISTOJUIL24!$A$6:$BQ$40,57,0) -> 0 | G40: =SUM(E40:F40) -> 0
B41: SOLDE AFRIQUE BANQUE | F41: 10357869
B42: TOTAUX | C42: =SUM(C8:C41) -> 5206000 | E42: =SUM(E9:E41) -> 0 | G42: =SUM(G9:G41) -> 0
B44: DIFFERENCE A CHERCHER | C44: =C42-C7 -> -2500
B46: COMPTE BANQUE
B48: LIBELLE
B49: REPORT
B50: TONTINE

Sheet HISTOAOUT24
A1: ASSOCIATION | B1: ASELBY
A2: ANNEE | B2: 2024
A5: MATRICULE | B5: NOM ET PRENOM | G5: TOTAUX
C6: MONTANT CHEQUE | D6: NUM CHEQUE | E6: AGIOS | F6: Extrait de compte
B7: CHEQUE ETABLI | C7: 3692500
A8: AS201648 | B8: =VLOOKUP(A8,[7]LISTADHERENT!A$5:H$50,3,0) -> ASELBY | C8: =VLOOKUP(A8,[8]HISTOAOUT24!$A$6:$BQ$40,56,0) -> 6000 | D8: =VLOOKUP(A8,[8]HISTOAOUT24!$A$6:$BQ$40,57,0) -> 0 | E8: =+[9]HISTOBQUEAOUT24!$H$6 -> 2385 | G8: =SUM(E8:F8) -> 2385
A9: AS201601 | B9: =VLOOKUP(A9,[7]LISTADHERENT!A$5:H$50,3,0) -> BAKOP ACHILLE | C9: =VLOOKUP(A9,[8]HISTOAOUT24!$A$6:$BQ$40,56,0) -> 47000 | D9: =VLOOKUP(A9,[8]HISTOAOUT24!$A$6:$BQ$40,57,0) -> OK | G9: =SUM(E9:F9) -> 0
A10: AS201602 | B10: =VLOOKUP(A10,[7]LISTADHERENT!A$5:H$50,3,0) -> BOUTCHOUANG WILLIAM | C10: =VLOOKUP(A10,[8]HISTOAOUT24!$A$6:$BQ$40,56,0) -> -12250 | D10: =VLOOKUP(A10,[8]HISTOAOUT24!$A$6:$BQ$40,57,0) -> 0 | G10: =SUM(E10:F10) -> 0
A11: AS201604 | B11: =VLOOKUP(A11,[7]LISTADHERENT!A$5:H$50,3,0) -> DJOMO JEAN PAUL | C11: =VLOOKUP(A11,[8]HISTOAOUT24!$A$6:$BQ$40,56,0) -> 100000 | D11: =VLOOKUP(A11,[8]HISTOAOUT24!$A$6:$BQ$40,57,0) -> OK | G11: =SUM(E11:F11) -> 0
A12: AS201654 | B12: =VLOOKUP(A12,[7]LISTADHERENT!A$5:H$50,3,0) -> DJOMOU TCHAPDA | C12: =VLOOKUP(A12,[8]HISTOAOUT24!$A$6:$BQ$40,56,0) -> 417500 | D12: =VLOOKUP(A12,[8]HISTOAOUT24!$A$6:$BQ$40,57,0) -> OK | G12: =SUM(E12:F12) -> 0
A13: AS201605 | B13: =VLOOKUP(A13,[7]LISTADHERENT!A$5:H$50,3,0) -> DJOUKWE NANGUEN GUY BLAISE | C13: =VLOOKUP(A13,[8]HISTOAOUT24!$A$6:$BQ$40,56,0) -> 0 | D13: =VLOOKUP(A13,[8]HISTOAOUT24!$A$6:$BQ$40,57,0) -> 0 | G13: =SUM(E13:F13) -> 0
A14: AS201608 | B14: =VLOOKUP(A14,[7]LISTADHERENT!A$5:H$50,3,0) -> DJUOMBESSY ANTOINE | C14: =VLOOKUP(A14,[8]HISTOAOUT24!$A$6:$BQ$40,56,0) -> 200000 | D14: =VLOOKUP(A14,[8]HISTOAOUT24!$A$6:$BQ$40,57,0) -> OK | G14: =SUM(E14:F14) -> 0
A15: AS201651 | B15: =VLOOKUP(A15,[7]LISTADHERENT!A$5:H$50,3,0) -> DOMOU FABIEN | C15: =VLOOKUP(A15,[8]HISTOAOUT24!$A$6:$BQ$40,56,0) -> 0 | D15: =VLOOKUP(A15,[8]HISTOAOUT24!$A$6:$BQ$40,57,0) -> 0 | G15: =SUM(E15:F15) -> 0
A16: AS201609 | B16: =VLOOKUP(A16,[7]LISTADHERENT!A$5:H$50,3,0) -> DONHOU DAVID | C16: =VLOOKUP(A16,[8]HISTOAOUT24!$A$6:$BQ$40,56,0) -> 0 | D16: =VLOOKUP(A16,[8]HISTOAOUT24!$A$6:$BQ$40,57,0) -> 0 | G16: =SUM(E16:F16) -> 0
A17: AS201611 | B17: =VLOOKUP(A17,[7]LISTADHERENT!A$5:H$50,3,0) -> HENGUE PAUL OMER | C17: =VLOOKUP(A17,[8]HISTOAOUT24!$A$6:$BQ$40,56,0) -> 0 | D17: =VLOOKUP(A17,[8]HISTOAOUT24!$A$6:$BQ$40,57,0) -> 0 | G17: =SUM(E17:F17) -> 0
A18: AS201613 | B18: =VLOOKUP(A18,[7]LISTADHERENT!A$5:H$50,3,0) -> HOTCHO BENJAMIN | C18: =VLOOKUP(A18,[8]HISTOAOUT24!$A$6:$BQ$40,56,0) -> 200000 | D18: =VLOOKUP(A18,[8]HISTOAOUT24!$A$6:$BQ$40,57,0) -> OK | G18: =SUM(E18:F18) -> 0
A19: AS201617 | B19: =VLOOKUP(A19,[7]LISTADHERENT!A$5:H$50,3,0) -> KOUAMOU MOISE | C19: =VLOOKUP(A19,[8]HISTOAOUT24!$A$6:$BQ$40,56,0) -> 230000 | D19: =VLOOKUP(A19,[8]HISTOAOUT24!$A$6:$BQ$40,57,0) -> OK | G19: =SUM(E19:F19) -> 0
A20: AS201619 | B20: =VLOOKUP(A20,[7]LISTADHERENT!A$5:H$50,3,0) -> KOUATCHO MESSACK | C20: =VLOOKUP(A20,[8]HISTOAOUT24!$A$6:$BQ$40,56,0) -> 200000 | D20: =VLOOKUP(A20,[8]HISTOAOUT24!$A$6:$BQ$40,57,0) -> OK | G20: =SUM(E20:F20) -> 0
... A40: AS201647 | B40: =VLOOKUP(A40,[7]LISTADHERENT!A$5:H$50,3,0) -> YOUMBI EMMANUEL | C40: =VLOOKUP(A40,[8]HISTOAOUT24!$A$6:$BQ$40,56,0) -> 0 | D40: =VLOOKUP(A40,[8]HISTOAOUT24!$A$6:$BQ$40,57,0) -> 0 | G40: =SUM(E40:F40) -> 0
B41: SOLDE AFRIQUE BANQUE | F41: 11074984
B42: TOTAUX | C42: =SUM(C8:C41) -> 3680250 | E42: =SUM(E9:E41) -> 0 | G42: =SUM(G9:G41) -> 0
B44: DIFFERENCE A CHERCHER | C44: =C42-C7 -> -12250
B46: COMPTE BANQUE
B48: LIBELLE
B49: REPORT
B50: TONTINE

Sheet HISTOSEPT24
A1: ASSOCIATION | B1: ASELBY
A2: ANNEE | B2: 2024
A5: MATRICULE | B5: NOM ET PRENOM | G5: TOTAUX
C6: MONTANT CHEQUE | D6: NUM CHEQUE | E6: AGIOS | F6: Extrait de compte
B7: CHEQUE ETABLI | C7: 7270000
A8: AS201648 | B8: =VLOOKUP(A8,[7]LISTADHERENT!A$5:H$50,3,0) -> ASELBY | C8: =VLOOKUP(A8,[8]HISTOSEPT24!$A$6:$BQ$40,56,0) -> 6000 | D8: =VLOOKUP(A8,[8]HISTOSEPT24!$A$6:$BQ$40,57,0) -> OK | E8: =+[9]HISTOBQUESEPT24!$H$6 -> 2385 | G8: =SUM(E8:F8) -> 2385
A9: AS201601 | B9: =VLOOKUP(A9,[7]LISTADHERENT!A$5:H$50,3,0) -> BAKOP ACHILLE | C9: =VLOOKUP(A9,[8]HISTOSEPT24!$A$6:$BQ$40,56,0) -> 0 | D9: =VLOOKUP(A9,[8]HISTOSEPT24!$A$6:$BQ$40,57,0) -> 0 | G9: =SUM(E9:F9) -> 0
A10: AS201602 | B10: =VLOOKUP(A10,[7]LISTADHERENT!A$5:H$50,3,0) -> BOUTCHOUANG WILLIAM | C10: =VLOOKUP(A10,[8]HISTOSEPT24!$A$6:$BQ$40,56,0) -> 892500 | D10: =VLOOKUP(A10,[8]HISTOSEPT24!$A$6:$BQ$40,57,0) -> 0 | G10: =SUM(E10:F10) -> 0
A11: AS201604 | B11: =VLOOKUP(A11,[7]LISTADHERENT!A$5:H$50,3,0) -> DJOMO JEAN PAUL | C11: =VLOOKUP(A11,[8]HISTOSEPT24!$A$6:$BQ$40,56,0) -> 200000 | D11: =VLOOKUP(A11,[8]HISTOSEPT24!$A$6:$BQ$40,57,0) -> OK | G11: =SUM(E11:F11) -> 0
A12: AS201654 | B12: =VLOOKUP(A12,[7]LISTADHERENT!A$5:H$50,3,0) -> DJOMOU TCHAPDA | C12: =VLOOKUP(A12,[8]HISTOSEPT24!$A$6:$BQ$40,56,0) -> 0 | D12: =VLOOKUP(A12,[8]HISTOSEPT24!$A$6:$BQ$40,57,0) -> 0 | G12: =SUM(E12:F12) -> 0
A13: AS201605 | B13: =VLOOKUP(A13,[7]LISTADHERENT!A$5:H$50,3,0) -> DJOUKWE NANGUEN GUY BLAISE | C13: =VLOOKUP(A13,[8]HISTOSEPT24!$A$6:$BQ$40,56,0) -> 0 | D13: =VLOOKUP(A13,[8]HISTOSEPT24!$A$6:$BQ$40,57,0) -> 0 | G13: =SUM(E13:F13) -> 0
A14: AS201608 | B14: =VLOOKUP(A14,[7]LISTADHERENT!A$5:H$50,3,0) -> DJUOMBESSY ANTOINE | C14: =VLOOKUP(A14,[8]HISTOSEPT24!$A$6:$BQ$40,56,0) -> 200000 | D14: =VLOOKUP(A14,[8]HISTOSEPT24!$A$6:$BQ$40,57,0) -> OK | G14: =SUM(E14:F14) -> 0
A15: AS201651 | B15: =VLOOKUP(A15,[7]LISTADHERENT!A$5:H$50,3,0) -> DOMOU FABIEN | C15: =VLOOKUP(A15,[8]HISTOSEPT24!$A$6:$BQ$40,56,0) -> 0 | D15: =VLOOKUP(A15,[8]HISTOSEPT24!$A$6:$BQ$40,57,0) -> 0 | G15: =SUM(E15:F15) -> 0
A16: AS201609 | B16: =VLOOKUP(A16,[7]LISTADHERENT!A$5:H$50,3,0) -> DONHOU DAVID | C16: =VLOOKUP(A16,[8]HISTOSEPT24!$A$6:$BQ$40,56,0) -> 0 | D16: =VLOOKUP(A16,[8]HISTOSEPT24!$A$6:$BQ$40,57,0) -> 0 | G16: =SUM(E16:F16) -> 0
A17: AS201611 | B17: =VLOOKUP(A17,[7]LISTADHERENT!A$5:H$50,3,0) -> HENGUE PAUL OMER | C17: =VLOOKUP(A17,[8]HISTOSEPT24!$A$6:$BQ$40,56,0) -> 0 | D17: =VLOOKUP(A17,[8]HISTOSEPT24!$A$6:$BQ$40,57,0) -> 0 | G17: =SUM(E17:F17) -> 0
A18: AS201613 | B18: =VLOOKUP(A18,[7]LISTADHERENT!A$5:H$50,3,0) -> HOTCHO BENJAMIN | C18: =VLOOKUP(A18,[8]HISTOSEPT24!$A$6:$BQ$40,56,0) -> 1180000 | D18: =VLOOKUP(A18,[8]HISTOSEPT24!$A$6:$BQ$40,57,0) -> OK | G18: =SUM(E18:F18) -> 0
A19: AS201617 | B19: =VLOOKUP(A19,[7]LISTADHERENT!A$5:H$50,3,0) -> KOUAMOU MOISE | C19: =VLOOKUP(A19,[8]HISTOSEPT24!$A$6:$BQ$40,56,0) -> 0 | D19: =VLOOKUP(A19,[8]HISTOSEPT24!$A$6:$BQ$40,57,0) -> 0 | G19: =SUM(E19:F19) -> 0
A20: AS201619 | B20: =VLOOKUP(A20,[7]LISTADHERENT!A$5:H$50,3,0) -> KOUATCHO MESSACK | C20: =VLOOKUP(A20,[8]HISTOSEPT24!$A$6:$BQ$40,56,0) -> 0 | D20: =VLOOKUP(A20,[8]HISTOSEPT24!$A$6:$BQ$40,57,0) -> 0 | G20: =SUM(E20:F20) -> 0
... A40: AS201647 | B40: =VLOOKUP(A40,[7]LISTADHERENT!A$5:H$50,3,0) -> YOUMBI EMMANUEL | C40: =VLOOKUP(A40,[8]HISTOSEPT24!$A$6:$BQ$40,56,0) -> 0 | D40: =VLOOKUP(A40,[8]HISTOSEPT24!$A$6:$BQ$40,57,0) -> 0 | G40: =SUM(E40:F40) -> 0
B41: SOLDE AFRIQUE BANQUE | F41: 12881599
B42: TOTAUX | C42: =SUM(C8:C41) -> 7271000 | E42: =SUM(E9:E41) -> 0 | G42: =SUM(G9:G41) -> 0
B44: DIFFERENCE A CHERCHER | C44: =C42-C7 -> 1000
B46: COMPTE BANQUE
B48: LIBELLE
B49: REPORT
B50: TONTINE

Sheet HISTOOCT24
A1: ASSOCIATION | B1: ASELBY
A2: ANNEE | B2: 2024
A5: MATRICULE | B5: NOM ET PRENOM | G5: TOTAUX
C6: MONTANT CHEQUE | D6: NUM CHEQUE | E6: AGIOS | F6: Extrait de compte
B7: CHEQUE ETABLI | C7: 6170500 | E7: 2385
A8: AS201648 | B8: =VLOOKUP(A8,[7]LISTADHERENT!A$5:H$50,3,0) -> ASELBY | C8: =VLOOKUP(A8,[8]HISTOOCT24!$A$6:$BQ$40,56,0) -> 1257000 | D8: =VLOOKUP(A8,[8]HISTOOCT24!$A$6:$BQ$40,57,0) -> 0 | E8: =+[9]HISTOBQUEOCT24!$H$6 -> 0 | G8: =SUM(E8:F8) -> 0
A9: AS201601 | B9: =VLOOKUP(A9,[7]LISTADHERENT!A$5:H$50,3,0) -> BAKOP ACHILLE | C9: =VLOOKUP(A9,[8]HISTOOCT24!$A$6:$BQ$40,56,0) -> 0 | D9: =VLOOKUP(A9,[8]HISTOOCT24!$A$6:$BQ$40,57,0) -> 0 | G9: =SUM(E9:F9) -> 0
A10: AS201602 | B10: =VLOOKUP(A10,[7]LISTADHERENT!A$5:H$50,3,0) -> BOUTCHOUANG WILLIAM | C10: =VLOOKUP(A10,[8]HISTOOCT24!$A$6:$BQ$40,56,0) -> 297500 | D10: =VLOOKUP(A10,[8]HISTOOCT24!$A$6:$BQ$40,57,0) -> OK | G10: =SUM(E10:F10) -> 0
A11: AS201604 | B11: =VLOOKUP(A11,[7]LISTADHERENT!A$5:H$50,3,0) -> DJOMO JEAN PAUL | C11: =VLOOKUP(A11,[8]HISTOOCT24!$A$6:$BQ$40,56,0) -> 1190000 | D11: =VLOOKUP(A11,[8]HISTOOCT24!$A$6:$BQ$40,57,0) -> OK | G11: =SUM(E11:F11) -> 0
A12: AS201654 | B12: =VLOOKUP(A12,[7]LISTADHERENT!A$5:H$50,3,0) -> DJOMOU TCHAPDA | C12: =VLOOKUP(A12,[8]HISTOOCT24!$A$6:$BQ$40,56,0) -> 100000 | D12: =VLOOKUP(A12,[8]HISTOOCT24!$A$6:$BQ$40,57,0) -> OK | G12: =SUM(E12:F12) -> 0
A13: AS201605 | B13: =VLOOKUP(A13,[7]LISTADHERENT!A$5:H$50,3,0) -> DJOUKWE NANGUEN GUY BLAISE | C13: =VLOOKUP(A13,[8]HISTOOCT24!$A$6:$BQ$40,56,0) -> 0 | D13: =VLOOKUP(A13,[8]HISTOOCT24!$A$6:$BQ$40,57,0) -> 0 | G13: =SUM(E13:F13) -> 0
A14: AS201608 | B14: =VLOOKUP(A14,[7]LISTADHERENT!A$5:H$50,3,0) -> DJUOMBESSY ANTOINE | C14: =VLOOKUP(A14,[8]HISTOOCT24!$A$6:$BQ$40,56,0) -> 400000 | D14: =VLOOKUP(A14,[8]HISTOOCT24!$A$6:$BQ$40,57,0) -> OK | G14: =SUM(E14:F14) -> 0
A15: AS201651 | B15: =VLOOKUP(A15,[7]LISTADHERENT!A$5:H$50,3,0) -> DOMOU FABIEN | C15: =VLOOKUP(A15,[8]HISTOOCT24!$A$6:$BQ$40,56,0) -> 0 | D15: =VLOOKUP(A15,[8]HISTOOCT24!$A$6:$BQ$40,57,0) -> 0 | G15: =SUM(E15:F15) -> 0
A16: AS201609 | B16: =VLOOKUP(A16,[7]LISTADHERENT!A$5:H$50,3,0) -> DONHOU DAVID | C16: =VLOOKUP(A16,[8]HISTOOCT24!$A$6:$BQ$40,56,0) -> 0 | D16: =VLOOKUP(A16,[8]HISTOOCT24!$A$6:$BQ$40,57,0) -> 0 | G16: =SUM(E16:F16) -> 0
A17: AS201611 | B17: =VLOOKUP(A17,[7]LISTADHERENT!A$5:H$50,3,0) -> HENGUE PAUL OMER | C17: =VLOOKUP(A17,[8]HISTOOCT24!$A$6:$BQ$40,56,0) -> 0 | D17: =VLOOKUP(A17,[8]HISTOOCT24!$A$6:$BQ$40,57,0) -> 0 | G17: =SUM(E17:F17) -> 0
A18: AS201613 | B18: =VLOOKUP(A18,[7]LISTADHERENT!A$5:H$50,3,0) -> HOTCHO BENJAMIN | C18: =VLOOKUP(A18,[8]HISTOOCT24!$A$6:$BQ$40,56,0) -> 300000 | D18: =VLOOKUP(A18,[8]HISTOOCT24!$A$6:$BQ$40,57,0) -> OK | G18: =SUM(E18:F18) -> 0
A19: AS201617 | B19: =VLOOKUP(A19,[7]LISTADHERENT!A$5:H$50,3,0) -> KOUAMOU MOISE | C19: =VLOOKUP(A19,[8]HISTOOCT24!$A$6:$BQ$40,56,0) -> 50000 | D19: =VLOOKUP(A19,[8]HISTOOCT24!$A$6:$BQ$40,57,0) -> OK | G19: =SUM(E19:F19) -> 0
A20: AS201619 | B20: =VLOOKUP(A20,[7]LISTADHERENT!A$5:H$50,3,0) -> KOUATCHO MESSACK | C20: =VLOOKUP(A20,[8]HISTOOCT24!$A$6:$BQ$40,56,0) -> 0 | D20: =VLOOKUP(A20,[8]HISTOOCT24!$A$6:$BQ$40,57,0) -> 0 | G20: =SUM(E20:F20) -> 0
... A40: AS201647 | B40: =VLOOKUP(A40,[7]LISTADHERENT!A$5:H$50,3,0) -> YOUMBI EMMANUEL | C40: =VLOOKUP(A40,[8]HISTOOCT24!$A$6:$BQ$40,56,0) -> 1190000 | D40: =VLOOKUP(A40,[8]HISTOOCT24!$A$6:$BQ$40,57,0) -> OK | G40: =SUM(E40:F40) -> 0
B41: SOLDE AFRIQUE BANQUE | F41: 11518214
B42: TOTAUX | C42: =SUM(C8:C41) -> 6170500 | E42: =SUM(E9:E41) -> 0 | G42: =SUM(G9:G41) -> 0
B44: DIFFERENCE A CHERCHER | C44: =C42-C7 -> 0
B46: COMPTE BANQUE
B48: LIBELLE
B49: REPORT
B50: TONTINE

Sheet HISTONOV24
A1: ASSOCIATION | B1: ASELBY
A2: ANNEE | B2: 2024
A5: MATRICULE | B5: NOM ET PRENOM | G5: TOTAUX
C6: MONTANT CHEQUE | D6: NUM CHEQUE | E6: AGIOS | F6: Extrait de compte
B7: CHEQUE ETABLI | C7: 4933000
A8: AS201648 | B8: =VLOOKUP(A8,[7]LISTADHERENT!A$5:H$50,3,0) -> ASELBY | C8: =VLOOKUP(A8,[8]HISTONOV24!$A$6:$BQ$40,56,0) -> 156000 | D8: =VLOOKUP(A8,[8]HISTONOV24!$A$6:$BQ$40,57,0) -> 0 | E8: =+[9]HISTOBQUENOV24!$H$6 -> 2385 | G8: =SUM(E8:F8) -> 2385
A9: AS201601 | B9: =VLOOKUP(A9,[7]LISTADHERENT!A$5:H$50,3,0) -> BAKOP ACHILLE | C9: =VLOOKUP(A9,[8]HISTONOV24!$A$6:$BQ$40,56,0) -> 0 | D9: =VLOOKUP(A9,[8]HISTONOV24!$A$6:$BQ$40,57,0) -> 0 | G9: =SUM(E9:F9) -> 0
A10: AS201602 | B10: =VLOOKUP(A10,[7]LISTADHERENT!A$5:H$50,3,0) -> BOUTCHOUANG WILLIAM | C10: =VLOOKUP(A10,[8]HISTONOV24!$A$6:$BQ$40,56,0) -> 0 | D10: =VLOOKUP(A10,[8]HISTONOV24!$A$6:$BQ$40,57,0) -> 0 | G10: =SUM(E10:F10) -> 0
A11: AS201604 | B11: =VLOOKUP(A11,[7]LISTADHERENT!A$5:H$50,3,0) -> DJOMO JEAN PAUL | C11: =VLOOKUP(A11,[8]HISTONOV24!$A$6:$BQ$40,56,0) -> 0 | D11: =VLOOKUP(A11,[8]HISTONOV24!$A$6:$BQ$40,57,0) -> 0 | G11: =SUM(E11:F11) -> 0
A12: AS201654 | B12: =VLOOKUP(A12,[7]LISTADHERENT!A$5:H$50,3,0) -> DJOMOU TCHAPDA | C12: =VLOOKUP(A12,[8]HISTONOV24!$A$6:$BQ$40,56,0) -> 190000 | D12: =VLOOKUP(A12,[8]HISTONOV24!$A$6:$BQ$40,57,0) -> OK | G12: =SUM(E12:F12) -> 0
A13: AS201605 | B13: =VLOOKUP(A13,[7]LISTADHERENT!A$5:H$50,3,0) -> DJOUKWE NANGUEN GUY BLAISE | C13: =VLOOKUP(A13,[8]HISTONOV24!$A$6:$BQ$40,56,0) -> 0 | D13: =VLOOKUP(A13,[8]HISTONOV24!$A$6:$BQ$40,57,0) -> 0 | G13: =SUM(E13:F13) -> 0
A14: AS201608 | B14: =VLOOKUP(A14,[7]LISTADHERENT!A$5:H$50,3,0) -> DJUOMBESSY ANTOINE | C14: =VLOOKUP(A14,[8]HISTONOV24!$A$6:$BQ$40,56,0) -> 600500 | D14: =VLOOKUP(A14,[8]HISTONOV24!$A$6:$BQ$40,57,0) -> OK | G14: =SUM(E14:F14) -> 0
A15: AS201651 | B15: =VLOOKUP(A15,[7]LISTADHERENT!A$5:H$50,3,0) -> DOMOU FABIEN | C15: =VLOOKUP(A15,[8]HISTONOV24!$A$6:$BQ$40,56,0) -> 0 | D15: =VLOOKUP(A15,[8]HISTONOV24!$A$6:$BQ$40,57,0) -> 0 | G15: =SUM(E15:F15) -> 0
A16: AS201609 | B16: =VLOOKUP(A16,[7]LISTADHERENT!A$5:H$50,3,0) -> DONHOU DAVID | C16: =VLOOKUP(A16,[8]HISTONOV24!$A$6:$BQ$40,56,0) -> 297500 | D16: =VLOOKUP(A16,[8]HISTONOV24!$A$6:$BQ$40,57,0) -> OK | G16: =SUM(E16:F16) -> 0
A17: AS201611 | B17: =VLOOKUP(A17,[7]LISTADHERENT!A$5:H$50,3,0) -> HENGUE PAUL OMER | C17: =VLOOKUP(A17,[8]HISTONOV24!$A$6:$BQ$40,56,0) -> 0 | D17: =VLOOKUP(A17,[8]HISTONOV24!$A$6:$BQ$40,57,0) -> 0 | G17: =SUM(E17:F17) -> 0
A18: AS201613 | B18: =VLOOKUP(A18,[7]LISTADHERENT!A$5:H$50,3,0) -> HOTCHO BENJAMIN | C18: =VLOOKUP(A18,[8]HISTONOV24!$A$6:$BQ$40,56,0) -> 400000 | D18: =VLOOKUP(A18,[8]HISTONOV24!$A$6:$BQ$40,57,0) -> OK | G18: =SUM(E18:F18) -> 0
A19: AS201617 | B19: =VLOOKUP(A19,[7]LISTADHERENT!A$5:H$50,3,0) -> KOUAMOU MOISE | C19: =VLOOKUP(A19,[8]HISTONOV24!$A$6:$BQ$40,56,0) -> 0 | D19: =VLOOKUP(A19,[8]HISTONOV24!$A$6:$BQ$40,57,0) -> 0 | G19: =SUM(E19:F19) -> 0
A20: AS201619 | B20: =VLOOKUP(A20,[7]LISTADHERENT!A$5:H$50,3,0) -> KOUATCHO MESSACK | C20: =VLOOKUP(A20,[8]HISTONOV24!$A$6:$BQ$40,56,0) -> 0 | D20: =VLOOKUP(A20,[8]HISTONOV24!$A$6:$BQ$40,57,0) -> 0 | G20: =SUM(E20:F20) -> 0
... A40: AS201647 | B40: =VLOOKUP(A40,[7]LISTADHERENT!A$5:H$50,3,0) -> YOUMBI EMMANUEL | C40: =VLOOKUP(A40,[8]HISTONOV24!$A$6:$BQ$40,56,0) -> 0 | D40: =VLOOKUP(A40,[8]HISTONOV24!$A$6:$BQ$40,57,0) -> 0 | G40: =SUM(E40:F40) -> 0
B41: SOLDE AFRIQUE BANQUE | F41: 12310829
B42: TOTAUX | C42: =SUM(C8:C41) -> 4933000 | E42: =SUM(E9:E41) -> 0 | G42: =SUM(G9:G41) -> 0
B44: DIFFERENCE A CHERCHER | C44: =C42-C7 -> 0
B46: COMPTE BANQUE
B48: LIBELLE
B49: REPORT
B50: TONTINE

Sheet HISTODEC24
A1: ASSOCIATION | B1: ASELBY
A2: ANNEE | B2: 2024
A5: MATRICULE | B5: NOM ET PRENOM | G5: TOTAUX
C6: MONTANT CHEQUE | D6: NUM CHEQUE | E6: AGIOS | F6: Extrait de compte
B7: CHEQUE ETABLI | C7: 4933000
A8: AS201648 | B8: =VLOOKUP(A8,[7]LISTADHERENT!A$5:H$50,3,0) -> ASELBY | C8: =VLOOKUP(A8,[8]HISTODEC24!$A$6:$BQ$40,56,0) -> 5026618 | D8: =VLOOKUP(A8,[8]HISTODEC24!$A$6:$BQ$40,57,0) -> 0 | E8: =+[9]HISTOBQUEDEC24!$H$6 -> 2385 | G8: =SUM(E8:F8) -> 2385
A9: AS201601 | B9: =VLOOKUP(A9,[7]LISTADHERENT!A$5:H$50,3,0) -> BAKOP ACHILLE | C9: =VLOOKUP(A9,[8]HISTODEC24!$A$6:$BQ$40,56,0) -> 0 | D9: =VLOOKUP(A9,[8]HISTODEC24!$A$6:$BQ$40,57,0) -> 0 | G9: =SUM(E9:F9) -> 0
A10: AS201602 | B10: =VLOOKUP(A10,[7]LISTADHERENT!A$5:H$50,3,0) -> BOUTCHOUANG WILLIAM | C10: =VLOOKUP(A10,[8]HISTODEC24!$A$6:$BQ$40,56,0) -> 0 | D10: =VLOOKUP(A10,[8]HISTODEC24!$A$6:$BQ$40,57,0) -> 0 | G10: =SUM(E10:F10) -> 0
A11: AS201604 | B11: =VLOOKUP(A11,[7]LISTADHERENT!A$5:H$50,3,0) -> DJOMO JEAN PAUL | C11: =VLOOKUP(A11,[8]HISTODEC24!$A$6:$BQ$40,56,0) -> 0 | D11: =VLOOKUP(A11,[8]HISTODEC24!$A$6:$BQ$40,57,0) -> 0 | G11: =SUM(E11:F11) -> 0
A12: AS201654 | B12: =VLOOKUP(A12,[7]LISTADHERENT!A$5:H$50,3,0) -> DJOMOU TCHAPDA | C12: =VLOOKUP(A12,[8]HISTODEC24!$A$6:$BQ$40,56,0) -> 880000 | D12: =VLOOKUP(A12,[8]HISTODEC24!$A$6:$BQ$40,57,0) -> OK | G12: =SUM(E12:F12) -> 0
A13: AS201605 | B13: =VLOOKUP(A13,[7]LISTADHERENT!A$5:H$50,3,0) -> DJOUKWE NANGUEN GUY BLAISE | C13: =VLOOKUP(A13,[8]HISTODEC24!$A$6:$BQ$40,56,0) -> 0 | D13: =VLOOKUP(A13,[8]HISTODEC24!$A$6:$BQ$40,57,0) -> 0 | G13: =SUM(E13:F13) -> 0
A14: AS201608 | B14: =VLOOKUP(A14,[7]LISTADHERENT!A$5:H$50,3,0) -> DJUOMBESSY ANTOINE | C14: =VLOOKUP(A14,[8]HISTODEC24!$A$6:$BQ$40,56,0) -> 0 | D14: =VLOOKUP(A14,[8]HISTODEC24!$A$6:$BQ$40,57,0) -> 0 | G14: =SUM(E14:F14) -> 0
A15: AS201651 | B15: =VLOOKUP(A15,[7]LISTADHERENT!A$5:H$50,3,0) -> DOMOU FABIEN | C15: =VLOOKUP(A15,[8]HISTODEC24!$A$6:$BQ$40,56,0) -> 0 | D15: =VLOOKUP(A15,[8]HISTODEC24!$A$6:$BQ$40,57,0) -> 0 | G15: =SUM(E15:F15) -> 0
A16: AS201609 | B16: =VLOOKUP(A16,[7]LISTADHERENT!A$5:H$50,3,0) -> DONHOU DAVID | C16: =VLOOKUP(A16,[8]HISTODEC24!$A$6:$BQ$40,56,0) -> 0 | D16: =VLOOKUP(A16,[8]HISTODEC24!$A$6:$BQ$40,57,0) -> 0 | G16: =SUM(E16:F16) -> 0
A17: AS201611 | B17: =VLOOKUP(A17,[7]LISTADHERENT!A$5:H$50,3,0) -> HENGUE PAUL OMER | C17: =VLOOKUP(A17,[8]HISTODEC24!$A$6:$BQ$40,56,0) -> 0 | D17: =VLOOKUP(A17,[8]HISTODEC24!$A$6:$BQ$40,57,0) -> 0 | G17: =SUM(E17:F17) -> 0
A18: AS201613 | B18: =VLOOKUP(A18,[7]LISTADHERENT!A$5:H$50,3,0) -> HOTCHO BENJAMIN | C18: =VLOOKUP(A18,[8]HISTODEC24!$A$6:$BQ$40,56,0) -> 0 | D18: =VLOOKUP(A18,[8]HISTODEC24!$A$6:$BQ$40,57,0) -> 0 | G18: =SUM(E18:F18) -> 0
A19: AS201617 | B19: =VLOOKUP(A19,[7]LISTADHERENT!A$5:H$50,3,0) -> KOUAMOU MOISE | C19: =VLOOKUP(A19,[8]HISTODEC24!$A$6:$BQ$40,56,0) -> 0 | D19: =VLOOKUP(A19,[8]HISTODEC24!$A$6:$BQ$40,57,0) -> 0 | G19: =SUM(E19:F19) -> 0
A20: AS201619 | B20: =VLOOKUP(A20,[7]LISTADHERENT!A$5:H$50,3,0) -> KOUATCHO MESSACK | C20: =VLOOKUP(A20,[8]HISTODEC24!$A$6:$BQ$40,56,0) -> 880000 | D20: =VLOOKUP(A20,[8]HISTODEC24!$A$6:$BQ$40,57,0) -> OK | G20: =SUM(E20:F20) -> 0
... A40: AS201647 | B40: =VLOOKUP(A40,[7]LISTADHERENT!A$5:H$50,3,0) -> YOUMBI EMMANUEL | C40: =VLOOKUP(A40,[8]HISTODEC24!$A$6:$BQ$40,56,0) -> 0 | D40: =VLOOKUP(A40,[8]HISTODEC24!$A$6:$BQ$40,57,0) -> 0 | G40: =SUM(E40:F40) -> 0
B41: SOLDE AFRIQUE BANQUE | F41: 17320444
B42: TOTAUX | C42: =SUM(C8:C41) -> 12394118 | E42: =SUM(E9:E41) -> 0 | G42: =SUM(G9:G41) -> 0
B44: DIFFERENCE A CHERCHER | C44: =C42-C7 -> 7461118
B46: COMPTE BANQUE
B48: LIBELLE
B49: REPORT
B50: TONTINE

Sheet HISTORESUME24
A1: ASSOCIATION | B1: ASELBY
A2: ANNEE | B2: 2024
A5: MATRICULE | B5: NOM ET PRENOM | G5: TOTAUX
C6: MONTANT CHEQUE | D6: NUM CHEQUE | E6: AGIOS | F6: Extrait de compte
B7: CHEQUE ETABLI | C7: =+HISTOJANV24!C7+HISTOFEV24!C7+HISTOMARS24!C7+HISTOAVRIL24!C7+HISTOMAI24!C7+HISTOJUIN24!C7+HISTOJUIL24!C7+HISTOAOUT24!C7+HISTOSEPT24!C7+HISTOOCT24!C7+HISTONOV24!C7+HISTODEC24!C7 -> 56169300
A8: AS201648 | B8: =VLOOKUP(A8,[7]LISTADHERENT!A$5:H$50,3,0) -> ASELBY | C8: =+HISTOJANV24!C8+HISTOFEV24!C8+HISTOMARS24!C8+HISTOAVRIL24!C8+HISTOMAI24!C8+HISTOJUIN24!C8+HISTOJUIL24!C8+HISTOAOUT24!C8+HISTOSEPT24!C8+HISTOOCT24!C8+HISTONOV24!C8+HISTODEC24!C8 -> 7209618 | E8: =+HISTOJANV24!E8+HISTOFEV24!E8+HISTOMARS24!E8+HISTOAVRIL24!E8+HISTOMAI24!E8+HISTOJUIN24!E8+HISTOJUIL24!E8+HISTOAOUT24!E8+HISTOSEPT24!E8+HISTOOCT24!E8+HISTONOV24!E8+HISTODEC24!E8 -> 22659 | G8: =SUM(E8:F8) -> 22659
A9: AS201601 | B9: =VLOOKUP(A9,[7]LISTADHERENT!A$5:H$50,3,0) -> BAKOP ACHILLE | C9: =+HISTOJANV24!C9+HISTOFEV24!C9+HISTOMARS24!C9+HISTOAVRIL24!C9+HISTOMAI24!C9+HISTOJUIN24!C9+HISTOJUIL24!C9+HISTOAOUT24!C9+HISTOSEPT24!C9+HISTOOCT24!C9+HISTONOV24!C9+HISTODEC24!C9 -> 397000 | G9: =SUM(E9:F9) -> 0
A10: AS201602 | B10: =VLOOKUP(A10,[7]LISTADHERENT!A$5:H$50,3,0) -> BOUTCHOUANG WILLIAM | C10: =+HISTOJANV24!C10+HISTOFEV24!C10+HISTOMARS24!C10+HISTOAVRIL24!C10+HISTOMAI24!C10+HISTOJUIN24!C10+HISTOJUIL24!C10+HISTOAOUT24!C10+HISTOSEPT24!C10+HISTOOCT24!C10+HISTONOV24!C10+HISTODEC24!C10 -> 1177750 | G10: =SUM(E10:F10) -> 0
A11: AS201604 | B11: =VLOOKUP(A11,[7]LISTADHERENT!A$5:H$50,3,0) -> DJOMO JEAN PAUL | C11: =+HISTOJANV24!C11+HISTOFEV24!C11+HISTOMARS24!C11+HISTOAVRIL24!C11+HISTOMAI24!C11+HISTOJUIN24!C11+HISTOJUIL24!C11+HISTOAOUT24!C11+HISTOSEPT24!C11+HISTOOCT24!C11+HISTONOV24!C11+HISTODEC24!C11 -> 2280500 | G11: =SUM(E11:F11) -> 0
A12: AS201654 | B12: =VLOOKUP(A12,[7]LISTADHERENT!A$5:H$50,3,0) -> DJOMOU TCHAPDA | C12: =+HISTOJANV24!C12+HISTOFEV24!C12+HISTOMARS24!C12+HISTOAVRIL24!C12+HISTOMAI24!C12+HISTOJUIN24!C12+HISTOJUIL24!C12+HISTOAOUT24!C12+HISTOSEPT24!C12+HISTOOCT24!C12+HISTONOV24!C12+HISTODEC24!C12 -> 2561000 | G12: =SUM(E12:F12) -> 0
A13: AS201605 | B13: =VLOOKUP(A13,[7]LISTADHERENT!A$5:H$50,3,0) -> DJOUKWE NANGUEN GUY BLAISE | C13: =+HISTOJANV24!C13+HISTOFEV24!C13+HISTOMARS24!C13+HISTOAVRIL24!C13+HISTOMAI24!C13+HISTOJUIN24!C13+HISTOJUIL24!C13+HISTOAOUT24!C13+HISTOSEPT24!C13+HISTOOCT24!C13+HISTONOV24!C13+HISTODEC24!C13 -> 1027000 | G13: =SUM(E13:F13) -> 0
A14: AS201608 | B14: =VLOOKUP(A14,[7]LISTADHERENT!A$5:H$50,3,0) -> DJUOMBESSY ANTOINE | C14: =+HISTOJANV24!C14+HISTOFEV24!C14+HISTOMARS24!C14+HISTOAVRIL24!C14+HISTOMAI24!C14+HISTOJUIN24!C14+HISTOJUIL24!C14+HISTOAOUT24!C14+HISTOSEPT24!C14+HISTOOCT24!C14+HISTONOV24!C14+HISTODEC24!C14 -> 5086800 | G14: =SUM(E14:F14) -> 0
A15: AS201651 | B15: =VLOOKUP(A15,[7]LISTADHERENT!A$5:H$50,3,0) -> DOMOU FABIEN | C15: =+HISTOJANV24!C15+HISTOFEV24!C15+HISTOMARS24!C15+HISTOAVRIL24!C15+HISTOMAI24!C15+HISTOJUIN24!C15+HISTOJUIL24!C15+HISTOAOUT24!C15+HISTOSEPT24!C15+HISTOOCT24!C15+HISTONOV24!C15+HISTODEC24!C15 -> 197500 | G15: =SUM(E15:F15) -> 0
A16: AS201609 | B16: =VLOOKUP(A16,[7]LISTADHERENT!A$5:H$50,3,0) -> DONHOU DAVID | C16: =+HISTOJANV24!C16+HISTOFEV24!C16+HISTOMARS24!C16+HISTOAVRIL24!C16+HISTOMAI24!C16+HISTOJUIN24!C16+HISTOJUIL24!C16+HISTOAOUT24!C16+HISTOSEPT24!C16+HISTOOCT24!C16+HISTONOV24!C16+HISTODEC24!C16 -> 297500 | G16: =SUM(E16:F16) -> 0
A17: AS201611 | B17: =VLOOKUP(A17,[7]LISTADHERENT!A$5:H$50,3,0) -> HENGUE PAUL OMER | C17: =+HISTOJANV24!C17+HISTOFEV24!C17+HISTOMARS24!C17+HISTOAVRIL24!C17+HISTOMAI24!C17+HISTOJUIN24!C17+HISTOJUIL24!C17+HISTOAOUT24!C17+HISTOSEPT24!C17+HISTOOCT24!C17+HISTONOV24!C17+HISTODEC24!C17 -> 2112500 | G17: =SUM(E17:F17) -> 0
A18: AS201613 | B18: =VLOOKUP(A18,[7]LISTADHERENT!A$5:H$50,3,0) -> HOTCHO BENJAMIN | C18: =+HISTOJANV24!C18+HISTOFEV24!C18+HISTOMARS24!C18+HISTOAVRIL24!C18+HISTOMAI24!C18+HISTOJUIN24!C18+HISTOJUIL24!C18+HISTOAOUT24!C18+HISTOSEPT24!C18+HISTOOCT24!C18+HISTONOV24!C18+HISTODEC24!C18 -> 4545500 | G18: =SUM(E18:F18) -> 0
A19: AS201617 | B19: =VLOOKUP(A19,[7]LISTADHERENT!A$5:H$50,3,0) -> KOUAMOU MOISE | C19: =+HISTOJANV24!C19+HISTOFEV24!C19+HISTOMARS24!C19+HISTOAVRIL24!C19+HISTOMAI24!C19+HISTOJUIN24!C19+HISTOJUIL24!C19+HISTOAOUT24!C19+HISTOSEPT24!C19+HISTOOCT24!C19+HISTONOV24!C19+HISTODEC24!C19 -> 2343000 | G19: =SUM(E19:F19) -> 0
A20: AS201619 | B20: =VLOOKUP(A20,[7]LISTADHERENT!A$5:H$50,3,0) -> KOUATCHO MESSACK | C20: =+HISTOJANV24!C20+HISTOFEV24!C20+HISTOMARS24!C20+HISTOAVRIL24!C20+HISTOMAI24!C20+HISTOJUIN24!C20+HISTOJUIL24!C20+HISTOAOUT24!C20+HISTOSEPT24!C20+HISTOOCT24!C20+HISTONOV24!C20+HISTODEC24!C20 -> 3127000 | G20: =SUM(E20:F20) -> 0
... A40: AS201647 | B40: =VLOOKUP(A40,[7]LISTADHERENT!A$5:H$50,3,0) -> YOUMBI EMMANUEL | C40: =+HISTOJANV24!C40+HISTOFEV24!C40+HISTOMARS24!C40+HISTOAVRIL24!C40+HISTOMAI24!C40+HISTOJUIN24!C40+HISTOJUIL24!C40+HISTOAOUT24!C40+HISTOSEPT24!C40+HISTOOCT24!C40+HISTONOV24!C40+HISTODEC24!C40 -> 1290000 | G40: =SUM(E40:F40) -> 0
B42: TOTAUX | C42: =SUM(C8:C41) -> 70151668 | E42: =SUM(E9:E41) -> 0 | G42: =SUM(G9:G41) -> 0
B44: DIFFERENCE A CHERCHER | C44: =C42-C7 -> 13982368
B46: COMPTE BANQUE
B48: LIBELLE
B49: REPORT
B50: TONTINE
